#VRML V2.0 utf8

Shape {
  appearance Appearance {
    material Material {
      diffuseColor 0.7529 0.7529 0.7529
      specularColor 0.3765 0.3765 0.3765
      ambientIntensity 0.2
      transparency 0.0000
      shininess 0.5
    }
  }
  geometry IndexedFaceSet {
    ccw TRUE
    solid FALSE
    coord DEF co Coordinate {
      point [
        -3.562992 -1.326772 0.019685,
        -3.562992 -1.326772 -0.019685,
        -3.523622 -1.326772 0.019685,
        -3.523622 -1.326772 -0.019685,
        -3.562992 -1.114164 0.019685,
        -3.523622 -1.114164 0.019685,
        -3.562992 -0.941433 2.801961,
        -3.523622 -0.941433 2.801961,
        -3.562992 -0.353004 2.868867,
        -3.523622 -0.353004 2.868867,
        -3.562992 -1.012904 -0.000000,
        -3.523622 -1.012904 -0.000000,
        -3.562992 -1.042137 -0.019685,
        -3.523622 -1.042137 -0.019685,
        -3.366142 -1.326772 0.019685,
        -3.366142 -1.326772 -0.019685,
        -3.326772 -1.326772 0.019685,
        -3.326772 -1.326772 -0.019685,
        -3.366142 -1.114164 0.019685,
        -3.326772 -1.114164 0.019685,
        -3.366142 -0.941433 2.801961,
        -3.326772 -0.941433 2.801961,
        -3.366142 -0.353004 2.868867,
        -3.326772 -0.353004 2.868867,
        -3.366142 -1.012904 -0.000000,
        -3.326772 -1.012904 -0.000000,
        -3.366142 -1.042137 -0.019685,
        -3.326772 -1.042137 -0.019685,
        -3.169291 -1.326772 0.019685,
        -3.169291 -1.326772 -0.019685,
        -3.129921 -1.326772 0.019685,
        -3.129921 -1.326772 -0.019685,
        -3.169291 -1.114164 0.019685,
        -3.129921 -1.114164 0.019685,
        -3.169291 -0.941433 2.801961,
        -3.129921 -0.941433 2.801961,
        -3.169291 -0.353004 2.868867,
        -3.129921 -0.353004 2.868867,
        -3.169291 -1.012904 -0.000000,
        -3.129921 -1.012904 -0.000000,
        -3.169291 -1.042137 -0.019685,
        -3.129921 -1.042137 -0.019685,
        -2.972441 -1.326772 0.019685,
        -2.972441 -1.326772 -0.019685,
        -2.933071 -1.326772 0.019685,
        -2.933071 -1.326772 -0.019685,
        -2.972441 -1.114164 0.019685,
        -2.933071 -1.114164 0.019685,
        -2.972441 -0.941433 2.801961,
        -2.933071 -0.941433 2.801961,
        -2.972441 -0.353004 2.868867,
        -2.933071 -0.353004 2.868867,
        -2.972441 -1.012904 -0.000000,
        -2.933071 -1.012904 -0.000000,
        -2.972441 -1.042137 -0.019685,
        -2.933071 -1.042137 -0.019685,
        -2.775591 -1.326772 0.019685,
        -2.775591 -1.326772 -0.019685,
        -2.736220 -1.326772 0.019685,
        -2.736220 -1.326772 -0.019685,
        -2.775591 -1.114164 0.019685,
        -2.736220 -1.114164 0.019685,
        -2.775591 -0.941433 2.801961,
        -2.736220 -0.941433 2.801961,
        -2.775591 -0.353004 2.868867,
        -2.736220 -0.353004 2.868867,
        -2.775591 -1.012904 -0.000000,
        -2.736220 -1.012904 -0.000000,
        -2.775591 -1.042137 -0.019685,
        -2.736220 -1.042137 -0.019685,
        -2.578740 -1.326772 0.019685,
        -2.578740 -1.326772 -0.019685,
        -2.539370 -1.326772 0.019685,
        -2.539370 -1.326772 -0.019685,
        -2.578740 -1.114164 0.019685,
        -2.539370 -1.114164 0.019685,
        -2.578740 -0.941433 2.801961,
        -2.539370 -0.941433 2.801961,
        -2.578740 -0.353004 2.868867,
        -2.539370 -0.353004 2.868867,
        -2.578740 -1.012904 -0.000000,
        -2.539370 -1.012904 -0.000000,
        -2.578740 -1.042137 -0.019685,
        -2.539370 -1.042137 -0.019685,
        -2.381890 -1.326772 0.019685,
        -2.381890 -1.326772 -0.019685,
        -2.342520 -1.326772 0.019685,
        -2.342520 -1.326772 -0.019685,
        -2.381890 -1.114164 0.019685,
        -2.342520 -1.114164 0.019685,
        -2.381890 -0.941433 2.801961,
        -2.342520 -0.941433 2.801961,
        -2.381890 -0.353004 2.868867,
        -2.342520 -0.353004 2.868867,
        -2.381890 -1.012904 -0.000000,
        -2.342520 -1.012904 -0.000000,
        -2.381890 -1.042137 -0.019685,
        -2.342520 -1.042137 -0.019685,
        -2.185039 -1.326772 0.019685,
        -2.185039 -1.326772 -0.019685,
        -2.145669 -1.326772 0.019685,
        -2.145669 -1.326772 -0.019685,
        -2.185039 -1.114164 0.019685,
        -2.145669 -1.114164 0.019685,
        -2.185039 -0.941433 2.801961,
        -2.145669 -0.941433 2.801961,
        -2.185039 -0.353004 2.868867,
        -2.145669 -0.353004 2.868867,
        -2.185039 -1.012904 -0.000000,
        -2.145669 -1.012904 -0.000000,
        -2.185039 -1.042137 -0.019685,
        -2.145669 -1.042137 -0.019685,
        -1.988189 -1.326772 0.019685,
        -1.988189 -1.326772 -0.019685,
        -1.948819 -1.326772 0.019685,
        -1.948819 -1.326772 -0.019685,
        -1.988189 -1.114164 0.019685,
        -1.948819 -1.114164 0.019685,
        -1.988189 -0.941433 2.801961,
        -1.948819 -0.941433 2.801961,
        -1.988189 -0.353004 2.868867,
        -1.948819 -0.353004 2.868867,
        -1.988189 -1.012904 -0.000000,
        -1.948819 -1.012904 -0.000000,
        -1.988189 -1.042137 -0.019685,
        -1.948819 -1.042137 -0.019685,
        -1.791339 -1.326772 0.019685,
        -1.791339 -1.326772 -0.019685,
        -1.751969 -1.326772 0.019685,
        -1.751969 -1.326772 -0.019685,
        -1.791339 -1.114164 0.019685,
        -1.751969 -1.114164 0.019685,
        -1.791339 -0.941433 2.801961,
        -1.751969 -0.941433 2.801961,
        -1.791339 -0.353004 2.868867,
        -1.751969 -0.353004 2.868867,
        -1.791339 -1.012904 -0.000000,
        -1.751969 -1.012904 -0.000000,
        -1.791339 -1.042137 -0.019685,
        -1.751969 -1.042137 -0.019685,
        -1.594488 -1.326772 0.019685,
        -1.594488 -1.326772 -0.019685,
        -1.555118 -1.326772 0.019685,
        -1.555118 -1.326772 -0.019685,
        -1.594488 -1.114164 0.019685,
        -1.555118 -1.114164 0.019685,
        -1.594488 -0.941433 2.801961,
        -1.555118 -0.941433 2.801961,
        -1.594488 -0.353004 2.868867,
        -1.555118 -0.353004 2.868867,
        -1.594488 -1.012904 -0.000000,
        -1.555118 -1.012904 -0.000000,
        -1.594488 -1.042137 -0.019685,
        -1.555118 -1.042137 -0.019685,
        -1.397638 -1.326772 0.019685,
        -1.397638 -1.326772 -0.019685,
        -1.358268 -1.326772 0.019685,
        -1.358268 -1.326772 -0.019685,
        -1.397638 -1.114164 0.019685,
        -1.358268 -1.114164 0.019685,
        -1.397638 -0.941433 2.801961,
        -1.358268 -0.941433 2.801961,
        -1.397638 -0.353004 2.868867,
        -1.358268 -0.353004 2.868867,
        -1.397638 -1.012904 -0.000000,
        -1.358268 -1.012904 -0.000000,
        -1.397638 -1.042137 -0.019685,
        -1.358268 -1.042137 -0.019685,
        -1.200787 -1.326772 0.019685,
        -1.200787 -1.326772 -0.019685,
        -1.161417 -1.326772 0.019685,
        -1.161417 -1.326772 -0.019685,
        -1.200787 -1.114164 0.019685,
        -1.161417 -1.114164 0.019685,
        -1.200787 -0.941433 2.801961,
        -1.161417 -0.941433 2.801961,
        -1.200787 -0.353004 2.868867,
        -1.161417 -0.353004 2.868867,
        -1.200787 -1.012904 -0.000000,
        -1.161417 -1.012904 -0.000000,
        -1.200787 -1.042137 -0.019685,
        -1.161417 -1.042137 -0.019685,
        -1.003937 -1.326772 0.019685,
        -1.003937 -1.326772 -0.019685,
        -0.964567 -1.326772 0.019685,
        -0.964567 -1.326772 -0.019685,
        -1.003937 -1.114164 0.019685,
        -0.964567 -1.114164 0.019685,
        -1.003937 -0.941433 2.801961,
        -0.964567 -0.941433 2.801961,
        -1.003937 -0.353004 2.868867,
        -0.964567 -0.353004 2.868867,
        -1.003937 -1.012904 -0.000000,
        -0.964567 -1.012904 -0.000000,
        -1.003937 -1.042137 -0.019685,
        -0.964567 -1.042137 -0.019685,
        -0.807087 -1.326772 0.019685,
        -0.807087 -1.326772 -0.019685,
        -0.767717 -1.326772 0.019685,
        -0.767717 -1.326772 -0.019685,
        -0.807087 -1.114164 0.019685,
        -0.767717 -1.114164 0.019685,
        -0.807087 -0.941433 2.801961,
        -0.767717 -0.941433 2.801961,
        -0.807087 -0.353004 2.868867,
        -0.767717 -0.353004 2.868867,
        -0.807087 -1.012904 -0.000000,
        -0.767717 -1.012904 -0.000000,
        -0.807087 -1.042137 -0.019685,
        -0.767717 -1.042137 -0.019685,
        -0.610236 -1.326772 0.019685,
        -0.610236 -1.326772 -0.019685,
        -0.570866 -1.326772 0.019685,
        -0.570866 -1.326772 -0.019685,
        -0.610236 -1.114164 0.019685,
        -0.570866 -1.114164 0.019685,
        -0.610236 -0.941433 2.801961,
        -0.570866 -0.941433 2.801961,
        -0.610236 -0.353004 2.868867,
        -0.570866 -0.353004 2.868867,
        -0.610236 -1.012904 -0.000000,
        -0.570866 -1.012904 -0.000000,
        -0.610236 -1.042137 -0.019685,
        -0.570866 -1.042137 -0.019685,
        -0.413386 -1.326772 0.019685,
        -0.413386 -1.326772 -0.019685,
        -0.374016 -1.326772 0.019685,
        -0.374016 -1.326772 -0.019685,
        -0.413386 -1.114164 0.019685,
        -0.374016 -1.114164 0.019685,
        -0.413386 -0.941433 2.801961,
        -0.374016 -0.941433 2.801961,
        -0.413386 -0.353004 2.868867,
        -0.374016 -0.353004 2.868867,
        -0.413386 -1.012904 -0.000000,
        -0.374016 -1.012904 -0.000000,
        -0.413386 -1.042137 -0.019685,
        -0.374016 -1.042137 -0.019685,
        -0.216535 -1.326772 0.019685,
        -0.216535 -1.326772 -0.019685,
        -0.177165 -1.326772 0.019685,
        -0.177165 -1.326772 -0.019685,
        -0.216535 -1.114164 0.019685,
        -0.177165 -1.114164 0.019685,
        -0.216535 -0.941433 2.801961,
        -0.177165 -0.941433 2.801961,
        -0.216535 -0.353004 2.868867,
        -0.177165 -0.353004 2.868867,
        -0.216535 -1.012904 -0.000000,
        -0.177165 -1.012904 -0.000000,
        -0.216535 -1.042137 -0.019685,
        -0.177165 -1.042137 -0.019685,
        -0.019685 -1.326772 0.019685,
        -0.019685 -1.326772 -0.019685,
        0.019685 -1.326772 0.019685,
        0.019685 -1.326772 -0.019685,
        -0.019685 -1.114164 0.019685,
        0.019685 -1.114164 0.019685,
        -0.019685 -0.941433 2.801961,
        0.019685 -0.941433 2.801961,
        -0.019685 -0.353004 2.868867,
        0.019685 -0.353004 2.868867,
        -0.019685 -1.012904 -0.000000,
        0.019685 -1.012904 -0.000000,
        -0.019685 -1.042137 -0.019685,
        0.019685 -1.042137 -0.019685,
        0.177165 -1.326772 0.019685,
        0.177165 -1.326772 -0.019685,
        0.216535 -1.326772 0.019685,
        0.216535 -1.326772 -0.019685,
        0.177165 -1.114164 0.019685,
        0.216535 -1.114164 0.019685,
        0.177165 -0.941433 2.801961,
        0.216535 -0.941433 2.801961,
        0.177165 -0.353004 2.868867,
        0.216535 -0.353004 2.868867,
        0.177165 -1.012904 -0.000000,
        0.216535 -1.012904 -0.000000,
        0.177165 -1.042137 -0.019685,
        0.216535 -1.042137 -0.019685,
        0.374016 -1.326772 0.019685,
        0.374016 -1.326772 -0.019685,
        0.413386 -1.326772 0.019685,
        0.413386 -1.326772 -0.019685,
        0.374016 -1.114164 0.019685,
        0.413386 -1.114164 0.019685,
        0.374016 -0.941433 2.801961,
        0.413386 -0.941433 2.801961,
        0.374016 -0.353004 2.868867,
        0.413386 -0.353004 2.868867,
        0.374016 -1.012904 -0.000000,
        0.413386 -1.012904 -0.000000,
        0.374016 -1.042137 -0.019685,
        0.413386 -1.042137 -0.019685,
        0.570866 -1.326772 0.019685,
        0.570866 -1.326772 -0.019685,
        0.610236 -1.326772 0.019685,
        0.610236 -1.326772 -0.019685,
        0.570866 -1.114164 0.019685,
        0.610236 -1.114164 0.019685,
        0.570866 -0.941433 2.801961,
        0.610236 -0.941433 2.801961,
        0.570866 -0.353004 2.868867,
        0.610236 -0.353004 2.868867,
        0.570866 -1.012904 -0.000000,
        0.610236 -1.012904 -0.000000,
        0.570866 -1.042137 -0.019685,
        0.610236 -1.042137 -0.019685,
        0.767717 -1.326772 0.019685,
        0.767717 -1.326772 -0.019685,
        0.807087 -1.326772 0.019685,
        0.807087 -1.326772 -0.019685,
        0.767717 -1.114164 0.019685,
        0.807087 -1.114164 0.019685,
        0.767717 -0.941433 2.801961,
        0.807087 -0.941433 2.801961,
        0.767717 -0.353004 2.868867,
        0.807087 -0.353004 2.868867,
        0.767717 -1.012904 -0.000000,
        0.807087 -1.012904 -0.000000,
        0.767717 -1.042137 -0.019685,
        0.807087 -1.042137 -0.019685,
        0.964567 -1.326772 0.019685,
        0.964567 -1.326772 -0.019685,
        1.003937 -1.326772 0.019685,
        1.003937 -1.326772 -0.019685,
        0.964567 -1.114164 0.019685,
        1.003937 -1.114164 0.019685,
        0.964567 -0.941433 2.801961,
        1.003937 -0.941433 2.801961,
        0.964567 -0.353004 2.868867,
        1.003937 -0.353004 2.868867,
        0.964567 -1.012904 -0.000000,
        1.003937 -1.012904 -0.000000,
        0.964567 -1.042137 -0.019685,
        1.003937 -1.042137 -0.019685,
        1.161417 -1.326772 0.019685,
        1.161417 -1.326772 -0.019685,
        1.200787 -1.326772 0.019685,
        1.200787 -1.326772 -0.019685,
        1.161417 -1.114164 0.019685,
        1.200787 -1.114164 0.019685,
        1.161417 -0.941433 2.801961,
        1.200787 -0.941433 2.801961,
        1.161417 -0.353004 2.868867,
        1.200787 -0.353004 2.868867,
        1.161417 -1.012904 -0.000000,
        1.200787 -1.012904 -0.000000,
        1.161417 -1.042137 -0.019685,
        1.200787 -1.042137 -0.019685,
        1.358268 -1.326772 0.019685,
        1.358268 -1.326772 -0.019685,
        1.397638 -1.326772 0.019685,
        1.397638 -1.326772 -0.019685,
        1.358268 -1.114164 0.019685,
        1.397638 -1.114164 0.019685,
        1.358268 -0.941433 2.801961,
        1.397638 -0.941433 2.801961,
        1.358268 -0.353004 2.868867,
        1.397638 -0.353004 2.868867,
        1.358268 -1.012904 -0.000000,
        1.397638 -1.012904 -0.000000,
        1.358268 -1.042137 -0.019685,
        1.397638 -1.042137 -0.019685,
        1.555118 -1.326772 0.019685,
        1.555118 -1.326772 -0.019685,
        1.594488 -1.326772 0.019685,
        1.594488 -1.326772 -0.019685,
        1.555118 -1.114164 0.019685,
        1.594488 -1.114164 0.019685,
        1.555118 -0.941433 2.801961,
        1.594488 -0.941433 2.801961,
        1.555118 -0.353004 2.868867,
        1.594488 -0.353004 2.868867,
        1.555118 -1.012904 -0.000000,
        1.594488 -1.012904 -0.000000,
        1.555118 -1.042137 -0.019685,
        1.594488 -1.042137 -0.019685,
        1.751969 -1.326772 0.019685,
        1.751969 -1.326772 -0.019685,
        1.791339 -1.326772 0.019685,
        1.791339 -1.326772 -0.019685,
        1.751969 -1.114164 0.019685,
        1.791339 -1.114164 0.019685,
        1.751969 -0.941433 2.801961,
        1.791339 -0.941433 2.801961,
        1.751969 -0.353004 2.868867,
        1.791339 -0.353004 2.868867,
        1.751969 -1.012904 -0.000000,
        1.791339 -1.012904 -0.000000,
        1.751969 -1.042137 -0.019685,
        1.791339 -1.042137 -0.019685,
        1.948819 -1.326772 0.019685,
        1.948819 -1.326772 -0.019685,
        1.988189 -1.326772 0.019685,
        1.988189 -1.326772 -0.019685,
        1.948819 -1.114164 0.019685,
        1.988189 -1.114164 0.019685,
        1.948819 -0.941433 2.801961,
        1.988189 -0.941433 2.801961,
        1.948819 -0.353004 2.868867,
        1.988189 -0.353004 2.868867,
        1.948819 -1.012904 -0.000000,
        1.988189 -1.012904 -0.000000,
        1.948819 -1.042137 -0.019685,
        1.988189 -1.042137 -0.019685,
        2.933071 -1.326772 0.019685,
        2.933071 -1.326772 -0.019685,
        2.972441 -1.326772 0.019685,
        2.972441 -1.326772 -0.019685,
        2.933071 -1.114164 0.019685,
        2.972441 -1.114164 0.019685,
        2.933071 -0.941433 2.801961,
        2.972441 -0.941433 2.801961,
        2.933071 -0.353004 2.868867,
        2.972441 -0.353004 2.868867,
        2.933071 -1.012904 -0.000000,
        2.972441 -1.012904 -0.000000,
        2.933071 -1.042137 -0.019685,
        2.972441 -1.042137 -0.019685,
        3.129921 -1.326772 0.019685,
        3.129921 -1.326772 -0.019685,
        3.169291 -1.326772 0.019685,
        3.169291 -1.326772 -0.019685,
        3.129921 -1.114164 0.019685,
        3.169291 -1.114164 0.019685,
        3.129921 -0.941433 2.801961,
        3.169291 -0.941433 2.801961,
        3.129921 -0.353004 2.868867,
        3.169291 -0.353004 2.868867,
        3.129921 -1.012904 -0.000000,
        3.169291 -1.012904 -0.000000,
        3.129921 -1.042137 -0.019685,
        3.169291 -1.042137 -0.019685,
        3.326772 -1.326772 0.019685,
        3.326772 -1.326772 -0.019685,
        3.366142 -1.326772 0.019685,
        3.366142 -1.326772 -0.019685,
        3.326772 -1.114164 0.019685,
        3.366142 -1.114164 0.019685,
        3.326772 -0.941433 2.801961,
        3.366142 -0.941433 2.801961,
        3.326772 -0.353004 2.868867,
        3.366142 -0.353004 2.868867,
        3.326772 -1.012904 -0.000000,
        3.366142 -1.012904 -0.000000,
        3.326772 -1.042137 -0.019685,
        3.366142 -1.042137 -0.019685,
        3.523622 -1.326772 0.019685,
        3.523622 -1.326772 -0.019685,
        3.562992 -1.326772 0.019685,
        3.562992 -1.326772 -0.019685,
        3.523622 -1.114164 0.019685,
        3.562992 -1.114164 0.019685,
        3.523622 -0.941433 2.801961,
        3.562992 -0.941433 2.801961,
        3.523622 -0.353004 2.868867,
        3.562992 -0.353004 2.868867,
        3.523622 -1.012904 -0.000000,
        3.562992 -1.012904 -0.000000,
        3.523622 -1.042137 -0.019685,
        3.562992 -1.042137 -0.019685,
      ]
    }
    coordIndex [
      0, 1, 2, -1,
      2, 1, 3, -1,
      4, 0, 5, -1,
      5, 0, 2, -1,
      6, 4, 7, -1,
      7, 4, 5, -1,
      8, 6, 9, -1,
      9, 6, 7, -1,
      10, 8, 11, -1,
      11, 8, 9, -1,
      12, 10, 13, -1,
      13, 10, 11, -1,
      1, 12, 3, -1,
      3, 12, 13, -1,
      1, 0, 12, -1,
      12, 0, 4, -1,
      12, 4, 10, -1,
      10, 4, 6, -1,
      10, 6, 8, -1,
      5, 2, 3, -1,
      9, 7, 11, -1,
      11, 7, 5, -1,
      11, 5, 13, -1,
      13, 5, 3, -1,
      14, 15, 16, -1,
      16, 15, 17, -1,
      18, 14, 19, -1,
      19, 14, 16, -1,
      20, 18, 21, -1,
      21, 18, 19, -1,
      22, 20, 23, -1,
      23, 20, 21, -1,
      24, 22, 25, -1,
      25, 22, 23, -1,
      26, 24, 27, -1,
      27, 24, 25, -1,
      15, 26, 17, -1,
      17, 26, 27, -1,
      15, 14, 26, -1,
      26, 14, 18, -1,
      26, 18, 24, -1,
      24, 18, 20, -1,
      24, 20, 22, -1,
      19, 16, 17, -1,
      23, 21, 25, -1,
      25, 21, 19, -1,
      25, 19, 27, -1,
      27, 19, 17, -1,
      28, 29, 30, -1,
      30, 29, 31, -1,
      32, 28, 33, -1,
      33, 28, 30, -1,
      34, 32, 35, -1,
      35, 32, 33, -1,
      36, 34, 37, -1,
      37, 34, 35, -1,
      38, 36, 39, -1,
      39, 36, 37, -1,
      40, 38, 41, -1,
      41, 38, 39, -1,
      29, 40, 31, -1,
      31, 40, 41, -1,
      29, 28, 40, -1,
      40, 28, 32, -1,
      40, 32, 38, -1,
      38, 32, 34, -1,
      38, 34, 36, -1,
      33, 30, 31, -1,
      37, 35, 39, -1,
      39, 35, 33, -1,
      39, 33, 41, -1,
      41, 33, 31, -1,
      42, 43, 44, -1,
      44, 43, 45, -1,
      46, 42, 47, -1,
      47, 42, 44, -1,
      48, 46, 49, -1,
      49, 46, 47, -1,
      50, 48, 51, -1,
      51, 48, 49, -1,
      52, 50, 53, -1,
      53, 50, 51, -1,
      54, 52, 55, -1,
      55, 52, 53, -1,
      43, 54, 45, -1,
      45, 54, 55, -1,
      43, 42, 54, -1,
      54, 42, 46, -1,
      54, 46, 52, -1,
      52, 46, 48, -1,
      52, 48, 50, -1,
      47, 44, 45, -1,
      51, 49, 53, -1,
      53, 49, 47, -1,
      53, 47, 55, -1,
      55, 47, 45, -1,
      56, 57, 58, -1,
      58, 57, 59, -1,
      60, 56, 61, -1,
      61, 56, 58, -1,
      62, 60, 63, -1,
      63, 60, 61, -1,
      64, 62, 65, -1,
      65, 62, 63, -1,
      66, 64, 67, -1,
      67, 64, 65, -1,
      68, 66, 69, -1,
      69, 66, 67, -1,
      57, 68, 59, -1,
      59, 68, 69, -1,
      57, 56, 68, -1,
      68, 56, 60, -1,
      68, 60, 66, -1,
      66, 60, 62, -1,
      66, 62, 64, -1,
      61, 58, 59, -1,
      65, 63, 67, -1,
      67, 63, 61, -1,
      67, 61, 69, -1,
      69, 61, 59, -1,
      70, 71, 72, -1,
      72, 71, 73, -1,
      74, 70, 75, -1,
      75, 70, 72, -1,
      76, 74, 77, -1,
      77, 74, 75, -1,
      78, 76, 79, -1,
      79, 76, 77, -1,
      80, 78, 81, -1,
      81, 78, 79, -1,
      82, 80, 83, -1,
      83, 80, 81, -1,
      71, 82, 73, -1,
      73, 82, 83, -1,
      71, 70, 82, -1,
      82, 70, 74, -1,
      82, 74, 80, -1,
      80, 74, 76, -1,
      80, 76, 78, -1,
      75, 72, 73, -1,
      79, 77, 81, -1,
      81, 77, 75, -1,
      81, 75, 83, -1,
      83, 75, 73, -1,
      84, 85, 86, -1,
      86, 85, 87, -1,
      88, 84, 89, -1,
      89, 84, 86, -1,
      90, 88, 91, -1,
      91, 88, 89, -1,
      92, 90, 93, -1,
      93, 90, 91, -1,
      94, 92, 95, -1,
      95, 92, 93, -1,
      96, 94, 97, -1,
      97, 94, 95, -1,
      85, 96, 87, -1,
      87, 96, 97, -1,
      85, 84, 96, -1,
      96, 84, 88, -1,
      96, 88, 94, -1,
      94, 88, 90, -1,
      94, 90, 92, -1,
      89, 86, 87, -1,
      93, 91, 95, -1,
      95, 91, 89, -1,
      95, 89, 97, -1,
      97, 89, 87, -1,
      98, 99, 100, -1,
      100, 99, 101, -1,
      102, 98, 103, -1,
      103, 98, 100, -1,
      104, 102, 105, -1,
      105, 102, 103, -1,
      106, 104, 107, -1,
      107, 104, 105, -1,
      108, 106, 109, -1,
      109, 106, 107, -1,
      110, 108, 111, -1,
      111, 108, 109, -1,
      99, 110, 101, -1,
      101, 110, 111, -1,
      99, 98, 110, -1,
      110, 98, 102, -1,
      110, 102, 108, -1,
      108, 102, 104, -1,
      108, 104, 106, -1,
      103, 100, 101, -1,
      107, 105, 109, -1,
      109, 105, 103, -1,
      109, 103, 111, -1,
      111, 103, 101, -1,
      112, 113, 114, -1,
      114, 113, 115, -1,
      116, 112, 117, -1,
      117, 112, 114, -1,
      118, 116, 119, -1,
      119, 116, 117, -1,
      120, 118, 121, -1,
      121, 118, 119, -1,
      122, 120, 123, -1,
      123, 120, 121, -1,
      124, 122, 125, -1,
      125, 122, 123, -1,
      113, 124, 115, -1,
      115, 124, 125, -1,
      113, 112, 124, -1,
      124, 112, 116, -1,
      124, 116, 122, -1,
      122, 116, 118, -1,
      122, 118, 120, -1,
      117, 114, 115, -1,
      121, 119, 123, -1,
      123, 119, 117, -1,
      123, 117, 125, -1,
      125, 117, 115, -1,
      126, 127, 128, -1,
      128, 127, 129, -1,
      130, 126, 131, -1,
      131, 126, 128, -1,
      132, 130, 133, -1,
      133, 130, 131, -1,
      134, 132, 135, -1,
      135, 132, 133, -1,
      136, 134, 137, -1,
      137, 134, 135, -1,
      138, 136, 139, -1,
      139, 136, 137, -1,
      127, 138, 129, -1,
      129, 138, 139, -1,
      127, 126, 138, -1,
      138, 126, 130, -1,
      138, 130, 136, -1,
      136, 130, 132, -1,
      136, 132, 134, -1,
      131, 128, 129, -1,
      135, 133, 137, -1,
      137, 133, 131, -1,
      137, 131, 139, -1,
      139, 131, 129, -1,
      140, 141, 142, -1,
      142, 141, 143, -1,
      144, 140, 145, -1,
      145, 140, 142, -1,
      146, 144, 147, -1,
      147, 144, 145, -1,
      148, 146, 149, -1,
      149, 146, 147, -1,
      150, 148, 151, -1,
      151, 148, 149, -1,
      152, 150, 153, -1,
      153, 150, 151, -1,
      141, 152, 143, -1,
      143, 152, 153, -1,
      141, 140, 152, -1,
      152, 140, 144, -1,
      152, 144, 150, -1,
      150, 144, 146, -1,
      150, 146, 148, -1,
      145, 142, 143, -1,
      149, 147, 151, -1,
      151, 147, 145, -1,
      151, 145, 153, -1,
      153, 145, 143, -1,
      154, 155, 156, -1,
      156, 155, 157, -1,
      158, 154, 159, -1,
      159, 154, 156, -1,
      160, 158, 161, -1,
      161, 158, 159, -1,
      162, 160, 163, -1,
      163, 160, 161, -1,
      164, 162, 165, -1,
      165, 162, 163, -1,
      166, 164, 167, -1,
      167, 164, 165, -1,
      155, 166, 157, -1,
      157, 166, 167, -1,
      155, 154, 166, -1,
      166, 154, 158, -1,
      166, 158, 164, -1,
      164, 158, 160, -1,
      164, 160, 162, -1,
      159, 156, 157, -1,
      163, 161, 165, -1,
      165, 161, 159, -1,
      165, 159, 167, -1,
      167, 159, 157, -1,
      168, 169, 170, -1,
      170, 169, 171, -1,
      172, 168, 173, -1,
      173, 168, 170, -1,
      174, 172, 175, -1,
      175, 172, 173, -1,
      176, 174, 177, -1,
      177, 174, 175, -1,
      178, 176, 179, -1,
      179, 176, 177, -1,
      180, 178, 181, -1,
      181, 178, 179, -1,
      169, 180, 171, -1,
      171, 180, 181, -1,
      169, 168, 180, -1,
      180, 168, 172, -1,
      180, 172, 178, -1,
      178, 172, 174, -1,
      178, 174, 176, -1,
      173, 170, 171, -1,
      177, 175, 179, -1,
      179, 175, 173, -1,
      179, 173, 181, -1,
      181, 173, 171, -1,
      182, 183, 184, -1,
      184, 183, 185, -1,
      186, 182, 187, -1,
      187, 182, 184, -1,
      188, 186, 189, -1,
      189, 186, 187, -1,
      190, 188, 191, -1,
      191, 188, 189, -1,
      192, 190, 193, -1,
      193, 190, 191, -1,
      194, 192, 195, -1,
      195, 192, 193, -1,
      183, 194, 185, -1,
      185, 194, 195, -1,
      183, 182, 194, -1,
      194, 182, 186, -1,
      194, 186, 192, -1,
      192, 186, 188, -1,
      192, 188, 190, -1,
      187, 184, 185, -1,
      191, 189, 193, -1,
      193, 189, 187, -1,
      193, 187, 195, -1,
      195, 187, 185, -1,
      196, 197, 198, -1,
      198, 197, 199, -1,
      200, 196, 201, -1,
      201, 196, 198, -1,
      202, 200, 203, -1,
      203, 200, 201, -1,
      204, 202, 205, -1,
      205, 202, 203, -1,
      206, 204, 207, -1,
      207, 204, 205, -1,
      208, 206, 209, -1,
      209, 206, 207, -1,
      197, 208, 199, -1,
      199, 208, 209, -1,
      197, 196, 208, -1,
      208, 196, 200, -1,
      208, 200, 206, -1,
      206, 200, 202, -1,
      206, 202, 204, -1,
      201, 198, 199, -1,
      205, 203, 207, -1,
      207, 203, 201, -1,
      207, 201, 209, -1,
      209, 201, 199, -1,
      210, 211, 212, -1,
      212, 211, 213, -1,
      214, 210, 215, -1,
      215, 210, 212, -1,
      216, 214, 217, -1,
      217, 214, 215, -1,
      218, 216, 219, -1,
      219, 216, 217, -1,
      220, 218, 221, -1,
      221, 218, 219, -1,
      222, 220, 223, -1,
      223, 220, 221, -1,
      211, 222, 213, -1,
      213, 222, 223, -1,
      211, 210, 222, -1,
      222, 210, 214, -1,
      222, 214, 220, -1,
      220, 214, 216, -1,
      220, 216, 218, -1,
      215, 212, 213, -1,
      219, 217, 221, -1,
      221, 217, 215, -1,
      221, 215, 223, -1,
      223, 215, 213, -1,
      224, 225, 226, -1,
      226, 225, 227, -1,
      228, 224, 229, -1,
      229, 224, 226, -1,
      230, 228, 231, -1,
      231, 228, 229, -1,
      232, 230, 233, -1,
      233, 230, 231, -1,
      234, 232, 235, -1,
      235, 232, 233, -1,
      236, 234, 237, -1,
      237, 234, 235, -1,
      225, 236, 227, -1,
      227, 236, 237, -1,
      225, 224, 236, -1,
      236, 224, 228, -1,
      236, 228, 234, -1,
      234, 228, 230, -1,
      234, 230, 232, -1,
      229, 226, 227, -1,
      233, 231, 235, -1,
      235, 231, 229, -1,
      235, 229, 237, -1,
      237, 229, 227, -1,
      238, 239, 240, -1,
      240, 239, 241, -1,
      242, 238, 243, -1,
      243, 238, 240, -1,
      244, 242, 245, -1,
      245, 242, 243, -1,
      246, 244, 247, -1,
      247, 244, 245, -1,
      248, 246, 249, -1,
      249, 246, 247, -1,
      250, 248, 251, -1,
      251, 248, 249, -1,
      239, 250, 241, -1,
      241, 250, 251, -1,
      239, 238, 250, -1,
      250, 238, 242, -1,
      250, 242, 248, -1,
      248, 242, 244, -1,
      248, 244, 246, -1,
      243, 240, 241, -1,
      247, 245, 249, -1,
      249, 245, 243, -1,
      249, 243, 251, -1,
      251, 243, 241, -1,
      252, 253, 254, -1,
      254, 253, 255, -1,
      256, 252, 257, -1,
      257, 252, 254, -1,
      258, 256, 259, -1,
      259, 256, 257, -1,
      260, 258, 261, -1,
      261, 258, 259, -1,
      262, 260, 263, -1,
      263, 260, 261, -1,
      264, 262, 265, -1,
      265, 262, 263, -1,
      253, 264, 255, -1,
      255, 264, 265, -1,
      253, 252, 264, -1,
      264, 252, 256, -1,
      264, 256, 262, -1,
      262, 256, 258, -1,
      262, 258, 260, -1,
      257, 254, 255, -1,
      261, 259, 263, -1,
      263, 259, 257, -1,
      263, 257, 265, -1,
      265, 257, 255, -1,
      266, 267, 268, -1,
      268, 267, 269, -1,
      270, 266, 271, -1,
      271, 266, 268, -1,
      272, 270, 273, -1,
      273, 270, 271, -1,
      274, 272, 275, -1,
      275, 272, 273, -1,
      276, 274, 277, -1,
      277, 274, 275, -1,
      278, 276, 279, -1,
      279, 276, 277, -1,
      267, 278, 269, -1,
      269, 278, 279, -1,
      267, 266, 278, -1,
      278, 266, 270, -1,
      278, 270, 276, -1,
      276, 270, 272, -1,
      276, 272, 274, -1,
      271, 268, 269, -1,
      275, 273, 277, -1,
      277, 273, 271, -1,
      277, 271, 279, -1,
      279, 271, 269, -1,
      280, 281, 282, -1,
      282, 281, 283, -1,
      284, 280, 285, -1,
      285, 280, 282, -1,
      286, 284, 287, -1,
      287, 284, 285, -1,
      288, 286, 289, -1,
      289, 286, 287, -1,
      290, 288, 291, -1,
      291, 288, 289, -1,
      292, 290, 293, -1,
      293, 290, 291, -1,
      281, 292, 283, -1,
      283, 292, 293, -1,
      281, 280, 292, -1,
      292, 280, 284, -1,
      292, 284, 290, -1,
      290, 284, 286, -1,
      290, 286, 288, -1,
      285, 282, 283, -1,
      289, 287, 291, -1,
      291, 287, 285, -1,
      291, 285, 293, -1,
      293, 285, 283, -1,
      294, 295, 296, -1,
      296, 295, 297, -1,
      298, 294, 299, -1,
      299, 294, 296, -1,
      300, 298, 301, -1,
      301, 298, 299, -1,
      302, 300, 303, -1,
      303, 300, 301, -1,
      304, 302, 305, -1,
      305, 302, 303, -1,
      306, 304, 307, -1,
      307, 304, 305, -1,
      295, 306, 297, -1,
      297, 306, 307, -1,
      295, 294, 306, -1,
      306, 294, 298, -1,
      306, 298, 304, -1,
      304, 298, 300, -1,
      304, 300, 302, -1,
      299, 296, 297, -1,
      303, 301, 305, -1,
      305, 301, 299, -1,
      305, 299, 307, -1,
      307, 299, 297, -1,
      308, 309, 310, -1,
      310, 309, 311, -1,
      312, 308, 313, -1,
      313, 308, 310, -1,
      314, 312, 315, -1,
      315, 312, 313, -1,
      316, 314, 317, -1,
      317, 314, 315, -1,
      318, 316, 319, -1,
      319, 316, 317, -1,
      320, 318, 321, -1,
      321, 318, 319, -1,
      309, 320, 311, -1,
      311, 320, 321, -1,
      309, 308, 320, -1,
      320, 308, 312, -1,
      320, 312, 318, -1,
      318, 312, 314, -1,
      318, 314, 316, -1,
      313, 310, 311, -1,
      317, 315, 319, -1,
      319, 315, 313, -1,
      319, 313, 321, -1,
      321, 313, 311, -1,
      322, 323, 324, -1,
      324, 323, 325, -1,
      326, 322, 327, -1,
      327, 322, 324, -1,
      328, 326, 329, -1,
      329, 326, 327, -1,
      330, 328, 331, -1,
      331, 328, 329, -1,
      332, 330, 333, -1,
      333, 330, 331, -1,
      334, 332, 335, -1,
      335, 332, 333, -1,
      323, 334, 325, -1,
      325, 334, 335, -1,
      323, 322, 334, -1,
      334, 322, 326, -1,
      334, 326, 332, -1,
      332, 326, 328, -1,
      332, 328, 330, -1,
      327, 324, 325, -1,
      331, 329, 333, -1,
      333, 329, 327, -1,
      333, 327, 335, -1,
      335, 327, 325, -1,
      336, 337, 338, -1,
      338, 337, 339, -1,
      340, 336, 341, -1,
      341, 336, 338, -1,
      342, 340, 343, -1,
      343, 340, 341, -1,
      344, 342, 345, -1,
      345, 342, 343, -1,
      346, 344, 347, -1,
      347, 344, 345, -1,
      348, 346, 349, -1,
      349, 346, 347, -1,
      337, 348, 339, -1,
      339, 348, 349, -1,
      337, 336, 348, -1,
      348, 336, 340, -1,
      348, 340, 346, -1,
      346, 340, 342, -1,
      346, 342, 344, -1,
      341, 338, 339, -1,
      345, 343, 347, -1,
      347, 343, 341, -1,
      347, 341, 349, -1,
      349, 341, 339, -1,
      350, 351, 352, -1,
      352, 351, 353, -1,
      354, 350, 355, -1,
      355, 350, 352, -1,
      356, 354, 357, -1,
      357, 354, 355, -1,
      358, 356, 359, -1,
      359, 356, 357, -1,
      360, 358, 361, -1,
      361, 358, 359, -1,
      362, 360, 363, -1,
      363, 360, 361, -1,
      351, 362, 353, -1,
      353, 362, 363, -1,
      351, 350, 362, -1,
      362, 350, 354, -1,
      362, 354, 360, -1,
      360, 354, 356, -1,
      360, 356, 358, -1,
      355, 352, 353, -1,
      359, 357, 361, -1,
      361, 357, 355, -1,
      361, 355, 363, -1,
      363, 355, 353, -1,
      364, 365, 366, -1,
      366, 365, 367, -1,
      368, 364, 369, -1,
      369, 364, 366, -1,
      370, 368, 371, -1,
      371, 368, 369, -1,
      372, 370, 373, -1,
      373, 370, 371, -1,
      374, 372, 375, -1,
      375, 372, 373, -1,
      376, 374, 377, -1,
      377, 374, 375, -1,
      365, 376, 367, -1,
      367, 376, 377, -1,
      365, 364, 376, -1,
      376, 364, 368, -1,
      376, 368, 374, -1,
      374, 368, 370, -1,
      374, 370, 372, -1,
      369, 366, 367, -1,
      373, 371, 375, -1,
      375, 371, 369, -1,
      375, 369, 377, -1,
      377, 369, 367, -1,
      378, 379, 380, -1,
      380, 379, 381, -1,
      382, 378, 383, -1,
      383, 378, 380, -1,
      384, 382, 385, -1,
      385, 382, 383, -1,
      386, 384, 387, -1,
      387, 384, 385, -1,
      388, 386, 389, -1,
      389, 386, 387, -1,
      390, 388, 391, -1,
      391, 388, 389, -1,
      379, 390, 381, -1,
      381, 390, 391, -1,
      379, 378, 390, -1,
      390, 378, 382, -1,
      390, 382, 388, -1,
      388, 382, 384, -1,
      388, 384, 386, -1,
      383, 380, 381, -1,
      387, 385, 389, -1,
      389, 385, 383, -1,
      389, 383, 391, -1,
      391, 383, 381, -1,
      392, 393, 394, -1,
      394, 393, 395, -1,
      396, 392, 397, -1,
      397, 392, 394, -1,
      398, 396, 399, -1,
      399, 396, 397, -1,
      400, 398, 401, -1,
      401, 398, 399, -1,
      402, 400, 403, -1,
      403, 400, 401, -1,
      404, 402, 405, -1,
      405, 402, 403, -1,
      393, 404, 395, -1,
      395, 404, 405, -1,
      393, 392, 404, -1,
      404, 392, 396, -1,
      404, 396, 402, -1,
      402, 396, 398, -1,
      402, 398, 400, -1,
      397, 394, 395, -1,
      401, 399, 403, -1,
      403, 399, 397, -1,
      403, 397, 405, -1,
      405, 397, 395, -1,
      406, 407, 408, -1,
      408, 407, 409, -1,
      410, 406, 411, -1,
      411, 406, 408, -1,
      412, 410, 413, -1,
      413, 410, 411, -1,
      414, 412, 415, -1,
      415, 412, 413, -1,
      416, 414, 417, -1,
      417, 414, 415, -1,
      418, 416, 419, -1,
      419, 416, 417, -1,
      407, 418, 409, -1,
      409, 418, 419, -1,
      407, 406, 418, -1,
      418, 406, 410, -1,
      418, 410, 416, -1,
      416, 410, 412, -1,
      416, 412, 414, -1,
      411, 408, 409, -1,
      415, 413, 417, -1,
      417, 413, 411, -1,
      417, 411, 419, -1,
      419, 411, 409, -1,
      420, 421, 422, -1,
      422, 421, 423, -1,
      424, 420, 425, -1,
      425, 420, 422, -1,
      426, 424, 427, -1,
      427, 424, 425, -1,
      428, 426, 429, -1,
      429, 426, 427, -1,
      430, 428, 431, -1,
      431, 428, 429, -1,
      432, 430, 433, -1,
      433, 430, 431, -1,
      421, 432, 423, -1,
      423, 432, 433, -1,
      421, 420, 432, -1,
      432, 420, 424, -1,
      432, 424, 430, -1,
      430, 424, 426, -1,
      430, 426, 428, -1,
      425, 422, 423, -1,
      429, 427, 431, -1,
      431, 427, 425, -1,
      431, 425, 433, -1,
      433, 425, 423, -1,
      434, 435, 436, -1,
      436, 435, 437, -1,
      438, 434, 439, -1,
      439, 434, 436, -1,
      440, 438, 441, -1,
      441, 438, 439, -1,
      442, 440, 443, -1,
      443, 440, 441, -1,
      444, 442, 445, -1,
      445, 442, 443, -1,
      446, 444, 447, -1,
      447, 444, 445, -1,
      435, 446, 437, -1,
      437, 446, 447, -1,
      435, 434, 446, -1,
      446, 434, 438, -1,
      446, 438, 444, -1,
      444, 438, 440, -1,
      444, 440, 442, -1,
      439, 436, 437, -1,
      443, 441, 445, -1,
      445, 441, 439, -1,
      445, 439, 447, -1,
      447, 439, 437, -1,
      448, 449, 450, -1,
      450, 449, 451, -1,
      452, 448, 453, -1,
      453, 448, 450, -1,
      454, 452, 455, -1,
      455, 452, 453, -1,
      456, 454, 457, -1,
      457, 454, 455, -1,
      458, 456, 459, -1,
      459, 456, 457, -1,
      460, 458, 461, -1,
      461, 458, 459, -1,
      449, 460, 451, -1,
      451, 460, 461, -1,
      449, 448, 460, -1,
      460, 448, 452, -1,
      460, 452, 458, -1,
      458, 452, 454, -1,
      458, 454, 456, -1,
      453, 450, 451, -1,
      457, 455, 459, -1,
      459, 455, 453, -1,
      459, 453, 461, -1,
      461, 453, 451, -1,
    ]
  }
}

Shape {
  appearance Appearance {
    material Material {
      diffuseColor 0.1490 0.1490 0.1490
      specularColor 0.0745 0.0745 0.0745
      ambientIntensity 0.2
      transparency 0.0000
      shininess 0.5
    }
  }
  geometry IndexedFaceSet {
    ccw TRUE
    solid FALSE
    coord DEF co Coordinate {
      point [
        2.355570 -0.827191 3.135897,
        2.007874 -0.827191 3.135897,
        2.355570 -0.670555 3.025106,
        2.007874 -0.670555 3.025106,
        2.355570 -0.177165 3.025106,
        1.929134 -0.670555 3.025106,
        1.811024 -0.670555 3.025106,
        1.929134 -0.397208 3.025106,
        1.811024 -0.397208 3.025106,
        1.338583 -0.397208 3.025106,
        1.338583 -0.670555 3.025106,
        1.220472 -0.670555 3.025106,
        1.220472 -0.397208 3.025106,
        1.141732 -0.397208 3.025106,
        -3.966535 -0.177165 3.025106,
        2.007874 -0.397208 3.025106,
        1.732283 -0.397208 3.025106,
        0.748031 -0.397208 3.025106,
        0.748031 -0.670555 3.025106,
        0.629921 -0.670555 3.025106,
        1.732283 -0.670555 3.025106,
        1.614173 -0.670555 3.025106,
        1.614173 -0.397208 3.025106,
        1.535433 -0.397208 3.025106,
        1.535433 -0.670555 3.025106,
        1.417323 -0.670555 3.025106,
        1.417323 -0.397208 3.025106,
        1.141732 -0.670555 3.025106,
        1.023622 -0.670555 3.025106,
        1.023622 -0.397208 3.025106,
        0.944882 -0.397208 3.025106,
        0.629921 -0.397208 3.025106,
        0.551181 -0.397208 3.025106,
        0.157480 -0.397208 3.025106,
        0.157480 -0.670555 3.025106,
        0.039370 -0.670555 3.025106,
        0.826772 -0.397208 3.025106,
        0.826772 -0.670555 3.025106,
        0.944882 -0.670555 3.025106,
        0.039370 -0.397208 3.025106,
        -0.039370 -0.397208 3.025106,
        -0.236220 -0.397208 3.025106,
        -0.236220 -0.670555 3.025106,
        -0.354331 -0.670555 3.025106,
        0.551181 -0.670555 3.025106,
        0.433071 -0.670555 3.025106,
        0.433071 -0.397208 3.025106,
        0.354331 -0.397208 3.025106,
        0.354331 -0.670555 3.025106,
        0.236220 -0.670555 3.025106,
        0.236220 -0.397208 3.025106,
        -0.354331 -0.397208 3.025106,
        -0.433071 -0.397208 3.025106,
        -0.629921 -0.397208 3.025106,
        -0.629921 -0.670555 3.025106,
        -0.748031 -0.670555 3.025106,
        -0.157480 -0.397208 3.025106,
        -0.157480 -0.670555 3.025106,
        -0.039370 -0.670555 3.025106,
        -0.748031 -0.397208 3.025106,
        -0.826772 -0.397208 3.025106,
        -0.433071 -0.670555 3.025106,
        -0.551181 -0.670555 3.025106,
        -0.551181 -0.397208 3.025106,
        -1.220472 -0.397208 3.025106,
        -1.220472 -0.670555 3.025106,
        -1.338583 -0.670555 3.025106,
        -1.338583 -0.397208 3.025106,
        -1.417323 -0.397208 3.025106,
        -0.826772 -0.670555 3.025106,
        -0.944882 -0.670555 3.025106,
        -0.944882 -0.397208 3.025106,
        -1.023622 -0.397208 3.025106,
        -1.141732 -0.397208 3.025106,
        -1.141732 -0.670555 3.025106,
        -1.023622 -0.670555 3.025106,
        -1.614173 -0.397208 3.025106,
        -1.614173 -0.670555 3.025106,
        -1.732283 -0.670555 3.025106,
        -1.732283 -0.397208 3.025106,
        -1.811024 -0.397208 3.025106,
        -1.535433 -0.397208 3.025106,
        -1.535433 -0.670555 3.025106,
        -1.417323 -0.670555 3.025106,
        -2.007874 -0.397208 3.025106,
        -2.007874 -0.670555 3.025106,
        -2.125984 -0.670555 3.025106,
        -2.125984 -0.397208 3.025106,
        -2.204724 -0.397208 3.025106,
        -1.929134 -0.397208 3.025106,
        -1.929134 -0.670555 3.025106,
        -1.811024 -0.670555 3.025106,
        -2.401575 -0.397208 3.025106,
        -2.401575 -0.670555 3.025106,
        -2.519685 -0.670555 3.025106,
        -2.519685 -0.397208 3.025106,
        -2.598425 -0.397208 3.025106,
        -2.322835 -0.397208 3.025106,
        -2.322835 -0.670555 3.025106,
        -2.204724 -0.670555 3.025106,
        -2.795276 -0.397208 3.025106,
        -2.795276 -0.670555 3.025106,
        -2.913386 -0.670555 3.025106,
        -2.913386 -0.397208 3.025106,
        -2.992126 -0.397208 3.025106,
        -2.716535 -0.397208 3.025106,
        -2.716535 -0.670555 3.025106,
        -2.598425 -0.670555 3.025106,
        -3.188976 -0.397208 3.025106,
        -3.188976 -0.670555 3.025106,
        -3.307087 -0.670555 3.025106,
        -3.307087 -0.397208 3.025106,
        -3.385827 -0.397208 3.025106,
        -3.110236 -0.397208 3.025106,
        -3.110236 -0.670555 3.025106,
        -2.992126 -0.670555 3.025106,
        -3.582677 -0.670555 3.025106,
        -3.966535 -0.670555 3.025106,
        -3.582677 -0.397208 3.025106,
        -3.503937 -0.397208 3.025106,
        -3.503937 -0.670555 3.025106,
        -3.385827 -0.670555 3.025106,
        2.355570 -0.177165 2.954850,
        2.100195 -0.177165 2.954850,
        2.100195 -0.177165 2.910191,
        -3.966535 -0.177165 2.910191,
        2.355570 0.019685 2.954850,
        2.100195 0.019685 2.954850,
        2.100195 0.019685 2.717254,
        2.355570 0.019685 2.717254,
        2.100195 -1.043307 2.795276,
        2.007874 -1.043307 2.795276,
        2.100195 -1.161417 2.795276,
        2.007874 -1.161417 2.795276,
        -3.769685 -1.043307 2.795276,
        -3.582677 -1.043307 2.795276,
        -3.582677 -0.397208 2.880997,
        -3.966535 -1.043307 2.795276,
        -3.503937 -1.043307 2.795276,
        -3.385827 -1.043307 2.795276,
        -3.503937 -0.397208 2.880997,
        -3.385827 -0.397208 2.880997,
        -2.913386 -0.397208 2.880997,
        -2.913386 -1.043307 2.795276,
        -2.795276 -1.043307 2.795276,
        -2.795276 -0.397208 2.880997,
        -2.716535 -0.397208 2.880997,
        -3.307087 -0.397208 2.880997,
        -2.322835 -0.397208 2.880997,
        -2.322835 -1.043307 2.795276,
        -2.204724 -1.043307 2.795276,
        -3.307087 -1.043307 2.795276,
        -3.188976 -1.043307 2.795276,
        -3.188976 -0.397208 2.880997,
        -3.110236 -0.397208 2.880997,
        -3.110236 -1.043307 2.795276,
        -2.992126 -1.043307 2.795276,
        -2.992126 -0.397208 2.880997,
        -2.204724 -0.397208 2.880997,
        -2.125984 -0.397208 2.880997,
        -1.929134 -0.397208 2.880997,
        -1.929134 -1.043307 2.795276,
        -1.811024 -1.043307 2.795276,
        -2.716535 -1.043307 2.795276,
        -2.598425 -1.043307 2.795276,
        -2.598425 -0.397208 2.880997,
        -2.519685 -0.397208 2.880997,
        -2.519685 -1.043307 2.795276,
        -2.401575 -1.043307 2.795276,
        -2.401575 -0.397208 2.880997,
        -1.811024 -0.397208 2.880997,
        -1.732283 -0.397208 2.880997,
        -1.535433 -0.397208 2.880997,
        -1.535433 -1.043307 2.795276,
        -1.417323 -1.043307 2.795276,
        -2.007874 -0.397208 2.880997,
        -2.007874 -1.043307 2.795276,
        -2.125984 -1.043307 2.795276,
        -1.417323 -0.397208 2.880997,
        -1.338583 -0.397208 2.880997,
        -1.141732 -0.397208 2.880997,
        -1.141732 -1.043307 2.795276,
        -1.023622 -1.043307 2.795276,
        -1.732283 -1.043307 2.795276,
        -1.614173 -1.043307 2.795276,
        -1.614173 -0.397208 2.880997,
        -1.023622 -0.397208 2.880997,
        -0.944882 -0.397208 2.880997,
        -1.338583 -1.043307 2.795276,
        -1.220472 -1.043307 2.795276,
        -1.220472 -0.397208 2.880997,
        -0.748031 -0.397208 2.880997,
        -0.748031 -1.043307 2.795276,
        -0.629921 -1.043307 2.795276,
        -0.629921 -0.397208 2.880997,
        -0.551181 -0.397208 2.880997,
        -0.826772 -0.397208 2.880997,
        -0.826772 -1.043307 2.795276,
        -0.944882 -1.043307 2.795276,
        -0.354331 -0.397208 2.880997,
        -0.354331 -1.043307 2.795276,
        -0.236220 -1.043307 2.795276,
        -0.236220 -0.397208 2.880997,
        -0.157480 -0.397208 2.880997,
        -0.433071 -0.397208 2.880997,
        -0.433071 -1.043307 2.795276,
        -0.551181 -1.043307 2.795276,
        0.039370 -0.397208 2.880997,
        0.039370 -1.043307 2.795276,
        0.157480 -1.043307 2.795276,
        0.157480 -0.397208 2.880997,
        0.236220 -0.397208 2.880997,
        -0.039370 -0.397208 2.880997,
        -0.039370 -1.043307 2.795276,
        -0.157480 -1.043307 2.795276,
        0.433071 -0.397208 2.880997,
        0.433071 -1.043307 2.795276,
        0.551181 -1.043307 2.795276,
        0.551181 -0.397208 2.880997,
        0.629921 -0.397208 2.880997,
        0.354331 -0.397208 2.880997,
        0.354331 -1.043307 2.795276,
        0.236220 -1.043307 2.795276,
        0.826772 -0.397208 2.880997,
        0.826772 -1.043307 2.795276,
        0.944882 -1.043307 2.795276,
        0.944882 -0.397208 2.880997,
        1.023622 -0.397208 2.880997,
        0.748031 -0.397208 2.880997,
        0.748031 -1.043307 2.795276,
        0.629921 -1.043307 2.795276,
        1.220472 -0.397208 2.880997,
        1.220472 -1.043307 2.795276,
        1.338583 -1.043307 2.795276,
        1.338583 -0.397208 2.880997,
        1.417323 -0.397208 2.880997,
        1.141732 -0.397208 2.880997,
        1.141732 -1.043307 2.795276,
        1.023622 -1.043307 2.795276,
        1.614173 -0.397208 2.880997,
        1.614173 -1.043307 2.795276,
        1.732283 -1.043307 2.795276,
        1.732283 -0.397208 2.880997,
        1.811024 -0.397208 2.880997,
        1.535433 -0.397208 2.880997,
        1.535433 -1.043307 2.795276,
        1.417323 -1.043307 2.795276,
        2.007874 -0.397208 2.880997,
        1.929134 -0.397208 2.880997,
        1.929134 -1.043307 2.795276,
        1.811024 -1.043307 2.795276,
        -2.812689 -0.225520 0.000000,
        -4.168307 -0.225520 0.000000,
        -4.168307 -0.005048 0.000000,
        3.805607 0.668948 0.000000,
        4.301181 0.668948 0.000000,
        4.301181 0.398748 0.000000,
        -3.805607 0.668948 0.000000,
        -3.805607 1.011184 0.000000,
        -2.812689 1.011184 0.000000,
        4.301181 -0.726378 0.000000,
        4.073390 -0.677165 0.000000,
        4.094488 -0.598425 0.000000,
        4.301181 -0.225520 0.000000,
        4.015748 -0.462043 0.000000,
        3.937008 -0.440945 0.000000,
        4.073390 -0.519685 0.000000,
        3.779528 -0.598425 0.000000,
        1.864526 -0.726378 0.000000,
        3.800626 -0.519685 0.000000,
        1.864526 -0.225520 0.000000,
        3.858268 -0.462043 0.000000,
        3.800626 -0.677165 0.000000,
        3.849839 -0.726378 0.000000,
        1.864526 -0.775518 0.000000,
        3.858268 -0.734807 0.000000,
        3.937008 -0.755906 0.000000,
        4.301181 -0.775518 0.000000,
        4.015748 -0.734807 0.000000,
        4.024178 -0.726378 0.000000,
        3.805607 1.011184 0.000000,
        1.864526 0.398748 0.000000,
        -0.494492 0.403796 0.000000,
        -0.706643 1.011184 0.000000,
        -0.477082 0.403177 0.000000,
        -0.259943 1.011184 0.000000,
        -0.463204 0.398748 0.000000,
        -0.282657 0.199137 0.000000,
        -0.308010 0.299728 0.000000,
        -0.259943 0.398748 0.000000,
        -0.375346 0.370709 0.000000,
        -0.259943 -0.005048 0.000000,
        -0.294650 0.124285 0.000000,
        -0.405792 0.005914 0.000000,
        -0.367478 0.026851 0.000000,
        -0.345057 0.045471 0.000000,
        -0.332580 0.058756 0.000000,
        -0.466850 -0.005048 0.000000,
        -0.259943 -0.225520 0.000000,
        -0.494965 -0.010095 0.000000,
        -0.514699 -0.009373 0.000000,
        -0.706643 -0.225520 0.000000,
        -0.544670 -0.005048 0.000000,
        -0.706643 0.398748 0.000000,
        -0.518467 0.398748 0.000000,
        -0.590567 0.383569 0.000000,
        -0.666263 0.072478 0.000000,
        -0.590755 0.010349 0.000000,
        -0.706643 -0.005048 0.000000,
        -0.545957 -0.004861 0.000000,
        -0.630889 0.358639 0.000000,
        -0.653872 0.336892 0.000000,
        -0.666263 0.321459 0.000000,
        -0.405005 0.341831 0.000000,
        -0.344022 0.286846 0.000000,
        -0.492284 0.363416 0.000000,
        -0.318623 0.212324 0.000000,
        -0.317989 0.196456 0.000000,
        -0.338381 0.115324 0.000000,
        -0.392663 0.058439 0.000000,
        -0.469933 0.031576 0.000000,
        -0.706643 -0.726378 0.000000,
        -0.259943 -0.726378 0.000000,
        -0.259943 -0.775518 0.000000,
        -4.168307 -0.775518 0.000000,
        -4.168307 -0.726378 0.000000,
        -2.812689 -0.775518 0.000000,
        -2.812689 -0.726378 0.000000,
        -1.388048 -0.775518 0.000000,
        -1.004442 -0.225520 0.000000,
        -3.851769 -0.647638 0.000000,
        -3.838583 -0.598425 0.000000,
        -1.004442 -0.775518 0.000000,
        -1.388048 -0.726378 0.000000,
        -4.022246 -0.647638 0.000000,
        -3.986220 -0.683664 0.000000,
        -3.937008 -0.696850 0.000000,
        -3.887795 -0.683664 0.000000,
        -3.851769 -0.549213 0.000000,
        -3.887795 -0.513187 0.000000,
        -3.937008 -0.500000 0.000000,
        -3.986220 -0.513187 0.000000,
        -4.022246 -0.549213 0.000000,
        -4.035433 -0.598425 0.000000,
        -1.004442 -0.005048 0.000000,
        -1.388048 -0.005048 0.000000,
        -0.706643 -0.775518 0.000000,
        -1.004442 -0.726378 0.000000,
        -1.388048 -0.225520 0.000000,
        -2.812689 -0.005048 0.000000,
        4.301181 -0.005048 0.000000,
        1.864526 -0.005048 0.000000,
        -0.237230 0.000000 0.000000,
        -0.050474 0.000000 0.000000,
        -0.237230 0.040380 0.000000,
        -0.085807 0.040380 0.000000,
        -0.085807 0.393701 0.000000,
        -0.050474 0.393701 0.000000,
        -1.004442 0.398748 0.000000,
        -0.969109 0.353321 0.000000,
        -0.969109 0.393701 0.000000,
        -0.747022 0.393701 0.000000,
        -0.747022 0.000000 0.000000,
        -0.969109 0.191803 0.000000,
        -0.782354 0.191803 0.000000,
        -0.782354 0.040380 0.000000,
        -0.969109 0.040380 0.000000,
        -0.969109 0.232183 0.000000,
        -0.782354 0.232183 0.000000,
        -0.782354 0.353321 0.000000,
        -0.969109 0.000000 0.000000,
        -0.635347 0.095902 0.000000,
        -0.635347 0.297799 0.000000,
        -0.572528 0.046966 0.000000,
        -0.571529 0.347204 0.000000,
        -0.494729 0.030285 0.000000,
        -0.534375 0.359208 0.000000,
        -0.508570 0.362794 0.000000,
        -1.244195 0.379505 0.000000,
        -1.315147 0.331769 0.000000,
        -1.388048 0.398748 0.000000,
        -1.355416 0.253821 0.000000,
        -1.362810 0.191882 0.000000,
        -1.340602 0.092853 0.000000,
        -1.283567 0.027549 0.000000,
        -1.119271 0.393701 0.000000,
        -1.182337 0.391293 0.000000,
        -1.204305 0.002176 0.000000,
        -1.161780 0.000000 0.000000,
        -1.039774 0.000000 0.000000,
        -1.039774 0.393701 0.000000,
        -1.786796 0.000000 0.000000,
        -1.748388 0.000000 0.000000,
        -1.605088 0.393701 0.000000,
        -1.690185 0.126186 0.000000,
        -1.511710 0.126186 0.000000,
        -1.451850 0.000000 0.000000,
        -1.413285 0.000000 0.000000,
        -4.168307 0.398748 0.000000,
        -2.812689 0.398748 0.000000,
        -1.600041 0.393701 0.000000,
        -4.301181 0.668948 0.000000,
        -4.301181 0.398748 0.000000,
        -4.301181 -0.005048 0.000000,
        -4.301181 -0.225520 0.000000,
        -4.301181 -0.726378 0.000000,
        -4.301181 -0.775518 0.000000,
        1.864526 1.011184 0.000000,
        -4.168307 0.668948 0.000000,
        -1.388048 1.011184 0.000000,
        -1.004442 1.011184 0.000000,
        3.690945 0.950310 1.067770,
        3.661417 0.950310 1.067770,
        3.690945 1.011184 1.067770,
        3.661417 1.011184 1.067770,
        3.690945 1.011184 0.647687,
        3.661417 1.011184 0.647687,
        3.690945 0.950310 0.647687,
        3.661417 0.950310 0.647687,
      ]
    }
    coordIndex [
      0, 1, 2, -1,
      2, 1, 3, -1,
      4, 2, 3, -1,
      5, 6, 7, -1,
      7, 6, 8, -1,
      9, 10, 11, -1,
      12, 13, 14, -1,
      3, 15, 4, -1,
      4, 15, 7, -1,
      4, 7, 14, -1,
      14, 7, 8, -1,
      14, 8, 16, -1,
      17, 18, 19, -1,
      20, 21, 16, -1,
      16, 21, 22, -1,
      16, 22, 14, -1,
      14, 22, 23, -1,
      24, 25, 23, -1,
      23, 25, 26, -1,
      23, 26, 14, -1,
      14, 26, 9, -1,
      14, 9, 12, -1,
      12, 9, 11, -1,
      27, 28, 13, -1,
      13, 28, 29, -1,
      13, 29, 14, -1,
      14, 29, 30, -1,
      31, 32, 14, -1,
      33, 34, 35, -1,
      19, 31, 17, -1,
      17, 31, 14, -1,
      17, 14, 36, -1,
      36, 14, 30, -1,
      36, 30, 37, -1,
      37, 30, 38, -1,
      39, 40, 14, -1,
      41, 42, 43, -1,
      44, 45, 32, -1,
      32, 45, 46, -1,
      32, 46, 14, -1,
      14, 46, 47, -1,
      48, 49, 47, -1,
      47, 49, 50, -1,
      47, 50, 14, -1,
      14, 50, 33, -1,
      14, 33, 39, -1,
      39, 33, 35, -1,
      51, 52, 14, -1,
      53, 54, 55, -1,
      43, 51, 41, -1,
      41, 51, 14, -1,
      41, 14, 56, -1,
      56, 14, 40, -1,
      56, 40, 57, -1,
      57, 40, 58, -1,
      59, 60, 14, -1,
      61, 62, 52, -1,
      52, 62, 63, -1,
      52, 63, 14, -1,
      14, 63, 53, -1,
      14, 53, 59, -1,
      59, 53, 55, -1,
      64, 65, 66, -1,
      67, 68, 14, -1,
      69, 70, 60, -1,
      60, 70, 71, -1,
      60, 71, 14, -1,
      14, 71, 72, -1,
      66, 67, 64, -1,
      64, 67, 14, -1,
      64, 14, 73, -1,
      73, 14, 72, -1,
      73, 72, 74, -1,
      74, 72, 75, -1,
      76, 77, 78, -1,
      79, 80, 14, -1,
      78, 79, 76, -1,
      76, 79, 14, -1,
      76, 14, 81, -1,
      81, 14, 68, -1,
      81, 68, 82, -1,
      82, 68, 83, -1,
      84, 85, 86, -1,
      87, 88, 14, -1,
      86, 87, 84, -1,
      84, 87, 14, -1,
      84, 14, 89, -1,
      89, 14, 80, -1,
      89, 80, 90, -1,
      90, 80, 91, -1,
      92, 93, 94, -1,
      95, 96, 14, -1,
      94, 95, 92, -1,
      92, 95, 14, -1,
      92, 14, 97, -1,
      97, 14, 88, -1,
      97, 88, 98, -1,
      98, 88, 99, -1,
      100, 101, 102, -1,
      103, 104, 14, -1,
      102, 103, 100, -1,
      100, 103, 14, -1,
      100, 14, 105, -1,
      105, 14, 96, -1,
      105, 96, 106, -1,
      106, 96, 107, -1,
      108, 109, 110, -1,
      111, 112, 14, -1,
      110, 111, 108, -1,
      108, 111, 14, -1,
      108, 14, 113, -1,
      113, 14, 104, -1,
      113, 104, 114, -1,
      114, 104, 115, -1,
      116, 117, 118, -1,
      118, 117, 14, -1,
      118, 14, 119, -1,
      119, 14, 112, -1,
      119, 112, 120, -1,
      120, 112, 121, -1,
      122, 4, 123, -1,
      123, 4, 14, -1,
      123, 14, 124, -1,
      124, 14, 125, -1,
      122, 123, 126, -1,
      126, 123, 127, -1,
      127, 128, 126, -1,
      126, 128, 129, -1,
      130, 131, 132, -1,
      132, 131, 133, -1,
      134, 135, 136, -1,
      125, 137, 134, -1,
      138, 139, 140, -1,
      140, 139, 141, -1,
      142, 143, 144, -1,
      145, 146, 124, -1,
      134, 136, 125, -1,
      125, 136, 140, -1,
      125, 140, 124, -1,
      124, 140, 141, -1,
      124, 141, 147, -1,
      148, 149, 150, -1,
      151, 152, 147, -1,
      147, 152, 153, -1,
      147, 153, 124, -1,
      124, 153, 154, -1,
      155, 156, 154, -1,
      154, 156, 157, -1,
      154, 157, 124, -1,
      124, 157, 142, -1,
      124, 142, 145, -1,
      145, 142, 144, -1,
      158, 159, 124, -1,
      160, 161, 162, -1,
      163, 164, 146, -1,
      146, 164, 165, -1,
      146, 165, 124, -1,
      124, 165, 166, -1,
      167, 168, 166, -1,
      166, 168, 169, -1,
      166, 169, 124, -1,
      124, 169, 148, -1,
      124, 148, 158, -1,
      158, 148, 150, -1,
      170, 171, 124, -1,
      172, 173, 174, -1,
      162, 170, 160, -1,
      160, 170, 124, -1,
      160, 124, 175, -1,
      175, 124, 159, -1,
      175, 159, 176, -1,
      176, 159, 177, -1,
      178, 179, 124, -1,
      180, 181, 182, -1,
      183, 184, 171, -1,
      171, 184, 185, -1,
      171, 185, 124, -1,
      124, 185, 172, -1,
      124, 172, 178, -1,
      178, 172, 174, -1,
      186, 187, 124, -1,
      188, 189, 179, -1,
      179, 189, 190, -1,
      179, 190, 124, -1,
      124, 190, 180, -1,
      124, 180, 186, -1,
      186, 180, 182, -1,
      191, 192, 193, -1,
      194, 195, 124, -1,
      193, 194, 191, -1,
      191, 194, 124, -1,
      191, 124, 196, -1,
      196, 124, 187, -1,
      196, 187, 197, -1,
      197, 187, 198, -1,
      199, 200, 201, -1,
      202, 203, 124, -1,
      201, 202, 199, -1,
      199, 202, 124, -1,
      199, 124, 204, -1,
      204, 124, 195, -1,
      204, 195, 205, -1,
      205, 195, 206, -1,
      207, 208, 209, -1,
      210, 211, 124, -1,
      209, 210, 207, -1,
      207, 210, 124, -1,
      207, 124, 212, -1,
      212, 124, 203, -1,
      212, 203, 213, -1,
      213, 203, 214, -1,
      215, 216, 217, -1,
      218, 219, 124, -1,
      217, 218, 215, -1,
      215, 218, 124, -1,
      215, 124, 220, -1,
      220, 124, 211, -1,
      220, 211, 221, -1,
      221, 211, 222, -1,
      223, 224, 225, -1,
      226, 227, 124, -1,
      225, 226, 223, -1,
      223, 226, 124, -1,
      223, 124, 228, -1,
      228, 124, 219, -1,
      228, 219, 229, -1,
      229, 219, 230, -1,
      231, 232, 233, -1,
      234, 235, 124, -1,
      233, 234, 231, -1,
      231, 234, 124, -1,
      231, 124, 236, -1,
      236, 124, 227, -1,
      236, 227, 237, -1,
      237, 227, 238, -1,
      239, 240, 241, -1,
      242, 243, 124, -1,
      241, 242, 239, -1,
      239, 242, 124, -1,
      239, 124, 244, -1,
      244, 124, 235, -1,
      244, 235, 245, -1,
      245, 235, 246, -1,
      131, 130, 247, -1,
      247, 130, 124, -1,
      247, 124, 248, -1,
      248, 124, 243, -1,
      248, 243, 249, -1,
      249, 243, 250, -1,
      251, 252, 253, -1,
      254, 255, 256, -1,
      257, 258, 259, -1,
      260, 261, 262, -1,
      263, 264, 265, -1,
      260, 262, 263, -1,
      263, 262, 266, -1,
      263, 266, 264, -1,
      267, 268, 269, -1,
      269, 268, 270, -1,
      269, 270, 271, -1,
      267, 272, 268, -1,
      268, 272, 273, -1,
      268, 273, 274, -1,
      273, 275, 274, -1,
      274, 275, 276, -1,
      274, 276, 277, -1,
      277, 276, 278, -1,
      277, 278, 260, -1,
      260, 278, 279, -1,
      260, 279, 261, -1,
      280, 254, 281, -1,
      282, 283, 284, -1,
      284, 283, 285, -1,
      284, 285, 286, -1,
      287, 288, 289, -1,
      289, 288, 290, -1,
      291, 292, 287, -1,
      291, 293, 294, -1,
      294, 295, 291, -1,
      291, 295, 296, -1,
      291, 296, 292, -1,
      293, 291, 297, -1,
      297, 291, 298, -1,
      297, 298, 299, -1,
      299, 298, 300, -1,
      300, 298, 301, -1,
      300, 301, 302, -1,
      303, 304, 305, -1,
      306, 307, 308, -1,
      308, 307, 309, -1,
      305, 310, 303, -1,
      303, 310, 311, -1,
      303, 311, 312, -1,
      313, 314, 315, -1,
      315, 314, 316, -1,
      315, 316, 317, -1,
      317, 318, 315, -1,
      315, 318, 319, -1,
      315, 319, 320, -1,
      321, 322, 323, -1,
      324, 325, 326, -1,
      326, 325, 327, -1,
      326, 327, 328, -1,
      298, 322, 301, -1,
      301, 322, 321, -1,
      301, 321, 329, -1,
      330, 331, 327, -1,
      332, 328, 333, -1,
      333, 328, 327, -1,
      333, 327, 251, -1,
      251, 327, 331, -1,
      334, 335, 325, -1,
      325, 335, 336, -1,
      325, 336, 327, -1,
      327, 336, 337, -1,
      327, 337, 330, -1,
      331, 338, 251, -1,
      251, 338, 339, -1,
      251, 339, 252, -1,
      252, 339, 340, -1,
      340, 341, 252, -1,
      252, 341, 342, -1,
      252, 342, 325, -1,
      325, 342, 343, -1,
      325, 343, 334, -1,
      309, 302, 308, -1,
      308, 302, 301, -1,
      308, 301, 344, -1,
      344, 301, 329, -1,
      344, 329, 345, -1,
      346, 332, 347, -1,
      347, 332, 333, -1,
      347, 333, 348, -1,
      348, 333, 251, -1,
      348, 251, 349, -1,
      349, 251, 253, -1,
      254, 256, 281, -1,
      281, 256, 350, -1,
      281, 350, 351, -1,
      351, 350, 263, -1,
      351, 263, 270, -1,
      270, 263, 265, -1,
      270, 265, 271, -1,
      352, 353, 291, -1,
      287, 289, 291, -1,
      291, 289, 354, -1,
      291, 354, 352, -1,
      355, 354, 356, -1,
      356, 354, 289, -1,
      356, 289, 357, -1,
      357, 289, 281, -1,
      357, 281, 353, -1,
      353, 281, 351, -1,
      353, 351, 291, -1,
      291, 351, 270, -1,
      291, 270, 298, -1,
      298, 270, 268, -1,
      298, 268, 322, -1,
      322, 268, 274, -1,
      322, 274, 323, -1,
      344, 358, 359, -1,
      359, 358, 360, -1,
      360, 358, 361, -1,
      361, 358, 303, -1,
      361, 303, 362, -1,
      363, 364, 365, -1,
      365, 366, 363, -1,
      363, 366, 344, -1,
      363, 344, 367, -1,
      367, 344, 359, -1,
      367, 359, 368, -1,
      368, 359, 369, -1,
      366, 370, 344, -1,
      344, 370, 362, -1,
      344, 362, 308, -1,
      308, 362, 303, -1,
      308, 303, 306, -1,
      306, 303, 312, -1,
      306, 312, 371, -1,
      371, 312, 372, -1,
      371, 372, 373, -1,
      373, 372, 374, -1,
      373, 374, 375, -1,
      375, 374, 376, -1,
      375, 376, 320, -1,
      320, 376, 377, -1,
      320, 377, 315, -1,
      378, 379, 380, -1,
      379, 381, 380, -1,
      380, 381, 382, -1,
      380, 382, 345, -1,
      345, 382, 383, -1,
      345, 383, 384, -1,
      358, 385, 380, -1,
      380, 385, 386, -1,
      380, 386, 378, -1,
      384, 387, 345, -1,
      345, 387, 388, -1,
      345, 388, 344, -1,
      344, 388, 389, -1,
      344, 389, 358, -1,
      358, 389, 390, -1,
      358, 390, 385, -1,
      391, 392, 345, -1,
      323, 346, 321, -1,
      321, 346, 347, -1,
      321, 347, 329, -1,
      329, 347, 348, -1,
      329, 348, 345, -1,
      345, 348, 349, -1,
      345, 349, 391, -1,
      391, 349, 393, -1,
      394, 395, 392, -1,
      392, 395, 396, -1,
      392, 396, 345, -1,
      345, 396, 397, -1,
      345, 397, 380, -1,
      253, 398, 349, -1,
      349, 398, 399, -1,
      349, 399, 393, -1,
      393, 399, 380, -1,
      393, 380, 400, -1,
      400, 380, 397, -1,
      401, 398, 402, -1,
      402, 398, 253, -1,
      402, 253, 403, -1,
      403, 253, 252, -1,
      403, 252, 404, -1,
      404, 252, 325, -1,
      404, 325, 405, -1,
      405, 325, 324, -1,
      405, 324, 406, -1,
      290, 286, 289, -1,
      289, 286, 285, -1,
      289, 285, 281, -1,
      281, 285, 407, -1,
      281, 407, 280, -1,
      401, 408, 398, -1,
      398, 408, 257, -1,
      398, 257, 399, -1,
      399, 257, 259, -1,
      399, 259, 380, -1,
      380, 259, 409, -1,
      380, 409, 358, -1,
      358, 409, 410, -1,
      358, 410, 303, -1,
      303, 410, 283, -1,
      303, 283, 304, -1,
      304, 283, 282, -1,
      411, 412, 413, -1,
      413, 412, 414, -1,
      415, 416, 417, -1,
      417, 416, 418, -1,
      417, 418, 411, -1,
      411, 418, 412, -1,
    ]
  }
}

Shape {
  appearance Appearance {
    material Material {
      diffuseColor 0.7529 0.7529 0.7529
      specularColor 0.3765 0.3765 0.3765
      ambientIntensity 0.2
      transparency 0.0000
      shininess 0.5
    }
  }
  geometry IndexedFaceSet {
    ccw TRUE
    solid FALSE
    coord DEF co Coordinate {
      point [
        3.690945 0.950310 2.082118,
        3.661417 0.950310 2.082118,
        3.690945 1.011184 2.082118,
        3.661417 1.011184 2.082118,
      ]
    }
    coordIndex [
      0, 1, 2, -1,
      2, 1, 3, -1,
    ]
  }
}

Shape {
  appearance Appearance {
    material Material {
      diffuseColor 0.1490 0.1490 0.1490
      specularColor 0.0745 0.0745 0.0745
      ambientIntensity 0.2
      transparency 0.0000
      shininess 0.5
    }
  }
  geometry IndexedFaceSet {
    ccw TRUE
    solid FALSE
    coord DEF co Coordinate {
      point [
        2.007874 -1.043307 2.795276,
        2.007874 -1.161417 2.795276,
        -3.582677 -1.043307 2.795276,
        -3.582677 -0.397208 2.880997,
        -3.503937 -1.043307 2.795276,
        -3.385827 -1.043307 2.795276,
        -3.503937 -0.397208 2.880997,
        -3.385827 -0.397208 2.880997,
        -2.913386 -0.397208 2.880997,
        -2.913386 -1.043307 2.795276,
        -2.795276 -1.043307 2.795276,
        -2.795276 -0.397208 2.880997,
        -2.716535 -0.397208 2.880997,
        -3.307087 -0.397208 2.880997,
        -2.322835 -0.397208 2.880997,
        -2.322835 -1.043307 2.795276,
        -2.204724 -1.043307 2.795276,
        -3.307087 -1.043307 2.795276,
        -3.188976 -1.043307 2.795276,
        -3.188976 -0.397208 2.880997,
        -3.110236 -0.397208 2.880997,
        -3.110236 -1.043307 2.795276,
        -2.992126 -1.043307 2.795276,
        -2.992126 -0.397208 2.880997,
        -2.204724 -0.397208 2.880997,
        -2.125984 -0.397208 2.880997,
        -1.929134 -0.397208 2.880997,
        -1.929134 -1.043307 2.795276,
        -1.811024 -1.043307 2.795276,
        -2.716535 -1.043307 2.795276,
        -2.598425 -1.043307 2.795276,
        -2.598425 -0.397208 2.880997,
        -2.519685 -0.397208 2.880997,
        -2.519685 -1.043307 2.795276,
        -2.401575 -1.043307 2.795276,
        -2.401575 -0.397208 2.880997,
        -1.811024 -0.397208 2.880997,
        -1.732283 -0.397208 2.880997,
        -1.535433 -0.397208 2.880997,
        -1.535433 -1.043307 2.795276,
        -1.417323 -1.043307 2.795276,
        -2.007874 -0.397208 2.880997,
        -2.007874 -1.043307 2.795276,
        -2.125984 -1.043307 2.795276,
        -1.417323 -0.397208 2.880997,
        -1.338583 -0.397208 2.880997,
        -1.141732 -0.397208 2.880997,
        -1.141732 -1.043307 2.795276,
        -1.023622 -1.043307 2.795276,
        -1.732283 -1.043307 2.795276,
        -1.614173 -1.043307 2.795276,
        -1.614173 -0.397208 2.880997,
        -1.023622 -0.397208 2.880997,
        -0.944882 -0.397208 2.880997,
        -1.338583 -1.043307 2.795276,
        -1.220472 -1.043307 2.795276,
        -1.220472 -0.397208 2.880997,
        -0.748031 -0.397208 2.880997,
        -0.748031 -1.043307 2.795276,
        -0.629921 -1.043307 2.795276,
        -0.629921 -0.397208 2.880997,
        -0.551181 -0.397208 2.880997,
        -0.826772 -0.397208 2.880997,
        -0.826772 -1.043307 2.795276,
        -0.944882 -1.043307 2.795276,
        -0.354331 -0.397208 2.880997,
        -0.354331 -1.043307 2.795276,
        -0.236220 -1.043307 2.795276,
        -0.236220 -0.397208 2.880997,
        -0.157480 -0.397208 2.880997,
        -0.433071 -0.397208 2.880997,
        -0.433071 -1.043307 2.795276,
        -0.551181 -1.043307 2.795276,
        0.039370 -0.397208 2.880997,
        0.039370 -1.043307 2.795276,
        0.157480 -1.043307 2.795276,
        0.157480 -0.397208 2.880997,
        0.236220 -0.397208 2.880997,
        -0.039370 -0.397208 2.880997,
        -0.039370 -1.043307 2.795276,
        -0.157480 -1.043307 2.795276,
        0.433071 -0.397208 2.880997,
        0.433071 -1.043307 2.795276,
        0.551181 -1.043307 2.795276,
        0.551181 -0.397208 2.880997,
        0.629921 -0.397208 2.880997,
        0.354331 -0.397208 2.880997,
        0.354331 -1.043307 2.795276,
        0.236220 -1.043307 2.795276,
        0.826772 -0.397208 2.880997,
        0.826772 -1.043307 2.795276,
        0.944882 -1.043307 2.795276,
        0.944882 -0.397208 2.880997,
        1.023622 -0.397208 2.880997,
        0.748031 -0.397208 2.880997,
        0.748031 -1.043307 2.795276,
        0.629921 -1.043307 2.795276,
        1.220472 -0.397208 2.880997,
        1.220472 -1.043307 2.795276,
        1.338583 -1.043307 2.795276,
        1.338583 -0.397208 2.880997,
        1.417323 -0.397208 2.880997,
        1.141732 -0.397208 2.880997,
        1.141732 -1.043307 2.795276,
        1.023622 -1.043307 2.795276,
        1.614173 -0.397208 2.880997,
        1.614173 -1.043307 2.795276,
        1.732283 -1.043307 2.795276,
        1.732283 -0.397208 2.880997,
        1.811024 -0.397208 2.880997,
        1.535433 -0.397208 2.880997,
        1.535433 -1.043307 2.795276,
        1.417323 -1.043307 2.795276,
        2.007874 -0.397208 2.880997,
        1.929134 -0.397208 2.880997,
        1.929134 -1.043307 2.795276,
        1.811024 -1.043307 2.795276,
        3.690945 1.011184 1.067770,
        3.661417 1.011184 1.067770,
        3.690945 0.950310 2.082118,
        3.661417 0.950310 2.082118,
        3.690945 1.011184 1.633858,
        3.661417 1.011184 1.633858,
        3.690945 0.950310 1.633858,
        3.661417 0.950310 1.633858,
        4.114173 1.161417 0.118110,
        4.301181 1.161417 0.118110,
        4.114173 1.057290 0.118110,
        4.301181 1.011184 0.118110,
        4.035433 1.057290 0.118110,
        3.690945 1.011184 0.118110,
        4.035433 1.161417 0.118110,
        3.690945 1.161417 0.118110,
        -4.114173 1.161417 0.348602,
        -4.114173 1.161417 0.118110,
        -4.301181 1.161417 0.118110,
        4.035433 1.161417 0.348602,
        -4.301181 1.161417 3.267717,
        -0.962096 1.161417 3.267717,
        -3.592520 1.161417 3.184898,
        -3.690945 1.161417 3.184898,
        -4.111014 1.161417 3.072020,
        -4.301181 1.161417 1.938455,
        -4.111014 1.161417 2.118900,
        -3.690945 1.161417 1.938455,
        -3.925942 1.161417 2.118900,
        -3.925942 1.161417 3.072020,
        -2.903543 1.161417 3.184898,
        -2.903543 1.161417 2.082118,
        -3.001969 1.161417 2.082118,
        -3.494094 1.161417 3.184898,
        -3.494094 1.161417 2.082118,
        -3.592520 1.161417 2.082118,
        -0.962096 1.161417 2.082118,
        -1.033465 1.161417 2.082118,
        -1.033465 1.161417 3.184898,
        -1.131890 1.161417 3.184898,
        -1.131890 1.161417 2.082118,
        -1.230315 1.161417 2.082118,
        -1.230315 1.161417 3.184898,
        -1.328740 1.161417 3.184898,
        -1.328740 1.161417 2.082118,
        -1.427165 1.161417 2.082118,
        -1.427165 1.161417 3.184898,
        -1.525591 1.161417 3.184898,
        -1.525591 1.161417 2.082118,
        -1.624016 1.161417 2.082118,
        -1.624016 1.161417 3.184898,
        -1.722441 1.161417 3.184898,
        -1.722441 1.161417 2.082118,
        -1.820866 1.161417 2.082118,
        -1.820866 1.161417 3.184898,
        -1.919291 1.161417 3.184898,
        -1.919291 1.161417 2.082118,
        -2.017717 1.161417 2.082118,
        -2.017717 1.161417 3.184898,
        -2.116142 1.161417 3.184898,
        -2.116142 1.161417 2.082118,
        -2.214567 1.161417 2.082118,
        -2.214567 1.161417 3.184898,
        -2.312992 1.161417 3.184898,
        -2.312992 1.161417 2.082118,
        -2.411417 1.161417 2.082118,
        -2.411417 1.161417 3.184898,
        -2.509843 1.161417 3.184898,
        -2.509843 1.161417 2.082118,
        -2.608268 1.161417 2.082118,
        -2.608268 1.161417 3.184898,
        -2.706693 1.161417 3.184898,
        -3.001969 1.161417 3.184898,
        -3.100394 1.161417 3.184898,
        -2.805118 1.161417 3.184898,
        -2.805118 1.161417 2.082118,
        -2.706693 1.161417 2.082118,
        -3.100394 1.161417 2.082118,
        -3.198819 1.161417 2.082118,
        -3.198819 1.161417 3.184898,
        -3.297244 1.161417 3.184898,
        -3.395669 1.161417 3.184898,
        -3.395669 1.161417 2.082118,
        -3.297244 1.161417 2.082118,
        3.592520 1.161417 2.082118,
        3.494094 1.161417 2.082118,
        3.592520 1.161417 3.184898,
        3.494094 1.161417 3.184898,
        4.111014 1.161417 3.072020,
        4.301181 1.161417 3.267717,
        4.111014 1.161417 2.118900,
        4.301181 1.161417 1.938455,
        3.925942 1.161417 2.118900,
        3.690945 1.161417 1.938455,
        3.925942 1.161417 3.072020,
        3.690945 1.161417 3.184898,
        1.919291 1.161417 3.184898,
        1.820866 1.161417 3.184898,
        2.805118 1.161417 3.184898,
        2.630093 1.161417 3.072020,
        2.001750 1.161417 3.072020,
        2.630093 1.161417 2.384101,
        2.805118 1.161417 2.082118,
        2.001750 1.161417 2.384101,
        1.919291 1.161417 2.082118,
        3.395669 1.161417 3.184898,
        1.427165 1.161417 3.184898,
        1.427165 1.161417 2.082118,
        1.328740 1.161417 2.082118,
        3.395669 1.161417 2.082118,
        3.297244 1.161417 2.082118,
        3.297244 1.161417 3.184898,
        3.198819 1.161417 3.184898,
        1.328740 1.161417 3.184898,
        1.230315 1.161417 3.184898,
        3.198819 1.161417 2.082118,
        3.100394 1.161417 2.082118,
        3.100394 1.161417 3.184898,
        3.001969 1.161417 3.184898,
        1.033465 1.161417 3.184898,
        1.033465 1.161417 2.082118,
        0.935039 1.161417 2.082118,
        1.820866 1.161417 2.082118,
        1.722441 1.161417 2.082118,
        1.722441 1.161417 3.184898,
        1.624016 1.161417 3.184898,
        3.001969 1.161417 2.082118,
        2.903543 1.161417 2.082118,
        2.903543 1.161417 3.184898,
        1.624016 1.161417 2.082118,
        1.525591 1.161417 2.082118,
        1.525591 1.161417 3.184898,
        0.935039 1.161417 3.184898,
        0.836614 1.161417 3.184898,
        1.230315 1.161417 2.082118,
        1.131890 1.161417 2.082118,
        1.131890 1.161417 3.184898,
        0.639764 1.161417 3.184898,
        0.639764 1.161417 2.082118,
        0.541339 1.161417 2.082118,
        0.541339 1.161417 3.184898,
        0.442913 1.161417 3.184898,
        0.738189 1.161417 3.184898,
        0.738189 1.161417 2.082118,
        0.836614 1.161417 2.082118,
        0.246063 1.161417 3.184898,
        0.246063 1.161417 2.082118,
        0.147638 1.161417 2.082118,
        0.147638 1.161417 3.184898,
        0.049213 1.161417 3.184898,
        0.344488 1.161417 3.184898,
        0.344488 1.161417 2.082118,
        0.442913 1.161417 2.082118,
        -0.147638 1.161417 3.184898,
        -0.147638 1.161417 2.082118,
        -0.246063 1.161417 2.082118,
        -0.246063 1.161417 3.184898,
        -0.344488 1.161417 3.184898,
        -0.049213 1.161417 3.184898,
        -0.049213 1.161417 2.082118,
        0.049213 1.161417 2.082118,
        -0.541339 1.161417 3.184898,
        -0.541339 1.161417 2.082118,
        -0.639764 1.161417 2.082118,
        -0.639764 1.161417 3.184898,
        -0.738189 1.161417 3.184898,
        -0.442913 1.161417 3.184898,
        -0.442913 1.161417 2.082118,
        -0.344488 1.161417 2.082118,
        -0.935039 1.161417 2.082118,
        -0.935039 1.161417 3.184898,
        -0.836614 1.161417 3.184898,
        -0.836614 1.161417 2.082118,
        -0.738189 1.161417 2.082118,
        4.111014 1.161417 0.888173,
        4.111014 1.161417 1.758010,
        3.925942 1.161417 1.758010,
        3.925942 1.161417 0.888173,
        4.114173 1.161417 0.348602,
        -3.690945 1.161417 0.118110,
        -4.035433 1.161417 0.348602,
        -4.035433 1.161417 0.118110,
        -4.111014 1.161417 0.888173,
        -3.925942 1.161417 0.888173,
        -3.925942 1.161417 1.758010,
        -4.111014 1.161417 1.758010,
        3.592520 1.161417 1.067770,
        3.494094 1.161417 1.067770,
        3.592520 1.161417 1.633858,
        3.494094 1.161417 1.633858,
        3.464567 0.950310 1.067770,
        3.464567 1.011184 1.067770,
        3.622047 0.950310 1.067770,
        3.494094 1.011184 1.067770,
        3.622047 1.011184 1.067770,
        3.592520 1.011184 1.067770,
        3.622047 0.950310 0.647687,
        3.622047 1.011184 0.647687,
        3.464567 0.950310 0.647687,
        3.592520 1.011184 0.647687,
        3.464567 1.011184 0.647687,
        3.494094 1.011184 0.647687,
        3.494094 1.161417 0.647687,
        3.592520 1.161417 0.647687,
        3.464567 0.950310 2.082118,
        3.464567 1.011184 2.082118,
        3.622047 0.950310 2.082118,
        3.494094 1.011184 2.082118,
        3.622047 1.011184 2.082118,
        3.592520 1.011184 2.082118,
        3.622047 0.950310 1.633858,
        3.622047 1.011184 1.633858,
        3.464567 0.950310 1.633858,
        3.592520 1.011184 1.633858,
        3.464567 1.011184 1.633858,
        3.494094 1.011184 1.633858,
        3.494094 1.011184 0.118110,
        3.494094 1.161417 0.118110,
        3.592520 1.011184 0.118110,
        3.592520 1.161417 0.118110,
        3.395669 1.161417 1.067770,
        3.297244 1.161417 1.067770,
        3.395669 1.161417 1.633858,
        3.297244 1.161417 1.633858,
        3.267717 0.950310 1.067770,
        3.267717 1.011184 1.067770,
        3.425197 0.950310 1.067770,
        3.297244 1.011184 1.067770,
        3.425197 1.011184 1.067770,
        3.395669 1.011184 1.067770,
        3.425197 0.950310 0.647687,
        3.425197 1.011184 0.647687,
        3.267717 0.950310 0.647687,
        3.395669 1.011184 0.647687,
        3.267717 1.011184 0.647687,
        3.297244 1.011184 0.647687,
        3.297244 1.161417 0.647687,
        3.395669 1.161417 0.647687,
        3.267717 0.950310 2.082118,
        3.267717 1.011184 2.082118,
        3.425197 0.950310 2.082118,
        3.297244 1.011184 2.082118,
        3.425197 1.011184 2.082118,
        3.395669 1.011184 2.082118,
        3.425197 0.950310 1.633858,
        3.425197 1.011184 1.633858,
        3.267717 0.950310 1.633858,
        3.395669 1.011184 1.633858,
        3.267717 1.011184 1.633858,
        3.297244 1.011184 1.633858,
        3.297244 1.011184 0.118110,
        3.297244 1.161417 0.118110,
        3.395669 1.011184 0.118110,
        3.395669 1.161417 0.118110,
        3.198819 1.161417 1.067770,
        3.100394 1.161417 1.067770,
        3.198819 1.161417 1.633858,
        3.100394 1.161417 1.633858,
        3.198819 1.011184 1.067770,
        3.228346 1.011184 1.067770,
        3.228346 0.950310 1.067770,
        3.070866 0.950310 1.067770,
        3.070866 1.011184 1.067770,
        3.100394 1.011184 1.067770,
        3.228346 0.950310 0.647687,
        3.228346 1.011184 0.647687,
        3.070866 0.950310 0.647687,
        3.198819 1.011184 0.647687,
        3.070866 1.011184 0.647687,
        3.100394 1.011184 0.647687,
        3.100394 1.161417 0.647687,
        3.198819 1.161417 0.647687,
        3.070866 0.950310 2.082118,
        3.070866 1.011184 2.082118,
        3.228346 0.950310 2.082118,
        3.100394 1.011184 2.082118,
        3.228346 1.011184 2.082118,
        3.198819 1.011184 2.082118,
        3.228346 0.950310 1.633858,
        3.228346 1.011184 1.633858,
        3.070866 0.950310 1.633858,
        3.198819 1.011184 1.633858,
        3.070866 1.011184 1.633858,
        3.100394 1.011184 1.633858,
        3.100394 1.011184 0.118110,
        3.100394 1.161417 0.118110,
        3.198819 1.011184 0.118110,
        3.198819 1.161417 0.118110,
        3.001969 1.161417 1.067770,
        2.903543 1.161417 1.067770,
        3.001969 1.161417 1.633858,
        2.903543 1.161417 1.633858,
        3.001969 1.011184 1.067770,
        3.031496 1.011184 1.067770,
        3.031496 0.950310 1.067770,
        2.874016 0.950310 1.067770,
        2.874016 1.011184 1.067770,
        2.903543 1.011184 1.067770,
        3.031496 0.950310 0.647687,
        3.031496 1.011184 0.647687,
        2.874016 0.950310 0.647687,
        3.001969 1.011184 0.647687,
        2.874016 1.011184 0.647687,
        2.903543 1.011184 0.647687,
        2.903543 1.161417 0.647687,
        3.001969 1.161417 0.647687,
        3.001969 1.011184 2.082118,
        3.031496 1.011184 2.082118,
        3.031496 0.950310 2.082118,
        2.874016 0.950310 2.082118,
        2.874016 1.011184 2.082118,
        2.903543 1.011184 2.082118,
        3.031496 0.950310 1.633858,
        3.031496 1.011184 1.633858,
        2.874016 0.950310 1.633858,
        3.001969 1.011184 1.633858,
        2.874016 1.011184 1.633858,
        2.903543 1.011184 1.633858,
        2.903543 1.011184 0.118110,
        2.903543 1.161417 0.118110,
        3.001969 1.011184 0.118110,
        3.001969 1.161417 0.118110,
        2.630093 1.161417 1.464352,
        2.805118 1.161417 1.633858,
        2.630093 1.161417 1.236692,
        2.805118 1.161417 1.067770,
        2.147452 1.161417 1.236692,
        1.919291 1.161417 1.067770,
        2.147452 1.161417 1.464352,
        1.919291 1.161417 1.633858,
        2.805118 1.011184 1.067770,
        2.834646 1.011184 1.067770,
        2.834646 0.950310 1.067770,
        1.889764 0.950310 1.067770,
        1.889764 1.011184 1.067770,
        1.919291 1.011184 1.067770,
        1.889764 0.950310 0.647687,
        2.834646 0.950310 0.647687,
        2.805118 1.011184 0.647687,
        2.834646 1.011184 0.647687,
        1.889764 1.011184 0.647687,
        1.919291 1.011184 0.647687,
        1.919291 1.161417 0.647687,
        2.805118 1.161417 0.647687,
        2.805118 1.011184 2.082118,
        2.834646 1.011184 2.082118,
        2.834646 0.950310 2.082118,
        1.889764 0.950310 2.082118,
        1.889764 1.011184 2.082118,
        1.919291 1.011184 2.082118,
        1.889764 0.950310 1.633858,
        2.834646 0.950310 1.633858,
        2.805118 1.011184 1.633858,
        2.834646 1.011184 1.633858,
        1.889764 1.011184 1.633858,
        1.919291 1.011184 1.633858,
        1.692913 0.950310 1.067770,
        1.692913 1.011184 1.067770,
        1.850394 0.950310 1.067770,
        1.722441 1.011184 1.067770,
        1.850394 1.011184 1.067770,
        1.820866 1.011184 1.067770,
        1.820866 1.161417 1.067770,
        1.722441 1.161417 1.067770,
        1.850394 0.950310 0.647687,
        1.850394 1.011184 0.647687,
        1.692913 0.950310 0.647687,
        1.820866 1.011184 0.647687,
        1.692913 1.011184 0.647687,
        1.722441 1.011184 0.647687,
        1.722441 1.161417 0.647687,
        1.820866 1.161417 0.647687,
        1.692913 0.950310 2.082118,
        1.692913 1.011184 2.082118,
        1.850394 0.950310 2.082118,
        1.722441 1.011184 2.082118,
        1.850394 1.011184 2.082118,
        1.820866 1.011184 2.082118,
        1.850394 0.950310 1.633858,
        1.850394 1.011184 1.633858,
        1.692913 0.950310 1.633858,
        1.820866 1.011184 1.633858,
        1.692913 1.011184 1.633858,
        1.722441 1.011184 1.633858,
        1.722441 1.161417 1.633858,
        1.820866 1.161417 1.633858,
        1.496063 0.950310 1.067770,
        1.496063 1.011184 1.067770,
        1.653543 0.950310 1.067770,
        1.525591 1.011184 1.067770,
        1.653543 1.011184 1.067770,
        1.624016 1.011184 1.067770,
        1.624016 1.161417 1.067770,
        1.525591 1.161417 1.067770,
        1.653543 0.950310 0.647687,
        1.653543 1.011184 0.647687,
        1.496063 0.950310 0.647687,
        1.624016 1.011184 0.647687,
        1.496063 1.011184 0.647687,
        1.525591 1.011184 0.647687,
        1.525591 1.161417 0.647687,
        1.624016 1.161417 0.647687,
        1.496063 0.950310 2.082118,
        1.496063 1.011184 2.082118,
        1.653543 0.950310 2.082118,
        1.525591 1.011184 2.082118,
        1.653543 1.011184 2.082118,
        1.624016 1.011184 2.082118,
        1.653543 0.950310 1.633858,
        1.653543 1.011184 1.633858,
        1.496063 0.950310 1.633858,
        1.624016 1.011184 1.633858,
        1.496063 1.011184 1.633858,
        1.525591 1.011184 1.633858,
        1.525591 1.161417 1.633858,
        1.624016 1.161417 1.633858,
        1.299213 0.950310 1.067770,
        1.299213 1.011184 1.067770,
        1.456693 0.950310 1.067770,
        1.328740 1.011184 1.067770,
        1.456693 1.011184 1.067770,
        1.427165 1.011184 1.067770,
        1.427165 1.161417 1.067770,
        1.328740 1.161417 1.067770,
        1.456693 0.950310 0.647687,
        1.456693 1.011184 0.647687,
        1.299213 0.950310 0.647687,
        1.427165 1.011184 0.647687,
        1.299213 1.011184 0.647687,
        1.328740 1.011184 0.647687,
        1.328740 1.161417 0.647687,
        1.427165 1.161417 0.647687,
        1.299213 0.950310 2.082118,
        1.299213 1.011184 2.082118,
        1.456693 0.950310 2.082118,
        1.328740 1.011184 2.082118,
        1.456693 1.011184 2.082118,
        1.427165 1.011184 2.082118,
        1.456693 0.950310 1.633858,
        1.456693 1.011184 1.633858,
        1.299213 0.950310 1.633858,
        1.427165 1.011184 1.633858,
        1.299213 1.011184 1.633858,
        1.328740 1.011184 1.633858,
        1.328740 1.161417 1.633858,
        1.427165 1.161417 1.633858,
        1.102362 0.950310 1.067770,
        1.102362 1.011184 1.067770,
        1.259843 0.950310 1.067770,
        1.131890 1.011184 1.067770,
        1.259843 1.011184 1.067770,
        1.230315 1.011184 1.067770,
        1.230315 1.161417 1.067770,
        1.131890 1.161417 1.067770,
        1.259843 0.950310 0.647687,
        1.259843 1.011184 0.647687,
        1.102362 0.950310 0.647687,
        1.230315 1.011184 0.647687,
        1.102362 1.011184 0.647687,
        1.131890 1.011184 0.647687,
        1.131890 1.161417 0.647687,
        1.230315 1.161417 0.647687,
        1.102362 0.950310 2.082118,
        1.102362 1.011184 2.082118,
        1.259843 0.950310 2.082118,
        1.131890 1.011184 2.082118,
        1.259843 1.011184 2.082118,
        1.230315 1.011184 2.082118,
        1.259843 0.950310 1.633858,
        1.259843 1.011184 1.633858,
        1.102362 0.950310 1.633858,
        1.230315 1.011184 1.633858,
        1.102362 1.011184 1.633858,
        1.131890 1.011184 1.633858,
        1.131890 1.161417 1.633858,
        1.230315 1.161417 1.633858,
        0.905512 0.950310 1.067770,
        0.905512 1.011184 1.067770,
        1.062992 0.950310 1.067770,
        0.935039 1.011184 1.067770,
        1.062992 1.011184 1.067770,
        1.033465 1.011184 1.067770,
        1.033465 1.161417 1.067770,
        0.935039 1.161417 1.067770,
        1.062992 0.950310 0.647687,
        1.062992 1.011184 0.647687,
        0.905512 0.950310 0.647687,
        1.033465 1.011184 0.647687,
        0.905512 1.011184 0.647687,
        0.935039 1.011184 0.647687,
        0.935039 1.161417 0.647687,
        1.033465 1.161417 0.647687,
        0.905512 0.950310 2.082118,
        0.905512 1.011184 2.082118,
        1.062992 0.950310 2.082118,
        0.935039 1.011184 2.082118,
        1.062992 1.011184 2.082118,
        1.033465 1.011184 2.082118,
        1.062992 0.950310 1.633858,
        1.062992 1.011184 1.633858,
        0.905512 0.950310 1.633858,
        1.033465 1.011184 1.633858,
        0.905512 1.011184 1.633858,
        0.935039 1.011184 1.633858,
        0.935039 1.161417 1.633858,
        1.033465 1.161417 1.633858,
        0.708661 0.950310 1.067770,
        0.708661 1.011184 1.067770,
        0.866142 0.950310 1.067770,
        0.738189 1.011184 1.067770,
        0.866142 1.011184 1.067770,
        0.836614 1.011184 1.067770,
        0.836614 1.161417 1.067770,
        0.738189 1.161417 1.067770,
        0.866142 0.950310 0.647687,
        0.866142 1.011184 0.647687,
        0.708661 0.950310 0.647687,
        0.836614 1.011184 0.647687,
        0.708661 1.011184 0.647687,
        0.738189 1.011184 0.647687,
        0.738189 1.161417 0.647687,
        0.836614 1.161417 0.647687,
        0.708661 0.950310 2.082118,
        0.708661 1.011184 2.082118,
        0.866142 0.950310 2.082118,
        0.738189 1.011184 2.082118,
        0.866142 1.011184 2.082118,
        0.836614 1.011184 2.082118,
        0.866142 0.950310 1.633858,
        0.866142 1.011184 1.633858,
        0.708661 0.950310 1.633858,
        0.836614 1.011184 1.633858,
        0.708661 1.011184 1.633858,
        0.738189 1.011184 1.633858,
        0.738189 1.161417 1.633858,
        0.836614 1.161417 1.633858,
        0.511811 0.950310 1.067770,
        0.511811 1.011184 1.067770,
        0.669291 0.950310 1.067770,
        0.541339 1.011184 1.067770,
        0.669291 1.011184 1.067770,
        0.639764 1.011184 1.067770,
        0.639764 1.161417 1.067770,
        0.541339 1.161417 1.067770,
        0.669291 0.950310 0.647687,
        0.669291 1.011184 0.647687,
        0.511811 0.950310 0.647687,
        0.639764 1.011184 0.647687,
        0.511811 1.011184 0.647687,
        0.541339 1.011184 0.647687,
        0.541339 1.161417 0.647687,
        0.639764 1.161417 0.647687,
        0.511811 0.950310 2.082118,
        0.511811 1.011184 2.082118,
        0.669291 0.950310 2.082118,
        0.541339 1.011184 2.082118,
        0.669291 1.011184 2.082118,
        0.639764 1.011184 2.082118,
        0.669291 0.950310 1.633858,
        0.669291 1.011184 1.633858,
        0.511811 0.950310 1.633858,
        0.639764 1.011184 1.633858,
        0.511811 1.011184 1.633858,
        0.541339 1.011184 1.633858,
        0.541339 1.161417 1.633858,
        0.639764 1.161417 1.633858,
        0.442913 1.011184 1.067770,
        0.472441 1.011184 1.067770,
        0.472441 0.950310 1.067770,
        0.314961 0.950310 1.067770,
        0.314961 1.011184 1.067770,
        0.344488 1.011184 1.067770,
        0.344488 1.161417 1.067770,
        0.442913 1.161417 1.067770,
        0.472441 0.950310 0.647687,
        0.472441 1.011184 0.647687,
        0.314961 0.950310 0.647687,
        0.442913 1.011184 0.647687,
        0.314961 1.011184 0.647687,
        0.344488 1.011184 0.647687,
        0.344488 1.161417 0.647687,
        0.442913 1.161417 0.647687,
        0.314961 0.950310 2.082118,
        0.314961 1.011184 2.082118,
        0.472441 0.950310 2.082118,
        0.344488 1.011184 2.082118,
        0.472441 1.011184 2.082118,
        0.442913 1.011184 2.082118,
        0.472441 0.950310 1.633858,
        0.472441 1.011184 1.633858,
        0.314961 0.950310 1.633858,
        0.442913 1.011184 1.633858,
        0.314961 1.011184 1.633858,
        0.344488 1.011184 1.633858,
        0.344488 1.161417 1.633858,
        0.442913 1.161417 1.633858,
        0.246063 1.011184 1.067770,
        0.275591 1.011184 1.067770,
        0.275591 0.950310 1.067770,
        0.118110 0.950310 1.067770,
        0.118110 1.011184 1.067770,
        0.147638 1.011184 1.067770,
        0.147638 1.161417 1.067770,
        0.246063 1.161417 1.067770,
        0.275591 0.950310 0.647687,
        0.275591 1.011184 0.647687,
        0.118110 0.950310 0.647687,
        0.246063 1.011184 0.647687,
        0.118110 1.011184 0.647687,
        0.147638 1.011184 0.647687,
        0.147638 1.161417 0.647687,
        0.246063 1.161417 0.647687,
        0.118110 0.950310 2.082118,
        0.118110 1.011184 2.082118,
        0.275591 0.950310 2.082118,
        0.147638 1.011184 2.082118,
        0.275591 1.011184 2.082118,
        0.246063 1.011184 2.082118,
        0.275591 0.950310 1.633858,
        0.275591 1.011184 1.633858,
        0.118110 0.950310 1.633858,
        0.246063 1.011184 1.633858,
        0.118110 1.011184 1.633858,
        0.147638 1.011184 1.633858,
        0.147638 1.161417 1.633858,
        0.246063 1.161417 1.633858,
        0.049213 1.011184 1.067770,
        0.078740 1.011184 1.067770,
        0.078740 0.950310 1.067770,
        -0.078740 0.950310 1.067770,
        -0.078740 1.011184 1.067770,
        -0.049213 1.011184 1.067770,
        -0.049213 1.161417 1.067770,
        0.049213 1.161417 1.067770,
        0.078740 0.950310 0.647687,
        0.078740 1.011184 0.647687,
        -0.078740 0.950310 0.647687,
        0.049213 1.011184 0.647687,
        -0.078740 1.011184 0.647687,
        -0.049213 1.011184 0.647687,
        -0.049213 1.161417 0.647687,
        0.049213 1.161417 0.647687,
        -0.078740 0.950310 2.082118,
        -0.078740 1.011184 2.082118,
        0.078740 0.950310 2.082118,
        -0.049213 1.011184 2.082118,
        0.078740 1.011184 2.082118,
        0.049213 1.011184 2.082118,
        0.078740 0.950310 1.633858,
        0.078740 1.011184 1.633858,
        -0.078740 0.950310 1.633858,
        0.049213 1.011184 1.633858,
        -0.078740 1.011184 1.633858,
        -0.049213 1.011184 1.633858,
        -0.049213 1.161417 1.633858,
        0.049213 1.161417 1.633858,
        -0.275591 0.950310 1.067770,
        -0.275591 1.011184 1.067770,
        -0.118110 0.950310 1.067770,
        -0.246063 1.011184 1.067770,
        -0.118110 1.011184 1.067770,
        -0.147638 1.011184 1.067770,
        -0.147638 1.161417 1.067770,
        -0.246063 1.161417 1.067770,
        -0.118110 0.950310 0.647687,
        -0.118110 1.011184 0.647687,
        -0.275591 0.950310 0.647687,
        -0.147638 1.011184 0.647687,
        -0.275591 1.011184 0.647687,
        -0.246063 1.011184 0.647687,
        -0.246063 1.161417 0.647687,
        -0.147638 1.161417 0.647687,
        -0.275591 0.950310 2.082118,
        -0.275591 1.011184 2.082118,
        -0.118110 0.950310 2.082118,
        -0.246063 1.011184 2.082118,
        -0.118110 1.011184 2.082118,
        -0.147638 1.011184 2.082118,
        -0.118110 0.950310 1.633858,
        -0.118110 1.011184 1.633858,
        -0.275591 0.950310 1.633858,
        -0.147638 1.011184 1.633858,
        -0.275591 1.011184 1.633858,
        -0.246063 1.011184 1.633858,
        -0.246063 1.161417 1.633858,
        -0.147638 1.161417 1.633858,
        -0.472441 0.950310 1.067770,
        -0.472441 1.011184 1.067770,
        -0.314961 0.950310 1.067770,
        -0.442913 1.011184 1.067770,
        -0.314961 1.011184 1.067770,
        -0.344488 1.011184 1.067770,
        -0.344488 1.161417 1.067770,
        -0.442913 1.161417 1.067770,
        -0.314961 0.950310 0.647687,
        -0.314961 1.011184 0.647687,
        -0.472441 0.950310 0.647687,
        -0.344488 1.011184 0.647687,
        -0.472441 1.011184 0.647687,
        -0.442913 1.011184 0.647687,
        -0.442913 1.161417 0.647687,
        -0.344488 1.161417 0.647687,
        -0.472441 0.950310 2.082118,
        -0.472441 1.011184 2.082118,
        -0.314961 0.950310 2.082118,
        -0.442913 1.011184 2.082118,
        -0.314961 1.011184 2.082118,
        -0.344488 1.011184 2.082118,
        -0.314961 0.950310 1.633858,
        -0.314961 1.011184 1.633858,
        -0.472441 0.950310 1.633858,
        -0.344488 1.011184 1.633858,
        -0.472441 1.011184 1.633858,
        -0.442913 1.011184 1.633858,
        -0.442913 1.161417 1.633858,
        -0.344488 1.161417 1.633858,
        -0.669291 0.950310 1.067770,
        -0.669291 1.011184 1.067770,
        -0.511811 0.950310 1.067770,
        -0.639764 1.011184 1.067770,
        -0.511811 1.011184 1.067770,
        -0.541339 1.011184 1.067770,
        -0.541339 1.161417 1.067770,
        -0.639764 1.161417 1.067770,
        -0.511811 0.950310 0.647687,
        -0.511811 1.011184 0.647687,
        -0.669291 0.950310 0.647687,
        -0.541339 1.011184 0.647687,
        -0.669291 1.011184 0.647687,
        -0.639764 1.011184 0.647687,
        -0.639764 1.161417 0.647687,
        -0.541339 1.161417 0.647687,
        -0.669291 0.950310 2.082118,
        -0.669291 1.011184 2.082118,
        -0.511811 0.950310 2.082118,
        -0.639764 1.011184 2.082118,
        -0.511811 1.011184 2.082118,
        -0.541339 1.011184 2.082118,
        -0.511811 0.950310 1.633858,
        -0.511811 1.011184 1.633858,
        -0.669291 0.950310 1.633858,
        -0.541339 1.011184 1.633858,
        -0.669291 1.011184 1.633858,
        -0.639764 1.011184 1.633858,
        -0.639764 1.161417 1.633858,
        -0.541339 1.161417 1.633858,
        -0.866142 0.950310 1.067770,
        -0.866142 1.011184 1.067770,
        -0.708661 0.950310 1.067770,
        -0.836614 1.011184 1.067770,
        -0.708661 1.011184 1.067770,
        -0.738189 1.011184 1.067770,
        -0.738189 1.161417 1.067770,
        -0.836614 1.161417 1.067770,
        -0.708661 0.950310 0.647687,
        -0.708661 1.011184 0.647687,
        -0.866142 0.950310 0.647687,
        -0.738189 1.011184 0.647687,
        -0.866142 1.011184 0.647687,
        -0.836614 1.011184 0.647687,
        -0.836614 1.161417 0.647687,
        -0.738189 1.161417 0.647687,
        -0.866142 0.950310 2.082118,
        -0.866142 1.011184 2.082118,
        -0.708661 0.950310 2.082118,
        -0.836614 1.011184 2.082118,
        -0.708661 1.011184 2.082118,
        -0.738189 1.011184 2.082118,
        -0.708661 0.950310 1.633858,
        -0.708661 1.011184 1.633858,
        -0.866142 0.950310 1.633858,
        -0.738189 1.011184 1.633858,
        -0.866142 1.011184 1.633858,
        -0.836614 1.011184 1.633858,
        -0.836614 1.161417 1.633858,
        -0.738189 1.161417 1.633858,
        -1.062992 0.950310 1.067770,
        -1.062992 1.011184 1.067770,
        -0.905512 0.950310 1.067770,
        -1.033465 1.011184 1.067770,
        -0.905512 1.011184 1.067770,
        -0.935039 1.011184 1.067770,
        -0.935039 1.161417 1.067770,
        -1.033465 1.161417 1.067770,
        -0.905512 0.950310 0.647687,
        -0.905512 1.011184 0.647687,
        -1.062992 0.950310 0.647687,
        -0.935039 1.011184 0.647687,
        -1.062992 1.011184 0.647687,
        -1.033465 1.011184 0.647687,
        -1.033465 1.161417 0.647687,
        -0.935039 1.161417 0.647687,
        -1.062992 0.950310 2.082118,
        -1.062992 1.011184 2.082118,
        -0.905512 0.950310 2.082118,
        -1.033465 1.011184 2.082118,
        -0.905512 1.011184 2.082118,
        -0.935039 1.011184 2.082118,
        -0.905512 0.950310 1.633858,
        -0.905512 1.011184 1.633858,
        -1.062992 0.950310 1.633858,
        -0.935039 1.011184 1.633858,
        -1.062992 1.011184 1.633858,
        -1.033465 1.011184 1.633858,
        -1.033465 1.161417 1.633858,
        -0.935039 1.161417 1.633858,
        -1.131890 1.011184 1.067770,
        -1.102362 1.011184 1.067770,
        -1.102362 0.950310 1.067770,
        -1.259843 0.950310 1.067770,
        -1.259843 1.011184 1.067770,
        -1.230315 1.011184 1.067770,
        -1.230315 1.161417 1.067770,
        -1.131890 1.161417 1.067770,
        -1.102362 0.950310 0.647687,
        -1.102362 1.011184 0.647687,
        -1.259843 0.950310 0.647687,
        -1.131890 1.011184 0.647687,
        -1.259843 1.011184 0.647687,
        -1.230315 1.011184 0.647687,
        -1.230315 1.161417 0.647687,
        -1.131890 1.161417 0.647687,
        -1.259843 0.950310 2.082118,
        -1.259843 1.011184 2.082118,
        -1.102362 0.950310 2.082118,
        -1.230315 1.011184 2.082118,
        -1.102362 1.011184 2.082118,
        -1.131890 1.011184 2.082118,
        -1.102362 0.950310 1.633858,
        -1.102362 1.011184 1.633858,
        -1.259843 0.950310 1.633858,
        -1.131890 1.011184 1.633858,
        -1.259843 1.011184 1.633858,
        -1.230315 1.011184 1.633858,
        -1.230315 1.161417 1.633858,
        -1.131890 1.161417 1.633858,
        -1.328740 1.011184 1.067770,
        -1.299213 1.011184 1.067770,
        -1.299213 0.950310 1.067770,
        -1.456693 0.950310 1.067770,
        -1.456693 1.011184 1.067770,
        -1.427165 1.011184 1.067770,
        -1.427165 1.161417 1.067770,
        -1.328740 1.161417 1.067770,
        -1.299213 0.950310 0.647687,
        -1.299213 1.011184 0.647687,
        -1.456693 0.950310 0.647687,
        -1.328740 1.011184 0.647687,
        -1.456693 1.011184 0.647687,
        -1.427165 1.011184 0.647687,
        -1.427165 1.161417 0.647687,
        -1.328740 1.161417 0.647687,
        -1.456693 0.950310 2.082118,
        -1.456693 1.011184 2.082118,
        -1.299213 0.950310 2.082118,
        -1.427165 1.011184 2.082118,
        -1.299213 1.011184 2.082118,
        -1.328740 1.011184 2.082118,
        -1.299213 0.950310 1.633858,
        -1.299213 1.011184 1.633858,
        -1.456693 0.950310 1.633858,
        -1.328740 1.011184 1.633858,
        -1.456693 1.011184 1.633858,
        -1.427165 1.011184 1.633858,
        -1.427165 1.161417 1.633858,
        -1.328740 1.161417 1.633858,
        -1.525591 1.011184 1.067770,
        -1.496063 1.011184 1.067770,
        -1.496063 0.950310 1.067770,
        -1.653543 0.950310 1.067770,
        -1.653543 1.011184 1.067770,
        -1.624016 1.011184 1.067770,
        -1.624016 1.161417 1.067770,
        -1.525591 1.161417 1.067770,
        -1.496063 0.950310 0.647687,
        -1.496063 1.011184 0.647687,
        -1.653543 0.950310 0.647687,
        -1.525591 1.011184 0.647687,
        -1.653543 1.011184 0.647687,
        -1.624016 1.011184 0.647687,
        -1.624016 1.161417 0.647687,
        -1.525591 1.161417 0.647687,
        -1.653543 0.950310 2.082118,
        -1.653543 1.011184 2.082118,
        -1.496063 0.950310 2.082118,
        -1.624016 1.011184 2.082118,
        -1.496063 1.011184 2.082118,
        -1.525591 1.011184 2.082118,
        -1.496063 0.950310 1.633858,
        -1.496063 1.011184 1.633858,
        -1.653543 0.950310 1.633858,
        -1.525591 1.011184 1.633858,
        -1.653543 1.011184 1.633858,
        -1.624016 1.011184 1.633858,
        -1.624016 1.161417 1.633858,
        -1.525591 1.161417 1.633858,
        -1.850394 0.950310 1.067770,
        -1.850394 1.011184 1.067770,
        -1.692913 0.950310 1.067770,
        -1.820866 1.011184 1.067770,
        -1.692913 1.011184 1.067770,
        -1.722441 1.011184 1.067770,
        -1.722441 1.161417 1.067770,
        -1.820866 1.161417 1.067770,
        -1.692913 0.950310 0.647687,
        -1.692913 1.011184 0.647687,
        -1.850394 0.950310 0.647687,
        -1.722441 1.011184 0.647687,
        -1.850394 1.011184 0.647687,
        -1.820866 1.011184 0.647687,
        -1.820866 1.161417 0.647687,
        -1.722441 1.161417 0.647687,
        -1.850394 0.950310 2.082118,
        -1.850394 1.011184 2.082118,
        -1.692913 0.950310 2.082118,
        -1.820866 1.011184 2.082118,
        -1.692913 1.011184 2.082118,
        -1.722441 1.011184 2.082118,
        -1.692913 0.950310 1.633858,
        -1.692913 1.011184 1.633858,
        -1.850394 0.950310 1.633858,
        -1.722441 1.011184 1.633858,
        -1.850394 1.011184 1.633858,
        -1.820866 1.011184 1.633858,
        -1.820866 1.161417 1.633858,
        -1.722441 1.161417 1.633858,
        -2.047244 0.950310 1.067770,
        -2.047244 1.011184 1.067770,
        -1.889764 0.950310 1.067770,
        -2.017717 1.011184 1.067770,
        -1.889764 1.011184 1.067770,
        -1.919291 1.011184 1.067770,
        -1.919291 1.161417 1.067770,
        -2.017717 1.161417 1.067770,
        -1.889764 0.950310 0.647687,
        -1.889764 1.011184 0.647687,
        -2.047244 0.950310 0.647687,
        -1.919291 1.011184 0.647687,
        -2.047244 1.011184 0.647687,
        -2.017717 1.011184 0.647687,
        -2.017717 1.161417 0.647687,
        -1.919291 1.161417 0.647687,
        -2.047244 0.950310 2.082118,
        -2.047244 1.011184 2.082118,
        -1.889764 0.950310 2.082118,
        -2.017717 1.011184 2.082118,
        -1.889764 1.011184 2.082118,
        -1.919291 1.011184 2.082118,
        -1.889764 0.950310 1.633858,
        -1.889764 1.011184 1.633858,
        -2.047244 0.950310 1.633858,
        -1.919291 1.011184 1.633858,
        -2.047244 1.011184 1.633858,
        -2.017717 1.011184 1.633858,
        -2.017717 1.161417 1.633858,
        -1.919291 1.161417 1.633858,
        -2.244094 0.950310 1.067770,
        -2.244094 1.011184 1.067770,
        -2.086614 0.950310 1.067770,
        -2.214567 1.011184 1.067770,
        -2.086614 1.011184 1.067770,
        -2.116142 1.011184 1.067770,
        -2.116142 1.161417 1.067770,
        -2.214567 1.161417 1.067770,
        -2.086614 0.950310 0.647687,
        -2.086614 1.011184 0.647687,
        -2.244094 0.950310 0.647687,
        -2.116142 1.011184 0.647687,
        -2.244094 1.011184 0.647687,
        -2.214567 1.011184 0.647687,
        -2.214567 1.161417 0.647687,
        -2.116142 1.161417 0.647687,
        -2.244094 0.950310 2.082118,
        -2.244094 1.011184 2.082118,
        -2.086614 0.950310 2.082118,
        -2.214567 1.011184 2.082118,
        -2.086614 1.011184 2.082118,
        -2.116142 1.011184 2.082118,
        -2.086614 0.950310 1.633858,
        -2.086614 1.011184 1.633858,
        -2.244094 0.950310 1.633858,
        -2.116142 1.011184 1.633858,
        -2.244094 1.011184 1.633858,
        -2.214567 1.011184 1.633858,
        -2.214567 1.161417 1.633858,
        -2.116142 1.161417 1.633858,
        -2.440945 0.950310 1.067770,
        -2.440945 1.011184 1.067770,
        -2.283465 0.950310 1.067770,
        -2.411417 1.011184 1.067770,
        -2.283465 1.011184 1.067770,
        -2.312992 1.011184 1.067770,
        -2.312992 1.161417 1.067770,
        -2.411417 1.161417 1.067770,
        -2.283465 0.950310 0.647687,
        -2.283465 1.011184 0.647687,
        -2.440945 0.950310 0.647687,
        -2.312992 1.011184 0.647687,
        -2.440945 1.011184 0.647687,
        -2.411417 1.011184 0.647687,
        -2.411417 1.161417 0.647687,
        -2.312992 1.161417 0.647687,
        -2.440945 0.950310 2.082118,
        -2.440945 1.011184 2.082118,
        -2.283465 0.950310 2.082118,
        -2.411417 1.011184 2.082118,
        -2.283465 1.011184 2.082118,
        -2.312992 1.011184 2.082118,
        -2.283465 0.950310 1.633858,
        -2.283465 1.011184 1.633858,
        -2.440945 0.950310 1.633858,
        -2.312992 1.011184 1.633858,
        -2.440945 1.011184 1.633858,
        -2.411417 1.011184 1.633858,
        -2.411417 1.161417 1.633858,
        -2.312992 1.161417 1.633858,
        -2.637795 0.950310 1.067770,
        -2.637795 1.011184 1.067770,
        -2.480315 0.950310 1.067770,
        -2.608268 1.011184 1.067770,
        -2.480315 1.011184 1.067770,
        -2.509843 1.011184 1.067770,
        -2.509843 1.161417 1.067770,
        -2.608268 1.161417 1.067770,
        -2.480315 0.950310 0.647687,
        -2.480315 1.011184 0.647687,
        -2.637795 0.950310 0.647687,
        -2.509843 1.011184 0.647687,
        -2.637795 1.011184 0.647687,
        -2.608268 1.011184 0.647687,
        -2.608268 1.161417 0.647687,
        -2.509843 1.161417 0.647687,
        -2.637795 0.950310 2.082118,
        -2.637795 1.011184 2.082118,
        -2.480315 0.950310 2.082118,
        -2.608268 1.011184 2.082118,
        -2.480315 1.011184 2.082118,
        -2.509843 1.011184 2.082118,
        -2.480315 0.950310 1.633858,
        -2.480315 1.011184 1.633858,
        -2.637795 0.950310 1.633858,
        -2.509843 1.011184 1.633858,
        -2.637795 1.011184 1.633858,
        -2.608268 1.011184 1.633858,
        -2.608268 1.161417 1.633858,
        -2.509843 1.161417 1.633858,
        -2.834646 0.950310 1.067770,
        -2.834646 1.011184 1.067770,
        -2.677165 0.950310 1.067770,
        -2.805118 1.011184 1.067770,
        -2.677165 1.011184 1.067770,
        -2.706693 1.011184 1.067770,
        -2.706693 1.161417 1.067770,
        -2.805118 1.161417 1.067770,
        -2.677165 0.950310 0.647687,
        -2.677165 1.011184 0.647687,
        -2.834646 0.950310 0.647687,
        -2.706693 1.011184 0.647687,
        -2.834646 1.011184 0.647687,
        -2.805118 1.011184 0.647687,
        -2.805118 1.161417 0.647687,
        -2.706693 1.161417 0.647687,
        -2.834646 0.950310 2.082118,
        -2.834646 1.011184 2.082118,
        -2.677165 0.950310 2.082118,
        -2.805118 1.011184 2.082118,
        -2.677165 1.011184 2.082118,
        -2.706693 1.011184 2.082118,
        -2.677165 0.950310 1.633858,
        -2.677165 1.011184 1.633858,
        -2.834646 0.950310 1.633858,
        -2.706693 1.011184 1.633858,
        -2.834646 1.011184 1.633858,
        -2.805118 1.011184 1.633858,
        -2.805118 1.161417 1.633858,
        -2.706693 1.161417 1.633858,
        -3.031496 0.950310 1.067770,
        -3.031496 1.011184 1.067770,
        -2.874016 0.950310 1.067770,
        -3.001969 1.011184 1.067770,
        -2.874016 1.011184 1.067770,
        -2.903543 1.011184 1.067770,
        -2.903543 1.161417 1.067770,
        -3.001969 1.161417 1.067770,
        -2.874016 0.950310 0.647687,
        -2.874016 1.011184 0.647687,
        -3.031496 0.950310 0.647687,
        -2.903543 1.011184 0.647687,
        -3.031496 1.011184 0.647687,
        -3.001969 1.011184 0.647687,
        -3.001969 1.161417 0.647687,
        -2.903543 1.161417 0.647687,
        -3.031496 0.950310 2.082118,
        -3.031496 1.011184 2.082118,
        -2.874016 0.950310 2.082118,
        -3.001969 1.011184 2.082118,
        -2.874016 1.011184 2.082118,
        -2.903543 1.011184 2.082118,
        -2.874016 0.950310 1.633858,
        -2.874016 1.011184 1.633858,
        -3.031496 0.950310 1.633858,
        -2.903543 1.011184 1.633858,
        -3.031496 1.011184 1.633858,
        -3.001969 1.011184 1.633858,
        -3.001969 1.161417 1.633858,
        -2.903543 1.161417 1.633858,
        -3.228346 0.950310 1.067770,
        -3.228346 1.011184 1.067770,
        -3.070866 0.950310 1.067770,
        -3.198819 1.011184 1.067770,
        -3.070866 1.011184 1.067770,
        -3.100394 1.011184 1.067770,
        -3.100394 1.161417 1.067770,
        -3.198819 1.161417 1.067770,
        -3.070866 0.950310 0.647687,
        -3.070866 1.011184 0.647687,
        -3.228346 0.950310 0.647687,
        -3.100394 1.011184 0.647687,
        -3.228346 1.011184 0.647687,
        -3.198819 1.011184 0.647687,
        -3.198819 1.161417 0.647687,
        -3.100394 1.161417 0.647687,
        -3.228346 0.950310 2.082118,
        -3.228346 1.011184 2.082118,
        -3.070866 0.950310 2.082118,
        -3.198819 1.011184 2.082118,
        -3.070866 1.011184 2.082118,
        -3.100394 1.011184 2.082118,
        -3.070866 0.950310 1.633858,
        -3.070866 1.011184 1.633858,
        -3.228346 0.950310 1.633858,
        -3.100394 1.011184 1.633858,
        -3.228346 1.011184 1.633858,
        -3.198819 1.011184 1.633858,
        -3.198819 1.161417 1.633858,
        -3.100394 1.161417 1.633858,
        -3.425197 0.950310 1.067770,
        -3.425197 1.011184 1.067770,
        -3.267717 0.950310 1.067770,
        -3.395669 1.011184 1.067770,
        -3.267717 1.011184 1.067770,
        -3.297244 1.011184 1.067770,
        -3.297244 1.161417 1.067770,
        -3.395669 1.161417 1.067770,
        -3.267717 0.950310 0.647687,
        -3.267717 1.011184 0.647687,
        -3.425197 0.950310 0.647687,
        -3.297244 1.011184 0.647687,
        -3.425197 1.011184 0.647687,
        -3.395669 1.011184 0.647687,
        -3.395669 1.161417 0.647687,
        -3.297244 1.161417 0.647687,
        -3.425197 0.950310 2.082118,
        -3.425197 1.011184 2.082118,
        -3.267717 0.950310 2.082118,
        -3.395669 1.011184 2.082118,
        -3.267717 1.011184 2.082118,
        -3.297244 1.011184 2.082118,
        -3.267717 0.950310 1.633858,
        -3.267717 1.011184 1.633858,
        -3.425197 0.950310 1.633858,
        -3.297244 1.011184 1.633858,
        -3.425197 1.011184 1.633858,
        -3.395669 1.011184 1.633858,
        -3.395669 1.161417 1.633858,
        -3.297244 1.161417 1.633858,
        -3.297244 1.161417 0.118110,
        -3.297244 1.011184 0.118110,
        -3.395669 1.161417 0.118110,
        -3.395669 1.011184 0.118110,
        -3.100394 1.161417 0.118110,
        -3.100394 1.011184 0.118110,
        -3.198819 1.161417 0.118110,
        -3.198819 1.011184 0.118110,
        -2.903543 1.161417 0.118110,
        -2.903543 1.011184 0.118110,
        -3.001969 1.161417 0.118110,
        -3.001969 1.011184 0.118110,
        -2.706693 1.161417 0.118110,
        -2.706693 1.011184 0.118110,
        -2.805118 1.161417 0.118110,
        -2.805118 1.011184 0.118110,
        -2.509843 1.161417 0.118110,
        -2.509843 1.011184 0.118110,
        -2.608268 1.161417 0.118110,
        -2.608268 1.011184 0.118110,
        -2.312992 1.161417 0.118110,
        -2.312992 1.011184 0.118110,
        -2.411417 1.161417 0.118110,
        -2.411417 1.011184 0.118110,
        -2.116142 1.161417 0.118110,
        -2.116142 1.011184 0.118110,
        -2.214567 1.161417 0.118110,
        -2.214567 1.011184 0.118110,
        -1.919291 1.161417 0.118110,
        -1.919291 1.011184 0.118110,
        -2.017717 1.161417 0.118110,
        -2.017717 1.011184 0.118110,
        -1.722441 1.161417 0.118110,
        -1.722441 1.011184 0.118110,
        -1.820866 1.161417 0.118110,
        -1.820866 1.011184 0.118110,
        -1.525591 1.161417 0.118110,
        -1.525591 1.011184 0.118110,
        -1.624016 1.161417 0.118110,
        -1.624016 1.011184 0.118110,
        -1.328740 1.161417 0.118110,
        -1.328740 1.011184 0.118110,
        -1.427165 1.161417 0.118110,
        -1.427165 1.011184 0.118110,
        -1.131890 1.161417 0.118110,
        -1.131890 1.011184 0.118110,
        -1.230315 1.161417 0.118110,
        -1.230315 1.011184 0.118110,
        -0.935039 1.161417 0.118110,
        -0.935039 1.011184 0.118110,
        -1.033465 1.161417 0.118110,
        -1.033465 1.011184 0.118110,
        -0.738189 1.161417 0.118110,
        -0.738189 1.011184 0.118110,
        -0.836614 1.161417 0.118110,
        -0.836614 1.011184 0.118110,
        -0.541339 1.161417 0.118110,
        -0.541339 1.011184 0.118110,
        -0.639764 1.161417 0.118110,
        -0.639764 1.011184 0.118110,
        -0.344488 1.161417 0.118110,
        -0.344488 1.011184 0.118110,
        -0.442913 1.161417 0.118110,
        -0.442913 1.011184 0.118110,
        -0.147638 1.161417 0.118110,
        -0.147638 1.011184 0.118110,
        -0.246063 1.161417 0.118110,
        -0.246063 1.011184 0.118110,
        0.049213 1.161417 0.118110,
        0.049213 1.011184 0.118110,
        -0.049213 1.161417 0.118110,
        -0.049213 1.011184 0.118110,
        0.246063 1.161417 0.118110,
        0.246063 1.011184 0.118110,
        0.147638 1.161417 0.118110,
        0.147638 1.011184 0.118110,
        0.442913 1.161417 0.118110,
        0.442913 1.011184 0.118110,
        0.344488 1.161417 0.118110,
        0.344488 1.011184 0.118110,
        0.639764 1.161417 0.118110,
        0.639764 1.011184 0.118110,
        0.541339 1.161417 0.118110,
        0.541339 1.011184 0.118110,
        0.836614 1.161417 0.118110,
        0.836614 1.011184 0.118110,
        0.738189 1.161417 0.118110,
        0.738189 1.011184 0.118110,
        1.033465 1.161417 0.118110,
        1.033465 1.011184 0.118110,
        0.935039 1.161417 0.118110,
        0.935039 1.011184 0.118110,
        1.230315 1.161417 0.118110,
        1.230315 1.011184 0.118110,
        1.131890 1.161417 0.118110,
        1.131890 1.011184 0.118110,
        1.427165 1.161417 0.118110,
        1.427165 1.011184 0.118110,
        1.328740 1.161417 0.118110,
        1.328740 1.011184 0.118110,
        1.624016 1.161417 0.118110,
        1.624016 1.011184 0.118110,
        1.525591 1.161417 0.118110,
        1.525591 1.011184 0.118110,
        1.820866 1.161417 0.118110,
        1.820866 1.011184 0.118110,
        1.722441 1.161417 0.118110,
        1.722441 1.011184 0.118110,
        1.919291 1.011184 0.118110,
        1.919291 1.161417 0.118110,
        2.805118 1.011184 0.118110,
        2.805118 1.161417 0.118110,
        2.630093 1.161417 0.489966,
        2.630093 1.161417 0.244092,
        2.147452 1.161417 0.244092,
        2.147452 1.161417 0.489966,
        -3.494094 1.161417 1.067770,
        -3.592520 1.161417 1.067770,
        -3.494094 1.161417 1.633858,
        -3.592520 1.161417 1.633858,
        -3.494094 1.011184 1.067770,
        -3.464567 1.011184 1.067770,
        -3.464567 0.950310 1.067770,
        -3.622047 0.950310 1.067770,
        -3.622047 1.011184 1.067770,
        -3.592520 1.011184 1.067770,
        -3.464567 0.950310 0.647687,
        -3.464567 1.011184 0.647687,
        -3.622047 0.950310 0.647687,
        -3.494094 1.011184 0.647687,
        -3.622047 1.011184 0.647687,
        -3.592520 1.011184 0.647687,
        -3.592520 1.161417 0.647687,
        -3.494094 1.161417 0.647687,
        -3.622047 0.950310 2.082118,
        -3.622047 1.011184 2.082118,
        -3.464567 0.950310 2.082118,
        -3.592520 1.011184 2.082118,
        -3.464567 1.011184 2.082118,
        -3.494094 1.011184 2.082118,
        -3.464567 0.950310 1.633858,
        -3.464567 1.011184 1.633858,
        -3.622047 0.950310 1.633858,
        -3.494094 1.011184 1.633858,
        -3.622047 1.011184 1.633858,
        -3.592520 1.011184 1.633858,
        -3.592520 1.011184 0.118110,
        -3.592520 1.161417 0.118110,
        -3.494094 1.011184 0.118110,
        -3.494094 1.161417 0.118110,
        3.503937 -1.161417 1.114944,
        3.385827 -1.161417 1.114944,
        3.503937 -1.161417 0.039370,
        3.385827 -1.161417 0.039370,
        3.307087 -1.161417 1.114944,
        3.188976 -1.161417 1.114944,
        3.307087 -1.161417 0.039370,
        3.188976 -1.161417 0.039370,
        3.110236 -1.161417 1.114944,
        2.992126 -1.161417 1.114944,
        3.110236 -1.161417 0.039370,
        2.992126 -1.161417 0.039370,
        2.352061 -1.161417 0.712811,
        2.913386 -1.161417 1.114944,
        2.137868 -1.161417 0.712811,
        2.007874 -1.161417 1.114944,
        2.137868 -1.161417 0.498617,
        2.007874 -1.161417 0.039370,
        2.352061 -1.161417 0.498617,
        2.765148 -1.161417 0.498617,
        2.913386 -1.161417 0.039370,
        2.550955 -1.161417 0.498617,
        2.550955 -1.161417 0.712811,
        2.765148 -1.161417 0.712811,
        -3.385827 -1.161417 1.114944,
        -3.503937 -1.161417 1.114944,
        -3.385827 -1.161417 0.039370,
        -3.503937 -1.161417 0.039370,
        -3.188976 -1.161417 1.114944,
        -3.307087 -1.161417 1.114944,
        -3.188976 -1.161417 0.039370,
        -3.307087 -1.161417 0.039370,
        -2.992126 -1.161417 1.114944,
        -3.110236 -1.161417 1.114944,
        -2.992126 -1.161417 0.039370,
        -3.110236 -1.161417 0.039370,
        -2.795276 -1.161417 1.114944,
        -2.913386 -1.161417 1.114944,
        -2.795276 -1.161417 0.039370,
        -2.913386 -1.161417 0.039370,
        -2.598425 -1.161417 1.114944,
        -2.716535 -1.161417 1.114944,
        -2.598425 -1.161417 0.039370,
        -2.716535 -1.161417 0.039370,
        -2.401575 -1.161417 1.114944,
        -2.519685 -1.161417 1.114944,
        -2.401575 -1.161417 0.039370,
        -2.519685 -1.161417 0.039370,
        -2.204724 -1.161417 1.114944,
        -2.322835 -1.161417 1.114944,
        -2.204724 -1.161417 0.039370,
        -2.322835 -1.161417 0.039370,
        -2.007874 -1.161417 1.114944,
        -2.125984 -1.161417 1.114944,
        -2.007874 -1.161417 0.039370,
        -2.125984 -1.161417 0.039370,
        -1.811024 -1.161417 1.114944,
        -1.929134 -1.161417 1.114944,
        -1.811024 -1.161417 0.039370,
        -1.929134 -1.161417 0.039370,
        -1.614173 -1.161417 1.114944,
        -1.732283 -1.161417 1.114944,
        -1.614173 -1.161417 0.039370,
        -1.732283 -1.161417 0.039370,
        -1.417323 -1.161417 1.114944,
        -1.535433 -1.161417 1.114944,
        -1.417323 -1.161417 0.039370,
        -1.535433 -1.161417 0.039370,
        -1.220472 -1.161417 1.114944,
        -1.338583 -1.161417 1.114944,
        -1.220472 -1.161417 0.039370,
        -1.338583 -1.161417 0.039370,
        -1.023622 -1.161417 1.114944,
        -1.141732 -1.161417 1.114944,
        -1.023622 -1.161417 0.039370,
        -1.141732 -1.161417 0.039370,
        -0.826772 -1.161417 1.114944,
        -0.944882 -1.161417 1.114944,
        -0.826772 -1.161417 0.039370,
        -0.944882 -1.161417 0.039370,
        -0.629921 -1.161417 1.114944,
        -0.748031 -1.161417 1.114944,
        -0.629921 -1.161417 0.039370,
        -0.748031 -1.161417 0.039370,
        -0.433071 -1.161417 1.114944,
        -0.551181 -1.161417 1.114944,
        -0.433071 -1.161417 0.039370,
        -0.551181 -1.161417 0.039370,
        -0.236220 -1.161417 1.114944,
        -0.354331 -1.161417 1.114944,
        -0.236220 -1.161417 0.039370,
        -0.354331 -1.161417 0.039370,
        -0.039370 -1.161417 1.114944,
        -0.157480 -1.161417 1.114944,
        -0.039370 -1.161417 0.039370,
        -0.157480 -1.161417 0.039370,
        0.157480 -1.161417 1.114944,
        0.039370 -1.161417 1.114944,
        0.157480 -1.161417 0.039370,
        0.039370 -1.161417 0.039370,
        0.354331 -1.161417 1.114944,
        0.236220 -1.161417 1.114944,
        0.354331 -1.161417 0.039370,
        0.236220 -1.161417 0.039370,
        0.551181 -1.161417 1.114944,
        0.433071 -1.161417 1.114944,
        0.551181 -1.161417 0.039370,
        0.433071 -1.161417 0.039370,
        0.748031 -1.161417 1.114944,
        0.629921 -1.161417 1.114944,
        0.748031 -1.161417 0.039370,
        0.629921 -1.161417 0.039370,
        0.944882 -1.161417 1.114944,
        0.826772 -1.161417 1.114944,
        0.944882 -1.161417 0.039370,
        0.826772 -1.161417 0.039370,
        1.141732 -1.161417 1.114944,
        1.023622 -1.161417 1.114944,
        1.141732 -1.161417 0.039370,
        1.023622 -1.161417 0.039370,
        1.338583 -1.161417 1.114944,
        1.220472 -1.161417 1.114944,
        1.338583 -1.161417 0.039370,
        1.220472 -1.161417 0.039370,
        1.535433 -1.161417 1.114944,
        1.417323 -1.161417 1.114944,
        1.535433 -1.161417 0.039370,
        1.417323 -1.161417 0.039370,
        1.732283 -1.161417 1.114944,
        1.614173 -1.161417 1.114944,
        1.732283 -1.161417 0.039370,
        1.614173 -1.161417 0.039370,
        1.929134 -1.161417 1.114944,
        1.811024 -1.161417 1.114944,
        1.929134 -1.161417 0.039370,
        1.811024 -1.161417 0.039370,
        -3.582677 -1.161417 0.039370,
        -3.582677 -1.161417 2.795276,
        -3.769685 -1.161417 2.598425,
        -3.769685 -1.161417 2.795276,
        -4.301181 -1.161417 0.039370,
        -4.145961 -1.161417 1.897275,
        -4.301181 -1.161417 2.795276,
        -4.145961 -1.161417 2.190271,
        -3.966535 -1.161417 2.795276,
        -3.819480 -1.161417 1.897275,
        -3.819480 -1.161417 2.190271,
        -3.966535 -1.161417 2.598425,
        -3.911564 -1.161417 0.850861,
        -3.911564 -1.161417 1.629393,
        -4.145961 -1.161417 1.629393,
        -4.145961 -1.161417 0.850861,
        -4.145961 -1.161417 0.616464,
        -3.819480 -1.161417 0.616464,
        -3.819480 -1.161417 0.181155,
        -4.145961 -1.161417 0.181155,
        4.145961 -1.161417 1.897275,
        4.301181 -1.161417 0.039370,
        4.301181 -1.161417 2.795276,
        3.966535 -1.161417 2.795276,
        3.966535 -1.161417 2.598425,
        4.145961 -1.161417 0.616464,
        4.145961 -1.161417 0.181155,
        3.769685 -1.161417 2.795276,
        3.582677 -1.161417 2.795276,
        3.769685 -1.161417 2.598425,
        3.582677 -1.161417 0.039370,
        4.145961 -1.161417 2.190271,
        3.819480 -1.161417 2.190271,
        3.819480 -1.161417 0.181155,
        3.819480 -1.161417 0.616464,
        3.911564 -1.161417 1.629393,
        3.911564 -1.161417 0.850861,
        4.145961 -1.161417 0.850861,
        3.819480 -1.161417 1.897275,
        4.145961 -1.161417 1.629393,
        -3.503937 -0.927470 1.852224,
        -3.503937 -1.161417 1.852224,
        -3.503937 -1.161417 2.795276,
        -3.503937 -0.890305 0.039370,
        -3.503937 -0.890305 0.301306,
        -3.503937 -0.397208 0.301306,
        -3.503937 -0.927470 1.114944,
        -3.582677 -0.890305 0.301306,
        -3.582677 -0.890305 0.039370,
        -3.582677 -0.397208 0.301306,
        2.007874 -0.927470 1.852224,
        2.007874 -1.161417 1.852224,
        2.007874 -0.890305 0.039370,
        2.007874 -0.890305 0.301306,
        2.007874 -0.397208 0.301306,
        2.007874 -0.927470 1.114944,
        1.929134 -1.161417 2.795276,
        1.929134 -1.161417 1.852224,
        1.929134 -0.927470 1.852224,
        1.929134 -0.890305 0.039370,
        1.929134 -0.890305 0.301306,
        1.929134 -0.927470 1.114944,
        1.929134 -0.397208 0.301306,
        1.811024 -0.927470 1.852224,
        1.811024 -1.161417 1.852224,
        1.811024 -1.161417 2.795276,
        1.811024 -0.890305 0.039370,
        1.811024 -0.890305 0.301306,
        1.811024 -0.397208 0.301306,
        1.811024 -0.927470 1.114944,
        1.732283 -1.161417 2.795276,
        1.732283 -1.161417 1.852224,
        1.732283 -0.927470 1.852224,
        1.732283 -0.890305 0.039370,
        1.732283 -0.890305 0.301306,
        1.732283 -0.927470 1.114944,
        1.732283 -0.397208 0.301306,
        1.614173 -0.927470 1.852224,
        1.614173 -1.161417 1.852224,
        1.614173 -1.161417 2.795276,
        1.614173 -0.890305 0.039370,
        1.614173 -0.890305 0.301306,
        1.614173 -0.397208 0.301306,
        1.614173 -0.927470 1.114944,
        1.535433 -1.161417 2.795276,
        1.535433 -1.161417 1.852224,
        1.535433 -0.927470 1.852224,
        1.535433 -0.890305 0.039370,
        1.535433 -0.890305 0.301306,
        1.535433 -0.927470 1.114944,
        1.535433 -0.397208 0.301306,
        1.417323 -0.927470 1.852224,
        1.417323 -1.161417 1.852224,
        1.417323 -1.161417 2.795276,
        1.417323 -0.890305 0.039370,
        1.417323 -0.890305 0.301306,
        1.417323 -0.397208 0.301306,
        1.417323 -0.927470 1.114944,
        1.338583 -1.161417 2.795276,
        1.338583 -1.161417 1.852224,
        1.338583 -0.927470 1.852224,
        1.338583 -0.890305 0.039370,
        1.338583 -0.890305 0.301306,
        1.338583 -0.927470 1.114944,
        1.338583 -0.397208 0.301306,
        1.220472 -0.927470 1.852224,
        1.220472 -1.161417 1.852224,
        1.220472 -1.161417 2.795276,
        1.220472 -0.890305 0.039370,
        1.220472 -0.890305 0.301306,
        1.220472 -0.397208 0.301306,
        1.220472 -0.927470 1.114944,
        1.141732 -1.161417 2.795276,
        1.141732 -1.161417 1.852224,
        1.141732 -0.927470 1.852224,
        1.141732 -0.890305 0.039370,
        1.141732 -0.890305 0.301306,
        1.141732 -0.927470 1.114944,
        1.141732 -0.397208 0.301306,
        1.023622 -0.927470 1.852224,
        1.023622 -1.161417 1.852224,
        1.023622 -1.161417 2.795276,
        1.023622 -0.890305 0.039370,
        1.023622 -0.890305 0.301306,
        1.023622 -0.397208 0.301306,
        1.023622 -0.927470 1.114944,
        0.944882 -1.161417 2.795276,
        0.944882 -1.161417 1.852224,
        0.944882 -0.927470 1.852224,
        0.944882 -0.890305 0.039370,
        0.944882 -0.890305 0.301306,
        0.944882 -0.927470 1.114944,
        0.944882 -0.397208 0.301306,
        0.826772 -0.927470 1.852224,
        0.826772 -1.161417 1.852224,
        0.826772 -1.161417 2.795276,
        0.826772 -0.890305 0.039370,
        0.826772 -0.890305 0.301306,
        0.826772 -0.397208 0.301306,
        0.826772 -0.927470 1.114944,
        0.748031 -1.161417 2.795276,
        0.748031 -1.161417 1.852224,
        0.748031 -0.927470 1.852224,
        0.748031 -0.890305 0.039370,
        0.748031 -0.890305 0.301306,
        0.748031 -0.927470 1.114944,
        0.748031 -0.397208 0.301306,
        0.629921 -0.927470 1.852224,
        0.629921 -1.161417 1.852224,
        0.629921 -1.161417 2.795276,
        0.629921 -0.890305 0.039370,
        0.629921 -0.890305 0.301306,
        0.629921 -0.397208 0.301306,
        0.629921 -0.927470 1.114944,
        0.551181 -1.161417 2.795276,
        0.551181 -1.161417 1.852224,
        0.551181 -0.927470 1.852224,
        0.551181 -0.890305 0.039370,
        0.551181 -0.890305 0.301306,
        0.551181 -0.927470 1.114944,
        0.551181 -0.397208 0.301306,
        0.433071 -0.927470 1.852224,
        0.433071 -1.161417 1.852224,
        0.433071 -1.161417 2.795276,
        0.433071 -0.890305 0.039370,
        0.433071 -0.890305 0.301306,
        0.433071 -0.397208 0.301306,
        0.433071 -0.927470 1.114944,
        0.354331 -1.161417 2.795276,
        0.354331 -1.161417 1.852224,
        0.354331 -0.927470 1.852224,
        0.354331 -0.890305 0.039370,
        0.354331 -0.890305 0.301306,
        0.354331 -0.927470 1.114944,
        0.354331 -0.397208 0.301306,
        0.236220 -0.927470 1.852224,
        0.236220 -1.161417 1.852224,
        0.236220 -1.161417 2.795276,
        0.236220 -0.890305 0.039370,
        0.236220 -0.890305 0.301306,
        0.236220 -0.397208 0.301306,
        0.236220 -0.927470 1.114944,
        0.157480 -1.161417 2.795276,
        0.157480 -1.161417 1.852224,
        0.157480 -0.927470 1.852224,
        0.157480 -0.890305 0.039370,
        0.157480 -0.890305 0.301306,
        0.157480 -0.927470 1.114944,
        0.157480 -0.397208 0.301306,
        0.039370 -0.927470 1.852224,
        0.039370 -1.161417 1.852224,
        0.039370 -1.161417 2.795276,
        0.039370 -0.890305 0.039370,
        0.039370 -0.890305 0.301306,
        0.039370 -0.397208 0.301306,
        0.039370 -0.927470 1.114944,
        -0.039370 -1.161417 2.795276,
        -0.039370 -1.161417 1.852224,
        -0.039370 -0.927470 1.852224,
        -0.039370 -0.890305 0.039370,
        -0.039370 -0.890305 0.301306,
        -0.039370 -0.927470 1.114944,
        -0.039370 -0.397208 0.301306,
        -0.157480 -0.927470 1.852224,
        -0.157480 -1.161417 1.852224,
        -0.157480 -1.161417 2.795276,
        -0.157480 -0.890305 0.039370,
        -0.157480 -0.890305 0.301306,
        -0.157480 -0.397208 0.301306,
        -0.157480 -0.927470 1.114944,
        -0.236220 -1.161417 2.795276,
        -0.236220 -1.161417 1.852224,
        -0.236220 -0.927470 1.852224,
        -0.236220 -0.890305 0.039370,
        -0.236220 -0.890305 0.301306,
        -0.236220 -0.927470 1.114944,
        -0.236220 -0.397208 0.301306,
        -0.354331 -0.927470 1.852224,
        -0.354331 -1.161417 1.852224,
        -0.354331 -1.161417 2.795276,
        -0.354331 -0.890305 0.039370,
        -0.354331 -0.890305 0.301306,
        -0.354331 -0.397208 0.301306,
        -0.354331 -0.927470 1.114944,
        -0.433071 -1.161417 2.795276,
        -0.433071 -1.161417 1.852224,
        -0.433071 -0.927470 1.852224,
        -0.433071 -0.890305 0.039370,
        -0.433071 -0.890305 0.301306,
        -0.433071 -0.927470 1.114944,
        -0.433071 -0.397208 0.301306,
        -0.551181 -0.927470 1.852224,
        -0.551181 -1.161417 1.852224,
        -0.551181 -1.161417 2.795276,
        -0.551181 -0.890305 0.039370,
        -0.551181 -0.890305 0.301306,
        -0.551181 -0.397208 0.301306,
        -0.551181 -0.927470 1.114944,
        -0.629921 -1.161417 2.795276,
        -0.629921 -1.161417 1.852224,
        -0.629921 -0.927470 1.852224,
        -0.629921 -0.890305 0.039370,
        -0.629921 -0.890305 0.301306,
        -0.629921 -0.927470 1.114944,
        -0.629921 -0.397208 0.301306,
        -0.748031 -0.927470 1.852224,
        -0.748031 -1.161417 1.852224,
        -0.748031 -1.161417 2.795276,
        -0.748031 -0.890305 0.039370,
        -0.748031 -0.890305 0.301306,
        -0.748031 -0.397208 0.301306,
        -0.748031 -0.927470 1.114944,
        -0.826772 -1.161417 2.795276,
        -0.826772 -1.161417 1.852224,
        -0.826772 -0.927470 1.852224,
        -0.826772 -0.890305 0.039370,
        -0.826772 -0.890305 0.301306,
        -0.826772 -0.927470 1.114944,
        -0.826772 -0.397208 0.301306,
        -0.944882 -0.927470 1.852224,
        -0.944882 -1.161417 1.852224,
        -0.944882 -1.161417 2.795276,
        -0.944882 -0.890305 0.039370,
        -0.944882 -0.890305 0.301306,
        -0.944882 -0.397208 0.301306,
        -0.944882 -0.927470 1.114944,
        -1.023622 -1.161417 2.795276,
        -1.023622 -1.161417 1.852224,
        -1.023622 -0.927470 1.852224,
        -1.023622 -0.890305 0.039370,
        -1.023622 -0.890305 0.301306,
        -1.023622 -0.927470 1.114944,
        -1.023622 -0.397208 0.301306,
        -1.141732 -0.927470 1.852224,
        -1.141732 -1.161417 1.852224,
        -1.141732 -1.161417 2.795276,
        -1.141732 -0.890305 0.039370,
        -1.141732 -0.890305 0.301306,
        -1.141732 -0.397208 0.301306,
        -1.141732 -0.927470 1.114944,
        -1.220472 -1.161417 2.795276,
        -1.220472 -1.161417 1.852224,
        -1.220472 -0.927470 1.852224,
        -1.220472 -0.890305 0.039370,
        -1.220472 -0.890305 0.301306,
        -1.220472 -0.927470 1.114944,
        -1.220472 -0.397208 0.301306,
        -1.338583 -0.927470 1.852224,
        -1.338583 -1.161417 1.852224,
        -1.338583 -1.161417 2.795276,
        -1.338583 -0.890305 0.039370,
        -1.338583 -0.890305 0.301306,
        -1.338583 -0.397208 0.301306,
        -1.338583 -0.927470 1.114944,
        -1.417323 -1.161417 2.795276,
        -1.417323 -1.161417 1.852224,
        -1.417323 -0.927470 1.852224,
        -1.417323 -0.890305 0.039370,
        -1.417323 -0.890305 0.301306,
        -1.417323 -0.927470 1.114944,
        -1.417323 -0.397208 0.301306,
        -1.535433 -0.927470 1.852224,
        -1.535433 -1.161417 1.852224,
        -1.535433 -1.161417 2.795276,
        -1.535433 -0.890305 0.039370,
        -1.535433 -0.890305 0.301306,
        -1.535433 -0.397208 0.301306,
        -1.535433 -0.927470 1.114944,
        -1.614173 -1.161417 2.795276,
        -1.614173 -1.161417 1.852224,
        -1.614173 -0.927470 1.852224,
        -1.614173 -0.890305 0.039370,
        -1.614173 -0.890305 0.301306,
        -1.614173 -0.927470 1.114944,
        -1.614173 -0.397208 0.301306,
        -1.732283 -0.927470 1.852224,
        -1.732283 -1.161417 1.852224,
        -1.732283 -1.161417 2.795276,
        -1.732283 -0.890305 0.039370,
        -1.732283 -0.890305 0.301306,
        -1.732283 -0.397208 0.301306,
        -1.732283 -0.927470 1.114944,
        -1.811024 -1.161417 2.795276,
        -1.811024 -1.161417 1.852224,
        -1.811024 -0.927470 1.852224,
        -1.811024 -0.890305 0.039370,
        -1.811024 -0.890305 0.301306,
        -1.811024 -0.927470 1.114944,
        -1.811024 -0.397208 0.301306,
        -1.929134 -0.927470 1.852224,
        -1.929134 -1.161417 1.852224,
        -1.929134 -1.161417 2.795276,
        -1.929134 -0.890305 0.039370,
        -1.929134 -0.890305 0.301306,
        -1.929134 -0.397208 0.301306,
        -1.929134 -0.927470 1.114944,
        -2.007874 -1.161417 2.795276,
        -2.007874 -1.161417 1.852224,
        -2.007874 -0.927470 1.852224,
        -2.007874 -0.890305 0.039370,
        -2.007874 -0.890305 0.301306,
        -2.007874 -0.927470 1.114944,
        -2.007874 -0.397208 0.301306,
        -2.125984 -0.927470 1.852224,
        -2.125984 -1.161417 1.852224,
        -2.125984 -1.161417 2.795276,
        -2.125984 -0.890305 0.039370,
        -2.125984 -0.890305 0.301306,
        -2.125984 -0.397208 0.301306,
        -2.125984 -0.927470 1.114944,
        -2.204724 -1.161417 2.795276,
        -2.204724 -1.161417 1.852224,
        -2.204724 -0.927470 1.852224,
        -2.204724 -0.890305 0.039370,
        -2.204724 -0.890305 0.301306,
        -2.204724 -0.927470 1.114944,
        -2.204724 -0.397208 0.301306,
        -2.322835 -0.927470 1.852224,
        -2.322835 -1.161417 1.852224,
        -2.322835 -1.161417 2.795276,
        -2.322835 -0.890305 0.039370,
        -2.322835 -0.890305 0.301306,
        -2.322835 -0.397208 0.301306,
        -2.322835 -0.927470 1.114944,
        -2.401575 -1.161417 2.795276,
        -2.401575 -1.161417 1.852224,
        -2.401575 -0.927470 1.852224,
        -2.401575 -0.890305 0.039370,
        -2.401575 -0.890305 0.301306,
        -2.401575 -0.927470 1.114944,
        -2.401575 -0.397208 0.301306,
        -2.519685 -0.927470 1.852224,
        -2.519685 -1.161417 1.852224,
        -2.519685 -1.161417 2.795276,
        -2.519685 -0.890305 0.039370,
        -2.519685 -0.890305 0.301306,
        -2.519685 -0.397208 0.301306,
        -2.519685 -0.927470 1.114944,
        -2.598425 -1.161417 2.795276,
        -2.598425 -1.161417 1.852224,
        -2.598425 -0.927470 1.852224,
        -2.598425 -0.890305 0.039370,
        -2.598425 -0.890305 0.301306,
        -2.598425 -0.927470 1.114944,
        -2.598425 -0.397208 0.301306,
        -2.716535 -0.927470 1.852224,
        -2.716535 -1.161417 1.852224,
        -2.716535 -1.161417 2.795276,
        -2.716535 -0.890305 0.039370,
        -2.716535 -0.890305 0.301306,
        -2.716535 -0.397208 0.301306,
        -2.716535 -0.927470 1.114944,
        -2.795276 -1.161417 2.795276,
        -2.795276 -1.161417 1.852224,
        -2.795276 -0.927470 1.852224,
        -2.795276 -0.890305 0.039370,
        -2.795276 -0.890305 0.301306,
        -2.795276 -0.927470 1.114944,
        -2.795276 -0.397208 0.301306,
        -2.913386 -0.927470 1.852224,
        -2.913386 -1.161417 1.852224,
        -2.913386 -1.161417 2.795276,
        -2.913386 -0.890305 0.039370,
        -2.913386 -0.890305 0.301306,
        -2.913386 -0.397208 0.301306,
        -2.913386 -0.927470 1.114944,
        -2.992126 -1.161417 2.795276,
        -2.992126 -1.161417 1.852224,
        -2.992126 -0.927470 1.852224,
        -2.992126 -0.890305 0.039370,
        -2.992126 -0.890305 0.301306,
        -2.992126 -0.927470 1.114944,
        -2.992126 -0.397208 0.301306,
        -3.110236 -0.927470 1.852224,
        -3.110236 -1.161417 1.852224,
        -3.110236 -1.161417 2.795276,
        -3.110236 -0.890305 0.039370,
        -3.110236 -0.890305 0.301306,
        -3.110236 -0.397208 0.301306,
        -3.110236 -0.927470 1.114944,
        -3.188976 -1.161417 2.795276,
        -3.188976 -1.161417 1.852224,
        -3.188976 -0.927470 1.852224,
        -3.188976 -0.890305 0.039370,
        -3.188976 -0.890305 0.301306,
        -3.188976 -0.927470 1.114944,
        -3.188976 -0.397208 0.301306,
        -3.307087 -0.927470 1.852224,
        -3.307087 -1.161417 1.852224,
        -3.307087 -1.161417 2.795276,
        -3.307087 -0.890305 0.039370,
        -3.307087 -0.890305 0.301306,
        -3.307087 -0.397208 0.301306,
        -3.307087 -0.927470 1.114944,
        -3.385827 -1.161417 2.795276,
        -3.385827 -1.161417 1.852224,
        -3.385827 -0.927470 1.852224,
        -3.385827 -0.890305 0.039370,
        -3.385827 -0.890305 0.301306,
        -3.385827 -0.927470 1.114944,
        -3.385827 -0.397208 0.301306,
        2.992126 -0.927470 1.852224,
        2.992126 -1.161417 1.852224,
        2.992126 -1.161417 2.795276,
        2.992126 -0.890305 0.039370,
        2.992126 -0.890305 0.301306,
        2.992126 -0.397208 0.301306,
        2.992126 -0.927470 1.114944,
        2.992126 -0.397208 2.880997,
        2.992126 -1.043307 2.795276,
        2.913386 -1.161417 2.795276,
        2.913386 -1.161417 1.852224,
        2.913386 -1.043307 2.795276,
        2.913386 -0.927470 1.852224,
        2.913386 -0.890305 0.039370,
        2.913386 -0.890305 0.301306,
        2.913386 -0.927470 1.114944,
        2.913386 -0.397208 0.301306,
        2.913386 -0.397208 2.880997,
      ]
    }
    coordIndex [
      121, 122, 123, -1,
      123, 122, 124, -1,
      123, 124, 119, -1,
      119, 124, 120, -1,
      121, 117, 122, -1,
      122, 117, 118, -1,
      125, 126, 127, -1,
      127, 126, 128, -1,
      127, 128, 129, -1,
      129, 128, 130, -1,
      129, 130, 131, -1,
      131, 130, 132, -1,
      133, 134, 135, -1,
      136, 131, 132, -1,
      137, 138, 139, -1,
      139, 140, 137, -1,
      137, 140, 141, -1,
      137, 141, 142, -1,
      142, 141, 143, -1,
      142, 143, 144, -1,
      144, 143, 145, -1,
      144, 145, 140, -1,
      140, 145, 146, -1,
      140, 146, 141, -1,
      147, 148, 149, -1,
      150, 151, 152, -1,
      153, 154, 138, -1,
      138, 154, 155, -1,
      138, 155, 156, -1,
      157, 158, 156, -1,
      156, 158, 159, -1,
      156, 159, 138, -1,
      138, 159, 160, -1,
      161, 162, 160, -1,
      160, 162, 163, -1,
      160, 163, 138, -1,
      138, 163, 164, -1,
      165, 166, 164, -1,
      164, 166, 167, -1,
      164, 167, 138, -1,
      138, 167, 168, -1,
      169, 170, 168, -1,
      168, 170, 171, -1,
      168, 171, 138, -1,
      138, 171, 172, -1,
      173, 174, 172, -1,
      172, 174, 175, -1,
      172, 175, 138, -1,
      138, 175, 176, -1,
      177, 178, 176, -1,
      176, 178, 179, -1,
      176, 179, 138, -1,
      138, 179, 180, -1,
      181, 182, 180, -1,
      180, 182, 183, -1,
      180, 183, 138, -1,
      138, 183, 184, -1,
      185, 186, 184, -1,
      184, 186, 187, -1,
      184, 187, 138, -1,
      138, 187, 188, -1,
      189, 190, 138, -1,
      149, 189, 147, -1,
      147, 189, 138, -1,
      147, 138, 191, -1,
      191, 138, 188, -1,
      191, 188, 192, -1,
      192, 188, 193, -1,
      194, 195, 190, -1,
      190, 195, 196, -1,
      190, 196, 138, -1,
      138, 196, 197, -1,
      152, 139, 150, -1,
      150, 139, 138, -1,
      150, 138, 198, -1,
      198, 138, 197, -1,
      198, 197, 199, -1,
      199, 197, 200, -1,
      201, 202, 203, -1,
      203, 202, 204, -1,
      205, 206, 207, -1,
      207, 206, 208, -1,
      207, 208, 209, -1,
      209, 208, 210, -1,
      209, 210, 211, -1,
      211, 210, 212, -1,
      211, 212, 205, -1,
      213, 214, 138, -1,
      215, 216, 217, -1,
      216, 215, 218, -1,
      218, 215, 219, -1,
      218, 219, 220, -1,
      220, 219, 221, -1,
      220, 221, 213, -1,
      205, 212, 206, -1,
      206, 212, 203, -1,
      206, 203, 138, -1,
      138, 203, 204, -1,
      138, 204, 222, -1,
      223, 224, 225, -1,
      226, 227, 222, -1,
      222, 227, 228, -1,
      222, 228, 138, -1,
      138, 228, 229, -1,
      230, 231, 138, -1,
      232, 233, 229, -1,
      229, 233, 234, -1,
      229, 234, 138, -1,
      138, 234, 235, -1,
      236, 237, 238, -1,
      239, 240, 214, -1,
      214, 240, 241, -1,
      214, 241, 138, -1,
      138, 241, 242, -1,
      243, 244, 235, -1,
      235, 244, 245, -1,
      235, 245, 138, -1,
      138, 245, 215, -1,
      138, 215, 213, -1,
      213, 215, 217, -1,
      213, 217, 220, -1,
      246, 247, 242, -1,
      242, 247, 248, -1,
      242, 248, 138, -1,
      138, 248, 223, -1,
      138, 223, 230, -1,
      230, 223, 225, -1,
      249, 250, 138, -1,
      251, 252, 231, -1,
      231, 252, 253, -1,
      231, 253, 138, -1,
      138, 253, 236, -1,
      138, 236, 249, -1,
      249, 236, 238, -1,
      254, 255, 256, -1,
      257, 258, 138, -1,
      256, 257, 254, -1,
      254, 257, 138, -1,
      254, 138, 259, -1,
      259, 138, 250, -1,
      259, 250, 260, -1,
      260, 250, 261, -1,
      262, 263, 264, -1,
      265, 266, 138, -1,
      264, 265, 262, -1,
      262, 265, 138, -1,
      262, 138, 267, -1,
      267, 138, 258, -1,
      267, 258, 268, -1,
      268, 258, 269, -1,
      270, 271, 272, -1,
      273, 274, 138, -1,
      272, 273, 270, -1,
      270, 273, 138, -1,
      270, 138, 275, -1,
      275, 138, 266, -1,
      275, 266, 276, -1,
      276, 266, 277, -1,
      278, 279, 280, -1,
      281, 282, 138, -1,
      280, 281, 278, -1,
      278, 281, 138, -1,
      278, 138, 283, -1,
      283, 138, 274, -1,
      283, 274, 284, -1,
      284, 274, 285, -1,
      286, 153, 287, -1,
      287, 153, 138, -1,
      287, 138, 288, -1,
      288, 138, 282, -1,
      288, 282, 289, -1,
      289, 282, 290, -1,
      291, 292, 208, -1,
      208, 292, 210, -1,
      210, 292, 293, -1,
      210, 293, 294, -1,
      126, 125, 295, -1,
      132, 210, 136, -1,
      136, 210, 294, -1,
      136, 294, 295, -1,
      295, 294, 291, -1,
      295, 291, 126, -1,
      126, 291, 208, -1,
      144, 296, 297, -1,
      297, 296, 298, -1,
      135, 142, 133, -1,
      133, 142, 299, -1,
      133, 299, 297, -1,
      297, 299, 300, -1,
      297, 300, 144, -1,
      144, 300, 301, -1,
      144, 301, 142, -1,
      142, 301, 302, -1,
      142, 302, 299, -1,
      303, 304, 305, -1,
      305, 304, 306, -1,
      307, 308, 309, -1,
      309, 308, 310, -1,
      311, 309, 312, -1,
      312, 309, 310, -1,
      312, 310, 303, -1,
      303, 310, 304, -1,
      313, 314, 315, -1,
      315, 314, 316, -1,
      317, 315, 318, -1,
      318, 315, 316, -1,
      318, 316, 319, -1,
      319, 316, 320, -1,
      313, 315, 309, -1,
      309, 315, 307, -1,
      321, 322, 323, -1,
      323, 322, 324, -1,
      325, 323, 326, -1,
      326, 323, 324, -1,
      326, 324, 201, -1,
      201, 324, 202, -1,
      327, 328, 329, -1,
      329, 328, 330, -1,
      331, 329, 332, -1,
      332, 329, 330, -1,
      332, 330, 306, -1,
      306, 330, 305, -1,
      327, 329, 323, -1,
      323, 329, 321, -1,
      332, 310, 331, -1,
      331, 310, 308, -1,
      333, 334, 335, -1,
      335, 334, 336, -1,
      336, 334, 320, -1,
      320, 334, 319, -1,
      337, 338, 339, -1,
      339, 338, 340, -1,
      341, 342, 343, -1,
      343, 342, 344, -1,
      345, 343, 346, -1,
      346, 343, 344, -1,
      346, 344, 337, -1,
      337, 344, 338, -1,
      347, 348, 349, -1,
      349, 348, 350, -1,
      351, 349, 352, -1,
      352, 349, 350, -1,
      352, 350, 353, -1,
      353, 350, 354, -1,
      347, 349, 343, -1,
      343, 349, 341, -1,
      355, 356, 357, -1,
      357, 356, 358, -1,
      359, 357, 360, -1,
      360, 357, 358, -1,
      360, 358, 226, -1,
      226, 358, 227, -1,
      361, 362, 363, -1,
      363, 362, 364, -1,
      365, 363, 366, -1,
      366, 363, 364, -1,
      366, 364, 340, -1,
      340, 364, 339, -1,
      361, 363, 357, -1,
      357, 363, 355, -1,
      366, 344, 365, -1,
      365, 344, 342, -1,
      367, 368, 369, -1,
      369, 368, 370, -1,
      370, 368, 354, -1,
      354, 368, 353, -1,
      371, 372, 373, -1,
      373, 372, 374, -1,
      375, 376, 377, -1,
      378, 379, 380, -1,
      372, 371, 380, -1,
      380, 371, 375, -1,
      380, 375, 378, -1,
      378, 375, 377, -1,
      381, 382, 383, -1,
      383, 382, 384, -1,
      385, 383, 386, -1,
      386, 383, 384, -1,
      386, 384, 387, -1,
      387, 384, 388, -1,
      381, 383, 377, -1,
      377, 383, 378, -1,
      389, 390, 391, -1,
      391, 390, 392, -1,
      393, 391, 394, -1,
      394, 391, 392, -1,
      394, 392, 232, -1,
      232, 392, 233, -1,
      395, 396, 397, -1,
      397, 396, 398, -1,
      399, 397, 400, -1,
      400, 397, 398, -1,
      400, 398, 374, -1,
      374, 398, 373, -1,
      395, 397, 391, -1,
      391, 397, 389, -1,
      400, 380, 399, -1,
      399, 380, 379, -1,
      401, 402, 403, -1,
      403, 402, 404, -1,
      404, 402, 388, -1,
      388, 402, 387, -1,
      405, 406, 407, -1,
      407, 406, 408, -1,
      409, 410, 411, -1,
      412, 413, 414, -1,
      406, 405, 414, -1,
      414, 405, 409, -1,
      414, 409, 412, -1,
      412, 409, 411, -1,
      415, 416, 417, -1,
      417, 416, 418, -1,
      419, 417, 420, -1,
      420, 417, 418, -1,
      420, 418, 421, -1,
      421, 418, 422, -1,
      415, 417, 411, -1,
      411, 417, 412, -1,
      423, 424, 425, -1,
      426, 427, 428, -1,
      244, 243, 428, -1,
      428, 243, 423, -1,
      428, 423, 426, -1,
      426, 423, 425, -1,
      429, 430, 431, -1,
      431, 430, 432, -1,
      433, 431, 434, -1,
      434, 431, 432, -1,
      434, 432, 408, -1,
      408, 432, 407, -1,
      429, 431, 425, -1,
      425, 431, 426, -1,
      434, 414, 433, -1,
      433, 414, 413, -1,
      435, 436, 437, -1,
      437, 436, 438, -1,
      438, 436, 422, -1,
      422, 436, 421, -1,
      439, 440, 441, -1,
      441, 440, 442, -1,
      441, 442, 443, -1,
      443, 442, 444, -1,
      443, 444, 445, -1,
      445, 444, 446, -1,
      445, 446, 439, -1,
      439, 446, 440, -1,
      447, 448, 449, -1,
      450, 451, 452, -1,
      444, 442, 452, -1,
      452, 442, 447, -1,
      452, 447, 450, -1,
      450, 447, 449, -1,
      453, 454, 455, -1,
      455, 454, 456, -1,
      457, 453, 458, -1,
      458, 453, 455, -1,
      458, 455, 459, -1,
      459, 455, 460, -1,
      454, 453, 449, -1,
      449, 453, 450, -1,
      461, 462, 463, -1,
      464, 465, 466, -1,
      221, 219, 466, -1,
      466, 219, 461, -1,
      466, 461, 464, -1,
      464, 461, 463, -1,
      467, 468, 469, -1,
      469, 468, 470, -1,
      471, 467, 472, -1,
      472, 467, 469, -1,
      472, 469, 446, -1,
      446, 469, 440, -1,
      468, 467, 463, -1,
      463, 467, 464, -1,
      472, 452, 471, -1,
      471, 452, 451, -1,
      473, 474, 475, -1,
      475, 474, 476, -1,
      477, 475, 478, -1,
      478, 475, 476, -1,
      478, 476, 479, -1,
      479, 476, 480, -1,
      481, 482, 483, -1,
      483, 482, 484, -1,
      485, 483, 486, -1,
      486, 483, 484, -1,
      486, 484, 487, -1,
      487, 484, 488, -1,
      481, 483, 475, -1,
      475, 483, 473, -1,
      489, 490, 491, -1,
      491, 490, 492, -1,
      493, 491, 494, -1,
      494, 491, 492, -1,
      494, 492, 239, -1,
      239, 492, 240, -1,
      495, 496, 497, -1,
      497, 496, 498, -1,
      499, 497, 500, -1,
      500, 497, 498, -1,
      500, 498, 501, -1,
      501, 498, 502, -1,
      495, 497, 491, -1,
      491, 497, 489, -1,
      500, 476, 499, -1,
      499, 476, 474, -1,
      503, 504, 505, -1,
      505, 504, 506, -1,
      507, 505, 508, -1,
      508, 505, 506, -1,
      508, 506, 509, -1,
      509, 506, 510, -1,
      511, 512, 513, -1,
      513, 512, 514, -1,
      515, 513, 516, -1,
      516, 513, 514, -1,
      516, 514, 517, -1,
      517, 514, 518, -1,
      511, 513, 505, -1,
      505, 513, 503, -1,
      519, 520, 521, -1,
      521, 520, 522, -1,
      523, 521, 524, -1,
      524, 521, 522, -1,
      524, 522, 246, -1,
      246, 522, 247, -1,
      525, 526, 527, -1,
      527, 526, 528, -1,
      529, 527, 530, -1,
      530, 527, 528, -1,
      530, 528, 531, -1,
      531, 528, 532, -1,
      525, 527, 521, -1,
      521, 527, 519, -1,
      530, 506, 529, -1,
      529, 506, 504, -1,
      533, 534, 535, -1,
      535, 534, 536, -1,
      537, 535, 538, -1,
      538, 535, 536, -1,
      538, 536, 539, -1,
      539, 536, 540, -1,
      541, 542, 543, -1,
      543, 542, 544, -1,
      545, 543, 546, -1,
      546, 543, 544, -1,
      546, 544, 547, -1,
      547, 544, 548, -1,
      541, 543, 535, -1,
      535, 543, 533, -1,
      549, 550, 551, -1,
      551, 550, 552, -1,
      553, 551, 554, -1,
      554, 551, 552, -1,
      554, 552, 224, -1,
      224, 552, 225, -1,
      555, 556, 557, -1,
      557, 556, 558, -1,
      559, 557, 560, -1,
      560, 557, 558, -1,
      560, 558, 561, -1,
      561, 558, 562, -1,
      555, 557, 551, -1,
      551, 557, 549, -1,
      560, 536, 559, -1,
      559, 536, 534, -1,
      563, 564, 565, -1,
      565, 564, 566, -1,
      567, 565, 568, -1,
      568, 565, 566, -1,
      568, 566, 569, -1,
      569, 566, 570, -1,
      571, 572, 573, -1,
      573, 572, 574, -1,
      575, 573, 576, -1,
      576, 573, 574, -1,
      576, 574, 577, -1,
      577, 574, 578, -1,
      571, 573, 565, -1,
      565, 573, 563, -1,
      579, 580, 581, -1,
      581, 580, 582, -1,
      583, 581, 584, -1,
      584, 581, 582, -1,
      584, 582, 251, -1,
      251, 582, 252, -1,
      585, 586, 587, -1,
      587, 586, 588, -1,
      589, 587, 590, -1,
      590, 587, 588, -1,
      590, 588, 591, -1,
      591, 588, 592, -1,
      585, 587, 581, -1,
      581, 587, 579, -1,
      590, 566, 589, -1,
      589, 566, 564, -1,
      593, 594, 595, -1,
      595, 594, 596, -1,
      597, 595, 598, -1,
      598, 595, 596, -1,
      598, 596, 599, -1,
      599, 596, 600, -1,
      601, 602, 603, -1,
      603, 602, 604, -1,
      605, 603, 606, -1,
      606, 603, 604, -1,
      606, 604, 607, -1,
      607, 604, 608, -1,
      601, 603, 595, -1,
      595, 603, 593, -1,
      609, 610, 611, -1,
      611, 610, 612, -1,
      613, 611, 614, -1,
      614, 611, 612, -1,
      614, 612, 237, -1,
      237, 612, 238, -1,
      615, 616, 617, -1,
      617, 616, 618, -1,
      619, 617, 620, -1,
      620, 617, 618, -1,
      620, 618, 621, -1,
      621, 618, 622, -1,
      615, 617, 611, -1,
      611, 617, 609, -1,
      620, 596, 619, -1,
      619, 596, 594, -1,
      623, 624, 625, -1,
      625, 624, 626, -1,
      627, 625, 628, -1,
      628, 625, 626, -1,
      628, 626, 629, -1,
      629, 626, 630, -1,
      631, 632, 633, -1,
      633, 632, 634, -1,
      635, 633, 636, -1,
      636, 633, 634, -1,
      636, 634, 637, -1,
      637, 634, 638, -1,
      631, 633, 625, -1,
      625, 633, 623, -1,
      639, 640, 641, -1,
      641, 640, 642, -1,
      643, 641, 644, -1,
      644, 641, 642, -1,
      644, 642, 261, -1,
      261, 642, 260, -1,
      645, 646, 647, -1,
      647, 646, 648, -1,
      649, 647, 650, -1,
      650, 647, 648, -1,
      650, 648, 651, -1,
      651, 648, 652, -1,
      645, 647, 641, -1,
      641, 647, 639, -1,
      650, 626, 649, -1,
      649, 626, 624, -1,
      653, 654, 655, -1,
      655, 654, 656, -1,
      657, 655, 658, -1,
      658, 655, 656, -1,
      658, 656, 659, -1,
      659, 656, 660, -1,
      661, 662, 663, -1,
      663, 662, 664, -1,
      665, 663, 666, -1,
      666, 663, 664, -1,
      666, 664, 667, -1,
      667, 664, 668, -1,
      661, 663, 655, -1,
      655, 663, 653, -1,
      669, 670, 671, -1,
      671, 670, 672, -1,
      673, 671, 674, -1,
      674, 671, 672, -1,
      674, 672, 255, -1,
      255, 672, 256, -1,
      675, 676, 677, -1,
      677, 676, 678, -1,
      679, 677, 680, -1,
      680, 677, 678, -1,
      680, 678, 681, -1,
      681, 678, 682, -1,
      675, 677, 671, -1,
      671, 677, 669, -1,
      680, 656, 679, -1,
      679, 656, 654, -1,
      683, 684, 685, -1,
      686, 687, 688, -1,
      689, 690, 688, -1,
      688, 690, 683, -1,
      688, 683, 686, -1,
      686, 683, 685, -1,
      691, 692, 693, -1,
      693, 692, 694, -1,
      695, 693, 696, -1,
      696, 693, 694, -1,
      696, 694, 697, -1,
      697, 694, 698, -1,
      691, 693, 685, -1,
      685, 693, 686, -1,
      699, 700, 701, -1,
      701, 700, 702, -1,
      703, 701, 704, -1,
      704, 701, 702, -1,
      704, 702, 269, -1,
      269, 702, 268, -1,
      705, 706, 707, -1,
      707, 706, 708, -1,
      709, 707, 710, -1,
      710, 707, 708, -1,
      710, 708, 711, -1,
      711, 708, 712, -1,
      705, 707, 701, -1,
      701, 707, 699, -1,
      710, 688, 709, -1,
      709, 688, 687, -1,
      713, 714, 715, -1,
      716, 717, 718, -1,
      719, 720, 718, -1,
      718, 720, 713, -1,
      718, 713, 716, -1,
      716, 713, 715, -1,
      721, 722, 723, -1,
      723, 722, 724, -1,
      725, 723, 726, -1,
      726, 723, 724, -1,
      726, 724, 727, -1,
      727, 724, 728, -1,
      721, 723, 715, -1,
      715, 723, 716, -1,
      729, 730, 731, -1,
      731, 730, 732, -1,
      733, 731, 734, -1,
      734, 731, 732, -1,
      734, 732, 263, -1,
      263, 732, 264, -1,
      735, 736, 737, -1,
      737, 736, 738, -1,
      739, 737, 740, -1,
      740, 737, 738, -1,
      740, 738, 741, -1,
      741, 738, 742, -1,
      735, 737, 731, -1,
      731, 737, 729, -1,
      740, 718, 739, -1,
      739, 718, 717, -1,
      743, 744, 745, -1,
      746, 747, 748, -1,
      749, 750, 748, -1,
      748, 750, 743, -1,
      748, 743, 746, -1,
      746, 743, 745, -1,
      751, 752, 753, -1,
      753, 752, 754, -1,
      755, 753, 756, -1,
      756, 753, 754, -1,
      756, 754, 757, -1,
      757, 754, 758, -1,
      751, 753, 745, -1,
      745, 753, 746, -1,
      759, 760, 761, -1,
      761, 760, 762, -1,
      763, 761, 764, -1,
      764, 761, 762, -1,
      764, 762, 277, -1,
      277, 762, 276, -1,
      765, 766, 767, -1,
      767, 766, 768, -1,
      769, 767, 770, -1,
      770, 767, 768, -1,
      770, 768, 771, -1,
      771, 768, 772, -1,
      765, 767, 761, -1,
      761, 767, 759, -1,
      770, 748, 769, -1,
      769, 748, 747, -1,
      773, 774, 775, -1,
      775, 774, 776, -1,
      777, 775, 778, -1,
      778, 775, 776, -1,
      778, 776, 779, -1,
      779, 776, 780, -1,
      781, 782, 783, -1,
      783, 782, 784, -1,
      785, 783, 786, -1,
      786, 783, 784, -1,
      786, 784, 787, -1,
      787, 784, 788, -1,
      781, 783, 775, -1,
      775, 783, 773, -1,
      789, 790, 791, -1,
      791, 790, 792, -1,
      793, 791, 794, -1,
      794, 791, 792, -1,
      794, 792, 271, -1,
      271, 792, 272, -1,
      795, 796, 797, -1,
      797, 796, 798, -1,
      799, 797, 800, -1,
      800, 797, 798, -1,
      800, 798, 801, -1,
      801, 798, 802, -1,
      795, 797, 791, -1,
      791, 797, 789, -1,
      800, 776, 799, -1,
      799, 776, 774, -1,
      803, 804, 805, -1,
      805, 804, 806, -1,
      807, 805, 808, -1,
      808, 805, 806, -1,
      808, 806, 809, -1,
      809, 806, 810, -1,
      811, 812, 813, -1,
      813, 812, 814, -1,
      815, 813, 816, -1,
      816, 813, 814, -1,
      816, 814, 817, -1,
      817, 814, 818, -1,
      811, 813, 805, -1,
      805, 813, 803, -1,
      819, 820, 821, -1,
      821, 820, 822, -1,
      823, 821, 824, -1,
      824, 821, 822, -1,
      824, 822, 285, -1,
      285, 822, 284, -1,
      825, 826, 827, -1,
      827, 826, 828, -1,
      829, 827, 830, -1,
      830, 827, 828, -1,
      830, 828, 831, -1,
      831, 828, 832, -1,
      825, 827, 821, -1,
      821, 827, 819, -1,
      830, 806, 829, -1,
      829, 806, 804, -1,
      833, 834, 835, -1,
      835, 834, 836, -1,
      837, 835, 838, -1,
      838, 835, 836, -1,
      838, 836, 839, -1,
      839, 836, 840, -1,
      841, 842, 843, -1,
      843, 842, 844, -1,
      845, 843, 846, -1,
      846, 843, 844, -1,
      846, 844, 847, -1,
      847, 844, 848, -1,
      841, 843, 835, -1,
      835, 843, 833, -1,
      849, 850, 851, -1,
      851, 850, 852, -1,
      853, 851, 854, -1,
      854, 851, 852, -1,
      854, 852, 279, -1,
      279, 852, 280, -1,
      855, 856, 857, -1,
      857, 856, 858, -1,
      859, 857, 860, -1,
      860, 857, 858, -1,
      860, 858, 861, -1,
      861, 858, 862, -1,
      855, 857, 851, -1,
      851, 857, 849, -1,
      860, 836, 859, -1,
      859, 836, 834, -1,
      863, 864, 865, -1,
      865, 864, 866, -1,
      867, 865, 868, -1,
      868, 865, 866, -1,
      868, 866, 869, -1,
      869, 866, 870, -1,
      871, 872, 873, -1,
      873, 872, 874, -1,
      875, 873, 876, -1,
      876, 873, 874, -1,
      876, 874, 877, -1,
      877, 874, 878, -1,
      871, 873, 865, -1,
      865, 873, 863, -1,
      879, 880, 881, -1,
      881, 880, 882, -1,
      883, 881, 884, -1,
      884, 881, 882, -1,
      884, 882, 290, -1,
      290, 882, 289, -1,
      885, 886, 887, -1,
      887, 886, 888, -1,
      889, 887, 890, -1,
      890, 887, 888, -1,
      890, 888, 891, -1,
      891, 888, 892, -1,
      885, 887, 881, -1,
      881, 887, 879, -1,
      890, 866, 889, -1,
      889, 866, 864, -1,
      893, 894, 895, -1,
      895, 894, 896, -1,
      897, 895, 898, -1,
      898, 895, 896, -1,
      898, 896, 899, -1,
      899, 896, 900, -1,
      901, 902, 903, -1,
      903, 902, 904, -1,
      905, 903, 906, -1,
      906, 903, 904, -1,
      906, 904, 907, -1,
      907, 904, 908, -1,
      901, 903, 895, -1,
      895, 903, 893, -1,
      909, 910, 911, -1,
      911, 910, 912, -1,
      913, 911, 914, -1,
      914, 911, 912, -1,
      914, 912, 286, -1,
      286, 912, 154, -1,
      915, 916, 917, -1,
      917, 916, 918, -1,
      919, 917, 920, -1,
      920, 917, 918, -1,
      920, 918, 921, -1,
      921, 918, 922, -1,
      915, 917, 911, -1,
      911, 917, 909, -1,
      920, 896, 919, -1,
      919, 896, 894, -1,
      923, 924, 925, -1,
      926, 927, 928, -1,
      929, 930, 928, -1,
      928, 930, 923, -1,
      928, 923, 926, -1,
      926, 923, 925, -1,
      931, 932, 933, -1,
      933, 932, 934, -1,
      935, 933, 936, -1,
      936, 933, 934, -1,
      936, 934, 937, -1,
      937, 934, 938, -1,
      931, 933, 925, -1,
      925, 933, 926, -1,
      939, 940, 941, -1,
      941, 940, 942, -1,
      943, 941, 944, -1,
      944, 941, 942, -1,
      944, 942, 157, -1,
      157, 942, 158, -1,
      945, 946, 947, -1,
      947, 946, 948, -1,
      949, 947, 950, -1,
      950, 947, 948, -1,
      950, 948, 951, -1,
      951, 948, 952, -1,
      945, 947, 941, -1,
      941, 947, 939, -1,
      950, 928, 949, -1,
      949, 928, 927, -1,
      953, 954, 955, -1,
      956, 957, 958, -1,
      959, 960, 958, -1,
      958, 960, 953, -1,
      958, 953, 956, -1,
      956, 953, 955, -1,
      961, 962, 963, -1,
      963, 962, 964, -1,
      965, 963, 966, -1,
      966, 963, 964, -1,
      966, 964, 967, -1,
      967, 964, 968, -1,
      961, 963, 955, -1,
      955, 963, 956, -1,
      969, 970, 971, -1,
      971, 970, 972, -1,
      973, 971, 974, -1,
      974, 971, 972, -1,
      974, 972, 161, -1,
      161, 972, 162, -1,
      975, 976, 977, -1,
      977, 976, 978, -1,
      979, 977, 980, -1,
      980, 977, 978, -1,
      980, 978, 981, -1,
      981, 978, 982, -1,
      975, 977, 971, -1,
      971, 977, 969, -1,
      980, 958, 979, -1,
      979, 958, 957, -1,
      983, 984, 985, -1,
      986, 987, 988, -1,
      989, 990, 988, -1,
      988, 990, 983, -1,
      988, 983, 986, -1,
      986, 983, 985, -1,
      991, 992, 993, -1,
      993, 992, 994, -1,
      995, 993, 996, -1,
      996, 993, 994, -1,
      996, 994, 997, -1,
      997, 994, 998, -1,
      991, 993, 985, -1,
      985, 993, 986, -1,
      999, 1000, 1001, -1,
      1001, 1000, 1002, -1,
      1003, 1001, 1004, -1,
      1004, 1001, 1002, -1,
      1004, 1002, 165, -1,
      165, 1002, 166, -1,
      1005, 1006, 1007, -1,
      1007, 1006, 1008, -1,
      1009, 1007, 1010, -1,
      1010, 1007, 1008, -1,
      1010, 1008, 1011, -1,
      1011, 1008, 1012, -1,
      1005, 1007, 1001, -1,
      1001, 1007, 999, -1,
      1010, 988, 1009, -1,
      1009, 988, 987, -1,
      1013, 1014, 1015, -1,
      1015, 1014, 1016, -1,
      1017, 1015, 1018, -1,
      1018, 1015, 1016, -1,
      1018, 1016, 1019, -1,
      1019, 1016, 1020, -1,
      1021, 1022, 1023, -1,
      1023, 1022, 1024, -1,
      1025, 1023, 1026, -1,
      1026, 1023, 1024, -1,
      1026, 1024, 1027, -1,
      1027, 1024, 1028, -1,
      1021, 1023, 1015, -1,
      1015, 1023, 1013, -1,
      1029, 1030, 1031, -1,
      1031, 1030, 1032, -1,
      1033, 1031, 1034, -1,
      1034, 1031, 1032, -1,
      1034, 1032, 169, -1,
      169, 1032, 170, -1,
      1035, 1036, 1037, -1,
      1037, 1036, 1038, -1,
      1039, 1037, 1040, -1,
      1040, 1037, 1038, -1,
      1040, 1038, 1041, -1,
      1041, 1038, 1042, -1,
      1035, 1037, 1031, -1,
      1031, 1037, 1029, -1,
      1040, 1016, 1039, -1,
      1039, 1016, 1014, -1,
      1043, 1044, 1045, -1,
      1045, 1044, 1046, -1,
      1047, 1045, 1048, -1,
      1048, 1045, 1046, -1,
      1048, 1046, 1049, -1,
      1049, 1046, 1050, -1,
      1051, 1052, 1053, -1,
      1053, 1052, 1054, -1,
      1055, 1053, 1056, -1,
      1056, 1053, 1054, -1,
      1056, 1054, 1057, -1,
      1057, 1054, 1058, -1,
      1051, 1053, 1045, -1,
      1045, 1053, 1043, -1,
      1059, 1060, 1061, -1,
      1061, 1060, 1062, -1,
      1063, 1061, 1064, -1,
      1064, 1061, 1062, -1,
      1064, 1062, 173, -1,
      173, 1062, 174, -1,
      1065, 1066, 1067, -1,
      1067, 1066, 1068, -1,
      1069, 1067, 1070, -1,
      1070, 1067, 1068, -1,
      1070, 1068, 1071, -1,
      1071, 1068, 1072, -1,
      1065, 1067, 1061, -1,
      1061, 1067, 1059, -1,
      1070, 1046, 1069, -1,
      1069, 1046, 1044, -1,
      1073, 1074, 1075, -1,
      1075, 1074, 1076, -1,
      1077, 1075, 1078, -1,
      1078, 1075, 1076, -1,
      1078, 1076, 1079, -1,
      1079, 1076, 1080, -1,
      1081, 1082, 1083, -1,
      1083, 1082, 1084, -1,
      1085, 1083, 1086, -1,
      1086, 1083, 1084, -1,
      1086, 1084, 1087, -1,
      1087, 1084, 1088, -1,
      1081, 1083, 1075, -1,
      1075, 1083, 1073, -1,
      1089, 1090, 1091, -1,
      1091, 1090, 1092, -1,
      1093, 1091, 1094, -1,
      1094, 1091, 1092, -1,
      1094, 1092, 177, -1,
      177, 1092, 178, -1,
      1095, 1096, 1097, -1,
      1097, 1096, 1098, -1,
      1099, 1097, 1100, -1,
      1100, 1097, 1098, -1,
      1100, 1098, 1101, -1,
      1101, 1098, 1102, -1,
      1095, 1097, 1091, -1,
      1091, 1097, 1089, -1,
      1100, 1076, 1099, -1,
      1099, 1076, 1074, -1,
      1103, 1104, 1105, -1,
      1105, 1104, 1106, -1,
      1107, 1105, 1108, -1,
      1108, 1105, 1106, -1,
      1108, 1106, 1109, -1,
      1109, 1106, 1110, -1,
      1111, 1112, 1113, -1,
      1113, 1112, 1114, -1,
      1115, 1113, 1116, -1,
      1116, 1113, 1114, -1,
      1116, 1114, 1117, -1,
      1117, 1114, 1118, -1,
      1111, 1113, 1105, -1,
      1105, 1113, 1103, -1,
      1119, 1120, 1121, -1,
      1121, 1120, 1122, -1,
      1123, 1121, 1124, -1,
      1124, 1121, 1122, -1,
      1124, 1122, 181, -1,
      181, 1122, 182, -1,
      1125, 1126, 1127, -1,
      1127, 1126, 1128, -1,
      1129, 1127, 1130, -1,
      1130, 1127, 1128, -1,
      1130, 1128, 1131, -1,
      1131, 1128, 1132, -1,
      1125, 1127, 1121, -1,
      1121, 1127, 1119, -1,
      1130, 1106, 1129, -1,
      1129, 1106, 1104, -1,
      1133, 1134, 1135, -1,
      1135, 1134, 1136, -1,
      1137, 1135, 1138, -1,
      1138, 1135, 1136, -1,
      1138, 1136, 1139, -1,
      1139, 1136, 1140, -1,
      1141, 1142, 1143, -1,
      1143, 1142, 1144, -1,
      1145, 1143, 1146, -1,
      1146, 1143, 1144, -1,
      1146, 1144, 1147, -1,
      1147, 1144, 1148, -1,
      1141, 1143, 1135, -1,
      1135, 1143, 1133, -1,
      1149, 1150, 1151, -1,
      1151, 1150, 1152, -1,
      1153, 1151, 1154, -1,
      1154, 1151, 1152, -1,
      1154, 1152, 185, -1,
      185, 1152, 186, -1,
      1155, 1156, 1157, -1,
      1157, 1156, 1158, -1,
      1159, 1157, 1160, -1,
      1160, 1157, 1158, -1,
      1160, 1158, 1161, -1,
      1161, 1158, 1162, -1,
      1155, 1157, 1151, -1,
      1151, 1157, 1149, -1,
      1160, 1136, 1159, -1,
      1159, 1136, 1134, -1,
      1163, 1164, 1165, -1,
      1165, 1164, 1166, -1,
      1167, 1165, 1168, -1,
      1168, 1165, 1166, -1,
      1168, 1166, 1169, -1,
      1169, 1166, 1170, -1,
      1171, 1172, 1173, -1,
      1173, 1172, 1174, -1,
      1175, 1173, 1176, -1,
      1176, 1173, 1174, -1,
      1176, 1174, 1177, -1,
      1177, 1174, 1178, -1,
      1171, 1173, 1165, -1,
      1165, 1173, 1163, -1,
      1179, 1180, 1181, -1,
      1181, 1180, 1182, -1,
      1183, 1181, 1184, -1,
      1184, 1181, 1182, -1,
      1184, 1182, 193, -1,
      193, 1182, 192, -1,
      1185, 1186, 1187, -1,
      1187, 1186, 1188, -1,
      1189, 1187, 1190, -1,
      1190, 1187, 1188, -1,
      1190, 1188, 1191, -1,
      1191, 1188, 1192, -1,
      1185, 1187, 1181, -1,
      1181, 1187, 1179, -1,
      1190, 1166, 1189, -1,
      1189, 1166, 1164, -1,
      1193, 1194, 1195, -1,
      1195, 1194, 1196, -1,
      1197, 1195, 1198, -1,
      1198, 1195, 1196, -1,
      1198, 1196, 1199, -1,
      1199, 1196, 1200, -1,
      1201, 1202, 1203, -1,
      1203, 1202, 1204, -1,
      1205, 1203, 1206, -1,
      1206, 1203, 1204, -1,
      1206, 1204, 1207, -1,
      1207, 1204, 1208, -1,
      1201, 1203, 1195, -1,
      1195, 1203, 1193, -1,
      1209, 1210, 1211, -1,
      1211, 1210, 1212, -1,
      1213, 1211, 1214, -1,
      1214, 1211, 1212, -1,
      1214, 1212, 148, -1,
      148, 1212, 149, -1,
      1215, 1216, 1217, -1,
      1217, 1216, 1218, -1,
      1219, 1217, 1220, -1,
      1220, 1217, 1218, -1,
      1220, 1218, 1221, -1,
      1221, 1218, 1222, -1,
      1215, 1217, 1211, -1,
      1211, 1217, 1209, -1,
      1220, 1196, 1219, -1,
      1219, 1196, 1194, -1,
      1223, 1224, 1225, -1,
      1225, 1224, 1226, -1,
      1227, 1225, 1228, -1,
      1228, 1225, 1226, -1,
      1228, 1226, 1229, -1,
      1229, 1226, 1230, -1,
      1231, 1232, 1233, -1,
      1233, 1232, 1234, -1,
      1235, 1233, 1236, -1,
      1236, 1233, 1234, -1,
      1236, 1234, 1237, -1,
      1237, 1234, 1238, -1,
      1231, 1233, 1225, -1,
      1225, 1233, 1223, -1,
      1239, 1240, 1241, -1,
      1241, 1240, 1242, -1,
      1243, 1241, 1244, -1,
      1244, 1241, 1242, -1,
      1244, 1242, 194, -1,
      194, 1242, 195, -1,
      1245, 1246, 1247, -1,
      1247, 1246, 1248, -1,
      1249, 1247, 1250, -1,
      1250, 1247, 1248, -1,
      1250, 1248, 1251, -1,
      1251, 1248, 1252, -1,
      1245, 1247, 1241, -1,
      1241, 1247, 1239, -1,
      1250, 1226, 1249, -1,
      1249, 1226, 1224, -1,
      1253, 1254, 1255, -1,
      1255, 1254, 1256, -1,
      1257, 1255, 1258, -1,
      1258, 1255, 1256, -1,
      1258, 1256, 1259, -1,
      1259, 1256, 1260, -1,
      1261, 1262, 1263, -1,
      1263, 1262, 1264, -1,
      1265, 1263, 1266, -1,
      1266, 1263, 1264, -1,
      1266, 1264, 1267, -1,
      1267, 1264, 1268, -1,
      1261, 1263, 1255, -1,
      1255, 1263, 1253, -1,
      1269, 1270, 1271, -1,
      1271, 1270, 1272, -1,
      1273, 1271, 1274, -1,
      1274, 1271, 1272, -1,
      1274, 1272, 200, -1,
      200, 1272, 199, -1,
      1275, 1276, 1277, -1,
      1277, 1276, 1278, -1,
      1279, 1277, 1280, -1,
      1280, 1277, 1278, -1,
      1280, 1278, 1281, -1,
      1281, 1278, 1282, -1,
      1275, 1277, 1271, -1,
      1271, 1277, 1269, -1,
      1280, 1256, 1279, -1,
      1279, 1256, 1254, -1,
      1283, 1284, 1285, -1,
      1285, 1284, 1286, -1,
      1287, 1288, 1289, -1,
      1289, 1288, 1290, -1,
      1291, 1292, 1293, -1,
      1293, 1292, 1294, -1,
      1295, 1296, 1297, -1,
      1297, 1296, 1298, -1,
      1299, 1300, 1301, -1,
      1301, 1300, 1302, -1,
      1303, 1304, 1305, -1,
      1305, 1304, 1306, -1,
      1307, 1308, 1309, -1,
      1309, 1308, 1310, -1,
      1311, 1312, 1313, -1,
      1313, 1312, 1314, -1,
      1315, 1316, 1317, -1,
      1317, 1316, 1318, -1,
      1319, 1320, 1321, -1,
      1321, 1320, 1322, -1,
      1323, 1324, 1325, -1,
      1325, 1324, 1326, -1,
      1327, 1328, 1329, -1,
      1329, 1328, 1330, -1,
      1331, 1332, 1333, -1,
      1333, 1332, 1334, -1,
      1335, 1336, 1337, -1,
      1337, 1336, 1338, -1,
      1339, 1340, 1341, -1,
      1341, 1340, 1342, -1,
      1343, 1344, 1345, -1,
      1345, 1344, 1346, -1,
      1347, 1348, 1349, -1,
      1349, 1348, 1350, -1,
      1351, 1352, 1353, -1,
      1353, 1352, 1354, -1,
      1355, 1356, 1357, -1,
      1357, 1356, 1358, -1,
      1359, 1360, 1361, -1,
      1361, 1360, 1362, -1,
      1363, 1364, 1365, -1,
      1365, 1364, 1366, -1,
      1367, 1368, 1369, -1,
      1369, 1368, 1370, -1,
      1371, 1372, 1373, -1,
      1373, 1372, 1374, -1,
      1375, 1376, 1377, -1,
      1377, 1376, 1378, -1,
      1379, 1380, 1381, -1,
      1381, 1380, 1382, -1,
      1383, 1384, 1385, -1,
      1385, 1384, 1386, -1,
      1387, 1388, 1389, -1,
      1389, 1388, 1390, -1,
      1391, 1392, 1393, -1,
      1393, 1392, 1394, -1,
      1281, 1282, 1260, -1,
      1260, 1282, 1259, -1,
      1267, 1268, 1285, -1,
      1285, 1268, 1283, -1,
      1251, 1252, 1230, -1,
      1230, 1252, 1229, -1,
      1237, 1238, 1289, -1,
      1289, 1238, 1287, -1,
      1221, 1222, 1200, -1,
      1200, 1222, 1199, -1,
      1207, 1208, 1293, -1,
      1293, 1208, 1291, -1,
      1191, 1192, 1170, -1,
      1170, 1192, 1169, -1,
      1177, 1178, 1297, -1,
      1297, 1178, 1295, -1,
      1161, 1162, 1140, -1,
      1140, 1162, 1139, -1,
      1147, 1148, 1301, -1,
      1301, 1148, 1299, -1,
      1131, 1132, 1110, -1,
      1110, 1132, 1109, -1,
      1117, 1118, 1305, -1,
      1305, 1118, 1303, -1,
      1101, 1102, 1080, -1,
      1080, 1102, 1079, -1,
      1087, 1088, 1309, -1,
      1309, 1088, 1307, -1,
      1071, 1072, 1050, -1,
      1050, 1072, 1049, -1,
      1057, 1058, 1313, -1,
      1313, 1058, 1311, -1,
      1041, 1042, 1020, -1,
      1020, 1042, 1019, -1,
      1027, 1028, 1317, -1,
      1317, 1028, 1315, -1,
      1011, 1012, 989, -1,
      989, 1012, 990, -1,
      997, 998, 1321, -1,
      1321, 998, 1319, -1,
      981, 982, 959, -1,
      959, 982, 960, -1,
      967, 968, 1325, -1,
      1325, 968, 1323, -1,
      951, 952, 929, -1,
      929, 952, 930, -1,
      937, 938, 1329, -1,
      1329, 938, 1327, -1,
      921, 922, 900, -1,
      900, 922, 899, -1,
      907, 908, 1333, -1,
      1333, 908, 1331, -1,
      891, 892, 870, -1,
      870, 892, 869, -1,
      877, 878, 1337, -1,
      1337, 878, 1335, -1,
      861, 862, 840, -1,
      840, 862, 839, -1,
      847, 848, 1341, -1,
      1341, 848, 1339, -1,
      831, 832, 810, -1,
      810, 832, 809, -1,
      817, 818, 1345, -1,
      1345, 818, 1343, -1,
      801, 802, 780, -1,
      780, 802, 779, -1,
      787, 788, 1349, -1,
      1349, 788, 1347, -1,
      771, 772, 749, -1,
      749, 772, 750, -1,
      757, 758, 1353, -1,
      1353, 758, 1351, -1,
      741, 742, 719, -1,
      719, 742, 720, -1,
      727, 728, 1357, -1,
      1357, 728, 1355, -1,
      711, 712, 689, -1,
      689, 712, 690, -1,
      697, 698, 1361, -1,
      1361, 698, 1359, -1,
      681, 682, 660, -1,
      660, 682, 659, -1,
      667, 668, 1365, -1,
      1365, 668, 1363, -1,
      651, 652, 630, -1,
      630, 652, 629, -1,
      637, 638, 1369, -1,
      1369, 638, 1367, -1,
      621, 622, 600, -1,
      600, 622, 599, -1,
      607, 608, 1373, -1,
      1373, 608, 1371, -1,
      591, 592, 570, -1,
      570, 592, 569, -1,
      577, 578, 1377, -1,
      1377, 578, 1375, -1,
      561, 562, 540, -1,
      540, 562, 539, -1,
      547, 548, 1381, -1,
      1381, 548, 1379, -1,
      531, 532, 510, -1,
      510, 532, 509, -1,
      517, 518, 1385, -1,
      1385, 518, 1383, -1,
      501, 502, 480, -1,
      480, 502, 479, -1,
      487, 488, 1389, -1,
      1389, 488, 1387, -1,
      1395, 460, 1396, -1,
      1396, 460, 1394, -1,
      1396, 1394, 1397, -1,
      1397, 1394, 1392, -1,
      1397, 1392, 1398, -1,
      1398, 1392, 459, -1,
      1398, 459, 1395, -1,
      1395, 459, 460, -1,
      1399, 1400, 1401, -1,
      1401, 1400, 1402, -1,
      1403, 1404, 1405, -1,
      1406, 1407, 1408, -1,
      1400, 1399, 1408, -1,
      1408, 1399, 1403, -1,
      1408, 1403, 1406, -1,
      1406, 1403, 1405, -1,
      1409, 1410, 1411, -1,
      1411, 1410, 1412, -1,
      1413, 1411, 1414, -1,
      1414, 1411, 1412, -1,
      1414, 1412, 1415, -1,
      1415, 1412, 1416, -1,
      1409, 1411, 1405, -1,
      1405, 1411, 1406, -1,
      1417, 1418, 1419, -1,
      1419, 1418, 1420, -1,
      1421, 1419, 1422, -1,
      1422, 1419, 1420, -1,
      1422, 1420, 151, -1,
      151, 1420, 152, -1,
      1423, 1424, 1425, -1,
      1425, 1424, 1426, -1,
      1427, 1425, 1428, -1,
      1428, 1425, 1426, -1,
      1428, 1426, 1402, -1,
      1402, 1426, 1401, -1,
      1423, 1425, 1419, -1,
      1419, 1425, 1417, -1,
      1428, 1408, 1427, -1,
      1427, 1408, 1407, -1,
      1429, 1430, 1431, -1,
      1431, 1430, 1432, -1,
      1432, 1430, 1416, -1,
      1416, 1430, 1415, -1,
      1433, 1434, 1435, -1,
      1435, 1434, 1436, -1,
      1437, 1438, 1439, -1,
      1439, 1438, 1440, -1,
      1441, 1442, 1443, -1,
      1443, 1442, 1444, -1,
      1445, 1446, 1447, -1,
      1447, 1446, 1448, -1,
      1447, 1448, 1449, -1,
      1449, 1448, 1450, -1,
      1449, 1450, 1451, -1,
      1446, 1452, 1453, -1,
      1453, 1452, 1454, -1,
      1450, 1453, 1451, -1,
      1451, 1453, 1454, -1,
      1451, 1454, 1445, -1,
      1445, 1454, 1455, -1,
      1445, 1455, 1446, -1,
      1446, 1455, 1456, -1,
      1446, 1456, 1452, -1,
      1457, 1458, 1459, -1,
      1459, 1458, 1460, -1,
      1461, 1462, 1463, -1,
      1463, 1462, 1464, -1,
      1465, 1466, 1467, -1,
      1467, 1466, 1468, -1,
      1469, 1470, 1471, -1,
      1471, 1470, 1472, -1,
      1473, 1474, 1475, -1,
      1475, 1474, 1476, -1,
      1477, 1478, 1479, -1,
      1479, 1478, 1480, -1,
      1481, 1482, 1483, -1,
      1483, 1482, 1484, -1,
      1485, 1486, 1487, -1,
      1487, 1486, 1488, -1,
      1489, 1490, 1491, -1,
      1491, 1490, 1492, -1,
      1493, 1494, 1495, -1,
      1495, 1494, 1496, -1,
      1497, 1498, 1499, -1,
      1499, 1498, 1500, -1,
      1501, 1502, 1503, -1,
      1503, 1502, 1504, -1,
      1505, 1506, 1507, -1,
      1507, 1506, 1508, -1,
      1509, 1510, 1511, -1,
      1511, 1510, 1512, -1,
      1513, 1514, 1515, -1,
      1515, 1514, 1516, -1,
      1517, 1518, 1519, -1,
      1519, 1518, 1520, -1,
      1521, 1522, 1523, -1,
      1523, 1522, 1524, -1,
      1525, 1526, 1527, -1,
      1527, 1526, 1528, -1,
      1529, 1530, 1531, -1,
      1531, 1530, 1532, -1,
      1533, 1534, 1535, -1,
      1535, 1534, 1536, -1,
      1537, 1538, 1539, -1,
      1539, 1538, 1540, -1,
      1541, 1542, 1543, -1,
      1543, 1542, 1544, -1,
      1545, 1546, 1547, -1,
      1547, 1546, 1548, -1,
      1549, 1550, 1551, -1,
      1551, 1550, 1552, -1,
      1553, 1554, 1555, -1,
      1555, 1554, 1556, -1,
      1557, 1558, 1559, -1,
      1559, 1558, 1560, -1,
      1561, 1562, 1563, -1,
      1563, 1562, 1564, -1,
      1565, 1566, 1567, -1,
      1567, 1566, 1568, -1,
      1569, 1570, 1571, -1,
      1571, 1570, 1572, -1,
      1573, 1574, 1575, -1,
      1575, 1574, 1576, -1,
      1575, 1576, 1577, -1,
      1578, 1569, 1579, -1,
      1579, 1569, 1571, -1,
      1579, 1571, 1576, -1,
      1576, 1571, 1580, -1,
      1576, 1580, 1577, -1,
      1581, 1569, 1582, -1,
      1582, 1569, 1578, -1,
      1582, 1578, 1583, -1,
      1578, 1574, 1583, -1,
      1583, 1574, 1573, -1,
      1583, 1573, 1584, -1,
      1584, 1573, 1585, -1,
      1584, 1585, 1581, -1,
      1581, 1585, 1586, -1,
      1581, 1586, 1569, -1,
      1569, 1586, 1587, -1,
      1569, 1587, 1573, -1,
      1573, 1587, 1588, -1,
      1573, 1588, 1585, -1,
      1589, 1590, 1591, -1,
      1591, 1592, 1593, -1,
      1594, 1595, 1590, -1,
      1596, 1597, 1598, -1,
      1598, 1597, 1599, -1,
      1589, 1591, 1600, -1,
      1600, 1591, 1593, -1,
      1600, 1593, 1601, -1,
      1590, 1595, 1599, -1,
      1599, 1595, 1602, -1,
      1599, 1602, 1603, -1,
      1604, 1599, 1605, -1,
      1605, 1599, 1603, -1,
      1605, 1603, 1606, -1,
      1593, 1598, 1601, -1,
      1601, 1598, 1599, -1,
      1601, 1599, 1607, -1,
      1607, 1599, 1604, -1,
      1607, 1604, 1589, -1,
      1589, 1604, 1608, -1,
      1589, 1608, 1590, -1,
      1590, 1608, 1606, -1,
      1590, 1606, 1594, -1,
      1594, 1606, 1603, -1,
      1609, 1610, 1611, -1,
      1612, 1460, 1613, -1,
      1613, 1460, 1458, -1,
      1613, 1458, 1614, -1,
      1614, 1458, 1615, -1,
      1614, 1615, 6, -1,
      6, 1615, 1609, -1,
      6, 1609, 4, -1,
      4, 1609, 1611, -1,
      1570, 1569, 1616, -1,
      1616, 1569, 1617, -1,
      1618, 3, 1616, -1,
      1616, 3, 2, -1,
      1616, 2, 1570, -1,
      1613, 1616, 1612, -1,
      1612, 1616, 1617, -1,
      1619, 1620, 1, -1,
      1621, 1450, 1622, -1,
      1622, 1450, 1448, -1,
      1622, 1448, 1623, -1,
      1623, 1448, 1624, -1,
      1623, 1624, 113, -1,
      113, 1624, 1619, -1,
      113, 1619, 0, -1,
      0, 1619, 1, -1,
      1625, 1626, 115, -1,
      115, 1626, 1627, -1,
      1567, 1628, 1565, -1,
      1565, 1628, 1629, -1,
      1565, 1629, 1630, -1,
      1630, 1629, 1631, -1,
      1630, 1631, 1627, -1,
      1627, 1631, 114, -1,
      1627, 114, 115, -1,
      1622, 1629, 1621, -1,
      1621, 1629, 1628, -1,
      1632, 1633, 1634, -1,
      1635, 1568, 1636, -1,
      1636, 1568, 1566, -1,
      1636, 1566, 1637, -1,
      1637, 1566, 1638, -1,
      1637, 1638, 109, -1,
      109, 1638, 1632, -1,
      109, 1632, 116, -1,
      116, 1632, 1634, -1,
      1639, 1640, 107, -1,
      107, 1640, 1641, -1,
      1563, 1642, 1561, -1,
      1561, 1642, 1643, -1,
      1561, 1643, 1644, -1,
      1644, 1643, 1645, -1,
      1644, 1645, 1641, -1,
      1641, 1645, 108, -1,
      1641, 108, 107, -1,
      1636, 1643, 1635, -1,
      1635, 1643, 1642, -1,
      1646, 1647, 1648, -1,
      1649, 1564, 1650, -1,
      1650, 1564, 1562, -1,
      1650, 1562, 1651, -1,
      1651, 1562, 1652, -1,
      1651, 1652, 105, -1,
      105, 1652, 1646, -1,
      105, 1646, 106, -1,
      106, 1646, 1648, -1,
      1653, 1654, 111, -1,
      111, 1654, 1655, -1,
      1559, 1656, 1557, -1,
      1557, 1656, 1657, -1,
      1557, 1657, 1658, -1,
      1658, 1657, 1659, -1,
      1658, 1659, 1655, -1,
      1655, 1659, 110, -1,
      1655, 110, 111, -1,
      1650, 1657, 1649, -1,
      1649, 1657, 1656, -1,
      1660, 1661, 1662, -1,
      1663, 1560, 1664, -1,
      1664, 1560, 1558, -1,
      1664, 1558, 1665, -1,
      1665, 1558, 1666, -1,
      1665, 1666, 101, -1,
      101, 1666, 1660, -1,
      101, 1660, 112, -1,
      112, 1660, 1662, -1,
      1667, 1668, 99, -1,
      99, 1668, 1669, -1,
      1555, 1670, 1553, -1,
      1553, 1670, 1671, -1,
      1553, 1671, 1672, -1,
      1672, 1671, 1673, -1,
      1672, 1673, 1669, -1,
      1669, 1673, 100, -1,
      1669, 100, 99, -1,
      1664, 1671, 1663, -1,
      1663, 1671, 1670, -1,
      1674, 1675, 1676, -1,
      1677, 1556, 1678, -1,
      1678, 1556, 1554, -1,
      1678, 1554, 1679, -1,
      1679, 1554, 1680, -1,
      1679, 1680, 97, -1,
      97, 1680, 1674, -1,
      97, 1674, 98, -1,
      98, 1674, 1676, -1,
      1681, 1682, 103, -1,
      103, 1682, 1683, -1,
      1551, 1684, 1549, -1,
      1549, 1684, 1685, -1,
      1549, 1685, 1686, -1,
      1686, 1685, 1687, -1,
      1686, 1687, 1683, -1,
      1683, 1687, 102, -1,
      1683, 102, 103, -1,
      1678, 1685, 1677, -1,
      1677, 1685, 1684, -1,
      1688, 1689, 1690, -1,
      1691, 1552, 1692, -1,
      1692, 1552, 1550, -1,
      1692, 1550, 1693, -1,
      1693, 1550, 1694, -1,
      1693, 1694, 93, -1,
      93, 1694, 1688, -1,
      93, 1688, 104, -1,
      104, 1688, 1690, -1,
      1695, 1696, 91, -1,
      91, 1696, 1697, -1,
      1547, 1698, 1545, -1,
      1545, 1698, 1699, -1,
      1545, 1699, 1700, -1,
      1700, 1699, 1701, -1,
      1700, 1701, 1697, -1,
      1697, 1701, 92, -1,
      1697, 92, 91, -1,
      1692, 1699, 1691, -1,
      1691, 1699, 1698, -1,
      1702, 1703, 1704, -1,
      1705, 1548, 1706, -1,
      1706, 1548, 1546, -1,
      1706, 1546, 1707, -1,
      1707, 1546, 1708, -1,
      1707, 1708, 89, -1,
      89, 1708, 1702, -1,
      89, 1702, 90, -1,
      90, 1702, 1704, -1,
      1709, 1710, 95, -1,
      95, 1710, 1711, -1,
      1543, 1712, 1541, -1,
      1541, 1712, 1713, -1,
      1541, 1713, 1714, -1,
      1714, 1713, 1715, -1,
      1714, 1715, 1711, -1,
      1711, 1715, 94, -1,
      1711, 94, 95, -1,
      1706, 1713, 1705, -1,
      1705, 1713, 1712, -1,
      1716, 1717, 1718, -1,
      1719, 1544, 1720, -1,
      1720, 1544, 1542, -1,
      1720, 1542, 1721, -1,
      1721, 1542, 1722, -1,
      1721, 1722, 85, -1,
      85, 1722, 1716, -1,
      85, 1716, 96, -1,
      96, 1716, 1718, -1,
      1723, 1724, 83, -1,
      83, 1724, 1725, -1,
      1539, 1726, 1537, -1,
      1537, 1726, 1727, -1,
      1537, 1727, 1728, -1,
      1728, 1727, 1729, -1,
      1728, 1729, 1725, -1,
      1725, 1729, 84, -1,
      1725, 84, 83, -1,
      1720, 1727, 1719, -1,
      1719, 1727, 1726, -1,
      1730, 1731, 1732, -1,
      1733, 1540, 1734, -1,
      1734, 1540, 1538, -1,
      1734, 1538, 1735, -1,
      1735, 1538, 1736, -1,
      1735, 1736, 81, -1,
      81, 1736, 1730, -1,
      81, 1730, 82, -1,
      82, 1730, 1732, -1,
      1737, 1738, 87, -1,
      87, 1738, 1739, -1,
      1535, 1740, 1533, -1,
      1533, 1740, 1741, -1,
      1533, 1741, 1742, -1,
      1742, 1741, 1743, -1,
      1742, 1743, 1739, -1,
      1739, 1743, 86, -1,
      1739, 86, 87, -1,
      1734, 1741, 1733, -1,
      1733, 1741, 1740, -1,
      1744, 1745, 1746, -1,
      1747, 1536, 1748, -1,
      1748, 1536, 1534, -1,
      1748, 1534, 1749, -1,
      1749, 1534, 1750, -1,
      1749, 1750, 77, -1,
      77, 1750, 1744, -1,
      77, 1744, 88, -1,
      88, 1744, 1746, -1,
      1751, 1752, 75, -1,
      75, 1752, 1753, -1,
      1531, 1754, 1529, -1,
      1529, 1754, 1755, -1,
      1529, 1755, 1756, -1,
      1756, 1755, 1757, -1,
      1756, 1757, 1753, -1,
      1753, 1757, 76, -1,
      1753, 76, 75, -1,
      1748, 1755, 1747, -1,
      1747, 1755, 1754, -1,
      1758, 1759, 1760, -1,
      1761, 1532, 1762, -1,
      1762, 1532, 1530, -1,
      1762, 1530, 1763, -1,
      1763, 1530, 1764, -1,
      1763, 1764, 73, -1,
      73, 1764, 1758, -1,
      73, 1758, 74, -1,
      74, 1758, 1760, -1,
      1765, 1766, 79, -1,
      79, 1766, 1767, -1,
      1527, 1768, 1525, -1,
      1525, 1768, 1769, -1,
      1525, 1769, 1770, -1,
      1770, 1769, 1771, -1,
      1770, 1771, 1767, -1,
      1767, 1771, 78, -1,
      1767, 78, 79, -1,
      1762, 1769, 1761, -1,
      1761, 1769, 1768, -1,
      1772, 1773, 1774, -1,
      1775, 1528, 1776, -1,
      1776, 1528, 1526, -1,
      1776, 1526, 1777, -1,
      1777, 1526, 1778, -1,
      1777, 1778, 69, -1,
      69, 1778, 1772, -1,
      69, 1772, 80, -1,
      80, 1772, 1774, -1,
      1779, 1780, 67, -1,
      67, 1780, 1781, -1,
      1523, 1782, 1521, -1,
      1521, 1782, 1783, -1,
      1521, 1783, 1784, -1,
      1784, 1783, 1785, -1,
      1784, 1785, 1781, -1,
      1781, 1785, 68, -1,
      1781, 68, 67, -1,
      1776, 1783, 1775, -1,
      1775, 1783, 1782, -1,
      1786, 1787, 1788, -1,
      1789, 1524, 1790, -1,
      1790, 1524, 1522, -1,
      1790, 1522, 1791, -1,
      1791, 1522, 1792, -1,
      1791, 1792, 65, -1,
      65, 1792, 1786, -1,
      65, 1786, 66, -1,
      66, 1786, 1788, -1,
      1793, 1794, 71, -1,
      71, 1794, 1795, -1,
      1519, 1796, 1517, -1,
      1517, 1796, 1797, -1,
      1517, 1797, 1798, -1,
      1798, 1797, 1799, -1,
      1798, 1799, 1795, -1,
      1795, 1799, 70, -1,
      1795, 70, 71, -1,
      1790, 1797, 1789, -1,
      1789, 1797, 1796, -1,
      1800, 1801, 1802, -1,
      1803, 1520, 1804, -1,
      1804, 1520, 1518, -1,
      1804, 1518, 1805, -1,
      1805, 1518, 1806, -1,
      1805, 1806, 61, -1,
      61, 1806, 1800, -1,
      61, 1800, 72, -1,
      72, 1800, 1802, -1,
      1807, 1808, 59, -1,
      59, 1808, 1809, -1,
      1515, 1810, 1513, -1,
      1513, 1810, 1811, -1,
      1513, 1811, 1812, -1,
      1812, 1811, 1813, -1,
      1812, 1813, 1809, -1,
      1809, 1813, 60, -1,
      1809, 60, 59, -1,
      1804, 1811, 1803, -1,
      1803, 1811, 1810, -1,
      1814, 1815, 1816, -1,
      1817, 1516, 1818, -1,
      1818, 1516, 1514, -1,
      1818, 1514, 1819, -1,
      1819, 1514, 1820, -1,
      1819, 1820, 57, -1,
      57, 1820, 1814, -1,
      57, 1814, 58, -1,
      58, 1814, 1816, -1,
      1821, 1822, 63, -1,
      63, 1822, 1823, -1,
      1511, 1824, 1509, -1,
      1509, 1824, 1825, -1,
      1509, 1825, 1826, -1,
      1826, 1825, 1827, -1,
      1826, 1827, 1823, -1,
      1823, 1827, 62, -1,
      1823, 62, 63, -1,
      1818, 1825, 1817, -1,
      1817, 1825, 1824, -1,
      1828, 1829, 1830, -1,
      1831, 1512, 1832, -1,
      1832, 1512, 1510, -1,
      1832, 1510, 1833, -1,
      1833, 1510, 1834, -1,
      1833, 1834, 53, -1,
      53, 1834, 1828, -1,
      53, 1828, 64, -1,
      64, 1828, 1830, -1,
      1835, 1836, 48, -1,
      48, 1836, 1837, -1,
      1507, 1838, 1505, -1,
      1505, 1838, 1839, -1,
      1505, 1839, 1840, -1,
      1840, 1839, 1841, -1,
      1840, 1841, 1837, -1,
      1837, 1841, 52, -1,
      1837, 52, 48, -1,
      1832, 1839, 1831, -1,
      1831, 1839, 1838, -1,
      1842, 1843, 1844, -1,
      1845, 1508, 1846, -1,
      1846, 1508, 1506, -1,
      1846, 1506, 1847, -1,
      1847, 1506, 1848, -1,
      1847, 1848, 46, -1,
      46, 1848, 1842, -1,
      46, 1842, 47, -1,
      47, 1842, 1844, -1,
      1849, 1850, 55, -1,
      55, 1850, 1851, -1,
      1503, 1852, 1501, -1,
      1501, 1852, 1853, -1,
      1501, 1853, 1854, -1,
      1854, 1853, 1855, -1,
      1854, 1855, 1851, -1,
      1851, 1855, 56, -1,
      1851, 56, 55, -1,
      1846, 1853, 1845, -1,
      1845, 1853, 1852, -1,
      1856, 1857, 1858, -1,
      1859, 1504, 1860, -1,
      1860, 1504, 1502, -1,
      1860, 1502, 1861, -1,
      1861, 1502, 1862, -1,
      1861, 1862, 45, -1,
      45, 1862, 1856, -1,
      45, 1856, 54, -1,
      54, 1856, 1858, -1,
      1863, 1864, 40, -1,
      40, 1864, 1865, -1,
      1499, 1866, 1497, -1,
      1497, 1866, 1867, -1,
      1497, 1867, 1868, -1,
      1868, 1867, 1869, -1,
      1868, 1869, 1865, -1,
      1865, 1869, 44, -1,
      1865, 44, 40, -1,
      1860, 1867, 1859, -1,
      1859, 1867, 1866, -1,
      1870, 1871, 1872, -1,
      1873, 1500, 1874, -1,
      1874, 1500, 1498, -1,
      1874, 1498, 1875, -1,
      1875, 1498, 1876, -1,
      1875, 1876, 38, -1,
      38, 1876, 1870, -1,
      38, 1870, 39, -1,
      39, 1870, 1872, -1,
      1877, 1878, 50, -1,
      50, 1878, 1879, -1,
      1495, 1880, 1493, -1,
      1493, 1880, 1881, -1,
      1493, 1881, 1882, -1,
      1882, 1881, 1883, -1,
      1882, 1883, 1879, -1,
      1879, 1883, 51, -1,
      1879, 51, 50, -1,
      1874, 1881, 1873, -1,
      1873, 1881, 1880, -1,
      1884, 1885, 1886, -1,
      1887, 1496, 1888, -1,
      1888, 1496, 1494, -1,
      1888, 1494, 1889, -1,
      1889, 1494, 1890, -1,
      1889, 1890, 37, -1,
      37, 1890, 1884, -1,
      37, 1884, 49, -1,
      49, 1884, 1886, -1,
      1891, 1892, 28, -1,
      28, 1892, 1893, -1,
      1491, 1894, 1489, -1,
      1489, 1894, 1895, -1,
      1489, 1895, 1896, -1,
      1896, 1895, 1897, -1,
      1896, 1897, 1893, -1,
      1893, 1897, 36, -1,
      1893, 36, 28, -1,
      1888, 1895, 1887, -1,
      1887, 1895, 1894, -1,
      1898, 1899, 1900, -1,
      1901, 1492, 1902, -1,
      1902, 1492, 1490, -1,
      1902, 1490, 1903, -1,
      1903, 1490, 1904, -1,
      1903, 1904, 26, -1,
      26, 1904, 1898, -1,
      26, 1898, 27, -1,
      27, 1898, 1900, -1,
      1905, 1906, 42, -1,
      42, 1906, 1907, -1,
      1487, 1908, 1485, -1,
      1485, 1908, 1909, -1,
      1485, 1909, 1910, -1,
      1910, 1909, 1911, -1,
      1910, 1911, 1907, -1,
      1907, 1911, 41, -1,
      1907, 41, 42, -1,
      1902, 1909, 1901, -1,
      1901, 1909, 1908, -1,
      1912, 1913, 1914, -1,
      1915, 1488, 1916, -1,
      1916, 1488, 1486, -1,
      1916, 1486, 1917, -1,
      1917, 1486, 1918, -1,
      1917, 1918, 25, -1,
      25, 1918, 1912, -1,
      25, 1912, 43, -1,
      43, 1912, 1914, -1,
      1919, 1920, 16, -1,
      16, 1920, 1921, -1,
      1483, 1922, 1481, -1,
      1481, 1922, 1923, -1,
      1481, 1923, 1924, -1,
      1924, 1923, 1925, -1,
      1924, 1925, 1921, -1,
      1921, 1925, 24, -1,
      1921, 24, 16, -1,
      1916, 1923, 1915, -1,
      1915, 1923, 1922, -1,
      1926, 1927, 1928, -1,
      1929, 1484, 1930, -1,
      1930, 1484, 1482, -1,
      1930, 1482, 1931, -1,
      1931, 1482, 1932, -1,
      1931, 1932, 14, -1,
      14, 1932, 1926, -1,
      14, 1926, 15, -1,
      15, 1926, 1928, -1,
      1933, 1934, 34, -1,
      34, 1934, 1935, -1,
      1479, 1936, 1477, -1,
      1477, 1936, 1937, -1,
      1477, 1937, 1938, -1,
      1938, 1937, 1939, -1,
      1938, 1939, 1935, -1,
      1935, 1939, 35, -1,
      1935, 35, 34, -1,
      1930, 1937, 1929, -1,
      1929, 1937, 1936, -1,
      1940, 1941, 1942, -1,
      1943, 1480, 1944, -1,
      1944, 1480, 1478, -1,
      1944, 1478, 1945, -1,
      1945, 1478, 1946, -1,
      1945, 1946, 32, -1,
      32, 1946, 1940, -1,
      32, 1940, 33, -1,
      33, 1940, 1942, -1,
      1947, 1948, 30, -1,
      30, 1948, 1949, -1,
      1475, 1950, 1473, -1,
      1473, 1950, 1951, -1,
      1473, 1951, 1952, -1,
      1952, 1951, 1953, -1,
      1952, 1953, 1949, -1,
      1949, 1953, 31, -1,
      1949, 31, 30, -1,
      1944, 1951, 1943, -1,
      1943, 1951, 1950, -1,
      1954, 1955, 1956, -1,
      1957, 1476, 1958, -1,
      1958, 1476, 1474, -1,
      1958, 1474, 1959, -1,
      1959, 1474, 1960, -1,
      1959, 1960, 12, -1,
      12, 1960, 1954, -1,
      12, 1954, 29, -1,
      29, 1954, 1956, -1,
      1961, 1962, 10, -1,
      10, 1962, 1963, -1,
      1471, 1964, 1469, -1,
      1469, 1964, 1965, -1,
      1469, 1965, 1966, -1,
      1966, 1965, 1967, -1,
      1966, 1967, 1963, -1,
      1963, 1967, 11, -1,
      1963, 11, 10, -1,
      1958, 1965, 1957, -1,
      1957, 1965, 1964, -1,
      1968, 1969, 1970, -1,
      1971, 1472, 1972, -1,
      1972, 1472, 1470, -1,
      1972, 1470, 1973, -1,
      1973, 1470, 1974, -1,
      1973, 1974, 8, -1,
      8, 1974, 1968, -1,
      8, 1968, 9, -1,
      9, 1968, 1970, -1,
      1975, 1976, 22, -1,
      22, 1976, 1977, -1,
      1467, 1978, 1465, -1,
      1465, 1978, 1979, -1,
      1465, 1979, 1980, -1,
      1980, 1979, 1981, -1,
      1980, 1981, 1977, -1,
      1977, 1981, 23, -1,
      1977, 23, 22, -1,
      1972, 1979, 1971, -1,
      1971, 1979, 1978, -1,
      1982, 1983, 1984, -1,
      1985, 1468, 1986, -1,
      1986, 1468, 1466, -1,
      1986, 1466, 1987, -1,
      1987, 1466, 1988, -1,
      1987, 1988, 20, -1,
      20, 1988, 1982, -1,
      20, 1982, 21, -1,
      21, 1982, 1984, -1,
      1989, 1990, 18, -1,
      18, 1990, 1991, -1,
      1463, 1992, 1461, -1,
      1461, 1992, 1993, -1,
      1461, 1993, 1994, -1,
      1994, 1993, 1995, -1,
      1994, 1995, 1991, -1,
      1991, 1995, 19, -1,
      1991, 19, 18, -1,
      1986, 1993, 1985, -1,
      1985, 1993, 1992, -1,
      1996, 1997, 1998, -1,
      1999, 1464, 2000, -1,
      2000, 1464, 1462, -1,
      2000, 1462, 2001, -1,
      2001, 1462, 2002, -1,
      2001, 2002, 13, -1,
      13, 2002, 1996, -1,
      13, 1996, 17, -1,
      17, 1996, 1998, -1,
      2003, 2004, 5, -1,
      5, 2004, 2005, -1,
      1459, 2006, 1457, -1,
      1457, 2006, 2007, -1,
      1457, 2007, 2008, -1,
      2008, 2007, 2009, -1,
      2008, 2009, 2005, -1,
      2005, 2009, 7, -1,
      2005, 7, 5, -1,
      2000, 2007, 1999, -1,
      1999, 2007, 2006, -1,
      2010, 2011, 2012, -1,
      2013, 1444, 2014, -1,
      2014, 1444, 1442, -1,
      2014, 1442, 2015, -1,
      2015, 1442, 2016, -1,
      2015, 2016, 2017, -1,
      2017, 2016, 2010, -1,
      2017, 2010, 2018, -1,
      2018, 2010, 2012, -1,
      2019, 2020, 2021, -1,
      2021, 2020, 2022, -1,
      1453, 2023, 1446, -1,
      1446, 2023, 2024, -1,
      1446, 2024, 2025, -1,
      2025, 2024, 2026, -1,
      2025, 2026, 2022, -1,
      2022, 2026, 2027, -1,
      2022, 2027, 2021, -1,
    ]
  }
}

Shape {
  appearance Appearance {
    material Material {
      diffuseColor 0.7529 0.7529 0.7529
      specularColor 0.3765 0.3765 0.3765
      ambientIntensity 0.2
      transparency 0.0000
      shininess 0.5
    }
  }
  geometry IndexedFaceSet {
    ccw TRUE
    solid FALSE
    coord DEF co Coordinate {
      point [
        2.992126 -0.890305 0.039370,
        2.992126 -0.890305 0.301306,
        2.913386 -0.890305 0.039370,
        2.913386 -0.890305 0.301306,
      ]
    }
    coordIndex [
      1, 3, 0, -1,
      0, 3, 2, -1,
    ]
  }
}

Shape {
  appearance Appearance {
    material Material {
      diffuseColor 0.1490 0.1490 0.1490
      specularColor 0.0745 0.0745 0.0745
      ambientIntensity 0.2
      transparency 0.0000
      shininess 0.5
    }
  }
  geometry IndexedFaceSet {
    ccw TRUE
    solid FALSE
    coord DEF co Coordinate {
      point [
        3.188976 -1.161417 1.114944,
        3.188976 -1.161417 0.039370,
        3.110236 -1.161417 1.114944,
        3.110236 -1.161417 0.039370,
        3.188976 -0.927470 1.852224,
        3.188976 -1.161417 1.852224,
        3.188976 -1.161417 2.795276,
        3.188976 -0.890305 0.039370,
        3.188976 -0.890305 0.301306,
        3.188976 -0.397208 0.301306,
        3.188976 -0.927470 1.114944,
        3.188976 -0.397208 2.880997,
        3.188976 -1.043307 2.795276,
        3.110236 -1.161417 2.795276,
        3.110236 -1.161417 1.852224,
        3.110236 -1.043307 2.795276,
        3.110236 -0.927470 1.852224,
        3.110236 -0.890305 0.039370,
        3.110236 -0.890305 0.301306,
        3.110236 -0.927470 1.114944,
        3.110236 -0.397208 0.301306,
        3.110236 -0.397208 2.880997,
      ]
    }
    coordIndex [
      4, 5, 6, -1,
      7, 1, 8, -1,
      8, 1, 0, -1,
      8, 0, 9, -1,
      9, 0, 10, -1,
      9, 10, 11, -1,
      11, 10, 4, -1,
      11, 4, 12, -1,
      12, 4, 6, -1,
      13, 14, 15, -1,
      15, 14, 16, -1,
      3, 17, 2, -1,
      2, 17, 18, -1,
      2, 18, 19, -1,
      19, 18, 20, -1,
      19, 20, 16, -1,
      16, 20, 21, -1,
      16, 21, 15, -1,
    ]
  }
}

Shape {
  appearance Appearance {
    material Material {
      diffuseColor 0.7529 0.7529 0.7529
      specularColor 0.3765 0.3765 0.3765
      ambientIntensity 0.2
      transparency 0.0000
      shininess 0.5
    }
  }
  geometry IndexedFaceSet {
    ccw TRUE
    solid FALSE
    coord DEF co Coordinate {
      point [
        3.188976 -0.890305 0.039370,
        3.188976 -0.890305 0.301306,
        3.110236 -0.890305 0.039370,
        3.110236 -0.890305 0.301306,
      ]
    }
    coordIndex [
      1, 3, 0, -1,
      0, 3, 2, -1,
    ]
  }
}

Shape {
  appearance Appearance {
    material Material {
      diffuseColor 0.1490 0.1490 0.1490
      specularColor 0.0745 0.0745 0.0745
      ambientIntensity 0.2
      transparency 0.0000
      shininess 0.5
    }
  }
  geometry IndexedFaceSet {
    ccw TRUE
    solid FALSE
    coord DEF co Coordinate {
      point [
        3.385827 -1.161417 1.114944,
        3.385827 -1.161417 0.039370,
        3.307087 -1.161417 1.114944,
        3.307087 -1.161417 0.039370,
        3.385827 -0.927470 1.852224,
        3.385827 -1.161417 1.852224,
        3.385827 -1.161417 2.795276,
        3.385827 -0.890305 0.039370,
        3.385827 -0.890305 0.301306,
        3.385827 -0.397208 0.301306,
        3.385827 -0.927470 1.114944,
        3.385827 -0.397208 2.880997,
        3.385827 -1.043307 2.795276,
        3.307087 -1.161417 2.795276,
        3.307087 -1.161417 1.852224,
        3.307087 -1.043307 2.795276,
        3.307087 -0.927470 1.852224,
        3.307087 -0.890305 0.039370,
        3.307087 -0.890305 0.301306,
        3.307087 -0.927470 1.114944,
        3.307087 -0.397208 0.301306,
        3.307087 -0.397208 2.880997,
      ]
    }
    coordIndex [
      4, 5, 6, -1,
      7, 1, 8, -1,
      8, 1, 0, -1,
      8, 0, 9, -1,
      9, 0, 10, -1,
      9, 10, 11, -1,
      11, 10, 4, -1,
      11, 4, 12, -1,
      12, 4, 6, -1,
      13, 14, 15, -1,
      15, 14, 16, -1,
      3, 17, 2, -1,
      2, 17, 18, -1,
      2, 18, 19, -1,
      19, 18, 20, -1,
      19, 20, 16, -1,
      16, 20, 21, -1,
      16, 21, 15, -1,
    ]
  }
}

Shape {
  appearance Appearance {
    material Material {
      diffuseColor 0.7529 0.7529 0.7529
      specularColor 0.3765 0.3765 0.3765
      ambientIntensity 0.2
      transparency 0.0000
      shininess 0.5
    }
  }
  geometry IndexedFaceSet {
    ccw TRUE
    solid FALSE
    coord DEF co Coordinate {
      point [
        3.385827 -0.890305 0.039370,
        3.385827 -0.890305 0.301306,
        3.307087 -0.890305 0.039370,
        3.307087 -0.890305 0.301306,
      ]
    }
    coordIndex [
      1, 3, 0, -1,
      0, 3, 2, -1,
    ]
  }
}

Shape {
  appearance Appearance {
    material Material {
      diffuseColor 0.1490 0.1490 0.1490
      specularColor 0.0745 0.0745 0.0745
      ambientIntensity 0.2
      transparency 0.0000
      shininess 0.5
    }
  }
  geometry IndexedFaceSet {
    ccw TRUE
    solid FALSE
    coord DEF co Coordinate {
      point [
        3.503937 -1.161417 1.114944,
        3.503937 -1.161417 0.039370,
        3.582677 -1.161417 2.795276,
        3.582677 -1.161417 0.039370,
        3.582677 -0.890305 0.301306,
        3.582677 -0.890305 0.039370,
        3.582677 -0.397208 2.880997,
        3.582677 -0.397208 0.301306,
        3.582677 -1.043307 2.795276,
        3.503937 -1.161417 2.795276,
        3.503937 -1.161417 1.852224,
        3.503937 -1.043307 2.795276,
        3.503937 -0.927470 1.852224,
        3.503937 -0.890305 0.039370,
        3.503937 -0.890305 0.301306,
        3.503937 -0.927470 1.114944,
        3.503937 -0.397208 0.301306,
        3.503937 -0.397208 2.880997,
      ]
    }
    coordIndex [
      4, 5, 3, -1,
      6, 7, 8, -1,
      8, 7, 4, -1,
      8, 4, 2, -1,
      2, 4, 3, -1,
      9, 10, 11, -1,
      11, 10, 12, -1,
      1, 13, 0, -1,
      0, 13, 14, -1,
      0, 14, 15, -1,
      15, 14, 16, -1,
      15, 16, 12, -1,
      12, 16, 17, -1,
      12, 17, 11, -1,
    ]
  }
}

Shape {
  appearance Appearance {
    material Material {
      diffuseColor 0.7529 0.7529 0.7529
      specularColor 0.3765 0.3765 0.3765
      ambientIntensity 0.2
      transparency 0.0000
      shininess 0.5
    }
  }
  geometry IndexedFaceSet {
    ccw TRUE
    solid FALSE
    coord DEF co Coordinate {
      point [
        3.582677 -0.890305 0.301306,
        3.582677 -0.890305 0.039370,
        3.503937 -0.890305 0.039370,
        3.503937 -0.890305 0.301306,
      ]
    }
    coordIndex [
      0, 3, 1, -1,
      1, 3, 2, -1,
    ]
  }
}

Shape {
  appearance Appearance {
    material Material {
      diffuseColor 0.1490 0.1490 0.1490
      specularColor 0.0745 0.0745 0.0745
      ambientIntensity 0.2
      transparency 0.0000
      shininess 0.5
    }
  }
  geometry IndexedFaceSet {
    ccw TRUE
    solid FALSE
    coord DEF co Coordinate {
      point [
        2.355570 -0.827191 3.135897,
        2.007874 -0.827191 3.135897,
        1.929134 -0.670555 3.025106,
        1.811024 -0.670555 3.025106,
        1.338583 -0.670555 3.025106,
        1.220472 -0.670555 3.025106,
        -3.966535 -0.177165 3.025106,
        0.748031 -0.670555 3.025106,
        0.629921 -0.670555 3.025106,
        1.732283 -0.670555 3.025106,
        1.614173 -0.670555 3.025106,
        1.535433 -0.670555 3.025106,
        1.417323 -0.670555 3.025106,
        1.141732 -0.670555 3.025106,
        1.023622 -0.670555 3.025106,
        0.157480 -0.670555 3.025106,
        0.039370 -0.670555 3.025106,
        0.826772 -0.670555 3.025106,
        0.944882 -0.670555 3.025106,
        -0.236220 -0.670555 3.025106,
        -0.354331 -0.670555 3.025106,
        0.551181 -0.670555 3.025106,
        0.433071 -0.670555 3.025106,
        0.354331 -0.670555 3.025106,
        0.236220 -0.670555 3.025106,
        -0.629921 -0.670555 3.025106,
        -0.748031 -0.670555 3.025106,
        -0.157480 -0.670555 3.025106,
        -0.039370 -0.670555 3.025106,
        -0.433071 -0.670555 3.025106,
        -0.551181 -0.670555 3.025106,
        -1.220472 -0.670555 3.025106,
        -1.338583 -0.670555 3.025106,
        -0.826772 -0.670555 3.025106,
        -0.944882 -0.670555 3.025106,
        -1.141732 -0.670555 3.025106,
        -1.023622 -0.670555 3.025106,
        -1.614173 -0.670555 3.025106,
        -1.732283 -0.670555 3.025106,
        -1.535433 -0.670555 3.025106,
        -1.417323 -0.670555 3.025106,
        -2.007874 -0.670555 3.025106,
        -2.125984 -0.670555 3.025106,
        -1.929134 -0.670555 3.025106,
        -1.811024 -0.670555 3.025106,
        -2.401575 -0.670555 3.025106,
        -2.519685 -0.670555 3.025106,
        -2.322835 -0.670555 3.025106,
        -2.204724 -0.670555 3.025106,
        -2.795276 -0.670555 3.025106,
        -2.913386 -0.670555 3.025106,
        -2.716535 -0.670555 3.025106,
        -2.598425 -0.670555 3.025106,
        -3.188976 -0.670555 3.025106,
        -3.307087 -0.670555 3.025106,
        -3.110236 -0.670555 3.025106,
        -2.992126 -0.670555 3.025106,
        -3.582677 -0.670555 3.025106,
        -3.966535 -0.670555 3.025106,
        -3.503937 -0.670555 3.025106,
        -3.385827 -0.670555 3.025106,
        -3.966535 -0.177165 2.910191,
        2.100195 -1.161417 2.795276,
        2.007874 -1.161417 2.795276,
        -3.769685 -1.043307 2.795276,
        -3.582677 -1.043307 2.795276,
        -3.966535 -1.043307 2.795276,
        -3.503937 -1.043307 2.795276,
        -3.385827 -1.043307 2.795276,
        -2.913386 -1.043307 2.795276,
        -2.795276 -1.043307 2.795276,
        -2.322835 -1.043307 2.795276,
        -2.204724 -1.043307 2.795276,
        -3.307087 -1.043307 2.795276,
        -3.188976 -1.043307 2.795276,
        -3.110236 -1.043307 2.795276,
        -2.992126 -1.043307 2.795276,
        -1.929134 -1.043307 2.795276,
        -1.811024 -1.043307 2.795276,
        -2.716535 -1.043307 2.795276,
        -2.598425 -1.043307 2.795276,
        -2.519685 -1.043307 2.795276,
        -2.401575 -1.043307 2.795276,
        -1.535433 -1.043307 2.795276,
        -1.417323 -1.043307 2.795276,
        -2.007874 -1.043307 2.795276,
        -2.125984 -1.043307 2.795276,
        -1.141732 -1.043307 2.795276,
        -1.023622 -1.043307 2.795276,
        -1.732283 -1.043307 2.795276,
        -1.614173 -1.043307 2.795276,
        -1.338583 -1.043307 2.795276,
        -1.220472 -1.043307 2.795276,
        -0.748031 -1.043307 2.795276,
        -0.629921 -1.043307 2.795276,
        -0.826772 -1.043307 2.795276,
        -0.944882 -1.043307 2.795276,
        -0.354331 -1.043307 2.795276,
        -0.236220 -1.043307 2.795276,
        -0.433071 -1.043307 2.795276,
        -0.551181 -1.043307 2.795276,
        0.039370 -1.043307 2.795276,
        0.157480 -1.043307 2.795276,
        -0.039370 -1.043307 2.795276,
        -0.157480 -1.043307 2.795276,
        0.433071 -1.043307 2.795276,
        0.551181 -1.043307 2.795276,
        0.354331 -1.043307 2.795276,
        0.236220 -1.043307 2.795276,
        0.826772 -1.043307 2.795276,
        0.944882 -1.043307 2.795276,
        0.748031 -1.043307 2.795276,
        0.629921 -1.043307 2.795276,
        1.220472 -1.043307 2.795276,
        1.338583 -1.043307 2.795276,
        1.141732 -1.043307 2.795276,
        1.023622 -1.043307 2.795276,
        1.614173 -1.043307 2.795276,
        1.732283 -1.043307 2.795276,
        1.535433 -1.043307 2.795276,
        1.417323 -1.043307 2.795276,
        1.929134 -1.043307 2.795276,
        1.811024 -1.043307 2.795276,
        4.301181 0.668948 0.000000,
        4.301181 0.398748 0.000000,
        4.301181 -0.726378 0.000000,
        4.301181 -0.225520 0.000000,
        4.301181 -0.775518 0.000000,
        4.301181 -0.005048 0.000000,
        -4.301181 0.668948 0.000000,
        -4.301181 0.398748 0.000000,
        -4.301181 -0.005048 0.000000,
        -4.301181 -0.225520 0.000000,
        -4.301181 -0.726378 0.000000,
        -4.301181 -0.775518 0.000000,
        4.301181 1.161417 0.118110,
        4.301181 1.011184 0.118110,
        -4.301181 1.161417 0.118110,
        -4.301181 1.161417 3.267717,
        4.301181 1.161417 3.267717,
        3.503937 -1.161417 1.114944,
        3.385827 -1.161417 1.114944,
        3.307087 -1.161417 1.114944,
        3.188976 -1.161417 1.114944,
        3.110236 -1.161417 1.114944,
        2.992126 -1.161417 1.114944,
        2.913386 -1.161417 1.114944,
        2.007874 -1.161417 1.114944,
        -3.385827 -1.161417 1.114944,
        -3.503937 -1.161417 1.114944,
        -3.188976 -1.161417 1.114944,
        -3.307087 -1.161417 1.114944,
        -2.992126 -1.161417 1.114944,
        -3.110236 -1.161417 1.114944,
        -2.795276 -1.161417 1.114944,
        -2.913386 -1.161417 1.114944,
        -2.598425 -1.161417 1.114944,
        -2.716535 -1.161417 1.114944,
        -2.401575 -1.161417 1.114944,
        -2.519685 -1.161417 1.114944,
        -2.204724 -1.161417 1.114944,
        -2.322835 -1.161417 1.114944,
        -2.007874 -1.161417 1.114944,
        -2.125984 -1.161417 1.114944,
        -1.811024 -1.161417 1.114944,
        -1.929134 -1.161417 1.114944,
        -1.614173 -1.161417 1.114944,
        -1.732283 -1.161417 1.114944,
        -1.417323 -1.161417 1.114944,
        -1.535433 -1.161417 1.114944,
        -1.220472 -1.161417 1.114944,
        -1.338583 -1.161417 1.114944,
        -1.023622 -1.161417 1.114944,
        -1.141732 -1.161417 1.114944,
        -0.826772 -1.161417 1.114944,
        -0.944882 -1.161417 1.114944,
        -0.629921 -1.161417 1.114944,
        -0.748031 -1.161417 1.114944,
        -0.433071 -1.161417 1.114944,
        -0.551181 -1.161417 1.114944,
        -0.236220 -1.161417 1.114944,
        -0.354331 -1.161417 1.114944,
        -0.039370 -1.161417 1.114944,
        -0.157480 -1.161417 1.114944,
        0.157480 -1.161417 1.114944,
        0.039370 -1.161417 1.114944,
        0.354331 -1.161417 1.114944,
        0.236220 -1.161417 1.114944,
        0.551181 -1.161417 1.114944,
        0.433071 -1.161417 1.114944,
        0.748031 -1.161417 1.114944,
        0.629921 -1.161417 1.114944,
        0.944882 -1.161417 1.114944,
        0.826772 -1.161417 1.114944,
        1.141732 -1.161417 1.114944,
        1.023622 -1.161417 1.114944,
        1.338583 -1.161417 1.114944,
        1.220472 -1.161417 1.114944,
        1.535433 -1.161417 1.114944,
        1.417323 -1.161417 1.114944,
        1.732283 -1.161417 1.114944,
        1.614173 -1.161417 1.114944,
        1.929134 -1.161417 1.114944,
        1.811024 -1.161417 1.114944,
        -3.582677 -1.161417 2.795276,
        -3.769685 -1.161417 2.598425,
        -3.769685 -1.161417 2.795276,
        -4.301181 -1.161417 0.039370,
        -4.301181 -1.161417 2.795276,
        -3.966535 -1.161417 2.795276,
        -3.966535 -1.161417 2.598425,
        4.301181 -1.161417 0.039370,
        4.301181 -1.161417 2.795276,
        3.966535 -1.161417 2.795276,
        3.966535 -1.161417 2.598425,
        3.769685 -1.161417 2.795276,
        3.582677 -1.161417 2.795276,
        3.769685 -1.161417 2.598425,
        -3.503937 -0.927470 1.852224,
        -3.503937 -1.161417 1.852224,
        -3.503937 -1.161417 2.795276,
        -3.503937 -0.927470 1.114944,
        2.007874 -0.927470 1.852224,
        2.007874 -1.161417 1.852224,
        2.007874 -0.927470 1.114944,
        1.929134 -1.161417 2.795276,
        1.929134 -1.161417 1.852224,
        1.929134 -0.927470 1.852224,
        1.929134 -0.927470 1.114944,
        1.811024 -0.927470 1.852224,
        1.811024 -1.161417 1.852224,
        1.811024 -1.161417 2.795276,
        1.811024 -0.927470 1.114944,
        1.732283 -1.161417 2.795276,
        1.732283 -1.161417 1.852224,
        1.732283 -0.927470 1.852224,
        1.732283 -0.927470 1.114944,
        1.614173 -0.927470 1.852224,
        1.614173 -1.161417 1.852224,
        1.614173 -1.161417 2.795276,
        1.614173 -0.927470 1.114944,
        1.535433 -1.161417 2.795276,
        1.535433 -1.161417 1.852224,
        1.535433 -0.927470 1.852224,
        1.535433 -0.927470 1.114944,
        1.417323 -0.927470 1.852224,
        1.417323 -1.161417 1.852224,
        1.417323 -1.161417 2.795276,
        1.417323 -0.927470 1.114944,
        1.338583 -1.161417 2.795276,
        1.338583 -1.161417 1.852224,
        1.338583 -0.927470 1.852224,
        1.338583 -0.927470 1.114944,
        1.220472 -0.927470 1.852224,
        1.220472 -1.161417 1.852224,
        1.220472 -1.161417 2.795276,
        1.220472 -0.927470 1.114944,
        1.141732 -1.161417 2.795276,
        1.141732 -1.161417 1.852224,
        1.141732 -0.927470 1.852224,
        1.141732 -0.927470 1.114944,
        1.023622 -0.927470 1.852224,
        1.023622 -1.161417 1.852224,
        1.023622 -1.161417 2.795276,
        1.023622 -0.927470 1.114944,
        0.944882 -1.161417 2.795276,
        0.944882 -1.161417 1.852224,
        0.944882 -0.927470 1.852224,
        0.944882 -0.927470 1.114944,
        0.826772 -0.927470 1.852224,
        0.826772 -1.161417 1.852224,
        0.826772 -1.161417 2.795276,
        0.826772 -0.927470 1.114944,
        0.748031 -1.161417 2.795276,
        0.748031 -1.161417 1.852224,
        0.748031 -0.927470 1.852224,
        0.748031 -0.927470 1.114944,
        0.629921 -0.927470 1.852224,
        0.629921 -1.161417 1.852224,
        0.629921 -1.161417 2.795276,
        0.629921 -0.927470 1.114944,
        0.551181 -1.161417 2.795276,
        0.551181 -1.161417 1.852224,
        0.551181 -0.927470 1.852224,
        0.551181 -0.927470 1.114944,
        0.433071 -0.927470 1.852224,
        0.433071 -1.161417 1.852224,
        0.433071 -1.161417 2.795276,
        0.433071 -0.927470 1.114944,
        0.354331 -1.161417 2.795276,
        0.354331 -1.161417 1.852224,
        0.354331 -0.927470 1.852224,
        0.354331 -0.927470 1.114944,
        0.236220 -0.927470 1.852224,
        0.236220 -1.161417 1.852224,
        0.236220 -1.161417 2.795276,
        0.236220 -0.927470 1.114944,
        0.157480 -1.161417 2.795276,
        0.157480 -1.161417 1.852224,
        0.157480 -0.927470 1.852224,
        0.157480 -0.927470 1.114944,
        0.039370 -0.927470 1.852224,
        0.039370 -1.161417 1.852224,
        0.039370 -1.161417 2.795276,
        0.039370 -0.927470 1.114944,
        -0.039370 -1.161417 2.795276,
        -0.039370 -1.161417 1.852224,
        -0.039370 -0.927470 1.852224,
        -0.039370 -0.927470 1.114944,
        -0.157480 -0.927470 1.852224,
        -0.157480 -1.161417 1.852224,
        -0.157480 -1.161417 2.795276,
        -0.157480 -0.927470 1.114944,
        -0.236220 -1.161417 2.795276,
        -0.236220 -1.161417 1.852224,
        -0.236220 -0.927470 1.852224,
        -0.236220 -0.927470 1.114944,
        -0.354331 -0.927470 1.852224,
        -0.354331 -1.161417 1.852224,
        -0.354331 -1.161417 2.795276,
        -0.354331 -0.927470 1.114944,
        -0.433071 -1.161417 2.795276,
        -0.433071 -1.161417 1.852224,
        -0.433071 -0.927470 1.852224,
        -0.433071 -0.927470 1.114944,
        -0.551181 -0.927470 1.852224,
        -0.551181 -1.161417 1.852224,
        -0.551181 -1.161417 2.795276,
        -0.551181 -0.927470 1.114944,
        -0.629921 -1.161417 2.795276,
        -0.629921 -1.161417 1.852224,
        -0.629921 -0.927470 1.852224,
        -0.629921 -0.927470 1.114944,
        -0.748031 -0.927470 1.852224,
        -0.748031 -1.161417 1.852224,
        -0.748031 -1.161417 2.795276,
        -0.748031 -0.927470 1.114944,
        -0.826772 -1.161417 2.795276,
        -0.826772 -1.161417 1.852224,
        -0.826772 -0.927470 1.852224,
        -0.826772 -0.927470 1.114944,
        -0.944882 -0.927470 1.852224,
        -0.944882 -1.161417 1.852224,
        -0.944882 -1.161417 2.795276,
        -0.944882 -0.927470 1.114944,
        -1.023622 -1.161417 2.795276,
        -1.023622 -1.161417 1.852224,
        -1.023622 -0.927470 1.852224,
        -1.023622 -0.927470 1.114944,
        -1.141732 -0.927470 1.852224,
        -1.141732 -1.161417 1.852224,
        -1.141732 -1.161417 2.795276,
        -1.141732 -0.927470 1.114944,
        -1.220472 -1.161417 2.795276,
        -1.220472 -1.161417 1.852224,
        -1.220472 -0.927470 1.852224,
        -1.220472 -0.927470 1.114944,
        -1.338583 -0.927470 1.852224,
        -1.338583 -1.161417 1.852224,
        -1.338583 -1.161417 2.795276,
        -1.338583 -0.927470 1.114944,
        -1.417323 -1.161417 2.795276,
        -1.417323 -1.161417 1.852224,
        -1.417323 -0.927470 1.852224,
        -1.417323 -0.927470 1.114944,
        -1.535433 -0.927470 1.852224,
        -1.535433 -1.161417 1.852224,
        -1.535433 -1.161417 2.795276,
        -1.535433 -0.927470 1.114944,
        -1.614173 -1.161417 2.795276,
        -1.614173 -1.161417 1.852224,
        -1.614173 -0.927470 1.852224,
        -1.614173 -0.927470 1.114944,
        -1.732283 -0.927470 1.852224,
        -1.732283 -1.161417 1.852224,
        -1.732283 -1.161417 2.795276,
        -1.732283 -0.927470 1.114944,
        -1.811024 -1.161417 2.795276,
        -1.811024 -1.161417 1.852224,
        -1.811024 -0.927470 1.852224,
        -1.811024 -0.927470 1.114944,
        -1.929134 -0.927470 1.852224,
        -1.929134 -1.161417 1.852224,
        -1.929134 -1.161417 2.795276,
        -1.929134 -0.927470 1.114944,
        -2.007874 -1.161417 2.795276,
        -2.007874 -1.161417 1.852224,
        -2.007874 -0.927470 1.852224,
        -2.007874 -0.927470 1.114944,
        -2.125984 -0.927470 1.852224,
        -2.125984 -1.161417 1.852224,
        -2.125984 -1.161417 2.795276,
        -2.125984 -0.927470 1.114944,
        -2.204724 -1.161417 2.795276,
        -2.204724 -1.161417 1.852224,
        -2.204724 -0.927470 1.852224,
        -2.204724 -0.927470 1.114944,
        -2.322835 -0.927470 1.852224,
        -2.322835 -1.161417 1.852224,
        -2.322835 -1.161417 2.795276,
        -2.322835 -0.927470 1.114944,
        -2.401575 -1.161417 2.795276,
        -2.401575 -1.161417 1.852224,
        -2.401575 -0.927470 1.852224,
        -2.401575 -0.927470 1.114944,
        -2.519685 -0.927470 1.852224,
        -2.519685 -1.161417 1.852224,
        -2.519685 -1.161417 2.795276,
        -2.519685 -0.927470 1.114944,
        -2.598425 -1.161417 2.795276,
        -2.598425 -1.161417 1.852224,
        -2.598425 -0.927470 1.852224,
        -2.598425 -0.927470 1.114944,
        -2.716535 -0.927470 1.852224,
        -2.716535 -1.161417 1.852224,
        -2.716535 -1.161417 2.795276,
        -2.716535 -0.927470 1.114944,
        -2.795276 -1.161417 2.795276,
        -2.795276 -1.161417 1.852224,
        -2.795276 -0.927470 1.852224,
        -2.795276 -0.927470 1.114944,
        -2.913386 -0.927470 1.852224,
        -2.913386 -1.161417 1.852224,
        -2.913386 -1.161417 2.795276,
        -2.913386 -0.927470 1.114944,
        -2.992126 -1.161417 2.795276,
        -2.992126 -1.161417 1.852224,
        -2.992126 -0.927470 1.852224,
        -2.992126 -0.927470 1.114944,
        -3.110236 -0.927470 1.852224,
        -3.110236 -1.161417 1.852224,
        -3.110236 -1.161417 2.795276,
        -3.110236 -0.927470 1.114944,
        -3.188976 -1.161417 2.795276,
        -3.188976 -1.161417 1.852224,
        -3.188976 -0.927470 1.852224,
        -3.188976 -0.927470 1.114944,
        -3.307087 -0.927470 1.852224,
        -3.307087 -1.161417 1.852224,
        -3.307087 -1.161417 2.795276,
        -3.307087 -0.927470 1.114944,
        -3.385827 -1.161417 2.795276,
        -3.385827 -1.161417 1.852224,
        -3.385827 -0.927470 1.852224,
        -3.385827 -0.927470 1.114944,
        2.992126 -0.927470 1.852224,
        2.992126 -1.161417 1.852224,
        2.992126 -1.161417 2.795276,
        2.992126 -0.927470 1.114944,
        2.992126 -0.397208 2.880997,
        2.992126 -1.043307 2.795276,
        2.913386 -1.161417 2.795276,
        2.913386 -1.161417 1.852224,
        2.913386 -1.043307 2.795276,
        2.913386 -0.927470 1.852224,
        2.913386 -0.927470 1.114944,
        2.913386 -0.397208 2.880997,
        3.188976 -0.927470 1.852224,
        3.188976 -1.161417 1.852224,
        3.188976 -1.161417 2.795276,
        3.188976 -0.927470 1.114944,
        3.188976 -0.397208 2.880997,
        3.188976 -1.043307 2.795276,
        3.110236 -1.161417 2.795276,
        3.110236 -1.161417 1.852224,
        3.110236 -1.043307 2.795276,
        3.110236 -0.927470 1.852224,
        3.110236 -0.927470 1.114944,
        3.110236 -0.397208 2.880997,
        3.385827 -0.927470 1.852224,
        3.385827 -1.161417 1.852224,
        3.385827 -1.161417 2.795276,
        3.385827 -0.927470 1.114944,
        3.385827 -0.397208 2.880997,
        3.385827 -1.043307 2.795276,
        3.307087 -1.161417 2.795276,
        3.307087 -1.161417 1.852224,
        3.307087 -1.043307 2.795276,
        3.307087 -0.927470 1.852224,
        3.307087 -0.927470 1.114944,
        3.307087 -0.397208 2.880997,
        3.582677 -0.397208 2.880997,
        3.582677 -1.043307 2.795276,
        3.503937 -1.161417 2.795276,
        3.503937 -1.161417 1.852224,
        3.503937 -1.043307 2.795276,
        3.503937 -0.927470 1.852224,
        3.503937 -0.927470 1.114944,
        3.503937 -0.397208 2.880997,
        3.385827 -0.827191 3.135897,
        3.385827 -0.670555 3.025106,
        3.503937 -0.827191 3.135897,
        3.503937 -0.670555 3.025106,
        3.188976 -0.827191 3.135897,
        3.188976 -0.670555 3.025106,
        3.307087 -0.827191 3.135897,
        3.307087 -0.670555 3.025106,
        2.992126 -0.827191 3.135897,
        2.992126 -0.670555 3.025106,
        3.110236 -0.827191 3.135897,
        3.110236 -0.670555 3.025106,
        2.137868 -1.161417 2.311610,
        2.352061 -1.161417 2.311610,
        2.765148 -1.161417 2.311610,
        2.765148 -1.161417 2.097417,
        2.847998 -1.161417 2.795276,
        2.847998 -1.161417 2.717254,
        2.352061 -1.161417 2.097417,
        2.550955 -1.161417 2.097417,
        2.550955 -1.161417 2.311610,
        2.100195 -1.161417 2.717254,
        2.137868 -1.161417 2.097417,
        2.847998 -1.043307 2.795276,
        2.573397 -0.670555 3.025106,
        2.913386 -0.670555 3.025106,
        2.573397 -0.827191 3.135897,
        2.913386 -0.827191 3.135897,
        -3.503937 -0.827191 3.135897,
        -3.385827 -0.827191 3.135897,
        -3.307087 -0.827191 3.135897,
        -3.188976 -0.827191 3.135897,
        -3.110236 -0.827191 3.135897,
        -2.992126 -0.827191 3.135897,
        -2.913386 -0.827191 3.135897,
        -2.795276 -0.827191 3.135897,
        -2.716535 -0.827191 3.135897,
        -2.598425 -0.827191 3.135897,
        -2.519685 -0.827191 3.135897,
        -2.401575 -0.827191 3.135897,
        -2.322835 -0.827191 3.135897,
        -2.204724 -0.827191 3.135897,
        -2.125984 -0.827191 3.135897,
        -2.007874 -0.827191 3.135897,
        -1.929134 -0.827191 3.135897,
        -1.811024 -0.827191 3.135897,
        -1.732283 -0.827191 3.135897,
        -1.614173 -0.827191 3.135897,
        -1.535433 -0.827191 3.135897,
        -1.417323 -0.827191 3.135897,
        -1.338583 -0.827191 3.135897,
        -1.220472 -0.827191 3.135897,
        -1.141732 -0.827191 3.135897,
        -1.023622 -0.827191 3.135897,
        -0.944882 -0.827191 3.135897,
        -0.826772 -0.827191 3.135897,
        -0.748031 -0.827191 3.135897,
        -0.629921 -0.827191 3.135897,
        -0.551181 -0.827191 3.135897,
        -0.433071 -0.827191 3.135897,
        -0.354331 -0.827191 3.135897,
        -0.236220 -0.827191 3.135897,
        -0.157480 -0.827191 3.135897,
        -0.039370 -0.827191 3.135897,
        0.039370 -0.827191 3.135897,
        0.157480 -0.827191 3.135897,
        0.236220 -0.827191 3.135897,
        0.354331 -0.827191 3.135897,
        0.433071 -0.827191 3.135897,
        0.551181 -0.827191 3.135897,
        0.629921 -0.827191 3.135897,
        0.748031 -0.827191 3.135897,
        0.826772 -0.827191 3.135897,
        0.944882 -0.827191 3.135897,
        1.023622 -0.827191 3.135897,
        1.141732 -0.827191 3.135897,
        1.220472 -0.827191 3.135897,
        1.338583 -0.827191 3.135897,
        1.417323 -0.827191 3.135897,
        1.535433 -0.827191 3.135897,
        1.614173 -0.827191 3.135897,
        1.732283 -0.827191 3.135897,
        1.811024 -0.827191 3.135897,
        1.929134 -0.827191 3.135897,
        -3.966535 -0.827191 3.135897,
        -3.582677 -0.827191 3.135897,
        -4.301181 -1.043307 2.795276,
        3.769685 -1.043307 2.795276,
        -4.301181 -0.925197 3.267717,
        -3.966535 -0.925197 3.267717,
        -3.966535 -0.827191 3.267717,
        3.966535 -0.925197 3.267717,
        4.301181 -0.925197 3.267717,
        3.966535 -0.827191 3.267717,
        4.301181 -1.043307 2.795276,
        4.301181 -1.043307 3.149606,
        3.966535 -1.043307 2.795276,
        3.966535 -1.043307 3.149606,
        -4.301181 -1.043307 3.149606,
        -3.966535 -1.043307 3.149606,
        4.301181 -1.027483 3.208662,
        3.966535 -1.027483 3.208662,
        4.301181 -0.984252 3.251893,
        3.966535 -0.984252 3.251893,
        -3.966535 -1.027483 3.208662,
        -4.301181 -1.027483 3.208662,
        -3.966535 -0.984252 3.251893,
        -4.301181 -0.984252 3.251893,
        4.301181 0.668948 0.039370,
        4.301181 -0.775518 0.039370,
        4.301181 1.011184 0.039370,
        -4.301181 -0.775518 0.039370,
        -4.301181 0.668948 0.039370,
        -4.301181 1.011184 0.039370,
        -4.301181 1.011184 0.118110,
        3.966535 -0.827191 3.135897,
        3.966535 -0.177165 3.025106,
        3.966535 -0.177165 2.910191,
        3.966535 -0.670555 3.025106,
        -3.503937 -0.827191 3.150811,
        -3.385827 -0.827191 3.150811,
        -1.732283 -0.827191 3.150811,
        -1.614173 -0.827191 3.150811,
        -1.535433 -0.827191 3.150811,
        -3.582677 -0.827191 3.150811,
        -3.307087 -0.827191 3.150811,
        -3.188976 -0.827191 3.150811,
        -3.110236 -0.827191 3.150811,
        -2.992126 -0.827191 3.150811,
        -2.913386 -0.827191 3.150811,
        -2.795276 -0.827191 3.150811,
        -2.716535 -0.827191 3.150811,
        -0.551181 -0.827191 3.150811,
        -2.598425 -0.827191 3.150811,
        -2.519685 -0.827191 3.150811,
        -2.401575 -0.827191 3.150811,
        -2.322835 -0.827191 3.150811,
        -0.433071 -0.827191 3.150811,
        -0.354331 -0.827191 3.150811,
        -2.204724 -0.827191 3.150811,
        -2.125984 -0.827191 3.150811,
        -1.417323 -0.827191 3.150811,
        -1.338583 -0.827191 3.150811,
        -2.007874 -0.827191 3.150811,
        -1.929134 -0.827191 3.150811,
        -1.220472 -0.827191 3.150811,
        -1.141732 -0.827191 3.150811,
        0.236220 -0.827191 3.150811,
        -1.811024 -0.827191 3.150811,
        -1.023622 -0.827191 3.150811,
        -0.944882 -0.827191 3.150811,
        -0.826772 -0.827191 3.150811,
        -0.748031 -0.827191 3.150811,
        0.354331 -0.827191 3.150811,
        0.433071 -0.827191 3.150811,
        -0.629921 -0.827191 3.150811,
        -0.236220 -0.827191 3.150811,
        -0.157480 -0.827191 3.150811,
        0.826772 -0.827191 3.150811,
        -0.039370 -0.827191 3.150811,
        0.039370 -0.827191 3.150811,
        0.157480 -0.827191 3.150811,
        0.944882 -0.827191 3.150811,
        1.023622 -0.827191 3.150811,
        1.220472 -0.827191 3.150811,
        0.551181 -0.827191 3.150811,
        0.629921 -0.827191 3.150811,
        0.748031 -0.827191 3.150811,
        1.338583 -0.827191 3.150811,
        1.417323 -0.827191 3.150811,
        1.614173 -0.827191 3.150811,
        1.141732 -0.827191 3.150811,
        1.732283 -0.827191 3.150811,
        1.811024 -0.827191 3.150811,
        1.535433 -0.827191 3.150811,
        2.913386 -0.827191 3.150811,
        2.007874 -0.827191 3.150811,
        2.992126 -0.827191 3.150811,
        1.929134 -0.827191 3.150811,
        3.188976 -0.827191 3.150811,
        3.307087 -0.827191 3.150811,
        3.385827 -0.827191 3.150811,
        3.110236 -0.827191 3.150811,
        3.582677 -0.827191 3.135897,
        3.582677 -0.827191 3.150811,
        3.503937 -0.827191 3.150811,
        3.582677 -0.670555 3.025106,
        3.582677 -0.397208 3.025106,
        3.503937 -0.397208 3.025106,
        2.573397 -0.177165 3.025106,
        3.307087 -0.397208 3.025106,
        3.188976 -0.397208 3.025106,
        3.110236 -0.397208 3.025106,
        3.385827 -0.397208 3.025106,
        2.913386 -0.397208 3.025106,
        2.992126 -0.397208 3.025106,
        2.573397 -0.177165 2.954850,
        2.847998 -0.177165 2.954850,
        2.847998 -0.177165 2.910191,
        3.769685 -0.177165 2.795276,
        3.966535 -0.177165 2.795276,
        3.769685 -0.177165 2.598425,
        3.966535 -0.177165 2.598425,
        -3.966535 -0.177165 2.795276,
        -3.769685 -0.177165 2.795276,
        -3.966535 -0.177165 2.598425,
        -3.769685 -0.177165 2.598425,
        -3.690945 1.011184 1.067770,
        -3.661417 1.011184 1.067770,
        -3.690945 0.950310 1.067770,
        -3.661417 0.950310 1.067770,
        -3.690945 0.950310 0.647687,
        -3.661417 0.950310 0.647687,
        -3.690945 1.011184 0.647687,
        -3.661417 1.011184 0.647687,
        -3.690945 1.011184 2.082118,
        -3.661417 1.011184 2.082118,
        -3.690945 0.950310 2.082118,
        -3.661417 0.950310 2.082118,
        -3.690945 0.950310 1.633858,
        -3.661417 0.950310 1.633858,
        -3.690945 1.011184 1.633858,
        -3.661417 1.011184 1.633858,
      ]
    }
    coordIndex [
      471, 470, 483, -1,
      483, 470, 484, -1,
      474, 471, 485, -1,
      485, 471, 483, -1,
      489, 490, 491, -1,
      491, 490, 492, -1,
      470, 469, 484, -1,
      484, 469, 486, -1,
      469, 472, 486, -1,
      486, 472, 487, -1,
      472, 141, 487, -1,
      487, 141, 140, -1,
      459, 458, 475, -1,
      475, 458, 476, -1,
      462, 459, 477, -1,
      477, 459, 475, -1,
      493, 494, 495, -1,
      495, 494, 496, -1,
      458, 457, 476, -1,
      476, 457, 478, -1,
      457, 460, 478, -1,
      478, 460, 479, -1,
      460, 143, 479, -1,
      479, 143, 142, -1,
      447, 446, 463, -1,
      463, 446, 464, -1,
      450, 447, 465, -1,
      465, 447, 463, -1,
      497, 498, 499, -1,
      499, 498, 500, -1,
      446, 445, 464, -1,
      464, 445, 466, -1,
      445, 448, 466, -1,
      466, 448, 467, -1,
      448, 145, 467, -1,
      467, 145, 144, -1,
      223, 501, 63, -1,
      63, 501, 502, -1,
      503, 504, 452, -1,
      451, 505, 506, -1,
      507, 508, 502, -1,
      502, 508, 509, -1,
      502, 509, 63, -1,
      452, 451, 503, -1,
      503, 451, 506, -1,
      503, 506, 509, -1,
      509, 506, 510, -1,
      509, 510, 63, -1,
      63, 510, 62, -1,
      504, 508, 452, -1,
      452, 508, 507, -1,
      452, 507, 223, -1,
      223, 507, 511, -1,
      223, 511, 501, -1,
      505, 451, 512, -1,
      512, 451, 453, -1,
      513, 514, 515, -1,
      515, 514, 516, -1,
      223, 222, 452, -1,
      452, 222, 454, -1,
      222, 224, 454, -1,
      454, 224, 455, -1,
      224, 147, 455, -1,
      455, 147, 146, -1,
      220, 219, 441, -1,
      441, 219, 442, -1,
      438, 434, 439, -1,
      439, 434, 433, -1,
      430, 426, 431, -1,
      431, 426, 425, -1,
      422, 418, 423, -1,
      423, 418, 417, -1,
      414, 410, 415, -1,
      415, 410, 409, -1,
      406, 402, 407, -1,
      407, 402, 401, -1,
      398, 394, 399, -1,
      399, 394, 393, -1,
      390, 386, 391, -1,
      391, 386, 385, -1,
      382, 378, 383, -1,
      383, 378, 377, -1,
      374, 370, 375, -1,
      375, 370, 369, -1,
      366, 362, 367, -1,
      367, 362, 361, -1,
      358, 354, 359, -1,
      359, 354, 353, -1,
      350, 346, 351, -1,
      351, 346, 345, -1,
      342, 338, 343, -1,
      343, 338, 337, -1,
      334, 330, 335, -1,
      335, 330, 329, -1,
      326, 322, 327, -1,
      327, 322, 321, -1,
      318, 314, 319, -1,
      319, 314, 313, -1,
      310, 306, 311, -1,
      311, 306, 305, -1,
      302, 298, 303, -1,
      303, 298, 297, -1,
      294, 290, 295, -1,
      295, 290, 289, -1,
      286, 282, 287, -1,
      287, 282, 281, -1,
      278, 274, 279, -1,
      279, 274, 273, -1,
      270, 266, 271, -1,
      271, 266, 265, -1,
      262, 258, 263, -1,
      263, 258, 257, -1,
      254, 250, 255, -1,
      255, 250, 249, -1,
      246, 242, 247, -1,
      247, 242, 241, -1,
      238, 234, 239, -1,
      239, 234, 233, -1,
      230, 226, 231, -1,
      231, 226, 225, -1,
      67, 220, 68, -1,
      68, 220, 441, -1,
      439, 433, 73, -1,
      73, 433, 74, -1,
      431, 425, 75, -1,
      75, 425, 76, -1,
      423, 417, 69, -1,
      69, 417, 70, -1,
      415, 409, 79, -1,
      79, 409, 80, -1,
      407, 401, 81, -1,
      81, 401, 82, -1,
      399, 393, 71, -1,
      71, 393, 72, -1,
      391, 385, 86, -1,
      86, 385, 85, -1,
      383, 377, 77, -1,
      77, 377, 78, -1,
      375, 369, 89, -1,
      89, 369, 90, -1,
      367, 361, 83, -1,
      83, 361, 84, -1,
      359, 353, 91, -1,
      91, 353, 92, -1,
      351, 345, 87, -1,
      87, 345, 88, -1,
      343, 337, 96, -1,
      96, 337, 95, -1,
      335, 329, 93, -1,
      93, 329, 94, -1,
      327, 321, 100, -1,
      100, 321, 99, -1,
      319, 313, 97, -1,
      97, 313, 98, -1,
      311, 305, 104, -1,
      104, 305, 103, -1,
      303, 297, 101, -1,
      101, 297, 102, -1,
      295, 289, 108, -1,
      108, 289, 107, -1,
      287, 281, 105, -1,
      105, 281, 106, -1,
      279, 273, 112, -1,
      112, 273, 111, -1,
      271, 265, 109, -1,
      109, 265, 110, -1,
      263, 257, 116, -1,
      116, 257, 115, -1,
      255, 249, 113, -1,
      113, 249, 114, -1,
      247, 241, 120, -1,
      120, 241, 119, -1,
      239, 233, 117, -1,
      117, 233, 118, -1,
      231, 225, 122, -1,
      122, 225, 121, -1,
      517, 59, 518, -1,
      518, 59, 60, -1,
      54, 53, 519, -1,
      519, 53, 520, -1,
      55, 56, 521, -1,
      521, 56, 522, -1,
      50, 49, 523, -1,
      523, 49, 524, -1,
      51, 52, 525, -1,
      525, 52, 526, -1,
      46, 45, 527, -1,
      527, 45, 528, -1,
      47, 48, 529, -1,
      529, 48, 530, -1,
      42, 41, 531, -1,
      531, 41, 532, -1,
      43, 44, 533, -1,
      533, 44, 534, -1,
      38, 37, 535, -1,
      535, 37, 536, -1,
      39, 40, 537, -1,
      537, 40, 538, -1,
      32, 31, 539, -1,
      539, 31, 540, -1,
      35, 36, 541, -1,
      541, 36, 542, -1,
      34, 33, 543, -1,
      543, 33, 544, -1,
      26, 25, 545, -1,
      545, 25, 546, -1,
      30, 29, 547, -1,
      547, 29, 548, -1,
      20, 19, 549, -1,
      549, 19, 550, -1,
      27, 28, 551, -1,
      551, 28, 552, -1,
      16, 15, 553, -1,
      553, 15, 554, -1,
      24, 23, 555, -1,
      555, 23, 556, -1,
      22, 21, 557, -1,
      557, 21, 558, -1,
      8, 7, 559, -1,
      559, 7, 560, -1,
      17, 18, 561, -1,
      561, 18, 562, -1,
      14, 13, 563, -1,
      563, 13, 564, -1,
      5, 4, 565, -1,
      565, 4, 566, -1,
      12, 11, 567, -1,
      567, 11, 568, -1,
      10, 9, 569, -1,
      569, 9, 570, -1,
      3, 2, 571, -1,
      571, 2, 572, -1,
      219, 218, 442, -1,
      442, 218, 443, -1,
      437, 435, 438, -1,
      438, 435, 434, -1,
      429, 427, 430, -1,
      430, 427, 426, -1,
      421, 419, 422, -1,
      422, 419, 418, -1,
      413, 411, 414, -1,
      414, 411, 410, -1,
      405, 403, 406, -1,
      406, 403, 402, -1,
      397, 395, 398, -1,
      398, 395, 394, -1,
      389, 387, 390, -1,
      390, 387, 386, -1,
      381, 379, 382, -1,
      382, 379, 378, -1,
      373, 371, 374, -1,
      374, 371, 370, -1,
      365, 363, 366, -1,
      366, 363, 362, -1,
      357, 355, 358, -1,
      358, 355, 354, -1,
      349, 347, 350, -1,
      350, 347, 346, -1,
      341, 339, 342, -1,
      342, 339, 338, -1,
      333, 331, 334, -1,
      334, 331, 330, -1,
      325, 323, 326, -1,
      326, 323, 322, -1,
      317, 315, 318, -1,
      318, 315, 314, -1,
      309, 307, 310, -1,
      310, 307, 306, -1,
      301, 299, 302, -1,
      302, 299, 298, -1,
      293, 291, 294, -1,
      294, 291, 290, -1,
      285, 283, 286, -1,
      286, 283, 282, -1,
      277, 275, 278, -1,
      278, 275, 274, -1,
      269, 267, 270, -1,
      270, 267, 266, -1,
      261, 259, 262, -1,
      262, 259, 258, -1,
      253, 251, 254, -1,
      254, 251, 250, -1,
      245, 243, 246, -1,
      246, 243, 242, -1,
      237, 235, 238, -1,
      238, 235, 234, -1,
      229, 227, 230, -1,
      230, 227, 226, -1,
      218, 221, 443, -1,
      443, 221, 444, -1,
      440, 436, 437, -1,
      437, 436, 435, -1,
      432, 428, 429, -1,
      429, 428, 427, -1,
      424, 420, 421, -1,
      421, 420, 419, -1,
      416, 412, 413, -1,
      413, 412, 411, -1,
      408, 404, 405, -1,
      405, 404, 403, -1,
      400, 396, 397, -1,
      397, 396, 395, -1,
      392, 388, 389, -1,
      389, 388, 387, -1,
      384, 380, 381, -1,
      381, 380, 379, -1,
      376, 372, 373, -1,
      373, 372, 371, -1,
      368, 364, 365, -1,
      365, 364, 363, -1,
      360, 356, 357, -1,
      357, 356, 355, -1,
      352, 348, 349, -1,
      349, 348, 347, -1,
      344, 340, 341, -1,
      341, 340, 339, -1,
      336, 332, 333, -1,
      333, 332, 331, -1,
      328, 324, 325, -1,
      325, 324, 323, -1,
      320, 316, 317, -1,
      317, 316, 315, -1,
      312, 308, 309, -1,
      309, 308, 307, -1,
      304, 300, 301, -1,
      301, 300, 299, -1,
      296, 292, 293, -1,
      293, 292, 291, -1,
      288, 284, 285, -1,
      285, 284, 283, -1,
      280, 276, 277, -1,
      277, 276, 275, -1,
      272, 268, 269, -1,
      269, 268, 267, -1,
      264, 260, 261, -1,
      261, 260, 259, -1,
      256, 252, 253, -1,
      253, 252, 251, -1,
      248, 244, 245, -1,
      245, 244, 243, -1,
      240, 236, 237, -1,
      237, 236, 235, -1,
      232, 228, 229, -1,
      229, 228, 227, -1,
      221, 149, 444, -1,
      444, 149, 148, -1,
      151, 150, 440, -1,
      440, 150, 436, -1,
      153, 152, 432, -1,
      432, 152, 428, -1,
      155, 154, 424, -1,
      424, 154, 420, -1,
      157, 156, 416, -1,
      416, 156, 412, -1,
      159, 158, 408, -1,
      408, 158, 404, -1,
      161, 160, 400, -1,
      400, 160, 396, -1,
      163, 162, 392, -1,
      392, 162, 388, -1,
      165, 164, 384, -1,
      384, 164, 380, -1,
      167, 166, 376, -1,
      376, 166, 372, -1,
      169, 168, 368, -1,
      368, 168, 364, -1,
      171, 170, 360, -1,
      360, 170, 356, -1,
      173, 172, 352, -1,
      352, 172, 348, -1,
      175, 174, 344, -1,
      344, 174, 340, -1,
      177, 176, 336, -1,
      336, 176, 332, -1,
      179, 178, 328, -1,
      328, 178, 324, -1,
      181, 180, 320, -1,
      320, 180, 316, -1,
      183, 182, 312, -1,
      312, 182, 308, -1,
      185, 184, 304, -1,
      304, 184, 300, -1,
      187, 186, 296, -1,
      296, 186, 292, -1,
      189, 188, 288, -1,
      288, 188, 284, -1,
      191, 190, 280, -1,
      280, 190, 276, -1,
      193, 192, 272, -1,
      272, 192, 268, -1,
      195, 194, 264, -1,
      264, 194, 260, -1,
      197, 196, 256, -1,
      256, 196, 252, -1,
      199, 198, 248, -1,
      248, 198, 244, -1,
      201, 200, 240, -1,
      240, 200, 236, -1,
      203, 202, 232, -1,
      232, 202, 228, -1,
      64, 206, 65, -1,
      65, 206, 204, -1,
      573, 58, 574, -1,
      574, 58, 57, -1,
      66, 575, 209, -1,
      209, 575, 208, -1,
      216, 215, 482, -1,
      482, 215, 576, -1,
      577, 578, 579, -1,
      580, 581, 582, -1,
      582, 581, 139, -1,
      582, 139, 579, -1,
      579, 139, 138, -1,
      579, 138, 577, -1,
      583, 584, 585, -1,
      585, 584, 586, -1,
      587, 575, 588, -1,
      588, 575, 66, -1,
      586, 584, 589, -1,
      586, 589, 590, -1,
      590, 589, 591, -1,
      590, 591, 592, -1,
      592, 591, 581, -1,
      592, 581, 580, -1,
      587, 588, 593, -1,
      587, 593, 594, -1,
      594, 593, 595, -1,
      594, 595, 596, -1,
      596, 595, 578, -1,
      596, 578, 577, -1,
      597, 212, 598, -1,
      598, 212, 211, -1,
      598, 127, 125, -1,
      597, 599, 212, -1,
      212, 599, 136, -1,
      212, 136, 583, -1,
      583, 136, 135, -1,
      581, 591, 589, -1,
      125, 126, 598, -1,
      598, 126, 128, -1,
      598, 128, 597, -1,
      597, 128, 124, -1,
      597, 124, 123, -1,
      135, 139, 583, -1,
      583, 139, 581, -1,
      583, 581, 584, -1,
      584, 581, 589, -1,
      133, 134, 600, -1,
      207, 208, 600, -1,
      600, 208, 601, -1,
      587, 594, 596, -1,
      602, 601, 603, -1,
      603, 601, 208, -1,
      603, 208, 137, -1,
      137, 208, 575, -1,
      137, 575, 138, -1,
      138, 575, 587, -1,
      138, 587, 577, -1,
      577, 587, 596, -1,
      129, 130, 601, -1,
      601, 130, 131, -1,
      601, 131, 600, -1,
      600, 131, 132, -1,
      600, 132, 133, -1,
      213, 212, 585, -1,
      585, 212, 583, -1,
      580, 582, 604, -1,
      605, 606, 607, -1,
      607, 606, 585, -1,
      590, 592, 586, -1,
      586, 592, 580, -1,
      586, 580, 585, -1,
      585, 580, 604, -1,
      585, 604, 607, -1,
      61, 6, 66, -1,
      66, 6, 58, -1,
      66, 58, 573, -1,
      578, 595, 593, -1,
      573, 579, 66, -1,
      66, 579, 578, -1,
      66, 578, 588, -1,
      588, 578, 593, -1,
      579, 573, 574, -1,
      517, 518, 608, -1,
      608, 518, 609, -1,
      610, 535, 536, -1,
      611, 612, 582, -1,
      574, 613, 579, -1,
      579, 613, 608, -1,
      579, 608, 582, -1,
      582, 608, 609, -1,
      582, 609, 614, -1,
      519, 520, 614, -1,
      614, 520, 615, -1,
      614, 615, 582, -1,
      582, 615, 616, -1,
      521, 522, 616, -1,
      616, 522, 617, -1,
      616, 617, 582, -1,
      582, 617, 618, -1,
      523, 524, 618, -1,
      618, 524, 619, -1,
      618, 619, 582, -1,
      582, 619, 620, -1,
      621, 547, 548, -1,
      525, 526, 620, -1,
      620, 526, 622, -1,
      620, 622, 582, -1,
      582, 622, 623, -1,
      527, 528, 623, -1,
      623, 528, 624, -1,
      623, 624, 582, -1,
      582, 624, 625, -1,
      626, 627, 582, -1,
      529, 530, 625, -1,
      625, 530, 628, -1,
      625, 628, 582, -1,
      582, 628, 629, -1,
      537, 538, 612, -1,
      612, 538, 630, -1,
      612, 630, 582, -1,
      582, 630, 631, -1,
      531, 532, 629, -1,
      629, 532, 632, -1,
      629, 632, 582, -1,
      582, 632, 633, -1,
      539, 540, 631, -1,
      631, 540, 634, -1,
      631, 634, 582, -1,
      582, 634, 635, -1,
      636, 555, 556, -1,
      533, 534, 633, -1,
      633, 534, 637, -1,
      633, 637, 582, -1,
      582, 637, 610, -1,
      582, 610, 611, -1,
      611, 610, 536, -1,
      541, 542, 635, -1,
      635, 542, 638, -1,
      635, 638, 582, -1,
      582, 638, 639, -1,
      543, 544, 639, -1,
      639, 544, 640, -1,
      639, 640, 582, -1,
      582, 640, 641, -1,
      642, 643, 582, -1,
      545, 546, 641, -1,
      641, 546, 644, -1,
      641, 644, 582, -1,
      582, 644, 621, -1,
      582, 621, 626, -1,
      626, 621, 548, -1,
      549, 550, 627, -1,
      627, 550, 645, -1,
      627, 645, 582, -1,
      582, 645, 646, -1,
      647, 561, 562, -1,
      551, 552, 646, -1,
      646, 552, 648, -1,
      646, 648, 582, -1,
      582, 648, 649, -1,
      553, 554, 649, -1,
      649, 554, 650, -1,
      649, 650, 582, -1,
      582, 650, 636, -1,
      582, 636, 642, -1,
      642, 636, 556, -1,
      651, 652, 582, -1,
      653, 565, 566, -1,
      557, 558, 643, -1,
      643, 558, 654, -1,
      643, 654, 582, -1,
      582, 654, 655, -1,
      559, 560, 655, -1,
      655, 560, 656, -1,
      655, 656, 582, -1,
      582, 656, 647, -1,
      582, 647, 651, -1,
      651, 647, 562, -1,
      657, 658, 582, -1,
      659, 569, 570, -1,
      566, 657, 653, -1,
      653, 657, 582, -1,
      653, 582, 660, -1,
      660, 582, 652, -1,
      660, 652, 564, -1,
      564, 652, 563, -1,
      661, 662, 582, -1,
      567, 568, 658, -1,
      658, 568, 663, -1,
      658, 663, 582, -1,
      582, 663, 659, -1,
      582, 659, 661, -1,
      661, 659, 570, -1,
      515, 516, 664, -1,
      665, 1, 0, -1,
      664, 666, 582, -1,
      571, 572, 662, -1,
      662, 572, 667, -1,
      662, 667, 582, -1,
      582, 667, 665, -1,
      582, 665, 664, -1,
      664, 665, 0, -1,
      664, 0, 515, -1,
      668, 493, 495, -1,
      669, 670, 582, -1,
      495, 669, 668, -1,
      668, 669, 582, -1,
      668, 582, 671, -1,
      671, 582, 666, -1,
      671, 666, 499, -1,
      499, 666, 497, -1,
      672, 604, 673, -1,
      673, 604, 582, -1,
      673, 582, 674, -1,
      674, 582, 670, -1,
      674, 670, 491, -1,
      491, 670, 489, -1,
      675, 607, 672, -1,
      672, 607, 604, -1,
      605, 607, 675, -1,
      675, 676, 605, -1,
      605, 676, 677, -1,
      605, 677, 678, -1,
      679, 496, 494, -1,
      680, 681, 678, -1,
      494, 680, 679, -1,
      679, 680, 678, -1,
      679, 678, 682, -1,
      682, 678, 677, -1,
      682, 677, 490, -1,
      490, 677, 492, -1,
      514, 513, 683, -1,
      683, 513, 678, -1,
      683, 678, 684, -1,
      684, 678, 681, -1,
      684, 681, 498, -1,
      498, 681, 500, -1,
      678, 685, 686, -1,
      687, 606, 686, -1,
      686, 606, 605, -1,
      686, 605, 678, -1,
      512, 453, 456, -1,
      450, 465, 449, -1,
      449, 465, 468, -1,
      512, 456, 687, -1,
      687, 456, 449, -1,
      687, 449, 606, -1,
      606, 449, 468, -1,
      606, 468, 461, -1,
      473, 474, 485, -1,
      488, 481, 606, -1,
      485, 488, 473, -1,
      473, 488, 606, -1,
      473, 606, 480, -1,
      480, 606, 461, -1,
      480, 461, 477, -1,
      477, 461, 462, -1,
      481, 482, 606, -1,
      606, 482, 576, -1,
      606, 576, 585, -1,
      688, 689, 576, -1,
      576, 689, 585, -1,
      690, 688, 217, -1,
      217, 688, 576, -1,
      217, 576, 215, -1,
      690, 691, 688, -1,
      688, 691, 689, -1,
      689, 691, 585, -1,
      585, 691, 214, -1,
      585, 214, 213, -1,
      691, 690, 214, -1,
      214, 690, 217, -1,
      692, 693, 66, -1,
      66, 693, 64, -1,
      694, 692, 210, -1,
      210, 692, 66, -1,
      210, 66, 209, -1,
      694, 695, 692, -1,
      692, 695, 693, -1,
      693, 695, 64, -1,
      64, 695, 205, -1,
      64, 205, 206, -1,
      205, 695, 210, -1,
      210, 695, 694, -1,
      696, 697, 698, -1,
      698, 697, 699, -1,
      700, 701, 702, -1,
      702, 701, 703, -1,
      698, 699, 700, -1,
      700, 699, 701, -1,
      704, 705, 706, -1,
      706, 705, 707, -1,
      708, 709, 710, -1,
      710, 709, 711, -1,
      706, 707, 708, -1,
      708, 707, 709, -1,
    ]
  }
}

Shape {
  appearance Appearance {
    material Material {
      diffuseColor 0.7529 0.7529 0.7529
      specularColor 0.3765 0.3765 0.3765
      ambientIntensity 0.2
      transparency 0.0000
      shininess 0.5
    }
  }
  geometry IndexedFaceSet {
    ccw TRUE
    solid FALSE
    coord DEF co Coordinate {
      point [
        -3.503937 -0.890305 0.301306,
        -3.503937 -0.397208 0.301306,
        -3.582677 -0.890305 0.301306,
        -3.582677 -0.397208 0.301306,
      ]
    }
    coordIndex [
      0, 1, 2, -1,
      2, 1, 3, -1,
    ]
  }
}

Shape {
  appearance Appearance {
    material Material {
      diffuseColor 0.1490 0.1490 0.1490
      specularColor 0.0745 0.0745 0.0745
      ambientIntensity 0.2
      transparency 0.0000
      shininess 0.5
    }
  }
  geometry IndexedFaceSet {
    ccw TRUE
    solid FALSE
    coord DEF co Coordinate {
      point [
        -3.582677 -0.670555 3.025106,
        -3.582677 -0.397208 3.025106,
        -3.503937 -0.397208 3.025106,
        -3.503937 -0.670555 3.025106,
        -3.582677 -0.397208 2.880997,
        -3.503937 -0.397208 2.880997,
        -3.503937 -0.397208 0.301306,
        -3.582677 -0.397208 0.301306,
        -3.503937 -0.827191 3.135897,
        -3.582677 -0.827191 3.135897,
        -3.503937 -0.827191 3.150811,
        -3.582677 -0.827191 3.150811,
        -3.503937 -0.397208 3.150811,
        -3.582677 -0.397208 3.150811,
      ]
    }
    coordIndex [
      6, 5, 7, -1,
      7, 5, 4, -1,
      12, 10, 13, -1,
      13, 10, 11, -1,
      13, 1, 12, -1,
      12, 1, 2, -1,
      8, 10, 3, -1,
      3, 10, 12, -1,
      3, 12, 2, -1,
      11, 9, 13, -1,
      13, 9, 0, -1,
      13, 0, 1, -1,
    ]
  }
}

Shape {
  appearance Appearance {
    material Material {
      diffuseColor 0.7529 0.7529 0.7529
      specularColor 0.3765 0.3765 0.3765
      ambientIntensity 0.2
      transparency 0.0000
      shininess 0.5
    }
  }
  geometry IndexedFaceSet {
    ccw TRUE
    solid FALSE
    coord DEF co Coordinate {
      point [
        2.007874 -0.890305 0.301306,
        2.007874 -0.397208 0.301306,
        1.929134 -0.890305 0.301306,
        1.929134 -0.397208 0.301306,
      ]
    }
    coordIndex [
      0, 1, 2, -1,
      2, 1, 3, -1,
    ]
  }
}

Shape {
  appearance Appearance {
    material Material {
      diffuseColor 0.1490 0.1490 0.1490
      specularColor 0.0745 0.0745 0.0745
      ambientIntensity 0.2
      transparency 0.0000
      shininess 0.5
    }
  }
  geometry IndexedFaceSet {
    ccw TRUE
    solid FALSE
    coord DEF co Coordinate {
      point [
        2.007874 -0.397208 2.880997,
        1.929134 -0.397208 2.880997,
        2.007874 -0.397208 0.301306,
        1.929134 -0.397208 0.301306,
      ]
    }
    coordIndex [
      2, 0, 3, -1,
      3, 0, 1, -1,
    ]
  }
}

Shape {
  appearance Appearance {
    material Material {
      diffuseColor 0.7529 0.7529 0.7529
      specularColor 0.3765 0.3765 0.3765
      ambientIntensity 0.2
      transparency 0.0000
      shininess 0.5
    }
  }
  geometry IndexedFaceSet {
    ccw TRUE
    solid FALSE
    coord DEF co Coordinate {
      point [
        1.811024 -0.890305 0.301306,
        1.811024 -0.397208 0.301306,
        1.732283 -0.890305 0.301306,
        1.732283 -0.397208 0.301306,
      ]
    }
    coordIndex [
      0, 1, 2, -1,
      2, 1, 3, -1,
    ]
  }
}

Shape {
  appearance Appearance {
    material Material {
      diffuseColor 0.1490 0.1490 0.1490
      specularColor 0.0745 0.0745 0.0745
      ambientIntensity 0.2
      transparency 0.0000
      shininess 0.5
    }
  }
  geometry IndexedFaceSet {
    ccw TRUE
    solid FALSE
    coord DEF co Coordinate {
      point [
        1.732283 -0.397208 2.880997,
        1.811024 -0.397208 2.880997,
        1.811024 -0.397208 0.301306,
        1.732283 -0.397208 0.301306,
      ]
    }
    coordIndex [
      2, 1, 3, -1,
      3, 1, 0, -1,
    ]
  }
}

Shape {
  appearance Appearance {
    material Material {
      diffuseColor 0.7529 0.7529 0.7529
      specularColor 0.3765 0.3765 0.3765
      ambientIntensity 0.2
      transparency 0.0000
      shininess 0.5
    }
  }
  geometry IndexedFaceSet {
    ccw TRUE
    solid FALSE
    coord DEF co Coordinate {
      point [
        1.614173 -0.890305 0.301306,
        1.614173 -0.397208 0.301306,
        1.535433 -0.890305 0.301306,
        1.535433 -0.397208 0.301306,
      ]
    }
    coordIndex [
      0, 1, 2, -1,
      2, 1, 3, -1,
    ]
  }
}

Shape {
  appearance Appearance {
    material Material {
      diffuseColor 0.1490 0.1490 0.1490
      specularColor 0.0745 0.0745 0.0745
      ambientIntensity 0.2
      transparency 0.0000
      shininess 0.5
    }
  }
  geometry IndexedFaceSet {
    ccw TRUE
    solid FALSE
    coord DEF co Coordinate {
      point [
        1.614173 -0.397208 2.880997,
        1.535433 -0.397208 2.880997,
        1.614173 -0.397208 0.301306,
        1.535433 -0.397208 0.301306,
      ]
    }
    coordIndex [
      2, 0, 3, -1,
      3, 0, 1, -1,
    ]
  }
}

Shape {
  appearance Appearance {
    material Material {
      diffuseColor 0.7529 0.7529 0.7529
      specularColor 0.3765 0.3765 0.3765
      ambientIntensity 0.2
      transparency 0.0000
      shininess 0.5
    }
  }
  geometry IndexedFaceSet {
    ccw TRUE
    solid FALSE
    coord DEF co Coordinate {
      point [
        1.417323 -0.890305 0.301306,
        1.417323 -0.397208 0.301306,
        1.338583 -0.890305 0.301306,
        1.338583 -0.397208 0.301306,
      ]
    }
    coordIndex [
      0, 1, 2, -1,
      2, 1, 3, -1,
    ]
  }
}

Shape {
  appearance Appearance {
    material Material {
      diffuseColor 0.1490 0.1490 0.1490
      specularColor 0.0745 0.0745 0.0745
      ambientIntensity 0.2
      transparency 0.0000
      shininess 0.5
    }
  }
  geometry IndexedFaceSet {
    ccw TRUE
    solid FALSE
    coord DEF co Coordinate {
      point [
        1.338583 -0.397208 2.880997,
        1.417323 -0.397208 2.880997,
        1.417323 -0.397208 0.301306,
        1.338583 -0.397208 0.301306,
      ]
    }
    coordIndex [
      2, 1, 3, -1,
      3, 1, 0, -1,
    ]
  }
}

Shape {
  appearance Appearance {
    material Material {
      diffuseColor 0.7529 0.7529 0.7529
      specularColor 0.3765 0.3765 0.3765
      ambientIntensity 0.2
      transparency 0.0000
      shininess 0.5
    }
  }
  geometry IndexedFaceSet {
    ccw TRUE
    solid FALSE
    coord DEF co Coordinate {
      point [
        1.220472 -0.890305 0.301306,
        1.220472 -0.397208 0.301306,
        1.141732 -0.890305 0.301306,
        1.141732 -0.397208 0.301306,
      ]
    }
    coordIndex [
      0, 1, 2, -1,
      2, 1, 3, -1,
    ]
  }
}

Shape {
  appearance Appearance {
    material Material {
      diffuseColor 0.1490 0.1490 0.1490
      specularColor 0.0745 0.0745 0.0745
      ambientIntensity 0.2
      transparency 0.0000
      shininess 0.5
    }
  }
  geometry IndexedFaceSet {
    ccw TRUE
    solid FALSE
    coord DEF co Coordinate {
      point [
        1.220472 -0.397208 2.880997,
        1.141732 -0.397208 2.880997,
        1.220472 -0.397208 0.301306,
        1.141732 -0.397208 0.301306,
      ]
    }
    coordIndex [
      2, 0, 3, -1,
      3, 0, 1, -1,
    ]
  }
}

Shape {
  appearance Appearance {
    material Material {
      diffuseColor 0.7529 0.7529 0.7529
      specularColor 0.3765 0.3765 0.3765
      ambientIntensity 0.2
      transparency 0.0000
      shininess 0.5
    }
  }
  geometry IndexedFaceSet {
    ccw TRUE
    solid FALSE
    coord DEF co Coordinate {
      point [
        1.023622 -0.890305 0.301306,
        1.023622 -0.397208 0.301306,
        0.944882 -0.890305 0.301306,
        0.944882 -0.397208 0.301306,
      ]
    }
    coordIndex [
      0, 1, 2, -1,
      2, 1, 3, -1,
    ]
  }
}

Shape {
  appearance Appearance {
    material Material {
      diffuseColor 0.1490 0.1490 0.1490
      specularColor 0.0745 0.0745 0.0745
      ambientIntensity 0.2
      transparency 0.0000
      shininess 0.5
    }
  }
  geometry IndexedFaceSet {
    ccw TRUE
    solid FALSE
    coord DEF co Coordinate {
      point [
        0.944882 -0.397208 2.880997,
        1.023622 -0.397208 2.880997,
        1.023622 -0.397208 0.301306,
        0.944882 -0.397208 0.301306,
      ]
    }
    coordIndex [
      2, 1, 3, -1,
      3, 1, 0, -1,
    ]
  }
}

Shape {
  appearance Appearance {
    material Material {
      diffuseColor 0.7529 0.7529 0.7529
      specularColor 0.3765 0.3765 0.3765
      ambientIntensity 0.2
      transparency 0.0000
      shininess 0.5
    }
  }
  geometry IndexedFaceSet {
    ccw TRUE
    solid FALSE
    coord DEF co Coordinate {
      point [
        0.826772 -0.890305 0.301306,
        0.826772 -0.397208 0.301306,
        0.748031 -0.890305 0.301306,
        0.748031 -0.397208 0.301306,
      ]
    }
    coordIndex [
      0, 1, 2, -1,
      2, 1, 3, -1,
    ]
  }
}

Shape {
  appearance Appearance {
    material Material {
      diffuseColor 0.1490 0.1490 0.1490
      specularColor 0.0745 0.0745 0.0745
      ambientIntensity 0.2
      transparency 0.0000
      shininess 0.5
    }
  }
  geometry IndexedFaceSet {
    ccw TRUE
    solid FALSE
    coord DEF co Coordinate {
      point [
        0.826772 -0.397208 2.880997,
        0.748031 -0.397208 2.880997,
        0.826772 -0.397208 0.301306,
        0.748031 -0.397208 0.301306,
      ]
    }
    coordIndex [
      2, 0, 3, -1,
      3, 0, 1, -1,
    ]
  }
}

Shape {
  appearance Appearance {
    material Material {
      diffuseColor 0.7529 0.7529 0.7529
      specularColor 0.3765 0.3765 0.3765
      ambientIntensity 0.2
      transparency 0.0000
      shininess 0.5
    }
  }
  geometry IndexedFaceSet {
    ccw TRUE
    solid FALSE
    coord DEF co Coordinate {
      point [
        0.629921 -0.890305 0.301306,
        0.629921 -0.397208 0.301306,
        0.551181 -0.890305 0.301306,
        0.551181 -0.397208 0.301306,
      ]
    }
    coordIndex [
      0, 1, 2, -1,
      2, 1, 3, -1,
    ]
  }
}

Shape {
  appearance Appearance {
    material Material {
      diffuseColor 0.1490 0.1490 0.1490
      specularColor 0.0745 0.0745 0.0745
      ambientIntensity 0.2
      transparency 0.0000
      shininess 0.5
    }
  }
  geometry IndexedFaceSet {
    ccw TRUE
    solid FALSE
    coord DEF co Coordinate {
      point [
        0.551181 -0.397208 2.880997,
        0.629921 -0.397208 2.880997,
        0.629921 -0.397208 0.301306,
        0.551181 -0.397208 0.301306,
      ]
    }
    coordIndex [
      2, 1, 3, -1,
      3, 1, 0, -1,
    ]
  }
}

Shape {
  appearance Appearance {
    material Material {
      diffuseColor 0.7529 0.7529 0.7529
      specularColor 0.3765 0.3765 0.3765
      ambientIntensity 0.2
      transparency 0.0000
      shininess 0.5
    }
  }
  geometry IndexedFaceSet {
    ccw TRUE
    solid FALSE
    coord DEF co Coordinate {
      point [
        0.433071 -0.890305 0.301306,
        0.433071 -0.397208 0.301306,
        0.354331 -0.890305 0.301306,
        0.354331 -0.397208 0.301306,
      ]
    }
    coordIndex [
      0, 1, 2, -1,
      2, 1, 3, -1,
    ]
  }
}

Shape {
  appearance Appearance {
    material Material {
      diffuseColor 0.1490 0.1490 0.1490
      specularColor 0.0745 0.0745 0.0745
      ambientIntensity 0.2
      transparency 0.0000
      shininess 0.5
    }
  }
  geometry IndexedFaceSet {
    ccw TRUE
    solid FALSE
    coord DEF co Coordinate {
      point [
        0.433071 -0.397208 2.880997,
        0.354331 -0.397208 2.880997,
        0.433071 -0.397208 0.301306,
        0.354331 -0.397208 0.301306,
      ]
    }
    coordIndex [
      2, 0, 3, -1,
      3, 0, 1, -1,
    ]
  }
}

Shape {
  appearance Appearance {
    material Material {
      diffuseColor 0.7529 0.7529 0.7529
      specularColor 0.3765 0.3765 0.3765
      ambientIntensity 0.2
      transparency 0.0000
      shininess 0.5
    }
  }
  geometry IndexedFaceSet {
    ccw TRUE
    solid FALSE
    coord DEF co Coordinate {
      point [
        0.236220 -0.890305 0.301306,
        0.236220 -0.397208 0.301306,
        0.157480 -0.890305 0.301306,
        0.157480 -0.397208 0.301306,
      ]
    }
    coordIndex [
      0, 1, 2, -1,
      2, 1, 3, -1,
    ]
  }
}

Shape {
  appearance Appearance {
    material Material {
      diffuseColor 0.1490 0.1490 0.1490
      specularColor 0.0745 0.0745 0.0745
      ambientIntensity 0.2
      transparency 0.0000
      shininess 0.5
    }
  }
  geometry IndexedFaceSet {
    ccw TRUE
    solid FALSE
    coord DEF co Coordinate {
      point [
        0.157480 -0.397208 2.880997,
        0.236220 -0.397208 2.880997,
        0.236220 -0.397208 0.301306,
        0.157480 -0.397208 0.301306,
      ]
    }
    coordIndex [
      2, 1, 3, -1,
      3, 1, 0, -1,
    ]
  }
}

Shape {
  appearance Appearance {
    material Material {
      diffuseColor 0.7529 0.7529 0.7529
      specularColor 0.3765 0.3765 0.3765
      ambientIntensity 0.2
      transparency 0.0000
      shininess 0.5
    }
  }
  geometry IndexedFaceSet {
    ccw TRUE
    solid FALSE
    coord DEF co Coordinate {
      point [
        0.039370 -0.890305 0.301306,
        0.039370 -0.397208 0.301306,
        -0.039370 -0.890305 0.301306,
        -0.039370 -0.397208 0.301306,
      ]
    }
    coordIndex [
      0, 1, 2, -1,
      2, 1, 3, -1,
    ]
  }
}

Shape {
  appearance Appearance {
    material Material {
      diffuseColor 0.1490 0.1490 0.1490
      specularColor 0.0745 0.0745 0.0745
      ambientIntensity 0.2
      transparency 0.0000
      shininess 0.5
    }
  }
  geometry IndexedFaceSet {
    ccw TRUE
    solid FALSE
    coord DEF co Coordinate {
      point [
        0.039370 -0.397208 2.880997,
        -0.039370 -0.397208 2.880997,
        0.039370 -0.397208 0.301306,
        -0.039370 -0.397208 0.301306,
      ]
    }
    coordIndex [
      2, 0, 3, -1,
      3, 0, 1, -1,
    ]
  }
}

Shape {
  appearance Appearance {
    material Material {
      diffuseColor 0.7529 0.7529 0.7529
      specularColor 0.3765 0.3765 0.3765
      ambientIntensity 0.2
      transparency 0.0000
      shininess 0.5
    }
  }
  geometry IndexedFaceSet {
    ccw TRUE
    solid FALSE
    coord DEF co Coordinate {
      point [
        -0.157480 -0.890305 0.301306,
        -0.157480 -0.397208 0.301306,
        -0.236220 -0.890305 0.301306,
        -0.236220 -0.397208 0.301306,
      ]
    }
    coordIndex [
      0, 1, 2, -1,
      2, 1, 3, -1,
    ]
  }
}

Shape {
  appearance Appearance {
    material Material {
      diffuseColor 0.1490 0.1490 0.1490
      specularColor 0.0745 0.0745 0.0745
      ambientIntensity 0.2
      transparency 0.0000
      shininess 0.5
    }
  }
  geometry IndexedFaceSet {
    ccw TRUE
    solid FALSE
    coord DEF co Coordinate {
      point [
        -0.236220 -0.397208 2.880997,
        -0.157480 -0.397208 2.880997,
        -0.157480 -0.397208 0.301306,
        -0.236220 -0.397208 0.301306,
      ]
    }
    coordIndex [
      2, 1, 3, -1,
      3, 1, 0, -1,
    ]
  }
}

Shape {
  appearance Appearance {
    material Material {
      diffuseColor 0.7529 0.7529 0.7529
      specularColor 0.3765 0.3765 0.3765
      ambientIntensity 0.2
      transparency 0.0000
      shininess 0.5
    }
  }
  geometry IndexedFaceSet {
    ccw TRUE
    solid FALSE
    coord DEF co Coordinate {
      point [
        -0.354331 -0.890305 0.301306,
        -0.354331 -0.397208 0.301306,
        -0.433071 -0.890305 0.301306,
        -0.433071 -0.397208 0.301306,
      ]
    }
    coordIndex [
      0, 1, 2, -1,
      2, 1, 3, -1,
    ]
  }
}

Shape {
  appearance Appearance {
    material Material {
      diffuseColor 0.1490 0.1490 0.1490
      specularColor 0.0745 0.0745 0.0745
      ambientIntensity 0.2
      transparency 0.0000
      shininess 0.5
    }
  }
  geometry IndexedFaceSet {
    ccw TRUE
    solid FALSE
    coord DEF co Coordinate {
      point [
        -0.354331 -0.397208 2.880997,
        -0.433071 -0.397208 2.880997,
        -0.354331 -0.397208 0.301306,
        -0.433071 -0.397208 0.301306,
      ]
    }
    coordIndex [
      2, 0, 3, -1,
      3, 0, 1, -1,
    ]
  }
}

Shape {
  appearance Appearance {
    material Material {
      diffuseColor 0.7529 0.7529 0.7529
      specularColor 0.3765 0.3765 0.3765
      ambientIntensity 0.2
      transparency 0.0000
      shininess 0.5
    }
  }
  geometry IndexedFaceSet {
    ccw TRUE
    solid FALSE
    coord DEF co Coordinate {
      point [
        -0.551181 -0.890305 0.301306,
        -0.551181 -0.397208 0.301306,
        -0.629921 -0.890305 0.301306,
        -0.629921 -0.397208 0.301306,
      ]
    }
    coordIndex [
      0, 1, 2, -1,
      2, 1, 3, -1,
    ]
  }
}

Shape {
  appearance Appearance {
    material Material {
      diffuseColor 0.1490 0.1490 0.1490
      specularColor 0.0745 0.0745 0.0745
      ambientIntensity 0.2
      transparency 0.0000
      shininess 0.5
    }
  }
  geometry IndexedFaceSet {
    ccw TRUE
    solid FALSE
    coord DEF co Coordinate {
      point [
        -0.629921 -0.397208 2.880997,
        -0.551181 -0.397208 2.880997,
        -0.551181 -0.397208 0.301306,
        -0.629921 -0.397208 0.301306,
      ]
    }
    coordIndex [
      2, 1, 3, -1,
      3, 1, 0, -1,
    ]
  }
}

Shape {
  appearance Appearance {
    material Material {
      diffuseColor 0.7529 0.7529 0.7529
      specularColor 0.3765 0.3765 0.3765
      ambientIntensity 0.2
      transparency 0.0000
      shininess 0.5
    }
  }
  geometry IndexedFaceSet {
    ccw TRUE
    solid FALSE
    coord DEF co Coordinate {
      point [
        -0.748031 -0.890305 0.301306,
        -0.748031 -0.397208 0.301306,
        -0.826772 -0.890305 0.301306,
        -0.826772 -0.397208 0.301306,
      ]
    }
    coordIndex [
      0, 1, 2, -1,
      2, 1, 3, -1,
    ]
  }
}

Shape {
  appearance Appearance {
    material Material {
      diffuseColor 0.1490 0.1490 0.1490
      specularColor 0.0745 0.0745 0.0745
      ambientIntensity 0.2
      transparency 0.0000
      shininess 0.5
    }
  }
  geometry IndexedFaceSet {
    ccw TRUE
    solid FALSE
    coord DEF co Coordinate {
      point [
        -0.748031 -0.397208 2.880997,
        -0.826772 -0.397208 2.880997,
        -0.748031 -0.397208 0.301306,
        -0.826772 -0.397208 0.301306,
      ]
    }
    coordIndex [
      2, 0, 3, -1,
      3, 0, 1, -1,
    ]
  }
}

Shape {
  appearance Appearance {
    material Material {
      diffuseColor 0.7529 0.7529 0.7529
      specularColor 0.3765 0.3765 0.3765
      ambientIntensity 0.2
      transparency 0.0000
      shininess 0.5
    }
  }
  geometry IndexedFaceSet {
    ccw TRUE
    solid FALSE
    coord DEF co Coordinate {
      point [
        -0.944882 -0.890305 0.301306,
        -0.944882 -0.397208 0.301306,
        -1.023622 -0.890305 0.301306,
        -1.023622 -0.397208 0.301306,
      ]
    }
    coordIndex [
      0, 1, 2, -1,
      2, 1, 3, -1,
    ]
  }
}

Shape {
  appearance Appearance {
    material Material {
      diffuseColor 0.1490 0.1490 0.1490
      specularColor 0.0745 0.0745 0.0745
      ambientIntensity 0.2
      transparency 0.0000
      shininess 0.5
    }
  }
  geometry IndexedFaceSet {
    ccw TRUE
    solid FALSE
    coord DEF co Coordinate {
      point [
        -1.023622 -0.397208 2.880997,
        -0.944882 -0.397208 2.880997,
        -0.944882 -0.397208 0.301306,
        -1.023622 -0.397208 0.301306,
      ]
    }
    coordIndex [
      2, 1, 3, -1,
      3, 1, 0, -1,
    ]
  }
}

Shape {
  appearance Appearance {
    material Material {
      diffuseColor 0.7529 0.7529 0.7529
      specularColor 0.3765 0.3765 0.3765
      ambientIntensity 0.2
      transparency 0.0000
      shininess 0.5
    }
  }
  geometry IndexedFaceSet {
    ccw TRUE
    solid FALSE
    coord DEF co Coordinate {
      point [
        -1.141732 -0.890305 0.301306,
        -1.141732 -0.397208 0.301306,
        -1.220472 -0.890305 0.301306,
        -1.220472 -0.397208 0.301306,
      ]
    }
    coordIndex [
      0, 1, 2, -1,
      2, 1, 3, -1,
    ]
  }
}

Shape {
  appearance Appearance {
    material Material {
      diffuseColor 0.1490 0.1490 0.1490
      specularColor 0.0745 0.0745 0.0745
      ambientIntensity 0.2
      transparency 0.0000
      shininess 0.5
    }
  }
  geometry IndexedFaceSet {
    ccw TRUE
    solid FALSE
    coord DEF co Coordinate {
      point [
        -1.141732 -0.397208 2.880997,
        -1.220472 -0.397208 2.880997,
        -1.141732 -0.397208 0.301306,
        -1.220472 -0.397208 0.301306,
      ]
    }
    coordIndex [
      2, 0, 3, -1,
      3, 0, 1, -1,
    ]
  }
}

Shape {
  appearance Appearance {
    material Material {
      diffuseColor 0.7529 0.7529 0.7529
      specularColor 0.3765 0.3765 0.3765
      ambientIntensity 0.2
      transparency 0.0000
      shininess 0.5
    }
  }
  geometry IndexedFaceSet {
    ccw TRUE
    solid FALSE
    coord DEF co Coordinate {
      point [
        -1.338583 -0.890305 0.301306,
        -1.338583 -0.397208 0.301306,
        -1.417323 -0.890305 0.301306,
        -1.417323 -0.397208 0.301306,
      ]
    }
    coordIndex [
      0, 1, 2, -1,
      2, 1, 3, -1,
    ]
  }
}

Shape {
  appearance Appearance {
    material Material {
      diffuseColor 0.1490 0.1490 0.1490
      specularColor 0.0745 0.0745 0.0745
      ambientIntensity 0.2
      transparency 0.0000
      shininess 0.5
    }
  }
  geometry IndexedFaceSet {
    ccw TRUE
    solid FALSE
    coord DEF co Coordinate {
      point [
        -1.417323 -0.397208 2.880997,
        -1.338583 -0.397208 2.880997,
        -1.338583 -0.397208 0.301306,
        -1.417323 -0.397208 0.301306,
      ]
    }
    coordIndex [
      2, 1, 3, -1,
      3, 1, 0, -1,
    ]
  }
}

Shape {
  appearance Appearance {
    material Material {
      diffuseColor 0.7529 0.7529 0.7529
      specularColor 0.3765 0.3765 0.3765
      ambientIntensity 0.2
      transparency 0.0000
      shininess 0.5
    }
  }
  geometry IndexedFaceSet {
    ccw TRUE
    solid FALSE
    coord DEF co Coordinate {
      point [
        -1.535433 -0.890305 0.301306,
        -1.535433 -0.397208 0.301306,
        -1.614173 -0.890305 0.301306,
        -1.614173 -0.397208 0.301306,
      ]
    }
    coordIndex [
      0, 1, 2, -1,
      2, 1, 3, -1,
    ]
  }
}

Shape {
  appearance Appearance {
    material Material {
      diffuseColor 0.1490 0.1490 0.1490
      specularColor 0.0745 0.0745 0.0745
      ambientIntensity 0.2
      transparency 0.0000
      shininess 0.5
    }
  }
  geometry IndexedFaceSet {
    ccw TRUE
    solid FALSE
    coord DEF co Coordinate {
      point [
        -1.535433 -0.397208 2.880997,
        -1.614173 -0.397208 2.880997,
        -1.535433 -0.397208 0.301306,
        -1.614173 -0.397208 0.301306,
      ]
    }
    coordIndex [
      2, 0, 3, -1,
      3, 0, 1, -1,
    ]
  }
}

Shape {
  appearance Appearance {
    material Material {
      diffuseColor 0.7529 0.7529 0.7529
      specularColor 0.3765 0.3765 0.3765
      ambientIntensity 0.2
      transparency 0.0000
      shininess 0.5
    }
  }
  geometry IndexedFaceSet {
    ccw TRUE
    solid FALSE
    coord DEF co Coordinate {
      point [
        -1.732283 -0.890305 0.301306,
        -1.732283 -0.397208 0.301306,
        -1.811024 -0.890305 0.301306,
        -1.811024 -0.397208 0.301306,
      ]
    }
    coordIndex [
      0, 1, 2, -1,
      2, 1, 3, -1,
    ]
  }
}

Shape {
  appearance Appearance {
    material Material {
      diffuseColor 0.1490 0.1490 0.1490
      specularColor 0.0745 0.0745 0.0745
      ambientIntensity 0.2
      transparency 0.0000
      shininess 0.5
    }
  }
  geometry IndexedFaceSet {
    ccw TRUE
    solid FALSE
    coord DEF co Coordinate {
      point [
        -1.811024 -0.397208 2.880997,
        -1.732283 -0.397208 2.880997,
        -1.732283 -0.397208 0.301306,
        -1.811024 -0.397208 0.301306,
      ]
    }
    coordIndex [
      2, 1, 3, -1,
      3, 1, 0, -1,
    ]
  }
}

Shape {
  appearance Appearance {
    material Material {
      diffuseColor 0.7529 0.7529 0.7529
      specularColor 0.3765 0.3765 0.3765
      ambientIntensity 0.2
      transparency 0.0000
      shininess 0.5
    }
  }
  geometry IndexedFaceSet {
    ccw TRUE
    solid FALSE
    coord DEF co Coordinate {
      point [
        -1.929134 -0.890305 0.301306,
        -1.929134 -0.397208 0.301306,
        -2.007874 -0.890305 0.301306,
        -2.007874 -0.397208 0.301306,
      ]
    }
    coordIndex [
      0, 1, 2, -1,
      2, 1, 3, -1,
    ]
  }
}

Shape {
  appearance Appearance {
    material Material {
      diffuseColor 0.1490 0.1490 0.1490
      specularColor 0.0745 0.0745 0.0745
      ambientIntensity 0.2
      transparency 0.0000
      shininess 0.5
    }
  }
  geometry IndexedFaceSet {
    ccw TRUE
    solid FALSE
    coord DEF co Coordinate {
      point [
        -1.929134 -0.397208 2.880997,
        -2.007874 -0.397208 2.880997,
        -1.929134 -0.397208 0.301306,
        -2.007874 -0.397208 0.301306,
      ]
    }
    coordIndex [
      2, 0, 3, -1,
      3, 0, 1, -1,
    ]
  }
}

Shape {
  appearance Appearance {
    material Material {
      diffuseColor 0.7529 0.7529 0.7529
      specularColor 0.3765 0.3765 0.3765
      ambientIntensity 0.2
      transparency 0.0000
      shininess 0.5
    }
  }
  geometry IndexedFaceSet {
    ccw TRUE
    solid FALSE
    coord DEF co Coordinate {
      point [
        -2.125984 -0.890305 0.301306,
        -2.125984 -0.397208 0.301306,
        -2.204724 -0.890305 0.301306,
        -2.204724 -0.397208 0.301306,
      ]
    }
    coordIndex [
      0, 1, 2, -1,
      2, 1, 3, -1,
    ]
  }
}

Shape {
  appearance Appearance {
    material Material {
      diffuseColor 0.1490 0.1490 0.1490
      specularColor 0.0745 0.0745 0.0745
      ambientIntensity 0.2
      transparency 0.0000
      shininess 0.5
    }
  }
  geometry IndexedFaceSet {
    ccw TRUE
    solid FALSE
    coord DEF co Coordinate {
      point [
        -2.204724 -0.397208 2.880997,
        -2.125984 -0.397208 2.880997,
        -2.125984 -0.397208 0.301306,
        -2.204724 -0.397208 0.301306,
      ]
    }
    coordIndex [
      2, 1, 3, -1,
      3, 1, 0, -1,
    ]
  }
}

Shape {
  appearance Appearance {
    material Material {
      diffuseColor 0.7529 0.7529 0.7529
      specularColor 0.3765 0.3765 0.3765
      ambientIntensity 0.2
      transparency 0.0000
      shininess 0.5
    }
  }
  geometry IndexedFaceSet {
    ccw TRUE
    solid FALSE
    coord DEF co Coordinate {
      point [
        -2.322835 -0.890305 0.301306,
        -2.322835 -0.397208 0.301306,
        -2.401575 -0.890305 0.301306,
        -2.401575 -0.397208 0.301306,
      ]
    }
    coordIndex [
      0, 1, 2, -1,
      2, 1, 3, -1,
    ]
  }
}

Shape {
  appearance Appearance {
    material Material {
      diffuseColor 0.1490 0.1490 0.1490
      specularColor 0.0745 0.0745 0.0745
      ambientIntensity 0.2
      transparency 0.0000
      shininess 0.5
    }
  }
  geometry IndexedFaceSet {
    ccw TRUE
    solid FALSE
    coord DEF co Coordinate {
      point [
        -2.322835 -0.397208 2.880997,
        -2.401575 -0.397208 2.880997,
        -2.322835 -0.397208 0.301306,
        -2.401575 -0.397208 0.301306,
      ]
    }
    coordIndex [
      2, 0, 3, -1,
      3, 0, 1, -1,
    ]
  }
}

Shape {
  appearance Appearance {
    material Material {
      diffuseColor 0.7529 0.7529 0.7529
      specularColor 0.3765 0.3765 0.3765
      ambientIntensity 0.2
      transparency 0.0000
      shininess 0.5
    }
  }
  geometry IndexedFaceSet {
    ccw TRUE
    solid FALSE
    coord DEF co Coordinate {
      point [
        -2.519685 -0.890305 0.301306,
        -2.519685 -0.397208 0.301306,
        -2.598425 -0.890305 0.301306,
        -2.598425 -0.397208 0.301306,
      ]
    }
    coordIndex [
      0, 1, 2, -1,
      2, 1, 3, -1,
    ]
  }
}

Shape {
  appearance Appearance {
    material Material {
      diffuseColor 0.1490 0.1490 0.1490
      specularColor 0.0745 0.0745 0.0745
      ambientIntensity 0.2
      transparency 0.0000
      shininess 0.5
    }
  }
  geometry IndexedFaceSet {
    ccw TRUE
    solid FALSE
    coord DEF co Coordinate {
      point [
        -2.598425 -0.397208 2.880997,
        -2.519685 -0.397208 2.880997,
        -2.519685 -0.397208 0.301306,
        -2.598425 -0.397208 0.301306,
      ]
    }
    coordIndex [
      2, 1, 3, -1,
      3, 1, 0, -1,
    ]
  }
}

Shape {
  appearance Appearance {
    material Material {
      diffuseColor 0.7529 0.7529 0.7529
      specularColor 0.3765 0.3765 0.3765
      ambientIntensity 0.2
      transparency 0.0000
      shininess 0.5
    }
  }
  geometry IndexedFaceSet {
    ccw TRUE
    solid FALSE
    coord DEF co Coordinate {
      point [
        -2.716535 -0.890305 0.301306,
        -2.716535 -0.397208 0.301306,
        -2.795276 -0.890305 0.301306,
        -2.795276 -0.397208 0.301306,
      ]
    }
    coordIndex [
      0, 1, 2, -1,
      2, 1, 3, -1,
    ]
  }
}

Shape {
  appearance Appearance {
    material Material {
      diffuseColor 0.1490 0.1490 0.1490
      specularColor 0.0745 0.0745 0.0745
      ambientIntensity 0.2
      transparency 0.0000
      shininess 0.5
    }
  }
  geometry IndexedFaceSet {
    ccw TRUE
    solid FALSE
    coord DEF co Coordinate {
      point [
        -2.795276 -0.397208 2.880997,
        -2.716535 -0.397208 2.880997,
        -2.716535 -0.397208 0.301306,
        -2.795276 -0.397208 0.301306,
      ]
    }
    coordIndex [
      2, 1, 3, -1,
      3, 1, 0, -1,
    ]
  }
}

Shape {
  appearance Appearance {
    material Material {
      diffuseColor 0.7529 0.7529 0.7529
      specularColor 0.3765 0.3765 0.3765
      ambientIntensity 0.2
      transparency 0.0000
      shininess 0.5
    }
  }
  geometry IndexedFaceSet {
    ccw TRUE
    solid FALSE
    coord DEF co Coordinate {
      point [
        -2.913386 -0.890305 0.301306,
        -2.913386 -0.397208 0.301306,
        -2.992126 -0.890305 0.301306,
        -2.992126 -0.397208 0.301306,
      ]
    }
    coordIndex [
      0, 1, 2, -1,
      2, 1, 3, -1,
    ]
  }
}

Shape {
  appearance Appearance {
    material Material {
      diffuseColor 0.1490 0.1490 0.1490
      specularColor 0.0745 0.0745 0.0745
      ambientIntensity 0.2
      transparency 0.0000
      shininess 0.5
    }
  }
  geometry IndexedFaceSet {
    ccw TRUE
    solid FALSE
    coord DEF co Coordinate {
      point [
        -2.913386 -0.397208 2.880997,
        -2.992126 -0.397208 2.880997,
        -2.913386 -0.397208 0.301306,
        -2.992126 -0.397208 0.301306,
      ]
    }
    coordIndex [
      2, 0, 3, -1,
      3, 0, 1, -1,
    ]
  }
}

Shape {
  appearance Appearance {
    material Material {
      diffuseColor 0.7529 0.7529 0.7529
      specularColor 0.3765 0.3765 0.3765
      ambientIntensity 0.2
      transparency 0.0000
      shininess 0.5
    }
  }
  geometry IndexedFaceSet {
    ccw TRUE
    solid FALSE
    coord DEF co Coordinate {
      point [
        -3.110236 -0.890305 0.301306,
        -3.110236 -0.397208 0.301306,
        -3.188976 -0.890305 0.301306,
        -3.188976 -0.397208 0.301306,
      ]
    }
    coordIndex [
      0, 1, 2, -1,
      2, 1, 3, -1,
    ]
  }
}

Shape {
  appearance Appearance {
    material Material {
      diffuseColor 0.1490 0.1490 0.1490
      specularColor 0.0745 0.0745 0.0745
      ambientIntensity 0.2
      transparency 0.0000
      shininess 0.5
    }
  }
  geometry IndexedFaceSet {
    ccw TRUE
    solid FALSE
    coord DEF co Coordinate {
      point [
        -3.188976 -0.397208 2.880997,
        -3.110236 -0.397208 2.880997,
        -3.110236 -0.397208 0.301306,
        -3.188976 -0.397208 0.301306,
      ]
    }
    coordIndex [
      2, 1, 3, -1,
      3, 1, 0, -1,
    ]
  }
}

Shape {
  appearance Appearance {
    material Material {
      diffuseColor 0.7529 0.7529 0.7529
      specularColor 0.3765 0.3765 0.3765
      ambientIntensity 0.2
      transparency 0.0000
      shininess 0.5
    }
  }
  geometry IndexedFaceSet {
    ccw TRUE
    solid FALSE
    coord DEF co Coordinate {
      point [
        -3.307087 -0.890305 0.301306,
        -3.307087 -0.397208 0.301306,
        -3.385827 -0.890305 0.301306,
        -3.385827 -0.397208 0.301306,
      ]
    }
    coordIndex [
      0, 1, 2, -1,
      2, 1, 3, -1,
    ]
  }
}

Shape {
  appearance Appearance {
    material Material {
      diffuseColor 0.1490 0.1490 0.1490
      specularColor 0.0745 0.0745 0.0745
      ambientIntensity 0.2
      transparency 0.0000
      shininess 0.5
    }
  }
  geometry IndexedFaceSet {
    ccw TRUE
    solid FALSE
    coord DEF co Coordinate {
      point [
        2.007874 -0.827191 3.135897,
        2.007874 -0.670555 3.025106,
        1.929134 -0.670555 3.025106,
        1.811024 -0.670555 3.025106,
        1.929134 -0.397208 3.025106,
        1.811024 -0.397208 3.025106,
        1.338583 -0.397208 3.025106,
        1.338583 -0.670555 3.025106,
        1.220472 -0.670555 3.025106,
        1.220472 -0.397208 3.025106,
        1.141732 -0.397208 3.025106,
        2.007874 -0.397208 3.025106,
        1.732283 -0.397208 3.025106,
        0.748031 -0.397208 3.025106,
        0.748031 -0.670555 3.025106,
        0.629921 -0.670555 3.025106,
        1.732283 -0.670555 3.025106,
        1.614173 -0.670555 3.025106,
        1.614173 -0.397208 3.025106,
        1.535433 -0.397208 3.025106,
        1.535433 -0.670555 3.025106,
        1.417323 -0.670555 3.025106,
        1.417323 -0.397208 3.025106,
        1.141732 -0.670555 3.025106,
        1.023622 -0.670555 3.025106,
        1.023622 -0.397208 3.025106,
        0.944882 -0.397208 3.025106,
        0.629921 -0.397208 3.025106,
        0.551181 -0.397208 3.025106,
        0.157480 -0.397208 3.025106,
        0.157480 -0.670555 3.025106,
        0.039370 -0.670555 3.025106,
        0.826772 -0.397208 3.025106,
        0.826772 -0.670555 3.025106,
        0.944882 -0.670555 3.025106,
        0.039370 -0.397208 3.025106,
        -0.039370 -0.397208 3.025106,
        -0.236220 -0.397208 3.025106,
        -0.236220 -0.670555 3.025106,
        -0.354331 -0.670555 3.025106,
        0.551181 -0.670555 3.025106,
        0.433071 -0.670555 3.025106,
        0.433071 -0.397208 3.025106,
        0.354331 -0.397208 3.025106,
        0.354331 -0.670555 3.025106,
        0.236220 -0.670555 3.025106,
        0.236220 -0.397208 3.025106,
        -0.354331 -0.397208 3.025106,
        -0.433071 -0.397208 3.025106,
        -0.629921 -0.397208 3.025106,
        -0.629921 -0.670555 3.025106,
        -0.748031 -0.670555 3.025106,
        -0.157480 -0.397208 3.025106,
        -0.157480 -0.670555 3.025106,
        -0.039370 -0.670555 3.025106,
        -0.748031 -0.397208 3.025106,
        -0.826772 -0.397208 3.025106,
        -0.433071 -0.670555 3.025106,
        -0.551181 -0.670555 3.025106,
        -0.551181 -0.397208 3.025106,
        -1.220472 -0.397208 3.025106,
        -1.220472 -0.670555 3.025106,
        -1.338583 -0.670555 3.025106,
        -1.338583 -0.397208 3.025106,
        -1.417323 -0.397208 3.025106,
        -0.826772 -0.670555 3.025106,
        -0.944882 -0.670555 3.025106,
        -0.944882 -0.397208 3.025106,
        -1.023622 -0.397208 3.025106,
        -1.141732 -0.397208 3.025106,
        -1.141732 -0.670555 3.025106,
        -1.023622 -0.670555 3.025106,
        -1.614173 -0.397208 3.025106,
        -1.614173 -0.670555 3.025106,
        -1.732283 -0.670555 3.025106,
        -1.732283 -0.397208 3.025106,
        -1.811024 -0.397208 3.025106,
        -1.535433 -0.397208 3.025106,
        -1.535433 -0.670555 3.025106,
        -1.417323 -0.670555 3.025106,
        -2.007874 -0.397208 3.025106,
        -2.007874 -0.670555 3.025106,
        -2.125984 -0.670555 3.025106,
        -2.125984 -0.397208 3.025106,
        -2.204724 -0.397208 3.025106,
        -1.929134 -0.397208 3.025106,
        -1.929134 -0.670555 3.025106,
        -1.811024 -0.670555 3.025106,
        -2.401575 -0.397208 3.025106,
        -2.401575 -0.670555 3.025106,
        -2.519685 -0.670555 3.025106,
        -2.519685 -0.397208 3.025106,
        -2.598425 -0.397208 3.025106,
        -2.322835 -0.397208 3.025106,
        -2.322835 -0.670555 3.025106,
        -2.204724 -0.670555 3.025106,
        -2.795276 -0.397208 3.025106,
        -2.795276 -0.670555 3.025106,
        -2.913386 -0.670555 3.025106,
        -2.913386 -0.397208 3.025106,
        -2.992126 -0.397208 3.025106,
        -2.716535 -0.397208 3.025106,
        -2.716535 -0.670555 3.025106,
        -2.598425 -0.670555 3.025106,
        -3.188976 -0.397208 3.025106,
        -3.188976 -0.670555 3.025106,
        -3.307087 -0.670555 3.025106,
        -3.307087 -0.397208 3.025106,
        -3.385827 -0.397208 3.025106,
        -3.110236 -0.397208 3.025106,
        -3.110236 -0.670555 3.025106,
        -2.992126 -0.670555 3.025106,
        -3.385827 -0.670555 3.025106,
        -3.385827 -0.397208 2.880997,
        -3.307087 -0.397208 2.880997,
        -3.307087 -0.397208 0.301306,
        -3.385827 -0.397208 0.301306,
        -3.385827 -0.827191 3.135897,
        -3.307087 -0.827191 3.135897,
        -3.188976 -0.827191 3.135897,
        -3.110236 -0.827191 3.135897,
        -2.992126 -0.827191 3.135897,
        -2.913386 -0.827191 3.135897,
        -2.795276 -0.827191 3.135897,
        -2.716535 -0.827191 3.135897,
        -2.598425 -0.827191 3.135897,
        -2.519685 -0.827191 3.135897,
        -2.401575 -0.827191 3.135897,
        -2.322835 -0.827191 3.135897,
        -2.204724 -0.827191 3.135897,
        -2.125984 -0.827191 3.135897,
        -2.007874 -0.827191 3.135897,
        -1.929134 -0.827191 3.135897,
        -1.811024 -0.827191 3.135897,
        -1.732283 -0.827191 3.135897,
        -1.614173 -0.827191 3.135897,
        -1.535433 -0.827191 3.135897,
        -1.417323 -0.827191 3.135897,
        -1.338583 -0.827191 3.135897,
        -1.220472 -0.827191 3.135897,
        -1.141732 -0.827191 3.135897,
        -1.023622 -0.827191 3.135897,
        -0.944882 -0.827191 3.135897,
        -0.826772 -0.827191 3.135897,
        -0.748031 -0.827191 3.135897,
        -0.629921 -0.827191 3.135897,
        -0.551181 -0.827191 3.135897,
        -0.433071 -0.827191 3.135897,
        -0.354331 -0.827191 3.135897,
        -0.236220 -0.827191 3.135897,
        -0.157480 -0.827191 3.135897,
        -0.039370 -0.827191 3.135897,
        0.039370 -0.827191 3.135897,
        0.157480 -0.827191 3.135897,
        0.236220 -0.827191 3.135897,
        0.354331 -0.827191 3.135897,
        0.433071 -0.827191 3.135897,
        0.551181 -0.827191 3.135897,
        0.629921 -0.827191 3.135897,
        0.748031 -0.827191 3.135897,
        0.826772 -0.827191 3.135897,
        0.944882 -0.827191 3.135897,
        1.023622 -0.827191 3.135897,
        1.141732 -0.827191 3.135897,
        1.220472 -0.827191 3.135897,
        1.338583 -0.827191 3.135897,
        1.417323 -0.827191 3.135897,
        1.535433 -0.827191 3.135897,
        1.614173 -0.827191 3.135897,
        1.732283 -0.827191 3.135897,
        1.811024 -0.827191 3.135897,
        1.929134 -0.827191 3.135897,
        -3.385827 -0.827191 3.150811,
        -1.732283 -0.827191 3.150811,
        -1.614173 -0.827191 3.150811,
        -1.535433 -0.827191 3.150811,
        -3.307087 -0.827191 3.150811,
        -3.188976 -0.827191 3.150811,
        -3.110236 -0.827191 3.150811,
        -2.992126 -0.827191 3.150811,
        -2.913386 -0.827191 3.150811,
        -2.795276 -0.827191 3.150811,
        -2.716535 -0.827191 3.150811,
        -0.551181 -0.827191 3.150811,
        -2.598425 -0.827191 3.150811,
        -2.519685 -0.827191 3.150811,
        -2.401575 -0.827191 3.150811,
        -2.322835 -0.827191 3.150811,
        -0.433071 -0.827191 3.150811,
        -0.354331 -0.827191 3.150811,
        -2.204724 -0.827191 3.150811,
        -2.125984 -0.827191 3.150811,
        -1.417323 -0.827191 3.150811,
        -1.338583 -0.827191 3.150811,
        -2.007874 -0.827191 3.150811,
        -1.929134 -0.827191 3.150811,
        -1.220472 -0.827191 3.150811,
        -1.141732 -0.827191 3.150811,
        0.236220 -0.827191 3.150811,
        -1.811024 -0.827191 3.150811,
        -1.023622 -0.827191 3.150811,
        -0.944882 -0.827191 3.150811,
        -0.826772 -0.827191 3.150811,
        -0.748031 -0.827191 3.150811,
        0.354331 -0.827191 3.150811,
        0.433071 -0.827191 3.150811,
        -0.629921 -0.827191 3.150811,
        -0.236220 -0.827191 3.150811,
        -0.157480 -0.827191 3.150811,
        0.826772 -0.827191 3.150811,
        -0.039370 -0.827191 3.150811,
        0.039370 -0.827191 3.150811,
        0.157480 -0.827191 3.150811,
        0.944882 -0.827191 3.150811,
        1.023622 -0.827191 3.150811,
        1.220472 -0.827191 3.150811,
        0.551181 -0.827191 3.150811,
        0.629921 -0.827191 3.150811,
        0.748031 -0.827191 3.150811,
        1.338583 -0.827191 3.150811,
        1.417323 -0.827191 3.150811,
        1.614173 -0.827191 3.150811,
        1.141732 -0.827191 3.150811,
        1.732283 -0.827191 3.150811,
        1.811024 -0.827191 3.150811,
        1.535433 -0.827191 3.150811,
        2.007874 -0.827191 3.150811,
        1.929134 -0.827191 3.150811,
        2.007874 -0.397208 3.150811,
        1.929134 -0.397208 3.150811,
        1.811024 -0.397208 3.150811,
        1.732283 -0.397208 3.150811,
        1.614173 -0.397208 3.150811,
        1.535433 -0.397208 3.150811,
        1.417323 -0.397208 3.150811,
        1.338583 -0.397208 3.150811,
        1.220472 -0.397208 3.150811,
        1.141732 -0.397208 3.150811,
        1.023622 -0.397208 3.150811,
        0.944882 -0.397208 3.150811,
        0.826772 -0.397208 3.150811,
        0.748031 -0.397208 3.150811,
        0.629921 -0.397208 3.150811,
        0.551181 -0.397208 3.150811,
        0.433071 -0.397208 3.150811,
        0.354331 -0.397208 3.150811,
        0.236220 -0.397208 3.150811,
        0.157480 -0.397208 3.150811,
        0.039370 -0.397208 3.150811,
        -0.039370 -0.397208 3.150811,
        -0.157480 -0.397208 3.150811,
        -0.236220 -0.397208 3.150811,
        -0.354331 -0.397208 3.150811,
        -0.433071 -0.397208 3.150811,
        -0.551181 -0.397208 3.150811,
        -0.629921 -0.397208 3.150811,
        -0.748031 -0.397208 3.150811,
        -0.826772 -0.397208 3.150811,
        -0.944882 -0.397208 3.150811,
        -1.023622 -0.397208 3.150811,
        -1.141732 -0.397208 3.150811,
        -1.220472 -0.397208 3.150811,
        -1.338583 -0.397208 3.150811,
        -1.417323 -0.397208 3.150811,
        -1.535433 -0.397208 3.150811,
        -1.614173 -0.397208 3.150811,
        -1.732283 -0.397208 3.150811,
        -1.811024 -0.397208 3.150811,
        -1.929134 -0.397208 3.150811,
        -2.007874 -0.397208 3.150811,
        -2.125984 -0.397208 3.150811,
        -2.204724 -0.397208 3.150811,
        -2.322835 -0.397208 3.150811,
        -2.401575 -0.397208 3.150811,
        -2.519685 -0.397208 3.150811,
        -2.598425 -0.397208 3.150811,
        -2.716535 -0.397208 3.150811,
        -2.795276 -0.397208 3.150811,
        -2.913386 -0.397208 3.150811,
        -2.992126 -0.397208 3.150811,
        -3.110236 -0.397208 3.150811,
        -3.188976 -0.397208 3.150811,
        -3.307087 -0.397208 3.150811,
        -3.385827 -0.397208 3.150811,
      ]
    }
    coordIndex [
      115, 114, 116, -1,
      116, 114, 113, -1,
      228, 226, 229, -1,
      229, 226, 227, -1,
      229, 4, 228, -1,
      228, 4, 11, -1,
      0, 226, 1, -1,
      1, 226, 228, -1,
      1, 228, 11, -1,
      227, 171, 229, -1,
      229, 171, 2, -1,
      229, 2, 4, -1,
      230, 224, 231, -1,
      231, 224, 223, -1,
      231, 12, 230, -1,
      230, 12, 5, -1,
      170, 224, 3, -1,
      3, 224, 230, -1,
      3, 230, 5, -1,
      223, 169, 231, -1,
      231, 169, 16, -1,
      231, 16, 12, -1,
      232, 221, 233, -1,
      233, 221, 225, -1,
      233, 19, 232, -1,
      232, 19, 18, -1,
      168, 221, 17, -1,
      17, 221, 232, -1,
      17, 232, 18, -1,
      225, 167, 233, -1,
      233, 167, 20, -1,
      233, 20, 19, -1,
      234, 220, 235, -1,
      235, 220, 219, -1,
      235, 6, 234, -1,
      234, 6, 22, -1,
      166, 220, 21, -1,
      21, 220, 234, -1,
      21, 234, 22, -1,
      219, 165, 235, -1,
      235, 165, 7, -1,
      235, 7, 6, -1,
      236, 215, 237, -1,
      237, 215, 222, -1,
      237, 10, 236, -1,
      236, 10, 9, -1,
      164, 215, 8, -1,
      8, 215, 236, -1,
      8, 236, 9, -1,
      222, 163, 237, -1,
      237, 163, 23, -1,
      237, 23, 10, -1,
      238, 214, 239, -1,
      239, 214, 213, -1,
      239, 26, 238, -1,
      238, 26, 25, -1,
      162, 214, 24, -1,
      24, 214, 238, -1,
      24, 238, 25, -1,
      213, 161, 239, -1,
      239, 161, 34, -1,
      239, 34, 26, -1,
      240, 209, 241, -1,
      241, 209, 218, -1,
      241, 13, 240, -1,
      240, 13, 32, -1,
      160, 209, 33, -1,
      33, 209, 240, -1,
      33, 240, 32, -1,
      218, 159, 241, -1,
      241, 159, 14, -1,
      241, 14, 13, -1,
      242, 217, 243, -1,
      243, 217, 216, -1,
      243, 28, 242, -1,
      242, 28, 27, -1,
      158, 217, 15, -1,
      15, 217, 242, -1,
      15, 242, 27, -1,
      216, 157, 243, -1,
      243, 157, 40, -1,
      243, 40, 28, -1,
      244, 205, 245, -1,
      245, 205, 204, -1,
      245, 43, 244, -1,
      244, 43, 42, -1,
      156, 205, 41, -1,
      41, 205, 244, -1,
      41, 244, 42, -1,
      204, 155, 245, -1,
      245, 155, 44, -1,
      245, 44, 43, -1,
      246, 198, 247, -1,
      247, 198, 212, -1,
      247, 29, 246, -1,
      246, 29, 46, -1,
      154, 198, 45, -1,
      45, 198, 246, -1,
      45, 246, 46, -1,
      212, 153, 247, -1,
      247, 153, 30, -1,
      247, 30, 29, -1,
      248, 211, 249, -1,
      249, 211, 210, -1,
      249, 36, 248, -1,
      248, 36, 35, -1,
      152, 211, 31, -1,
      31, 211, 248, -1,
      31, 248, 35, -1,
      210, 151, 249, -1,
      249, 151, 54, -1,
      249, 54, 36, -1,
      250, 208, 251, -1,
      251, 208, 207, -1,
      251, 37, 250, -1,
      250, 37, 52, -1,
      150, 208, 53, -1,
      53, 208, 250, -1,
      53, 250, 52, -1,
      207, 149, 251, -1,
      251, 149, 38, -1,
      251, 38, 37, -1,
      252, 189, 253, -1,
      253, 189, 188, -1,
      253, 48, 252, -1,
      252, 48, 47, -1,
      148, 189, 39, -1,
      39, 189, 252, -1,
      39, 252, 47, -1,
      188, 147, 253, -1,
      253, 147, 57, -1,
      253, 57, 48, -1,
      254, 183, 255, -1,
      255, 183, 206, -1,
      255, 49, 254, -1,
      254, 49, 59, -1,
      146, 183, 58, -1,
      58, 183, 254, -1,
      58, 254, 59, -1,
      206, 145, 255, -1,
      255, 145, 50, -1,
      255, 50, 49, -1,
      256, 203, 257, -1,
      257, 203, 202, -1,
      257, 56, 256, -1,
      256, 56, 55, -1,
      144, 203, 51, -1,
      51, 203, 256, -1,
      51, 256, 55, -1,
      202, 143, 257, -1,
      257, 143, 65, -1,
      257, 65, 56, -1,
      258, 201, 259, -1,
      259, 201, 200, -1,
      259, 68, 258, -1,
      258, 68, 67, -1,
      142, 201, 66, -1,
      66, 201, 258, -1,
      66, 258, 67, -1,
      200, 141, 259, -1,
      259, 141, 71, -1,
      259, 71, 68, -1,
      260, 197, 261, -1,
      261, 197, 196, -1,
      261, 60, 260, -1,
      260, 60, 69, -1,
      140, 197, 70, -1,
      70, 197, 260, -1,
      70, 260, 69, -1,
      196, 139, 261, -1,
      261, 139, 61, -1,
      261, 61, 60, -1,
      262, 193, 263, -1,
      263, 193, 192, -1,
      263, 64, 262, -1,
      262, 64, 63, -1,
      138, 193, 62, -1,
      62, 193, 262, -1,
      62, 262, 63, -1,
      192, 137, 263, -1,
      263, 137, 79, -1,
      263, 79, 64, -1,
      264, 175, 265, -1,
      265, 175, 174, -1,
      265, 72, 264, -1,
      264, 72, 77, -1,
      136, 175, 78, -1,
      78, 175, 264, -1,
      78, 264, 77, -1,
      174, 135, 265, -1,
      265, 135, 73, -1,
      265, 73, 72, -1,
      266, 173, 267, -1,
      267, 173, 199, -1,
      267, 76, 266, -1,
      266, 76, 75, -1,
      134, 173, 74, -1,
      74, 173, 266, -1,
      74, 266, 75, -1,
      199, 133, 267, -1,
      267, 133, 87, -1,
      267, 87, 76, -1,
      268, 195, 269, -1,
      269, 195, 194, -1,
      269, 80, 268, -1,
      268, 80, 85, -1,
      132, 195, 86, -1,
      86, 195, 268, -1,
      86, 268, 85, -1,
      194, 131, 269, -1,
      269, 131, 81, -1,
      269, 81, 80, -1,
      270, 191, 271, -1,
      271, 191, 190, -1,
      271, 84, 270, -1,
      270, 84, 83, -1,
      130, 191, 82, -1,
      82, 191, 270, -1,
      82, 270, 83, -1,
      190, 129, 271, -1,
      271, 129, 95, -1,
      271, 95, 84, -1,
      272, 187, 273, -1,
      273, 187, 186, -1,
      273, 88, 272, -1,
      272, 88, 93, -1,
      128, 187, 94, -1,
      94, 187, 272, -1,
      94, 272, 93, -1,
      186, 127, 273, -1,
      273, 127, 89, -1,
      273, 89, 88, -1,
      274, 185, 275, -1,
      275, 185, 184, -1,
      275, 92, 274, -1,
      274, 92, 91, -1,
      126, 185, 90, -1,
      90, 185, 274, -1,
      90, 274, 91, -1,
      184, 125, 275, -1,
      275, 125, 103, -1,
      275, 103, 92, -1,
      276, 182, 277, -1,
      277, 182, 181, -1,
      277, 96, 276, -1,
      276, 96, 101, -1,
      124, 182, 102, -1,
      102, 182, 276, -1,
      102, 276, 101, -1,
      181, 123, 277, -1,
      277, 123, 97, -1,
      277, 97, 96, -1,
      278, 180, 279, -1,
      279, 180, 179, -1,
      279, 100, 278, -1,
      278, 100, 99, -1,
      122, 180, 98, -1,
      98, 180, 278, -1,
      98, 278, 99, -1,
      179, 121, 279, -1,
      279, 121, 111, -1,
      279, 111, 100, -1,
      280, 178, 281, -1,
      281, 178, 177, -1,
      281, 104, 280, -1,
      280, 104, 109, -1,
      120, 178, 110, -1,
      110, 178, 280, -1,
      110, 280, 109, -1,
      177, 119, 281, -1,
      281, 119, 105, -1,
      281, 105, 104, -1,
      282, 176, 283, -1,
      283, 176, 172, -1,
      283, 108, 282, -1,
      282, 108, 107, -1,
      118, 176, 106, -1,
      106, 176, 282, -1,
      106, 282, 107, -1,
      172, 117, 283, -1,
      283, 117, 112, -1,
      283, 112, 108, -1,
    ]
  }
}

Shape {
  appearance Appearance {
    material Material {
      diffuseColor 0.7529 0.7529 0.7529
      specularColor 0.3765 0.3765 0.3765
      ambientIntensity 0.2
      transparency 0.0000
      shininess 0.5
    }
  }
  geometry IndexedFaceSet {
    ccw TRUE
    solid FALSE
    coord DEF co Coordinate {
      point [
        2.992126 -0.890305 0.301306,
        2.992126 -0.397208 0.301306,
        2.913386 -0.890305 0.301306,
        2.913386 -0.397208 0.301306,
      ]
    }
    coordIndex [
      0, 1, 2, -1,
      2, 1, 3, -1,
    ]
  }
}

Shape {
  appearance Appearance {
    material Material {
      diffuseColor 0.1490 0.1490 0.1490
      specularColor 0.0745 0.0745 0.0745
      ambientIntensity 0.2
      transparency 0.0000
      shininess 0.5
    }
  }
  geometry IndexedFaceSet {
    ccw TRUE
    solid FALSE
    coord DEF co Coordinate {
      point [
        2.992126 -0.397208 0.301306,
        2.992126 -0.397208 2.880997,
        2.913386 -0.397208 0.301306,
        2.913386 -0.397208 2.880997,
        2.992126 -0.827191 3.135897,
        2.992126 -0.670555 3.025106,
        2.913386 -0.670555 3.025106,
        2.913386 -0.827191 3.135897,
        2.913386 -0.827191 3.150811,
        2.992126 -0.827191 3.150811,
        2.913386 -0.397208 3.025106,
        2.992126 -0.397208 3.025106,
        2.992126 -0.397208 3.150811,
        2.913386 -0.397208 3.150811,
      ]
    }
    coordIndex [
      0, 1, 2, -1,
      2, 1, 3, -1,
      12, 9, 13, -1,
      13, 9, 8, -1,
      13, 10, 12, -1,
      12, 10, 11, -1,
      4, 9, 5, -1,
      5, 9, 12, -1,
      5, 12, 11, -1,
      8, 7, 13, -1,
      13, 7, 6, -1,
      13, 6, 10, -1,
    ]
  }
}

Shape {
  appearance Appearance {
    material Material {
      diffuseColor 0.7529 0.7529 0.7529
      specularColor 0.3765 0.3765 0.3765
      ambientIntensity 0.2
      transparency 0.0000
      shininess 0.5
    }
  }
  geometry IndexedFaceSet {
    ccw TRUE
    solid FALSE
    coord DEF co Coordinate {
      point [
        3.188976 -0.890305 0.301306,
        3.188976 -0.397208 0.301306,
        3.110236 -0.890305 0.301306,
        3.110236 -0.397208 0.301306,
      ]
    }
    coordIndex [
      0, 1, 2, -1,
      2, 1, 3, -1,
    ]
  }
}

Shape {
  appearance Appearance {
    material Material {
      diffuseColor 0.1490 0.1490 0.1490
      specularColor 0.0745 0.0745 0.0745
      ambientIntensity 0.2
      transparency 0.0000
      shininess 0.5
    }
  }
  geometry IndexedFaceSet {
    ccw TRUE
    solid FALSE
    coord DEF co Coordinate {
      point [
        3.188976 -0.397208 0.301306,
        3.188976 -0.397208 2.880997,
        3.110236 -0.397208 0.301306,
        3.110236 -0.397208 2.880997,
        3.188976 -0.827191 3.135897,
        3.188976 -0.670555 3.025106,
        3.110236 -0.827191 3.135897,
        3.110236 -0.670555 3.025106,
        3.188976 -0.827191 3.150811,
        3.110236 -0.827191 3.150811,
        3.188976 -0.397208 3.025106,
        3.110236 -0.397208 3.025106,
        3.188976 -0.397208 3.150811,
        3.110236 -0.397208 3.150811,
      ]
    }
    coordIndex [
      0, 1, 2, -1,
      2, 1, 3, -1,
      12, 8, 13, -1,
      13, 8, 9, -1,
      13, 11, 12, -1,
      12, 11, 10, -1,
      4, 8, 5, -1,
      5, 8, 12, -1,
      5, 12, 10, -1,
      9, 6, 13, -1,
      13, 6, 7, -1,
      13, 7, 11, -1,
    ]
  }
}

Shape {
  appearance Appearance {
    material Material {
      diffuseColor 0.7529 0.7529 0.7529
      specularColor 0.3765 0.3765 0.3765
      ambientIntensity 0.2
      transparency 0.0000
      shininess 0.5
    }
  }
  geometry IndexedFaceSet {
    ccw TRUE
    solid FALSE
    coord DEF co Coordinate {
      point [
        3.385827 -0.890305 0.301306,
        3.385827 -0.397208 0.301306,
        3.307087 -0.890305 0.301306,
        3.307087 -0.397208 0.301306,
      ]
    }
    coordIndex [
      0, 1, 2, -1,
      2, 1, 3, -1,
    ]
  }
}

Shape {
  appearance Appearance {
    material Material {
      diffuseColor 0.1490 0.1490 0.1490
      specularColor 0.0745 0.0745 0.0745
      ambientIntensity 0.2
      transparency 0.0000
      shininess 0.5
    }
  }
  geometry IndexedFaceSet {
    ccw TRUE
    solid FALSE
    coord DEF co Coordinate {
      point [
        3.385827 -0.397208 0.301306,
        3.385827 -0.397208 2.880997,
        3.307087 -0.397208 0.301306,
        3.307087 -0.397208 2.880997,
        3.385827 -0.827191 3.135897,
        3.385827 -0.670555 3.025106,
        3.307087 -0.827191 3.135897,
        3.307087 -0.670555 3.025106,
        3.307087 -0.827191 3.150811,
        3.385827 -0.827191 3.150811,
        3.307087 -0.397208 3.025106,
        3.385827 -0.397208 3.025106,
        3.385827 -0.397208 3.150811,
        3.307087 -0.397208 3.150811,
      ]
    }
    coordIndex [
      0, 1, 2, -1,
      2, 1, 3, -1,
      12, 9, 13, -1,
      13, 9, 8, -1,
      13, 10, 12, -1,
      12, 10, 11, -1,
      4, 9, 5, -1,
      5, 9, 12, -1,
      5, 12, 11, -1,
      8, 6, 13, -1,
      13, 6, 7, -1,
      13, 7, 10, -1,
    ]
  }
}

Shape {
  appearance Appearance {
    material Material {
      diffuseColor 0.7529 0.7529 0.7529
      specularColor 0.3765 0.3765 0.3765
      ambientIntensity 0.2
      transparency 0.0000
      shininess 0.5
    }
  }
  geometry IndexedFaceSet {
    ccw TRUE
    solid FALSE
    coord DEF co Coordinate {
      point [
        3.582677 -0.890305 0.301306,
        3.582677 -0.397208 0.301306,
        3.503937 -0.890305 0.301306,
        3.503937 -0.397208 0.301306,
      ]
    }
    coordIndex [
      0, 1, 2, -1,
      2, 1, 3, -1,
    ]
  }
}

Shape {
  appearance Appearance {
    material Material {
      diffuseColor 0.1490 0.1490 0.1490
      specularColor 0.0745 0.0745 0.0745
      ambientIntensity 0.2
      transparency 0.0000
      shininess 0.5
    }
  }
  geometry IndexedFaceSet {
    ccw TRUE
    solid FALSE
    coord DEF co Coordinate {
      point [
        3.805607 0.668948 0.000000,
        4.301181 0.668948 0.000000,
        -3.805607 0.668948 0.000000,
        -3.805607 1.011184 0.000000,
        -2.812689 1.011184 0.000000,
        4.073390 -0.677165 0.000000,
        4.094488 -0.598425 0.000000,
        4.015748 -0.462043 0.000000,
        3.937008 -0.440945 0.000000,
        4.073390 -0.519685 0.000000,
        3.779528 -0.598425 0.000000,
        3.800626 -0.519685 0.000000,
        3.858268 -0.462043 0.000000,
        3.800626 -0.677165 0.000000,
        3.849839 -0.726378 0.000000,
        1.864526 -0.775518 0.000000,
        3.858268 -0.734807 0.000000,
        3.937008 -0.755906 0.000000,
        4.301181 -0.775518 0.000000,
        4.015748 -0.734807 0.000000,
        4.024178 -0.726378 0.000000,
        3.805607 1.011184 0.000000,
        -0.706643 1.011184 0.000000,
        -0.259943 1.011184 0.000000,
        -0.259943 -0.775518 0.000000,
        -4.168307 -0.775518 0.000000,
        -2.812689 -0.775518 0.000000,
        -1.388048 -0.775518 0.000000,
        -3.851769 -0.647638 0.000000,
        -3.838583 -0.598425 0.000000,
        -1.004442 -0.775518 0.000000,
        -4.022246 -0.647638 0.000000,
        -3.986220 -0.683664 0.000000,
        -3.937008 -0.696850 0.000000,
        -3.887795 -0.683664 0.000000,
        -3.851769 -0.549213 0.000000,
        -3.887795 -0.513187 0.000000,
        -3.937008 -0.500000 0.000000,
        -3.986220 -0.513187 0.000000,
        -4.022246 -0.549213 0.000000,
        -4.035433 -0.598425 0.000000,
        -0.706643 -0.775518 0.000000,
        -4.301181 0.668948 0.000000,
        -4.301181 -0.775518 0.000000,
        1.864526 1.011184 0.000000,
        -4.168307 0.668948 0.000000,
        -1.388048 1.011184 0.000000,
        -1.004442 1.011184 0.000000,
        3.690945 1.011184 0.647687,
        3.661417 1.011184 0.647687,
        4.301181 1.011184 0.118110,
        3.690945 1.011184 0.118110,
        -4.114173 1.161417 0.118110,
        -4.301181 1.161417 0.118110,
        -3.592520 1.161417 3.184898,
        -3.690945 1.161417 3.184898,
        -3.592520 1.161417 2.082118,
        -3.690945 1.161417 0.118110,
        -4.035433 1.161417 0.118110,
        3.622047 1.011184 0.647687,
        3.592520 1.011184 0.647687,
        3.464567 1.011184 0.647687,
        3.494094 1.011184 0.647687,
        3.494094 1.011184 0.118110,
        3.592520 1.011184 0.118110,
        3.425197 1.011184 0.647687,
        3.395669 1.011184 0.647687,
        3.267717 1.011184 0.647687,
        3.297244 1.011184 0.647687,
        3.297244 1.011184 0.118110,
        3.395669 1.011184 0.118110,
        3.228346 1.011184 0.647687,
        3.198819 1.011184 0.647687,
        3.070866 1.011184 0.647687,
        3.100394 1.011184 0.647687,
        3.100394 1.011184 0.118110,
        3.198819 1.011184 0.118110,
        3.031496 1.011184 0.647687,
        3.001969 1.011184 0.647687,
        2.874016 1.011184 0.647687,
        2.903543 1.011184 0.647687,
        2.903543 1.011184 0.118110,
        3.001969 1.011184 0.118110,
        2.805118 1.011184 0.647687,
        2.834646 1.011184 0.647687,
        1.889764 1.011184 0.647687,
        1.919291 1.011184 0.647687,
        1.850394 1.011184 0.647687,
        1.820866 1.011184 0.647687,
        1.692913 1.011184 0.647687,
        1.722441 1.011184 0.647687,
        1.653543 1.011184 0.647687,
        1.624016 1.011184 0.647687,
        1.496063 1.011184 0.647687,
        1.525591 1.011184 0.647687,
        1.456693 1.011184 0.647687,
        1.427165 1.011184 0.647687,
        1.299213 1.011184 0.647687,
        1.328740 1.011184 0.647687,
        1.259843 1.011184 0.647687,
        1.230315 1.011184 0.647687,
        1.102362 1.011184 0.647687,
        1.131890 1.011184 0.647687,
        1.062992 1.011184 0.647687,
        1.033465 1.011184 0.647687,
        0.905512 1.011184 0.647687,
        0.935039 1.011184 0.647687,
        0.866142 1.011184 0.647687,
        0.836614 1.011184 0.647687,
        0.708661 1.011184 0.647687,
        0.738189 1.011184 0.647687,
        0.669291 1.011184 0.647687,
        0.639764 1.011184 0.647687,
        0.511811 1.011184 0.647687,
        0.541339 1.011184 0.647687,
        0.472441 1.011184 0.647687,
        0.442913 1.011184 0.647687,
        0.314961 1.011184 0.647687,
        0.344488 1.011184 0.647687,
        0.275591 1.011184 0.647687,
        0.246063 1.011184 0.647687,
        0.118110 1.011184 0.647687,
        0.147638 1.011184 0.647687,
        0.078740 1.011184 0.647687,
        0.049213 1.011184 0.647687,
        -0.078740 1.011184 0.647687,
        -0.049213 1.011184 0.647687,
        -0.118110 1.011184 0.647687,
        -0.147638 1.011184 0.647687,
        -0.275591 1.011184 0.647687,
        -0.246063 1.011184 0.647687,
        -0.314961 1.011184 0.647687,
        -0.344488 1.011184 0.647687,
        -0.472441 1.011184 0.647687,
        -0.442913 1.011184 0.647687,
        -0.511811 1.011184 0.647687,
        -0.541339 1.011184 0.647687,
        -0.669291 1.011184 0.647687,
        -0.639764 1.011184 0.647687,
        -0.708661 1.011184 0.647687,
        -0.738189 1.011184 0.647687,
        -0.866142 1.011184 0.647687,
        -0.836614 1.011184 0.647687,
        -0.905512 1.011184 0.647687,
        -0.935039 1.011184 0.647687,
        -1.062992 1.011184 0.647687,
        -1.033465 1.011184 0.647687,
        -1.102362 1.011184 0.647687,
        -1.131890 1.011184 0.647687,
        -1.259843 1.011184 0.647687,
        -1.230315 1.011184 0.647687,
        -1.299213 1.011184 0.647687,
        -1.328740 1.011184 0.647687,
        -1.456693 1.011184 0.647687,
        -1.427165 1.011184 0.647687,
        -1.496063 1.011184 0.647687,
        -1.525591 1.011184 0.647687,
        -1.653543 1.011184 0.647687,
        -1.624016 1.011184 0.647687,
        -1.692913 1.011184 0.647687,
        -1.722441 1.011184 0.647687,
        -1.850394 1.011184 0.647687,
        -1.820866 1.011184 0.647687,
        -1.889764 1.011184 0.647687,
        -1.919291 1.011184 0.647687,
        -2.047244 1.011184 0.647687,
        -2.017717 1.011184 0.647687,
        -2.086614 1.011184 0.647687,
        -2.116142 1.011184 0.647687,
        -2.244094 1.011184 0.647687,
        -2.214567 1.011184 0.647687,
        -2.283465 1.011184 0.647687,
        -2.312992 1.011184 0.647687,
        -2.440945 1.011184 0.647687,
        -2.411417 1.011184 0.647687,
        -2.480315 1.011184 0.647687,
        -2.509843 1.011184 0.647687,
        -2.637795 1.011184 0.647687,
        -2.608268 1.011184 0.647687,
        -2.677165 1.011184 0.647687,
        -2.706693 1.011184 0.647687,
        -2.834646 1.011184 0.647687,
        -2.805118 1.011184 0.647687,
        -2.874016 1.011184 0.647687,
        -2.903543 1.011184 0.647687,
        -3.031496 1.011184 0.647687,
        -3.001969 1.011184 0.647687,
        -3.070866 1.011184 0.647687,
        -3.100394 1.011184 0.647687,
        -3.228346 1.011184 0.647687,
        -3.198819 1.011184 0.647687,
        -3.267717 1.011184 0.647687,
        -3.297244 1.011184 0.647687,
        -3.425197 1.011184 0.647687,
        -3.395669 1.011184 0.647687,
        -3.297244 1.011184 0.118110,
        -3.395669 1.011184 0.118110,
        -3.100394 1.011184 0.118110,
        -3.198819 1.011184 0.118110,
        -2.903543 1.011184 0.118110,
        -3.001969 1.011184 0.118110,
        -2.706693 1.011184 0.118110,
        -2.805118 1.011184 0.118110,
        -2.509843 1.011184 0.118110,
        -2.608268 1.011184 0.118110,
        -2.312992 1.011184 0.118110,
        -2.411417 1.011184 0.118110,
        -2.116142 1.011184 0.118110,
        -2.214567 1.011184 0.118110,
        -1.919291 1.011184 0.118110,
        -2.017717 1.011184 0.118110,
        -1.722441 1.011184 0.118110,
        -1.820866 1.011184 0.118110,
        -1.525591 1.011184 0.118110,
        -1.624016 1.011184 0.118110,
        -1.328740 1.011184 0.118110,
        -1.427165 1.011184 0.118110,
        -1.131890 1.011184 0.118110,
        -1.230315 1.011184 0.118110,
        -0.935039 1.011184 0.118110,
        -1.033465 1.011184 0.118110,
        -0.738189 1.011184 0.118110,
        -0.836614 1.011184 0.118110,
        -0.541339 1.011184 0.118110,
        -0.639764 1.011184 0.118110,
        -0.344488 1.011184 0.118110,
        -0.442913 1.011184 0.118110,
        -0.147638 1.011184 0.118110,
        -0.246063 1.011184 0.118110,
        0.049213 1.011184 0.118110,
        -0.049213 1.011184 0.118110,
        0.246063 1.011184 0.118110,
        0.147638 1.011184 0.118110,
        0.442913 1.011184 0.118110,
        0.344488 1.011184 0.118110,
        0.639764 1.011184 0.118110,
        0.541339 1.011184 0.118110,
        0.836614 1.011184 0.118110,
        0.738189 1.011184 0.118110,
        1.033465 1.011184 0.118110,
        0.935039 1.011184 0.118110,
        1.230315 1.011184 0.118110,
        1.131890 1.011184 0.118110,
        1.427165 1.011184 0.118110,
        1.328740 1.011184 0.118110,
        1.624016 1.011184 0.118110,
        1.525591 1.011184 0.118110,
        1.820866 1.011184 0.118110,
        1.722441 1.011184 0.118110,
        1.919291 1.011184 0.118110,
        2.805118 1.011184 0.118110,
        -3.592520 1.161417 1.067770,
        -3.592520 1.161417 1.633858,
        -3.592520 1.011184 1.067770,
        -3.464567 1.011184 0.647687,
        -3.494094 1.011184 0.647687,
        -3.622047 1.011184 0.647687,
        -3.592520 1.011184 0.647687,
        -3.592520 1.161417 0.647687,
        -3.622047 1.011184 2.082118,
        -3.592520 1.011184 2.082118,
        -3.592520 1.011184 1.633858,
        -3.592520 1.011184 0.118110,
        -3.592520 1.161417 0.118110,
        -3.494094 1.011184 0.118110,
        3.503937 -1.161417 0.039370,
        3.385827 -1.161417 0.039370,
        3.307087 -1.161417 0.039370,
        3.188976 -1.161417 0.039370,
        3.110236 -1.161417 0.039370,
        2.992126 -1.161417 0.039370,
        2.007874 -1.161417 0.039370,
        2.913386 -1.161417 0.039370,
        -3.385827 -1.161417 0.039370,
        -3.503937 -1.161417 0.039370,
        -3.188976 -1.161417 0.039370,
        -3.307087 -1.161417 0.039370,
        -2.992126 -1.161417 0.039370,
        -3.110236 -1.161417 0.039370,
        -2.795276 -1.161417 0.039370,
        -2.913386 -1.161417 0.039370,
        -2.598425 -1.161417 0.039370,
        -2.716535 -1.161417 0.039370,
        -2.401575 -1.161417 0.039370,
        -2.519685 -1.161417 0.039370,
        -2.204724 -1.161417 0.039370,
        -2.322835 -1.161417 0.039370,
        -2.007874 -1.161417 0.039370,
        -2.125984 -1.161417 0.039370,
        -1.811024 -1.161417 0.039370,
        -1.929134 -1.161417 0.039370,
        -1.614173 -1.161417 0.039370,
        -1.732283 -1.161417 0.039370,
        -1.417323 -1.161417 0.039370,
        -1.535433 -1.161417 0.039370,
        -1.220472 -1.161417 0.039370,
        -1.338583 -1.161417 0.039370,
        -1.023622 -1.161417 0.039370,
        -1.141732 -1.161417 0.039370,
        -0.826772 -1.161417 0.039370,
        -0.944882 -1.161417 0.039370,
        -0.629921 -1.161417 0.039370,
        -0.748031 -1.161417 0.039370,
        -0.433071 -1.161417 0.039370,
        -0.551181 -1.161417 0.039370,
        -0.236220 -1.161417 0.039370,
        -0.354331 -1.161417 0.039370,
        -0.039370 -1.161417 0.039370,
        -0.157480 -1.161417 0.039370,
        0.157480 -1.161417 0.039370,
        0.039370 -1.161417 0.039370,
        0.354331 -1.161417 0.039370,
        0.236220 -1.161417 0.039370,
        0.551181 -1.161417 0.039370,
        0.433071 -1.161417 0.039370,
        0.748031 -1.161417 0.039370,
        0.629921 -1.161417 0.039370,
        0.944882 -1.161417 0.039370,
        0.826772 -1.161417 0.039370,
        1.141732 -1.161417 0.039370,
        1.023622 -1.161417 0.039370,
        1.338583 -1.161417 0.039370,
        1.220472 -1.161417 0.039370,
        1.535433 -1.161417 0.039370,
        1.417323 -1.161417 0.039370,
        1.732283 -1.161417 0.039370,
        1.614173 -1.161417 0.039370,
        1.929134 -1.161417 0.039370,
        1.811024 -1.161417 0.039370,
        -3.582677 -1.161417 0.039370,
        -4.301181 -1.161417 0.039370,
        4.301181 -1.161417 0.039370,
        3.582677 -1.161417 0.039370,
        -3.503937 -0.890305 0.039370,
        -3.582677 -0.890305 0.039370,
        2.007874 -0.890305 0.039370,
        1.929134 -0.890305 0.039370,
        1.811024 -0.890305 0.039370,
        1.732283 -0.890305 0.039370,
        1.614173 -0.890305 0.039370,
        1.535433 -0.890305 0.039370,
        1.417323 -0.890305 0.039370,
        1.338583 -0.890305 0.039370,
        1.220472 -0.890305 0.039370,
        1.141732 -0.890305 0.039370,
        1.023622 -0.890305 0.039370,
        0.944882 -0.890305 0.039370,
        0.826772 -0.890305 0.039370,
        0.748031 -0.890305 0.039370,
        0.629921 -0.890305 0.039370,
        0.551181 -0.890305 0.039370,
        0.433071 -0.890305 0.039370,
        0.354331 -0.890305 0.039370,
        0.236220 -0.890305 0.039370,
        0.157480 -0.890305 0.039370,
        0.039370 -0.890305 0.039370,
        -0.039370 -0.890305 0.039370,
        -0.157480 -0.890305 0.039370,
        -0.236220 -0.890305 0.039370,
        -0.354331 -0.890305 0.039370,
        -0.433071 -0.890305 0.039370,
        -0.551181 -0.890305 0.039370,
        -0.629921 -0.890305 0.039370,
        -0.748031 -0.890305 0.039370,
        -0.826772 -0.890305 0.039370,
        -0.944882 -0.890305 0.039370,
        -1.023622 -0.890305 0.039370,
        -1.141732 -0.890305 0.039370,
        -1.220472 -0.890305 0.039370,
        -1.338583 -0.890305 0.039370,
        -1.417323 -0.890305 0.039370,
        -1.535433 -0.890305 0.039370,
        -1.614173 -0.890305 0.039370,
        -1.732283 -0.890305 0.039370,
        -1.811024 -0.890305 0.039370,
        -1.929134 -0.890305 0.039370,
        -2.007874 -0.890305 0.039370,
        -2.125984 -0.890305 0.039370,
        -2.204724 -0.890305 0.039370,
        -2.322835 -0.890305 0.039370,
        -2.401575 -0.890305 0.039370,
        -2.519685 -0.890305 0.039370,
        -2.598425 -0.890305 0.039370,
        -2.716535 -0.890305 0.039370,
        -2.795276 -0.890305 0.039370,
        -2.913386 -0.890305 0.039370,
        -2.992126 -0.890305 0.039370,
        -3.110236 -0.890305 0.039370,
        -3.188976 -0.890305 0.039370,
        -3.307087 -0.890305 0.039370,
        -3.385827 -0.890305 0.039370,
        2.992126 -0.890305 0.039370,
        2.913386 -0.890305 0.039370,
        3.188976 -0.890305 0.039370,
        3.110236 -0.890305 0.039370,
        3.385827 -0.890305 0.039370,
        3.307087 -0.890305 0.039370,
        3.582677 -0.890305 0.039370,
        3.582677 -0.397208 2.880997,
        3.582677 -0.397208 0.301306,
        3.503937 -0.890305 0.039370,
        3.503937 -0.397208 0.301306,
        3.503937 -0.397208 2.880997,
        3.503937 -0.827191 3.135897,
        3.503937 -0.670555 3.025106,
        4.301181 0.668948 0.039370,
        4.301181 -0.775518 0.039370,
        4.301181 1.011184 0.039370,
        -4.301181 -0.775518 0.039370,
        -4.301181 0.668948 0.039370,
        -4.301181 1.011184 0.039370,
        -4.301181 1.011184 0.118110,
        3.582677 -0.827191 3.135897,
        3.582677 -0.827191 3.150811,
        3.503937 -0.827191 3.150811,
        3.582677 -0.670555 3.025106,
        3.582677 -0.397208 3.025106,
        3.503937 -0.397208 3.025106,
        -3.690945 1.011184 1.067770,
        -3.661417 1.011184 1.067770,
        -3.690945 0.950310 1.067770,
        -3.690945 0.950310 0.647687,
        -3.690945 1.011184 0.647687,
        -3.661417 1.011184 0.647687,
        -3.690945 1.011184 2.082118,
        -3.661417 1.011184 2.082118,
        -3.690945 0.950310 2.082118,
        -3.690945 0.950310 1.633858,
        -3.690945 1.011184 1.633858,
        -3.661417 1.011184 1.633858,
        3.582677 -0.397208 3.150811,
        3.503937 -0.397208 3.150811,
        4.015748 -0.734807 -0.157480,
        3.937008 -0.755906 -0.157480,
        3.858268 -0.734807 -0.157480,
        3.800626 -0.677165 -0.157480,
        3.779528 -0.598425 -0.157480,
        3.800626 -0.519685 -0.157480,
        3.858268 -0.462043 -0.157480,
        3.937008 -0.440945 -0.157480,
        4.015748 -0.462043 -0.157480,
        4.073390 -0.519685 -0.157480,
        4.094488 -0.598425 -0.157480,
        4.073390 -0.677165 -0.157480,
        3.897638 -0.666616 -0.236220,
        3.868817 -0.637795 -0.236220,
        3.937008 -0.598425 -0.236220,
        3.858268 -0.598425 -0.236220,
        3.868817 -0.559055 -0.236220,
        4.005199 -0.637795 -0.236220,
        3.976378 -0.666616 -0.236220,
        3.937008 -0.677165 -0.236220,
        3.976378 -0.530234 -0.236220,
        4.005199 -0.559055 -0.236220,
        4.015748 -0.598425 -0.236220,
        3.897638 -0.530234 -0.236220,
        3.937008 -0.519685 -0.236220,
        -3.851769 -0.549213 -0.157480,
        -3.887795 -0.513187 -0.157480,
        -3.937008 -0.500000 -0.157480,
        -3.986220 -0.513187 -0.157480,
        -4.022246 -0.549213 -0.157480,
        -4.035433 -0.598425 -0.157480,
        -4.022246 -0.647638 -0.157480,
        -3.986220 -0.683664 -0.157480,
        -3.937008 -0.696850 -0.157480,
        -3.887795 -0.683664 -0.157480,
        -3.851769 -0.647638 -0.157480,
        -3.838583 -0.598425 -0.157480,
        -3.946851 -0.615473 -0.236220,
        -3.954056 -0.608268 -0.236220,
        -3.937008 -0.598425 -0.236220,
        -3.956693 -0.598425 -0.236220,
        -3.954056 -0.588583 -0.236220,
        -3.919960 -0.608268 -0.236220,
        -3.927165 -0.615473 -0.236220,
        -3.937008 -0.618110 -0.236220,
        -3.927165 -0.581378 -0.236220,
        -3.919960 -0.588583 -0.236220,
        -3.917323 -0.598425 -0.236220,
        -3.946851 -0.581378 -0.236220,
        -3.937008 -0.578740 -0.236220,
        -3.805607 1.011184 0.039370,
        -3.622047 1.011184 0.098304,
        -0.866142 1.011184 0.098304,
        -3.464567 1.011184 0.098304,
        -0.669291 1.011184 0.098304,
        1.692913 1.011184 0.098304,
        1.850394 1.011184 0.098304,
        -3.690945 1.011184 0.118110,
        -3.661417 1.011184 0.098304,
        -3.267717 1.011184 0.098304,
        -3.228346 1.011184 0.098304,
        1.889764 1.011184 0.098304,
        2.834646 1.011184 0.098304,
        -3.425197 1.011184 0.098304,
        -0.472441 1.011184 0.098304,
        -0.511811 1.011184 0.098304,
        2.874016 1.011184 0.098304,
        3.031496 1.011184 0.098304,
        3.070866 1.011184 0.098304,
        3.228346 1.011184 0.098304,
        3.267717 1.011184 0.098304,
        -3.070866 1.011184 0.098304,
        -0.905512 1.011184 0.098304,
        -0.708661 1.011184 0.098304,
        -0.314961 1.011184 0.098304,
        -0.275591 1.011184 0.098304,
        1.653543 1.011184 0.098304,
        3.425197 1.011184 0.098304,
        -3.031496 1.011184 0.098304,
        -2.834646 1.011184 0.098304,
        3.661417 1.011184 0.098304,
        -0.078740 1.011184 0.098304,
        0.078740 1.011184 0.098304,
        3.464567 1.011184 0.098304,
        -2.677165 1.011184 0.098304,
        -2.637795 1.011184 0.098304,
        3.805607 1.011184 0.039370,
        3.622047 1.011184 0.098304,
        -2.874016 1.011184 0.098304,
        0.314961 1.011184 0.098304,
        -2.480315 1.011184 0.098304,
        -2.440945 1.011184 0.098304,
        0.472441 1.011184 0.098304,
        -2.283465 1.011184 0.098304,
        0.708661 1.011184 0.098304,
        -2.244094 1.011184 0.098304,
        0.905512 1.011184 0.098304,
        -2.086614 1.011184 0.098304,
        0.866142 1.011184 0.098304,
        1.102362 1.011184 0.098304,
        1.062992 1.011184 0.098304,
        1.259843 1.011184 0.098304,
        -2.047244 1.011184 0.098304,
        1.496063 1.011184 0.098304,
        1.299213 1.011184 0.098304,
        -1.692913 1.011184 0.098304,
        -1.653543 1.011184 0.098304,
        -1.850394 1.011184 0.098304,
        0.511811 1.011184 0.098304,
        1.456693 1.011184 0.098304,
        -1.889764 1.011184 0.098304,
        0.118110 1.011184 0.098304,
        0.669291 1.011184 0.098304,
        -1.456693 1.011184 0.098304,
        -0.118110 1.011184 0.098304,
        0.275591 1.011184 0.098304,
        -1.496063 1.011184 0.098304,
        -1.259843 1.011184 0.098304,
        -1.299213 1.011184 0.098304,
        -1.102362 1.011184 0.098304,
        -1.062992 1.011184 0.098304,
        -4.035433 1.057290 0.118110,
        -4.114173 1.057290 0.118110,
        -3.805607 0.668948 0.039370,
        3.805607 0.668948 0.039370,
        -3.690945 1.011184 3.184898,
        -3.622047 1.011184 3.069293,
        -3.661417 1.011184 3.069293,
        -3.592520 1.011184 3.184898,
      ]
    }
    coordIndex [
      399, 398, 401, -1,
      401, 398, 402, -1,
      430, 413, 431, -1,
      431, 413, 414, -1,
      431, 417, 430, -1,
      430, 417, 416, -1,
      412, 413, 415, -1,
      415, 413, 430, -1,
      415, 430, 416, -1,
      414, 403, 431, -1,
      431, 403, 404, -1,
      431, 404, 417, -1,
      43, 25, 408, -1,
      408, 25, 26, -1,
      15, 18, 406, -1,
      15, 406, 24, -1,
      26, 27, 408, -1,
      408, 27, 30, -1,
      408, 30, 406, -1,
      406, 30, 41, -1,
      406, 41, 24, -1,
      406, 331, 332, -1,
      265, 266, 400, -1,
      400, 266, 395, -1,
      340, 323, 324, -1,
      341, 342, 408, -1,
      332, 397, 406, -1,
      406, 397, 400, -1,
      406, 400, 408, -1,
      408, 400, 395, -1,
      408, 395, 396, -1,
      267, 268, 396, -1,
      396, 268, 393, -1,
      396, 393, 408, -1,
      408, 393, 394, -1,
      269, 270, 394, -1,
      394, 270, 391, -1,
      394, 391, 408, -1,
      408, 391, 392, -1,
      272, 271, 392, -1,
      392, 271, 335, -1,
      392, 335, 408, -1,
      408, 335, 336, -1,
      327, 328, 336, -1,
      336, 328, 337, -1,
      336, 337, 408, -1,
      408, 337, 338, -1,
      325, 326, 338, -1,
      338, 326, 339, -1,
      338, 339, 408, -1,
      408, 339, 340, -1,
      408, 340, 341, -1,
      341, 340, 324, -1,
      354, 309, 310, -1,
      321, 322, 342, -1,
      342, 322, 343, -1,
      342, 343, 408, -1,
      408, 343, 344, -1,
      319, 320, 344, -1,
      344, 320, 345, -1,
      344, 345, 408, -1,
      408, 345, 346, -1,
      317, 318, 346, -1,
      346, 318, 347, -1,
      346, 347, 408, -1,
      408, 347, 348, -1,
      360, 303, 304, -1,
      315, 316, 348, -1,
      348, 316, 349, -1,
      348, 349, 408, -1,
      408, 349, 350, -1,
      313, 314, 350, -1,
      350, 314, 351, -1,
      350, 351, 408, -1,
      408, 351, 352, -1,
      408, 355, 356, -1,
      310, 355, 354, -1,
      354, 355, 408, -1,
      354, 408, 353, -1,
      353, 408, 352, -1,
      353, 352, 312, -1,
      312, 352, 311, -1,
      307, 308, 356, -1,
      356, 308, 357, -1,
      356, 357, 408, -1,
      408, 357, 358, -1,
      366, 297, 298, -1,
      361, 362, 408, -1,
      304, 361, 360, -1,
      360, 361, 408, -1,
      360, 408, 359, -1,
      359, 408, 358, -1,
      359, 358, 306, -1,
      306, 358, 305, -1,
      367, 368, 408, -1,
      370, 293, 294, -1,
      301, 302, 362, -1,
      362, 302, 363, -1,
      362, 363, 408, -1,
      408, 363, 364, -1,
      299, 300, 364, -1,
      364, 300, 365, -1,
      364, 365, 408, -1,
      408, 365, 366, -1,
      408, 366, 367, -1,
      367, 366, 298, -1,
      371, 372, 408, -1,
      374, 289, 290, -1,
      294, 371, 370, -1,
      370, 371, 408, -1,
      370, 408, 369, -1,
      369, 408, 368, -1,
      369, 368, 296, -1,
      296, 368, 295, -1,
      375, 376, 408, -1,
      291, 292, 372, -1,
      372, 292, 373, -1,
      372, 373, 408, -1,
      408, 373, 374, -1,
      408, 374, 375, -1,
      375, 374, 290, -1,
      380, 283, 284, -1,
      381, 382, 408, -1,
      287, 288, 376, -1,
      376, 288, 377, -1,
      376, 377, 408, -1,
      408, 377, 378, -1,
      284, 381, 380, -1,
      380, 381, 408, -1,
      380, 408, 379, -1,
      379, 408, 378, -1,
      379, 378, 286, -1,
      286, 378, 285, -1,
      384, 279, 280, -1,
      385, 386, 408, -1,
      280, 385, 384, -1,
      384, 385, 408, -1,
      384, 408, 383, -1,
      383, 408, 382, -1,
      383, 382, 282, -1,
      282, 382, 281, -1,
      388, 275, 276, -1,
      389, 390, 408, -1,
      276, 389, 388, -1,
      388, 389, 408, -1,
      388, 408, 387, -1,
      387, 408, 386, -1,
      387, 386, 278, -1,
      278, 386, 277, -1,
      329, 330, 334, -1,
      334, 330, 408, -1,
      334, 408, 333, -1,
      333, 408, 390, -1,
      333, 390, 274, -1,
      274, 390, 273, -1,
      432, 17, 433, -1,
      433, 17, 16, -1,
      433, 16, 434, -1,
      434, 16, 14, -1,
      434, 14, 435, -1,
      14, 13, 435, -1,
      435, 13, 10, -1,
      435, 10, 436, -1,
      436, 10, 11, -1,
      436, 11, 437, -1,
      437, 11, 12, -1,
      437, 12, 438, -1,
      438, 12, 8, -1,
      438, 8, 439, -1,
      439, 8, 7, -1,
      439, 7, 440, -1,
      440, 7, 9, -1,
      440, 9, 441, -1,
      441, 9, 6, -1,
      441, 6, 442, -1,
      442, 6, 5, -1,
      442, 5, 443, -1,
      443, 5, 20, -1,
      443, 20, 432, -1,
      432, 20, 19, -1,
      432, 19, 17, -1,
      444, 445, 446, -1,
      446, 445, 447, -1,
      446, 447, 448, -1,
      449, 450, 446, -1,
      446, 450, 451, -1,
      446, 451, 444, -1,
      452, 453, 446, -1,
      446, 453, 454, -1,
      446, 454, 449, -1,
      448, 455, 446, -1,
      446, 455, 456, -1,
      446, 456, 452, -1,
      29, 457, 35, -1,
      35, 457, 458, -1,
      35, 458, 36, -1,
      36, 458, 459, -1,
      36, 459, 37, -1,
      37, 459, 460, -1,
      37, 460, 38, -1,
      38, 460, 461, -1,
      38, 461, 39, -1,
      39, 461, 462, -1,
      39, 462, 40, -1,
      40, 462, 463, -1,
      40, 463, 31, -1,
      31, 463, 464, -1,
      31, 464, 32, -1,
      32, 464, 465, -1,
      32, 465, 33, -1,
      33, 465, 466, -1,
      33, 466, 34, -1,
      34, 466, 467, -1,
      34, 467, 28, -1,
      28, 467, 468, -1,
      28, 468, 29, -1,
      29, 468, 457, -1,
      469, 470, 471, -1,
      471, 470, 472, -1,
      471, 472, 473, -1,
      474, 475, 471, -1,
      471, 475, 476, -1,
      471, 476, 469, -1,
      477, 478, 471, -1,
      471, 478, 479, -1,
      471, 479, 474, -1,
      473, 480, 471, -1,
      471, 480, 481, -1,
      471, 481, 477, -1,
      442, 453, 441, -1,
      441, 453, 452, -1,
      441, 452, 440, -1,
      440, 452, 456, -1,
      440, 456, 439, -1,
      439, 456, 455, -1,
      439, 455, 438, -1,
      438, 455, 448, -1,
      438, 448, 437, -1,
      437, 448, 447, -1,
      437, 447, 436, -1,
      436, 447, 445, -1,
      436, 445, 435, -1,
      435, 445, 444, -1,
      435, 444, 434, -1,
      434, 444, 451, -1,
      434, 451, 433, -1,
      433, 451, 450, -1,
      433, 450, 432, -1,
      432, 450, 449, -1,
      432, 449, 443, -1,
      443, 449, 454, -1,
      443, 454, 442, -1,
      442, 454, 453, -1,
      468, 478, 457, -1,
      457, 478, 477, -1,
      457, 477, 458, -1,
      458, 477, 481, -1,
      458, 481, 459, -1,
      459, 481, 480, -1,
      459, 480, 460, -1,
      460, 480, 473, -1,
      460, 473, 461, -1,
      461, 473, 472, -1,
      461, 472, 462, -1,
      462, 472, 470, -1,
      462, 470, 463, -1,
      463, 470, 469, -1,
      463, 469, 464, -1,
      464, 469, 476, -1,
      464, 476, 465, -1,
      465, 476, 475, -1,
      465, 475, 466, -1,
      466, 475, 474, -1,
      466, 474, 467, -1,
      467, 474, 479, -1,
      467, 479, 468, -1,
      468, 479, 478, -1,
      482, 410, 411, -1,
      221, 140, 139, -1,
      256, 257, 483, -1,
      483, 257, 262, -1,
      141, 142, 484, -1,
      484, 142, 222, -1,
      255, 254, 264, -1,
      264, 254, 485, -1,
      137, 138, 486, -1,
      486, 138, 224, -1,
      89, 90, 487, -1,
      487, 90, 248, -1,
      88, 87, 247, -1,
      247, 87, 488, -1,
      422, 423, 489, -1,
      489, 423, 490, -1,
      411, 489, 482, -1,
      482, 489, 490, -1,
      482, 490, 3, -1,
      3, 490, 483, -1,
      3, 483, 4, -1,
      491, 492, 4, -1,
      488, 493, 44, -1,
      83, 84, 250, -1,
      250, 84, 494, -1,
      193, 194, 495, -1,
      495, 194, 196, -1,
      495, 196, 195, -1,
      496, 23, 497, -1,
      497, 23, 22, -1,
      79, 80, 498, -1,
      498, 80, 81, -1,
      498, 81, 82, -1,
      499, 500, 21, -1,
      21, 500, 501, -1,
      21, 501, 502, -1,
      192, 191, 195, -1,
      195, 191, 491, -1,
      195, 491, 495, -1,
      495, 491, 4, -1,
      495, 4, 485, -1,
      485, 4, 483, -1,
      485, 483, 264, -1,
      264, 483, 262, -1,
      189, 190, 492, -1,
      492, 190, 198, -1,
      85, 86, 493, -1,
      493, 86, 249, -1,
      493, 249, 44, -1,
      72, 71, 76, -1,
      76, 71, 501, -1,
      76, 501, 75, -1,
      75, 501, 500, -1,
      75, 500, 74, -1,
      74, 500, 73, -1,
      67, 68, 502, -1,
      502, 68, 69, -1,
      188, 187, 197, -1,
      197, 187, 503, -1,
      504, 484, 47, -1,
      47, 484, 222, -1,
      47, 222, 22, -1,
      22, 222, 221, -1,
      22, 221, 505, -1,
      505, 221, 139, -1,
      225, 132, 131, -1,
      23, 506, 507, -1,
      23, 508, 44, -1,
      44, 508, 487, -1,
      44, 487, 488, -1,
      488, 487, 248, -1,
      488, 248, 247, -1,
      78, 77, 82, -1,
      82, 77, 499, -1,
      82, 499, 498, -1,
      498, 499, 21, -1,
      498, 21, 494, -1,
      494, 21, 44, -1,
      494, 44, 250, -1,
      250, 44, 249, -1,
      66, 65, 70, -1,
      70, 65, 509, -1,
      185, 186, 510, -1,
      510, 186, 200, -1,
      136, 135, 223, -1,
      223, 135, 497, -1,
      223, 497, 224, -1,
      224, 497, 22, -1,
      224, 22, 486, -1,
      486, 22, 505, -1,
      133, 134, 496, -1,
      496, 134, 226, -1,
      496, 226, 23, -1,
      23, 226, 225, -1,
      23, 225, 506, -1,
      506, 225, 131, -1,
      511, 181, 182, -1,
      49, 48, 512, -1,
      512, 48, 51, -1,
      200, 199, 510, -1,
      510, 199, 4, -1,
      510, 4, 503, -1,
      503, 4, 492, -1,
      503, 492, 197, -1,
      197, 492, 198, -1,
      203, 176, 175, -1,
      125, 126, 513, -1,
      513, 126, 230, -1,
      124, 123, 229, -1,
      229, 123, 514, -1,
      61, 62, 515, -1,
      515, 62, 63, -1,
      515, 63, 64, -1,
      180, 179, 201, -1,
      201, 179, 516, -1,
      201, 516, 202, -1,
      517, 177, 178, -1,
      50, 407, 51, -1,
      51, 407, 518, -1,
      51, 518, 512, -1,
      512, 518, 21, -1,
      512, 21, 519, -1,
      182, 202, 511, -1,
      511, 202, 4, -1,
      511, 4, 520, -1,
      520, 4, 199, -1,
      520, 199, 183, -1,
      183, 199, 184, -1,
      521, 117, 118, -1,
      69, 70, 502, -1,
      502, 70, 509, -1,
      502, 509, 21, -1,
      21, 509, 515, -1,
      21, 515, 519, -1,
      519, 515, 64, -1,
      519, 64, 59, -1,
      59, 64, 60, -1,
      175, 522, 203, -1,
      203, 522, 517, -1,
      203, 517, 204, -1,
      204, 517, 178, -1,
      202, 516, 4, -1,
      4, 516, 517, -1,
      4, 517, 46, -1,
      46, 517, 522, -1,
      46, 522, 523, -1,
      173, 174, 523, -1,
      523, 174, 206, -1,
      116, 115, 233, -1,
      233, 115, 524, -1,
      233, 524, 234, -1,
      172, 171, 205, -1,
      205, 171, 525, -1,
      526, 109, 110, -1,
      169, 170, 527, -1,
      527, 170, 208, -1,
      528, 105, 106, -1,
      168, 167, 207, -1,
      207, 167, 529, -1,
      108, 107, 237, -1,
      237, 107, 530, -1,
      237, 530, 238, -1,
      101, 102, 531, -1,
      531, 102, 242, -1,
      104, 103, 239, -1,
      239, 103, 532, -1,
      239, 532, 240, -1,
      100, 99, 241, -1,
      241, 99, 533, -1,
      165, 166, 534, -1,
      534, 166, 210, -1,
      534, 210, 209, -1,
      93, 94, 535, -1,
      535, 94, 246, -1,
      535, 246, 245, -1,
      97, 98, 536, -1,
      536, 98, 244, -1,
      536, 244, 243, -1,
      537, 538, 46, -1,
      161, 162, 539, -1,
      539, 162, 212, -1,
      539, 212, 211, -1,
      113, 114, 540, -1,
      540, 114, 236, -1,
      540, 236, 235, -1,
      92, 91, 245, -1,
      245, 91, 508, -1,
      245, 508, 535, -1,
      535, 508, 23, -1,
      535, 23, 541, -1,
      160, 159, 211, -1,
      211, 159, 537, -1,
      211, 537, 539, -1,
      539, 537, 46, -1,
      539, 46, 542, -1,
      206, 205, 523, -1,
      523, 205, 525, -1,
      523, 525, 46, -1,
      46, 525, 527, -1,
      213, 156, 155, -1,
      121, 122, 543, -1,
      543, 122, 232, -1,
      543, 232, 231, -1,
      96, 95, 243, -1,
      243, 95, 541, -1,
      243, 541, 536, -1,
      536, 541, 23, -1,
      536, 23, 533, -1,
      208, 207, 527, -1,
      527, 207, 529, -1,
      527, 529, 46, -1,
      46, 529, 534, -1,
      46, 534, 542, -1,
      542, 534, 209, -1,
      542, 209, 163, -1,
      163, 209, 164, -1,
      23, 544, 526, -1,
      153, 154, 545, -1,
      545, 154, 216, -1,
      128, 127, 227, -1,
      227, 127, 546, -1,
      227, 546, 228, -1,
      23, 547, 521, -1,
      118, 234, 521, -1,
      521, 234, 524, -1,
      521, 524, 23, -1,
      23, 524, 540, -1,
      23, 540, 544, -1,
      544, 540, 235, -1,
      544, 235, 111, -1,
      111, 235, 112, -1,
      110, 238, 526, -1,
      526, 238, 530, -1,
      526, 530, 23, -1,
      23, 530, 528, -1,
      106, 240, 528, -1,
      528, 240, 532, -1,
      528, 532, 23, -1,
      23, 532, 531, -1,
      23, 531, 533, -1,
      533, 531, 242, -1,
      533, 242, 241, -1,
      129, 130, 507, -1,
      507, 130, 228, -1,
      507, 228, 23, -1,
      23, 228, 546, -1,
      23, 546, 513, -1,
      230, 229, 513, -1,
      513, 229, 514, -1,
      513, 514, 23, -1,
      23, 514, 543, -1,
      23, 543, 547, -1,
      547, 543, 231, -1,
      547, 231, 119, -1,
      119, 231, 120, -1,
      155, 548, 213, -1,
      213, 548, 46, -1,
      213, 46, 214, -1,
      214, 46, 538, -1,
      214, 538, 158, -1,
      158, 538, 157, -1,
      549, 47, 550, -1,
      550, 47, 46, -1,
      217, 148, 147, -1,
      152, 151, 215, -1,
      215, 151, 550, -1,
      215, 550, 216, -1,
      216, 550, 46, -1,
      216, 46, 545, -1,
      545, 46, 548, -1,
      147, 551, 217, -1,
      217, 551, 47, -1,
      217, 47, 218, -1,
      218, 47, 549, -1,
      218, 549, 150, -1,
      150, 549, 149, -1,
      145, 146, 552, -1,
      552, 146, 220, -1,
      144, 143, 219, -1,
      219, 143, 504, -1,
      219, 504, 220, -1,
      220, 504, 47, -1,
      220, 47, 552, -1,
      552, 47, 551, -1,
      553, 58, 57, -1,
      411, 53, 52, -1,
      52, 554, 411, -1,
      411, 554, 553, -1,
      411, 553, 489, -1,
      489, 553, 57, -1,
      555, 482, 2, -1,
      2, 482, 3, -1,
      555, 409, 482, -1,
      482, 409, 410, -1,
      42, 409, 45, -1,
      45, 409, 555, -1,
      45, 555, 2, -1,
      0, 21, 556, -1,
      556, 21, 518, -1,
      405, 556, 407, -1,
      407, 556, 518, -1,
      1, 0, 405, -1,
      405, 0, 556, -1,
      262, 257, 263, -1,
      263, 257, 258, -1,
      252, 251, 261, -1,
      261, 251, 253, -1,
      422, 489, 57, -1,
      57, 55, 424, -1,
      424, 55, 557, -1,
      418, 420, 421, -1,
      421, 422, 418, -1,
      418, 422, 57, -1,
      418, 57, 428, -1,
      428, 57, 424, -1,
      428, 424, 427, -1,
      427, 424, 426, -1,
      419, 418, 429, -1,
      429, 418, 428, -1,
      260, 259, 558, -1,
      425, 424, 559, -1,
      559, 424, 557, -1,
      559, 557, 558, -1,
      558, 557, 560, -1,
      558, 560, 260, -1,
      54, 56, 560, -1,
      560, 56, 260, -1,
      54, 560, 55, -1,
      55, 560, 557, -1,
    ]
  }
}

Shape {
  appearance Appearance {
    material Material {
      diffuseColor 0.7529 0.7529 0.7529
      specularColor 0.3765 0.3765 0.3765
      ambientIntensity 0.2
      transparency 0.0000
      shininess 0.5
    }
  }
  geometry IndexedFaceSet {
    ccw TRUE
    solid FALSE
    coord DEF co Coordinate {
      point [
        -3.622047 0.950310 1.067770,
        -3.622047 1.011184 1.067770,
        -3.622047 0.950310 0.647687,
        -3.622047 1.011184 0.647687,
        -3.622047 0.950310 2.082118,
        -3.622047 1.011184 2.082118,
        -3.622047 0.950310 1.633858,
        -3.622047 1.011184 1.633858,
        -3.661417 1.011184 1.067770,
        -3.661417 0.950310 1.067770,
        -3.661417 0.950310 0.647687,
        -3.661417 1.011184 0.647687,
        -3.661417 1.011184 2.082118,
        -3.661417 0.950310 2.082118,
        -3.661417 0.950310 1.633858,
        -3.661417 1.011184 1.633858,
        -3.622047 1.011184 0.098304,
        -3.661417 1.011184 0.098304,
        -3.622047 1.011184 3.069293,
        -3.661417 1.011184 3.069293,
        -3.661417 1.107046 0.118110,
        -3.622047 1.107046 0.118110,
        -3.622047 1.161417 3.069293,
        -3.661417 1.161417 3.069293,
        -3.661417 1.346633 0.019685,
        -3.661417 1.346633 -0.019685,
        -3.661417 1.161417 0.019685,
        -3.661417 1.107046 -0.019685,
        -3.622047 1.346633 -0.019685,
        -3.622047 1.346633 0.019685,
        -3.622047 1.107046 -0.019685,
        -3.622047 1.161417 0.019685,
      ]
    }
    coordIndex [
      17, 20, 16, -1,
      16, 20, 21, -1,
      18, 22, 19, -1,
      19, 22, 23, -1,
      12, 19, 23, -1,
      24, 25, 26, -1,
      26, 25, 27, -1,
      26, 27, 20, -1,
      17, 11, 20, -1,
      20, 11, 23, -1,
      20, 23, 26, -1,
      15, 14, 13, -1,
      13, 12, 15, -1,
      15, 12, 23, -1,
      15, 23, 8, -1,
      8, 23, 11, -1,
      8, 11, 9, -1,
      9, 11, 10, -1,
      3, 16, 21, -1,
      28, 29, 30, -1,
      30, 29, 31, -1,
      30, 31, 21, -1,
      21, 31, 22, -1,
      21, 22, 5, -1,
      5, 22, 18, -1,
      1, 0, 2, -1,
      2, 3, 1, -1,
      1, 3, 21, -1,
      1, 21, 7, -1,
      7, 21, 5, -1,
      7, 5, 6, -1,
      6, 5, 4, -1,
      26, 23, 31, -1,
      31, 23, 22, -1,
      24, 26, 29, -1,
      29, 26, 31, -1,
      25, 24, 28, -1,
      28, 24, 29, -1,
      27, 25, 30, -1,
      30, 25, 28, -1,
      20, 27, 21, -1,
      21, 27, 30, -1,
    ]
  }
}

Shape {
  appearance Appearance {
    material Material {
      diffuseColor 0.1490 0.1490 0.1490
      specularColor 0.0745 0.0745 0.0745
      ambientIntensity 0.2
      transparency 0.0000
      shininess 0.5
    }
  }
  geometry IndexedFaceSet {
    ccw TRUE
    solid FALSE
    coord DEF co Coordinate {
      point [
        -2.903543 1.161417 3.184898,
        -2.903543 1.161417 2.082118,
        -3.001969 1.161417 2.082118,
        -3.494094 1.161417 3.184898,
        -3.494094 1.161417 2.082118,
        -1.033465 1.161417 2.082118,
        -1.033465 1.161417 3.184898,
        -1.131890 1.161417 3.184898,
        -1.131890 1.161417 2.082118,
        -1.230315 1.161417 2.082118,
        -1.230315 1.161417 3.184898,
        -1.328740 1.161417 3.184898,
        -1.328740 1.161417 2.082118,
        -1.427165 1.161417 2.082118,
        -1.427165 1.161417 3.184898,
        -1.525591 1.161417 3.184898,
        -1.525591 1.161417 2.082118,
        -1.624016 1.161417 2.082118,
        -1.624016 1.161417 3.184898,
        -1.722441 1.161417 3.184898,
        -1.722441 1.161417 2.082118,
        -1.820866 1.161417 2.082118,
        -1.820866 1.161417 3.184898,
        -1.919291 1.161417 3.184898,
        -1.919291 1.161417 2.082118,
        -2.017717 1.161417 2.082118,
        -2.017717 1.161417 3.184898,
        -2.116142 1.161417 3.184898,
        -2.116142 1.161417 2.082118,
        -2.214567 1.161417 2.082118,
        -2.214567 1.161417 3.184898,
        -2.312992 1.161417 3.184898,
        -2.312992 1.161417 2.082118,
        -2.411417 1.161417 2.082118,
        -2.411417 1.161417 3.184898,
        -2.509843 1.161417 3.184898,
        -2.509843 1.161417 2.082118,
        -2.608268 1.161417 2.082118,
        -2.608268 1.161417 3.184898,
        -2.706693 1.161417 3.184898,
        -3.001969 1.161417 3.184898,
        -3.100394 1.161417 3.184898,
        -2.805118 1.161417 3.184898,
        -2.805118 1.161417 2.082118,
        -2.706693 1.161417 2.082118,
        -3.100394 1.161417 2.082118,
        -3.198819 1.161417 2.082118,
        -3.198819 1.161417 3.184898,
        -3.297244 1.161417 3.184898,
        -3.395669 1.161417 3.184898,
        -3.395669 1.161417 2.082118,
        -3.297244 1.161417 2.082118,
        1.919291 1.161417 3.184898,
        1.820866 1.161417 3.184898,
        1.919291 1.161417 2.082118,
        1.427165 1.161417 3.184898,
        1.427165 1.161417 2.082118,
        1.328740 1.161417 2.082118,
        1.328740 1.161417 3.184898,
        1.230315 1.161417 3.184898,
        1.033465 1.161417 3.184898,
        1.033465 1.161417 2.082118,
        0.935039 1.161417 2.082118,
        1.820866 1.161417 2.082118,
        1.722441 1.161417 2.082118,
        1.722441 1.161417 3.184898,
        1.624016 1.161417 3.184898,
        1.624016 1.161417 2.082118,
        1.525591 1.161417 2.082118,
        1.525591 1.161417 3.184898,
        0.935039 1.161417 3.184898,
        0.836614 1.161417 3.184898,
        1.230315 1.161417 2.082118,
        1.131890 1.161417 2.082118,
        1.131890 1.161417 3.184898,
        0.639764 1.161417 3.184898,
        0.639764 1.161417 2.082118,
        0.541339 1.161417 2.082118,
        0.541339 1.161417 3.184898,
        0.442913 1.161417 3.184898,
        0.738189 1.161417 3.184898,
        0.738189 1.161417 2.082118,
        0.836614 1.161417 2.082118,
        0.246063 1.161417 3.184898,
        0.246063 1.161417 2.082118,
        0.147638 1.161417 2.082118,
        0.147638 1.161417 3.184898,
        0.049213 1.161417 3.184898,
        0.344488 1.161417 3.184898,
        0.344488 1.161417 2.082118,
        0.442913 1.161417 2.082118,
        -0.147638 1.161417 3.184898,
        -0.147638 1.161417 2.082118,
        -0.246063 1.161417 2.082118,
        -0.246063 1.161417 3.184898,
        -0.344488 1.161417 3.184898,
        -0.049213 1.161417 3.184898,
        -0.049213 1.161417 2.082118,
        0.049213 1.161417 2.082118,
        -0.541339 1.161417 3.184898,
        -0.541339 1.161417 2.082118,
        -0.639764 1.161417 2.082118,
        -0.639764 1.161417 3.184898,
        -0.738189 1.161417 3.184898,
        -0.442913 1.161417 3.184898,
        -0.442913 1.161417 2.082118,
        -0.344488 1.161417 2.082118,
        -0.935039 1.161417 2.082118,
        -0.935039 1.161417 3.184898,
        -0.836614 1.161417 3.184898,
        -0.836614 1.161417 2.082118,
        -0.738189 1.161417 2.082118,
        1.919291 1.161417 1.067770,
        1.919291 1.161417 1.633858,
        1.919291 1.011184 1.067770,
        1.919291 1.011184 0.647687,
        1.919291 1.161417 0.647687,
        1.889764 1.011184 2.082118,
        1.919291 1.011184 2.082118,
        1.919291 1.011184 1.633858,
        1.722441 1.011184 1.067770,
        1.850394 1.011184 1.067770,
        1.820866 1.011184 1.067770,
        1.820866 1.161417 1.067770,
        1.722441 1.161417 1.067770,
        1.820866 1.011184 0.647687,
        1.722441 1.011184 0.647687,
        1.722441 1.161417 0.647687,
        1.820866 1.161417 0.647687,
        1.692913 1.011184 2.082118,
        1.722441 1.011184 2.082118,
        1.850394 1.011184 2.082118,
        1.820866 1.011184 2.082118,
        1.850394 1.011184 1.633858,
        1.820866 1.011184 1.633858,
        1.722441 1.011184 1.633858,
        1.722441 1.161417 1.633858,
        1.820866 1.161417 1.633858,
        1.525591 1.011184 1.067770,
        1.653543 1.011184 1.067770,
        1.624016 1.011184 1.067770,
        1.624016 1.161417 1.067770,
        1.525591 1.161417 1.067770,
        1.624016 1.011184 0.647687,
        1.525591 1.011184 0.647687,
        1.525591 1.161417 0.647687,
        1.624016 1.161417 0.647687,
        1.496063 1.011184 2.082118,
        1.525591 1.011184 2.082118,
        1.653543 1.011184 2.082118,
        1.624016 1.011184 2.082118,
        1.653543 1.011184 1.633858,
        1.624016 1.011184 1.633858,
        1.525591 1.011184 1.633858,
        1.525591 1.161417 1.633858,
        1.624016 1.161417 1.633858,
        1.328740 1.011184 1.067770,
        1.456693 1.011184 1.067770,
        1.427165 1.011184 1.067770,
        1.427165 1.161417 1.067770,
        1.328740 1.161417 1.067770,
        1.427165 1.011184 0.647687,
        1.328740 1.011184 0.647687,
        1.328740 1.161417 0.647687,
        1.427165 1.161417 0.647687,
        1.299213 1.011184 2.082118,
        1.328740 1.011184 2.082118,
        1.456693 1.011184 2.082118,
        1.427165 1.011184 2.082118,
        1.456693 1.011184 1.633858,
        1.427165 1.011184 1.633858,
        1.328740 1.011184 1.633858,
        1.328740 1.161417 1.633858,
        1.427165 1.161417 1.633858,
        1.131890 1.011184 1.067770,
        1.259843 1.011184 1.067770,
        1.230315 1.011184 1.067770,
        1.230315 1.161417 1.067770,
        1.131890 1.161417 1.067770,
        1.230315 1.011184 0.647687,
        1.131890 1.011184 0.647687,
        1.131890 1.161417 0.647687,
        1.230315 1.161417 0.647687,
        1.102362 1.011184 2.082118,
        1.131890 1.011184 2.082118,
        1.259843 1.011184 2.082118,
        1.230315 1.011184 2.082118,
        1.259843 1.011184 1.633858,
        1.230315 1.011184 1.633858,
        1.131890 1.011184 1.633858,
        1.131890 1.161417 1.633858,
        1.230315 1.161417 1.633858,
        0.935039 1.011184 1.067770,
        1.062992 1.011184 1.067770,
        1.033465 1.011184 1.067770,
        1.033465 1.161417 1.067770,
        0.935039 1.161417 1.067770,
        1.033465 1.011184 0.647687,
        0.935039 1.011184 0.647687,
        0.935039 1.161417 0.647687,
        1.033465 1.161417 0.647687,
        0.905512 1.011184 2.082118,
        0.935039 1.011184 2.082118,
        1.062992 1.011184 2.082118,
        1.033465 1.011184 2.082118,
        1.062992 1.011184 1.633858,
        1.033465 1.011184 1.633858,
        0.935039 1.011184 1.633858,
        0.935039 1.161417 1.633858,
        1.033465 1.161417 1.633858,
        0.738189 1.011184 1.067770,
        0.866142 1.011184 1.067770,
        0.836614 1.011184 1.067770,
        0.836614 1.161417 1.067770,
        0.738189 1.161417 1.067770,
        0.836614 1.011184 0.647687,
        0.738189 1.011184 0.647687,
        0.738189 1.161417 0.647687,
        0.836614 1.161417 0.647687,
        0.708661 1.011184 2.082118,
        0.738189 1.011184 2.082118,
        0.866142 1.011184 2.082118,
        0.836614 1.011184 2.082118,
        0.866142 1.011184 1.633858,
        0.836614 1.011184 1.633858,
        0.738189 1.011184 1.633858,
        0.738189 1.161417 1.633858,
        0.836614 1.161417 1.633858,
        0.541339 1.011184 1.067770,
        0.669291 1.011184 1.067770,
        0.639764 1.011184 1.067770,
        0.639764 1.161417 1.067770,
        0.541339 1.161417 1.067770,
        0.639764 1.011184 0.647687,
        0.541339 1.011184 0.647687,
        0.541339 1.161417 0.647687,
        0.639764 1.161417 0.647687,
        0.511811 1.011184 2.082118,
        0.541339 1.011184 2.082118,
        0.669291 1.011184 2.082118,
        0.639764 1.011184 2.082118,
        0.669291 1.011184 1.633858,
        0.639764 1.011184 1.633858,
        0.541339 1.011184 1.633858,
        0.541339 1.161417 1.633858,
        0.639764 1.161417 1.633858,
        0.442913 1.011184 1.067770,
        0.472441 1.011184 1.067770,
        0.344488 1.011184 1.067770,
        0.344488 1.161417 1.067770,
        0.442913 1.161417 1.067770,
        0.442913 1.011184 0.647687,
        0.344488 1.011184 0.647687,
        0.344488 1.161417 0.647687,
        0.442913 1.161417 0.647687,
        0.314961 1.011184 2.082118,
        0.344488 1.011184 2.082118,
        0.472441 1.011184 2.082118,
        0.442913 1.011184 2.082118,
        0.472441 1.011184 1.633858,
        0.442913 1.011184 1.633858,
        0.344488 1.011184 1.633858,
        0.344488 1.161417 1.633858,
        0.442913 1.161417 1.633858,
        0.246063 1.011184 1.067770,
        0.275591 1.011184 1.067770,
        0.147638 1.011184 1.067770,
        0.147638 1.161417 1.067770,
        0.246063 1.161417 1.067770,
        0.246063 1.011184 0.647687,
        0.147638 1.011184 0.647687,
        0.147638 1.161417 0.647687,
        0.246063 1.161417 0.647687,
        0.118110 1.011184 2.082118,
        0.147638 1.011184 2.082118,
        0.275591 1.011184 2.082118,
        0.246063 1.011184 2.082118,
        0.275591 1.011184 1.633858,
        0.246063 1.011184 1.633858,
        0.147638 1.011184 1.633858,
        0.147638 1.161417 1.633858,
        0.246063 1.161417 1.633858,
        0.049213 1.011184 1.067770,
        0.078740 1.011184 1.067770,
        -0.049213 1.011184 1.067770,
        -0.049213 1.161417 1.067770,
        0.049213 1.161417 1.067770,
        0.049213 1.011184 0.647687,
        -0.049213 1.011184 0.647687,
        -0.049213 1.161417 0.647687,
        0.049213 1.161417 0.647687,
        -0.078740 1.011184 2.082118,
        -0.049213 1.011184 2.082118,
        0.078740 1.011184 2.082118,
        0.049213 1.011184 2.082118,
        0.078740 1.011184 1.633858,
        0.049213 1.011184 1.633858,
        -0.049213 1.011184 1.633858,
        -0.049213 1.161417 1.633858,
        0.049213 1.161417 1.633858,
        -0.246063 1.011184 1.067770,
        -0.118110 1.011184 1.067770,
        -0.147638 1.011184 1.067770,
        -0.147638 1.161417 1.067770,
        -0.246063 1.161417 1.067770,
        -0.147638 1.011184 0.647687,
        -0.246063 1.011184 0.647687,
        -0.246063 1.161417 0.647687,
        -0.147638 1.161417 0.647687,
        -0.275591 1.011184 2.082118,
        -0.246063 1.011184 2.082118,
        -0.118110 1.011184 2.082118,
        -0.147638 1.011184 2.082118,
        -0.118110 1.011184 1.633858,
        -0.147638 1.011184 1.633858,
        -0.246063 1.011184 1.633858,
        -0.246063 1.161417 1.633858,
        -0.147638 1.161417 1.633858,
        -0.442913 1.011184 1.067770,
        -0.314961 1.011184 1.067770,
        -0.344488 1.011184 1.067770,
        -0.344488 1.161417 1.067770,
        -0.442913 1.161417 1.067770,
        -0.344488 1.011184 0.647687,
        -0.442913 1.011184 0.647687,
        -0.442913 1.161417 0.647687,
        -0.344488 1.161417 0.647687,
        -0.472441 1.011184 2.082118,
        -0.442913 1.011184 2.082118,
        -0.314961 1.011184 2.082118,
        -0.344488 1.011184 2.082118,
        -0.314961 1.011184 1.633858,
        -0.344488 1.011184 1.633858,
        -0.442913 1.011184 1.633858,
        -0.442913 1.161417 1.633858,
        -0.344488 1.161417 1.633858,
        -0.639764 1.011184 1.067770,
        -0.511811 1.011184 1.067770,
        -0.541339 1.011184 1.067770,
        -0.541339 1.161417 1.067770,
        -0.639764 1.161417 1.067770,
        -0.541339 1.011184 0.647687,
        -0.639764 1.011184 0.647687,
        -0.639764 1.161417 0.647687,
        -0.541339 1.161417 0.647687,
        -0.669291 1.011184 2.082118,
        -0.639764 1.011184 2.082118,
        -0.511811 1.011184 2.082118,
        -0.541339 1.011184 2.082118,
        -0.511811 1.011184 1.633858,
        -0.541339 1.011184 1.633858,
        -0.639764 1.011184 1.633858,
        -0.639764 1.161417 1.633858,
        -0.541339 1.161417 1.633858,
        -0.836614 1.011184 1.067770,
        -0.708661 1.011184 1.067770,
        -0.738189 1.011184 1.067770,
        -0.738189 1.161417 1.067770,
        -0.836614 1.161417 1.067770,
        -0.738189 1.011184 0.647687,
        -0.836614 1.011184 0.647687,
        -0.836614 1.161417 0.647687,
        -0.738189 1.161417 0.647687,
        -0.866142 1.011184 2.082118,
        -0.836614 1.011184 2.082118,
        -0.708661 1.011184 2.082118,
        -0.738189 1.011184 2.082118,
        -0.708661 1.011184 1.633858,
        -0.738189 1.011184 1.633858,
        -0.836614 1.011184 1.633858,
        -0.836614 1.161417 1.633858,
        -0.738189 1.161417 1.633858,
        -1.033465 1.011184 1.067770,
        -0.905512 1.011184 1.067770,
        -0.935039 1.011184 1.067770,
        -0.935039 1.161417 1.067770,
        -1.033465 1.161417 1.067770,
        -0.935039 1.011184 0.647687,
        -1.033465 1.011184 0.647687,
        -1.033465 1.161417 0.647687,
        -0.935039 1.161417 0.647687,
        -1.062992 1.011184 2.082118,
        -1.033465 1.011184 2.082118,
        -0.905512 1.011184 2.082118,
        -0.935039 1.011184 2.082118,
        -0.905512 1.011184 1.633858,
        -0.935039 1.011184 1.633858,
        -1.033465 1.011184 1.633858,
        -1.033465 1.161417 1.633858,
        -0.935039 1.161417 1.633858,
        -1.131890 1.011184 1.067770,
        -1.102362 1.011184 1.067770,
        -1.230315 1.011184 1.067770,
        -1.230315 1.161417 1.067770,
        -1.131890 1.161417 1.067770,
        -1.131890 1.011184 0.647687,
        -1.230315 1.011184 0.647687,
        -1.230315 1.161417 0.647687,
        -1.131890 1.161417 0.647687,
        -1.259843 1.011184 2.082118,
        -1.230315 1.011184 2.082118,
        -1.102362 1.011184 2.082118,
        -1.131890 1.011184 2.082118,
        -1.102362 1.011184 1.633858,
        -1.131890 1.011184 1.633858,
        -1.230315 1.011184 1.633858,
        -1.230315 1.161417 1.633858,
        -1.131890 1.161417 1.633858,
        -1.328740 1.011184 1.067770,
        -1.299213 1.011184 1.067770,
        -1.427165 1.011184 1.067770,
        -1.427165 1.161417 1.067770,
        -1.328740 1.161417 1.067770,
        -1.328740 1.011184 0.647687,
        -1.427165 1.011184 0.647687,
        -1.427165 1.161417 0.647687,
        -1.328740 1.161417 0.647687,
        -1.456693 1.011184 2.082118,
        -1.427165 1.011184 2.082118,
        -1.299213 1.011184 2.082118,
        -1.328740 1.011184 2.082118,
        -1.299213 1.011184 1.633858,
        -1.328740 1.011184 1.633858,
        -1.427165 1.011184 1.633858,
        -1.427165 1.161417 1.633858,
        -1.328740 1.161417 1.633858,
        -1.525591 1.011184 1.067770,
        -1.496063 1.011184 1.067770,
        -1.624016 1.011184 1.067770,
        -1.624016 1.161417 1.067770,
        -1.525591 1.161417 1.067770,
        -1.525591 1.011184 0.647687,
        -1.624016 1.011184 0.647687,
        -1.624016 1.161417 0.647687,
        -1.525591 1.161417 0.647687,
        -1.653543 1.011184 2.082118,
        -1.624016 1.011184 2.082118,
        -1.496063 1.011184 2.082118,
        -1.525591 1.011184 2.082118,
        -1.496063 1.011184 1.633858,
        -1.525591 1.011184 1.633858,
        -1.624016 1.011184 1.633858,
        -1.624016 1.161417 1.633858,
        -1.525591 1.161417 1.633858,
        -1.820866 1.011184 1.067770,
        -1.692913 1.011184 1.067770,
        -1.722441 1.011184 1.067770,
        -1.722441 1.161417 1.067770,
        -1.820866 1.161417 1.067770,
        -1.722441 1.011184 0.647687,
        -1.820866 1.011184 0.647687,
        -1.820866 1.161417 0.647687,
        -1.722441 1.161417 0.647687,
        -1.850394 1.011184 2.082118,
        -1.820866 1.011184 2.082118,
        -1.692913 1.011184 2.082118,
        -1.722441 1.011184 2.082118,
        -1.692913 1.011184 1.633858,
        -1.722441 1.011184 1.633858,
        -1.820866 1.011184 1.633858,
        -1.820866 1.161417 1.633858,
        -1.722441 1.161417 1.633858,
        -2.017717 1.011184 1.067770,
        -1.889764 1.011184 1.067770,
        -1.919291 1.011184 1.067770,
        -1.919291 1.161417 1.067770,
        -2.017717 1.161417 1.067770,
        -1.919291 1.011184 0.647687,
        -2.017717 1.011184 0.647687,
        -2.017717 1.161417 0.647687,
        -1.919291 1.161417 0.647687,
        -2.047244 1.011184 2.082118,
        -2.017717 1.011184 2.082118,
        -1.889764 1.011184 2.082118,
        -1.919291 1.011184 2.082118,
        -1.889764 1.011184 1.633858,
        -1.919291 1.011184 1.633858,
        -2.017717 1.011184 1.633858,
        -2.017717 1.161417 1.633858,
        -1.919291 1.161417 1.633858,
        -2.214567 1.011184 1.067770,
        -2.086614 1.011184 1.067770,
        -2.116142 1.011184 1.067770,
        -2.116142 1.161417 1.067770,
        -2.214567 1.161417 1.067770,
        -2.116142 1.011184 0.647687,
        -2.214567 1.011184 0.647687,
        -2.214567 1.161417 0.647687,
        -2.116142 1.161417 0.647687,
        -2.244094 1.011184 2.082118,
        -2.214567 1.011184 2.082118,
        -2.086614 1.011184 2.082118,
        -2.116142 1.011184 2.082118,
        -2.086614 1.011184 1.633858,
        -2.116142 1.011184 1.633858,
        -2.214567 1.011184 1.633858,
        -2.214567 1.161417 1.633858,
        -2.116142 1.161417 1.633858,
        -2.411417 1.011184 1.067770,
        -2.283465 1.011184 1.067770,
        -2.312992 1.011184 1.067770,
        -2.312992 1.161417 1.067770,
        -2.411417 1.161417 1.067770,
        -2.312992 1.011184 0.647687,
        -2.411417 1.011184 0.647687,
        -2.411417 1.161417 0.647687,
        -2.312992 1.161417 0.647687,
        -2.440945 1.011184 2.082118,
        -2.411417 1.011184 2.082118,
        -2.283465 1.011184 2.082118,
        -2.312992 1.011184 2.082118,
        -2.283465 1.011184 1.633858,
        -2.312992 1.011184 1.633858,
        -2.411417 1.011184 1.633858,
        -2.411417 1.161417 1.633858,
        -2.312992 1.161417 1.633858,
        -2.608268 1.011184 1.067770,
        -2.480315 1.011184 1.067770,
        -2.509843 1.011184 1.067770,
        -2.509843 1.161417 1.067770,
        -2.608268 1.161417 1.067770,
        -2.509843 1.011184 0.647687,
        -2.608268 1.011184 0.647687,
        -2.608268 1.161417 0.647687,
        -2.509843 1.161417 0.647687,
        -2.637795 1.011184 2.082118,
        -2.608268 1.011184 2.082118,
        -2.480315 1.011184 2.082118,
        -2.509843 1.011184 2.082118,
        -2.480315 1.011184 1.633858,
        -2.509843 1.011184 1.633858,
        -2.608268 1.011184 1.633858,
        -2.608268 1.161417 1.633858,
        -2.509843 1.161417 1.633858,
        -2.805118 1.011184 1.067770,
        -2.677165 1.011184 1.067770,
        -2.706693 1.011184 1.067770,
        -2.706693 1.161417 1.067770,
        -2.805118 1.161417 1.067770,
        -2.706693 1.011184 0.647687,
        -2.805118 1.011184 0.647687,
        -2.805118 1.161417 0.647687,
        -2.706693 1.161417 0.647687,
        -2.834646 1.011184 2.082118,
        -2.805118 1.011184 2.082118,
        -2.677165 1.011184 2.082118,
        -2.706693 1.011184 2.082118,
        -2.677165 1.011184 1.633858,
        -2.706693 1.011184 1.633858,
        -2.805118 1.011184 1.633858,
        -2.805118 1.161417 1.633858,
        -2.706693 1.161417 1.633858,
        -3.001969 1.011184 1.067770,
        -2.874016 1.011184 1.067770,
        -2.903543 1.011184 1.067770,
        -2.903543 1.161417 1.067770,
        -3.001969 1.161417 1.067770,
        -2.903543 1.011184 0.647687,
        -3.001969 1.011184 0.647687,
        -3.001969 1.161417 0.647687,
        -2.903543 1.161417 0.647687,
        -3.031496 1.011184 2.082118,
        -3.001969 1.011184 2.082118,
        -2.874016 1.011184 2.082118,
        -2.903543 1.011184 2.082118,
        -2.874016 1.011184 1.633858,
        -2.903543 1.011184 1.633858,
        -3.001969 1.011184 1.633858,
        -3.001969 1.161417 1.633858,
        -2.903543 1.161417 1.633858,
        -3.198819 1.011184 1.067770,
        -3.070866 1.011184 1.067770,
        -3.100394 1.011184 1.067770,
        -3.100394 1.161417 1.067770,
        -3.198819 1.161417 1.067770,
        -3.100394 1.011184 0.647687,
        -3.198819 1.011184 0.647687,
        -3.198819 1.161417 0.647687,
        -3.100394 1.161417 0.647687,
        -3.228346 1.011184 2.082118,
        -3.198819 1.011184 2.082118,
        -3.070866 1.011184 2.082118,
        -3.100394 1.011184 2.082118,
        -3.070866 1.011184 1.633858,
        -3.100394 1.011184 1.633858,
        -3.198819 1.011184 1.633858,
        -3.198819 1.161417 1.633858,
        -3.100394 1.161417 1.633858,
        -3.395669 1.011184 1.067770,
        -3.267717 1.011184 1.067770,
        -3.297244 1.011184 1.067770,
        -3.297244 1.161417 1.067770,
        -3.395669 1.161417 1.067770,
        -3.297244 1.011184 0.647687,
        -3.395669 1.011184 0.647687,
        -3.395669 1.161417 0.647687,
        -3.297244 1.161417 0.647687,
        -3.425197 1.011184 2.082118,
        -3.395669 1.011184 2.082118,
        -3.267717 1.011184 2.082118,
        -3.297244 1.011184 2.082118,
        -3.267717 1.011184 1.633858,
        -3.297244 1.011184 1.633858,
        -3.395669 1.011184 1.633858,
        -3.395669 1.161417 1.633858,
        -3.297244 1.161417 1.633858,
        -3.297244 1.161417 0.118110,
        -3.297244 1.011184 0.118110,
        -3.395669 1.161417 0.118110,
        -3.395669 1.011184 0.118110,
        -3.100394 1.161417 0.118110,
        -3.100394 1.011184 0.118110,
        -3.198819 1.161417 0.118110,
        -3.198819 1.011184 0.118110,
        -2.903543 1.161417 0.118110,
        -2.903543 1.011184 0.118110,
        -3.001969 1.161417 0.118110,
        -3.001969 1.011184 0.118110,
        -2.706693 1.161417 0.118110,
        -2.706693 1.011184 0.118110,
        -2.805118 1.161417 0.118110,
        -2.805118 1.011184 0.118110,
        -2.509843 1.161417 0.118110,
        -2.509843 1.011184 0.118110,
        -2.608268 1.161417 0.118110,
        -2.608268 1.011184 0.118110,
        -2.312992 1.161417 0.118110,
        -2.312992 1.011184 0.118110,
        -2.411417 1.161417 0.118110,
        -2.411417 1.011184 0.118110,
        -2.116142 1.161417 0.118110,
        -2.116142 1.011184 0.118110,
        -2.214567 1.161417 0.118110,
        -2.214567 1.011184 0.118110,
        -1.919291 1.161417 0.118110,
        -1.919291 1.011184 0.118110,
        -2.017717 1.161417 0.118110,
        -2.017717 1.011184 0.118110,
        -1.722441 1.161417 0.118110,
        -1.722441 1.011184 0.118110,
        -1.820866 1.161417 0.118110,
        -1.820866 1.011184 0.118110,
        -1.525591 1.161417 0.118110,
        -1.525591 1.011184 0.118110,
        -1.624016 1.161417 0.118110,
        -1.624016 1.011184 0.118110,
        -1.328740 1.161417 0.118110,
        -1.328740 1.011184 0.118110,
        -1.427165 1.161417 0.118110,
        -1.427165 1.011184 0.118110,
        -1.131890 1.161417 0.118110,
        -1.131890 1.011184 0.118110,
        -1.230315 1.161417 0.118110,
        -1.230315 1.011184 0.118110,
        -0.935039 1.161417 0.118110,
        -0.935039 1.011184 0.118110,
        -1.033465 1.161417 0.118110,
        -1.033465 1.011184 0.118110,
        -0.738189 1.161417 0.118110,
        -0.738189 1.011184 0.118110,
        -0.836614 1.161417 0.118110,
        -0.836614 1.011184 0.118110,
        -0.541339 1.161417 0.118110,
        -0.541339 1.011184 0.118110,
        -0.639764 1.161417 0.118110,
        -0.639764 1.011184 0.118110,
        -0.344488 1.161417 0.118110,
        -0.344488 1.011184 0.118110,
        -0.442913 1.161417 0.118110,
        -0.442913 1.011184 0.118110,
        -0.147638 1.161417 0.118110,
        -0.147638 1.011184 0.118110,
        -0.246063 1.161417 0.118110,
        -0.246063 1.011184 0.118110,
        0.049213 1.161417 0.118110,
        0.049213 1.011184 0.118110,
        -0.049213 1.161417 0.118110,
        -0.049213 1.011184 0.118110,
        0.246063 1.161417 0.118110,
        0.246063 1.011184 0.118110,
        0.147638 1.161417 0.118110,
        0.147638 1.011184 0.118110,
        0.442913 1.161417 0.118110,
        0.442913 1.011184 0.118110,
        0.344488 1.161417 0.118110,
        0.344488 1.011184 0.118110,
        0.639764 1.161417 0.118110,
        0.639764 1.011184 0.118110,
        0.541339 1.161417 0.118110,
        0.541339 1.011184 0.118110,
        0.836614 1.161417 0.118110,
        0.836614 1.011184 0.118110,
        0.738189 1.161417 0.118110,
        0.738189 1.011184 0.118110,
        1.033465 1.161417 0.118110,
        1.033465 1.011184 0.118110,
        0.935039 1.161417 0.118110,
        0.935039 1.011184 0.118110,
        1.230315 1.161417 0.118110,
        1.230315 1.011184 0.118110,
        1.131890 1.161417 0.118110,
        1.131890 1.011184 0.118110,
        1.427165 1.161417 0.118110,
        1.427165 1.011184 0.118110,
        1.328740 1.161417 0.118110,
        1.328740 1.011184 0.118110,
        1.624016 1.161417 0.118110,
        1.624016 1.011184 0.118110,
        1.525591 1.161417 0.118110,
        1.525591 1.011184 0.118110,
        1.820866 1.161417 0.118110,
        1.820866 1.011184 0.118110,
        1.722441 1.161417 0.118110,
        1.722441 1.011184 0.118110,
        1.919291 1.011184 0.118110,
        1.919291 1.161417 0.118110,
        -3.494094 1.161417 1.067770,
        -3.494094 1.161417 1.633858,
        -3.494094 1.011184 1.067770,
        -3.464567 1.011184 1.067770,
        -3.494094 1.011184 0.647687,
        -3.494094 1.161417 0.647687,
        -3.464567 1.011184 2.082118,
        -3.494094 1.011184 2.082118,
        -3.464567 1.011184 1.633858,
        -3.494094 1.011184 1.633858,
        -3.494094 1.011184 0.118110,
        -3.494094 1.161417 0.118110,
        1.889764 1.011184 3.069293,
        1.850394 1.011184 3.069293,
        1.820866 1.011184 3.184898,
        1.919291 1.011184 3.184898,
        1.692913 1.011184 3.069293,
        1.653543 1.011184 3.069293,
        1.624016 1.011184 3.184898,
        1.722441 1.011184 3.184898,
        1.496063 1.011184 3.069293,
        1.456693 1.011184 3.069293,
        1.427165 1.011184 3.184898,
        1.525591 1.011184 3.184898,
        1.299213 1.011184 3.069293,
        1.259843 1.011184 3.069293,
        1.230315 1.011184 3.184898,
        1.328740 1.011184 3.184898,
        1.102362 1.011184 3.069293,
        1.062992 1.011184 3.069293,
        1.033465 1.011184 3.184898,
        1.131890 1.011184 3.184898,
        0.905512 1.011184 3.069293,
        0.866142 1.011184 3.069293,
        0.836614 1.011184 3.184898,
        0.935039 1.011184 3.184898,
        0.708661 1.011184 3.069293,
        0.669291 1.011184 3.069293,
        0.639764 1.011184 3.184898,
        0.738189 1.011184 3.184898,
        0.511811 1.011184 3.069293,
        0.472441 1.011184 3.069293,
        0.442913 1.011184 3.184898,
        0.541339 1.011184 3.184898,
        0.314961 1.011184 3.069293,
        0.275591 1.011184 3.069293,
        0.246063 1.011184 3.184898,
        0.344488 1.011184 3.184898,
        0.118110 1.011184 3.069293,
        0.078740 1.011184 3.069293,
        0.049213 1.011184 3.184898,
        0.147638 1.011184 3.184898,
        -0.078740 1.011184 3.069293,
        -0.118110 1.011184 3.069293,
        -0.147638 1.011184 3.184898,
        -0.049213 1.011184 3.184898,
        -0.275591 1.011184 3.069293,
        -0.314961 1.011184 3.069293,
        -0.344488 1.011184 3.184898,
        -0.246063 1.011184 3.184898,
        -0.472441 1.011184 3.069293,
        -0.511811 1.011184 3.069293,
        -0.541339 1.011184 3.184898,
        -0.442913 1.011184 3.184898,
        -0.669291 1.011184 3.069293,
        -0.708661 1.011184 3.069293,
        -0.738189 1.011184 3.184898,
        -0.639764 1.011184 3.184898,
        -0.866142 1.011184 3.069293,
        -0.905512 1.011184 3.069293,
        -0.935039 1.011184 3.184898,
        -0.836614 1.011184 3.184898,
        -1.062992 1.011184 3.069293,
        -1.102362 1.011184 3.069293,
        -1.131890 1.011184 3.184898,
        -1.033465 1.011184 3.184898,
        -1.259843 1.011184 3.069293,
        -1.299213 1.011184 3.069293,
        -1.328740 1.011184 3.184898,
        -1.230315 1.011184 3.184898,
        -1.456693 1.011184 3.069293,
        -1.496063 1.011184 3.069293,
        -1.525591 1.011184 3.184898,
        -1.427165 1.011184 3.184898,
        -1.653543 1.011184 3.069293,
        -1.692913 1.011184 3.069293,
        -1.722441 1.011184 3.184898,
        -1.624016 1.011184 3.184898,
        -1.850394 1.011184 3.069293,
        -1.889764 1.011184 3.069293,
        -1.919291 1.011184 3.184898,
        -1.820866 1.011184 3.184898,
        -2.047244 1.011184 3.069293,
        -2.086614 1.011184 3.069293,
        -2.116142 1.011184 3.184898,
        -2.017717 1.011184 3.184898,
        -2.244094 1.011184 3.069293,
        -2.283465 1.011184 3.069293,
        -2.312992 1.011184 3.184898,
        -2.214567 1.011184 3.184898,
        -2.440945 1.011184 3.069293,
        -2.480315 1.011184 3.069293,
        -2.509843 1.011184 3.184898,
        -2.411417 1.011184 3.184898,
        -2.637795 1.011184 3.069293,
        -2.677165 1.011184 3.069293,
        -2.706693 1.011184 3.184898,
        -2.608268 1.011184 3.184898,
        -2.834646 1.011184 3.069293,
        -2.874016 1.011184 3.069293,
        -2.903543 1.011184 3.184898,
        -2.805118 1.011184 3.184898,
        -3.031496 1.011184 3.069293,
        -3.070866 1.011184 3.069293,
        -3.100394 1.011184 3.184898,
        -3.001969 1.011184 3.184898,
        -3.228346 1.011184 3.069293,
        -3.267717 1.011184 3.069293,
        -3.297244 1.011184 3.184898,
        -3.198819 1.011184 3.184898,
        -3.425197 1.011184 3.069293,
        -3.464567 1.011184 3.069293,
        -3.494094 1.011184 3.184898,
        -3.395669 1.011184 3.184898,
      ]
    }
    coordIndex [
      710, 128, 711, -1,
      711, 128, 125, -1,
      714, 115, 715, -1,
      715, 115, 116, -1,
      113, 112, 119, -1,
      119, 112, 114, -1,
      134, 122, 137, -1,
      137, 122, 123, -1,
      121, 122, 133, -1,
      133, 122, 134, -1,
      118, 117, 728, -1,
      131, 132, 729, -1,
      729, 132, 730, -1,
      729, 730, 728, -1,
      728, 730, 731, -1,
      728, 731, 118, -1,
      52, 54, 731, -1,
      731, 54, 118, -1,
      730, 132, 53, -1,
      53, 132, 63, -1,
      52, 731, 53, -1,
      53, 731, 730, -1,
      706, 146, 707, -1,
      707, 146, 143, -1,
      713, 126, 712, -1,
      712, 126, 127, -1,
      136, 124, 135, -1,
      135, 124, 120, -1,
      152, 140, 155, -1,
      155, 140, 141, -1,
      139, 140, 151, -1,
      151, 140, 152, -1,
      130, 129, 732, -1,
      149, 150, 733, -1,
      733, 150, 734, -1,
      733, 734, 732, -1,
      732, 734, 735, -1,
      732, 735, 130, -1,
      65, 64, 735, -1,
      735, 64, 130, -1,
      734, 150, 66, -1,
      66, 150, 67, -1,
      65, 735, 66, -1,
      66, 735, 734, -1,
      702, 164, 703, -1,
      703, 164, 161, -1,
      709, 144, 708, -1,
      708, 144, 145, -1,
      154, 142, 153, -1,
      153, 142, 138, -1,
      170, 158, 173, -1,
      173, 158, 159, -1,
      157, 158, 169, -1,
      169, 158, 170, -1,
      148, 147, 736, -1,
      167, 168, 737, -1,
      737, 168, 738, -1,
      737, 738, 736, -1,
      736, 738, 739, -1,
      736, 739, 148, -1,
      69, 68, 739, -1,
      739, 68, 148, -1,
      738, 168, 55, -1,
      55, 168, 56, -1,
      69, 739, 55, -1,
      55, 739, 738, -1,
      698, 182, 699, -1,
      699, 182, 179, -1,
      705, 162, 704, -1,
      704, 162, 163, -1,
      172, 160, 171, -1,
      171, 160, 156, -1,
      188, 176, 191, -1,
      191, 176, 177, -1,
      175, 176, 187, -1,
      187, 176, 188, -1,
      166, 165, 740, -1,
      185, 186, 741, -1,
      741, 186, 742, -1,
      741, 742, 740, -1,
      740, 742, 743, -1,
      740, 743, 166, -1,
      58, 57, 743, -1,
      743, 57, 166, -1,
      742, 186, 59, -1,
      59, 186, 72, -1,
      58, 743, 59, -1,
      59, 743, 742, -1,
      694, 200, 695, -1,
      695, 200, 197, -1,
      701, 180, 700, -1,
      700, 180, 181, -1,
      190, 178, 189, -1,
      189, 178, 174, -1,
      206, 194, 209, -1,
      209, 194, 195, -1,
      193, 194, 205, -1,
      205, 194, 206, -1,
      184, 183, 744, -1,
      203, 204, 745, -1,
      745, 204, 746, -1,
      745, 746, 744, -1,
      744, 746, 747, -1,
      744, 747, 184, -1,
      74, 73, 747, -1,
      747, 73, 184, -1,
      746, 204, 60, -1,
      60, 204, 61, -1,
      74, 747, 60, -1,
      60, 747, 746, -1,
      690, 218, 691, -1,
      691, 218, 215, -1,
      697, 198, 696, -1,
      696, 198, 199, -1,
      208, 196, 207, -1,
      207, 196, 192, -1,
      224, 212, 227, -1,
      227, 212, 213, -1,
      211, 212, 223, -1,
      223, 212, 224, -1,
      202, 201, 748, -1,
      221, 222, 749, -1,
      749, 222, 750, -1,
      749, 750, 748, -1,
      748, 750, 751, -1,
      748, 751, 202, -1,
      70, 62, 751, -1,
      751, 62, 202, -1,
      750, 222, 71, -1,
      71, 222, 82, -1,
      70, 751, 71, -1,
      71, 751, 750, -1,
      686, 236, 687, -1,
      687, 236, 233, -1,
      693, 216, 692, -1,
      692, 216, 217, -1,
      226, 214, 225, -1,
      225, 214, 210, -1,
      242, 230, 245, -1,
      245, 230, 231, -1,
      229, 230, 241, -1,
      241, 230, 242, -1,
      220, 219, 752, -1,
      239, 240, 753, -1,
      753, 240, 754, -1,
      753, 754, 752, -1,
      752, 754, 755, -1,
      752, 755, 220, -1,
      80, 81, 755, -1,
      755, 81, 220, -1,
      754, 240, 75, -1,
      75, 240, 76, -1,
      80, 755, 75, -1,
      75, 755, 754, -1,
      682, 254, 683, -1,
      683, 254, 251, -1,
      689, 234, 688, -1,
      688, 234, 235, -1,
      244, 232, 243, -1,
      243, 232, 228, -1,
      260, 246, 263, -1,
      263, 246, 250, -1,
      247, 246, 259, -1,
      259, 246, 260, -1,
      238, 237, 756, -1,
      257, 258, 757, -1,
      757, 258, 758, -1,
      757, 758, 756, -1,
      756, 758, 759, -1,
      756, 759, 238, -1,
      78, 77, 759, -1,
      759, 77, 238, -1,
      758, 258, 79, -1,
      79, 258, 90, -1,
      78, 759, 79, -1,
      79, 759, 758, -1,
      678, 272, 679, -1,
      679, 272, 269, -1,
      685, 252, 684, -1,
      684, 252, 253, -1,
      262, 249, 261, -1,
      261, 249, 248, -1,
      278, 264, 281, -1,
      281, 264, 268, -1,
      265, 264, 277, -1,
      277, 264, 278, -1,
      256, 255, 760, -1,
      275, 276, 761, -1,
      761, 276, 762, -1,
      761, 762, 760, -1,
      760, 762, 763, -1,
      760, 763, 256, -1,
      88, 89, 763, -1,
      763, 89, 256, -1,
      762, 276, 83, -1,
      83, 276, 84, -1,
      88, 763, 83, -1,
      83, 763, 762, -1,
      674, 290, 675, -1,
      675, 290, 287, -1,
      681, 270, 680, -1,
      680, 270, 271, -1,
      280, 267, 279, -1,
      279, 267, 266, -1,
      296, 282, 299, -1,
      299, 282, 286, -1,
      283, 282, 295, -1,
      295, 282, 296, -1,
      274, 273, 764, -1,
      293, 294, 765, -1,
      765, 294, 766, -1,
      765, 766, 764, -1,
      764, 766, 767, -1,
      764, 767, 274, -1,
      86, 85, 767, -1,
      767, 85, 274, -1,
      766, 294, 87, -1,
      87, 294, 98, -1,
      86, 767, 87, -1,
      87, 767, 766, -1,
      670, 308, 671, -1,
      671, 308, 305, -1,
      677, 288, 676, -1,
      676, 288, 289, -1,
      298, 285, 297, -1,
      297, 285, 284, -1,
      314, 302, 317, -1,
      317, 302, 303, -1,
      301, 302, 313, -1,
      313, 302, 314, -1,
      292, 291, 768, -1,
      311, 312, 769, -1,
      769, 312, 770, -1,
      769, 770, 768, -1,
      768, 770, 771, -1,
      768, 771, 292, -1,
      96, 97, 771, -1,
      771, 97, 292, -1,
      770, 312, 91, -1,
      91, 312, 92, -1,
      96, 771, 91, -1,
      91, 771, 770, -1,
      666, 326, 667, -1,
      667, 326, 323, -1,
      673, 306, 672, -1,
      672, 306, 307, -1,
      316, 304, 315, -1,
      315, 304, 300, -1,
      332, 320, 335, -1,
      335, 320, 321, -1,
      319, 320, 331, -1,
      331, 320, 332, -1,
      310, 309, 772, -1,
      329, 330, 773, -1,
      773, 330, 774, -1,
      773, 774, 772, -1,
      772, 774, 775, -1,
      772, 775, 310, -1,
      94, 93, 775, -1,
      775, 93, 310, -1,
      774, 330, 95, -1,
      95, 330, 106, -1,
      94, 775, 95, -1,
      95, 775, 774, -1,
      662, 344, 663, -1,
      663, 344, 341, -1,
      669, 324, 668, -1,
      668, 324, 325, -1,
      334, 322, 333, -1,
      333, 322, 318, -1,
      350, 338, 353, -1,
      353, 338, 339, -1,
      337, 338, 349, -1,
      349, 338, 350, -1,
      328, 327, 776, -1,
      347, 348, 777, -1,
      777, 348, 778, -1,
      777, 778, 776, -1,
      776, 778, 779, -1,
      776, 779, 328, -1,
      104, 105, 779, -1,
      779, 105, 328, -1,
      778, 348, 99, -1,
      99, 348, 100, -1,
      104, 779, 99, -1,
      99, 779, 778, -1,
      658, 362, 659, -1,
      659, 362, 359, -1,
      665, 342, 664, -1,
      664, 342, 343, -1,
      352, 340, 351, -1,
      351, 340, 336, -1,
      368, 356, 371, -1,
      371, 356, 357, -1,
      355, 356, 367, -1,
      367, 356, 368, -1,
      346, 345, 780, -1,
      365, 366, 781, -1,
      781, 366, 782, -1,
      781, 782, 780, -1,
      780, 782, 783, -1,
      780, 783, 346, -1,
      102, 101, 783, -1,
      783, 101, 346, -1,
      782, 366, 103, -1,
      103, 366, 111, -1,
      102, 783, 103, -1,
      103, 783, 782, -1,
      654, 380, 655, -1,
      655, 380, 377, -1,
      661, 360, 660, -1,
      660, 360, 361, -1,
      370, 358, 369, -1,
      369, 358, 354, -1,
      386, 374, 389, -1,
      389, 374, 375, -1,
      373, 374, 385, -1,
      385, 374, 386, -1,
      364, 363, 784, -1,
      383, 384, 785, -1,
      785, 384, 786, -1,
      785, 786, 784, -1,
      784, 786, 787, -1,
      784, 787, 364, -1,
      109, 110, 787, -1,
      787, 110, 364, -1,
      786, 384, 108, -1,
      108, 384, 107, -1,
      109, 787, 108, -1,
      108, 787, 786, -1,
      650, 398, 651, -1,
      651, 398, 395, -1,
      657, 378, 656, -1,
      656, 378, 379, -1,
      388, 376, 387, -1,
      387, 376, 372, -1,
      404, 390, 407, -1,
      407, 390, 394, -1,
      391, 390, 403, -1,
      403, 390, 404, -1,
      382, 381, 788, -1,
      401, 402, 789, -1,
      789, 402, 790, -1,
      789, 790, 788, -1,
      788, 790, 791, -1,
      788, 791, 382, -1,
      6, 5, 791, -1,
      791, 5, 382, -1,
      790, 402, 7, -1,
      7, 402, 8, -1,
      6, 791, 7, -1,
      7, 791, 790, -1,
      646, 416, 647, -1,
      647, 416, 413, -1,
      653, 396, 652, -1,
      652, 396, 397, -1,
      406, 393, 405, -1,
      405, 393, 392, -1,
      422, 408, 425, -1,
      425, 408, 412, -1,
      409, 408, 421, -1,
      421, 408, 422, -1,
      400, 399, 792, -1,
      419, 420, 793, -1,
      793, 420, 794, -1,
      793, 794, 792, -1,
      792, 794, 795, -1,
      792, 795, 400, -1,
      10, 9, 795, -1,
      795, 9, 400, -1,
      794, 420, 11, -1,
      11, 420, 12, -1,
      10, 795, 11, -1,
      11, 795, 794, -1,
      642, 434, 643, -1,
      643, 434, 431, -1,
      649, 414, 648, -1,
      648, 414, 415, -1,
      424, 411, 423, -1,
      423, 411, 410, -1,
      440, 426, 443, -1,
      443, 426, 430, -1,
      427, 426, 439, -1,
      439, 426, 440, -1,
      418, 417, 796, -1,
      437, 438, 797, -1,
      797, 438, 798, -1,
      797, 798, 796, -1,
      796, 798, 799, -1,
      796, 799, 418, -1,
      14, 13, 799, -1,
      799, 13, 418, -1,
      798, 438, 15, -1,
      15, 438, 16, -1,
      14, 799, 15, -1,
      15, 799, 798, -1,
      638, 452, 639, -1,
      639, 452, 449, -1,
      645, 432, 644, -1,
      644, 432, 433, -1,
      442, 429, 441, -1,
      441, 429, 428, -1,
      458, 446, 461, -1,
      461, 446, 447, -1,
      445, 446, 457, -1,
      457, 446, 458, -1,
      436, 435, 800, -1,
      455, 456, 801, -1,
      801, 456, 802, -1,
      801, 802, 800, -1,
      800, 802, 803, -1,
      800, 803, 436, -1,
      18, 17, 803, -1,
      803, 17, 436, -1,
      802, 456, 19, -1,
      19, 456, 20, -1,
      18, 803, 19, -1,
      19, 803, 802, -1,
      634, 470, 635, -1,
      635, 470, 467, -1,
      641, 450, 640, -1,
      640, 450, 451, -1,
      460, 448, 459, -1,
      459, 448, 444, -1,
      476, 464, 479, -1,
      479, 464, 465, -1,
      463, 464, 475, -1,
      475, 464, 476, -1,
      454, 453, 804, -1,
      473, 474, 805, -1,
      805, 474, 806, -1,
      805, 806, 804, -1,
      804, 806, 807, -1,
      804, 807, 454, -1,
      22, 21, 807, -1,
      807, 21, 454, -1,
      806, 474, 23, -1,
      23, 474, 24, -1,
      22, 807, 23, -1,
      23, 807, 806, -1,
      630, 488, 631, -1,
      631, 488, 485, -1,
      637, 468, 636, -1,
      636, 468, 469, -1,
      478, 466, 477, -1,
      477, 466, 462, -1,
      494, 482, 497, -1,
      497, 482, 483, -1,
      481, 482, 493, -1,
      493, 482, 494, -1,
      472, 471, 808, -1,
      491, 492, 809, -1,
      809, 492, 810, -1,
      809, 810, 808, -1,
      808, 810, 811, -1,
      808, 811, 472, -1,
      26, 25, 811, -1,
      811, 25, 472, -1,
      810, 492, 27, -1,
      27, 492, 28, -1,
      26, 811, 27, -1,
      27, 811, 810, -1,
      626, 506, 627, -1,
      627, 506, 503, -1,
      633, 486, 632, -1,
      632, 486, 487, -1,
      496, 484, 495, -1,
      495, 484, 480, -1,
      512, 500, 515, -1,
      515, 500, 501, -1,
      499, 500, 511, -1,
      511, 500, 512, -1,
      490, 489, 812, -1,
      509, 510, 813, -1,
      813, 510, 814, -1,
      813, 814, 812, -1,
      812, 814, 815, -1,
      812, 815, 490, -1,
      30, 29, 815, -1,
      815, 29, 490, -1,
      814, 510, 31, -1,
      31, 510, 32, -1,
      30, 815, 31, -1,
      31, 815, 814, -1,
      622, 524, 623, -1,
      623, 524, 521, -1,
      629, 504, 628, -1,
      628, 504, 505, -1,
      514, 502, 513, -1,
      513, 502, 498, -1,
      530, 518, 533, -1,
      533, 518, 519, -1,
      517, 518, 529, -1,
      529, 518, 530, -1,
      508, 507, 816, -1,
      527, 528, 817, -1,
      817, 528, 818, -1,
      817, 818, 816, -1,
      816, 818, 819, -1,
      816, 819, 508, -1,
      34, 33, 819, -1,
      819, 33, 508, -1,
      818, 528, 35, -1,
      35, 528, 36, -1,
      34, 819, 35, -1,
      35, 819, 818, -1,
      618, 542, 619, -1,
      619, 542, 539, -1,
      625, 522, 624, -1,
      624, 522, 523, -1,
      532, 520, 531, -1,
      531, 520, 516, -1,
      548, 536, 551, -1,
      551, 536, 537, -1,
      535, 536, 547, -1,
      547, 536, 548, -1,
      526, 525, 820, -1,
      545, 546, 821, -1,
      821, 546, 822, -1,
      821, 822, 820, -1,
      820, 822, 823, -1,
      820, 823, 526, -1,
      38, 37, 823, -1,
      823, 37, 526, -1,
      822, 546, 39, -1,
      39, 546, 44, -1,
      38, 823, 39, -1,
      39, 823, 822, -1,
      614, 560, 615, -1,
      615, 560, 557, -1,
      621, 540, 620, -1,
      620, 540, 541, -1,
      550, 538, 549, -1,
      549, 538, 534, -1,
      566, 554, 569, -1,
      569, 554, 555, -1,
      553, 554, 565, -1,
      565, 554, 566, -1,
      544, 543, 824, -1,
      563, 564, 825, -1,
      825, 564, 826, -1,
      825, 826, 824, -1,
      824, 826, 827, -1,
      824, 827, 544, -1,
      42, 43, 827, -1,
      827, 43, 544, -1,
      826, 564, 0, -1,
      0, 564, 1, -1,
      42, 827, 0, -1,
      0, 827, 826, -1,
      610, 578, 611, -1,
      611, 578, 575, -1,
      617, 558, 616, -1,
      616, 558, 559, -1,
      568, 556, 567, -1,
      567, 556, 552, -1,
      584, 572, 587, -1,
      587, 572, 573, -1,
      571, 572, 583, -1,
      583, 572, 584, -1,
      562, 561, 828, -1,
      581, 582, 829, -1,
      829, 582, 830, -1,
      829, 830, 828, -1,
      828, 830, 831, -1,
      828, 831, 562, -1,
      40, 2, 831, -1,
      831, 2, 562, -1,
      830, 582, 41, -1,
      41, 582, 45, -1,
      40, 831, 41, -1,
      41, 831, 830, -1,
      606, 596, 607, -1,
      607, 596, 593, -1,
      613, 576, 612, -1,
      612, 576, 577, -1,
      586, 574, 585, -1,
      585, 574, 570, -1,
      602, 590, 605, -1,
      605, 590, 591, -1,
      589, 590, 601, -1,
      601, 590, 602, -1,
      580, 579, 832, -1,
      599, 600, 833, -1,
      833, 600, 834, -1,
      833, 834, 832, -1,
      832, 834, 835, -1,
      832, 835, 580, -1,
      47, 46, 835, -1,
      835, 46, 580, -1,
      834, 600, 48, -1,
      48, 600, 51, -1,
      47, 835, 48, -1,
      48, 835, 834, -1,
      727, 721, 726, -1,
      726, 721, 720, -1,
      609, 594, 608, -1,
      608, 594, 595, -1,
      604, 592, 603, -1,
      603, 592, 588, -1,
      725, 718, 717, -1,
      717, 718, 716, -1,
      719, 718, 724, -1,
      724, 718, 725, -1,
      598, 597, 836, -1,
      722, 723, 837, -1,
      837, 723, 838, -1,
      837, 838, 836, -1,
      836, 838, 839, -1,
      836, 839, 598, -1,
      49, 50, 839, -1,
      839, 50, 598, -1,
      838, 723, 3, -1,
      3, 723, 4, -1,
      49, 839, 3, -1,
      3, 839, 838, -1,
    ]
  }
}

Shape {
  appearance Appearance {
    material Material {
      diffuseColor 0.7529 0.7529 0.7529
      specularColor 0.3765 0.3765 0.3765
      ambientIntensity 0.2
      transparency 0.0000
      shininess 0.5
    }
  }
  geometry IndexedFaceSet {
    ccw TRUE
    solid FALSE
    coord DEF co Coordinate {
      point [
        1.889764 0.950310 1.067770,
        1.889764 1.011184 1.067770,
        1.889764 0.950310 0.647687,
        1.889764 1.011184 0.647687,
        1.889764 0.950310 2.082118,
        1.889764 1.011184 2.082118,
        1.889764 0.950310 1.633858,
        1.889764 1.011184 1.633858,
        1.692913 0.950310 1.067770,
        1.692913 1.011184 1.067770,
        1.850394 0.950310 1.067770,
        1.850394 1.011184 1.067770,
        1.850394 0.950310 0.647687,
        1.850394 1.011184 0.647687,
        1.692913 0.950310 0.647687,
        1.692913 1.011184 0.647687,
        1.692913 0.950310 2.082118,
        1.692913 1.011184 2.082118,
        1.850394 0.950310 2.082118,
        1.850394 1.011184 2.082118,
        1.850394 0.950310 1.633858,
        1.850394 1.011184 1.633858,
        1.692913 0.950310 1.633858,
        1.692913 1.011184 1.633858,
        1.496063 0.950310 1.067770,
        1.496063 1.011184 1.067770,
        1.653543 0.950310 1.067770,
        1.653543 1.011184 1.067770,
        1.653543 0.950310 0.647687,
        1.653543 1.011184 0.647687,
        1.496063 0.950310 0.647687,
        1.496063 1.011184 0.647687,
        1.496063 0.950310 2.082118,
        1.496063 1.011184 2.082118,
        1.653543 0.950310 2.082118,
        1.653543 1.011184 2.082118,
        1.653543 0.950310 1.633858,
        1.653543 1.011184 1.633858,
        1.496063 0.950310 1.633858,
        1.496063 1.011184 1.633858,
        1.299213 0.950310 1.067770,
        1.299213 1.011184 1.067770,
        1.456693 0.950310 1.067770,
        1.456693 1.011184 1.067770,
        1.456693 0.950310 0.647687,
        1.456693 1.011184 0.647687,
        1.299213 0.950310 0.647687,
        1.299213 1.011184 0.647687,
        1.299213 0.950310 2.082118,
        1.299213 1.011184 2.082118,
        1.456693 0.950310 2.082118,
        1.456693 1.011184 2.082118,
        1.456693 0.950310 1.633858,
        1.456693 1.011184 1.633858,
        1.299213 0.950310 1.633858,
        1.299213 1.011184 1.633858,
        1.102362 0.950310 1.067770,
        1.102362 1.011184 1.067770,
        1.259843 0.950310 1.067770,
        1.259843 1.011184 1.067770,
        1.259843 0.950310 0.647687,
        1.259843 1.011184 0.647687,
        1.102362 0.950310 0.647687,
        1.102362 1.011184 0.647687,
        1.102362 0.950310 2.082118,
        1.102362 1.011184 2.082118,
        1.259843 0.950310 2.082118,
        1.259843 1.011184 2.082118,
        1.259843 0.950310 1.633858,
        1.259843 1.011184 1.633858,
        1.102362 0.950310 1.633858,
        1.102362 1.011184 1.633858,
        0.905512 0.950310 1.067770,
        0.905512 1.011184 1.067770,
        1.062992 0.950310 1.067770,
        1.062992 1.011184 1.067770,
        1.062992 0.950310 0.647687,
        1.062992 1.011184 0.647687,
        0.905512 0.950310 0.647687,
        0.905512 1.011184 0.647687,
        0.905512 0.950310 2.082118,
        0.905512 1.011184 2.082118,
        1.062992 0.950310 2.082118,
        1.062992 1.011184 2.082118,
        1.062992 0.950310 1.633858,
        1.062992 1.011184 1.633858,
        0.905512 0.950310 1.633858,
        0.905512 1.011184 1.633858,
        0.708661 0.950310 1.067770,
        0.708661 1.011184 1.067770,
        0.866142 0.950310 1.067770,
        0.866142 1.011184 1.067770,
        0.866142 0.950310 0.647687,
        0.866142 1.011184 0.647687,
        0.708661 0.950310 0.647687,
        0.708661 1.011184 0.647687,
        0.708661 0.950310 2.082118,
        0.708661 1.011184 2.082118,
        0.866142 0.950310 2.082118,
        0.866142 1.011184 2.082118,
        0.866142 0.950310 1.633858,
        0.866142 1.011184 1.633858,
        0.708661 0.950310 1.633858,
        0.708661 1.011184 1.633858,
        0.511811 0.950310 1.067770,
        0.511811 1.011184 1.067770,
        0.669291 0.950310 1.067770,
        0.669291 1.011184 1.067770,
        0.669291 0.950310 0.647687,
        0.669291 1.011184 0.647687,
        0.511811 0.950310 0.647687,
        0.511811 1.011184 0.647687,
        0.511811 0.950310 2.082118,
        0.511811 1.011184 2.082118,
        0.669291 0.950310 2.082118,
        0.669291 1.011184 2.082118,
        0.669291 0.950310 1.633858,
        0.669291 1.011184 1.633858,
        0.511811 0.950310 1.633858,
        0.511811 1.011184 1.633858,
        0.472441 1.011184 1.067770,
        0.472441 0.950310 1.067770,
        0.314961 0.950310 1.067770,
        0.314961 1.011184 1.067770,
        0.472441 0.950310 0.647687,
        0.472441 1.011184 0.647687,
        0.314961 0.950310 0.647687,
        0.314961 1.011184 0.647687,
        0.314961 0.950310 2.082118,
        0.314961 1.011184 2.082118,
        0.472441 0.950310 2.082118,
        0.472441 1.011184 2.082118,
        0.472441 0.950310 1.633858,
        0.472441 1.011184 1.633858,
        0.314961 0.950310 1.633858,
        0.314961 1.011184 1.633858,
        0.275591 1.011184 1.067770,
        0.275591 0.950310 1.067770,
        0.118110 0.950310 1.067770,
        0.118110 1.011184 1.067770,
        0.275591 0.950310 0.647687,
        0.275591 1.011184 0.647687,
        0.118110 0.950310 0.647687,
        0.118110 1.011184 0.647687,
        0.118110 0.950310 2.082118,
        0.118110 1.011184 2.082118,
        0.275591 0.950310 2.082118,
        0.275591 1.011184 2.082118,
        0.275591 0.950310 1.633858,
        0.275591 1.011184 1.633858,
        0.118110 0.950310 1.633858,
        0.118110 1.011184 1.633858,
        0.078740 1.011184 1.067770,
        0.078740 0.950310 1.067770,
        -0.078740 0.950310 1.067770,
        -0.078740 1.011184 1.067770,
        0.078740 0.950310 0.647687,
        0.078740 1.011184 0.647687,
        -0.078740 0.950310 0.647687,
        -0.078740 1.011184 0.647687,
        -0.078740 0.950310 2.082118,
        -0.078740 1.011184 2.082118,
        0.078740 0.950310 2.082118,
        0.078740 1.011184 2.082118,
        0.078740 0.950310 1.633858,
        0.078740 1.011184 1.633858,
        -0.078740 0.950310 1.633858,
        -0.078740 1.011184 1.633858,
        -0.275591 0.950310 1.067770,
        -0.275591 1.011184 1.067770,
        -0.118110 0.950310 1.067770,
        -0.118110 1.011184 1.067770,
        -0.118110 0.950310 0.647687,
        -0.118110 1.011184 0.647687,
        -0.275591 0.950310 0.647687,
        -0.275591 1.011184 0.647687,
        -0.275591 0.950310 2.082118,
        -0.275591 1.011184 2.082118,
        -0.118110 0.950310 2.082118,
        -0.118110 1.011184 2.082118,
        -0.118110 0.950310 1.633858,
        -0.118110 1.011184 1.633858,
        -0.275591 0.950310 1.633858,
        -0.275591 1.011184 1.633858,
        -0.472441 0.950310 1.067770,
        -0.472441 1.011184 1.067770,
        -0.314961 0.950310 1.067770,
        -0.314961 1.011184 1.067770,
        -0.314961 0.950310 0.647687,
        -0.314961 1.011184 0.647687,
        -0.472441 0.950310 0.647687,
        -0.472441 1.011184 0.647687,
        -0.472441 0.950310 2.082118,
        -0.472441 1.011184 2.082118,
        -0.314961 0.950310 2.082118,
        -0.314961 1.011184 2.082118,
        -0.314961 0.950310 1.633858,
        -0.314961 1.011184 1.633858,
        -0.472441 0.950310 1.633858,
        -0.472441 1.011184 1.633858,
        -0.669291 0.950310 1.067770,
        -0.669291 1.011184 1.067770,
        -0.511811 0.950310 1.067770,
        -0.511811 1.011184 1.067770,
        -0.511811 0.950310 0.647687,
        -0.511811 1.011184 0.647687,
        -0.669291 0.950310 0.647687,
        -0.669291 1.011184 0.647687,
        -0.669291 0.950310 2.082118,
        -0.669291 1.011184 2.082118,
        -0.511811 0.950310 2.082118,
        -0.511811 1.011184 2.082118,
        -0.511811 0.950310 1.633858,
        -0.511811 1.011184 1.633858,
        -0.669291 0.950310 1.633858,
        -0.669291 1.011184 1.633858,
        -0.866142 0.950310 1.067770,
        -0.866142 1.011184 1.067770,
        -0.708661 0.950310 1.067770,
        -0.708661 1.011184 1.067770,
        -0.708661 0.950310 0.647687,
        -0.708661 1.011184 0.647687,
        -0.866142 0.950310 0.647687,
        -0.866142 1.011184 0.647687,
        -0.866142 0.950310 2.082118,
        -0.866142 1.011184 2.082118,
        -0.708661 0.950310 2.082118,
        -0.708661 1.011184 2.082118,
        -0.708661 0.950310 1.633858,
        -0.708661 1.011184 1.633858,
        -0.866142 0.950310 1.633858,
        -0.866142 1.011184 1.633858,
        -1.062992 0.950310 1.067770,
        -1.062992 1.011184 1.067770,
        -0.905512 0.950310 1.067770,
        -0.905512 1.011184 1.067770,
        -0.905512 0.950310 0.647687,
        -0.905512 1.011184 0.647687,
        -1.062992 0.950310 0.647687,
        -1.062992 1.011184 0.647687,
        -1.062992 0.950310 2.082118,
        -1.062992 1.011184 2.082118,
        -0.905512 0.950310 2.082118,
        -0.905512 1.011184 2.082118,
        -0.905512 0.950310 1.633858,
        -0.905512 1.011184 1.633858,
        -1.062992 0.950310 1.633858,
        -1.062992 1.011184 1.633858,
        -1.102362 1.011184 1.067770,
        -1.102362 0.950310 1.067770,
        -1.259843 0.950310 1.067770,
        -1.259843 1.011184 1.067770,
        -1.102362 0.950310 0.647687,
        -1.102362 1.011184 0.647687,
        -1.259843 0.950310 0.647687,
        -1.259843 1.011184 0.647687,
        -1.259843 0.950310 2.082118,
        -1.259843 1.011184 2.082118,
        -1.102362 0.950310 2.082118,
        -1.102362 1.011184 2.082118,
        -1.102362 0.950310 1.633858,
        -1.102362 1.011184 1.633858,
        -1.259843 0.950310 1.633858,
        -1.259843 1.011184 1.633858,
        -1.299213 1.011184 1.067770,
        -1.299213 0.950310 1.067770,
        -1.456693 0.950310 1.067770,
        -1.456693 1.011184 1.067770,
        -1.299213 0.950310 0.647687,
        -1.299213 1.011184 0.647687,
        -1.456693 0.950310 0.647687,
        -1.456693 1.011184 0.647687,
        -1.456693 0.950310 2.082118,
        -1.456693 1.011184 2.082118,
        -1.299213 0.950310 2.082118,
        -1.299213 1.011184 2.082118,
        -1.299213 0.950310 1.633858,
        -1.299213 1.011184 1.633858,
        -1.456693 0.950310 1.633858,
        -1.456693 1.011184 1.633858,
        -1.496063 1.011184 1.067770,
        -1.496063 0.950310 1.067770,
        -1.653543 0.950310 1.067770,
        -1.653543 1.011184 1.067770,
        -1.496063 0.950310 0.647687,
        -1.496063 1.011184 0.647687,
        -1.653543 0.950310 0.647687,
        -1.653543 1.011184 0.647687,
        -1.653543 0.950310 2.082118,
        -1.653543 1.011184 2.082118,
        -1.496063 0.950310 2.082118,
        -1.496063 1.011184 2.082118,
        -1.496063 0.950310 1.633858,
        -1.496063 1.011184 1.633858,
        -1.653543 0.950310 1.633858,
        -1.653543 1.011184 1.633858,
        -1.850394 0.950310 1.067770,
        -1.850394 1.011184 1.067770,
        -1.692913 0.950310 1.067770,
        -1.692913 1.011184 1.067770,
        -1.692913 0.950310 0.647687,
        -1.692913 1.011184 0.647687,
        -1.850394 0.950310 0.647687,
        -1.850394 1.011184 0.647687,
        -1.850394 0.950310 2.082118,
        -1.850394 1.011184 2.082118,
        -1.692913 0.950310 2.082118,
        -1.692913 1.011184 2.082118,
        -1.692913 0.950310 1.633858,
        -1.692913 1.011184 1.633858,
        -1.850394 0.950310 1.633858,
        -1.850394 1.011184 1.633858,
        -2.047244 0.950310 1.067770,
        -2.047244 1.011184 1.067770,
        -1.889764 0.950310 1.067770,
        -1.889764 1.011184 1.067770,
        -1.889764 0.950310 0.647687,
        -1.889764 1.011184 0.647687,
        -2.047244 0.950310 0.647687,
        -2.047244 1.011184 0.647687,
        -2.047244 0.950310 2.082118,
        -2.047244 1.011184 2.082118,
        -1.889764 0.950310 2.082118,
        -1.889764 1.011184 2.082118,
        -1.889764 0.950310 1.633858,
        -1.889764 1.011184 1.633858,
        -2.047244 0.950310 1.633858,
        -2.047244 1.011184 1.633858,
        -2.244094 0.950310 1.067770,
        -2.244094 1.011184 1.067770,
        -2.086614 0.950310 1.067770,
        -2.086614 1.011184 1.067770,
        -2.086614 0.950310 0.647687,
        -2.086614 1.011184 0.647687,
        -2.244094 0.950310 0.647687,
        -2.244094 1.011184 0.647687,
        -2.244094 0.950310 2.082118,
        -2.244094 1.011184 2.082118,
        -2.086614 0.950310 2.082118,
        -2.086614 1.011184 2.082118,
        -2.086614 0.950310 1.633858,
        -2.086614 1.011184 1.633858,
        -2.244094 0.950310 1.633858,
        -2.244094 1.011184 1.633858,
        -2.440945 0.950310 1.067770,
        -2.440945 1.011184 1.067770,
        -2.283465 0.950310 1.067770,
        -2.283465 1.011184 1.067770,
        -2.283465 0.950310 0.647687,
        -2.283465 1.011184 0.647687,
        -2.440945 0.950310 0.647687,
        -2.440945 1.011184 0.647687,
        -2.440945 0.950310 2.082118,
        -2.440945 1.011184 2.082118,
        -2.283465 0.950310 2.082118,
        -2.283465 1.011184 2.082118,
        -2.283465 0.950310 1.633858,
        -2.283465 1.011184 1.633858,
        -2.440945 0.950310 1.633858,
        -2.440945 1.011184 1.633858,
        -2.637795 0.950310 1.067770,
        -2.637795 1.011184 1.067770,
        -2.480315 0.950310 1.067770,
        -2.480315 1.011184 1.067770,
        -2.480315 0.950310 0.647687,
        -2.480315 1.011184 0.647687,
        -2.637795 0.950310 0.647687,
        -2.637795 1.011184 0.647687,
        -2.637795 0.950310 2.082118,
        -2.637795 1.011184 2.082118,
        -2.480315 0.950310 2.082118,
        -2.480315 1.011184 2.082118,
        -2.480315 0.950310 1.633858,
        -2.480315 1.011184 1.633858,
        -2.637795 0.950310 1.633858,
        -2.637795 1.011184 1.633858,
        -2.834646 0.950310 1.067770,
        -2.834646 1.011184 1.067770,
        -2.677165 0.950310 1.067770,
        -2.677165 1.011184 1.067770,
        -2.677165 0.950310 0.647687,
        -2.677165 1.011184 0.647687,
        -2.834646 0.950310 0.647687,
        -2.834646 1.011184 0.647687,
        -2.834646 0.950310 2.082118,
        -2.834646 1.011184 2.082118,
        -2.677165 0.950310 2.082118,
        -2.677165 1.011184 2.082118,
        -2.677165 0.950310 1.633858,
        -2.677165 1.011184 1.633858,
        -2.834646 0.950310 1.633858,
        -2.834646 1.011184 1.633858,
        -3.031496 0.950310 1.067770,
        -3.031496 1.011184 1.067770,
        -2.874016 0.950310 1.067770,
        -2.874016 1.011184 1.067770,
        -2.874016 0.950310 0.647687,
        -2.874016 1.011184 0.647687,
        -3.031496 0.950310 0.647687,
        -3.031496 1.011184 0.647687,
        -3.031496 0.950310 2.082118,
        -3.031496 1.011184 2.082118,
        -2.874016 0.950310 2.082118,
        -2.874016 1.011184 2.082118,
        -2.874016 0.950310 1.633858,
        -2.874016 1.011184 1.633858,
        -3.031496 0.950310 1.633858,
        -3.031496 1.011184 1.633858,
        -3.228346 0.950310 1.067770,
        -3.228346 1.011184 1.067770,
        -3.070866 0.950310 1.067770,
        -3.070866 1.011184 1.067770,
        -3.070866 0.950310 0.647687,
        -3.070866 1.011184 0.647687,
        -3.228346 0.950310 0.647687,
        -3.228346 1.011184 0.647687,
        -3.228346 0.950310 2.082118,
        -3.228346 1.011184 2.082118,
        -3.070866 0.950310 2.082118,
        -3.070866 1.011184 2.082118,
        -3.070866 0.950310 1.633858,
        -3.070866 1.011184 1.633858,
        -3.228346 0.950310 1.633858,
        -3.228346 1.011184 1.633858,
        -3.425197 0.950310 1.067770,
        -3.425197 1.011184 1.067770,
        -3.267717 0.950310 1.067770,
        -3.267717 1.011184 1.067770,
        -3.267717 0.950310 0.647687,
        -3.267717 1.011184 0.647687,
        -3.425197 0.950310 0.647687,
        -3.425197 1.011184 0.647687,
        -3.425197 0.950310 2.082118,
        -3.425197 1.011184 2.082118,
        -3.267717 0.950310 2.082118,
        -3.267717 1.011184 2.082118,
        -3.267717 0.950310 1.633858,
        -3.267717 1.011184 1.633858,
        -3.425197 0.950310 1.633858,
        -3.425197 1.011184 1.633858,
        -3.464567 1.011184 1.067770,
        -3.464567 0.950310 1.067770,
        -3.464567 0.950310 0.647687,
        -3.464567 1.011184 0.647687,
        -3.464567 0.950310 2.082118,
        -3.464567 1.011184 2.082118,
        -3.464567 0.950310 1.633858,
        -3.464567 1.011184 1.633858,
        -0.866142 1.011184 0.098304,
        -3.464567 1.011184 0.098304,
        -0.669291 1.011184 0.098304,
        1.692913 1.011184 0.098304,
        1.850394 1.011184 0.098304,
        -3.267717 1.011184 0.098304,
        -3.228346 1.011184 0.098304,
        1.889764 1.011184 0.098304,
        -3.425197 1.011184 0.098304,
        -0.472441 1.011184 0.098304,
        -0.511811 1.011184 0.098304,
        -3.070866 1.011184 0.098304,
        -0.905512 1.011184 0.098304,
        -0.708661 1.011184 0.098304,
        -0.314961 1.011184 0.098304,
        -0.275591 1.011184 0.098304,
        1.653543 1.011184 0.098304,
        -3.031496 1.011184 0.098304,
        -2.834646 1.011184 0.098304,
        -0.078740 1.011184 0.098304,
        0.078740 1.011184 0.098304,
        -2.677165 1.011184 0.098304,
        -2.637795 1.011184 0.098304,
        -2.874016 1.011184 0.098304,
        0.314961 1.011184 0.098304,
        -2.480315 1.011184 0.098304,
        -2.440945 1.011184 0.098304,
        0.472441 1.011184 0.098304,
        -2.283465 1.011184 0.098304,
        0.708661 1.011184 0.098304,
        -2.244094 1.011184 0.098304,
        0.905512 1.011184 0.098304,
        -2.086614 1.011184 0.098304,
        0.866142 1.011184 0.098304,
        1.102362 1.011184 0.098304,
        1.062992 1.011184 0.098304,
        1.259843 1.011184 0.098304,
        -2.047244 1.011184 0.098304,
        1.496063 1.011184 0.098304,
        1.299213 1.011184 0.098304,
        -1.692913 1.011184 0.098304,
        -1.653543 1.011184 0.098304,
        -1.850394 1.011184 0.098304,
        0.511811 1.011184 0.098304,
        1.456693 1.011184 0.098304,
        -1.889764 1.011184 0.098304,
        0.118110 1.011184 0.098304,
        0.669291 1.011184 0.098304,
        -1.456693 1.011184 0.098304,
        -0.118110 1.011184 0.098304,
        0.275591 1.011184 0.098304,
        -1.496063 1.011184 0.098304,
        -1.259843 1.011184 0.098304,
        -1.299213 1.011184 0.098304,
        -1.102362 1.011184 0.098304,
        -1.062992 1.011184 0.098304,
        1.889764 1.011184 3.069293,
        1.850394 1.011184 3.069293,
        1.692913 1.011184 3.069293,
        1.653543 1.011184 3.069293,
        1.496063 1.011184 3.069293,
        1.456693 1.011184 3.069293,
        1.299213 1.011184 3.069293,
        1.259843 1.011184 3.069293,
        1.102362 1.011184 3.069293,
        1.062992 1.011184 3.069293,
        0.905512 1.011184 3.069293,
        0.866142 1.011184 3.069293,
        0.708661 1.011184 3.069293,
        0.669291 1.011184 3.069293,
        0.511811 1.011184 3.069293,
        0.472441 1.011184 3.069293,
        0.314961 1.011184 3.069293,
        0.275591 1.011184 3.069293,
        0.118110 1.011184 3.069293,
        0.078740 1.011184 3.069293,
        -0.078740 1.011184 3.069293,
        -0.118110 1.011184 3.069293,
        -0.275591 1.011184 3.069293,
        -0.314961 1.011184 3.069293,
        -0.472441 1.011184 3.069293,
        -0.511811 1.011184 3.069293,
        -0.669291 1.011184 3.069293,
        -0.708661 1.011184 3.069293,
        -0.866142 1.011184 3.069293,
        -0.905512 1.011184 3.069293,
        -1.062992 1.011184 3.069293,
        -1.102362 1.011184 3.069293,
        -1.259843 1.011184 3.069293,
        -1.299213 1.011184 3.069293,
        -1.456693 1.011184 3.069293,
        -1.496063 1.011184 3.069293,
        -1.653543 1.011184 3.069293,
        -1.692913 1.011184 3.069293,
        -1.850394 1.011184 3.069293,
        -1.889764 1.011184 3.069293,
        -2.047244 1.011184 3.069293,
        -2.086614 1.011184 3.069293,
        -2.244094 1.011184 3.069293,
        -2.283465 1.011184 3.069293,
        -2.440945 1.011184 3.069293,
        -2.480315 1.011184 3.069293,
        -2.637795 1.011184 3.069293,
        -2.677165 1.011184 3.069293,
        -2.834646 1.011184 3.069293,
        -2.874016 1.011184 3.069293,
        -3.031496 1.011184 3.069293,
        -3.070866 1.011184 3.069293,
        -3.228346 1.011184 3.069293,
        -3.267717 1.011184 3.069293,
        -3.425197 1.011184 3.069293,
        -3.464567 1.011184 3.069293,
        -3.464567 1.107046 0.118110,
        -3.425197 1.107046 0.118110,
        -3.425197 1.161417 3.069293,
        -3.464567 1.161417 3.069293,
        -3.464567 1.346633 0.019685,
        -3.464567 1.346633 -0.019685,
        -3.464567 1.161417 0.019685,
        -3.464567 1.107046 -0.019685,
        -3.425197 1.346633 -0.019685,
        -3.425197 1.346633 0.019685,
        -3.425197 1.107046 -0.019685,
        -3.425197 1.161417 0.019685,
        -3.267717 1.107046 0.118110,
        -3.228346 1.107046 0.118110,
        -3.228346 1.161417 3.069293,
        -3.267717 1.161417 3.069293,
        -3.267717 1.346633 0.019685,
        -3.267717 1.346633 -0.019685,
        -3.267717 1.161417 0.019685,
        -3.267717 1.107046 -0.019685,
        -3.228346 1.346633 -0.019685,
        -3.228346 1.346633 0.019685,
        -3.228346 1.107046 -0.019685,
        -3.228346 1.161417 0.019685,
        -3.070866 1.107046 0.118110,
        -3.031496 1.107046 0.118110,
        -3.031496 1.161417 3.069293,
        -3.070866 1.161417 3.069293,
        -3.070866 1.346633 0.019685,
        -3.070866 1.346633 -0.019685,
        -3.070866 1.161417 0.019685,
        -3.070866 1.107046 -0.019685,
        -3.031496 1.346633 -0.019685,
        -3.031496 1.346633 0.019685,
        -3.031496 1.107046 -0.019685,
        -3.031496 1.161417 0.019685,
        -2.874016 1.107046 0.118110,
        -2.834646 1.107046 0.118110,
        -2.834646 1.161417 3.069293,
        -2.874016 1.161417 3.069293,
        -2.874016 1.346633 0.019685,
        -2.874016 1.346633 -0.019685,
        -2.874016 1.161417 0.019685,
        -2.874016 1.107046 -0.019685,
        -2.834646 1.346633 -0.019685,
        -2.834646 1.346633 0.019685,
        -2.834646 1.107046 -0.019685,
        -2.834646 1.161417 0.019685,
        -2.677165 1.107046 0.118110,
        -2.637795 1.107046 0.118110,
        -2.637795 1.161417 3.069293,
        -2.677165 1.161417 3.069293,
        -2.677165 1.346633 0.019685,
        -2.677165 1.346633 -0.019685,
        -2.677165 1.161417 0.019685,
        -2.677165 1.107046 -0.019685,
        -2.637795 1.346633 -0.019685,
        -2.637795 1.346633 0.019685,
        -2.637795 1.107046 -0.019685,
        -2.637795 1.161417 0.019685,
        -2.480315 1.107046 0.118110,
        -2.440945 1.107046 0.118110,
        -2.440945 1.161417 3.069293,
        -2.480315 1.161417 3.069293,
        -2.480315 1.346633 0.019685,
        -2.480315 1.346633 -0.019685,
        -2.480315 1.161417 0.019685,
        -2.480315 1.107046 -0.019685,
        -2.440945 1.346633 -0.019685,
        -2.440945 1.346633 0.019685,
        -2.440945 1.107046 -0.019685,
        -2.440945 1.161417 0.019685,
        -2.283465 1.107046 0.118110,
        -2.244094 1.107046 0.118110,
        -2.244094 1.161417 3.069293,
        -2.283465 1.161417 3.069293,
        -2.283465 1.346633 0.019685,
        -2.283465 1.346633 -0.019685,
        -2.283465 1.161417 0.019685,
        -2.283465 1.107046 -0.019685,
        -2.244094 1.346633 -0.019685,
        -2.244094 1.346633 0.019685,
        -2.244094 1.107046 -0.019685,
        -2.244094 1.161417 0.019685,
        -2.086614 1.107046 0.118110,
        -2.047244 1.107046 0.118110,
        -2.047244 1.161417 3.069293,
        -2.086614 1.161417 3.069293,
        -2.086614 1.346633 0.019685,
        -2.086614 1.346633 -0.019685,
        -2.086614 1.161417 0.019685,
        -2.086614 1.107046 -0.019685,
        -2.047244 1.346633 -0.019685,
        -2.047244 1.346633 0.019685,
        -2.047244 1.107046 -0.019685,
        -2.047244 1.161417 0.019685,
        -1.889764 1.107046 0.118110,
        -1.850394 1.107046 0.118110,
        -1.850394 1.161417 3.069293,
        -1.889764 1.161417 3.069293,
        -1.889764 1.346633 0.019685,
        -1.889764 1.346633 -0.019685,
        -1.889764 1.161417 0.019685,
        -1.889764 1.107046 -0.019685,
        -1.850394 1.346633 -0.019685,
        -1.850394 1.346633 0.019685,
        -1.850394 1.107046 -0.019685,
        -1.850394 1.161417 0.019685,
        -1.692913 1.107046 0.118110,
        -1.653543 1.107046 0.118110,
        -1.653543 1.161417 3.069293,
        -1.692913 1.161417 3.069293,
        -1.692913 1.346633 0.019685,
        -1.692913 1.346633 -0.019685,
        -1.692913 1.161417 0.019685,
        -1.692913 1.107046 -0.019685,
        -1.653543 1.346633 -0.019685,
        -1.653543 1.346633 0.019685,
        -1.653543 1.107046 -0.019685,
        -1.653543 1.161417 0.019685,
        -1.496063 1.107046 0.118110,
        -1.456693 1.107046 0.118110,
        -1.456693 1.161417 3.069293,
        -1.496063 1.161417 3.069293,
        -1.496063 1.346633 0.019685,
        -1.496063 1.346633 -0.019685,
        -1.496063 1.161417 0.019685,
        -1.496063 1.107046 -0.019685,
        -1.456693 1.346633 -0.019685,
        -1.456693 1.346633 0.019685,
        -1.456693 1.107046 -0.019685,
        -1.456693 1.161417 0.019685,
        -1.299213 1.107046 0.118110,
        -1.259843 1.107046 0.118110,
        -1.259843 1.161417 3.069293,
        -1.299213 1.161417 3.069293,
        -1.299213 1.346633 0.019685,
        -1.299213 1.346633 -0.019685,
        -1.299213 1.161417 0.019685,
        -1.299213 1.107046 -0.019685,
        -1.259843 1.346633 -0.019685,
        -1.259843 1.346633 0.019685,
        -1.259843 1.107046 -0.019685,
        -1.259843 1.161417 0.019685,
        -1.102362 1.107046 0.118110,
        -1.062992 1.107046 0.118110,
        -1.062992 1.161417 3.069293,
        -1.102362 1.161417 3.069293,
        -1.102362 1.346633 0.019685,
        -1.102362 1.346633 -0.019685,
        -1.102362 1.161417 0.019685,
        -1.102362 1.107046 -0.019685,
        -1.062992 1.346633 -0.019685,
        -1.062992 1.346633 0.019685,
        -1.062992 1.107046 -0.019685,
        -1.062992 1.161417 0.019685,
        -0.905512 1.107046 0.118110,
        -0.866142 1.107046 0.118110,
        -0.866142 1.161417 3.069293,
        -0.905512 1.161417 3.069293,
        -0.905512 1.346633 0.019685,
        -0.905512 1.346633 -0.019685,
        -0.905512 1.161417 0.019685,
        -0.905512 1.107046 -0.019685,
        -0.866142 1.346633 -0.019685,
        -0.866142 1.346633 0.019685,
        -0.866142 1.107046 -0.019685,
        -0.866142 1.161417 0.019685,
        -0.708661 1.107046 0.118110,
        -0.669291 1.107046 0.118110,
        -0.669291 1.161417 3.069293,
        -0.708661 1.161417 3.069293,
        -0.708661 1.346633 0.019685,
        -0.708661 1.346633 -0.019685,
        -0.708661 1.161417 0.019685,
        -0.708661 1.107046 -0.019685,
        -0.669291 1.346633 -0.019685,
        -0.669291 1.346633 0.019685,
        -0.669291 1.107046 -0.019685,
        -0.669291 1.161417 0.019685,
        -0.511811 1.107046 0.118110,
        -0.472441 1.107046 0.118110,
        -0.472441 1.161417 3.069293,
        -0.511811 1.161417 3.069293,
        -0.511811 1.346633 0.019685,
        -0.511811 1.346633 -0.019685,
        -0.511811 1.161417 0.019685,
        -0.511811 1.107046 -0.019685,
        -0.472441 1.346633 -0.019685,
        -0.472441 1.346633 0.019685,
        -0.472441 1.107046 -0.019685,
        -0.472441 1.161417 0.019685,
        -0.314961 1.107046 0.118110,
        -0.275591 1.107046 0.118110,
        -0.275591 1.161417 3.069293,
        -0.314961 1.161417 3.069293,
        -0.314961 1.346633 0.019685,
        -0.314961 1.346633 -0.019685,
        -0.314961 1.161417 0.019685,
        -0.314961 1.107046 -0.019685,
        -0.275591 1.346633 -0.019685,
        -0.275591 1.346633 0.019685,
        -0.275591 1.107046 -0.019685,
        -0.275591 1.161417 0.019685,
        -0.118110 1.107046 0.118110,
        -0.078740 1.107046 0.118110,
        -0.078740 1.161417 3.069293,
        -0.118110 1.161417 3.069293,
        -0.118110 1.346633 0.019685,
        -0.118110 1.346633 -0.019685,
        -0.118110 1.161417 0.019685,
        -0.118110 1.107046 -0.019685,
        -0.078740 1.346633 -0.019685,
        -0.078740 1.346633 0.019685,
        -0.078740 1.107046 -0.019685,
        -0.078740 1.161417 0.019685,
        0.078740 1.107046 0.118110,
        0.118110 1.107046 0.118110,
        0.118110 1.161417 3.069293,
        0.078740 1.161417 3.069293,
        0.078740 1.346633 0.019685,
        0.078740 1.346633 -0.019685,
        0.078740 1.161417 0.019685,
        0.078740 1.107046 -0.019685,
        0.118110 1.346633 -0.019685,
        0.118110 1.346633 0.019685,
        0.118110 1.107046 -0.019685,
        0.118110 1.161417 0.019685,
        0.275591 1.107046 0.118110,
        0.314961 1.107046 0.118110,
        0.314961 1.161417 3.069293,
        0.275591 1.161417 3.069293,
        0.275591 1.346633 0.019685,
        0.275591 1.346633 -0.019685,
        0.275591 1.161417 0.019685,
        0.275591 1.107046 -0.019685,
        0.314961 1.346633 -0.019685,
        0.314961 1.346633 0.019685,
        0.314961 1.107046 -0.019685,
        0.314961 1.161417 0.019685,
        0.472441 1.107046 0.118110,
        0.511811 1.107046 0.118110,
        0.511811 1.161417 3.069293,
        0.472441 1.161417 3.069293,
        0.472441 1.346633 0.019685,
        0.472441 1.346633 -0.019685,
        0.472441 1.161417 0.019685,
        0.472441 1.107046 -0.019685,
        0.511811 1.346633 -0.019685,
        0.511811 1.346633 0.019685,
        0.511811 1.107046 -0.019685,
        0.511811 1.161417 0.019685,
        0.669291 1.107046 0.118110,
        0.708661 1.107046 0.118110,
        0.708661 1.161417 3.069293,
        0.669291 1.161417 3.069293,
        0.669291 1.346633 0.019685,
        0.669291 1.346633 -0.019685,
        0.669291 1.161417 0.019685,
        0.669291 1.107046 -0.019685,
        0.708661 1.346633 -0.019685,
        0.708661 1.346633 0.019685,
        0.708661 1.107046 -0.019685,
        0.708661 1.161417 0.019685,
        0.866142 1.107046 0.118110,
        0.905512 1.107046 0.118110,
        0.905512 1.161417 3.069293,
        0.866142 1.161417 3.069293,
        0.866142 1.346633 0.019685,
        0.866142 1.346633 -0.019685,
        0.866142 1.161417 0.019685,
        0.866142 1.107046 -0.019685,
        0.905512 1.346633 -0.019685,
        0.905512 1.346633 0.019685,
        0.905512 1.107046 -0.019685,
        0.905512 1.161417 0.019685,
        1.062992 1.107046 0.118110,
        1.102362 1.107046 0.118110,
        1.102362 1.161417 3.069293,
        1.062992 1.161417 3.069293,
        1.062992 1.346633 0.019685,
        1.062992 1.346633 -0.019685,
        1.062992 1.161417 0.019685,
        1.062992 1.107046 -0.019685,
        1.102362 1.346633 -0.019685,
        1.102362 1.346633 0.019685,
        1.102362 1.107046 -0.019685,
        1.102362 1.161417 0.019685,
        1.259843 1.107046 0.118110,
        1.299213 1.107046 0.118110,
        1.299213 1.161417 3.069293,
        1.259843 1.161417 3.069293,
        1.259843 1.346633 0.019685,
        1.259843 1.346633 -0.019685,
        1.259843 1.161417 0.019685,
        1.259843 1.107046 -0.019685,
        1.299213 1.346633 -0.019685,
        1.299213 1.346633 0.019685,
        1.299213 1.107046 -0.019685,
        1.299213 1.161417 0.019685,
        1.456693 1.107046 0.118110,
        1.496063 1.107046 0.118110,
        1.496063 1.161417 3.069293,
        1.456693 1.161417 3.069293,
        1.456693 1.346633 0.019685,
        1.456693 1.346633 -0.019685,
        1.456693 1.161417 0.019685,
        1.456693 1.107046 -0.019685,
        1.496063 1.346633 -0.019685,
        1.496063 1.346633 0.019685,
        1.496063 1.107046 -0.019685,
        1.496063 1.161417 0.019685,
        1.653543 1.107046 0.118110,
        1.692913 1.107046 0.118110,
        1.692913 1.161417 3.069293,
        1.653543 1.161417 3.069293,
        1.653543 1.346633 0.019685,
        1.653543 1.346633 -0.019685,
        1.653543 1.161417 0.019685,
        1.653543 1.107046 -0.019685,
        1.692913 1.346633 -0.019685,
        1.692913 1.346633 0.019685,
        1.692913 1.107046 -0.019685,
        1.692913 1.161417 0.019685,
        1.850394 1.107046 0.118110,
        1.889764 1.107046 0.118110,
        1.889764 1.161417 3.069293,
        1.850394 1.161417 3.069293,
        1.850394 1.346633 0.019685,
        1.850394 1.346633 -0.019685,
        1.850394 1.161417 0.019685,
        1.850394 1.107046 -0.019685,
        1.889764 1.346633 -0.019685,
        1.889764 1.346633 0.019685,
        1.889764 1.107046 -0.019685,
        1.889764 1.161417 0.019685,
      ]
    }
    coordIndex [
      449, 560, 456, -1,
      456, 560, 561, -1,
      558, 562, 559, -1,
      559, 562, 563, -1,
      445, 559, 563, -1,
      564, 565, 566, -1,
      566, 565, 567, -1,
      566, 567, 560, -1,
      449, 443, 560, -1,
      560, 443, 563, -1,
      560, 563, 566, -1,
      447, 446, 444, -1,
      444, 445, 447, -1,
      447, 445, 563, -1,
      447, 563, 440, -1,
      440, 563, 443, -1,
      440, 443, 441, -1,
      441, 443, 442, -1,
      431, 456, 561, -1,
      568, 569, 570, -1,
      570, 569, 571, -1,
      570, 571, 561, -1,
      561, 571, 562, -1,
      561, 562, 433, -1,
      433, 562, 558, -1,
      425, 424, 430, -1,
      430, 431, 425, -1,
      425, 431, 561, -1,
      425, 561, 439, -1,
      439, 561, 433, -1,
      439, 433, 438, -1,
      438, 433, 432, -1,
      566, 563, 571, -1,
      571, 563, 562, -1,
      564, 566, 569, -1,
      569, 566, 571, -1,
      565, 564, 568, -1,
      568, 564, 569, -1,
      567, 565, 570, -1,
      570, 565, 568, -1,
      560, 567, 561, -1,
      561, 567, 570, -1,
      453, 572, 454, -1,
      454, 572, 573, -1,
      556, 574, 557, -1,
      557, 574, 575, -1,
      435, 557, 575, -1,
      576, 577, 578, -1,
      578, 577, 579, -1,
      578, 579, 572, -1,
      453, 429, 572, -1,
      572, 429, 575, -1,
      572, 575, 578, -1,
      437, 436, 434, -1,
      434, 435, 437, -1,
      437, 435, 575, -1,
      437, 575, 427, -1,
      427, 575, 429, -1,
      427, 429, 426, -1,
      426, 429, 428, -1,
      415, 454, 573, -1,
      580, 581, 582, -1,
      582, 581, 583, -1,
      582, 583, 573, -1,
      573, 583, 574, -1,
      573, 574, 417, -1,
      417, 574, 556, -1,
      409, 408, 414, -1,
      414, 415, 409, -1,
      409, 415, 573, -1,
      409, 573, 423, -1,
      423, 573, 417, -1,
      423, 417, 422, -1,
      422, 417, 416, -1,
      578, 575, 583, -1,
      583, 575, 574, -1,
      576, 578, 581, -1,
      581, 578, 583, -1,
      577, 576, 580, -1,
      580, 576, 581, -1,
      579, 577, 582, -1,
      582, 577, 580, -1,
      572, 579, 573, -1,
      573, 579, 582, -1,
      459, 584, 465, -1,
      465, 584, 585, -1,
      554, 586, 555, -1,
      555, 586, 587, -1,
      419, 555, 587, -1,
      588, 589, 590, -1,
      590, 589, 591, -1,
      590, 591, 584, -1,
      459, 413, 584, -1,
      584, 413, 587, -1,
      584, 587, 590, -1,
      421, 420, 418, -1,
      418, 419, 421, -1,
      421, 419, 587, -1,
      421, 587, 411, -1,
      411, 587, 413, -1,
      411, 413, 410, -1,
      410, 413, 412, -1,
      399, 465, 585, -1,
      592, 593, 594, -1,
      594, 593, 595, -1,
      594, 595, 585, -1,
      585, 595, 586, -1,
      585, 586, 401, -1,
      401, 586, 554, -1,
      393, 392, 398, -1,
      398, 399, 393, -1,
      393, 399, 585, -1,
      393, 585, 407, -1,
      407, 585, 401, -1,
      407, 401, 406, -1,
      406, 401, 400, -1,
      590, 587, 595, -1,
      595, 587, 586, -1,
      588, 590, 593, -1,
      593, 590, 595, -1,
      589, 588, 592, -1,
      592, 588, 593, -1,
      591, 589, 594, -1,
      594, 589, 592, -1,
      584, 591, 585, -1,
      585, 591, 594, -1,
      471, 596, 466, -1,
      466, 596, 597, -1,
      552, 598, 553, -1,
      553, 598, 599, -1,
      403, 553, 599, -1,
      600, 601, 602, -1,
      602, 601, 603, -1,
      602, 603, 596, -1,
      471, 397, 596, -1,
      596, 397, 599, -1,
      596, 599, 602, -1,
      405, 404, 402, -1,
      402, 403, 405, -1,
      405, 403, 599, -1,
      405, 599, 395, -1,
      395, 599, 397, -1,
      395, 397, 394, -1,
      394, 397, 396, -1,
      383, 466, 597, -1,
      604, 605, 606, -1,
      606, 605, 607, -1,
      606, 607, 597, -1,
      597, 607, 598, -1,
      597, 598, 385, -1,
      385, 598, 552, -1,
      377, 376, 382, -1,
      382, 383, 377, -1,
      377, 383, 597, -1,
      377, 597, 391, -1,
      391, 597, 385, -1,
      391, 385, 390, -1,
      390, 385, 384, -1,
      602, 599, 607, -1,
      607, 599, 598, -1,
      600, 602, 605, -1,
      605, 602, 607, -1,
      601, 600, 604, -1,
      604, 600, 605, -1,
      603, 601, 606, -1,
      606, 601, 604, -1,
      596, 603, 597, -1,
      597, 603, 606, -1,
      469, 608, 470, -1,
      470, 608, 609, -1,
      550, 610, 551, -1,
      551, 610, 611, -1,
      387, 551, 611, -1,
      612, 613, 614, -1,
      614, 613, 615, -1,
      614, 615, 608, -1,
      469, 381, 608, -1,
      608, 381, 611, -1,
      608, 611, 614, -1,
      389, 388, 386, -1,
      386, 387, 389, -1,
      389, 387, 611, -1,
      389, 611, 379, -1,
      379, 611, 381, -1,
      379, 381, 378, -1,
      378, 381, 380, -1,
      367, 470, 609, -1,
      616, 617, 618, -1,
      618, 617, 619, -1,
      618, 619, 609, -1,
      609, 619, 610, -1,
      609, 610, 369, -1,
      369, 610, 550, -1,
      361, 360, 366, -1,
      366, 367, 361, -1,
      361, 367, 609, -1,
      361, 609, 375, -1,
      375, 609, 369, -1,
      375, 369, 374, -1,
      374, 369, 368, -1,
      614, 611, 619, -1,
      619, 611, 610, -1,
      612, 614, 617, -1,
      617, 614, 619, -1,
      613, 612, 616, -1,
      616, 612, 617, -1,
      615, 613, 618, -1,
      618, 613, 616, -1,
      608, 615, 609, -1,
      609, 615, 618, -1,
      473, 620, 474, -1,
      474, 620, 621, -1,
      548, 622, 549, -1,
      549, 622, 623, -1,
      371, 549, 623, -1,
      624, 625, 626, -1,
      626, 625, 627, -1,
      626, 627, 620, -1,
      473, 365, 620, -1,
      620, 365, 623, -1,
      620, 623, 626, -1,
      373, 372, 370, -1,
      370, 371, 373, -1,
      373, 371, 623, -1,
      373, 623, 363, -1,
      363, 623, 365, -1,
      363, 365, 362, -1,
      362, 365, 364, -1,
      351, 474, 621, -1,
      628, 629, 630, -1,
      630, 629, 631, -1,
      630, 631, 621, -1,
      621, 631, 622, -1,
      621, 622, 353, -1,
      353, 622, 548, -1,
      345, 344, 350, -1,
      350, 351, 345, -1,
      345, 351, 621, -1,
      345, 621, 359, -1,
      359, 621, 353, -1,
      359, 353, 358, -1,
      358, 353, 352, -1,
      626, 623, 631, -1,
      631, 623, 622, -1,
      624, 626, 629, -1,
      629, 626, 631, -1,
      625, 624, 628, -1,
      628, 624, 629, -1,
      627, 625, 630, -1,
      630, 625, 628, -1,
      620, 627, 621, -1,
      621, 627, 630, -1,
      476, 632, 478, -1,
      478, 632, 633, -1,
      546, 634, 547, -1,
      547, 634, 635, -1,
      355, 547, 635, -1,
      636, 637, 638, -1,
      638, 637, 639, -1,
      638, 639, 632, -1,
      476, 349, 632, -1,
      632, 349, 635, -1,
      632, 635, 638, -1,
      357, 356, 354, -1,
      354, 355, 357, -1,
      357, 355, 635, -1,
      357, 635, 347, -1,
      347, 635, 349, -1,
      347, 349, 346, -1,
      346, 349, 348, -1,
      335, 478, 633, -1,
      640, 641, 642, -1,
      642, 641, 643, -1,
      642, 643, 633, -1,
      633, 643, 634, -1,
      633, 634, 337, -1,
      337, 634, 546, -1,
      329, 328, 334, -1,
      334, 335, 329, -1,
      329, 335, 633, -1,
      329, 633, 343, -1,
      343, 633, 337, -1,
      343, 337, 342, -1,
      342, 337, 336, -1,
      638, 635, 643, -1,
      643, 635, 634, -1,
      636, 638, 641, -1,
      641, 638, 643, -1,
      637, 636, 640, -1,
      640, 636, 641, -1,
      639, 637, 642, -1,
      642, 637, 640, -1,
      632, 639, 633, -1,
      633, 639, 642, -1,
      480, 644, 485, -1,
      485, 644, 645, -1,
      544, 646, 545, -1,
      545, 646, 647, -1,
      339, 545, 647, -1,
      648, 649, 650, -1,
      650, 649, 651, -1,
      650, 651, 644, -1,
      480, 333, 644, -1,
      644, 333, 647, -1,
      644, 647, 650, -1,
      341, 340, 338, -1,
      338, 339, 341, -1,
      341, 339, 647, -1,
      341, 647, 331, -1,
      331, 647, 333, -1,
      331, 333, 330, -1,
      330, 333, 332, -1,
      319, 485, 645, -1,
      652, 653, 654, -1,
      654, 653, 655, -1,
      654, 655, 645, -1,
      645, 655, 646, -1,
      645, 646, 321, -1,
      321, 646, 544, -1,
      313, 312, 318, -1,
      318, 319, 313, -1,
      313, 319, 645, -1,
      313, 645, 327, -1,
      327, 645, 321, -1,
      327, 321, 326, -1,
      326, 321, 320, -1,
      650, 647, 655, -1,
      655, 647, 646, -1,
      648, 650, 653, -1,
      653, 650, 655, -1,
      649, 648, 652, -1,
      652, 648, 653, -1,
      651, 649, 654, -1,
      654, 649, 652, -1,
      644, 651, 645, -1,
      645, 651, 654, -1,
      493, 656, 490, -1,
      490, 656, 657, -1,
      542, 658, 543, -1,
      543, 658, 659, -1,
      323, 543, 659, -1,
      660, 661, 662, -1,
      662, 661, 663, -1,
      662, 663, 656, -1,
      493, 317, 656, -1,
      656, 317, 659, -1,
      656, 659, 662, -1,
      325, 324, 322, -1,
      322, 323, 325, -1,
      325, 323, 659, -1,
      325, 659, 315, -1,
      315, 659, 317, -1,
      315, 317, 314, -1,
      314, 317, 316, -1,
      303, 490, 657, -1,
      664, 665, 666, -1,
      666, 665, 667, -1,
      666, 667, 657, -1,
      657, 667, 658, -1,
      657, 658, 305, -1,
      305, 658, 542, -1,
      297, 296, 302, -1,
      302, 303, 297, -1,
      297, 303, 657, -1,
      297, 657, 311, -1,
      311, 657, 305, -1,
      311, 305, 310, -1,
      310, 305, 304, -1,
      662, 659, 667, -1,
      667, 659, 658, -1,
      660, 662, 665, -1,
      665, 662, 667, -1,
      661, 660, 664, -1,
      664, 660, 665, -1,
      663, 661, 666, -1,
      666, 661, 664, -1,
      656, 663, 657, -1,
      657, 663, 666, -1,
      488, 668, 489, -1,
      489, 668, 669, -1,
      540, 670, 541, -1,
      541, 670, 671, -1,
      307, 541, 671, -1,
      672, 673, 674, -1,
      674, 673, 675, -1,
      674, 675, 668, -1,
      488, 301, 668, -1,
      668, 301, 671, -1,
      668, 671, 674, -1,
      309, 308, 306, -1,
      306, 307, 309, -1,
      309, 307, 671, -1,
      309, 671, 299, -1,
      299, 671, 301, -1,
      299, 301, 298, -1,
      298, 301, 300, -1,
      287, 489, 669, -1,
      676, 677, 678, -1,
      678, 677, 679, -1,
      678, 679, 669, -1,
      669, 679, 670, -1,
      669, 670, 289, -1,
      289, 670, 540, -1,
      283, 282, 286, -1,
      286, 287, 283, -1,
      283, 287, 669, -1,
      283, 669, 295, -1,
      295, 669, 289, -1,
      295, 289, 294, -1,
      294, 289, 288, -1,
      674, 671, 679, -1,
      679, 671, 670, -1,
      672, 674, 677, -1,
      677, 674, 679, -1,
      673, 672, 676, -1,
      676, 672, 677, -1,
      675, 673, 678, -1,
      678, 673, 676, -1,
      668, 675, 669, -1,
      669, 675, 678, -1,
      499, 680, 496, -1,
      496, 680, 681, -1,
      538, 682, 539, -1,
      539, 682, 683, -1,
      291, 539, 683, -1,
      684, 685, 686, -1,
      686, 685, 687, -1,
      686, 687, 680, -1,
      499, 285, 680, -1,
      680, 285, 683, -1,
      680, 683, 686, -1,
      293, 292, 290, -1,
      290, 291, 293, -1,
      293, 291, 683, -1,
      293, 683, 280, -1,
      280, 683, 285, -1,
      280, 285, 281, -1,
      281, 285, 284, -1,
      271, 496, 681, -1,
      688, 689, 690, -1,
      690, 689, 691, -1,
      690, 691, 681, -1,
      681, 691, 682, -1,
      681, 682, 273, -1,
      273, 682, 538, -1,
      267, 266, 270, -1,
      270, 271, 267, -1,
      267, 271, 681, -1,
      267, 681, 279, -1,
      279, 681, 273, -1,
      279, 273, 278, -1,
      278, 273, 272, -1,
      686, 683, 691, -1,
      691, 683, 682, -1,
      684, 686, 689, -1,
      689, 686, 691, -1,
      685, 684, 688, -1,
      688, 684, 689, -1,
      687, 685, 690, -1,
      690, 685, 688, -1,
      680, 687, 681, -1,
      681, 687, 690, -1,
      501, 692, 500, -1,
      500, 692, 693, -1,
      536, 694, 537, -1,
      537, 694, 695, -1,
      275, 537, 695, -1,
      696, 697, 698, -1,
      698, 697, 699, -1,
      698, 699, 692, -1,
      501, 269, 692, -1,
      692, 269, 695, -1,
      692, 695, 698, -1,
      277, 276, 274, -1,
      274, 275, 277, -1,
      277, 275, 695, -1,
      277, 695, 264, -1,
      264, 695, 269, -1,
      264, 269, 265, -1,
      265, 269, 268, -1,
      255, 500, 693, -1,
      700, 701, 702, -1,
      702, 701, 703, -1,
      702, 703, 693, -1,
      693, 703, 694, -1,
      693, 694, 257, -1,
      257, 694, 536, -1,
      251, 250, 254, -1,
      254, 255, 251, -1,
      251, 255, 693, -1,
      251, 693, 263, -1,
      263, 693, 257, -1,
      263, 257, 262, -1,
      262, 257, 256, -1,
      698, 695, 703, -1,
      703, 695, 694, -1,
      696, 698, 701, -1,
      701, 698, 703, -1,
      697, 696, 700, -1,
      700, 696, 701, -1,
      699, 697, 702, -1,
      702, 697, 700, -1,
      692, 699, 693, -1,
      693, 699, 702, -1,
      502, 704, 503, -1,
      503, 704, 705, -1,
      534, 706, 535, -1,
      535, 706, 707, -1,
      259, 535, 707, -1,
      708, 709, 710, -1,
      710, 709, 711, -1,
      710, 711, 704, -1,
      502, 253, 704, -1,
      704, 253, 707, -1,
      704, 707, 710, -1,
      261, 260, 258, -1,
      258, 259, 261, -1,
      261, 259, 707, -1,
      261, 707, 248, -1,
      248, 707, 253, -1,
      248, 253, 249, -1,
      249, 253, 252, -1,
      239, 503, 705, -1,
      712, 713, 714, -1,
      714, 713, 715, -1,
      714, 715, 705, -1,
      705, 715, 706, -1,
      705, 706, 241, -1,
      241, 706, 534, -1,
      233, 232, 238, -1,
      238, 239, 233, -1,
      233, 239, 705, -1,
      233, 705, 247, -1,
      247, 705, 241, -1,
      247, 241, 246, -1,
      246, 241, 240, -1,
      710, 707, 715, -1,
      715, 707, 706, -1,
      708, 710, 713, -1,
      713, 710, 715, -1,
      709, 708, 712, -1,
      712, 708, 713, -1,
      711, 709, 714, -1,
      714, 709, 712, -1,
      704, 711, 705, -1,
      705, 711, 714, -1,
      460, 716, 448, -1,
      448, 716, 717, -1,
      532, 718, 533, -1,
      533, 718, 719, -1,
      243, 533, 719, -1,
      720, 721, 722, -1,
      722, 721, 723, -1,
      722, 723, 716, -1,
      460, 237, 716, -1,
      716, 237, 719, -1,
      716, 719, 722, -1,
      245, 244, 242, -1,
      242, 243, 245, -1,
      245, 243, 719, -1,
      245, 719, 235, -1,
      235, 719, 237, -1,
      235, 237, 234, -1,
      234, 237, 236, -1,
      223, 448, 717, -1,
      724, 725, 726, -1,
      726, 725, 727, -1,
      726, 727, 717, -1,
      717, 727, 718, -1,
      717, 718, 225, -1,
      225, 718, 532, -1,
      217, 216, 222, -1,
      222, 223, 217, -1,
      217, 223, 717, -1,
      217, 717, 231, -1,
      231, 717, 225, -1,
      231, 225, 230, -1,
      230, 225, 224, -1,
      722, 719, 727, -1,
      727, 719, 718, -1,
      720, 722, 725, -1,
      725, 722, 727, -1,
      721, 720, 724, -1,
      724, 720, 725, -1,
      723, 721, 726, -1,
      726, 721, 724, -1,
      716, 723, 717, -1,
      717, 723, 726, -1,
      461, 728, 450, -1,
      450, 728, 729, -1,
      530, 730, 531, -1,
      531, 730, 731, -1,
      227, 531, 731, -1,
      732, 733, 734, -1,
      734, 733, 735, -1,
      734, 735, 728, -1,
      461, 221, 728, -1,
      728, 221, 731, -1,
      728, 731, 734, -1,
      229, 228, 226, -1,
      226, 227, 229, -1,
      229, 227, 731, -1,
      229, 731, 219, -1,
      219, 731, 221, -1,
      219, 221, 218, -1,
      218, 221, 220, -1,
      207, 450, 729, -1,
      736, 737, 738, -1,
      738, 737, 739, -1,
      738, 739, 729, -1,
      729, 739, 730, -1,
      729, 730, 209, -1,
      209, 730, 530, -1,
      201, 200, 206, -1,
      206, 207, 201, -1,
      201, 207, 729, -1,
      201, 729, 215, -1,
      215, 729, 209, -1,
      215, 209, 214, -1,
      214, 209, 208, -1,
      734, 731, 739, -1,
      739, 731, 730, -1,
      732, 734, 737, -1,
      737, 734, 739, -1,
      733, 732, 736, -1,
      736, 732, 737, -1,
      735, 733, 738, -1,
      738, 733, 736, -1,
      728, 735, 729, -1,
      729, 735, 738, -1,
      458, 740, 457, -1,
      457, 740, 741, -1,
      528, 742, 529, -1,
      529, 742, 743, -1,
      211, 529, 743, -1,
      744, 745, 746, -1,
      746, 745, 747, -1,
      746, 747, 740, -1,
      458, 205, 740, -1,
      740, 205, 743, -1,
      740, 743, 746, -1,
      213, 212, 210, -1,
      210, 211, 213, -1,
      213, 211, 743, -1,
      213, 743, 203, -1,
      203, 743, 205, -1,
      203, 205, 202, -1,
      202, 205, 204, -1,
      191, 457, 741, -1,
      748, 749, 750, -1,
      750, 749, 751, -1,
      750, 751, 741, -1,
      741, 751, 742, -1,
      741, 742, 193, -1,
      193, 742, 528, -1,
      185, 184, 190, -1,
      190, 191, 185, -1,
      185, 191, 741, -1,
      185, 741, 199, -1,
      199, 741, 193, -1,
      199, 193, 198, -1,
      198, 193, 192, -1,
      746, 743, 751, -1,
      751, 743, 742, -1,
      744, 746, 749, -1,
      749, 746, 751, -1,
      745, 744, 748, -1,
      748, 744, 749, -1,
      747, 745, 750, -1,
      750, 745, 748, -1,
      740, 747, 741, -1,
      741, 747, 750, -1,
      462, 752, 463, -1,
      463, 752, 753, -1,
      526, 754, 527, -1,
      527, 754, 755, -1,
      195, 527, 755, -1,
      756, 757, 758, -1,
      758, 757, 759, -1,
      758, 759, 752, -1,
      462, 189, 752, -1,
      752, 189, 755, -1,
      752, 755, 758, -1,
      197, 196, 194, -1,
      194, 195, 197, -1,
      197, 195, 755, -1,
      197, 755, 187, -1,
      187, 755, 189, -1,
      187, 189, 186, -1,
      186, 189, 188, -1,
      175, 463, 753, -1,
      760, 761, 762, -1,
      762, 761, 763, -1,
      762, 763, 753, -1,
      753, 763, 754, -1,
      753, 754, 177, -1,
      177, 754, 526, -1,
      169, 168, 174, -1,
      174, 175, 169, -1,
      169, 175, 753, -1,
      169, 753, 183, -1,
      183, 753, 177, -1,
      183, 177, 182, -1,
      182, 177, 176, -1,
      758, 755, 763, -1,
      763, 755, 754, -1,
      756, 758, 761, -1,
      761, 758, 763, -1,
      757, 756, 760, -1,
      760, 756, 761, -1,
      759, 757, 762, -1,
      762, 757, 760, -1,
      752, 759, 753, -1,
      753, 759, 762, -1,
      497, 764, 467, -1,
      467, 764, 765, -1,
      524, 766, 525, -1,
      525, 766, 767, -1,
      179, 525, 767, -1,
      768, 769, 770, -1,
      770, 769, 771, -1,
      770, 771, 764, -1,
      497, 173, 764, -1,
      764, 173, 767, -1,
      764, 767, 770, -1,
      181, 180, 178, -1,
      178, 179, 181, -1,
      181, 179, 767, -1,
      181, 767, 171, -1,
      171, 767, 173, -1,
      171, 173, 170, -1,
      170, 173, 172, -1,
      159, 467, 765, -1,
      772, 773, 774, -1,
      774, 773, 775, -1,
      774, 775, 765, -1,
      765, 775, 766, -1,
      765, 766, 161, -1,
      161, 766, 524, -1,
      155, 154, 158, -1,
      158, 159, 155, -1,
      155, 159, 765, -1,
      155, 765, 167, -1,
      167, 765, 161, -1,
      167, 161, 166, -1,
      166, 161, 160, -1,
      770, 767, 775, -1,
      775, 767, 766, -1,
      768, 770, 773, -1,
      773, 770, 775, -1,
      769, 768, 772, -1,
      772, 768, 773, -1,
      771, 769, 774, -1,
      774, 769, 772, -1,
      764, 771, 765, -1,
      765, 771, 774, -1,
      468, 776, 494, -1,
      494, 776, 777, -1,
      522, 778, 523, -1,
      523, 778, 779, -1,
      163, 523, 779, -1,
      780, 781, 782, -1,
      782, 781, 783, -1,
      782, 783, 776, -1,
      468, 157, 776, -1,
      776, 157, 779, -1,
      776, 779, 782, -1,
      165, 164, 162, -1,
      162, 163, 165, -1,
      165, 163, 779, -1,
      165, 779, 152, -1,
      152, 779, 157, -1,
      152, 157, 153, -1,
      153, 157, 156, -1,
      143, 494, 777, -1,
      784, 785, 786, -1,
      786, 785, 787, -1,
      786, 787, 777, -1,
      777, 787, 778, -1,
      777, 778, 145, -1,
      145, 778, 522, -1,
      139, 138, 142, -1,
      142, 143, 139, -1,
      139, 143, 777, -1,
      139, 777, 151, -1,
      151, 777, 145, -1,
      151, 145, 150, -1,
      150, 145, 144, -1,
      782, 779, 787, -1,
      787, 779, 778, -1,
      780, 782, 785, -1,
      785, 782, 787, -1,
      781, 780, 784, -1,
      784, 780, 785, -1,
      783, 781, 786, -1,
      786, 781, 784, -1,
      776, 783, 777, -1,
      777, 783, 786, -1,
      498, 788, 472, -1,
      472, 788, 789, -1,
      520, 790, 521, -1,
      521, 790, 791, -1,
      147, 521, 791, -1,
      792, 793, 794, -1,
      794, 793, 795, -1,
      794, 795, 788, -1,
      498, 141, 788, -1,
      788, 141, 791, -1,
      788, 791, 794, -1,
      149, 148, 146, -1,
      146, 147, 149, -1,
      149, 147, 791, -1,
      149, 791, 136, -1,
      136, 791, 141, -1,
      136, 141, 137, -1,
      137, 141, 140, -1,
      127, 472, 789, -1,
      796, 797, 798, -1,
      798, 797, 799, -1,
      798, 799, 789, -1,
      789, 799, 790, -1,
      789, 790, 129, -1,
      129, 790, 520, -1,
      123, 122, 126, -1,
      126, 127, 123, -1,
      123, 127, 789, -1,
      123, 789, 135, -1,
      135, 789, 129, -1,
      135, 129, 134, -1,
      134, 129, 128, -1,
      794, 791, 799, -1,
      799, 791, 790, -1,
      792, 794, 797, -1,
      797, 794, 799, -1,
      793, 792, 796, -1,
      796, 792, 797, -1,
      795, 793, 798, -1,
      798, 793, 796, -1,
      788, 795, 789, -1,
      789, 795, 798, -1,
      475, 800, 491, -1,
      491, 800, 801, -1,
      518, 802, 519, -1,
      519, 802, 803, -1,
      131, 519, 803, -1,
      804, 805, 806, -1,
      806, 805, 807, -1,
      806, 807, 800, -1,
      475, 125, 800, -1,
      800, 125, 803, -1,
      800, 803, 806, -1,
      133, 132, 130, -1,
      130, 131, 133, -1,
      133, 131, 803, -1,
      133, 803, 120, -1,
      120, 803, 125, -1,
      120, 125, 121, -1,
      121, 125, 124, -1,
      111, 491, 801, -1,
      808, 809, 810, -1,
      810, 809, 811, -1,
      810, 811, 801, -1,
      801, 811, 802, -1,
      801, 802, 113, -1,
      113, 802, 518, -1,
      105, 104, 110, -1,
      110, 111, 105, -1,
      105, 111, 801, -1,
      105, 801, 119, -1,
      119, 801, 113, -1,
      119, 113, 118, -1,
      118, 113, 112, -1,
      806, 803, 811, -1,
      811, 803, 802, -1,
      804, 806, 809, -1,
      809, 806, 811, -1,
      805, 804, 808, -1,
      808, 804, 809, -1,
      807, 805, 810, -1,
      810, 805, 808, -1,
      800, 807, 801, -1,
      801, 807, 810, -1,
      495, 812, 477, -1,
      477, 812, 813, -1,
      516, 814, 517, -1,
      517, 814, 815, -1,
      115, 517, 815, -1,
      816, 817, 818, -1,
      818, 817, 819, -1,
      818, 819, 812, -1,
      495, 109, 812, -1,
      812, 109, 815, -1,
      812, 815, 818, -1,
      117, 116, 114, -1,
      114, 115, 117, -1,
      117, 115, 815, -1,
      117, 815, 107, -1,
      107, 815, 109, -1,
      107, 109, 106, -1,
      106, 109, 108, -1,
      95, 477, 813, -1,
      820, 821, 822, -1,
      822, 821, 823, -1,
      822, 823, 813, -1,
      813, 823, 814, -1,
      813, 814, 97, -1,
      97, 814, 516, -1,
      89, 88, 94, -1,
      94, 95, 89, -1,
      89, 95, 813, -1,
      89, 813, 103, -1,
      103, 813, 97, -1,
      103, 97, 102, -1,
      102, 97, 96, -1,
      818, 815, 823, -1,
      823, 815, 814, -1,
      816, 818, 821, -1,
      821, 818, 823, -1,
      817, 816, 820, -1,
      820, 816, 821, -1,
      819, 817, 822, -1,
      822, 817, 820, -1,
      812, 819, 813, -1,
      813, 819, 822, -1,
      481, 824, 479, -1,
      479, 824, 825, -1,
      514, 826, 515, -1,
      515, 826, 827, -1,
      99, 515, 827, -1,
      828, 829, 830, -1,
      830, 829, 831, -1,
      830, 831, 824, -1,
      481, 93, 824, -1,
      824, 93, 827, -1,
      824, 827, 830, -1,
      101, 100, 98, -1,
      98, 99, 101, -1,
      101, 99, 827, -1,
      101, 827, 91, -1,
      91, 827, 93, -1,
      91, 93, 90, -1,
      90, 93, 92, -1,
      79, 479, 825, -1,
      832, 833, 834, -1,
      834, 833, 835, -1,
      834, 835, 825, -1,
      825, 835, 826, -1,
      825, 826, 81, -1,
      81, 826, 514, -1,
      73, 72, 78, -1,
      78, 79, 73, -1,
      73, 79, 825, -1,
      73, 825, 87, -1,
      87, 825, 81, -1,
      87, 81, 86, -1,
      86, 81, 80, -1,
      830, 827, 835, -1,
      835, 827, 826, -1,
      828, 830, 833, -1,
      833, 830, 835, -1,
      829, 828, 832, -1,
      832, 828, 833, -1,
      831, 829, 834, -1,
      834, 829, 832, -1,
      824, 831, 825, -1,
      825, 831, 834, -1,
      483, 836, 482, -1,
      482, 836, 837, -1,
      512, 838, 513, -1,
      513, 838, 839, -1,
      83, 513, 839, -1,
      840, 841, 842, -1,
      842, 841, 843, -1,
      842, 843, 836, -1,
      483, 77, 836, -1,
      836, 77, 839, -1,
      836, 839, 842, -1,
      85, 84, 82, -1,
      82, 83, 85, -1,
      85, 83, 839, -1,
      85, 839, 75, -1,
      75, 839, 77, -1,
      75, 77, 74, -1,
      74, 77, 76, -1,
      63, 482, 837, -1,
      844, 845, 846, -1,
      846, 845, 847, -1,
      846, 847, 837, -1,
      837, 847, 838, -1,
      837, 838, 65, -1,
      65, 838, 512, -1,
      57, 56, 62, -1,
      62, 63, 57, -1,
      57, 63, 837, -1,
      57, 837, 71, -1,
      71, 837, 65, -1,
      71, 65, 70, -1,
      70, 65, 64, -1,
      842, 839, 847, -1,
      847, 839, 838, -1,
      840, 842, 845, -1,
      845, 842, 847, -1,
      841, 840, 844, -1,
      844, 840, 845, -1,
      843, 841, 846, -1,
      846, 841, 844, -1,
      836, 843, 837, -1,
      837, 843, 846, -1,
      484, 848, 487, -1,
      487, 848, 849, -1,
      510, 850, 511, -1,
      511, 850, 851, -1,
      67, 511, 851, -1,
      852, 853, 854, -1,
      854, 853, 855, -1,
      854, 855, 848, -1,
      484, 61, 848, -1,
      848, 61, 851, -1,
      848, 851, 854, -1,
      69, 68, 66, -1,
      66, 67, 69, -1,
      69, 67, 851, -1,
      69, 851, 59, -1,
      59, 851, 61, -1,
      59, 61, 58, -1,
      58, 61, 60, -1,
      47, 487, 849, -1,
      856, 857, 858, -1,
      858, 857, 859, -1,
      858, 859, 849, -1,
      849, 859, 850, -1,
      849, 850, 49, -1,
      49, 850, 510, -1,
      41, 40, 46, -1,
      46, 47, 41, -1,
      41, 47, 849, -1,
      41, 849, 55, -1,
      55, 849, 49, -1,
      55, 49, 54, -1,
      54, 49, 48, -1,
      854, 851, 859, -1,
      859, 851, 850, -1,
      852, 854, 857, -1,
      857, 854, 859, -1,
      853, 852, 856, -1,
      856, 852, 857, -1,
      855, 853, 858, -1,
      858, 853, 856, -1,
      848, 855, 849, -1,
      849, 855, 858, -1,
      492, 860, 486, -1,
      486, 860, 861, -1,
      508, 862, 509, -1,
      509, 862, 863, -1,
      51, 509, 863, -1,
      864, 865, 866, -1,
      866, 865, 867, -1,
      866, 867, 860, -1,
      492, 45, 860, -1,
      860, 45, 863, -1,
      860, 863, 866, -1,
      53, 52, 50, -1,
      50, 51, 53, -1,
      53, 51, 863, -1,
      53, 863, 43, -1,
      43, 863, 45, -1,
      43, 45, 42, -1,
      42, 45, 44, -1,
      31, 486, 861, -1,
      868, 869, 870, -1,
      870, 869, 871, -1,
      870, 871, 861, -1,
      861, 871, 862, -1,
      861, 862, 33, -1,
      33, 862, 508, -1,
      25, 24, 30, -1,
      30, 31, 25, -1,
      25, 31, 861, -1,
      25, 861, 39, -1,
      39, 861, 33, -1,
      39, 33, 38, -1,
      38, 33, 32, -1,
      866, 863, 871, -1,
      871, 863, 862, -1,
      864, 866, 869, -1,
      869, 866, 871, -1,
      865, 864, 868, -1,
      868, 864, 869, -1,
      867, 865, 870, -1,
      870, 865, 868, -1,
      860, 867, 861, -1,
      861, 867, 870, -1,
      464, 872, 451, -1,
      451, 872, 873, -1,
      506, 874, 507, -1,
      507, 874, 875, -1,
      35, 507, 875, -1,
      876, 877, 878, -1,
      878, 877, 879, -1,
      878, 879, 872, -1,
      464, 29, 872, -1,
      872, 29, 875, -1,
      872, 875, 878, -1,
      37, 36, 34, -1,
      34, 35, 37, -1,
      37, 35, 875, -1,
      37, 875, 27, -1,
      27, 875, 29, -1,
      27, 29, 26, -1,
      26, 29, 28, -1,
      15, 451, 873, -1,
      880, 881, 882, -1,
      882, 881, 883, -1,
      882, 883, 873, -1,
      873, 883, 874, -1,
      873, 874, 17, -1,
      17, 874, 506, -1,
      9, 8, 14, -1,
      14, 15, 9, -1,
      9, 15, 873, -1,
      9, 873, 23, -1,
      23, 873, 17, -1,
      23, 17, 22, -1,
      22, 17, 16, -1,
      878, 875, 883, -1,
      883, 875, 874, -1,
      876, 878, 881, -1,
      881, 878, 883, -1,
      877, 876, 880, -1,
      880, 876, 881, -1,
      879, 877, 882, -1,
      882, 877, 880, -1,
      872, 879, 873, -1,
      873, 879, 882, -1,
      452, 884, 455, -1,
      455, 884, 885, -1,
      504, 886, 505, -1,
      505, 886, 887, -1,
      19, 505, 887, -1,
      888, 889, 890, -1,
      890, 889, 891, -1,
      890, 891, 884, -1,
      452, 13, 884, -1,
      884, 13, 887, -1,
      884, 887, 890, -1,
      21, 20, 18, -1,
      18, 19, 21, -1,
      21, 19, 887, -1,
      21, 887, 11, -1,
      11, 887, 13, -1,
      11, 13, 10, -1,
      10, 13, 12, -1,
      3, 455, 885, -1,
      892, 893, 894, -1,
      894, 893, 895, -1,
      894, 895, 885, -1,
      885, 895, 886, -1,
      885, 886, 5, -1,
      5, 886, 504, -1,
      1, 0, 2, -1,
      2, 3, 1, -1,
      1, 3, 885, -1,
      1, 885, 7, -1,
      7, 885, 5, -1,
      7, 5, 6, -1,
      6, 5, 4, -1,
      890, 887, 895, -1,
      895, 887, 886, -1,
      888, 890, 893, -1,
      893, 890, 895, -1,
      889, 888, 892, -1,
      892, 888, 893, -1,
      891, 889, 894, -1,
      894, 889, 892, -1,
      884, 891, 885, -1,
      885, 891, 894, -1,
    ]
  }
}

Shape {
  appearance Appearance {
    material Material {
      diffuseColor 0.1490 0.1490 0.1490
      specularColor 0.0745 0.0745 0.0745
      ambientIntensity 0.2
      transparency 0.0000
      shininess 0.5
    }
  }
  geometry IndexedFaceSet {
    ccw TRUE
    solid FALSE
    coord DEF co Coordinate {
      point [
        2.805118 1.161417 3.184898,
        2.805118 1.161417 2.082118,
        2.903543 1.161417 2.082118,
        2.903543 1.161417 3.184898,
        2.903543 1.161417 1.067770,
        2.903543 1.161417 1.633858,
        2.903543 1.011184 1.067770,
        2.903543 1.011184 0.647687,
        2.903543 1.161417 0.647687,
        2.874016 1.011184 2.082118,
        2.903543 1.011184 2.082118,
        2.903543 1.011184 1.633858,
        2.903543 1.011184 0.118110,
        2.903543 1.161417 0.118110,
        2.805118 1.161417 1.633858,
        2.805118 1.161417 1.067770,
        2.805118 1.011184 1.067770,
        2.834646 1.011184 1.067770,
        2.805118 1.011184 0.647687,
        2.805118 1.161417 0.647687,
        2.805118 1.011184 2.082118,
        2.834646 1.011184 2.082118,
        2.805118 1.011184 1.633858,
        2.834646 1.011184 1.633858,
        2.805118 1.011184 0.118110,
        2.805118 1.161417 0.118110,
        2.834646 1.011184 0.098304,
        2.874016 1.011184 0.098304,
        2.874016 1.011184 3.069293,
        2.834646 1.011184 3.069293,
        2.805118 1.011184 3.184898,
        2.903543 1.011184 3.184898,
        2.834646 1.107046 0.118110,
        2.874016 1.107046 0.118110,
      ]
    }
    coordIndex [
      25, 19, 24, -1,
      24, 19, 18, -1,
      12, 7, 13, -1,
      13, 7, 8, -1,
      5, 4, 11, -1,
      11, 4, 6, -1,
      22, 16, 14, -1,
      14, 16, 15, -1,
      17, 16, 23, -1,
      23, 16, 22, -1,
      10, 9, 28, -1,
      21, 20, 29, -1,
      29, 20, 30, -1,
      29, 30, 28, -1,
      28, 30, 31, -1,
      28, 31, 10, -1,
      3, 2, 31, -1,
      31, 2, 10, -1,
      30, 20, 0, -1,
      0, 20, 1, -1,
      3, 31, 0, -1,
      0, 31, 30, -1,
      26, 32, 27, -1,
      27, 32, 33, -1,
    ]
  }
}

Shape {
  appearance Appearance {
    material Material {
      diffuseColor 0.7529 0.7529 0.7529
      specularColor 0.3765 0.3765 0.3765
      ambientIntensity 0.2
      transparency 0.0000
      shininess 0.5
    }
  }
  geometry IndexedFaceSet {
    ccw TRUE
    solid FALSE
    coord DEF co Coordinate {
      point [
        2.874016 0.950310 1.067770,
        2.874016 1.011184 1.067770,
        2.874016 0.950310 0.647687,
        2.874016 1.011184 0.647687,
        2.874016 0.950310 2.082118,
        2.874016 1.011184 2.082118,
        2.874016 0.950310 1.633858,
        2.874016 1.011184 1.633858,
        2.834646 1.011184 1.067770,
        2.834646 0.950310 1.067770,
        2.834646 0.950310 0.647687,
        2.834646 1.011184 0.647687,
        2.834646 1.011184 2.082118,
        2.834646 0.950310 2.082118,
        2.834646 0.950310 1.633858,
        2.834646 1.011184 1.633858,
        2.834646 1.011184 0.098304,
        2.874016 1.011184 0.098304,
        2.874016 1.011184 3.069293,
        2.834646 1.011184 3.069293,
        2.834646 1.107046 0.118110,
        2.874016 1.107046 0.118110,
        2.874016 1.161417 3.069293,
        2.834646 1.161417 3.069293,
        2.834646 1.346633 0.019685,
        2.834646 1.346633 -0.019685,
        2.834646 1.161417 0.019685,
        2.834646 1.107046 -0.019685,
        2.874016 1.346633 -0.019685,
        2.874016 1.346633 0.019685,
        2.874016 1.107046 -0.019685,
        2.874016 1.161417 0.019685,
      ]
    }
    coordIndex [
      18, 22, 19, -1,
      19, 22, 23, -1,
      12, 19, 23, -1,
      24, 25, 26, -1,
      26, 25, 27, -1,
      26, 27, 20, -1,
      16, 11, 20, -1,
      20, 11, 23, -1,
      20, 23, 26, -1,
      15, 14, 13, -1,
      13, 12, 15, -1,
      15, 12, 23, -1,
      15, 23, 8, -1,
      8, 23, 11, -1,
      8, 11, 9, -1,
      9, 11, 10, -1,
      3, 17, 21, -1,
      28, 29, 30, -1,
      30, 29, 31, -1,
      30, 31, 21, -1,
      21, 31, 22, -1,
      21, 22, 5, -1,
      5, 22, 18, -1,
      1, 0, 2, -1,
      2, 3, 1, -1,
      1, 3, 21, -1,
      1, 21, 7, -1,
      7, 21, 5, -1,
      7, 5, 6, -1,
      6, 5, 4, -1,
      26, 23, 31, -1,
      31, 23, 22, -1,
      24, 26, 29, -1,
      29, 26, 31, -1,
      25, 24, 28, -1,
      28, 24, 29, -1,
      27, 25, 30, -1,
      30, 25, 28, -1,
      20, 27, 21, -1,
      21, 27, 30, -1,
    ]
  }
}

Shape {
  appearance Appearance {
    material Material {
      diffuseColor 0.1490 0.1490 0.1490
      specularColor 0.0745 0.0745 0.0745
      ambientIntensity 0.2
      transparency 0.0000
      shininess 0.5
    }
  }
  geometry IndexedFaceSet {
    ccw TRUE
    solid FALSE
    coord DEF co Coordinate {
      point [
        3.100394 1.161417 2.082118,
        3.100394 1.161417 3.184898,
        3.001969 1.161417 3.184898,
        3.001969 1.161417 2.082118,
        3.100394 1.161417 1.067770,
        3.100394 1.161417 1.633858,
        3.100394 1.011184 1.067770,
        3.100394 1.011184 0.647687,
        3.100394 1.161417 0.647687,
        3.070866 1.011184 2.082118,
        3.100394 1.011184 2.082118,
        3.100394 1.011184 1.633858,
        3.100394 1.011184 0.118110,
        3.100394 1.161417 0.118110,
        3.001969 1.161417 1.067770,
        3.001969 1.161417 1.633858,
        3.001969 1.011184 1.067770,
        3.031496 1.011184 1.067770,
        3.001969 1.011184 0.647687,
        3.001969 1.161417 0.647687,
        3.001969 1.011184 2.082118,
        3.031496 1.011184 2.082118,
        3.031496 1.011184 1.633858,
        3.001969 1.011184 1.633858,
        3.001969 1.011184 0.118110,
        3.001969 1.161417 0.118110,
        3.031496 1.011184 0.098304,
        3.070866 1.011184 0.098304,
        3.070866 1.011184 3.069293,
        3.031496 1.011184 3.069293,
        3.001969 1.011184 3.184898,
        3.100394 1.011184 3.184898,
        3.031496 1.107046 0.118110,
        3.070866 1.107046 0.118110,
      ]
    }
    coordIndex [
      25, 19, 24, -1,
      24, 19, 18, -1,
      12, 7, 13, -1,
      13, 7, 8, -1,
      5, 4, 11, -1,
      11, 4, 6, -1,
      23, 16, 15, -1,
      15, 16, 14, -1,
      17, 16, 22, -1,
      22, 16, 23, -1,
      10, 9, 28, -1,
      21, 20, 29, -1,
      29, 20, 30, -1,
      29, 30, 28, -1,
      28, 30, 31, -1,
      28, 31, 10, -1,
      1, 0, 31, -1,
      31, 0, 10, -1,
      30, 20, 2, -1,
      2, 20, 3, -1,
      1, 31, 2, -1,
      2, 31, 30, -1,
      26, 32, 27, -1,
      27, 32, 33, -1,
    ]
  }
}

Shape {
  appearance Appearance {
    material Material {
      diffuseColor 0.7529 0.7529 0.7529
      specularColor 0.3765 0.3765 0.3765
      ambientIntensity 0.2
      transparency 0.0000
      shininess 0.5
    }
  }
  geometry IndexedFaceSet {
    ccw TRUE
    solid FALSE
    coord DEF co Coordinate {
      point [
        3.070866 0.950310 1.067770,
        3.070866 1.011184 1.067770,
        3.070866 0.950310 0.647687,
        3.070866 1.011184 0.647687,
        3.070866 0.950310 2.082118,
        3.070866 1.011184 2.082118,
        3.070866 0.950310 1.633858,
        3.070866 1.011184 1.633858,
        3.031496 1.011184 1.067770,
        3.031496 0.950310 1.067770,
        3.031496 0.950310 0.647687,
        3.031496 1.011184 0.647687,
        3.031496 1.011184 2.082118,
        3.031496 0.950310 2.082118,
        3.031496 0.950310 1.633858,
        3.031496 1.011184 1.633858,
        3.031496 1.011184 0.098304,
        3.070866 1.011184 0.098304,
        3.070866 1.011184 3.069293,
        3.031496 1.011184 3.069293,
        3.031496 1.107046 0.118110,
        3.070866 1.107046 0.118110,
        3.070866 1.161417 3.069293,
        3.031496 1.161417 3.069293,
        3.031496 1.346633 0.019685,
        3.031496 1.346633 -0.019685,
        3.031496 1.161417 0.019685,
        3.031496 1.107046 -0.019685,
        3.070866 1.346633 -0.019685,
        3.070866 1.346633 0.019685,
        3.070866 1.107046 -0.019685,
        3.070866 1.161417 0.019685,
      ]
    }
    coordIndex [
      18, 22, 19, -1,
      19, 22, 23, -1,
      12, 19, 23, -1,
      24, 25, 26, -1,
      26, 25, 27, -1,
      26, 27, 20, -1,
      16, 11, 20, -1,
      20, 11, 23, -1,
      20, 23, 26, -1,
      15, 14, 13, -1,
      13, 12, 15, -1,
      15, 12, 23, -1,
      15, 23, 8, -1,
      8, 23, 11, -1,
      8, 11, 9, -1,
      9, 11, 10, -1,
      3, 17, 21, -1,
      28, 29, 30, -1,
      30, 29, 31, -1,
      30, 31, 21, -1,
      21, 31, 22, -1,
      21, 22, 5, -1,
      5, 22, 18, -1,
      1, 0, 2, -1,
      2, 3, 1, -1,
      1, 3, 21, -1,
      1, 21, 7, -1,
      7, 21, 5, -1,
      7, 5, 6, -1,
      6, 5, 4, -1,
      26, 23, 31, -1,
      31, 23, 22, -1,
      24, 26, 29, -1,
      29, 26, 31, -1,
      25, 24, 28, -1,
      28, 24, 29, -1,
      27, 25, 30, -1,
      30, 25, 28, -1,
      20, 27, 21, -1,
      21, 27, 30, -1,
    ]
  }
}

Shape {
  appearance Appearance {
    material Material {
      diffuseColor 0.1490 0.1490 0.1490
      specularColor 0.0745 0.0745 0.0745
      ambientIntensity 0.2
      transparency 0.0000
      shininess 0.5
    }
  }
  geometry IndexedFaceSet {
    ccw TRUE
    solid FALSE
    coord DEF co Coordinate {
      point [
        3.297244 1.161417 2.082118,
        3.297244 1.161417 3.184898,
        3.198819 1.161417 3.184898,
        3.198819 1.161417 2.082118,
        3.297244 1.161417 1.067770,
        3.297244 1.161417 1.633858,
        3.297244 1.011184 1.067770,
        3.297244 1.011184 0.647687,
        3.297244 1.161417 0.647687,
        3.267717 1.011184 2.082118,
        3.297244 1.011184 2.082118,
        3.297244 1.011184 1.633858,
        3.297244 1.011184 0.118110,
        3.297244 1.161417 0.118110,
        3.198819 1.161417 1.067770,
        3.198819 1.161417 1.633858,
        3.198819 1.011184 1.067770,
        3.228346 1.011184 1.067770,
        3.198819 1.011184 0.647687,
        3.198819 1.161417 0.647687,
        3.228346 1.011184 2.082118,
        3.198819 1.011184 2.082118,
        3.228346 1.011184 1.633858,
        3.198819 1.011184 1.633858,
        3.198819 1.011184 0.118110,
        3.198819 1.161417 0.118110,
        3.228346 1.011184 0.098304,
        3.267717 1.011184 0.098304,
        3.267717 1.011184 3.069293,
        3.228346 1.011184 3.069293,
        3.198819 1.011184 3.184898,
        3.297244 1.011184 3.184898,
        3.228346 1.107046 0.118110,
        3.267717 1.107046 0.118110,
      ]
    }
    coordIndex [
      25, 19, 24, -1,
      24, 19, 18, -1,
      12, 7, 13, -1,
      13, 7, 8, -1,
      5, 4, 11, -1,
      11, 4, 6, -1,
      23, 16, 15, -1,
      15, 16, 14, -1,
      17, 16, 22, -1,
      22, 16, 23, -1,
      10, 9, 28, -1,
      20, 21, 29, -1,
      29, 21, 30, -1,
      29, 30, 28, -1,
      28, 30, 31, -1,
      28, 31, 10, -1,
      1, 0, 31, -1,
      31, 0, 10, -1,
      30, 21, 2, -1,
      2, 21, 3, -1,
      1, 31, 2, -1,
      2, 31, 30, -1,
      26, 32, 27, -1,
      27, 32, 33, -1,
    ]
  }
}

Shape {
  appearance Appearance {
    material Material {
      diffuseColor 0.7529 0.7529 0.7529
      specularColor 0.3765 0.3765 0.3765
      ambientIntensity 0.2
      transparency 0.0000
      shininess 0.5
    }
  }
  geometry IndexedFaceSet {
    ccw TRUE
    solid FALSE
    coord DEF co Coordinate {
      point [
        3.267717 0.950310 1.067770,
        3.267717 1.011184 1.067770,
        3.267717 0.950310 0.647687,
        3.267717 1.011184 0.647687,
        3.267717 0.950310 2.082118,
        3.267717 1.011184 2.082118,
        3.267717 0.950310 1.633858,
        3.267717 1.011184 1.633858,
        3.228346 1.011184 1.067770,
        3.228346 0.950310 1.067770,
        3.228346 0.950310 0.647687,
        3.228346 1.011184 0.647687,
        3.228346 0.950310 2.082118,
        3.228346 1.011184 2.082118,
        3.228346 0.950310 1.633858,
        3.228346 1.011184 1.633858,
        3.228346 1.011184 0.098304,
        3.267717 1.011184 0.098304,
        3.267717 1.011184 3.069293,
        3.228346 1.011184 3.069293,
        3.228346 1.107046 0.118110,
        3.267717 1.107046 0.118110,
        3.267717 1.161417 3.069293,
        3.228346 1.161417 3.069293,
        3.228346 1.346633 0.019685,
        3.228346 1.346633 -0.019685,
        3.228346 1.161417 0.019685,
        3.228346 1.107046 -0.019685,
        3.267717 1.346633 -0.019685,
        3.267717 1.346633 0.019685,
        3.267717 1.107046 -0.019685,
        3.267717 1.161417 0.019685,
      ]
    }
    coordIndex [
      18, 22, 19, -1,
      19, 22, 23, -1,
      13, 19, 23, -1,
      24, 25, 26, -1,
      26, 25, 27, -1,
      26, 27, 20, -1,
      16, 11, 20, -1,
      20, 11, 23, -1,
      20, 23, 26, -1,
      15, 14, 12, -1,
      12, 13, 15, -1,
      15, 13, 23, -1,
      15, 23, 8, -1,
      8, 23, 11, -1,
      8, 11, 9, -1,
      9, 11, 10, -1,
      3, 17, 21, -1,
      28, 29, 30, -1,
      30, 29, 31, -1,
      30, 31, 21, -1,
      21, 31, 22, -1,
      21, 22, 5, -1,
      5, 22, 18, -1,
      1, 0, 2, -1,
      2, 3, 1, -1,
      1, 3, 21, -1,
      1, 21, 7, -1,
      7, 21, 5, -1,
      7, 5, 6, -1,
      6, 5, 4, -1,
      26, 23, 31, -1,
      31, 23, 22, -1,
      24, 26, 29, -1,
      29, 26, 31, -1,
      25, 24, 28, -1,
      28, 24, 29, -1,
      27, 25, 30, -1,
      30, 25, 28, -1,
      20, 27, 21, -1,
      21, 27, 30, -1,
    ]
  }
}

Shape {
  appearance Appearance {
    material Material {
      diffuseColor 0.1490 0.1490 0.1490
      specularColor 0.0745 0.0745 0.0745
      ambientIntensity 0.2
      transparency 0.0000
      shininess 0.5
    }
  }
  geometry IndexedFaceSet {
    ccw TRUE
    solid FALSE
    coord DEF co Coordinate {
      point [
        3.494094 1.161417 2.082118,
        3.494094 1.161417 3.184898,
        3.395669 1.161417 3.184898,
        3.395669 1.161417 2.082118,
        3.494094 1.161417 1.067770,
        3.494094 1.161417 1.633858,
        3.494094 1.011184 1.067770,
        3.494094 1.011184 0.647687,
        3.494094 1.161417 0.647687,
        3.464567 1.011184 2.082118,
        3.494094 1.011184 2.082118,
        3.494094 1.011184 1.633858,
        3.494094 1.011184 0.118110,
        3.494094 1.161417 0.118110,
        3.395669 1.161417 1.067770,
        3.395669 1.161417 1.633858,
        3.425197 1.011184 1.067770,
        3.395669 1.011184 1.067770,
        3.395669 1.011184 0.647687,
        3.395669 1.161417 0.647687,
        3.425197 1.011184 2.082118,
        3.395669 1.011184 2.082118,
        3.425197 1.011184 1.633858,
        3.395669 1.011184 1.633858,
        3.395669 1.011184 0.118110,
        3.395669 1.161417 0.118110,
        3.425197 1.011184 0.098304,
        3.464567 1.011184 0.098304,
        3.464567 1.011184 3.069293,
        3.425197 1.011184 3.069293,
        3.395669 1.011184 3.184898,
        3.494094 1.011184 3.184898,
        3.425197 1.107046 0.118110,
        3.464567 1.107046 0.118110,
      ]
    }
    coordIndex [
      25, 19, 24, -1,
      24, 19, 18, -1,
      12, 7, 13, -1,
      13, 7, 8, -1,
      5, 4, 11, -1,
      11, 4, 6, -1,
      23, 17, 15, -1,
      15, 17, 14, -1,
      16, 17, 22, -1,
      22, 17, 23, -1,
      10, 9, 28, -1,
      20, 21, 29, -1,
      29, 21, 30, -1,
      29, 30, 28, -1,
      28, 30, 31, -1,
      28, 31, 10, -1,
      1, 0, 31, -1,
      31, 0, 10, -1,
      30, 21, 2, -1,
      2, 21, 3, -1,
      1, 31, 2, -1,
      2, 31, 30, -1,
      26, 32, 27, -1,
      27, 32, 33, -1,
    ]
  }
}

Shape {
  appearance Appearance {
    material Material {
      diffuseColor 0.7529 0.7529 0.7529
      specularColor 0.3765 0.3765 0.3765
      ambientIntensity 0.2
      transparency 0.0000
      shininess 0.5
    }
  }
  geometry IndexedFaceSet {
    ccw TRUE
    solid FALSE
    coord DEF co Coordinate {
      point [
        3.464567 0.950310 1.067770,
        3.464567 1.011184 1.067770,
        3.464567 0.950310 0.647687,
        3.464567 1.011184 0.647687,
        3.464567 0.950310 2.082118,
        3.464567 1.011184 2.082118,
        3.464567 0.950310 1.633858,
        3.464567 1.011184 1.633858,
        3.425197 0.950310 1.067770,
        3.425197 1.011184 1.067770,
        3.425197 0.950310 0.647687,
        3.425197 1.011184 0.647687,
        3.425197 0.950310 2.082118,
        3.425197 1.011184 2.082118,
        3.425197 0.950310 1.633858,
        3.425197 1.011184 1.633858,
        3.425197 1.011184 0.098304,
        3.464567 1.011184 0.098304,
        3.464567 1.011184 3.069293,
        3.425197 1.011184 3.069293,
        3.425197 1.107046 0.118110,
        3.464567 1.107046 0.118110,
        3.464567 1.161417 3.069293,
        3.425197 1.161417 3.069293,
        3.425197 1.346633 0.019685,
        3.425197 1.346633 -0.019685,
        3.425197 1.161417 0.019685,
        3.425197 1.107046 -0.019685,
        3.464567 1.346633 -0.019685,
        3.464567 1.346633 0.019685,
        3.464567 1.107046 -0.019685,
        3.464567 1.161417 0.019685,
      ]
    }
    coordIndex [
      18, 22, 19, -1,
      19, 22, 23, -1,
      13, 19, 23, -1,
      24, 25, 26, -1,
      26, 25, 27, -1,
      26, 27, 20, -1,
      16, 11, 20, -1,
      20, 11, 23, -1,
      20, 23, 26, -1,
      15, 14, 12, -1,
      12, 13, 15, -1,
      15, 13, 23, -1,
      15, 23, 9, -1,
      9, 23, 11, -1,
      9, 11, 8, -1,
      8, 11, 10, -1,
      3, 17, 21, -1,
      28, 29, 30, -1,
      30, 29, 31, -1,
      30, 31, 21, -1,
      21, 31, 22, -1,
      21, 22, 5, -1,
      5, 22, 18, -1,
      1, 0, 2, -1,
      2, 3, 1, -1,
      1, 3, 21, -1,
      1, 21, 7, -1,
      7, 21, 5, -1,
      7, 5, 6, -1,
      6, 5, 4, -1,
      26, 23, 31, -1,
      31, 23, 22, -1,
      24, 26, 29, -1,
      29, 26, 31, -1,
      25, 24, 28, -1,
      28, 24, 29, -1,
      27, 25, 30, -1,
      30, 25, 28, -1,
      20, 27, 21, -1,
      21, 27, 30, -1,
    ]
  }
}

Shape {
  appearance Appearance {
    material Material {
      diffuseColor 0.1490 0.1490 0.1490
      specularColor 0.0745 0.0745 0.0745
      ambientIntensity 0.2
      transparency 0.0000
      shininess 0.5
    }
  }
  geometry IndexedFaceSet {
    ccw TRUE
    solid FALSE
    coord DEF co Coordinate {
      point [
        3.690945 0.950310 1.067770,
        3.690945 1.011184 1.067770,
        3.690945 1.011184 0.647687,
        3.690945 0.950310 0.647687,
        3.690945 0.950310 2.082118,
        3.690945 1.011184 2.082118,
        3.661417 1.011184 2.082118,
        3.690945 1.011184 1.633858,
        3.690945 0.950310 1.633858,
        3.690945 1.011184 0.118110,
        3.690945 1.161417 0.118110,
        3.592520 1.161417 2.082118,
        3.592520 1.161417 3.184898,
        3.690945 1.161417 3.184898,
        3.592520 1.161417 1.067770,
        3.592520 1.161417 1.633858,
        3.622047 1.011184 1.067770,
        3.592520 1.011184 1.067770,
        3.592520 1.011184 0.647687,
        3.592520 1.161417 0.647687,
        3.622047 1.011184 2.082118,
        3.592520 1.011184 2.082118,
        3.622047 1.011184 1.633858,
        3.592520 1.011184 1.633858,
        3.592520 1.011184 0.118110,
        3.592520 1.161417 0.118110,
        3.661417 1.011184 0.098304,
        3.622047 1.011184 0.098304,
        3.690945 1.011184 3.184898,
        3.661417 1.011184 3.069293,
        3.622047 1.011184 3.069293,
        3.592520 1.011184 3.184898,
        3.622047 1.107046 0.118110,
        3.661417 1.107046 0.118110,
      ]
    }
    coordIndex [
      25, 19, 24, -1,
      24, 19, 18, -1,
      5, 28, 13, -1,
      7, 8, 4, -1,
      13, 10, 2, -1,
      2, 10, 9, -1,
      4, 5, 7, -1,
      7, 5, 13, -1,
      7, 13, 1, -1,
      1, 13, 2, -1,
      1, 2, 0, -1,
      0, 2, 3, -1,
      23, 17, 15, -1,
      15, 17, 14, -1,
      16, 17, 22, -1,
      22, 17, 23, -1,
      5, 6, 29, -1,
      20, 21, 30, -1,
      30, 21, 31, -1,
      30, 31, 29, -1,
      29, 31, 28, -1,
      29, 28, 5, -1,
      31, 21, 12, -1,
      12, 21, 11, -1,
      13, 28, 12, -1,
      12, 28, 31, -1,
      27, 32, 26, -1,
      26, 32, 33, -1,
    ]
  }
}

Shape {
  appearance Appearance {
    material Material {
      diffuseColor 0.7529 0.7529 0.7529
      specularColor 0.3765 0.3765 0.3765
      ambientIntensity 0.2
      transparency 0.0000
      shininess 0.5
    }
  }
  geometry IndexedFaceSet {
    ccw TRUE
    solid FALSE
    coord DEF co Coordinate {
      point [
        -0.494492 0.403796 0.000000,
        -0.477082 0.403177 0.000000,
        -0.463204 0.398748 0.000000,
        -0.282657 0.199137 0.000000,
        -0.308010 0.299728 0.000000,
        -0.375346 0.370709 0.000000,
        -0.294650 0.124285 0.000000,
        -0.405792 0.005914 0.000000,
        -0.367478 0.026851 0.000000,
        -0.345057 0.045471 0.000000,
        -0.332580 0.058756 0.000000,
        -0.466850 -0.005048 0.000000,
        -0.494965 -0.010095 0.000000,
        -0.514699 -0.009373 0.000000,
        -0.544670 -0.005048 0.000000,
        -0.518467 0.398748 0.000000,
        -0.590567 0.383569 0.000000,
        -0.666263 0.072478 0.000000,
        -0.590755 0.010349 0.000000,
        -0.545957 -0.004861 0.000000,
        -0.630889 0.358639 0.000000,
        -0.653872 0.336892 0.000000,
        -0.666263 0.321459 0.000000,
        -0.405005 0.341831 0.000000,
        -0.344022 0.286846 0.000000,
        -0.492284 0.363416 0.000000,
        -0.318623 0.212324 0.000000,
        -0.317989 0.196456 0.000000,
        -0.338381 0.115324 0.000000,
        -0.392663 0.058439 0.000000,
        -0.469933 0.031576 0.000000,
        -0.237230 0.000000 0.000000,
        -0.050474 0.000000 0.000000,
        -0.237230 0.040380 0.000000,
        -0.085807 0.040380 0.000000,
        -0.085807 0.393701 0.000000,
        -0.050474 0.393701 0.000000,
        -0.969109 0.353321 0.000000,
        -0.969109 0.393701 0.000000,
        -0.747022 0.393701 0.000000,
        -0.747022 0.000000 0.000000,
        -0.969109 0.191803 0.000000,
        -0.782354 0.191803 0.000000,
        -0.782354 0.040380 0.000000,
        -0.969109 0.040380 0.000000,
        -0.969109 0.232183 0.000000,
        -0.782354 0.232183 0.000000,
        -0.782354 0.353321 0.000000,
        -0.969109 0.000000 0.000000,
        -0.635347 0.095902 0.000000,
        -0.635347 0.297799 0.000000,
        -0.572528 0.046966 0.000000,
        -0.571529 0.347204 0.000000,
        -0.494729 0.030285 0.000000,
        -0.534375 0.359208 0.000000,
        -0.508570 0.362794 0.000000,
        -1.244195 0.379505 0.000000,
        -1.315147 0.331769 0.000000,
        -1.355416 0.253821 0.000000,
        -1.362810 0.191882 0.000000,
        -1.340602 0.092853 0.000000,
        -1.283567 0.027549 0.000000,
        -1.119271 0.393701 0.000000,
        -1.182337 0.391293 0.000000,
        -1.204305 0.002176 0.000000,
        -1.161780 0.000000 0.000000,
        -1.039774 0.000000 0.000000,
        -1.039774 0.393701 0.000000,
        -1.786796 0.000000 0.000000,
        -1.748388 0.000000 0.000000,
        -1.605088 0.393701 0.000000,
        -1.690185 0.126186 0.000000,
        -1.511710 0.126186 0.000000,
        -1.451850 0.000000 0.000000,
        -1.413285 0.000000 0.000000,
        -1.600041 0.393701 0.000000,
        3.661417 0.950310 1.067770,
        3.661417 1.011184 1.067770,
        3.661417 1.011184 0.647687,
        3.661417 0.950310 0.647687,
        3.661417 0.950310 2.082118,
        3.661417 1.011184 2.082118,
        3.661417 1.011184 1.633858,
        3.661417 0.950310 1.633858,
        3.622047 0.950310 1.067770,
        3.622047 1.011184 1.067770,
        3.622047 0.950310 0.647687,
        3.622047 1.011184 0.647687,
        3.622047 0.950310 2.082118,
        3.622047 1.011184 2.082118,
        3.622047 0.950310 1.633858,
        3.622047 1.011184 1.633858,
        3.661417 1.011184 0.098304,
        3.622047 1.011184 0.098304,
        3.661417 1.011184 3.069293,
        3.622047 1.011184 3.069293,
        3.622047 1.107046 0.118110,
        3.661417 1.107046 0.118110,
        3.661417 1.161417 3.069293,
        3.622047 1.161417 3.069293,
        3.622047 1.346633 0.019685,
        3.622047 1.346633 -0.019685,
        3.622047 1.161417 0.019685,
        3.622047 1.107046 -0.019685,
        3.661417 1.346633 -0.019685,
        3.661417 1.346633 0.019685,
        3.661417 1.107046 -0.019685,
        3.661417 1.161417 0.019685,
        -1.600041 0.393701 0.039370,
        -1.605088 0.393701 0.039370,
        -1.786796 0.000000 0.039370,
        -1.748388 0.000000 0.039370,
        -1.690185 0.126186 0.039370,
        -1.511710 0.126186 0.039370,
        -1.451850 -0.000000 0.039370,
        -1.413285 0.000000 0.039370,
        -1.671572 0.166566 0.039370,
        -1.530875 0.166566 0.039370,
        -1.602170 0.316964 0.039370,
        -1.671572 0.166566 0.000000,
        -1.602170 0.316964 0.000000,
        -1.530875 0.166566 0.000000,
        -1.161780 0.000000 0.039370,
        -1.039774 0.000000 0.039370,
        -1.039774 0.393701 0.039370,
        -1.119271 0.393701 0.039370,
        -1.244195 0.379505 0.039370,
        -1.182337 0.391293 0.039370,
        -1.362810 0.191882 0.039370,
        -1.355416 0.253821 0.039370,
        -1.315147 0.331769 0.039370,
        -1.204305 0.002176 0.039370,
        -1.283567 0.027549 0.039370,
        -1.340602 0.092853 0.039370,
        -1.321244 0.142943 0.039370,
        -1.289091 0.085311 0.039370,
        -1.232839 0.050396 0.039370,
        -1.176928 0.041972 0.039370,
        -1.120296 0.040380 0.039370,
        -1.075106 0.040380 0.039370,
        -1.075106 0.353321 0.039370,
        -1.102788 0.353321 0.039370,
        -1.163663 0.351467 0.039370,
        -1.223769 0.342280 0.039370,
        -1.267312 0.321295 0.039370,
        -1.310241 0.270584 0.039370,
        -1.327478 0.191961 0.039370,
        -1.075106 0.353321 0.000000,
        -1.075106 0.040380 0.000000,
        -1.102788 0.353321 0.000000,
        -1.163663 0.351467 0.000000,
        -1.223769 0.342280 0.000000,
        -1.267312 0.321295 -0.000000,
        -1.310241 0.270584 0.000000,
        -1.327478 0.191961 0.000000,
        -1.321244 0.142943 0.000000,
        -1.289091 0.085311 0.000000,
        -1.232839 0.050396 0.000000,
        -1.176928 0.041972 0.000000,
        -1.120296 0.040380 0.000000,
        -0.747022 0.000000 0.039370,
        -0.747022 0.393701 0.039370,
        -0.969109 0.393701 0.039370,
        -0.969109 0.353321 0.039370,
        -0.782354 0.353321 0.039370,
        -0.782354 0.232183 0.039370,
        -0.969109 0.232183 0.039370,
        -0.969109 0.191803 0.039370,
        -0.782354 0.191803 0.039370,
        -0.782354 0.040380 0.039370,
        -0.969109 0.040380 0.039370,
        -0.969109 0.000000 0.039370,
        -0.666263 0.321459 0.039370,
        -0.653872 0.336892 0.039370,
        -0.630889 0.358639 0.039370,
        -0.590567 0.383569 0.039370,
        -0.494492 0.403796 0.039370,
        -0.635347 0.297799 0.039370,
        -0.492284 0.363416 0.039370,
        -0.508570 0.362794 0.039370,
        -0.534375 0.359208 0.039370,
        -0.571529 0.347204 0.039370,
        -0.317989 0.196456 0.039370,
        -0.318623 0.212324 0.039370,
        -0.344022 0.286846 0.039370,
        -0.405005 0.341831 0.039370,
        -0.494729 0.030285 0.039370,
        -0.469933 0.031576 0.039370,
        -0.392663 0.058439 0.039370,
        -0.338381 0.115324 0.039370,
        -0.635347 0.095902 0.039370,
        -0.572528 0.046966 0.039370,
        -0.666263 0.072478 0.039370,
        -0.494965 -0.010095 0.039370,
        -0.514699 -0.009373 0.039370,
        -0.545957 -0.004861 0.039370,
        -0.590755 0.010349 0.039370,
        -0.332580 0.058756 0.039370,
        -0.345057 0.045471 0.039370,
        -0.367478 0.026851 0.039370,
        -0.405792 0.005914 0.039370,
        -0.282657 0.199137 0.039370,
        -0.294650 0.124285 0.039370,
        -0.477082 0.403177 0.039370,
        -0.375346 0.370709 0.039370,
        -0.308010 0.299728 0.039370,
        -0.050474 0.000000 0.039370,
        -0.050474 0.393701 0.039370,
        -0.085807 0.393701 0.039370,
        -0.085807 0.040380 0.039370,
        -0.237230 0.040380 0.039370,
        -0.237230 0.000000 0.039370,
      ]
    }
    coordIndex [
      94, 98, 95, -1,
      95, 98, 99, -1,
      89, 95, 99, -1,
      100, 101, 102, -1,
      102, 101, 103, -1,
      102, 103, 96, -1,
      93, 87, 96, -1,
      96, 87, 99, -1,
      96, 99, 102, -1,
      91, 90, 88, -1,
      88, 89, 91, -1,
      91, 89, 99, -1,
      91, 99, 85, -1,
      85, 99, 87, -1,
      85, 87, 84, -1,
      84, 87, 86, -1,
      78, 92, 97, -1,
      104, 105, 106, -1,
      106, 105, 107, -1,
      106, 107, 97, -1,
      97, 107, 98, -1,
      97, 98, 81, -1,
      81, 98, 94, -1,
      77, 76, 79, -1,
      79, 78, 77, -1,
      77, 78, 97, -1,
      77, 97, 82, -1,
      82, 97, 81, -1,
      82, 81, 83, -1,
      83, 81, 80, -1,
      102, 99, 107, -1,
      107, 99, 98, -1,
      100, 102, 105, -1,
      105, 102, 107, -1,
      101, 100, 104, -1,
      104, 100, 105, -1,
      103, 101, 106, -1,
      106, 101, 104, -1,
      96, 103, 97, -1,
      97, 103, 106, -1,
      108, 109, 75, -1,
      75, 109, 70, -1,
      109, 110, 70, -1,
      70, 110, 68, -1,
      110, 111, 68, -1,
      68, 111, 69, -1,
      111, 112, 69, -1,
      69, 112, 71, -1,
      112, 113, 71, -1,
      71, 113, 72, -1,
      113, 114, 72, -1,
      72, 114, 73, -1,
      114, 115, 73, -1,
      73, 115, 74, -1,
      115, 108, 74, -1,
      74, 108, 75, -1,
      116, 110, 109, -1,
      108, 117, 109, -1,
      109, 117, 118, -1,
      109, 118, 116, -1,
      115, 114, 113, -1,
      111, 110, 112, -1,
      112, 110, 116, -1,
      112, 116, 113, -1,
      113, 116, 117, -1,
      113, 117, 115, -1,
      115, 117, 108, -1,
      116, 118, 119, -1,
      119, 118, 120, -1,
      117, 116, 121, -1,
      121, 116, 119, -1,
      118, 117, 120, -1,
      120, 117, 121, -1,
      122, 123, 65, -1,
      65, 123, 66, -1,
      123, 124, 66, -1,
      66, 124, 67, -1,
      124, 125, 67, -1,
      67, 125, 62, -1,
      126, 56, 63, -1,
      126, 63, 127, -1,
      127, 63, 62, -1,
      127, 62, 125, -1,
      128, 59, 58, -1,
      128, 58, 129, -1,
      129, 58, 57, -1,
      129, 57, 130, -1,
      130, 57, 56, -1,
      130, 56, 126, -1,
      122, 65, 64, -1,
      122, 64, 131, -1,
      131, 64, 61, -1,
      131, 61, 132, -1,
      132, 61, 60, -1,
      132, 60, 133, -1,
      133, 60, 59, -1,
      133, 59, 128, -1,
      134, 135, 132, -1,
      132, 135, 136, -1,
      132, 136, 131, -1,
      131, 136, 137, -1,
      131, 137, 122, -1,
      122, 137, 138, -1,
      122, 138, 123, -1,
      123, 138, 139, -1,
      123, 139, 124, -1,
      124, 139, 140, -1,
      124, 140, 125, -1,
      125, 140, 141, -1,
      125, 141, 127, -1,
      127, 141, 142, -1,
      127, 142, 126, -1,
      126, 142, 143, -1,
      126, 143, 130, -1,
      130, 143, 144, -1,
      130, 144, 129, -1,
      129, 144, 145, -1,
      129, 145, 128, -1,
      128, 145, 146, -1,
      128, 146, 133, -1,
      133, 146, 134, -1,
      133, 134, 132, -1,
      140, 139, 147, -1,
      147, 139, 148, -1,
      141, 140, 149, -1,
      149, 140, 147, -1,
      141, 149, 150, -1,
      141, 150, 142, -1,
      142, 150, 151, -1,
      142, 151, 143, -1,
      143, 151, 152, -1,
      143, 152, 144, -1,
      144, 152, 153, -1,
      144, 153, 145, -1,
      145, 153, 154, -1,
      145, 154, 146, -1,
      146, 154, 155, -1,
      146, 155, 134, -1,
      134, 155, 156, -1,
      134, 156, 135, -1,
      135, 156, 157, -1,
      135, 157, 136, -1,
      136, 157, 158, -1,
      136, 158, 137, -1,
      137, 158, 159, -1,
      137, 159, 138, -1,
      139, 138, 148, -1,
      148, 138, 159, -1,
      160, 161, 40, -1,
      40, 161, 39, -1,
      161, 162, 39, -1,
      39, 162, 38, -1,
      162, 163, 38, -1,
      38, 163, 37, -1,
      163, 164, 37, -1,
      37, 164, 47, -1,
      164, 165, 47, -1,
      47, 165, 46, -1,
      165, 166, 46, -1,
      46, 166, 45, -1,
      166, 167, 45, -1,
      45, 167, 41, -1,
      167, 168, 41, -1,
      41, 168, 42, -1,
      168, 169, 42, -1,
      42, 169, 43, -1,
      169, 170, 43, -1,
      43, 170, 44, -1,
      170, 171, 44, -1,
      44, 171, 48, -1,
      171, 160, 48, -1,
      48, 160, 40, -1,
      160, 171, 170, -1,
      170, 169, 160, -1,
      160, 169, 168, -1,
      160, 168, 161, -1,
      163, 162, 164, -1,
      164, 162, 161, -1,
      164, 161, 165, -1,
      165, 161, 168, -1,
      165, 168, 166, -1,
      166, 168, 167, -1,
      172, 22, 21, -1,
      172, 21, 173, -1,
      173, 21, 20, -1,
      173, 20, 174, -1,
      174, 20, 16, -1,
      174, 16, 175, -1,
      175, 16, 176, -1,
      176, 16, 15, -1,
      176, 15, 0, -1,
      172, 177, 22, -1,
      22, 177, 50, -1,
      178, 25, 55, -1,
      178, 55, 179, -1,
      179, 55, 54, -1,
      179, 54, 180, -1,
      180, 54, 52, -1,
      180, 52, 181, -1,
      181, 52, 50, -1,
      181, 50, 177, -1,
      182, 27, 26, -1,
      182, 26, 183, -1,
      183, 26, 24, -1,
      183, 24, 184, -1,
      184, 24, 23, -1,
      184, 23, 185, -1,
      185, 23, 25, -1,
      185, 25, 178, -1,
      186, 53, 30, -1,
      186, 30, 187, -1,
      187, 30, 29, -1,
      187, 29, 188, -1,
      188, 29, 28, -1,
      188, 28, 189, -1,
      189, 28, 27, -1,
      189, 27, 182, -1,
      190, 49, 51, -1,
      190, 51, 191, -1,
      191, 51, 53, -1,
      191, 53, 186, -1,
      190, 192, 49, -1,
      49, 192, 17, -1,
      193, 12, 13, -1,
      193, 13, 194, -1,
      194, 13, 14, -1,
      194, 14, 195, -1,
      14, 19, 195, -1,
      195, 19, 18, -1,
      195, 18, 196, -1,
      196, 18, 17, -1,
      196, 17, 192, -1,
      197, 10, 9, -1,
      197, 9, 198, -1,
      198, 9, 8, -1,
      198, 8, 199, -1,
      199, 8, 7, -1,
      199, 7, 200, -1,
      200, 7, 193, -1,
      193, 7, 11, -1,
      193, 11, 12, -1,
      201, 3, 6, -1,
      201, 6, 202, -1,
      202, 6, 10, -1,
      202, 10, 197, -1,
      176, 0, 1, -1,
      176, 1, 203, -1,
      203, 1, 2, -1,
      203, 2, 204, -1,
      2, 5, 204, -1,
      204, 5, 4, -1,
      204, 4, 205, -1,
      205, 4, 3, -1,
      205, 3, 201, -1,
      192, 190, 196, -1,
      196, 190, 191, -1,
      201, 202, 189, -1,
      189, 202, 188, -1,
      188, 202, 197, -1,
      188, 197, 198, -1,
      177, 172, 173, -1,
      177, 173, 181, -1,
      181, 173, 174, -1,
      181, 174, 175, -1,
      198, 199, 188, -1,
      188, 199, 200, -1,
      188, 200, 187, -1,
      187, 200, 193, -1,
      187, 193, 186, -1,
      186, 193, 194, -1,
      186, 194, 191, -1,
      191, 194, 195, -1,
      191, 195, 196, -1,
      189, 182, 201, -1,
      201, 182, 183, -1,
      201, 183, 205, -1,
      205, 183, 184, -1,
      205, 184, 204, -1,
      204, 184, 185, -1,
      204, 185, 203, -1,
      203, 185, 178, -1,
      203, 178, 176, -1,
      176, 178, 179, -1,
      176, 179, 175, -1,
      175, 179, 180, -1,
      175, 180, 181, -1,
      206, 207, 32, -1,
      32, 207, 36, -1,
      207, 208, 36, -1,
      36, 208, 35, -1,
      208, 209, 35, -1,
      35, 209, 34, -1,
      209, 210, 34, -1,
      34, 210, 33, -1,
      210, 211, 33, -1,
      33, 211, 31, -1,
      211, 206, 31, -1,
      31, 206, 32, -1,
      208, 207, 209, -1,
      209, 207, 206, -1,
      209, 206, 210, -1,
      210, 206, 211, -1,
    ]
  }
}

Shape {
  appearance Appearance {
    material Material {
      diffuseColor 0.1490 0.1490 0.1490
      specularColor 0.0745 0.0745 0.0745
      ambientIntensity 0.2
      transparency 0.0000
      shininess 0.5
    }
  }
  geometry IndexedFaceSet {
    ccw TRUE
    solid FALSE
    coord DEF co Coordinate {
      point [
        -1.671572 0.166566 0.000000,
        -1.602170 0.316964 0.000000,
        -1.530875 0.166566 0.000000,
        -1.075106 0.353321 0.000000,
        -1.075106 0.040380 0.000000,
        -1.102788 0.353321 0.000000,
        -1.163663 0.351467 0.000000,
        -1.223769 0.342280 0.000000,
        -1.267312 0.321295 -0.000000,
        -1.310241 0.270584 0.000000,
        -1.327478 0.191961 0.000000,
        -1.321244 0.142943 0.000000,
        -1.289091 0.085311 0.000000,
        -1.232839 0.050396 0.000000,
        -1.176928 0.041972 0.000000,
        -1.120296 0.040380 0.000000,
      ]
    }
    coordIndex [
      1, 2, 0, -1,
      3, 4, 5, -1,
      5, 4, 15, -1,
      5, 15, 6, -1,
      6, 15, 14, -1,
      6, 14, 7, -1,
      13, 12, 14, -1,
      14, 12, 11, -1,
      14, 11, 10, -1,
      10, 9, 14, -1,
      14, 9, 8, -1,
      14, 8, 7, -1,
    ]
  }
}

Shape {
  appearance Appearance {
    material Material {
      diffuseColor 0.7529 0.7529 0.7529
      specularColor 0.3765 0.3765 0.3765
      ambientIntensity 0.2
      transparency 0.0000
      shininess 0.5
    }
  }
  geometry IndexedFaceSet {
    ccw TRUE
    solid FALSE
    coord DEF co Coordinate {
      point [
        4.114173 1.161417 0.118110,
        4.114173 1.057290 0.118110,
        4.035433 1.057290 0.118110,
        4.035433 1.161417 0.118110,
        -4.114173 1.161417 0.348602,
        -4.114173 1.161417 0.118110,
        4.035433 1.161417 0.348602,
        4.114173 1.161417 0.348602,
        -4.035433 1.161417 0.348602,
        -4.035433 1.161417 0.118110,
        -4.035433 1.057290 0.118110,
        -4.114173 1.057290 0.118110,
        4.114173 1.185497 0.348602,
        4.035433 1.185497 0.348602,
        4.114173 1.057290 -0.019685,
        4.035433 1.057290 -0.019685,
        4.114173 1.346633 -0.019685,
        4.035433 1.346633 -0.019685,
        4.114173 1.346633 0.073170,
        4.035433 1.346633 0.073170,
        4.114173 1.185497 0.073170,
        4.035433 1.185497 0.073170,
        -4.035433 1.185497 0.348602,
        -4.114173 1.185497 0.348602,
        -4.114173 1.346633 0.073170,
        -4.114173 1.346633 -0.019685,
        -4.114173 1.185497 0.073170,
        -4.114173 1.057290 -0.019685,
        -4.035433 1.185497 0.073170,
        -4.035433 1.057290 -0.019685,
        -4.035433 1.346633 0.073170,
        -4.035433 1.346633 -0.019685,
      ]
    }
    coordIndex [
      7, 12, 6, -1,
      6, 12, 13, -1,
      14, 1, 15, -1,
      15, 1, 2, -1,
      16, 14, 17, -1,
      17, 14, 15, -1,
      18, 16, 19, -1,
      19, 16, 17, -1,
      20, 18, 21, -1,
      21, 18, 19, -1,
      12, 20, 13, -1,
      13, 20, 21, -1,
      12, 7, 20, -1,
      20, 7, 0, -1,
      0, 1, 20, -1,
      20, 1, 14, -1,
      20, 14, 18, -1,
      18, 14, 16, -1,
      6, 13, 3, -1,
      3, 13, 21, -1,
      19, 17, 21, -1,
      21, 17, 15, -1,
      21, 15, 3, -1,
      3, 15, 2, -1,
      22, 23, 8, -1,
      8, 23, 4, -1,
      24, 25, 26, -1,
      26, 25, 27, -1,
      4, 23, 5, -1,
      5, 23, 26, -1,
      5, 26, 11, -1,
      11, 26, 27, -1,
      22, 8, 28, -1,
      28, 8, 9, -1,
      9, 10, 28, -1,
      28, 10, 29, -1,
      28, 29, 30, -1,
      30, 29, 31, -1,
      26, 23, 28, -1,
      28, 23, 22, -1,
      24, 26, 30, -1,
      30, 26, 28, -1,
      25, 24, 31, -1,
      31, 24, 30, -1,
      27, 25, 29, -1,
      29, 25, 31, -1,
      11, 27, 10, -1,
      10, 27, 29, -1,
    ]
  }
}

Shape {
  appearance Appearance {
    material Material {
      diffuseColor 0.1490 0.1490 0.1490
      specularColor 0.0745 0.0745 0.0745
      ambientIntensity 0.2
      transparency 0.0000
      shininess 0.5
    }
  }
  geometry IndexedFaceSet {
    ccw TRUE
    solid FALSE
    coord DEF co Coordinate {
      point [
        2.100195 -0.177165 2.954850,
        2.100195 -0.177165 2.910191,
        2.100195 0.019685 2.954850,
        2.100195 0.019685 2.717254,
        2.355570 0.019685 2.717254,
        2.100195 -1.043307 2.795276,
        2.100195 -1.161417 2.795276,
        -4.111014 1.161417 3.072020,
        -4.111014 1.161417 2.118900,
        -3.925942 1.161417 2.118900,
        -3.925942 1.161417 3.072020,
        4.111014 1.161417 3.072020,
        4.111014 1.161417 2.118900,
        3.925942 1.161417 2.118900,
        3.925942 1.161417 3.072020,
        2.630093 1.161417 3.072020,
        2.001750 1.161417 3.072020,
        2.630093 1.161417 2.384101,
        2.001750 1.161417 2.384101,
        4.111014 1.161417 0.888173,
        4.111014 1.161417 1.758010,
        3.925942 1.161417 1.758010,
        3.925942 1.161417 0.888173,
        -4.111014 1.161417 0.888173,
        -3.925942 1.161417 0.888173,
        -3.925942 1.161417 1.758010,
        -4.111014 1.161417 1.758010,
        2.630093 1.161417 1.464352,
        2.630093 1.161417 1.236692,
        2.147452 1.161417 1.236692,
        2.147452 1.161417 1.464352,
        2.630093 1.161417 0.489966,
        2.630093 1.161417 0.244092,
        2.147452 1.161417 0.244092,
        2.147452 1.161417 0.489966,
        2.847998 -1.161417 2.795276,
        2.847998 -1.161417 2.717254,
        2.100195 -1.161417 2.717254,
        2.847998 -1.043307 2.795276,
        2.573397 -0.177165 2.954850,
        2.847998 -0.177165 2.954850,
        2.847998 -0.177165 2.910191,
        2.147452 0.374016 0.489966,
        2.147452 0.374016 0.244092,
        2.630093 0.374016 0.244092,
        2.630093 0.374016 0.489966,
        2.147452 0.374016 1.464352,
        2.147452 0.374016 1.236692,
        2.630093 0.374016 1.236692,
        2.630093 0.374016 1.464352,
        3.925942 0.374016 1.758010,
        3.925942 0.374016 0.888173,
        4.111014 0.374016 0.888173,
        4.111014 0.374016 1.758010,
        3.925942 0.374016 3.072020,
        3.925942 0.374016 2.118900,
        4.111014 0.374016 2.118900,
        4.111014 0.374016 3.072020,
        -4.111014 0.374016 2.118900,
        -3.925942 0.374016 2.118900,
        -3.925942 0.374016 3.072020,
        -4.111014 0.374016 3.072020,
        -4.111014 0.374016 0.888173,
        -3.925942 0.374016 0.888173,
        -3.925942 0.374016 1.758010,
        -4.111014 0.374016 1.758010,
        2.001750 0.374016 3.072020,
        2.001750 0.374016 2.384101,
        2.630093 0.374016 2.384101,
        2.630093 0.374016 3.072020,
        2.573397 0.019685 2.954850,
        2.847998 0.019685 2.954850,
        2.847998 0.019685 2.717254,
        2.355570 -0.846457 2.717254,
        2.573397 -0.846457 2.717254,
        2.573397 0.019685 2.717254,
      ]
    }
    coordIndex [
      42, 43, 34, -1,
      34, 43, 33, -1,
      43, 44, 33, -1,
      33, 44, 32, -1,
      44, 45, 32, -1,
      32, 45, 31, -1,
      45, 42, 31, -1,
      31, 42, 34, -1,
      45, 44, 42, -1,
      42, 44, 43, -1,
      46, 47, 30, -1,
      30, 47, 29, -1,
      47, 48, 29, -1,
      29, 48, 28, -1,
      48, 49, 28, -1,
      28, 49, 27, -1,
      49, 46, 27, -1,
      27, 46, 30, -1,
      49, 48, 46, -1,
      46, 48, 47, -1,
      50, 51, 21, -1,
      21, 51, 22, -1,
      51, 52, 22, -1,
      22, 52, 19, -1,
      52, 53, 19, -1,
      19, 53, 20, -1,
      53, 50, 20, -1,
      20, 50, 21, -1,
      53, 52, 50, -1,
      50, 52, 51, -1,
      54, 55, 14, -1,
      14, 55, 13, -1,
      55, 56, 13, -1,
      13, 56, 12, -1,
      56, 57, 12, -1,
      12, 57, 11, -1,
      57, 54, 11, -1,
      11, 54, 14, -1,
      57, 56, 54, -1,
      54, 56, 55, -1,
      58, 59, 8, -1,
      8, 59, 9, -1,
      59, 60, 9, -1,
      9, 60, 10, -1,
      60, 61, 10, -1,
      10, 61, 7, -1,
      61, 58, 7, -1,
      7, 58, 8, -1,
      61, 60, 58, -1,
      58, 60, 59, -1,
      62, 63, 23, -1,
      23, 63, 24, -1,
      63, 64, 24, -1,
      24, 64, 25, -1,
      64, 65, 25, -1,
      25, 65, 26, -1,
      65, 62, 26, -1,
      26, 62, 23, -1,
      65, 64, 62, -1,
      62, 64, 63, -1,
      66, 67, 16, -1,
      16, 67, 18, -1,
      67, 68, 18, -1,
      18, 68, 17, -1,
      68, 69, 17, -1,
      17, 69, 15, -1,
      69, 66, 15, -1,
      15, 66, 16, -1,
      69, 68, 66, -1,
      66, 68, 67, -1,
      70, 71, 39, -1,
      39, 71, 40, -1,
      2, 0, 3, -1,
      3, 0, 1, -1,
      3, 1, 37, -1,
      37, 1, 5, -1,
      37, 5, 6, -1,
      40, 71, 41, -1,
      41, 71, 72, -1,
      41, 72, 38, -1,
      38, 72, 36, -1,
      38, 36, 35, -1,
      4, 3, 73, -1,
      73, 3, 37, -1,
      73, 37, 74, -1,
      74, 37, 36, -1,
      74, 36, 75, -1,
      75, 36, 72, -1,
      72, 71, 75, -1,
      75, 71, 70, -1,
    ]
  }
}

Shape {
  appearance Appearance {
    material Material {
      diffuseColor 0.7529 0.7529 0.7529
      specularColor 0.3765 0.3765 0.3765
      ambientIntensity 0.2
      transparency 0.0000
      shininess 0.5
    }
  }
  geometry IndexedFaceSet {
    ccw TRUE
    solid FALSE
    coord DEF co Coordinate {
      point [
        2.355570 -0.827191 3.135897,
        2.573397 -0.827191 3.135897,
        2.355570 -0.846457 3.135897,
        2.573397 -0.846457 3.135897,
      ]
    }
    coordIndex [
      2, 3, 0, -1,
      0, 3, 1, -1,
    ]
  }
}

Shape {
  appearance Appearance {
    material Material {
      diffuseColor 0.1490 0.1490 0.1490
      specularColor 0.0745 0.0745 0.0745
      ambientIntensity 0.2
      transparency 0.0000
      shininess 0.5
    }
  }
  geometry IndexedFaceSet {
    ccw TRUE
    solid FALSE
    coord DEF co Coordinate {
      point [
        2.355570 -0.827191 3.135897,
        2.355570 -0.670555 3.025106,
        2.355570 -0.177165 3.025106,
        2.355570 -0.177165 2.954850,
        2.355570 0.019685 2.954850,
        2.355570 0.019685 2.717254,
        2.352061 -1.161417 0.712811,
        2.137868 -1.161417 0.712811,
        2.137868 -1.161417 0.498617,
        2.352061 -1.161417 0.498617,
        2.765148 -1.161417 0.498617,
        2.550955 -1.161417 0.498617,
        2.550955 -1.161417 0.712811,
        2.765148 -1.161417 0.712811,
        -4.145961 -1.161417 1.897275,
        -4.145961 -1.161417 2.190271,
        -3.819480 -1.161417 1.897275,
        -3.819480 -1.161417 2.190271,
        -3.911564 -1.161417 0.850861,
        -3.911564 -1.161417 1.629393,
        -4.145961 -1.161417 1.629393,
        -4.145961 -1.161417 0.850861,
        -4.145961 -1.161417 0.616464,
        -3.819480 -1.161417 0.616464,
        -3.819480 -1.161417 0.181155,
        -4.145961 -1.161417 0.181155,
        4.145961 -1.161417 1.897275,
        4.145961 -1.161417 0.616464,
        4.145961 -1.161417 0.181155,
        4.145961 -1.161417 2.190271,
        3.819480 -1.161417 2.190271,
        3.819480 -1.161417 0.181155,
        3.819480 -1.161417 0.616464,
        3.911564 -1.161417 1.629393,
        3.911564 -1.161417 0.850861,
        4.145961 -1.161417 0.850861,
        3.819480 -1.161417 1.897275,
        4.145961 -1.161417 1.629393,
        2.137868 -1.161417 2.311610,
        2.352061 -1.161417 2.311610,
        2.765148 -1.161417 2.311610,
        2.765148 -1.161417 2.097417,
        2.352061 -1.161417 2.097417,
        2.550955 -1.161417 2.097417,
        2.550955 -1.161417 2.311610,
        2.137868 -1.161417 2.097417,
        2.573397 -0.670555 3.025106,
        2.573397 -0.827191 3.135897,
        2.573397 -0.177165 3.025106,
        2.573397 -0.177165 2.954850,
        2.573397 0.019685 2.954850,
        2.355570 -0.846457 2.717254,
        2.573397 -0.846457 2.717254,
        2.573397 0.019685 2.717254,
        2.355570 -0.846457 3.135897,
        2.573397 -0.846457 3.135897,
        2.550955 0.019685 2.097417,
        2.550955 0.019685 2.311610,
        2.765148 0.019685 2.311610,
        2.765148 0.019685 2.097417,
        2.137868 0.019685 2.097417,
        2.137868 0.019685 2.311610,
        2.352061 0.019685 2.311610,
        2.352061 0.019685 2.097417,
        3.819480 0.019685 0.616464,
        4.145961 0.019685 0.616464,
        4.145961 0.019685 0.181155,
        3.819480 0.019685 0.181155,
        3.911564 0.019685 1.629393,
        4.145961 0.019685 1.629393,
        4.145961 0.019685 0.850861,
        3.911564 0.019685 0.850861,
        3.819480 0.019685 2.190271,
        4.145961 0.019685 2.190271,
        4.145961 0.019685 1.897275,
        3.819480 0.019685 1.897275,
        -4.145961 0.019685 1.897275,
        -4.145961 0.019685 2.190271,
        -3.819480 0.019685 2.190271,
        -3.819480 0.019685 1.897275,
        -4.145961 0.019685 0.850861,
        -4.145961 0.019685 1.629393,
        -3.911564 0.019685 1.629393,
        -3.911564 0.019685 0.850861,
        -4.145961 0.019685 0.181155,
        -4.145961 0.019685 0.616464,
        -3.819480 0.019685 0.616464,
        -3.819480 0.019685 0.181155,
        2.550955 0.019685 0.712811,
        2.765148 0.019685 0.712811,
        2.765148 0.019685 0.498617,
        2.550955 0.019685 0.498617,
        2.137868 0.019685 0.712811,
        2.352061 0.019685 0.712811,
        2.352061 0.019685 0.498617,
        2.137868 0.019685 0.498617,
      ]
    }
    coordIndex [
      4, 5, 3, -1,
      3, 5, 51, -1,
      2, 3, 1, -1,
      1, 3, 51, -1,
      1, 51, 0, -1,
      0, 51, 54, -1,
      53, 50, 52, -1,
      52, 50, 49, -1,
      47, 55, 46, -1,
      46, 55, 52, -1,
      46, 52, 48, -1,
      48, 52, 49, -1,
      52, 55, 51, -1,
      51, 55, 54, -1,
      56, 57, 43, -1,
      43, 57, 44, -1,
      57, 58, 44, -1,
      44, 58, 40, -1,
      58, 59, 40, -1,
      40, 59, 41, -1,
      59, 56, 41, -1,
      41, 56, 43, -1,
      59, 58, 56, -1,
      56, 58, 57, -1,
      60, 61, 45, -1,
      45, 61, 38, -1,
      61, 62, 38, -1,
      38, 62, 39, -1,
      62, 63, 39, -1,
      39, 63, 42, -1,
      63, 60, 42, -1,
      42, 60, 45, -1,
      63, 62, 60, -1,
      60, 62, 61, -1,
      64, 65, 32, -1,
      32, 65, 27, -1,
      65, 66, 27, -1,
      27, 66, 28, -1,
      66, 67, 28, -1,
      28, 67, 31, -1,
      67, 64, 31, -1,
      31, 64, 32, -1,
      67, 66, 64, -1,
      64, 66, 65, -1,
      68, 69, 33, -1,
      33, 69, 37, -1,
      69, 70, 37, -1,
      37, 70, 35, -1,
      70, 71, 35, -1,
      35, 71, 34, -1,
      71, 68, 34, -1,
      34, 68, 33, -1,
      71, 70, 68, -1,
      68, 70, 69, -1,
      72, 73, 30, -1,
      30, 73, 29, -1,
      73, 74, 29, -1,
      29, 74, 26, -1,
      74, 75, 26, -1,
      26, 75, 36, -1,
      75, 72, 36, -1,
      36, 72, 30, -1,
      75, 74, 72, -1,
      72, 74, 73, -1,
      76, 77, 14, -1,
      14, 77, 15, -1,
      77, 78, 15, -1,
      15, 78, 17, -1,
      78, 79, 17, -1,
      17, 79, 16, -1,
      79, 76, 16, -1,
      16, 76, 14, -1,
      79, 78, 76, -1,
      76, 78, 77, -1,
      80, 81, 21, -1,
      21, 81, 20, -1,
      81, 82, 20, -1,
      20, 82, 19, -1,
      82, 83, 19, -1,
      19, 83, 18, -1,
      83, 80, 18, -1,
      18, 80, 21, -1,
      83, 82, 80, -1,
      80, 82, 81, -1,
      84, 85, 25, -1,
      25, 85, 22, -1,
      85, 86, 22, -1,
      22, 86, 23, -1,
      86, 87, 23, -1,
      23, 87, 24, -1,
      87, 84, 24, -1,
      24, 84, 25, -1,
      87, 86, 84, -1,
      84, 86, 85, -1,
      88, 89, 12, -1,
      12, 89, 13, -1,
      89, 90, 13, -1,
      13, 90, 10, -1,
      90, 91, 10, -1,
      10, 91, 11, -1,
      91, 88, 11, -1,
      11, 88, 12, -1,
      91, 90, 88, -1,
      88, 90, 89, -1,
      92, 93, 7, -1,
      7, 93, 6, -1,
      93, 94, 6, -1,
      6, 94, 9, -1,
      94, 95, 9, -1,
      9, 95, 8, -1,
      95, 92, 8, -1,
      8, 92, 7, -1,
      95, 94, 92, -1,
      92, 94, 93, -1,
    ]
  }
}
