#VRML V2.0 utf8

Shape {
  appearance Appearance {
    material Material {
      diffuseColor 1.0000 0.9529 0.7922
      specularColor 0.3020 0.2863 0.2392
      ambientIntensity 0.2
      transparency 0.0000
      shininess 0.5
    }
  }
  geometry IndexedFaceSet {
    ccw TRUE
    solid FALSE
    coord DEF co Coordinate {
      point [
        2.004912 -0.948833 0.000000,
        1.879916 -0.948833 0.000000,
        1.806100 -0.742625 0.000000,
        -0.885827 -0.418307 0.000000,
        -0.885827 -0.370206 0.000000,
        -0.707180 -0.418307 0.000000,
        -0.707180 -0.370206 0.000000,
        -0.669291 -0.418307 0.000000,
        -0.329722 -0.370206 0.000000,
        -0.669291 -0.742625 0.000000,
        -0.329722 -0.742625 0.000000,
        -0.403538 -0.948833 0.000000,
        -0.403538 -1.136811 0.000000,
        -0.329722 -1.195866 0.000000,
        -0.528534 -1.136811 0.000000,
        -0.669291 -1.195866 0.000000,
        -0.528534 -0.948833 0.000000,
        1.806100 -1.195866 0.000000,
        1.879916 -1.136811 0.000000,
        2.145669 -1.195866 0.000000,
        2.004912 -1.136811 0.000000,
        2.145669 -0.742625 0.000000,
        2.362205 -0.370206 0.000000,
        2.362205 -0.418307 0.000000,
        2.145669 -0.418307 0.000000,
        1.732283 -0.536417 0.000000,
        1.806100 -0.370206 0.000000,
        1.732283 -0.742625 0.000000,
        1.732283 -1.136811 0.000000,
        1.015460 -1.136811 0.000000,
        1.015460 -1.195866 0.000000,
        0.841415 -1.136811 0.000000,
        0.841415 -1.195866 0.000000,
        0.697378 -1.136811 0.000000,
        0.697378 -1.195866 0.000000,
        0.512531 -1.136811 0.000000,
        0.512531 -1.195866 0.000000,
        0.035889 -1.136811 0.000000,
        0.035889 -1.195866 0.000000,
        -0.255906 -1.136811 0.000000,
        -0.255906 -0.742625 0.000000,
        -0.255906 -0.536417 0.000000,
        0.035889 -0.536417 0.000000,
        0.035889 -0.370206 0.000000,
        0.512531 -0.536417 0.000000,
        0.512531 -0.370206 0.000000,
        0.697378 -0.536417 0.000000,
        0.697378 -0.370206 0.000000,
        0.841415 -0.536417 0.000000,
        0.841415 -0.370206 0.000000,
        0.914784 -0.371406 0.000000,
        0.926361 -0.370206 0.000000,
        1.015460 -0.536417 0.000000,
        0.860620 -0.358803 0.000000,
        0.860620 -0.337197 0.000000,
        0.841415 -0.170955 0.000000,
        0.881604 -0.367419 0.000000,
        0.901495 -0.370206 0.000000,
        0.909402 -0.371314 0.000000,
        0.889550 -0.170955 0.000000,
        0.883380 -0.171380 0.000000,
        0.860620 -0.177556 0.000000,
        0.860620 -0.203963 0.000000,
        0.882793 -0.194469 0.000000,
        0.864148 -0.339152 0.000000,
        0.906720 -0.191360 0.000000,
        0.926103 -0.193537 0.000000,
        0.940837 -0.198854 0.000000,
        0.954462 -0.207969 0.000000,
        0.966349 -0.221093 0.000000,
        0.980651 -0.272681 0.000000,
        0.978658 -0.293991 0.000000,
        0.973310 -0.310923 0.000000,
        0.929506 -0.347741 0.000000,
        0.911146 -0.349800 0.000000,
        0.943850 -0.342461 0.000000,
        0.955931 -0.334318 0.000000,
        0.965169 -0.324572 0.000000,
        0.885016 -0.346900 0.000000,
        0.974465 -0.236291 0.000000,
        0.979712 -0.257365 0.000000,
        0.906944 -0.169754 0.000000,
        0.841415 0.000000 0.000000,
        0.921648 -0.170955 0.000000,
        1.015460 0.000000 0.000000,
        0.996669 -0.224003 0.000000,
        0.985131 -0.205598 0.000000,
        1.015460 -0.170955 0.000000,
        0.958123 -0.362323 0.000000,
        0.973957 -0.352212 0.000000,
        1.015460 -0.370206 0.000000,
        0.988743 -0.336646 0.000000,
        0.999230 -0.317928 0.000000,
        0.939043 -0.368891 0.000000,
        0.967359 -0.188507 0.000000,
        0.948661 -0.177744 0.000000,
        0.926716 -0.171369 0.000000,
        1.005154 -0.297091 0.000000,
        1.007058 -0.274294 0.000000,
        1.004226 -0.246307 0.000000,
        -0.669291 -1.254921 0.000000,
        -0.329722 -1.254921 0.000000,
        0.035889 -1.254921 0.000000,
        0.512531 -1.254921 0.000000,
        0.697378 -1.254921 0.000000,
        0.841415 -1.254921 0.000000,
        1.015460 -1.254921 0.000000,
        1.806100 -1.254921 0.000000,
        2.145669 -1.254921 0.000000,
        1.806100 -0.170955 0.000000,
        2.362205 -0.170955 0.000000,
        1.023862 -0.347400 0.000000,
        1.023862 -0.369006 0.000000,
        1.124688 -0.369006 0.000000,
        1.098281 -0.347400 0.000000,
        1.098281 -0.172155 0.000000,
        1.124688 -0.172155 0.000000,
        0.721385 -0.172155 0.000000,
        0.697378 -0.170955 0.000000,
        0.721385 -0.193761 0.000000,
        0.716583 -0.347400 0.000000,
        0.716583 -0.369006 0.000000,
        0.822211 -0.369006 0.000000,
        0.822211 -0.172155 0.000000,
        0.795804 -0.280183 0.000000,
        0.795804 -0.347400 0.000000,
        0.726186 -0.280183 0.000000,
        0.726186 -0.258577 0.000000,
        0.795804 -0.258577 0.000000,
        0.795804 -0.193761 0.000000,
        0.529563 -0.315053 0.000000,
        0.522495 -0.294449 0.000000,
        0.519733 -0.268105 0.000000,
        0.540852 -0.332660 0.000000,
        0.557054 -0.348174 0.000000,
        0.577608 -0.360119 0.000000,
        0.594182 -0.175195 0.000000,
        0.512531 -0.170955 0.000000,
        0.622622 -0.172155 0.000000,
        0.571151 -0.183283 0.000000,
        0.549725 -0.197641 0.000000,
        0.549519 -0.197822 0.000000,
        0.535599 -0.213257 0.000000,
        0.526451 -0.230187 0.000000,
        0.521164 -0.249582 0.000000,
        0.600291 -0.366879 0.000000,
        0.624647 -0.369006 0.000000,
        0.678174 -0.369006 0.000000,
        0.678174 -0.172155 0.000000,
        0.356491 -0.369006 0.000000,
        0.376409 -0.313791 0.000000,
        0.457730 -0.313791 0.000000,
        0.476522 -0.369006 0.000000,
        0.505330 -0.369006 0.000000,
        0.327684 -0.369006 0.000000,
        0.404504 -0.172155 0.000000,
        -0.885827 -0.170955 0.000000,
        -0.707180 -0.170955 0.000000,
        -0.329722 -0.170955 0.000000,
        0.035889 -0.170955 0.000000,
        0.430910 -0.172155 0.000000,
        1.806100 0.000000 0.000000,
        2.362205 0.000000 0.000000,
        -0.885827 0.000000 0.000000,
        -0.707180 0.000000 0.000000,
        -0.329722 0.000000 0.000000,
        0.035889 0.000000 0.000000,
        0.512531 0.000000 0.000000,
        0.697378 0.000000 0.000000,
        1.850394 -0.418307 1.535433,
        1.850394 -0.418307 0.413386,
        1.791339 -0.418307 1.594488,
        1.578740 -0.418307 0.413386,
        1.578740 -0.418307 1.594488,
        1.519685 -0.418307 0.413386,
        1.433071 -0.418307 0.413386,
        1.519685 -0.418307 1.594488,
        1.433071 -0.418307 1.594488,
        1.374016 -0.418307 0.413386,
        1.086614 -0.418307 0.413386,
        1.374016 -0.418307 1.594488,
        1.086614 -0.418307 1.594488,
        1.027559 -0.418307 0.413386,
        0.940945 -0.418307 0.413386,
        1.027559 -0.418307 1.594488,
        0.940945 -0.418307 1.594488,
        0.881890 -0.418307 0.413386,
        0.594488 -0.418307 0.413386,
        0.881890 -0.418307 1.594488,
        0.594488 -0.418307 1.594488,
        0.535433 -0.418307 0.413386,
        0.448819 -0.418307 0.413386,
        0.535433 -0.418307 1.594488,
        0.448819 -0.418307 1.594488,
        0.535433 0.221457 0.413386,
        0.940945 0.221457 0.413386,
        0.535433 0.221457 1.535433,
        0.940945 0.221457 1.535433,
        1.027559 0.221457 0.413386,
        1.433071 0.221457 0.413386,
        1.027559 0.221457 1.535433,
        1.433071 0.221457 1.535433,
        1.519685 0.221457 0.413386,
        2.027559 0.221457 0.413386,
        1.519685 0.221457 1.535433,
        2.027559 0.221457 1.535433,
        0.940945 0.280512 1.594488,
        0.535433 0.280512 1.594488,
        1.433071 0.280512 1.594488,
        1.027559 0.280512 1.594488,
        2.086614 0.280512 1.594488,
        1.519685 0.280512 1.594488,
        0.389764 -0.418307 0.413386,
        0.102362 -0.418307 0.413386,
        0.389764 -0.418307 1.594488,
        0.102362 -0.418307 1.594488,
        0.043307 -0.418307 0.413386,
        -0.043307 -0.418307 0.413386,
        0.043307 -0.418307 1.594488,
        -0.043307 -0.418307 1.594488,
        0.448819 0.221457 1.535433,
        0.043307 0.221457 1.535433,
        0.448819 0.221457 0.413386,
        0.043307 0.221457 0.413386,
        0.043307 0.280512 1.594488,
        0.448819 0.280512 1.594488,
        2.185039 0.378937 0.797244,
        2.145669 0.418307 0.797244,
        2.185039 0.221457 0.797244,
        2.145669 0.182087 0.797244,
        2.322835 0.221457 0.797244,
        2.362205 0.182087 0.797244,
        2.322835 0.378937 0.797244,
        2.362205 0.418307 0.797244,
        2.145669 -0.418307 1.358268,
        2.185039 -0.378937 1.358268,
        2.185039 -0.114553 1.358268,
        2.322835 -0.378937 1.358268,
        2.362205 -0.418307 1.358268,
        2.322835 -0.114553 1.358268,
        2.362205 0.182087 1.358268,
        2.145669 0.182087 1.358268,
        2.362205 -0.418307 1.594488,
        2.362205 -1.254921 1.594488,
        2.362205 -0.418307 0.236220,
        2.362205 0.418307 0.196850,
        2.362205 -0.000000 0.196850,
        2.362205 -1.018701 0.797244,
        2.362205 -1.018701 0.236220,
        2.362205 -1.254921 0.797244,
        -0.885827 0.418307 0.196850,
        -0.669291 0.418307 0.797244,
        -0.885827 0.418307 0.797244,
        2.145669 0.418307 1.594488,
        -0.669291 0.418307 1.594488,
        2.145669 -1.254921 0.797244,
        -0.885827 -1.254921 1.594488,
        -0.885827 -1.254921 0.797244,
        -0.669291 -1.254921 0.797244,
        1.850394 -0.930118 1.594488,
        1.732283 -0.477362 1.594488,
        1.732283 -1.195866 1.594488,
        -0.255906 -1.195866 1.594488,
        -0.767717 -1.136811 1.594488,
        -0.767717 -0.930118 1.594488,
        -0.885827 -0.418307 1.594488,
        -0.669291 -0.418307 1.594488,
        1.433071 -0.347441 1.594488,
        1.374016 -0.347441 1.594488,
        2.244094 -0.930118 1.594488,
        2.244094 -1.136811 1.594488,
        1.850394 -1.136811 1.594488,
        1.578740 -0.347441 1.594488,
        1.519685 -0.347441 1.594488,
        -0.255906 -0.477362 1.594488,
        2.086614 -0.634843 1.594488,
        2.145669 -0.418307 1.594488,
        0.940945 -0.347441 1.594488,
        0.881890 -0.347441 1.594488,
        1.791339 -0.634843 1.594488,
        1.027559 -0.347441 1.594488,
        1.086614 -0.347441 1.594488,
        0.448819 -0.347441 1.594488,
        0.389764 -0.347441 1.594488,
        0.535433 -0.347441 1.594488,
        0.594488 -0.347441 1.594488,
        -0.043307 -0.347441 1.594488,
        -0.102362 -0.347441 1.594488,
        -0.102362 -0.418307 1.594488,
        -0.314961 -0.418307 1.594488,
        -0.374016 -0.930118 1.594488,
        -0.314961 -0.634843 1.594488,
        -0.610236 -0.634843 1.594488,
        -0.610236 0.280512 1.594488,
        -0.043307 0.280512 1.594488,
        -0.374016 -1.136811 1.594488,
        0.043307 -0.347441 1.594488,
        0.102362 -0.347441 1.594488,
        1.732283 -0.536417 1.535433,
        1.417323 -0.536417 1.535433,
        1.417323 -0.536417 1.220472,
        0.059055 -0.536417 1.535433,
        -0.255906 -0.536417 1.535433,
        0.059055 -0.536417 1.220472,
        -0.885827 -1.018701 0.797244,
        -0.885827 0.182087 0.797244,
        -0.885827 -0.000000 0.196850,
        -0.885827 -0.418307 0.236220,
        -0.885827 -0.418307 1.358268,
        -0.885827 0.182087 1.358268,
        -0.885827 -1.018701 0.236220,
        -0.255906 -1.136811 1.535433,
        1.732283 -1.136811 1.535433,
        -0.374016 -0.930118 1.200787,
        -0.374016 -1.136811 1.200787,
        -0.767717 -1.136811 1.200787,
        -0.767717 -0.930118 1.200787,
        1.850394 -1.136811 1.200787,
        1.850394 -0.930118 1.200787,
        2.244094 -0.930118 1.200787,
        2.244094 -1.136811 1.200787,
        -0.669291 -0.418307 0.236220,
        -0.767717 -0.422244 0.236220,
        -0.767717 -1.018701 0.236220,
        -0.669291 -1.018701 0.236220,
        -0.688976 -1.018701 0.236220,
        -0.688976 -0.422244 0.236220,
        -0.688976 -1.018701 0.793307,
        -0.669291 -1.018701 0.797244,
        -0.767717 -1.018701 0.793307,
        -0.669291 -0.418307 1.358268,
        -0.846457 -0.378937 1.358268,
        -0.846457 -0.114553 1.358268,
        -0.708661 -0.378937 1.358268,
        -0.708661 -0.114553 1.358268,
        -0.669291 0.182087 1.358268,
        -0.669291 0.182087 0.797244,
        -0.846457 0.378937 0.797244,
        -0.846457 0.221457 0.797244,
        -0.708661 0.221457 0.797244,
        -0.708661 0.378937 0.797244,
        2.027559 -0.575787 1.535433,
        2.027559 -0.575787 0.413386,
        1.850394 -0.575787 1.535433,
        1.850394 -0.575787 0.413386,
        -0.374016 -0.418307 0.413386,
        -0.374016 -0.418307 1.535433,
        -0.102362 -0.418307 0.413386,
        -0.374016 -0.575787 1.535433,
        -0.374016 -0.575787 0.413386,
        -0.551181 -0.575787 1.535433,
        -0.551181 -0.575787 0.413386,
        -0.551181 0.221457 1.535433,
        -0.551181 0.221457 0.413386,
        -0.043307 0.221457 1.535433,
        -0.043307 0.221457 0.413386,
        0.594488 -0.300197 0.413386,
        0.881890 -0.300197 0.413386,
        1.578740 -0.300197 0.413386,
        1.027559 -0.300197 0.413386,
        1.023622 0.260827 0.413386,
        1.023622 -0.398622 0.413386,
        1.086614 -0.300197 0.413386,
        1.374016 -0.300197 0.413386,
        0.043307 0.280512 0.413386,
        0.039370 0.260827 0.413386,
        0.944882 -0.398622 0.413386,
        0.944882 0.260827 0.413386,
        1.519685 -0.300197 0.413386,
        1.515748 0.260827 0.413386,
        1.515748 -0.398622 0.413386,
        1.437008 -0.398622 0.413386,
        1.437008 0.260827 0.413386,
        1.027559 0.280512 0.413386,
        0.940945 0.280512 0.413386,
        0.531496 -0.398622 0.413386,
        0.452756 -0.398622 0.413386,
        0.448819 -0.300197 0.413386,
        1.519685 0.280512 0.413386,
        1.433071 0.280512 0.413386,
        -0.039370 -0.398622 0.413386,
        -0.039370 0.260827 0.413386,
        0.535433 -0.300197 0.413386,
        0.940945 -0.300197 0.413386,
        -0.043307 0.280512 0.413386,
        1.433071 -0.300197 0.413386,
        0.102362 -0.300197 0.413386,
        0.043307 -0.300197 0.413386,
        0.039370 -0.398622 0.413386,
        0.531496 0.260827 0.413386,
        0.535433 0.280512 0.413386,
        0.452756 0.260827 0.413386,
        0.448819 0.280512 0.413386,
        0.389764 -0.300197 0.413386,
        -0.102362 -0.300197 0.413386,
        -0.043307 -0.300197 0.413386,
        0.059055 -0.718260 1.220472,
        1.417323 -0.718260 1.220472,
      ]
    }
    coordIndex [
      0, 1, 2, -1,
      3, 4, 5, -1,
      5, 4, 6, -1,
      5, 6, 7, -1,
      7, 6, 8, -1,
      7, 8, 9, -1,
      9, 8, 10, -1,
      11, 10, 12, -1,
      12, 10, 13, -1,
      12, 13, 14, -1,
      14, 13, 15, -1,
      14, 15, 16, -1,
      16, 15, 9, -1,
      16, 9, 11, -1,
      11, 9, 10, -1,
      2, 1, 17, -1,
      17, 1, 18, -1,
      17, 18, 19, -1,
      19, 18, 20, -1,
      19, 20, 21, -1,
      22, 23, 24, -1,
      25, 26, 27, -1,
      27, 26, 2, -1,
      27, 2, 28, -1,
      28, 2, 17, -1,
      28, 17, 29, -1,
      29, 17, 30, -1,
      29, 30, 31, -1,
      31, 30, 32, -1,
      31, 32, 33, -1,
      33, 32, 34, -1,
      33, 34, 35, -1,
      35, 34, 36, -1,
      35, 36, 37, -1,
      37, 36, 38, -1,
      37, 38, 39, -1,
      39, 38, 13, -1,
      39, 13, 40, -1,
      40, 13, 10, -1,
      40, 10, 41, -1,
      41, 10, 8, -1,
      41, 8, 42, -1,
      42, 8, 43, -1,
      42, 43, 44, -1,
      44, 43, 45, -1,
      44, 45, 46, -1,
      46, 45, 47, -1,
      46, 47, 48, -1,
      48, 47, 49, -1,
      50, 51, 48, -1,
      48, 51, 52, -1,
      53, 49, 54, -1,
      54, 49, 55, -1,
      53, 56, 49, -1,
      49, 56, 57, -1,
      49, 57, 48, -1,
      48, 57, 58, -1,
      48, 58, 50, -1,
      55, 59, 60, -1,
      60, 61, 55, -1,
      55, 61, 62, -1,
      55, 62, 54, -1,
      54, 62, 63, -1,
      54, 63, 64, -1,
      64, 63, 65, -1,
      64, 65, 66, -1,
      66, 67, 64, -1,
      64, 67, 68, -1,
      64, 68, 69, -1,
      70, 71, 64, -1,
      64, 71, 72, -1,
      73, 74, 75, -1,
      75, 74, 76, -1,
      72, 77, 64, -1,
      64, 77, 76, -1,
      64, 76, 78, -1,
      78, 76, 74, -1,
      69, 79, 64, -1,
      64, 79, 80, -1,
      64, 80, 70, -1,
      81, 82, 83, -1,
      83, 82, 84, -1,
      85, 86, 87, -1,
      88, 89, 90, -1,
      90, 89, 91, -1,
      90, 91, 92, -1,
      52, 51, 90, -1,
      90, 51, 93, -1,
      90, 93, 88, -1,
      86, 94, 87, -1,
      87, 94, 95, -1,
      87, 95, 96, -1,
      92, 97, 90, -1,
      90, 97, 98, -1,
      90, 98, 87, -1,
      87, 98, 99, -1,
      87, 99, 85, -1,
      100, 15, 101, -1,
      101, 15, 13, -1,
      101, 13, 102, -1,
      102, 13, 38, -1,
      102, 38, 103, -1,
      103, 38, 36, -1,
      103, 36, 104, -1,
      104, 36, 34, -1,
      104, 34, 105, -1,
      105, 34, 32, -1,
      105, 32, 106, -1,
      106, 32, 30, -1,
      106, 30, 107, -1,
      107, 30, 17, -1,
      107, 17, 108, -1,
      108, 17, 19, -1,
      20, 0, 21, -1,
      21, 0, 2, -1,
      21, 2, 24, -1,
      24, 2, 26, -1,
      24, 26, 22, -1,
      22, 26, 109, -1,
      22, 109, 110, -1,
      87, 111, 90, -1,
      90, 111, 112, -1,
      90, 112, 113, -1,
      114, 111, 115, -1,
      115, 111, 87, -1,
      115, 87, 116, -1,
      116, 87, 109, -1,
      116, 109, 113, -1,
      113, 109, 26, -1,
      113, 26, 90, -1,
      90, 26, 25, -1,
      90, 25, 52, -1,
      117, 118, 55, -1,
      117, 119, 118, -1,
      118, 119, 120, -1,
      118, 120, 47, -1,
      47, 120, 121, -1,
      47, 121, 49, -1,
      49, 121, 122, -1,
      49, 122, 55, -1,
      55, 122, 123, -1,
      55, 123, 117, -1,
      124, 125, 126, -1,
      126, 125, 120, -1,
      126, 120, 127, -1,
      127, 120, 119, -1,
      127, 119, 128, -1,
      128, 119, 129, -1,
      130, 45, 131, -1,
      131, 45, 132, -1,
      130, 133, 45, -1,
      45, 133, 134, -1,
      45, 134, 135, -1,
      136, 137, 138, -1,
      138, 137, 118, -1,
      136, 139, 137, -1,
      137, 139, 140, -1,
      137, 140, 141, -1,
      141, 142, 137, -1,
      137, 142, 143, -1,
      137, 143, 144, -1,
      135, 145, 45, -1,
      45, 145, 146, -1,
      45, 146, 47, -1,
      47, 146, 147, -1,
      47, 147, 118, -1,
      118, 147, 148, -1,
      118, 148, 138, -1,
      149, 150, 151, -1,
      152, 153, 45, -1,
      45, 153, 137, -1,
      45, 137, 132, -1,
      132, 137, 144, -1,
      151, 152, 149, -1,
      149, 152, 45, -1,
      149, 45, 154, -1,
      154, 45, 43, -1,
      154, 43, 155, -1,
      4, 156, 6, -1,
      6, 156, 157, -1,
      6, 157, 8, -1,
      8, 157, 158, -1,
      8, 158, 43, -1,
      43, 158, 159, -1,
      43, 159, 155, -1,
      155, 159, 137, -1,
      155, 137, 160, -1,
      160, 137, 153, -1,
      96, 83, 87, -1,
      87, 83, 84, -1,
      87, 84, 109, -1,
      109, 84, 161, -1,
      109, 161, 110, -1,
      110, 161, 162, -1,
      156, 163, 157, -1,
      157, 163, 164, -1,
      157, 164, 158, -1,
      158, 164, 165, -1,
      158, 165, 159, -1,
      159, 165, 166, -1,
      159, 166, 137, -1,
      137, 166, 167, -1,
      137, 167, 118, -1,
      118, 167, 168, -1,
      118, 168, 55, -1,
      55, 168, 82, -1,
      55, 82, 59, -1,
      59, 82, 81, -1,
      169, 170, 171, -1,
      171, 170, 172, -1,
      171, 172, 173, -1,
      174, 175, 176, -1,
      176, 175, 177, -1,
      178, 179, 180, -1,
      180, 179, 181, -1,
      182, 183, 184, -1,
      184, 183, 185, -1,
      186, 187, 188, -1,
      188, 187, 189, -1,
      190, 191, 192, -1,
      192, 191, 193, -1,
      194, 195, 196, -1,
      196, 195, 197, -1,
      198, 199, 200, -1,
      200, 199, 201, -1,
      202, 203, 204, -1,
      204, 203, 205, -1,
      197, 206, 196, -1,
      196, 206, 207, -1,
      201, 208, 200, -1,
      200, 208, 209, -1,
      205, 210, 204, -1,
      204, 210, 211, -1,
      212, 213, 214, -1,
      214, 213, 215, -1,
      216, 217, 218, -1,
      218, 217, 219, -1,
      220, 221, 222, -1,
      222, 221, 223, -1,
      224, 221, 225, -1,
      225, 221, 220, -1,
      226, 227, 228, -1,
      228, 227, 229, -1,
      228, 229, 230, -1,
      230, 229, 231, -1,
      230, 231, 232, -1,
      232, 231, 233, -1,
      232, 233, 226, -1,
      226, 233, 227, -1,
      234, 235, 236, -1,
      235, 234, 237, -1,
      237, 234, 238, -1,
      237, 238, 239, -1,
      239, 238, 240, -1,
      239, 240, 236, -1,
      236, 240, 241, -1,
      236, 241, 234, -1,
      238, 242, 243, -1,
      244, 23, 162, -1,
      245, 233, 246, -1,
      246, 233, 231, -1,
      162, 246, 244, -1,
      244, 246, 247, -1,
      244, 247, 248, -1,
      249, 247, 243, -1,
      243, 247, 246, -1,
      243, 246, 238, -1,
      238, 246, 231, -1,
      238, 231, 240, -1,
      245, 250, 251, -1,
      251, 250, 252, -1,
      233, 245, 227, -1,
      227, 245, 251, -1,
      227, 251, 253, -1,
      253, 251, 254, -1,
      255, 249, 243, -1,
      256, 257, 258, -1,
      100, 108, 258, -1,
      258, 108, 255, -1,
      258, 255, 256, -1,
      256, 255, 243, -1,
      259, 260, 261, -1,
      262, 256, 261, -1,
      261, 256, 243, -1,
      262, 263, 256, -1,
      256, 263, 264, -1,
      256, 264, 265, -1,
      265, 264, 266, -1,
      267, 268, 177, -1,
      177, 268, 180, -1,
      242, 269, 243, -1,
      243, 269, 270, -1,
      243, 270, 261, -1,
      261, 270, 271, -1,
      261, 271, 259, -1,
      224, 225, 254, -1,
      254, 225, 207, -1,
      254, 207, 253, -1,
      272, 273, 173, -1,
      173, 273, 176, -1,
      173, 176, 260, -1,
      260, 176, 177, -1,
      260, 177, 274, -1,
      274, 177, 180, -1,
      274, 180, 181, -1,
      207, 206, 253, -1,
      253, 206, 209, -1,
      253, 209, 208, -1,
      275, 276, 210, -1,
      210, 276, 253, -1,
      210, 253, 211, -1,
      211, 253, 208, -1,
      185, 277, 278, -1,
      242, 276, 269, -1,
      269, 276, 275, -1,
      269, 275, 259, -1,
      259, 275, 279, -1,
      259, 279, 260, -1,
      260, 279, 171, -1,
      260, 171, 173, -1,
      188, 189, 274, -1,
      278, 188, 185, -1,
      185, 188, 274, -1,
      185, 274, 184, -1,
      184, 274, 181, -1,
      184, 181, 280, -1,
      280, 181, 281, -1,
      193, 282, 283, -1,
      214, 215, 274, -1,
      283, 214, 193, -1,
      193, 214, 274, -1,
      193, 274, 192, -1,
      192, 274, 189, -1,
      192, 189, 284, -1,
      284, 189, 285, -1,
      219, 286, 287, -1,
      288, 289, 274, -1,
      290, 291, 264, -1,
      264, 291, 292, -1,
      264, 292, 266, -1,
      266, 292, 293, -1,
      266, 293, 254, -1,
      254, 293, 294, -1,
      254, 294, 224, -1,
      289, 291, 274, -1,
      274, 291, 290, -1,
      274, 290, 262, -1,
      262, 290, 295, -1,
      262, 295, 263, -1,
      287, 288, 219, -1,
      219, 288, 274, -1,
      219, 274, 218, -1,
      218, 274, 215, -1,
      218, 215, 296, -1,
      296, 215, 297, -1,
      298, 299, 300, -1,
      301, 302, 303, -1,
      303, 302, 41, -1,
      303, 41, 300, -1,
      300, 41, 25, -1,
      300, 25, 298, -1,
      304, 257, 256, -1,
      305, 252, 250, -1,
      163, 3, 306, -1,
      306, 3, 307, -1,
      250, 306, 305, -1,
      305, 306, 308, -1,
      305, 308, 309, -1,
      265, 308, 256, -1,
      256, 308, 306, -1,
      256, 306, 304, -1,
      304, 306, 307, -1,
      304, 307, 310, -1,
      274, 262, 311, -1,
      39, 41, 311, -1,
      311, 41, 302, -1,
      311, 302, 274, -1,
      25, 28, 298, -1,
      298, 28, 312, -1,
      298, 312, 260, -1,
      260, 312, 261, -1,
      312, 28, 311, -1,
      311, 28, 39, -1,
      313, 314, 290, -1,
      290, 314, 295, -1,
      314, 315, 295, -1,
      295, 315, 263, -1,
      315, 316, 263, -1,
      263, 316, 264, -1,
      316, 313, 264, -1,
      264, 313, 290, -1,
      316, 315, 313, -1,
      313, 315, 314, -1,
      317, 318, 271, -1,
      271, 318, 259, -1,
      318, 319, 259, -1,
      259, 319, 269, -1,
      319, 320, 269, -1,
      269, 320, 270, -1,
      320, 317, 270, -1,
      270, 317, 271, -1,
      320, 319, 317, -1,
      317, 319, 318, -1,
      7, 321, 3, -1,
      3, 321, 307, -1,
      322, 323, 310, -1,
      321, 324, 325, -1,
      325, 326, 321, -1,
      321, 326, 322, -1,
      321, 322, 307, -1,
      307, 322, 310, -1,
      325, 324, 327, -1,
      327, 324, 328, -1,
      327, 328, 329, -1,
      329, 328, 304, -1,
      329, 304, 323, -1,
      323, 304, 310, -1,
      328, 258, 304, -1,
      304, 258, 257, -1,
      321, 7, 324, -1,
      324, 7, 100, -1,
      324, 100, 328, -1,
      328, 100, 258, -1,
      266, 330, 265, -1,
      265, 330, 308, -1,
      308, 331, 332, -1,
      331, 308, 333, -1,
      333, 308, 330, -1,
      333, 330, 334, -1,
      334, 330, 335, -1,
      334, 335, 332, -1,
      332, 335, 309, -1,
      332, 309, 308, -1,
      335, 336, 309, -1,
      309, 336, 305, -1,
      337, 252, 338, -1,
      338, 252, 305, -1,
      338, 305, 339, -1,
      339, 305, 336, -1,
      339, 336, 340, -1,
      340, 336, 251, -1,
      340, 251, 337, -1,
      337, 251, 252, -1,
      330, 266, 335, -1,
      335, 266, 254, -1,
      335, 254, 336, -1,
      336, 254, 251, -1,
      205, 203, 341, -1,
      341, 203, 342, -1,
      341, 342, 343, -1,
      343, 342, 344, -1,
      343, 344, 169, -1,
      169, 344, 170, -1,
      345, 346, 347, -1,
      347, 346, 289, -1,
      347, 289, 288, -1,
      346, 345, 348, -1,
      348, 345, 349, -1,
      348, 349, 350, -1,
      350, 349, 351, -1,
      350, 351, 352, -1,
      352, 351, 353, -1,
      354, 352, 355, -1,
      355, 352, 353, -1,
      187, 186, 356, -1,
      356, 186, 357, -1,
      344, 342, 170, -1,
      170, 342, 203, -1,
      170, 203, 172, -1,
      172, 203, 358, -1,
      359, 360, 361, -1,
      179, 178, 362, -1,
      362, 178, 363, -1,
      223, 364, 365, -1,
      195, 366, 367, -1,
      368, 369, 370, -1,
      199, 371, 372, -1,
      359, 198, 360, -1,
      360, 198, 373, -1,
      360, 373, 367, -1,
      367, 373, 374, -1,
      367, 374, 195, -1,
      190, 375, 191, -1,
      191, 375, 376, -1,
      191, 376, 377, -1,
      358, 203, 368, -1,
      368, 203, 202, -1,
      368, 202, 369, -1,
      369, 202, 378, -1,
      369, 378, 372, -1,
      372, 378, 379, -1,
      372, 379, 199, -1,
      355, 380, 381, -1,
      382, 356, 194, -1,
      194, 356, 357, -1,
      194, 357, 195, -1,
      195, 357, 383, -1,
      195, 383, 366, -1,
      366, 383, 183, -1,
      366, 183, 361, -1,
      361, 183, 182, -1,
      361, 182, 359, -1,
      365, 364, 381, -1,
      381, 364, 384, -1,
      381, 384, 355, -1,
      359, 362, 198, -1,
      198, 362, 363, -1,
      198, 363, 199, -1,
      199, 363, 385, -1,
      199, 385, 371, -1,
      371, 385, 175, -1,
      371, 175, 370, -1,
      370, 175, 174, -1,
      370, 174, 368, -1,
      386, 222, 387, -1,
      387, 222, 223, -1,
      387, 223, 388, -1,
      388, 223, 365, -1,
      353, 351, 345, -1,
      345, 351, 349, -1,
      190, 382, 375, -1,
      375, 382, 194, -1,
      375, 194, 389, -1,
      389, 194, 390, -1,
      389, 390, 391, -1,
      391, 390, 392, -1,
      391, 392, 222, -1,
      376, 391, 377, -1,
      377, 391, 222, -1,
      377, 222, 393, -1,
      393, 222, 386, -1,
      393, 386, 212, -1,
      212, 386, 213, -1,
      345, 347, 353, -1,
      353, 347, 394, -1,
      353, 394, 355, -1,
      355, 394, 395, -1,
      355, 395, 380, -1,
      380, 395, 217, -1,
      380, 217, 388, -1,
      388, 217, 216, -1,
      388, 216, 387, -1,
      396, 301, 303, -1,
      396, 303, 397, -1,
      397, 303, 300, -1,
      299, 397, 300, -1,
      301, 396, 299, -1,
      299, 396, 397, -1,
    ]
  }
}

Shape {
  appearance Appearance {
    material Material {
      diffuseColor 0.8510 0.8510 0.8510
      specularColor 0.4235 0.4235 0.4235
      ambientIntensity 0.2
      transparency 0.0000
      shininess 0.5
    }
  }
  geometry IndexedFaceSet {
    ccw TRUE
    solid FALSE
    coord DEF co Coordinate {
      point [
        -0.767717 -0.422244 0.236220,
        -0.767717 -1.018701 0.236220,
        -0.688976 -1.018701 0.236220,
        -0.688976 -0.422244 0.236220,
        -0.688976 -1.018701 0.793307,
        -0.767717 -1.018701 0.793307,
        -0.767717 -0.422244 0.055118,
        -0.688976 -0.422244 0.055118,
        -0.688976 -0.423725 0.041977,
        -0.767717 -0.423725 0.041977,
        -0.688976 -0.428093 0.029495,
        -0.767717 -0.428093 0.029495,
        -0.688976 -0.435128 0.018298,
        -0.767717 -0.435128 0.018298,
        -0.688976 -0.444479 0.008947,
        -0.767717 -0.444479 0.008947,
        -0.688976 -0.455676 0.001911,
        -0.767717 -0.455676 0.001911,
        -0.688976 -0.468158 -0.002456,
        -0.767717 -0.468158 -0.002456,
        -0.688976 -0.481299 -0.003937,
        -0.767717 -0.481299 -0.003937,
        -0.767717 -1.199803 -0.003937,
        -0.688976 -1.199803 -0.003937,
        -0.688976 -1.212944 -0.002456,
        -0.767717 -1.212944 -0.002456,
        -0.688976 -1.225426 0.001911,
        -0.767717 -1.225426 0.001911,
        -0.688976 -1.236623 0.008947,
        -0.767717 -1.236623 0.008947,
        -0.688976 -1.245974 0.018298,
        -0.767717 -1.245974 0.018298,
        -0.688976 -1.253010 0.029495,
        -0.767717 -1.253010 0.029495,
        -0.688976 -1.257378 0.041977,
        -0.767717 -1.257378 0.041977,
        -0.688976 -1.258858 0.055118,
        -0.767717 -1.258858 0.055118,
        -0.767717 -1.258858 0.734252,
        -0.688976 -1.258858 0.734252,
        -0.688976 -1.257378 0.747393,
        -0.767717 -1.257378 0.747393,
        -0.688976 -1.253010 0.759875,
        -0.767717 -1.253010 0.759875,
        -0.688976 -1.245974 0.771072,
        -0.767717 -1.245974 0.771072,
        -0.688976 -1.236623 0.780423,
        -0.767717 -1.236623 0.780423,
        -0.688976 -1.225426 0.787459,
        -0.767717 -1.225426 0.787459,
        -0.688976 -1.212944 0.791826,
        -0.767717 -1.212944 0.791826,
        -0.688976 -1.199803 0.793307,
        -0.767717 -1.199803 0.793307,
      ]
    }
    coordIndex [
      6, 0, 7, -1,
      7, 0, 3, -1,
      6, 7, 8, -1,
      6, 8, 9, -1,
      9, 8, 10, -1,
      9, 10, 11, -1,
      11, 10, 12, -1,
      11, 12, 13, -1,
      13, 12, 14, -1,
      13, 14, 15, -1,
      15, 14, 16, -1,
      15, 16, 17, -1,
      17, 16, 18, -1,
      17, 18, 19, -1,
      19, 18, 20, -1,
      19, 20, 21, -1,
      22, 21, 23, -1,
      23, 21, 20, -1,
      22, 23, 24, -1,
      22, 24, 25, -1,
      25, 24, 26, -1,
      25, 26, 27, -1,
      27, 26, 28, -1,
      27, 28, 29, -1,
      29, 28, 30, -1,
      29, 30, 31, -1,
      31, 30, 32, -1,
      31, 32, 33, -1,
      33, 32, 34, -1,
      33, 34, 35, -1,
      35, 34, 36, -1,
      35, 36, 37, -1,
      38, 37, 39, -1,
      39, 37, 36, -1,
      38, 39, 40, -1,
      38, 40, 41, -1,
      41, 40, 42, -1,
      41, 42, 43, -1,
      43, 42, 44, -1,
      43, 44, 45, -1,
      45, 44, 46, -1,
      45, 46, 47, -1,
      47, 46, 48, -1,
      47, 48, 49, -1,
      49, 48, 50, -1,
      49, 50, 51, -1,
      51, 50, 52, -1,
      51, 52, 53, -1,
      5, 53, 4, -1,
      4, 53, 52, -1,
      0, 6, 29, -1,
      33, 35, 1, -1,
      1, 35, 37, -1,
      1, 37, 5, -1,
      5, 37, 38, -1,
      5, 38, 53, -1,
      0, 29, 1, -1,
      1, 29, 31, -1,
      1, 31, 33, -1,
      25, 27, 22, -1,
      22, 27, 29, -1,
      22, 29, 21, -1,
      21, 29, 6, -1,
      6, 9, 21, -1,
      21, 9, 11, -1,
      21, 11, 13, -1,
      13, 15, 21, -1,
      21, 15, 17, -1,
      21, 17, 19, -1,
      47, 49, 45, -1,
      45, 49, 43, -1,
      38, 41, 53, -1,
      53, 41, 43, -1,
      53, 43, 51, -1,
      51, 43, 49, -1,
      7, 3, 2, -1,
      8, 7, 20, -1,
      23, 28, 24, -1,
      24, 28, 26, -1,
      4, 52, 36, -1,
      4, 36, 2, -1,
      2, 36, 34, -1,
      2, 34, 32, -1,
      14, 12, 10, -1,
      42, 40, 52, -1,
      52, 40, 39, -1,
      52, 39, 36, -1,
      32, 30, 2, -1,
      2, 30, 28, -1,
      2, 28, 7, -1,
      7, 28, 23, -1,
      7, 23, 20, -1,
      14, 10, 16, -1,
      8, 20, 10, -1,
      10, 20, 18, -1,
      10, 18, 16, -1,
      52, 50, 42, -1,
      42, 50, 48, -1,
      42, 48, 44, -1,
      44, 48, 46, -1,
    ]
  }
}

Shape {
  appearance Appearance {
    material Material {
      diffuseColor 1.0000 0.9529 0.7922
      specularColor 0.3020 0.2863 0.2392
      ambientIntensity 0.2
      transparency 0.0000
      shininess 0.5
    }
  }
  geometry IndexedFaceSet {
    ccw TRUE
    solid FALSE
    coord DEF co Coordinate {
      point [
        -0.403538 -0.948833 0.000000,
        -0.403538 -1.136811 0.000000,
        -0.528534 -1.136811 0.000000,
        -0.528534 -0.948833 0.000000,
        2.362205 -0.418307 0.000000,
        2.145669 -0.418307 0.000000,
        2.145669 -1.254921 0.000000,
        1.850394 -0.418307 1.535433,
        1.791339 -0.418307 1.594488,
        2.027559 0.221457 1.535433,
        2.086614 0.280512 1.594488,
        2.145669 0.418307 0.797244,
        2.145669 0.182087 0.797244,
        2.362205 0.182087 0.797244,
        2.145669 -0.418307 1.358268,
        2.362205 -0.418307 1.358268,
        2.362205 0.182087 1.358268,
        2.145669 0.182087 1.358268,
        2.362205 -0.418307 1.594488,
        2.362205 -0.418307 0.236220,
        2.362205 -1.018701 0.797244,
        2.362205 -1.018701 0.236220,
        2.362205 -1.254921 0.797244,
        2.145669 0.418307 1.594488,
        2.145669 -1.254921 0.797244,
        1.732283 -0.477362 1.594488,
        1.732283 -1.195866 1.594488,
        -0.255906 -1.195866 1.594488,
        -0.255906 -0.477362 1.594488,
        2.086614 -0.634843 1.594488,
        2.145669 -0.418307 1.594488,
        1.791339 -0.634843 1.594488,
        -0.314961 -0.418307 1.594488,
        -0.314961 -0.634843 1.594488,
        -0.610236 -0.634843 1.594488,
        -0.610236 0.280512 1.594488,
        -0.043307 0.280512 1.594488,
        1.732283 -0.536417 1.535433,
        1.417323 -0.536417 1.535433,
        0.059055 -0.536417 1.535433,
        -0.255906 -0.536417 1.535433,
        -0.255906 -1.136811 1.535433,
        1.732283 -1.136811 1.535433,
        -0.846457 -0.378937 1.358268,
        -0.846457 -0.114553 1.358268,
        -0.708661 -0.378937 1.358268,
        -0.708661 -0.114553 1.358268,
        -0.846457 0.378937 0.797244,
        -0.846457 0.221457 0.797244,
        -0.708661 0.221457 0.797244,
        -0.708661 0.378937 0.797244,
        2.027559 -0.575787 1.535433,
        1.850394 -0.575787 1.535433,
        -0.374016 -0.418307 1.535433,
        -0.374016 -0.575787 1.535433,
        -0.551181 -0.575787 1.535433,
        -0.551181 0.221457 1.535433,
        -0.043307 0.221457 1.535433,
        -0.708661 0.221457 0.374016,
        -0.708661 0.378937 0.374016,
        -0.846457 0.221457 0.374016,
        -0.846457 0.378937 0.374016,
        -0.708661 -0.114553 0.374016,
        -0.708661 -0.378937 0.374016,
        -0.846457 -0.378937 0.374016,
        -0.846457 -0.114553 0.374016,
        -0.403538 -0.948833 0.393701,
        -0.528534 -0.948833 0.393701,
        -0.528534 -1.136811 0.393701,
        -0.403538 -1.136811 0.393701,
        2.145669 -1.018701 0.797244,
        2.244094 -1.018701 0.793307,
        2.244094 -1.018701 0.236220,
        2.145669 -1.018701 0.236220,
        2.165354 -1.018701 0.236220,
        2.165354 -1.018701 0.793307,
        2.165354 -0.422244 0.236220,
        2.145669 -0.418307 0.236220,
        2.244094 -0.422244 0.236220,
      ]
    }
    coordIndex [
      58, 49, 59, -1,
      59, 49, 50, -1,
      60, 48, 58, -1,
      58, 48, 49, -1,
      61, 47, 60, -1,
      60, 47, 48, -1,
      59, 50, 61, -1,
      61, 50, 47, -1,
      61, 60, 59, -1,
      59, 60, 58, -1,
      62, 63, 46, -1,
      46, 63, 45, -1,
      63, 64, 45, -1,
      45, 64, 43, -1,
      64, 65, 43, -1,
      43, 65, 44, -1,
      65, 62, 44, -1,
      44, 62, 46, -1,
      65, 64, 62, -1,
      62, 64, 63, -1,
      54, 33, 53, -1,
      53, 33, 32, -1,
      55, 34, 54, -1,
      54, 34, 33, -1,
      56, 35, 55, -1,
      55, 35, 34, -1,
      35, 56, 36, -1,
      36, 56, 57, -1,
      51, 29, 9, -1,
      9, 29, 10, -1,
      52, 31, 51, -1,
      51, 31, 29, -1,
      31, 52, 8, -1,
      8, 52, 7, -1,
      26, 42, 27, -1,
      27, 42, 41, -1,
      38, 37, 25, -1,
      38, 25, 39, -1,
      39, 25, 28, -1,
      39, 28, 40, -1,
      66, 67, 0, -1,
      0, 67, 3, -1,
      67, 68, 3, -1,
      3, 68, 2, -1,
      68, 69, 2, -1,
      2, 69, 1, -1,
      69, 66, 1, -1,
      1, 66, 0, -1,
      69, 68, 66, -1,
      66, 68, 67, -1,
      24, 70, 22, -1,
      22, 70, 20, -1,
      71, 72, 21, -1,
      70, 73, 74, -1,
      74, 75, 70, -1,
      70, 75, 71, -1,
      70, 71, 20, -1,
      20, 71, 21, -1,
      74, 73, 76, -1,
      76, 73, 77, -1,
      76, 77, 78, -1,
      78, 77, 19, -1,
      78, 19, 72, -1,
      72, 19, 21, -1,
      77, 5, 19, -1,
      19, 5, 4, -1,
      70, 24, 73, -1,
      73, 24, 6, -1,
      73, 6, 77, -1,
      77, 6, 5, -1,
      12, 17, 13, -1,
      13, 17, 16, -1,
      14, 30, 15, -1,
      15, 30, 18, -1,
      12, 11, 17, -1,
      17, 11, 23, -1,
      17, 23, 14, -1,
      14, 23, 30, -1,
    ]
  }
}

Shape {
  appearance Appearance {
    material Material {
      diffuseColor 0.8510 0.8510 0.8510
      specularColor 0.4235 0.4235 0.4235
      ambientIntensity 0.2
      transparency 0.0000
      shininess 0.5
    }
  }
  geometry IndexedFaceSet {
    ccw TRUE
    solid FALSE
    coord DEF co Coordinate {
      point [
        2.244094 -1.018701 0.793307,
        2.244094 -1.018701 0.236220,
        2.165354 -1.018701 0.236220,
        2.165354 -1.018701 0.793307,
        2.165354 -0.422244 0.236220,
        2.244094 -0.422244 0.236220,
        2.244094 -1.199803 0.793307,
        2.165354 -1.199803 0.793307,
        2.165354 -1.212944 0.791826,
        2.244094 -1.212944 0.791826,
        2.165354 -1.225426 0.787459,
        2.244094 -1.225426 0.787459,
        2.165354 -1.236623 0.780423,
        2.244094 -1.236623 0.780423,
        2.165354 -1.245974 0.771072,
        2.244094 -1.245974 0.771072,
        2.165354 -1.253010 0.759875,
        2.244094 -1.253010 0.759875,
        2.165354 -1.257378 0.747393,
        2.244094 -1.257378 0.747393,
        2.165354 -1.258858 0.734252,
        2.244094 -1.258858 0.734252,
        2.244094 -1.258858 0.055118,
        2.165354 -1.258858 0.055118,
        2.165354 -1.257378 0.041977,
        2.244094 -1.257378 0.041977,
        2.165354 -1.253010 0.029495,
        2.244094 -1.253010 0.029495,
        2.165354 -1.245974 0.018298,
        2.244094 -1.245974 0.018298,
        2.165354 -1.236623 0.008947,
        2.244094 -1.236623 0.008947,
        2.165354 -1.225426 0.001911,
        2.244094 -1.225426 0.001911,
        2.165354 -1.212944 -0.002456,
        2.244094 -1.212944 -0.002456,
        2.165354 -1.199803 -0.003937,
        2.244094 -1.199803 -0.003937,
        2.244094 -0.481299 -0.003937,
        2.165354 -0.481299 -0.003937,
        2.165354 -0.468158 -0.002456,
        2.244094 -0.468158 -0.002456,
        2.165354 -0.455676 0.001911,
        2.244094 -0.455676 0.001911,
        2.165354 -0.444479 0.008947,
        2.244094 -0.444479 0.008947,
        2.165354 -0.435128 0.018298,
        2.244094 -0.435128 0.018298,
        2.165354 -0.428093 0.029495,
        2.244094 -0.428093 0.029495,
        2.165354 -0.423725 0.041977,
        2.244094 -0.423725 0.041977,
        2.165354 -0.422244 0.055118,
        2.244094 -0.422244 0.055118,
      ]
    }
    coordIndex [
      6, 0, 7, -1,
      7, 0, 3, -1,
      6, 7, 8, -1,
      6, 8, 9, -1,
      9, 8, 10, -1,
      9, 10, 11, -1,
      11, 10, 12, -1,
      11, 12, 13, -1,
      13, 12, 14, -1,
      13, 14, 15, -1,
      15, 14, 16, -1,
      15, 16, 17, -1,
      17, 16, 18, -1,
      17, 18, 19, -1,
      19, 18, 20, -1,
      19, 20, 21, -1,
      22, 21, 23, -1,
      23, 21, 20, -1,
      22, 23, 24, -1,
      22, 24, 25, -1,
      25, 24, 26, -1,
      25, 26, 27, -1,
      27, 26, 28, -1,
      27, 28, 29, -1,
      29, 28, 30, -1,
      29, 30, 31, -1,
      31, 30, 32, -1,
      31, 32, 33, -1,
      33, 32, 34, -1,
      33, 34, 35, -1,
      35, 34, 36, -1,
      35, 36, 37, -1,
      38, 37, 39, -1,
      39, 37, 36, -1,
      38, 39, 40, -1,
      38, 40, 41, -1,
      41, 40, 42, -1,
      41, 42, 43, -1,
      43, 42, 44, -1,
      43, 44, 45, -1,
      45, 44, 46, -1,
      45, 46, 47, -1,
      47, 46, 48, -1,
      47, 48, 49, -1,
      49, 48, 50, -1,
      49, 50, 51, -1,
      51, 50, 52, -1,
      51, 52, 53, -1,
      5, 53, 4, -1,
      4, 53, 52, -1,
      53, 5, 1, -1,
      21, 22, 6, -1,
      35, 37, 33, -1,
      33, 37, 31, -1,
      6, 22, 0, -1,
      27, 29, 1, -1,
      1, 29, 31, -1,
      1, 31, 53, -1,
      53, 31, 37, -1,
      53, 37, 38, -1,
      0, 22, 1, -1,
      1, 22, 25, -1,
      1, 25, 27, -1,
      41, 43, 38, -1,
      38, 43, 45, -1,
      38, 45, 47, -1,
      47, 49, 38, -1,
      38, 49, 51, -1,
      38, 51, 53, -1,
      11, 13, 19, -1,
      19, 13, 15, -1,
      19, 15, 17, -1,
      21, 6, 19, -1,
      19, 6, 9, -1,
      19, 9, 11, -1,
      2, 30, 28, -1,
      3, 2, 7, -1,
      7, 2, 23, -1,
      34, 32, 36, -1,
      36, 32, 30, -1,
      36, 30, 39, -1,
      28, 26, 2, -1,
      2, 26, 24, -1,
      2, 24, 23, -1,
      48, 46, 39, -1,
      16, 14, 18, -1,
      18, 14, 12, -1,
      18, 12, 10, -1,
      2, 4, 30, -1,
      30, 4, 52, -1,
      30, 52, 39, -1,
      39, 52, 50, -1,
      39, 50, 48, -1,
      46, 44, 39, -1,
      39, 44, 42, -1,
      39, 42, 40, -1,
      23, 20, 7, -1,
      7, 20, 18, -1,
      7, 18, 8, -1,
      8, 18, 10, -1,
    ]
  }
}

Shape {
  appearance Appearance {
    material Material {
      diffuseColor 1.0000 0.9529 0.7922
      specularColor 0.3020 0.2863 0.2392
      ambientIntensity 0.2
      transparency 0.0000
      shininess 0.5
    }
  }
  geometry IndexedFaceSet {
    ccw TRUE
    solid FALSE
    coord DEF co Coordinate {
      point [
        2.004912 -0.948833 0.000000,
        1.879916 -0.948833 0.000000,
        1.879916 -1.136811 0.000000,
        2.004912 -1.136811 0.000000,
        0.841415 0.000000 0.000000,
        1.015460 0.000000 0.000000,
        1.806100 0.000000 0.000000,
        2.362205 0.000000 0.000000,
        -0.885827 0.000000 0.000000,
        -0.707180 0.000000 0.000000,
        -0.329722 0.000000 0.000000,
        0.035889 0.000000 0.000000,
        0.512531 0.000000 0.000000,
        0.697378 0.000000 0.000000,
        0.102362 -0.418307 0.413386,
        0.102362 -0.418307 1.594488,
        0.043307 -0.418307 0.413386,
        -0.043307 -0.418307 0.413386,
        0.043307 -0.418307 1.594488,
        -0.043307 -0.418307 1.594488,
        0.043307 0.221457 1.535433,
        0.043307 0.221457 0.413386,
        0.043307 0.280512 1.594488,
        2.185039 0.378937 0.797244,
        2.185039 0.221457 0.797244,
        2.322835 0.221457 0.797244,
        2.322835 0.378937 0.797244,
        2.185039 -0.378937 1.358268,
        2.185039 -0.114553 1.358268,
        2.322835 -0.378937 1.358268,
        2.322835 -0.114553 1.358268,
        2.362205 0.418307 0.196850,
        2.362205 -0.000000 0.196850,
        -0.885827 0.418307 0.196850,
        -0.043307 -0.347441 1.594488,
        -0.102362 -0.347441 1.594488,
        -0.102362 -0.418307 1.594488,
        -0.043307 0.280512 1.594488,
        0.043307 -0.347441 1.594488,
        0.102362 -0.347441 1.594488,
        -0.885827 -0.000000 0.196850,
        -0.102362 -0.418307 0.413386,
        -0.043307 0.221457 1.535433,
        -0.043307 0.221457 0.413386,
        0.043307 0.280512 0.413386,
        -0.043307 0.280512 0.413386,
        0.102362 -0.300197 0.413386,
        0.043307 -0.300197 0.413386,
        -0.102362 -0.300197 0.413386,
        -0.043307 -0.300197 0.413386,
        2.185039 -0.378937 0.374016,
        2.185039 -0.114553 0.374016,
        2.322835 -0.114553 0.374016,
        2.322835 -0.378937 0.374016,
        2.185039 0.378937 0.374016,
        2.185039 0.221457 0.374016,
        2.322835 0.378937 0.374016,
        2.322835 0.221457 0.374016,
        2.004912 -0.948833 0.393701,
        1.879916 -0.948833 0.393701,
        1.879916 -1.136811 0.393701,
        2.004912 -1.136811 0.393701,
        1.023622 0.000000 0.078740,
        1.023622 0.000000 0.196850,
        1.437008 0.000000 0.196850,
        1.515748 0.000000 0.078740,
        1.437008 0.000000 0.078740,
        -0.039370 0.000000 0.196850,
        -0.039370 0.000000 0.078740,
        1.515748 0.000000 0.196850,
        0.039370 0.000000 0.196850,
        0.452756 0.000000 0.196850,
        0.039370 0.000000 0.078740,
        0.452756 0.000000 0.078740,
        0.531496 0.000000 0.078740,
        0.531496 0.000000 0.196850,
        0.944882 0.000000 0.196850,
        0.944882 0.000000 0.078740,
        1.515748 0.379805 0.196850,
        1.437008 0.379805 0.196850,
        0.452756 0.379805 0.196850,
        0.944882 0.379805 0.196850,
        -0.039370 0.379805 0.196850,
        0.039370 0.379805 0.196850,
        0.531496 0.379805 0.196850,
        1.023622 0.379805 0.196850,
        -0.043307 -0.300197 1.547244,
        -0.102362 -0.300197 1.547244,
        0.102362 -0.300197 1.547244,
        0.043307 -0.300197 1.547244,
      ]
    }
    coordIndex [
      50, 51, 27, -1,
      27, 51, 28, -1,
      51, 52, 28, -1,
      28, 52, 30, -1,
      52, 53, 30, -1,
      30, 53, 29, -1,
      53, 50, 29, -1,
      29, 50, 27, -1,
      53, 52, 50, -1,
      50, 52, 51, -1,
      54, 23, 55, -1,
      55, 23, 24, -1,
      56, 26, 54, -1,
      54, 26, 23, -1,
      57, 25, 56, -1,
      56, 25, 26, -1,
      55, 24, 57, -1,
      57, 24, 25, -1,
      57, 56, 55, -1,
      55, 56, 54, -1,
      58, 59, 0, -1,
      0, 59, 1, -1,
      59, 60, 1, -1,
      1, 60, 2, -1,
      60, 61, 2, -1,
      2, 61, 3, -1,
      61, 58, 3, -1,
      3, 58, 0, -1,
      61, 60, 58, -1,
      58, 60, 59, -1,
      62, 63, 64, -1,
      65, 6, 66, -1,
      66, 6, 5, -1,
      40, 67, 68, -1,
      65, 69, 6, -1,
      6, 69, 32, -1,
      6, 32, 7, -1,
      70, 71, 72, -1,
      72, 71, 73, -1,
      74, 13, 73, -1,
      73, 13, 12, -1,
      73, 12, 72, -1,
      72, 12, 11, -1,
      72, 11, 68, -1,
      68, 11, 10, -1,
      68, 10, 40, -1,
      40, 10, 9, -1,
      40, 9, 8, -1,
      74, 75, 13, -1,
      13, 75, 76, -1,
      13, 76, 4, -1,
      4, 76, 77, -1,
      4, 77, 5, -1,
      5, 77, 62, -1,
      5, 62, 66, -1,
      66, 62, 64, -1,
      31, 32, 69, -1,
      69, 78, 31, -1,
      31, 78, 79, -1,
      31, 79, 33, -1,
      80, 71, 70, -1,
      81, 76, 75, -1,
      67, 40, 82, -1,
      82, 40, 33, -1,
      82, 33, 83, -1,
      70, 83, 80, -1,
      80, 83, 33, -1,
      80, 33, 84, -1,
      64, 63, 79, -1,
      79, 63, 85, -1,
      79, 85, 33, -1,
      33, 85, 81, -1,
      33, 81, 84, -1,
      84, 81, 75, -1,
      44, 21, 22, -1,
      22, 21, 20, -1,
      37, 45, 22, -1,
      22, 45, 44, -1,
      43, 45, 42, -1,
      42, 45, 37, -1,
      34, 19, 86, -1,
      86, 19, 17, -1,
      86, 17, 49, -1,
      86, 49, 87, -1,
      87, 49, 48, -1,
      87, 48, 35, -1,
      35, 48, 41, -1,
      35, 41, 36, -1,
      46, 88, 14, -1,
      14, 88, 39, -1,
      14, 39, 15, -1,
      88, 46, 89, -1,
      89, 46, 47, -1,
      89, 47, 38, -1,
      38, 47, 16, -1,
      38, 16, 18, -1,
      87, 35, 86, -1,
      86, 35, 34, -1,
      89, 38, 88, -1,
      88, 38, 39, -1,
    ]
  }
}

Shape {
  appearance Appearance {
    material Material {
      diffuseColor 0.8510 0.8510 0.8510
      specularColor 0.2549 0.2549 0.2549
      ambientIntensity 0.2
      transparency 0.0000
      shininess 0.5
    }
  }
  geometry IndexedFaceSet {
    ccw TRUE
    solid FALSE
    coord DEF co Coordinate {
      point [
        0.039370 0.260827 0.413386,
        -0.039370 -0.398622 0.413386,
        -0.039370 0.260827 0.413386,
        0.039370 -0.398622 0.413386,
        -0.039370 0.000000 0.196850,
        -0.039370 0.000000 0.078740,
        0.039370 0.000000 0.196850,
        0.039370 0.000000 0.078740,
        -0.039370 0.379805 0.196850,
        0.039370 0.379805 0.196850,
        0.039370 0.418307 0.178443,
        -0.039370 0.418307 0.178443,
        0.039370 0.398213 0.178443,
        -0.039370 0.398213 0.178443,
        0.039370 0.501080 0.095669,
        -0.039370 0.501080 0.095669,
        -0.039370 0.644685 0.095669,
        0.039370 0.644685 0.095669,
        -0.039370 0.693898 0.045276,
        -0.039370 0.693898 0.046457,
        0.039370 0.693898 0.045276,
        0.039370 0.693898 0.046457,
        0.039370 0.644685 -0.003937,
        0.039370 0.339148 -0.003937,
        -0.039370 0.644685 -0.003937,
        -0.039370 0.339148 -0.003937,
        0.039370 0.334053 -0.003266,
        -0.039370 0.334053 -0.003266,
        0.039370 0.329305 -0.001300,
        -0.039370 0.329305 -0.001300,
        0.039370 0.325228 0.001829,
        -0.039370 0.325228 0.001829,
        0.039370 0.248317 0.078740,
        -0.039370 0.248317 0.078740,
        -0.039370 0.657422 -0.002260,
        -0.039370 0.692221 0.032539,
        -0.039370 0.687304 0.020669,
        -0.039370 0.679483 0.010477,
        -0.039370 0.657422 0.093993,
        -0.039370 0.669291 0.002656,
        -0.039370 0.669291 0.089076,
        -0.039370 0.679483 0.081255,
        -0.039370 0.687304 0.071063,
        -0.039370 0.692221 0.059194,
        0.039370 0.692221 0.032539,
        0.039370 0.657422 -0.002260,
        0.039370 0.669291 0.002656,
        0.039370 0.679483 0.010477,
        0.039370 0.692221 0.059194,
        0.039370 0.687304 0.020669,
        0.039370 0.687304 0.071063,
        0.039370 0.679483 0.081255,
        0.039370 0.669291 0.089076,
        0.039370 0.657422 0.093993,
        -0.039370 0.260827 1.397638,
        0.039370 0.260827 1.397638,
        -0.039370 -0.167323 0.610236,
        -0.039370 -0.163969 0.584762,
        -0.039370 -0.019685 0.524998,
        -0.039370 0.000700 0.540639,
        -0.039370 -0.154136 0.561024,
        -0.039370 -0.138495 0.540639,
        -0.039370 -0.118110 0.524998,
        -0.039370 0.016341 0.561024,
        -0.039370 0.026174 0.584762,
        -0.039370 0.029528 0.610236,
        -0.039370 -0.094372 0.515165,
        -0.039370 -0.068898 0.511811,
        -0.039370 -0.043423 0.515165,
        -0.039370 0.029528 1.302590,
        -0.039370 0.041059 1.330429,
        -0.039370 0.030284 1.310271,
        -0.039370 0.032524 1.317656,
        -0.039370 0.036163 1.324463,
        -0.039370 0.142072 1.430373,
        -0.039370 0.148879 1.434011,
        -0.039370 0.136107 1.425477,
        -0.039370 0.156265 1.436251,
        -0.039370 0.163945 1.437008,
        -0.039370 0.221457 1.437008,
        -0.039370 -0.397635 1.406398,
        -0.039370 -0.394723 1.414720,
        -0.039370 -0.390033 1.422185,
        -0.039370 -0.376334 1.433109,
        -0.039370 -0.368013 1.436021,
        -0.039370 -0.398622 1.397638,
        -0.039370 -0.359252 1.437008,
        -0.039370 -0.301741 1.437008,
        -0.039370 -0.294060 1.436251,
        -0.039370 -0.286674 1.434011,
        -0.039370 -0.279868 1.430373,
        -0.039370 -0.273902 1.425477,
        -0.039370 -0.178854 1.330429,
        -0.039370 -0.167323 1.302590,
        -0.039370 -0.168079 1.310271,
        -0.039370 -0.173958 1.324463,
        -0.039370 -0.170320 1.317656,
        -0.039370 -0.383799 1.428419,
        -0.039370 0.230217 1.436021,
        -0.039370 0.259840 1.406398,
        -0.039370 0.252237 1.422185,
        -0.039370 0.256928 1.414720,
        -0.039370 0.246004 1.428419,
        -0.039370 0.238539 1.433109,
        0.039370 -0.398622 1.397638,
        0.039370 -0.301741 1.437008,
        0.039370 0.026174 0.584762,
        0.039370 0.016341 0.561024,
        0.039370 0.000700 0.540639,
        0.039370 -0.019685 0.524998,
        0.039370 -0.154136 0.561024,
        0.039370 -0.138495 0.540639,
        0.039370 -0.118110 0.524998,
        0.039370 -0.043423 0.515165,
        0.039370 -0.068898 0.511811,
        0.039370 -0.094372 0.515165,
        0.039370 0.230217 1.436021,
        0.039370 0.221457 1.437008,
        0.039370 0.041059 1.330429,
        0.039370 0.036163 1.324463,
        0.039370 0.032524 1.317656,
        0.039370 -0.178854 1.330429,
        0.039370 -0.273902 1.425477,
        0.039370 0.156265 1.436251,
        0.039370 0.148879 1.434011,
        0.039370 0.030284 1.310271,
        0.039370 0.029528 1.302590,
        0.039370 0.029528 0.610236,
        0.039370 0.163945 1.437008,
        0.039370 0.142072 1.430373,
        0.039370 0.136107 1.425477,
        0.039370 -0.279868 1.430373,
        0.039370 -0.286674 1.434011,
        0.039370 -0.294060 1.436251,
        0.039370 -0.163969 0.584762,
        0.039370 -0.167323 0.610236,
        0.039370 -0.167323 1.302590,
        0.039370 -0.168079 1.310271,
        0.039370 -0.173958 1.324463,
        0.039370 -0.170320 1.317656,
        0.039370 -0.359252 1.437008,
        0.039370 -0.368013 1.436021,
        0.039370 -0.376334 1.433109,
        0.039370 -0.383799 1.428419,
        0.039370 -0.390033 1.422185,
        0.039370 -0.397635 1.406398,
        0.039370 -0.394723 1.414720,
        0.039370 0.252237 1.422185,
        0.039370 0.246004 1.428419,
        0.039370 0.256928 1.414720,
        0.039370 0.259840 1.406398,
        0.039370 0.238539 1.433109,
      ]
    }
    coordIndex [
      10, 11, 12, -1,
      12, 11, 13, -1,
      14, 15, 10, -1,
      10, 15, 11, -1,
      16, 15, 17, -1,
      17, 15, 14, -1,
      18, 19, 20, -1,
      20, 19, 21, -1,
      22, 23, 24, -1,
      24, 23, 25, -1,
      25, 23, 26, -1,
      25, 26, 27, -1,
      27, 26, 28, -1,
      27, 28, 29, -1,
      29, 28, 30, -1,
      29, 30, 31, -1,
      32, 33, 30, -1,
      30, 33, 31, -1,
      11, 15, 25, -1,
      34, 24, 18, -1,
      5, 4, 33, -1,
      33, 4, 8, -1,
      33, 8, 31, -1,
      31, 8, 13, -1,
      31, 13, 29, -1,
      29, 13, 11, -1,
      29, 11, 27, -1,
      27, 11, 25, -1,
      35, 36, 37, -1,
      38, 19, 16, -1,
      16, 19, 18, -1,
      16, 18, 15, -1,
      15, 18, 24, -1,
      15, 24, 25, -1,
      35, 37, 18, -1,
      18, 37, 39, -1,
      18, 39, 34, -1,
      38, 40, 41, -1,
      41, 42, 38, -1,
      38, 42, 43, -1,
      38, 43, 19, -1,
      44, 20, 22, -1,
      6, 7, 9, -1,
      9, 7, 32, -1,
      9, 32, 12, -1,
      12, 32, 30, -1,
      12, 30, 10, -1,
      45, 46, 47, -1,
      23, 14, 26, -1,
      26, 14, 10, -1,
      26, 10, 28, -1,
      28, 10, 30, -1,
      48, 17, 21, -1,
      21, 17, 14, -1,
      21, 14, 20, -1,
      20, 14, 23, -1,
      20, 23, 22, -1,
      45, 47, 22, -1,
      22, 47, 49, -1,
      22, 49, 44, -1,
      48, 50, 51, -1,
      51, 52, 48, -1,
      48, 52, 53, -1,
      48, 53, 17, -1,
      12, 13, 9, -1,
      9, 13, 8, -1,
      7, 5, 32, -1,
      32, 5, 33, -1,
      54, 55, 2, -1,
      2, 55, 0, -1,
      56, 57, 1, -1,
      58, 59, 2, -1,
      57, 60, 1, -1,
      1, 60, 61, -1,
      1, 61, 62, -1,
      59, 63, 2, -1,
      2, 63, 64, -1,
      2, 64, 65, -1,
      62, 66, 1, -1,
      1, 66, 67, -1,
      1, 67, 2, -1,
      2, 67, 68, -1,
      2, 68, 58, -1,
      65, 69, 70, -1,
      69, 71, 70, -1,
      70, 71, 72, -1,
      70, 72, 73, -1,
      74, 75, 2, -1,
      65, 70, 2, -1,
      2, 70, 76, -1,
      2, 76, 74, -1,
      75, 77, 2, -1,
      2, 77, 78, -1,
      2, 78, 79, -1,
      80, 81, 82, -1,
      83, 84, 85, -1,
      84, 86, 85, -1,
      85, 86, 87, -1,
      85, 87, 1, -1,
      1, 87, 88, -1,
      1, 88, 89, -1,
      89, 90, 1, -1,
      1, 90, 91, -1,
      1, 91, 92, -1,
      56, 1, 93, -1,
      93, 1, 92, -1,
      93, 92, 94, -1,
      94, 92, 95, -1,
      94, 95, 96, -1,
      80, 82, 85, -1,
      85, 82, 97, -1,
      85, 97, 83, -1,
      98, 99, 79, -1,
      79, 99, 54, -1,
      79, 54, 2, -1,
      100, 101, 102, -1,
      102, 101, 99, -1,
      102, 99, 103, -1,
      103, 99, 98, -1,
      104, 3, 105, -1,
      106, 107, 0, -1,
      0, 107, 108, -1,
      0, 108, 109, -1,
      110, 3, 111, -1,
      111, 3, 112, -1,
      109, 113, 0, -1,
      0, 113, 114, -1,
      0, 114, 3, -1,
      3, 114, 115, -1,
      3, 115, 112, -1,
      116, 117, 55, -1,
      118, 119, 120, -1,
      121, 122, 105, -1,
      123, 124, 0, -1,
      120, 125, 118, -1,
      118, 125, 126, -1,
      118, 126, 0, -1,
      0, 126, 127, -1,
      0, 127, 106, -1,
      55, 117, 0, -1,
      0, 117, 128, -1,
      0, 128, 123, -1,
      124, 129, 0, -1,
      0, 129, 130, -1,
      0, 130, 118, -1,
      122, 131, 105, -1,
      105, 131, 132, -1,
      105, 132, 133, -1,
      110, 134, 3, -1,
      3, 134, 135, -1,
      3, 135, 105, -1,
      105, 135, 136, -1,
      105, 136, 121, -1,
      121, 136, 137, -1,
      121, 137, 138, -1,
      138, 137, 139, -1,
      105, 140, 104, -1,
      104, 140, 141, -1,
      104, 141, 142, -1,
      142, 143, 104, -1,
      104, 143, 144, -1,
      104, 144, 145, -1,
      145, 144, 146, -1,
      147, 148, 149, -1,
      149, 148, 150, -1,
      150, 148, 55, -1,
      55, 148, 151, -1,
      55, 151, 116, -1,
      104, 85, 3, -1,
      3, 85, 1, -1,
      85, 104, 145, -1,
      85, 145, 80, -1,
      80, 145, 146, -1,
      80, 146, 81, -1,
      81, 146, 144, -1,
      81, 144, 82, -1,
      82, 144, 143, -1,
      82, 143, 97, -1,
      97, 143, 142, -1,
      97, 142, 83, -1,
      83, 142, 141, -1,
      83, 141, 84, -1,
      84, 141, 140, -1,
      84, 140, 86, -1,
      105, 87, 140, -1,
      140, 87, 86, -1,
      87, 105, 133, -1,
      87, 133, 88, -1,
      88, 133, 132, -1,
      88, 132, 89, -1,
      89, 132, 131, -1,
      89, 131, 90, -1,
      90, 131, 122, -1,
      90, 122, 91, -1,
      121, 92, 122, -1,
      122, 92, 91, -1,
      92, 121, 138, -1,
      92, 138, 95, -1,
      95, 138, 139, -1,
      95, 139, 96, -1,
      96, 139, 137, -1,
      96, 137, 94, -1,
      94, 137, 136, -1,
      94, 136, 93, -1,
      135, 56, 136, -1,
      136, 56, 93, -1,
      56, 135, 57, -1,
      57, 135, 134, -1,
      57, 134, 60, -1,
      60, 134, 110, -1,
      60, 110, 61, -1,
      61, 110, 111, -1,
      61, 111, 62, -1,
      62, 111, 112, -1,
      62, 112, 66, -1,
      66, 112, 115, -1,
      66, 115, 67, -1,
      67, 115, 114, -1,
      67, 114, 68, -1,
      68, 114, 113, -1,
      68, 113, 58, -1,
      58, 113, 109, -1,
      58, 109, 59, -1,
      59, 109, 108, -1,
      59, 108, 63, -1,
      63, 108, 107, -1,
      63, 107, 64, -1,
      64, 107, 106, -1,
      64, 106, 65, -1,
      65, 106, 127, -1,
      126, 69, 127, -1,
      127, 69, 65, -1,
      69, 126, 125, -1,
      69, 125, 71, -1,
      71, 125, 120, -1,
      71, 120, 72, -1,
      72, 120, 119, -1,
      72, 119, 73, -1,
      73, 119, 118, -1,
      73, 118, 70, -1,
      130, 76, 118, -1,
      118, 76, 70, -1,
      76, 130, 129, -1,
      76, 129, 74, -1,
      74, 129, 124, -1,
      74, 124, 75, -1,
      75, 124, 123, -1,
      75, 123, 77, -1,
      77, 123, 128, -1,
      77, 128, 78, -1,
      117, 79, 128, -1,
      128, 79, 78, -1,
      79, 117, 116, -1,
      79, 116, 98, -1,
      98, 116, 151, -1,
      98, 151, 103, -1,
      103, 151, 148, -1,
      103, 148, 102, -1,
      102, 148, 147, -1,
      102, 147, 100, -1,
      100, 147, 149, -1,
      100, 149, 101, -1,
      101, 149, 150, -1,
      101, 150, 99, -1,
      99, 150, 55, -1,
      99, 55, 54, -1,
    ]
  }
}

Shape {
  appearance Appearance {
    material Material {
      diffuseColor 0.8510 0.8510 0.8510
      specularColor 0.4235 0.4235 0.4235
      ambientIntensity 0.2
      transparency 0.0000
      shininess 0.5
    }
  }
  geometry IndexedFaceSet {
    ccw TRUE
    solid FALSE
    coord DEF co Coordinate {
      point [
        -0.039370 0.644685 0.095669,
        0.039370 0.644685 0.095669,
        -0.039370 0.693898 0.045276,
        -0.039370 0.693898 0.046457,
        0.039370 0.693898 0.045276,
        0.039370 0.693898 0.046457,
        0.039370 0.644685 -0.003937,
        -0.039370 0.644685 -0.003937,
        -0.039370 0.657422 -0.002260,
        -0.039370 0.692221 0.032539,
        -0.039370 0.687304 0.020669,
        -0.039370 0.679483 0.010477,
        -0.039370 0.657422 0.093993,
        -0.039370 0.669291 0.002656,
        -0.039370 0.669291 0.089076,
        -0.039370 0.679483 0.081255,
        -0.039370 0.687304 0.071063,
        -0.039370 0.692221 0.059194,
        0.039370 0.692221 0.032539,
        0.039370 0.657422 -0.002260,
        0.039370 0.669291 0.002656,
        0.039370 0.679483 0.010477,
        0.039370 0.692221 0.059194,
        0.039370 0.687304 0.020669,
        0.039370 0.687304 0.071063,
        0.039370 0.679483 0.081255,
        0.039370 0.669291 0.089076,
        0.039370 0.657422 0.093993,
      ]
    }
    coordIndex [
      2, 4, 18, -1,
      2, 18, 9, -1,
      9, 18, 23, -1,
      9, 23, 10, -1,
      10, 23, 21, -1,
      10, 21, 11, -1,
      11, 21, 20, -1,
      11, 20, 13, -1,
      13, 20, 19, -1,
      13, 19, 8, -1,
      8, 19, 6, -1,
      8, 6, 7, -1,
      0, 1, 27, -1,
      0, 27, 12, -1,
      12, 27, 26, -1,
      12, 26, 14, -1,
      14, 26, 25, -1,
      14, 25, 15, -1,
      15, 25, 24, -1,
      15, 24, 16, -1,
      16, 24, 22, -1,
      16, 22, 17, -1,
      17, 22, 5, -1,
      17, 5, 3, -1,
    ]
  }
}

Shape {
  appearance Appearance {
    material Material {
      diffuseColor 1.0000 0.9529 0.7922
      specularColor 0.3020 0.2863 0.2392
      ambientIntensity 0.2
      transparency 0.0000
      shininess 0.5
    }
  }
  geometry IndexedFaceSet {
    ccw TRUE
    solid FALSE
    coord DEF co Coordinate {
      point [
        1.578740 -0.418307 0.413386,
        1.578740 -0.418307 1.594488,
        1.519685 -0.418307 0.413386,
        1.433071 -0.418307 0.413386,
        1.519685 -0.418307 1.594488,
        1.433071 -0.418307 1.594488,
        1.374016 -0.418307 0.413386,
        1.086614 -0.418307 0.413386,
        1.374016 -0.418307 1.594488,
        1.086614 -0.418307 1.594488,
        1.027559 -0.418307 0.413386,
        0.940945 -0.418307 0.413386,
        1.027559 -0.418307 1.594488,
        0.940945 -0.418307 1.594488,
        0.881890 -0.418307 0.413386,
        0.594488 -0.418307 0.413386,
        0.881890 -0.418307 1.594488,
        0.594488 -0.418307 1.594488,
        0.535433 -0.418307 0.413386,
        0.448819 -0.418307 0.413386,
        0.535433 -0.418307 1.594488,
        0.448819 -0.418307 1.594488,
        0.535433 0.221457 0.413386,
        0.940945 0.221457 0.413386,
        0.535433 0.221457 1.535433,
        0.940945 0.221457 1.535433,
        1.027559 0.221457 0.413386,
        1.433071 0.221457 0.413386,
        1.027559 0.221457 1.535433,
        1.433071 0.221457 1.535433,
        1.519685 0.221457 0.413386,
        1.519685 0.221457 1.535433,
        0.940945 0.280512 1.594488,
        0.535433 0.280512 1.594488,
        1.433071 0.280512 1.594488,
        1.027559 0.280512 1.594488,
        1.519685 0.280512 1.594488,
        0.389764 -0.418307 0.413386,
        0.389764 -0.418307 1.594488,
        0.448819 0.221457 1.535433,
        0.448819 0.221457 0.413386,
        0.448819 0.280512 1.594488,
        1.433071 -0.347441 1.594488,
        1.374016 -0.347441 1.594488,
        1.578740 -0.347441 1.594488,
        1.519685 -0.347441 1.594488,
        0.940945 -0.347441 1.594488,
        0.881890 -0.347441 1.594488,
        1.027559 -0.347441 1.594488,
        1.086614 -0.347441 1.594488,
        0.448819 -0.347441 1.594488,
        0.389764 -0.347441 1.594488,
        0.535433 -0.347441 1.594488,
        0.594488 -0.347441 1.594488,
        0.594488 -0.300197 0.413386,
        0.881890 -0.300197 0.413386,
        1.578740 -0.300197 0.413386,
        1.027559 -0.300197 0.413386,
        1.086614 -0.300197 0.413386,
        1.374016 -0.300197 0.413386,
        1.519685 -0.300197 0.413386,
        1.027559 0.280512 0.413386,
        0.940945 0.280512 0.413386,
        0.448819 -0.300197 0.413386,
        1.519685 0.280512 0.413386,
        1.433071 0.280512 0.413386,
        0.535433 -0.300197 0.413386,
        0.940945 -0.300197 0.413386,
        1.433071 -0.300197 0.413386,
        0.535433 0.280512 0.413386,
        0.448819 0.280512 0.413386,
        0.389764 -0.300197 0.413386,
        0.448819 -0.300197 1.547244,
        0.389764 -0.300197 1.547244,
        0.594488 -0.300197 1.547244,
        0.535433 -0.300197 1.547244,
        0.940945 -0.300197 1.547244,
        0.881890 -0.300197 1.547244,
        1.086614 -0.300197 1.547244,
        1.027559 -0.300197 1.547244,
        1.433071 -0.300197 1.547244,
        1.374016 -0.300197 1.547244,
        1.578740 -0.300197 1.547244,
        1.519685 -0.300197 1.547244,
      ]
    }
    coordIndex [
      64, 30, 36, -1,
      36, 30, 31, -1,
      34, 65, 36, -1,
      36, 65, 64, -1,
      27, 65, 29, -1,
      29, 65, 34, -1,
      61, 26, 35, -1,
      35, 26, 28, -1,
      32, 62, 35, -1,
      35, 62, 61, -1,
      23, 62, 25, -1,
      25, 62, 32, -1,
      69, 22, 33, -1,
      33, 22, 24, -1,
      41, 70, 33, -1,
      33, 70, 69, -1,
      40, 70, 39, -1,
      39, 70, 41, -1,
      50, 21, 72, -1,
      72, 21, 19, -1,
      72, 19, 63, -1,
      72, 63, 73, -1,
      73, 63, 71, -1,
      71, 37, 73, -1,
      73, 37, 38, -1,
      73, 38, 51, -1,
      53, 17, 74, -1,
      74, 17, 15, -1,
      74, 15, 54, -1,
      74, 54, 75, -1,
      75, 54, 66, -1,
      66, 18, 75, -1,
      75, 18, 20, -1,
      75, 20, 52, -1,
      46, 13, 76, -1,
      76, 13, 11, -1,
      76, 11, 67, -1,
      76, 67, 77, -1,
      77, 67, 55, -1,
      55, 14, 77, -1,
      77, 14, 16, -1,
      77, 16, 47, -1,
      49, 9, 78, -1,
      78, 9, 7, -1,
      78, 7, 58, -1,
      78, 58, 79, -1,
      79, 58, 57, -1,
      57, 10, 79, -1,
      79, 10, 12, -1,
      79, 12, 48, -1,
      42, 5, 80, -1,
      80, 5, 3, -1,
      80, 3, 68, -1,
      80, 68, 81, -1,
      81, 68, 59, -1,
      59, 6, 81, -1,
      81, 6, 8, -1,
      81, 8, 43, -1,
      44, 1, 82, -1,
      82, 1, 0, -1,
      82, 0, 56, -1,
      82, 56, 83, -1,
      83, 56, 60, -1,
      60, 2, 83, -1,
      83, 2, 4, -1,
      83, 4, 45, -1,
      73, 51, 72, -1,
      72, 51, 50, -1,
      75, 52, 74, -1,
      74, 52, 53, -1,
      77, 47, 76, -1,
      76, 47, 46, -1,
      79, 48, 78, -1,
      78, 48, 49, -1,
      81, 43, 80, -1,
      80, 43, 42, -1,
      83, 45, 82, -1,
      82, 45, 44, -1,
    ]
  }
}

Shape {
  appearance Appearance {
    material Material {
      diffuseColor 0.8510 0.8510 0.8510
      specularColor 0.2549 0.2549 0.2549
      ambientIntensity 0.2
      transparency 0.0000
      shininess 0.5
    }
  }
  geometry IndexedFaceSet {
    ccw TRUE
    solid FALSE
    coord DEF co Coordinate {
      point [
        1.023622 0.260827 0.413386,
        1.023622 -0.398622 0.413386,
        0.944882 -0.398622 0.413386,
        0.944882 0.260827 0.413386,
        1.515748 0.260827 0.413386,
        1.515748 -0.398622 0.413386,
        1.437008 -0.398622 0.413386,
        1.437008 0.260827 0.413386,
        0.531496 -0.398622 0.413386,
        0.452756 -0.398622 0.413386,
        0.531496 0.260827 0.413386,
        0.452756 0.260827 0.413386,
        1.023622 0.000000 0.078740,
        1.023622 0.000000 0.196850,
        1.437008 0.000000 0.196850,
        1.515748 0.000000 0.078740,
        1.437008 0.000000 0.078740,
        1.515748 0.000000 0.196850,
        0.452756 0.000000 0.196850,
        0.452756 0.000000 0.078740,
        0.531496 0.000000 0.078740,
        0.531496 0.000000 0.196850,
        0.944882 0.000000 0.196850,
        0.944882 0.000000 0.078740,
        1.515748 0.379805 0.196850,
        1.437008 0.379805 0.196850,
        0.452756 0.379805 0.196850,
        0.944882 0.379805 0.196850,
        0.531496 0.379805 0.196850,
        1.023622 0.379805 0.196850,
        0.531496 0.418307 0.178443,
        0.452756 0.418307 0.178443,
        0.531496 0.398213 0.178443,
        0.452756 0.398213 0.178443,
        0.531496 0.501080 0.095669,
        0.452756 0.501080 0.095669,
        0.452756 0.644685 0.095669,
        0.531496 0.644685 0.095669,
        0.452756 0.693898 0.045276,
        0.452756 0.693898 0.046457,
        0.531496 0.693898 0.045276,
        0.531496 0.693898 0.046457,
        0.531496 0.644685 -0.003937,
        0.531496 0.339148 -0.003937,
        0.452756 0.644685 -0.003937,
        0.452756 0.339148 -0.003937,
        0.531496 0.334053 -0.003266,
        0.452756 0.334053 -0.003266,
        0.531496 0.329305 -0.001300,
        0.452756 0.329305 -0.001300,
        0.531496 0.325228 0.001829,
        0.452756 0.325228 0.001829,
        0.531496 0.248317 0.078740,
        0.452756 0.248317 0.078740,
        0.452756 0.692221 0.032539,
        0.452756 0.687304 0.020669,
        0.452756 0.679483 0.010477,
        0.452756 0.657422 0.093993,
        0.452756 0.669291 0.089076,
        0.452756 0.657422 -0.002260,
        0.452756 0.669291 0.002656,
        0.452756 0.679483 0.081255,
        0.452756 0.687304 0.071063,
        0.452756 0.692221 0.059194,
        0.531496 0.657422 0.093993,
        0.531496 0.657422 -0.002260,
        0.531496 0.687304 0.071063,
        0.531496 0.679483 0.081255,
        0.531496 0.669291 0.089076,
        0.531496 0.687304 0.020669,
        0.531496 0.692221 0.032539,
        0.531496 0.679483 0.010477,
        0.531496 0.669291 0.002656,
        0.531496 0.692221 0.059194,
        0.452756 0.260827 1.397638,
        0.531496 0.260827 1.397638,
        0.452756 -0.019685 0.524998,
        0.452756 0.000700 0.540639,
        0.452756 -0.118110 0.524998,
        0.452756 -0.138495 0.540639,
        0.452756 -0.154136 0.561024,
        0.452756 0.016341 0.561024,
        0.452756 0.026174 0.584762,
        0.452756 0.029528 0.610236,
        0.452756 -0.167323 1.302590,
        0.452756 -0.167323 0.610236,
        0.452756 -0.163969 0.584762,
        0.452756 -0.094372 0.515165,
        0.452756 -0.068898 0.511811,
        0.452756 -0.043423 0.515165,
        0.452756 0.029528 1.302590,
        0.452756 0.041059 1.330429,
        0.452756 -0.368013 1.436021,
        0.452756 -0.359252 1.437008,
        0.452756 -0.398622 1.397638,
        0.452756 0.030284 1.310271,
        0.452756 0.032524 1.317656,
        0.452756 0.036163 1.324463,
        0.452756 0.142072 1.430373,
        0.452756 0.148879 1.434011,
        0.452756 -0.301741 1.437008,
        0.452756 0.136107 1.425477,
        0.452756 0.156265 1.436251,
        0.452756 0.163945 1.437008,
        0.452756 0.221457 1.437008,
        0.452756 -0.294060 1.436251,
        0.452756 -0.286674 1.434011,
        0.452756 0.230217 1.436021,
        0.452756 0.259840 1.406398,
        0.452756 -0.394723 1.414720,
        0.452756 -0.390033 1.422185,
        0.452756 -0.397635 1.406398,
        0.452756 -0.383799 1.428419,
        0.452756 -0.376334 1.433109,
        0.452756 -0.279868 1.430373,
        0.452756 -0.273902 1.425477,
        0.452756 -0.178854 1.330429,
        0.452756 -0.168079 1.310271,
        0.452756 -0.173958 1.324463,
        0.452756 -0.170320 1.317656,
        0.452756 0.252237 1.422185,
        0.452756 0.256928 1.414720,
        0.452756 0.246004 1.428419,
        0.452756 0.238539 1.433109,
        0.531496 0.026174 0.584762,
        0.531496 0.016341 0.561024,
        0.531496 0.000700 0.540639,
        0.531496 -0.019685 0.524998,
        0.531496 -0.043423 0.515165,
        0.531496 -0.068898 0.511811,
        0.531496 -0.094372 0.515165,
        0.531496 -0.118110 0.524998,
        0.531496 -0.138495 0.540639,
        0.531496 -0.154136 0.561024,
        0.531496 -0.163969 0.584762,
        0.531496 0.230217 1.436021,
        0.531496 0.221457 1.437008,
        0.531496 0.156265 1.436251,
        0.531496 0.148879 1.434011,
        0.531496 0.163945 1.437008,
        0.531496 0.142072 1.430373,
        0.531496 0.136107 1.425477,
        0.531496 0.041059 1.330429,
        0.531496 -0.167323 0.610236,
        0.531496 -0.178854 1.330429,
        0.531496 -0.273902 1.425477,
        0.531496 0.029528 1.302590,
        0.531496 0.029528 0.610236,
        0.531496 0.252237 1.422185,
        0.531496 0.246004 1.428419,
        0.531496 0.256928 1.414720,
        0.531496 0.259840 1.406398,
        0.531496 0.238539 1.433109,
        0.531496 0.036163 1.324463,
        0.531496 0.032524 1.317656,
        0.531496 0.030284 1.310271,
        0.531496 -0.167323 1.302590,
        0.531496 -0.168079 1.310271,
        0.531496 -0.173958 1.324463,
        0.531496 -0.170320 1.317656,
        0.531496 -0.279868 1.430373,
        0.531496 -0.286674 1.434011,
        0.531496 -0.294060 1.436251,
        0.531496 -0.301741 1.437008,
        0.531496 -0.359252 1.437008,
        0.531496 -0.398622 1.397638,
        0.531496 -0.368013 1.436021,
        0.531496 -0.376334 1.433109,
        0.531496 -0.383799 1.428419,
        0.531496 -0.397635 1.406398,
        0.531496 -0.390033 1.422185,
        0.531496 -0.394723 1.414720,
        1.023622 0.418307 0.178443,
        0.944882 0.418307 0.178443,
        1.023622 0.398213 0.178443,
        0.944882 0.398213 0.178443,
        1.023622 0.501080 0.095669,
        0.944882 0.501080 0.095669,
        0.944882 0.644685 0.095669,
        1.023622 0.644685 0.095669,
        0.944882 0.693898 0.045276,
        0.944882 0.693898 0.046457,
        1.023622 0.693898 0.045276,
        1.023622 0.693898 0.046457,
        1.023622 0.644685 -0.003937,
        1.023622 0.339148 -0.003937,
        0.944882 0.644685 -0.003937,
        0.944882 0.339148 -0.003937,
        1.023622 0.334053 -0.003266,
        0.944882 0.334053 -0.003266,
        1.023622 0.329305 -0.001300,
        0.944882 0.329305 -0.001300,
        1.023622 0.325228 0.001829,
        0.944882 0.325228 0.001829,
        1.023622 0.248317 0.078740,
        0.944882 0.248317 0.078740,
        0.944882 0.657422 -0.002260,
        0.944882 0.692221 0.059194,
        0.944882 0.657422 0.093993,
        0.944882 0.692221 0.032539,
        0.944882 0.687304 0.020669,
        0.944882 0.669291 0.089076,
        0.944882 0.679483 0.081255,
        0.944882 0.687304 0.071063,
        0.944882 0.679483 0.010477,
        0.944882 0.669291 0.002656,
        1.023622 0.692221 0.032539,
        1.023622 0.692221 0.059194,
        1.023622 0.657422 0.093993,
        1.023622 0.657422 -0.002260,
        1.023622 0.669291 0.002656,
        1.023622 0.679483 0.010477,
        1.023622 0.687304 0.020669,
        1.023622 0.687304 0.071063,
        1.023622 0.679483 0.081255,
        1.023622 0.669291 0.089076,
        0.944882 0.260827 1.397638,
        1.023622 0.260827 1.397638,
        0.944882 -0.167323 0.610236,
        0.944882 -0.163969 0.584762,
        0.944882 -0.154136 0.561024,
        0.944882 -0.138495 0.540639,
        0.944882 -0.118110 0.524998,
        0.944882 -0.094372 0.515165,
        0.944882 -0.068898 0.511811,
        0.944882 -0.043423 0.515165,
        0.944882 -0.019685 0.524998,
        0.944882 0.000700 0.540639,
        0.944882 0.016341 0.561024,
        0.944882 0.026174 0.584762,
        0.944882 0.029528 0.610236,
        0.944882 0.148879 1.434011,
        0.944882 0.156265 1.436251,
        0.944882 0.163945 1.437008,
        0.944882 -0.368013 1.436021,
        0.944882 -0.359252 1.437008,
        0.944882 -0.398622 1.397638,
        0.944882 0.030284 1.310271,
        0.944882 0.032524 1.317656,
        0.944882 0.036163 1.324463,
        0.944882 0.029528 1.302590,
        0.944882 0.221457 1.437008,
        0.944882 -0.294060 1.436251,
        0.944882 -0.286674 1.434011,
        0.944882 0.142072 1.430373,
        0.944882 -0.301741 1.437008,
        0.944882 -0.279868 1.430373,
        0.944882 -0.273902 1.425477,
        0.944882 -0.178854 1.330429,
        0.944882 -0.167323 1.302590,
        0.944882 -0.168079 1.310271,
        0.944882 -0.173958 1.324463,
        0.944882 -0.170320 1.317656,
        0.944882 0.041059 1.330429,
        0.944882 0.136107 1.425477,
        0.944882 0.230217 1.436021,
        0.944882 0.238539 1.433109,
        0.944882 0.246004 1.428419,
        0.944882 0.252237 1.422185,
        0.944882 0.256928 1.414720,
        0.944882 0.259840 1.406398,
        0.944882 -0.390033 1.422185,
        0.944882 -0.383799 1.428419,
        0.944882 -0.394723 1.414720,
        0.944882 -0.397635 1.406398,
        0.944882 -0.376334 1.433109,
        1.023622 0.029528 0.610236,
        1.023622 0.026174 0.584762,
        1.023622 0.029528 1.302590,
        1.023622 0.016341 0.561024,
        1.023622 0.000700 0.540639,
        1.023622 -0.019685 0.524998,
        1.023622 -0.043423 0.515165,
        1.023622 -0.068898 0.511811,
        1.023622 -0.094372 0.515165,
        1.023622 -0.118110 0.524998,
        1.023622 -0.138495 0.540639,
        1.023622 -0.154136 0.561024,
        1.023622 -0.163969 0.584762,
        1.023622 -0.167323 0.610236,
        1.023622 0.230217 1.436021,
        1.023622 0.221457 1.437008,
        1.023622 0.163945 1.437008,
        1.023622 0.256928 1.414720,
        1.023622 0.252237 1.422185,
        1.023622 0.246004 1.428419,
        1.023622 0.156265 1.436251,
        1.023622 0.148879 1.434011,
        1.023622 -0.167323 1.302590,
        1.023622 -0.301741 1.437008,
        1.023622 0.259840 1.406398,
        1.023622 0.142072 1.430373,
        1.023622 0.136107 1.425477,
        1.023622 -0.376334 1.433109,
        1.023622 -0.383799 1.428419,
        1.023622 -0.398622 1.397638,
        1.023622 0.238539 1.433109,
        1.023622 0.041059 1.330429,
        1.023622 0.036163 1.324463,
        1.023622 0.030284 1.310271,
        1.023622 0.032524 1.317656,
        1.023622 -0.273902 1.425477,
        1.023622 -0.279868 1.430373,
        1.023622 -0.286674 1.434011,
        1.023622 -0.294060 1.436251,
        1.023622 -0.178854 1.330429,
        1.023622 -0.173958 1.324463,
        1.023622 -0.168079 1.310271,
        1.023622 -0.170320 1.317656,
        1.023622 -0.359252 1.437008,
        1.023622 -0.368013 1.436021,
        1.023622 -0.390033 1.422185,
        1.023622 -0.394723 1.414720,
        1.023622 -0.397635 1.406398,
        1.515748 0.418307 0.178443,
        1.437008 0.418307 0.178443,
        1.515748 0.398213 0.178443,
        1.437008 0.398213 0.178443,
        1.515748 0.501080 0.095669,
        1.437008 0.501080 0.095669,
        1.437008 0.644685 0.095669,
        1.515748 0.644685 0.095669,
        1.437008 0.693898 0.045276,
        1.437008 0.693898 0.046457,
        1.515748 0.693898 0.045276,
        1.515748 0.693898 0.046457,
        1.515748 0.644685 -0.003937,
        1.515748 0.339148 -0.003937,
        1.437008 0.644685 -0.003937,
        1.437008 0.339148 -0.003937,
        1.515748 0.334053 -0.003266,
        1.437008 0.334053 -0.003266,
        1.515748 0.329305 -0.001300,
        1.437008 0.329305 -0.001300,
        1.515748 0.325228 0.001829,
        1.437008 0.325228 0.001829,
        1.515748 0.248317 0.078740,
        1.437008 0.248317 0.078740,
        1.437008 0.657422 -0.002260,
        1.437008 0.692221 0.032539,
        1.437008 0.687304 0.020669,
        1.437008 0.679483 0.010477,
        1.437008 0.657422 0.093993,
        1.437008 0.669291 0.002656,
        1.437008 0.669291 0.089076,
        1.437008 0.679483 0.081255,
        1.437008 0.687304 0.071063,
        1.437008 0.692221 0.059194,
        1.515748 0.657422 -0.002260,
        1.515748 0.692221 0.059194,
        1.515748 0.687304 0.020669,
        1.515748 0.692221 0.032539,
        1.515748 0.679483 0.010477,
        1.515748 0.669291 0.002656,
        1.515748 0.687304 0.071063,
        1.515748 0.679483 0.081255,
        1.515748 0.669291 0.089076,
        1.515748 0.657422 0.093993,
        1.437008 0.260827 1.397638,
        1.515748 0.260827 1.397638,
        1.437008 -0.167323 0.610236,
        1.437008 -0.163969 0.584762,
        1.437008 -0.154136 0.561024,
        1.437008 -0.138495 0.540639,
        1.437008 -0.118110 0.524998,
        1.437008 -0.019685 0.524998,
        1.437008 0.000700 0.540639,
        1.437008 0.016341 0.561024,
        1.437008 -0.094372 0.515165,
        1.437008 -0.068898 0.511811,
        1.437008 -0.043423 0.515165,
        1.437008 -0.368013 1.436021,
        1.437008 -0.359252 1.437008,
        1.437008 -0.398622 1.397638,
        1.437008 -0.294060 1.436251,
        1.437008 -0.286674 1.434011,
        1.437008 -0.301741 1.437008,
        1.437008 -0.279868 1.430373,
        1.437008 -0.273902 1.425477,
        1.437008 -0.178854 1.330429,
        1.437008 -0.167323 1.302590,
        1.437008 -0.168079 1.310271,
        1.437008 -0.173958 1.324463,
        1.437008 -0.170320 1.317656,
        1.437008 0.026174 0.584762,
        1.437008 0.029528 0.610236,
        1.437008 0.029528 1.302590,
        1.437008 0.030284 1.310271,
        1.437008 0.041059 1.330429,
        1.437008 0.136107 1.425477,
        1.437008 0.142072 1.430373,
        1.437008 0.148879 1.434011,
        1.437008 0.156265 1.436251,
        1.437008 0.163945 1.437008,
        1.437008 0.221457 1.437008,
        1.437008 -0.390033 1.422185,
        1.437008 -0.383799 1.428419,
        1.437008 -0.394723 1.414720,
        1.437008 -0.397635 1.406398,
        1.437008 -0.376334 1.433109,
        1.437008 0.032524 1.317656,
        1.437008 0.036163 1.324463,
        1.437008 0.230217 1.436021,
        1.437008 0.238539 1.433109,
        1.437008 0.246004 1.428419,
        1.437008 0.252237 1.422185,
        1.437008 0.256928 1.414720,
        1.437008 0.259840 1.406398,
        1.515748 0.026174 0.584762,
        1.515748 0.016341 0.561024,
        1.515748 0.000700 0.540639,
        1.515748 -0.019685 0.524998,
        1.515748 -0.118110 0.524998,
        1.515748 -0.138495 0.540639,
        1.515748 -0.154136 0.561024,
        1.515748 -0.163969 0.584762,
        1.515748 -0.167323 0.610236,
        1.515748 -0.043423 0.515165,
        1.515748 -0.068898 0.511811,
        1.515748 -0.094372 0.515165,
        1.515748 0.230217 1.436021,
        1.515748 0.221457 1.437008,
        1.515748 -0.178854 1.330429,
        1.515748 -0.273902 1.425477,
        1.515748 -0.301741 1.437008,
        1.515748 0.256928 1.414720,
        1.515748 0.252237 1.422185,
        1.515748 0.246004 1.428419,
        1.515748 0.163945 1.437008,
        1.515748 0.156265 1.436251,
        1.515748 0.148879 1.434011,
        1.515748 0.142072 1.430373,
        1.515748 0.136107 1.425477,
        1.515748 0.029528 1.302590,
        1.515748 0.029528 0.610236,
        1.515748 -0.376334 1.433109,
        1.515748 -0.383799 1.428419,
        1.515748 -0.398622 1.397638,
        1.515748 0.259840 1.406398,
        1.515748 -0.279868 1.430373,
        1.515748 -0.286674 1.434011,
        1.515748 -0.294060 1.436251,
        1.515748 0.238539 1.433109,
        1.515748 0.041059 1.330429,
        1.515748 0.036163 1.324463,
        1.515748 0.030284 1.310271,
        1.515748 0.032524 1.317656,
        1.515748 -0.170320 1.317656,
        1.515748 -0.173958 1.324463,
        1.515748 -0.168079 1.310271,
        1.515748 -0.167323 1.302590,
        1.515748 -0.359252 1.437008,
        1.515748 -0.368013 1.436021,
        1.515748 -0.390033 1.422185,
        1.515748 -0.394723 1.414720,
        1.515748 -0.397635 1.406398,
      ]
    }
    coordIndex [
      30, 31, 32, -1,
      32, 31, 33, -1,
      34, 35, 30, -1,
      30, 35, 31, -1,
      36, 35, 37, -1,
      37, 35, 34, -1,
      38, 39, 40, -1,
      40, 39, 41, -1,
      42, 43, 44, -1,
      44, 43, 45, -1,
      45, 43, 46, -1,
      45, 46, 47, -1,
      47, 46, 48, -1,
      47, 48, 49, -1,
      49, 48, 50, -1,
      49, 50, 51, -1,
      52, 53, 50, -1,
      50, 53, 51, -1,
      44, 45, 35, -1,
      35, 45, 31, -1,
      19, 18, 53, -1,
      53, 18, 26, -1,
      53, 26, 51, -1,
      51, 26, 33, -1,
      51, 33, 49, -1,
      49, 33, 31, -1,
      49, 31, 47, -1,
      47, 31, 45, -1,
      54, 55, 56, -1,
      57, 58, 39, -1,
      59, 44, 38, -1,
      38, 44, 35, -1,
      38, 35, 39, -1,
      39, 35, 36, -1,
      39, 36, 57, -1,
      54, 56, 38, -1,
      38, 56, 60, -1,
      38, 60, 59, -1,
      61, 62, 58, -1,
      58, 62, 63, -1,
      58, 63, 39, -1,
      21, 20, 28, -1,
      28, 20, 52, -1,
      28, 52, 32, -1,
      32, 52, 50, -1,
      32, 50, 30, -1,
      64, 37, 41, -1,
      41, 37, 34, -1,
      41, 34, 40, -1,
      50, 48, 30, -1,
      30, 48, 46, -1,
      30, 46, 34, -1,
      34, 46, 43, -1,
      34, 43, 40, -1,
      40, 43, 42, -1,
      40, 42, 65, -1,
      66, 67, 68, -1,
      69, 70, 71, -1,
      71, 70, 40, -1,
      71, 40, 72, -1,
      72, 40, 65, -1,
      64, 41, 68, -1,
      68, 41, 73, -1,
      68, 73, 66, -1,
      32, 33, 28, -1,
      28, 33, 26, -1,
      20, 19, 52, -1,
      52, 19, 53, -1,
      74, 75, 11, -1,
      11, 75, 10, -1,
      76, 77, 11, -1,
      78, 9, 79, -1,
      79, 9, 80, -1,
      77, 81, 11, -1,
      11, 81, 82, -1,
      11, 82, 83, -1,
      84, 85, 9, -1,
      9, 85, 86, -1,
      9, 86, 80, -1,
      78, 87, 9, -1,
      9, 87, 88, -1,
      9, 88, 11, -1,
      11, 88, 89, -1,
      11, 89, 76, -1,
      83, 90, 91, -1,
      92, 93, 94, -1,
      90, 95, 91, -1,
      91, 95, 96, -1,
      91, 96, 97, -1,
      98, 99, 11, -1,
      94, 93, 9, -1,
      9, 93, 100, -1,
      9, 100, 84, -1,
      83, 91, 11, -1,
      11, 91, 101, -1,
      11, 101, 98, -1,
      99, 102, 11, -1,
      11, 102, 103, -1,
      11, 103, 104, -1,
      100, 105, 106, -1,
      107, 108, 104, -1,
      104, 108, 74, -1,
      104, 74, 11, -1,
      109, 110, 111, -1,
      111, 110, 112, -1,
      111, 112, 94, -1,
      94, 112, 113, -1,
      94, 113, 92, -1,
      106, 114, 100, -1,
      100, 114, 115, -1,
      100, 115, 84, -1,
      84, 115, 116, -1,
      84, 116, 117, -1,
      117, 116, 118, -1,
      117, 118, 119, -1,
      120, 121, 122, -1,
      122, 121, 108, -1,
      122, 108, 123, -1,
      123, 108, 107, -1,
      124, 125, 10, -1,
      10, 125, 126, -1,
      10, 126, 127, -1,
      127, 128, 10, -1,
      10, 128, 129, -1,
      10, 129, 8, -1,
      8, 129, 130, -1,
      8, 130, 131, -1,
      131, 132, 8, -1,
      8, 132, 133, -1,
      8, 133, 134, -1,
      135, 136, 75, -1,
      137, 138, 10, -1,
      75, 136, 10, -1,
      10, 136, 139, -1,
      10, 139, 137, -1,
      138, 140, 10, -1,
      10, 140, 141, -1,
      10, 141, 142, -1,
      134, 143, 8, -1,
      8, 143, 144, -1,
      8, 144, 145, -1,
      142, 146, 10, -1,
      10, 146, 147, -1,
      10, 147, 124, -1,
      148, 149, 150, -1,
      150, 149, 151, -1,
      151, 149, 75, -1,
      75, 149, 152, -1,
      75, 152, 135, -1,
      153, 154, 142, -1,
      142, 154, 155, -1,
      142, 155, 146, -1,
      143, 156, 144, -1,
      144, 156, 157, -1,
      144, 157, 158, -1,
      158, 157, 159, -1,
      145, 160, 8, -1,
      8, 160, 161, -1,
      8, 161, 162, -1,
      162, 163, 8, -1,
      8, 163, 164, -1,
      8, 164, 165, -1,
      165, 164, 166, -1,
      166, 167, 165, -1,
      165, 167, 168, -1,
      165, 168, 169, -1,
      169, 168, 170, -1,
      169, 170, 171, -1,
      165, 94, 8, -1,
      8, 94, 9, -1,
      94, 165, 169, -1,
      94, 169, 111, -1,
      111, 169, 171, -1,
      111, 171, 109, -1,
      109, 171, 170, -1,
      109, 170, 110, -1,
      110, 170, 168, -1,
      110, 168, 112, -1,
      112, 168, 167, -1,
      112, 167, 113, -1,
      113, 167, 166, -1,
      113, 166, 92, -1,
      92, 166, 164, -1,
      92, 164, 93, -1,
      163, 100, 164, -1,
      164, 100, 93, -1,
      100, 163, 162, -1,
      100, 162, 105, -1,
      105, 162, 161, -1,
      105, 161, 106, -1,
      106, 161, 160, -1,
      106, 160, 114, -1,
      114, 160, 145, -1,
      114, 145, 115, -1,
      144, 116, 145, -1,
      145, 116, 115, -1,
      116, 144, 158, -1,
      116, 158, 118, -1,
      118, 158, 159, -1,
      118, 159, 119, -1,
      119, 159, 157, -1,
      119, 157, 117, -1,
      117, 157, 156, -1,
      117, 156, 84, -1,
      143, 85, 156, -1,
      156, 85, 84, -1,
      85, 143, 86, -1,
      86, 143, 134, -1,
      86, 134, 80, -1,
      80, 134, 133, -1,
      80, 133, 79, -1,
      79, 133, 132, -1,
      79, 132, 78, -1,
      78, 132, 131, -1,
      78, 131, 87, -1,
      87, 131, 130, -1,
      87, 130, 88, -1,
      88, 130, 129, -1,
      88, 129, 89, -1,
      89, 129, 128, -1,
      89, 128, 76, -1,
      76, 128, 127, -1,
      76, 127, 77, -1,
      77, 127, 126, -1,
      77, 126, 81, -1,
      81, 126, 125, -1,
      81, 125, 82, -1,
      82, 125, 124, -1,
      82, 124, 83, -1,
      83, 124, 147, -1,
      146, 90, 147, -1,
      147, 90, 83, -1,
      90, 146, 155, -1,
      90, 155, 95, -1,
      95, 155, 154, -1,
      95, 154, 96, -1,
      96, 154, 153, -1,
      96, 153, 97, -1,
      97, 153, 142, -1,
      97, 142, 91, -1,
      141, 101, 142, -1,
      142, 101, 91, -1,
      101, 141, 140, -1,
      101, 140, 98, -1,
      98, 140, 138, -1,
      98, 138, 99, -1,
      99, 138, 137, -1,
      99, 137, 102, -1,
      102, 137, 139, -1,
      102, 139, 103, -1,
      136, 104, 139, -1,
      139, 104, 103, -1,
      104, 136, 135, -1,
      104, 135, 107, -1,
      107, 135, 152, -1,
      107, 152, 123, -1,
      123, 152, 149, -1,
      123, 149, 122, -1,
      122, 149, 148, -1,
      122, 148, 120, -1,
      120, 148, 150, -1,
      120, 150, 121, -1,
      121, 150, 151, -1,
      121, 151, 108, -1,
      108, 151, 75, -1,
      108, 75, 74, -1,
      172, 173, 174, -1,
      174, 173, 175, -1,
      176, 177, 172, -1,
      172, 177, 173, -1,
      178, 177, 179, -1,
      179, 177, 176, -1,
      180, 181, 182, -1,
      182, 181, 183, -1,
      184, 185, 186, -1,
      186, 185, 187, -1,
      187, 185, 188, -1,
      187, 188, 189, -1,
      189, 188, 190, -1,
      189, 190, 191, -1,
      191, 190, 192, -1,
      191, 192, 193, -1,
      194, 195, 192, -1,
      192, 195, 193, -1,
      173, 177, 187, -1,
      187, 177, 186, -1,
      186, 177, 178, -1,
      186, 178, 196, -1,
      23, 22, 195, -1,
      195, 22, 27, -1,
      195, 27, 193, -1,
      193, 27, 175, -1,
      193, 175, 191, -1,
      191, 175, 173, -1,
      191, 173, 189, -1,
      189, 173, 187, -1,
      181, 178, 197, -1,
      197, 178, 198, -1,
      181, 180, 178, -1,
      178, 180, 199, -1,
      178, 199, 200, -1,
      198, 201, 197, -1,
      197, 201, 202, -1,
      197, 202, 203, -1,
      200, 204, 178, -1,
      178, 204, 205, -1,
      178, 205, 196, -1,
      13, 12, 29, -1,
      29, 12, 194, -1,
      29, 194, 174, -1,
      174, 194, 192, -1,
      174, 192, 172, -1,
      206, 182, 179, -1,
      192, 190, 172, -1,
      172, 190, 188, -1,
      172, 188, 176, -1,
      176, 188, 185, -1,
      176, 185, 179, -1,
      182, 183, 179, -1,
      179, 183, 207, -1,
      179, 207, 208, -1,
      185, 184, 179, -1,
      179, 184, 209, -1,
      179, 209, 210, -1,
      210, 211, 179, -1,
      179, 211, 212, -1,
      179, 212, 206, -1,
      213, 214, 207, -1,
      207, 214, 215, -1,
      207, 215, 208, -1,
      174, 175, 29, -1,
      29, 175, 27, -1,
      12, 23, 194, -1,
      194, 23, 195, -1,
      216, 217, 3, -1,
      3, 217, 0, -1,
      218, 219, 2, -1,
      219, 220, 2, -1,
      2, 220, 221, -1,
      2, 221, 222, -1,
      222, 223, 2, -1,
      2, 223, 224, -1,
      2, 224, 3, -1,
      3, 224, 225, -1,
      225, 226, 3, -1,
      3, 226, 227, -1,
      3, 227, 228, -1,
      228, 229, 3, -1,
      3, 229, 230, -1,
      3, 230, 216, -1,
      231, 232, 233, -1,
      234, 235, 236, -1,
      237, 238, 239, -1,
      230, 240, 216, -1,
      216, 240, 233, -1,
      216, 233, 241, -1,
      242, 243, 2, -1,
      231, 233, 244, -1,
      236, 235, 2, -1,
      2, 235, 245, -1,
      2, 245, 242, -1,
      243, 246, 2, -1,
      2, 246, 247, -1,
      2, 247, 248, -1,
      218, 2, 249, -1,
      249, 2, 248, -1,
      249, 248, 250, -1,
      250, 248, 251, -1,
      250, 251, 252, -1,
      237, 239, 240, -1,
      240, 239, 253, -1,
      240, 253, 233, -1,
      233, 253, 254, -1,
      233, 254, 244, -1,
      241, 255, 216, -1,
      216, 255, 256, -1,
      216, 256, 257, -1,
      258, 259, 257, -1,
      257, 259, 260, -1,
      257, 260, 216, -1,
      261, 262, 263, -1,
      263, 262, 264, -1,
      264, 262, 236, -1,
      236, 262, 265, -1,
      236, 265, 234, -1,
      266, 267, 0, -1,
      266, 0, 268, -1,
      267, 269, 0, -1,
      0, 269, 270, -1,
      0, 270, 271, -1,
      271, 272, 0, -1,
      0, 272, 273, -1,
      0, 273, 1, -1,
      273, 274, 1, -1,
      1, 274, 275, -1,
      1, 275, 276, -1,
      276, 277, 1, -1,
      1, 277, 278, -1,
      1, 278, 279, -1,
      280, 281, 217, -1,
      217, 281, 0, -1,
      0, 281, 282, -1,
      0, 282, 268, -1,
      283, 284, 285, -1,
      282, 286, 287, -1,
      279, 288, 289, -1,
      283, 285, 290, -1,
      287, 291, 282, -1,
      282, 291, 292, -1,
      282, 292, 268, -1,
      293, 294, 295, -1,
      290, 285, 217, -1,
      217, 285, 296, -1,
      217, 296, 280, -1,
      292, 297, 268, -1,
      268, 297, 298, -1,
      268, 298, 299, -1,
      299, 298, 300, -1,
      301, 302, 289, -1,
      289, 302, 303, -1,
      289, 303, 304, -1,
      301, 289, 305, -1,
      305, 289, 288, -1,
      305, 288, 306, -1,
      306, 288, 307, -1,
      306, 307, 308, -1,
      279, 289, 1, -1,
      1, 289, 309, -1,
      1, 309, 295, -1,
      295, 309, 310, -1,
      295, 310, 293, -1,
      311, 312, 294, -1,
      294, 312, 313, -1,
      294, 313, 295, -1,
      295, 236, 1, -1,
      1, 236, 2, -1,
      236, 295, 313, -1,
      236, 313, 264, -1,
      264, 313, 312, -1,
      264, 312, 263, -1,
      263, 312, 311, -1,
      263, 311, 261, -1,
      261, 311, 294, -1,
      261, 294, 262, -1,
      262, 294, 293, -1,
      262, 293, 265, -1,
      265, 293, 310, -1,
      265, 310, 234, -1,
      234, 310, 309, -1,
      234, 309, 235, -1,
      289, 245, 309, -1,
      309, 245, 235, -1,
      245, 289, 304, -1,
      245, 304, 242, -1,
      242, 304, 303, -1,
      242, 303, 243, -1,
      243, 303, 302, -1,
      243, 302, 246, -1,
      246, 302, 301, -1,
      246, 301, 247, -1,
      305, 248, 301, -1,
      301, 248, 247, -1,
      248, 305, 306, -1,
      248, 306, 251, -1,
      251, 306, 308, -1,
      251, 308, 252, -1,
      252, 308, 307, -1,
      252, 307, 250, -1,
      250, 307, 288, -1,
      250, 288, 249, -1,
      279, 218, 288, -1,
      288, 218, 249, -1,
      218, 279, 219, -1,
      219, 279, 278, -1,
      219, 278, 220, -1,
      220, 278, 277, -1,
      220, 277, 221, -1,
      221, 277, 276, -1,
      221, 276, 222, -1,
      222, 276, 275, -1,
      222, 275, 223, -1,
      223, 275, 274, -1,
      223, 274, 224, -1,
      224, 274, 273, -1,
      224, 273, 225, -1,
      225, 273, 272, -1,
      225, 272, 226, -1,
      226, 272, 271, -1,
      226, 271, 227, -1,
      227, 271, 270, -1,
      227, 270, 228, -1,
      228, 270, 269, -1,
      228, 269, 229, -1,
      229, 269, 267, -1,
      229, 267, 230, -1,
      230, 267, 266, -1,
      268, 240, 266, -1,
      266, 240, 230, -1,
      240, 268, 299, -1,
      240, 299, 237, -1,
      237, 299, 300, -1,
      237, 300, 238, -1,
      238, 300, 298, -1,
      238, 298, 239, -1,
      239, 298, 297, -1,
      239, 297, 253, -1,
      292, 254, 297, -1,
      297, 254, 253, -1,
      254, 292, 291, -1,
      254, 291, 244, -1,
      244, 291, 287, -1,
      244, 287, 231, -1,
      231, 287, 286, -1,
      231, 286, 232, -1,
      232, 286, 282, -1,
      232, 282, 233, -1,
      281, 241, 282, -1,
      282, 241, 233, -1,
      241, 281, 280, -1,
      241, 280, 255, -1,
      255, 280, 296, -1,
      255, 296, 256, -1,
      256, 296, 285, -1,
      256, 285, 257, -1,
      257, 285, 284, -1,
      257, 284, 258, -1,
      258, 284, 283, -1,
      258, 283, 259, -1,
      259, 283, 290, -1,
      259, 290, 260, -1,
      260, 290, 217, -1,
      260, 217, 216, -1,
      314, 315, 316, -1,
      316, 315, 317, -1,
      318, 319, 314, -1,
      314, 319, 315, -1,
      320, 319, 321, -1,
      321, 319, 318, -1,
      322, 323, 324, -1,
      324, 323, 325, -1,
      326, 327, 328, -1,
      328, 327, 329, -1,
      329, 327, 330, -1,
      329, 330, 331, -1,
      331, 330, 332, -1,
      331, 332, 333, -1,
      333, 332, 334, -1,
      333, 334, 335, -1,
      336, 337, 334, -1,
      334, 337, 335, -1,
      315, 319, 329, -1,
      338, 328, 322, -1,
      16, 14, 337, -1,
      337, 14, 25, -1,
      337, 25, 335, -1,
      335, 25, 317, -1,
      335, 317, 333, -1,
      333, 317, 315, -1,
      333, 315, 331, -1,
      331, 315, 329, -1,
      339, 340, 341, -1,
      342, 323, 320, -1,
      320, 323, 322, -1,
      320, 322, 319, -1,
      319, 322, 328, -1,
      319, 328, 329, -1,
      339, 341, 322, -1,
      322, 341, 343, -1,
      322, 343, 338, -1,
      342, 344, 345, -1,
      345, 346, 342, -1,
      342, 346, 347, -1,
      342, 347, 323, -1,
      17, 15, 24, -1,
      24, 15, 336, -1,
      24, 336, 316, -1,
      316, 336, 334, -1,
      316, 334, 314, -1,
      334, 332, 314, -1,
      314, 332, 330, -1,
      314, 330, 318, -1,
      327, 326, 324, -1,
      324, 326, 348, -1,
      330, 327, 318, -1,
      318, 327, 324, -1,
      318, 324, 321, -1,
      321, 324, 325, -1,
      321, 325, 349, -1,
      350, 351, 352, -1,
      352, 351, 324, -1,
      352, 324, 353, -1,
      353, 324, 348, -1,
      349, 354, 355, -1,
      355, 356, 349, -1,
      349, 356, 357, -1,
      349, 357, 321, -1,
      316, 317, 24, -1,
      24, 317, 25, -1,
      15, 16, 336, -1,
      336, 16, 337, -1,
      358, 359, 7, -1,
      7, 359, 4, -1,
      360, 361, 6, -1,
      361, 362, 6, -1,
      6, 362, 363, -1,
      6, 363, 364, -1,
      365, 366, 7, -1,
      7, 366, 367, -1,
      364, 368, 6, -1,
      6, 368, 369, -1,
      6, 369, 7, -1,
      7, 369, 370, -1,
      7, 370, 365, -1,
      371, 372, 373, -1,
      374, 375, 6, -1,
      373, 372, 6, -1,
      6, 372, 376, -1,
      6, 376, 374, -1,
      375, 377, 6, -1,
      6, 377, 378, -1,
      6, 378, 379, -1,
      360, 6, 380, -1,
      380, 6, 379, -1,
      380, 379, 381, -1,
      381, 379, 382, -1,
      381, 382, 383, -1,
      367, 384, 7, -1,
      7, 384, 385, -1,
      7, 385, 358, -1,
      358, 385, 386, -1,
      358, 386, 387, -1,
      388, 389, 358, -1,
      358, 389, 390, -1,
      358, 390, 391, -1,
      391, 392, 358, -1,
      358, 392, 393, -1,
      358, 393, 394, -1,
      395, 396, 397, -1,
      397, 396, 398, -1,
      398, 396, 373, -1,
      373, 396, 399, -1,
      373, 399, 371, -1,
      387, 400, 358, -1,
      358, 400, 401, -1,
      358, 401, 388, -1,
      394, 402, 358, -1,
      358, 402, 403, -1,
      358, 403, 404, -1,
      405, 406, 404, -1,
      404, 406, 407, -1,
      404, 407, 358, -1,
      408, 409, 4, -1,
      4, 409, 410, -1,
      4, 410, 411, -1,
      5, 412, 413, -1,
      413, 414, 5, -1,
      5, 414, 415, -1,
      5, 415, 416, -1,
      411, 417, 4, -1,
      4, 417, 418, -1,
      4, 418, 5, -1,
      5, 418, 419, -1,
      5, 419, 412, -1,
      420, 421, 359, -1,
      422, 423, 424, -1,
      425, 426, 427, -1,
      359, 421, 4, -1,
      4, 421, 428, -1,
      4, 428, 429, -1,
      429, 430, 4, -1,
      4, 430, 431, -1,
      4, 431, 432, -1,
      432, 433, 4, -1,
      4, 433, 434, -1,
      4, 434, 408, -1,
      435, 436, 437, -1,
      425, 427, 438, -1,
      423, 439, 424, -1,
      424, 439, 440, -1,
      424, 440, 441, -1,
      438, 427, 359, -1,
      359, 427, 442, -1,
      359, 442, 420, -1,
      432, 443, 433, -1,
      433, 443, 444, -1,
      433, 444, 445, -1,
      445, 444, 446, -1,
      447, 448, 449, -1,
      449, 448, 422, -1,
      449, 422, 450, -1,
      450, 422, 424, -1,
      450, 424, 416, -1,
      416, 424, 5, -1,
      5, 424, 451, -1,
      5, 451, 437, -1,
      437, 451, 452, -1,
      437, 452, 435, -1,
      453, 454, 436, -1,
      436, 454, 455, -1,
      436, 455, 437, -1,
      437, 373, 5, -1,
      5, 373, 6, -1,
      373, 437, 455, -1,
      373, 455, 398, -1,
      398, 455, 454, -1,
      398, 454, 397, -1,
      397, 454, 453, -1,
      397, 453, 395, -1,
      395, 453, 436, -1,
      395, 436, 396, -1,
      396, 436, 435, -1,
      396, 435, 399, -1,
      399, 435, 452, -1,
      399, 452, 371, -1,
      371, 452, 451, -1,
      371, 451, 372, -1,
      424, 376, 451, -1,
      451, 376, 372, -1,
      376, 424, 441, -1,
      376, 441, 374, -1,
      374, 441, 440, -1,
      374, 440, 375, -1,
      375, 440, 439, -1,
      375, 439, 377, -1,
      377, 439, 423, -1,
      377, 423, 378, -1,
      422, 379, 423, -1,
      423, 379, 378, -1,
      379, 422, 448, -1,
      379, 448, 382, -1,
      382, 448, 447, -1,
      382, 447, 383, -1,
      383, 447, 449, -1,
      383, 449, 381, -1,
      381, 449, 450, -1,
      381, 450, 380, -1,
      416, 360, 450, -1,
      450, 360, 380, -1,
      360, 416, 361, -1,
      361, 416, 415, -1,
      361, 415, 362, -1,
      362, 415, 414, -1,
      362, 414, 363, -1,
      363, 414, 413, -1,
      363, 413, 364, -1,
      364, 413, 412, -1,
      364, 412, 368, -1,
      368, 412, 419, -1,
      368, 419, 369, -1,
      369, 419, 418, -1,
      369, 418, 370, -1,
      370, 418, 417, -1,
      370, 417, 365, -1,
      365, 417, 411, -1,
      365, 411, 366, -1,
      366, 411, 410, -1,
      366, 410, 367, -1,
      367, 410, 409, -1,
      367, 409, 384, -1,
      384, 409, 408, -1,
      384, 408, 385, -1,
      385, 408, 434, -1,
      433, 386, 434, -1,
      434, 386, 385, -1,
      386, 433, 445, -1,
      386, 445, 387, -1,
      387, 445, 446, -1,
      387, 446, 400, -1,
      400, 446, 444, -1,
      400, 444, 401, -1,
      401, 444, 443, -1,
      401, 443, 388, -1,
      432, 389, 443, -1,
      443, 389, 388, -1,
      389, 432, 431, -1,
      389, 431, 390, -1,
      390, 431, 430, -1,
      390, 430, 391, -1,
      391, 430, 429, -1,
      391, 429, 392, -1,
      392, 429, 428, -1,
      392, 428, 393, -1,
      421, 394, 428, -1,
      428, 394, 393, -1,
      394, 421, 420, -1,
      394, 420, 402, -1,
      402, 420, 442, -1,
      402, 442, 403, -1,
      403, 442, 427, -1,
      403, 427, 404, -1,
      404, 427, 426, -1,
      404, 426, 405, -1,
      405, 426, 425, -1,
      405, 425, 406, -1,
      406, 425, 438, -1,
      406, 438, 407, -1,
      407, 438, 359, -1,
      407, 359, 358, -1,
    ]
  }
}

Shape {
  appearance Appearance {
    material Material {
      diffuseColor 0.8510 0.8510 0.8510
      specularColor 0.4235 0.4235 0.4235
      ambientIntensity 0.2
      transparency 0.0000
      shininess 0.5
    }
  }
  geometry IndexedFaceSet {
    ccw TRUE
    solid FALSE
    coord DEF co Coordinate {
      point [
        0.452756 0.644685 0.095669,
        0.531496 0.644685 0.095669,
        0.452756 0.693898 0.045276,
        0.452756 0.693898 0.046457,
        0.531496 0.693898 0.045276,
        0.531496 0.693898 0.046457,
        0.531496 0.644685 -0.003937,
        0.452756 0.644685 -0.003937,
        0.452756 0.692221 0.032539,
        0.452756 0.687304 0.020669,
        0.452756 0.679483 0.010477,
        0.452756 0.657422 0.093993,
        0.452756 0.669291 0.089076,
        0.452756 0.657422 -0.002260,
        0.452756 0.669291 0.002656,
        0.452756 0.679483 0.081255,
        0.452756 0.687304 0.071063,
        0.452756 0.692221 0.059194,
        0.531496 0.657422 0.093993,
        0.531496 0.657422 -0.002260,
        0.531496 0.687304 0.071063,
        0.531496 0.679483 0.081255,
        0.531496 0.669291 0.089076,
        0.531496 0.687304 0.020669,
        0.531496 0.692221 0.032539,
        0.531496 0.679483 0.010477,
        0.531496 0.669291 0.002656,
        0.531496 0.692221 0.059194,
        0.944882 0.644685 0.095669,
        1.023622 0.644685 0.095669,
        0.944882 0.693898 0.045276,
        0.944882 0.693898 0.046457,
        1.023622 0.693898 0.045276,
        1.023622 0.693898 0.046457,
        1.023622 0.644685 -0.003937,
        0.944882 0.644685 -0.003937,
        0.944882 0.657422 -0.002260,
        0.944882 0.692221 0.059194,
        0.944882 0.657422 0.093993,
        0.944882 0.692221 0.032539,
        0.944882 0.687304 0.020669,
        0.944882 0.669291 0.089076,
        0.944882 0.679483 0.081255,
        0.944882 0.687304 0.071063,
        0.944882 0.679483 0.010477,
        0.944882 0.669291 0.002656,
        1.023622 0.692221 0.032539,
        1.023622 0.692221 0.059194,
        1.023622 0.657422 0.093993,
        1.023622 0.657422 -0.002260,
        1.023622 0.669291 0.002656,
        1.023622 0.679483 0.010477,
        1.023622 0.687304 0.020669,
        1.023622 0.687304 0.071063,
        1.023622 0.679483 0.081255,
        1.023622 0.669291 0.089076,
        1.437008 0.644685 0.095669,
        1.515748 0.644685 0.095669,
        1.437008 0.693898 0.045276,
        1.437008 0.693898 0.046457,
        1.515748 0.693898 0.045276,
        1.515748 0.693898 0.046457,
        1.515748 0.644685 -0.003937,
        1.437008 0.644685 -0.003937,
        1.437008 0.657422 -0.002260,
        1.437008 0.692221 0.032539,
        1.437008 0.687304 0.020669,
        1.437008 0.679483 0.010477,
        1.437008 0.657422 0.093993,
        1.437008 0.669291 0.002656,
        1.437008 0.669291 0.089076,
        1.437008 0.679483 0.081255,
        1.437008 0.687304 0.071063,
        1.437008 0.692221 0.059194,
        1.515748 0.657422 -0.002260,
        1.515748 0.692221 0.059194,
        1.515748 0.687304 0.020669,
        1.515748 0.692221 0.032539,
        1.515748 0.679483 0.010477,
        1.515748 0.669291 0.002656,
        1.515748 0.687304 0.071063,
        1.515748 0.679483 0.081255,
        1.515748 0.669291 0.089076,
        1.515748 0.657422 0.093993,
      ]
    }
    coordIndex [
      2, 4, 24, -1,
      2, 24, 8, -1,
      8, 24, 23, -1,
      8, 23, 9, -1,
      9, 23, 25, -1,
      9, 25, 10, -1,
      10, 25, 26, -1,
      10, 26, 14, -1,
      14, 26, 19, -1,
      14, 19, 13, -1,
      13, 19, 6, -1,
      13, 6, 7, -1,
      0, 1, 18, -1,
      0, 18, 11, -1,
      11, 18, 22, -1,
      11, 22, 12, -1,
      12, 22, 21, -1,
      12, 21, 15, -1,
      15, 21, 20, -1,
      15, 20, 16, -1,
      16, 20, 27, -1,
      16, 27, 17, -1,
      17, 27, 5, -1,
      17, 5, 3, -1,
      30, 32, 46, -1,
      30, 46, 39, -1,
      39, 46, 52, -1,
      39, 52, 40, -1,
      40, 52, 51, -1,
      40, 51, 44, -1,
      44, 51, 50, -1,
      44, 50, 45, -1,
      45, 50, 49, -1,
      45, 49, 36, -1,
      36, 49, 34, -1,
      36, 34, 35, -1,
      28, 29, 48, -1,
      28, 48, 38, -1,
      38, 48, 55, -1,
      38, 55, 41, -1,
      41, 55, 54, -1,
      41, 54, 42, -1,
      42, 54, 53, -1,
      42, 53, 43, -1,
      43, 53, 47, -1,
      43, 47, 37, -1,
      37, 47, 33, -1,
      37, 33, 31, -1,
      58, 60, 77, -1,
      58, 77, 65, -1,
      65, 77, 76, -1,
      65, 76, 66, -1,
      66, 76, 78, -1,
      66, 78, 67, -1,
      67, 78, 79, -1,
      67, 79, 69, -1,
      69, 79, 74, -1,
      69, 74, 64, -1,
      64, 74, 62, -1,
      64, 62, 63, -1,
      56, 57, 83, -1,
      56, 83, 68, -1,
      68, 83, 82, -1,
      68, 82, 70, -1,
      70, 82, 81, -1,
      70, 81, 71, -1,
      71, 81, 80, -1,
      71, 80, 72, -1,
      72, 80, 75, -1,
      72, 75, 73, -1,
      73, 75, 61, -1,
      73, 61, 59, -1,
    ]
  }
}

Shape {
  appearance Appearance {
    material Material {
      diffuseColor 0.2235 0.2235 0.2235
      specularColor 0.1137 0.1137 0.1137
      ambientIntensity 0.2
      transparency 0.0000
      shininess 0.5
    }
  }
  geometry IndexedFaceSet {
    ccw TRUE
    solid FALSE
    coord DEF co Coordinate {
      point [
        0.914784 -0.371406 0.000000,
        0.926361 -0.370206 0.000000,
        0.860620 -0.358803 0.000000,
        0.860620 -0.337197 0.000000,
        0.881604 -0.367419 0.000000,
        0.901495 -0.370206 0.000000,
        0.909402 -0.371314 0.000000,
        0.889550 -0.170955 0.000000,
        0.883380 -0.171380 0.000000,
        0.860620 -0.177556 0.000000,
        0.860620 -0.203963 0.000000,
        0.882793 -0.194469 0.000000,
        0.864148 -0.339152 0.000000,
        0.906720 -0.191360 0.000000,
        0.926103 -0.193537 0.000000,
        0.940837 -0.198854 0.000000,
        0.954462 -0.207969 0.000000,
        0.966349 -0.221093 0.000000,
        0.980651 -0.272681 0.000000,
        0.978658 -0.293991 0.000000,
        0.973310 -0.310923 0.000000,
        0.929506 -0.347741 0.000000,
        0.911146 -0.349800 0.000000,
        0.943850 -0.342461 0.000000,
        0.955931 -0.334318 0.000000,
        0.965169 -0.324572 0.000000,
        0.885016 -0.346900 0.000000,
        0.974465 -0.236291 0.000000,
        0.979712 -0.257365 0.000000,
        0.906944 -0.169754 0.000000,
        0.921648 -0.170955 0.000000,
        0.996669 -0.224003 0.000000,
        0.985131 -0.205598 0.000000,
        0.958123 -0.362323 0.000000,
        0.973957 -0.352212 0.000000,
        0.988743 -0.336646 0.000000,
        0.999230 -0.317928 0.000000,
        0.939043 -0.368891 0.000000,
        0.967359 -0.188507 0.000000,
        0.948661 -0.177744 0.000000,
        0.926716 -0.171369 0.000000,
        1.005154 -0.297091 0.000000,
        1.007058 -0.274294 0.000000,
        1.004226 -0.246307 0.000000,
        1.023862 -0.347400 0.000000,
        1.023862 -0.369006 0.000000,
        1.124688 -0.369006 0.000000,
        1.098281 -0.347400 0.000000,
        1.098281 -0.172155 0.000000,
        1.124688 -0.172155 0.000000,
        0.721385 -0.172155 0.000000,
        0.721385 -0.193761 0.000000,
        0.716583 -0.347400 0.000000,
        0.716583 -0.369006 0.000000,
        0.822211 -0.369006 0.000000,
        0.822211 -0.172155 0.000000,
        0.795804 -0.280183 0.000000,
        0.795804 -0.347400 0.000000,
        0.726186 -0.280183 0.000000,
        0.726186 -0.258577 0.000000,
        0.795804 -0.258577 0.000000,
        0.795804 -0.193761 0.000000,
        0.529563 -0.315053 0.000000,
        0.522495 -0.294449 0.000000,
        0.519733 -0.268105 0.000000,
        0.540852 -0.332660 0.000000,
        0.557054 -0.348174 0.000000,
        0.577608 -0.360119 0.000000,
        0.594182 -0.175195 0.000000,
        0.622622 -0.172155 0.000000,
        0.571151 -0.183283 0.000000,
        0.549725 -0.197641 0.000000,
        0.549519 -0.197822 0.000000,
        0.535599 -0.213257 0.000000,
        0.526451 -0.230187 0.000000,
        0.521164 -0.249582 0.000000,
        0.600291 -0.366879 0.000000,
        0.624647 -0.369006 0.000000,
        0.678174 -0.369006 0.000000,
        0.678174 -0.172155 0.000000,
        0.356491 -0.369006 0.000000,
        0.376409 -0.313791 0.000000,
        0.457730 -0.313791 0.000000,
        0.476522 -0.369006 0.000000,
        0.505330 -0.369006 0.000000,
        0.327684 -0.369006 0.000000,
        0.404504 -0.172155 0.000000,
        0.430910 -0.172155 0.000000,
        0.404504 -0.172155 0.003937,
        0.327684 -0.369006 0.003937,
        0.356491 -0.369006 0.003937,
        0.376409 -0.313791 0.003937,
        0.457730 -0.313791 0.003937,
        0.476522 -0.369006 0.003937,
        0.505330 -0.369006 0.003937,
        0.430910 -0.172155 0.003937,
        0.451091 -0.292186 0.003937,
        0.385261 -0.292186 0.003937,
        0.421720 -0.209965 0.003937,
        0.419826 -0.203137 0.003937,
        0.418570 -0.196161 0.003937,
        0.417932 -0.196161 0.003937,
        0.416648 -0.203117 0.003937,
        0.414894 -0.209965 0.003937,
        0.451091 -0.292186 0.000000,
        0.385261 -0.292186 0.000000,
        0.421720 -0.209965 0.000000,
        0.419826 -0.203137 0.000000,
        0.418570 -0.196161 0.000000,
        0.417932 -0.196161 0.000000,
        0.416648 -0.203117 0.000000,
        0.414894 -0.209965 0.000000,
        0.624647 -0.369006 0.003937,
        0.678174 -0.369006 0.003937,
        0.678174 -0.172155 0.003937,
        0.622622 -0.172155 0.003937,
        0.519733 -0.268105 0.003937,
        0.521164 -0.249582 0.003937,
        0.526451 -0.230187 0.003937,
        0.535599 -0.213257 0.003937,
        0.549519 -0.197822 0.003937,
        0.549725 -0.197641 0.003937,
        0.571151 -0.183283 0.003937,
        0.594182 -0.175195 0.003937,
        0.600291 -0.366879 0.003937,
        0.577608 -0.360119 0.003937,
        0.557054 -0.348174 0.003937,
        0.540852 -0.332660 0.003937,
        0.529563 -0.315053 0.003937,
        0.522495 -0.294449 0.003937,
        0.559246 -0.221365 0.003937,
        0.568808 -0.211213 0.003937,
        0.583187 -0.201923 0.003937,
        0.599435 -0.196237 0.003937,
        0.622735 -0.193761 0.003937,
        0.651767 -0.193761 0.003937,
        0.651767 -0.347400 0.003937,
        0.623822 -0.347400 0.003937,
        0.603054 -0.345467 0.003937,
        0.586489 -0.340296 0.003937,
        0.573064 -0.332324 0.003937,
        0.562023 -0.321419 0.003937,
        0.553721 -0.307847 0.003937,
        0.547947 -0.289343 0.003937,
        0.546140 -0.268667 0.003937,
        0.547812 -0.249076 0.003937,
        0.552407 -0.233506 0.003937,
        0.622735 -0.193761 0.000000,
        0.651767 -0.193761 0.000000,
        0.599435 -0.196237 0.000000,
        0.583187 -0.201923 0.000000,
        0.568808 -0.211213 0.000000,
        0.559246 -0.221365 0.000000,
        0.552407 -0.233506 0.000000,
        0.547812 -0.249076 0.000000,
        0.546140 -0.268667 0.000000,
        0.547947 -0.289343 0.000000,
        0.553721 -0.307847 0.000000,
        0.562023 -0.321419 0.000000,
        0.573064 -0.332324 0.000000,
        0.586489 -0.340296 0.000000,
        0.603054 -0.345467 0.000000,
        0.623822 -0.347400 0.000000,
        0.651767 -0.347400 0.000000,
        0.716583 -0.347400 0.003937,
        0.716583 -0.369006 0.003937,
        0.822211 -0.369006 0.003937,
        0.822211 -0.172155 0.003937,
        0.721385 -0.172155 0.003937,
        0.721385 -0.193761 0.003937,
        0.795804 -0.193761 0.003937,
        0.795804 -0.258577 0.003937,
        0.726186 -0.258577 0.003937,
        0.726186 -0.280183 0.003937,
        0.795804 -0.280183 0.003937,
        0.795804 -0.347400 0.003937,
        0.860620 -0.337197 0.003937,
        0.860620 -0.358803 0.003937,
        0.881604 -0.367419 0.003937,
        0.914784 -0.371406 0.003937,
        0.909402 -0.371314 0.003937,
        1.007058 -0.274294 0.003937,
        1.005154 -0.297091 0.003937,
        0.999230 -0.317928 0.003937,
        0.988743 -0.336646 0.003937,
        0.973957 -0.352212 0.003937,
        0.958123 -0.362323 0.003937,
        0.939043 -0.368891 0.003937,
        0.906944 -0.169754 0.003937,
        0.926716 -0.171369 0.003937,
        0.948661 -0.177744 0.003937,
        0.967359 -0.188507 0.003937,
        0.985131 -0.205598 0.003937,
        0.996669 -0.224003 0.003937,
        1.004226 -0.246307 0.003937,
        0.883380 -0.171380 0.003937,
        0.860620 -0.177556 0.003937,
        0.860620 -0.203963 0.003937,
        0.906720 -0.191360 0.003937,
        0.882793 -0.194469 0.003937,
        0.980651 -0.272681 0.003937,
        0.979712 -0.257365 0.003937,
        0.974465 -0.236291 0.003937,
        0.966349 -0.221093 0.003937,
        0.954462 -0.207969 0.003937,
        0.940837 -0.198854 0.003937,
        0.926103 -0.193537 0.003937,
        0.911146 -0.349800 0.003937,
        0.929506 -0.347741 0.003937,
        0.943850 -0.342461 0.003937,
        0.955931 -0.334318 0.003937,
        0.965169 -0.324572 0.003937,
        0.973310 -0.310923 0.003937,
        0.978658 -0.293991 0.003937,
        0.864148 -0.339152 0.003937,
        0.885016 -0.346900 0.003937,
        1.023862 -0.347400 0.003937,
        1.023862 -0.369006 0.003937,
        1.124688 -0.369006 0.003937,
        1.124688 -0.172155 0.003937,
        1.098281 -0.172155 0.003937,
        1.098281 -0.347400 0.003937,
      ]
    }
    coordIndex [
      88, 89, 86, -1,
      86, 89, 85, -1,
      89, 90, 85, -1,
      85, 90, 80, -1,
      90, 91, 80, -1,
      80, 91, 81, -1,
      91, 92, 81, -1,
      81, 92, 82, -1,
      92, 93, 82, -1,
      82, 93, 83, -1,
      93, 94, 83, -1,
      83, 94, 84, -1,
      94, 95, 84, -1,
      84, 95, 87, -1,
      95, 88, 87, -1,
      87, 88, 86, -1,
      96, 92, 97, -1,
      97, 92, 91, -1,
      98, 95, 96, -1,
      96, 95, 94, -1,
      96, 94, 92, -1,
      92, 94, 93, -1,
      98, 99, 95, -1,
      95, 99, 100, -1,
      95, 100, 88, -1,
      88, 100, 101, -1,
      88, 101, 102, -1,
      102, 103, 88, -1,
      88, 103, 97, -1,
      88, 97, 89, -1,
      89, 97, 91, -1,
      89, 91, 90, -1,
      96, 97, 104, -1,
      104, 97, 105, -1,
      98, 96, 106, -1,
      106, 96, 104, -1,
      98, 106, 107, -1,
      98, 107, 99, -1,
      99, 107, 108, -1,
      99, 108, 100, -1,
      101, 100, 109, -1,
      109, 100, 108, -1,
      101, 109, 110, -1,
      101, 110, 102, -1,
      102, 110, 111, -1,
      102, 111, 103, -1,
      97, 103, 105, -1,
      105, 103, 111, -1,
      112, 113, 77, -1,
      77, 113, 78, -1,
      113, 114, 78, -1,
      78, 114, 79, -1,
      114, 115, 79, -1,
      79, 115, 69, -1,
      116, 64, 75, -1,
      116, 75, 117, -1,
      117, 75, 74, -1,
      117, 74, 118, -1,
      118, 74, 73, -1,
      118, 73, 119, -1,
      119, 73, 72, -1,
      119, 72, 120, -1,
      120, 72, 71, -1,
      120, 71, 121, -1,
      121, 71, 70, -1,
      121, 70, 122, -1,
      122, 70, 68, -1,
      122, 68, 123, -1,
      123, 68, 69, -1,
      123, 69, 115, -1,
      112, 77, 76, -1,
      112, 76, 124, -1,
      124, 76, 67, -1,
      124, 67, 125, -1,
      125, 67, 66, -1,
      125, 66, 126, -1,
      126, 66, 65, -1,
      126, 65, 127, -1,
      127, 65, 62, -1,
      127, 62, 128, -1,
      128, 62, 63, -1,
      128, 63, 129, -1,
      129, 63, 64, -1,
      129, 64, 116, -1,
      118, 119, 130, -1,
      130, 119, 120, -1,
      130, 120, 131, -1,
      131, 120, 121, -1,
      131, 121, 132, -1,
      132, 121, 122, -1,
      132, 122, 133, -1,
      133, 122, 123, -1,
      133, 123, 134, -1,
      134, 123, 115, -1,
      134, 115, 135, -1,
      135, 115, 114, -1,
      135, 114, 136, -1,
      136, 114, 113, -1,
      136, 113, 137, -1,
      137, 113, 112, -1,
      137, 112, 138, -1,
      138, 112, 124, -1,
      138, 124, 139, -1,
      139, 124, 125, -1,
      139, 125, 140, -1,
      140, 125, 126, -1,
      140, 126, 141, -1,
      141, 126, 127, -1,
      141, 127, 142, -1,
      142, 127, 128, -1,
      142, 128, 143, -1,
      143, 128, 129, -1,
      143, 129, 144, -1,
      144, 129, 116, -1,
      144, 116, 145, -1,
      145, 116, 117, -1,
      145, 117, 146, -1,
      146, 117, 118, -1,
      146, 118, 130, -1,
      134, 135, 147, -1,
      147, 135, 148, -1,
      134, 147, 149, -1,
      134, 149, 133, -1,
      133, 149, 150, -1,
      133, 150, 132, -1,
      132, 150, 151, -1,
      132, 151, 131, -1,
      131, 151, 152, -1,
      131, 152, 130, -1,
      130, 152, 153, -1,
      130, 153, 146, -1,
      146, 153, 154, -1,
      146, 154, 145, -1,
      145, 154, 155, -1,
      145, 155, 144, -1,
      144, 155, 156, -1,
      144, 156, 143, -1,
      143, 156, 157, -1,
      143, 157, 142, -1,
      142, 157, 158, -1,
      142, 158, 141, -1,
      141, 158, 159, -1,
      141, 159, 140, -1,
      140, 159, 160, -1,
      140, 160, 139, -1,
      139, 160, 161, -1,
      139, 161, 138, -1,
      138, 161, 162, -1,
      138, 162, 137, -1,
      136, 137, 163, -1,
      163, 137, 162, -1,
      135, 136, 148, -1,
      148, 136, 163, -1,
      164, 165, 52, -1,
      52, 165, 53, -1,
      165, 166, 53, -1,
      53, 166, 54, -1,
      166, 167, 54, -1,
      54, 167, 55, -1,
      167, 168, 55, -1,
      55, 168, 50, -1,
      168, 169, 50, -1,
      50, 169, 51, -1,
      169, 170, 51, -1,
      51, 170, 61, -1,
      170, 171, 61, -1,
      61, 171, 60, -1,
      171, 172, 60, -1,
      60, 172, 59, -1,
      172, 173, 59, -1,
      59, 173, 58, -1,
      173, 174, 58, -1,
      58, 174, 56, -1,
      174, 175, 56, -1,
      56, 175, 57, -1,
      175, 164, 57, -1,
      57, 164, 52, -1,
      166, 165, 164, -1,
      164, 175, 166, -1,
      166, 175, 174, -1,
      166, 174, 167, -1,
      169, 168, 170, -1,
      170, 168, 167, -1,
      170, 167, 171, -1,
      171, 167, 174, -1,
      171, 174, 172, -1,
      172, 174, 173, -1,
      176, 177, 3, -1,
      3, 177, 2, -1,
      2, 177, 178, -1,
      179, 0, 6, -1,
      179, 6, 180, -1,
      180, 6, 5, -1,
      180, 5, 178, -1,
      178, 5, 4, -1,
      178, 4, 2, -1,
      181, 42, 41, -1,
      181, 41, 182, -1,
      182, 41, 36, -1,
      182, 36, 183, -1,
      183, 36, 35, -1,
      183, 35, 184, -1,
      184, 35, 34, -1,
      184, 34, 185, -1,
      185, 34, 33, -1,
      185, 33, 186, -1,
      186, 33, 37, -1,
      186, 37, 187, -1,
      187, 37, 179, -1,
      179, 37, 1, -1,
      179, 1, 0, -1,
      188, 29, 189, -1,
      189, 29, 30, -1,
      30, 40, 189, -1,
      189, 40, 39, -1,
      189, 39, 190, -1,
      190, 39, 38, -1,
      190, 38, 191, -1,
      191, 38, 32, -1,
      191, 32, 192, -1,
      192, 32, 31, -1,
      192, 31, 193, -1,
      193, 31, 43, -1,
      193, 43, 194, -1,
      194, 43, 42, -1,
      194, 42, 181, -1,
      29, 188, 7, -1,
      7, 188, 195, -1,
      7, 195, 8, -1,
      8, 195, 196, -1,
      8, 196, 9, -1,
      196, 197, 9, -1,
      9, 197, 10, -1,
      198, 13, 11, -1,
      198, 11, 199, -1,
      199, 11, 10, -1,
      199, 10, 197, -1,
      200, 18, 28, -1,
      200, 28, 201, -1,
      201, 28, 27, -1,
      201, 27, 202, -1,
      202, 27, 17, -1,
      202, 17, 203, -1,
      203, 17, 16, -1,
      203, 16, 204, -1,
      204, 16, 15, -1,
      204, 15, 205, -1,
      205, 15, 14, -1,
      205, 14, 206, -1,
      206, 14, 13, -1,
      206, 13, 198, -1,
      207, 22, 21, -1,
      207, 21, 208, -1,
      208, 21, 23, -1,
      208, 23, 209, -1,
      209, 23, 24, -1,
      209, 24, 210, -1,
      210, 24, 25, -1,
      210, 25, 211, -1,
      211, 25, 20, -1,
      211, 20, 212, -1,
      212, 20, 19, -1,
      212, 19, 213, -1,
      213, 19, 18, -1,
      213, 18, 200, -1,
      176, 3, 12, -1,
      176, 12, 214, -1,
      214, 12, 26, -1,
      214, 26, 215, -1,
      215, 26, 22, -1,
      215, 22, 207, -1,
      208, 179, 207, -1,
      207, 179, 180, -1,
      207, 180, 215, -1,
      215, 180, 178, -1,
      215, 178, 214, -1,
      214, 178, 177, -1,
      214, 177, 176, -1,
      197, 196, 199, -1,
      199, 196, 195, -1,
      199, 195, 198, -1,
      198, 195, 188, -1,
      198, 188, 206, -1,
      206, 188, 189, -1,
      206, 189, 205, -1,
      205, 189, 190, -1,
      205, 190, 204, -1,
      204, 190, 191, -1,
      204, 191, 203, -1,
      203, 191, 192, -1,
      203, 192, 202, -1,
      202, 192, 193, -1,
      202, 193, 201, -1,
      201, 193, 194, -1,
      201, 194, 200, -1,
      200, 194, 181, -1,
      200, 181, 213, -1,
      213, 181, 182, -1,
      213, 182, 212, -1,
      212, 182, 183, -1,
      212, 183, 211, -1,
      211, 183, 184, -1,
      211, 184, 210, -1,
      210, 184, 185, -1,
      210, 185, 209, -1,
      209, 185, 186, -1,
      209, 186, 208, -1,
      208, 186, 187, -1,
      208, 187, 179, -1,
      216, 217, 44, -1,
      44, 217, 45, -1,
      217, 218, 45, -1,
      45, 218, 46, -1,
      218, 219, 46, -1,
      46, 219, 49, -1,
      219, 220, 49, -1,
      49, 220, 48, -1,
      220, 221, 48, -1,
      48, 221, 47, -1,
      221, 216, 47, -1,
      47, 216, 44, -1,
      220, 219, 221, -1,
      221, 219, 218, -1,
      221, 218, 216, -1,
      216, 218, 217, -1,
    ]
  }
}

Shape {
  appearance Appearance {
    material Material {
      diffuseColor 1.0000 0.9529 0.7922
      specularColor 0.3020 0.2863 0.2392
      ambientIntensity 0.2
      transparency 0.0000
      shininess 0.5
    }
  }
  geometry IndexedFaceSet {
    ccw TRUE
    solid FALSE
    coord DEF co Coordinate {
      point [
        0.451091 -0.292186 0.000000,
        0.385261 -0.292186 0.000000,
        0.421720 -0.209965 0.000000,
        0.419826 -0.203137 0.000000,
        0.418570 -0.196161 0.000000,
        0.417932 -0.196161 0.000000,
        0.416648 -0.203117 0.000000,
        0.414894 -0.209965 0.000000,
        0.622735 -0.193761 0.000000,
        0.651767 -0.193761 0.000000,
        0.599435 -0.196237 0.000000,
        0.583187 -0.201923 0.000000,
        0.568808 -0.211213 0.000000,
        0.559246 -0.221365 0.000000,
        0.552407 -0.233506 0.000000,
        0.547812 -0.249076 0.000000,
        0.546140 -0.268667 0.000000,
        0.547947 -0.289343 0.000000,
        0.553721 -0.307847 0.000000,
        0.562023 -0.321419 0.000000,
        0.573064 -0.332324 0.000000,
        0.586489 -0.340296 0.000000,
        0.603054 -0.345467 0.000000,
        0.623822 -0.347400 0.000000,
        0.651767 -0.347400 0.000000,
      ]
    }
    coordIndex [
      0, 1, 2, -1,
      2, 1, 7, -1,
      2, 7, 3, -1,
      3, 7, 6, -1,
      3, 6, 4, -1,
      4, 6, 5, -1,
      9, 24, 8, -1,
      8, 24, 23, -1,
      8, 23, 22, -1,
      16, 15, 8, -1,
      8, 15, 14, -1,
      8, 14, 10, -1,
      22, 21, 8, -1,
      8, 21, 20, -1,
      8, 20, 19, -1,
      19, 18, 8, -1,
      8, 18, 17, -1,
      8, 17, 16, -1,
      13, 12, 14, -1,
      14, 12, 11, -1,
      14, 11, 10, -1,
    ]
  }
}
