#VRML V2.0 utf8

Shape {
  appearance Appearance {
    material Material {
      diffuseColor 0.2510 0.2510 0.2510
      specularColor 0.0745 0.0745 0.0745
      ambientIntensity 0.2
      transparency 0.0000
      shininess 0.5
    }
  }
  geometry IndexedFaceSet {
    ccw TRUE
    solid FALSE
    coord DEF co Coordinate {
      point [
        -0.004886 -0.015456 0.011811,
        -0.004886 -0.019777 0.011811,
        -0.008727 -0.020017 0.011811,
        0.016239 -0.019777 0.011811,
        -0.003926 0.015272 0.011811,
        0.010958 0.015272 0.011811,
        0.010958 0.002309 0.011811,
        0.023921 -0.017737 0.011811,
        0.023921 -0.013415 0.011811,
        0.016239 0.019593 0.011811,
        0.010958 -0.002013 0.011811,
        0.010958 -0.015456 0.011811,
        -0.002965 -0.002013 0.011811,
        -0.002965 0.002309 0.011811,
        0.043422 -0.018441 0.011811,
        0.056570 -0.019777 0.011811,
        0.039606 -0.019754 0.011811,
        0.037069 -0.020017 0.011811,
        0.492126 -0.020017 0.011811,
        0.076735 -0.019777 0.011811,
        0.492126 0.492126 0.011811,
        0.076735 0.019593 0.011811,
        -0.008727 0.492126 0.011811,
        0.071454 0.019593 0.011811,
        -0.003926 0.019593 0.011811,
        0.037018 0.015317 0.011811,
        0.039965 0.014253 0.011811,
        0.024627 -0.013806 0.011811,
        0.042690 0.012430 0.011811,
        0.045067 0.009806 0.011811,
        0.047928 -0.000512 0.011811,
        0.047529 -0.004774 0.011811,
        0.046459 -0.008161 0.011811,
        0.037699 -0.015524 0.011811,
        0.034026 -0.015936 0.011811,
        0.040567 -0.014468 0.011811,
        0.042983 -0.012839 0.011811,
        0.044831 -0.010891 0.011811,
        0.028800 -0.015356 0.011811,
        0.046690 0.006766 0.011811,
        0.047740 0.002551 0.011811,
        0.045269 0.016323 0.011811,
        0.048824 0.012904 0.011811,
        0.051131 0.009224 0.011811,
        0.046589 -0.016419 0.011811,
        0.049546 -0.013305 0.011811,
        0.056570 -0.015456 0.011811,
        0.051643 -0.009561 0.011811,
        0.071454 -0.015456 0.011811,
        0.052828 -0.005394 0.011811,
        0.053209 -0.000835 0.011811,
        0.052643 0.004763 0.011811,
        0.041530 0.018475 0.011811,
        0.037141 0.019750 0.011811,
        0.033186 0.020073 0.011811,
        0.028473 0.019748 0.011811,
        0.023921 0.018513 0.011811,
        0.023921 0.013231 0.011811,
        0.028356 0.015130 0.011811,
        0.033141 0.015752 0.011811,
        0.034754 -0.020257 0.011811,
        0.492126 -0.492126 0.011811,
        0.033678 -0.020239 0.011811,
        -0.008727 -0.492126 0.011811,
        0.032096 -0.020017 0.011811,
        -0.492126 -0.492126 0.011811,
        -0.492126 -0.020017 0.011811,
        0.028118 -0.019459 0.011811,
        -0.052898 -0.019777 0.011811,
        -0.047137 -0.019777 0.011811,
        -0.042290 -0.008987 0.011811,
        -0.040032 -0.012508 0.011811,
        -0.036792 -0.015611 0.011811,
        -0.032681 -0.018000 0.011811,
        -0.062020 0.019593 0.011811,
        -0.492126 0.492126 0.011811,
        -0.067302 0.019593 0.011811,
        -0.082666 -0.019777 0.011811,
        -0.076904 -0.019777 0.011811,
        -0.072921 -0.008734 0.011811,
        -0.056657 -0.008734 0.011811,
        -0.012568 0.019593 0.011811,
        -0.023678 0.019593 0.011811,
        -0.038299 0.014459 0.011811,
        -0.041083 0.011372 0.011811,
        -0.042913 0.007987 0.011811,
        -0.029366 0.018985 0.011811,
        -0.033972 0.017368 0.011811,
        -0.038257 0.014496 0.011811,
        -0.028144 -0.019352 0.011811,
        -0.023273 -0.019777 0.011811,
        -0.012568 -0.019777 0.011811,
        -0.043970 0.004107 0.011811,
        -0.044256 0.000403 0.011811,
        -0.043704 -0.004866 0.011811,
        0.024967 0.040072 0.248031,
        0.041291 0.040072 0.248031,
        0.050893 0.040552 0.248031,
        -0.088823 0.222288 0.248031,
        -0.088823 0.492126 0.248031,
        -0.289634 0.492126 0.248031,
        0.492126 0.222288 0.248031,
        0.492126 0.492126 0.248031,
        0.108028 0.492126 0.248031,
        0.163871 0.036185 0.248031,
        0.167472 0.032680 0.248031,
        0.492126 0.040552 0.248031,
        0.124832 0.034236 0.248031,
        0.108028 0.040552 0.248031,
        0.124832 0.019487 0.248031,
        0.108028 -0.043949 0.248031,
        0.159548 0.038720 0.248031,
        0.120991 -0.038668 0.248031,
        0.171884 -0.038668 0.248031,
        0.492126 -0.043949 0.248031,
        0.171884 -0.025224 0.248031,
        0.170003 0.028449 0.248031,
        0.171421 0.023728 0.248031,
        0.171884 0.018512 0.248031,
        0.128966 -0.012815 0.248031,
        0.138120 -0.004665 0.248031,
        0.141816 -0.001983 0.248031,
        0.164465 -0.000952 0.248031,
        0.153154 -0.010712 0.248031,
        0.120991 -0.032846 0.248031,
        0.121812 -0.025882 0.248031,
        0.124011 -0.020100 0.248031,
        0.171100 0.011446 0.248031,
        0.169325 0.006413 0.248031,
        0.165141 -0.000157 0.248031,
        0.148422 0.027114 0.248031,
        0.144450 0.027581 0.248031,
        0.154692 0.022087 0.248031,
        0.155328 0.019881 0.248031,
        0.152844 -0.010941 0.248031,
        0.145152 -0.017143 0.248031,
        0.141891 -0.020580 0.248031,
        0.144082 0.027589 0.248031,
        0.137688 0.026744 0.248031,
        0.131359 0.024162 0.248031,
        0.150997 0.006069 0.248031,
        0.153720 0.009920 0.248031,
        0.140452 -0.022888 0.248031,
        0.140017 -0.024155 0.248031,
        0.139881 -0.025224 0.248031,
        0.155081 0.013359 0.248031,
        0.155560 0.017131 0.248031,
        0.150871 0.026225 0.248031,
        0.153736 0.023802 0.248031,
        0.152469 0.025176 0.248031,
        0.133571 0.038720 0.248031,
        0.141407 0.040552 0.248031,
        0.108028 0.222288 0.248031,
        0.142294 0.040760 0.248031,
        0.147233 0.041032 0.248031,
        0.152553 0.040552 0.248031,
        0.060496 0.015106 0.248031,
        0.060496 0.029134 0.248031,
        0.050893 -0.043949 0.248031,
        0.078740 -0.038668 0.248031,
        0.095064 -0.038668 0.248031,
        0.062581 0.015427 0.248031,
        0.072039 0.018432 0.248031,
        0.078740 0.022443 0.248031,
        0.073184 0.033967 0.248031,
        0.083984 0.040552 0.248031,
        0.050893 0.222288 0.248031,
        0.095064 0.040552 0.248031,
        0.095064 0.041032 0.248031,
        0.084772 0.041032 0.248031,
        -0.289634 0.040552 0.248031,
        -0.159829 0.034041 0.248031,
        -0.152648 0.038042 0.248031,
        -0.289634 -0.043949 0.248031,
        -0.162776 -0.030889 0.248031,
        -0.168869 -0.024089 0.248031,
        -0.137645 -0.039628 0.248031,
        -0.147629 -0.038548 0.248031,
        -0.155429 -0.035795 0.248031,
        -0.120854 -0.043949 0.248031,
        -0.126257 -0.038218 0.248031,
        -0.131906 -0.039287 0.248031,
        -0.174581 0.010904 0.248031,
        -0.171546 0.019860 0.248031,
        -0.166778 0.027401 0.248031,
        -0.173114 -0.015962 0.248031,
        -0.175273 -0.007214 0.248031,
        -0.175725 -0.000303 0.248031,
        -0.088823 -0.043949 0.248031,
        -0.096549 -0.043949 0.248031,
        -0.091223 -0.049231 0.248031,
        -0.126559 0.039973 0.248031,
        -0.118889 0.037230 0.248031,
        -0.088823 0.040552 0.248031,
        -0.103515 -0.019655 0.248031,
        -0.109633 -0.028300 0.248031,
        -0.110289 -0.028987 0.248031,
        -0.110954 -0.029666 0.248031,
        -0.111806 0.032455 0.248031,
        -0.106326 0.026400 0.248031,
        -0.101919 0.018372 0.248031,
        -0.099519 0.009443 0.248031,
        -0.098906 0.001302 0.248031,
        -0.100296 -0.010907 0.248031,
        -0.144339 0.040396 0.248031,
        -0.142386 0.040552 0.248031,
        -0.289634 0.222288 0.248031,
        -0.131925 0.040552 0.248031,
        -0.136370 0.041032 0.248031,
        0.154054 0.040417 0.248031,
        0.050893 0.492126 0.248031,
        -0.403543 0.433071 0.248031,
        -0.404550 0.425429 0.248031,
        -0.425429 0.404550 0.248031,
        -0.433071 0.403543 0.248031,
        -0.477362 0.222288 0.248031,
        -0.440713 0.404550 0.248031,
        -0.418307 0.458643 0.248031,
        -0.412192 0.453950 0.248031,
        -0.407499 0.418307 0.248031,
        -0.412192 0.412192 0.248031,
        -0.418307 0.407499 0.248031,
        -0.447835 0.407499 0.248031,
        -0.453950 0.412192 0.248031,
        -0.458643 0.418307 0.248031,
        -0.461592 0.425429 0.248031,
        -0.462598 0.433071 0.248031,
        -0.477362 0.492126 0.248031,
        -0.461592 0.440713 0.248031,
        -0.407499 0.447835 0.248031,
        -0.404550 0.440713 0.248031,
        -0.458643 0.447835 0.248031,
        -0.453950 0.453950 0.248031,
        -0.447835 0.458643 0.248031,
        -0.440713 0.461592 0.248031,
        -0.433071 0.462598 0.248031,
        -0.425429 0.461592 0.248031,
        -0.035049 0.492126 0.248031,
        -0.035049 0.222288 0.248031,
        -0.035049 0.040552 0.248031,
        0.041291 -0.038668 0.248031,
        -0.013083 0.018677 0.248031,
        -0.013339 0.018677 0.248031,
        -0.011294 0.015419 0.248031,
        -0.012629 0.012419 0.248031,
        -0.009317 0.012270 0.248031,
        0.024081 -0.038668 0.248031,
        -0.012483 0.006119 0.248031,
        -0.012483 -0.038668 0.248031,
        -0.035049 -0.043949 0.248031,
        -0.028807 -0.038668 0.248031,
        -0.028807 0.040072 0.248031,
        -0.010488 0.040072 0.248031,
        0.025611 -0.015697 0.248031,
        0.025867 -0.015697 0.248031,
        0.023694 -0.012544 0.248031,
        0.025097 -0.010290 0.248031,
        0.021696 -0.009441 0.248031,
        0.024967 -0.004819 0.248031,
        -0.069558 0.026629 0.248031,
        -0.069558 0.006463 0.248031,
        -0.041291 0.026629 0.248031,
        -0.043211 0.006463 0.248031,
        -0.041291 0.040072 0.248031,
        -0.043211 -0.006980 0.248031,
        -0.069138 -0.006980 0.248031,
        -0.069138 -0.038668 0.248031,
        -0.086422 -0.038668 0.248031,
        -0.086422 0.040072 0.248031,
        -0.115875 -0.049231 0.248031,
        -0.289634 -0.492126 0.248031,
        -0.088823 -0.492126 0.248031,
        -0.035049 -0.492126 0.248031,
        0.050893 -0.492126 0.248031,
        0.108028 -0.492126 0.248031,
        0.492126 -0.492126 0.248031,
        -0.477362 0.040552 0.248031,
        -0.477362 -0.043949 0.248031,
        -0.477362 -0.492126 0.248031,
        -0.492126 0.492126 0.248031,
        -0.492126 0.222288 0.248031,
        -0.492126 0.040552 0.248031,
        -0.492126 -0.043949 0.248031,
        -0.492126 -0.492126 0.248031,
      ]
    }
    coordIndex [
      0, 1, 2, -1,
      2, 1, 3, -1,
      4, 5, 6, -1,
      7, 3, 8, -1,
      8, 3, 9, -1,
      10, 11, 12, -1,
      12, 11, 0, -1,
      12, 0, 13, -1,
      14, 15, 16, -1,
      16, 15, 17, -1,
      18, 19, 20, -1,
      20, 19, 21, -1,
      20, 21, 22, -1,
      22, 21, 23, -1,
      6, 13, 4, -1,
      4, 13, 0, -1,
      4, 0, 24, -1,
      24, 0, 22, -1,
      24, 22, 9, -1,
      25, 26, 27, -1,
      27, 26, 28, -1,
      27, 28, 29, -1,
      30, 31, 27, -1,
      27, 31, 32, -1,
      33, 34, 35, -1,
      35, 34, 36, -1,
      32, 37, 27, -1,
      27, 37, 36, -1,
      27, 36, 38, -1,
      38, 36, 34, -1,
      29, 39, 27, -1,
      27, 39, 40, -1,
      27, 40, 30, -1,
      41, 22, 42, -1,
      42, 22, 23, -1,
      42, 23, 43, -1,
      14, 44, 15, -1,
      15, 44, 45, -1,
      15, 45, 46, -1,
      46, 45, 47, -1,
      46, 47, 48, -1,
      47, 49, 48, -1,
      48, 49, 50, -1,
      48, 50, 23, -1,
      23, 50, 51, -1,
      23, 51, 43, -1,
      41, 52, 22, -1,
      22, 52, 53, -1,
      22, 53, 54, -1,
      54, 55, 22, -1,
      22, 55, 56, -1,
      22, 56, 9, -1,
      9, 56, 57, -1,
      9, 57, 8, -1,
      8, 57, 58, -1,
      8, 58, 27, -1,
      27, 58, 59, -1,
      27, 59, 25, -1,
      15, 19, 17, -1,
      17, 19, 18, -1,
      17, 18, 60, -1,
      60, 18, 61, -1,
      60, 61, 62, -1,
      62, 61, 63, -1,
      62, 63, 64, -1,
      65, 66, 63, -1,
      63, 66, 2, -1,
      63, 2, 64, -1,
      64, 2, 3, -1,
      64, 3, 67, -1,
      67, 3, 7, -1,
      68, 69, 2, -1,
      70, 71, 69, -1,
      69, 71, 72, -1,
      69, 72, 73, -1,
      22, 74, 75, -1,
      75, 74, 76, -1,
      75, 76, 66, -1,
      66, 76, 77, -1,
      66, 77, 2, -1,
      2, 77, 78, -1,
      2, 78, 68, -1,
      68, 78, 79, -1,
      68, 79, 80, -1,
      0, 2, 22, -1,
      22, 2, 81, -1,
      22, 81, 82, -1,
      83, 84, 74, -1,
      74, 84, 85, -1,
      82, 86, 22, -1,
      22, 86, 87, -1,
      22, 87, 74, -1,
      74, 87, 88, -1,
      74, 88, 83, -1,
      73, 89, 69, -1,
      69, 89, 90, -1,
      69, 90, 2, -1,
      2, 90, 91, -1,
      2, 91, 81, -1,
      85, 92, 74, -1,
      74, 92, 93, -1,
      74, 93, 69, -1,
      69, 93, 94, -1,
      69, 94, 70, -1,
      95, 96, 97, -1,
      98, 99, 100, -1,
      101, 102, 103, -1,
      104, 105, 106, -1,
      107, 108, 109, -1,
      109, 108, 110, -1,
      104, 106, 111, -1,
      112, 110, 113, -1,
      113, 110, 114, -1,
      113, 114, 115, -1,
      115, 114, 106, -1,
      105, 116, 106, -1,
      106, 116, 117, -1,
      106, 117, 118, -1,
      119, 120, 109, -1,
      109, 120, 121, -1,
      115, 122, 123, -1,
      112, 124, 110, -1,
      110, 124, 125, -1,
      110, 125, 109, -1,
      109, 125, 126, -1,
      109, 126, 119, -1,
      118, 127, 106, -1,
      106, 127, 128, -1,
      106, 128, 115, -1,
      115, 128, 129, -1,
      115, 129, 122, -1,
      130, 131, 132, -1,
      132, 131, 133, -1,
      123, 134, 115, -1,
      115, 134, 135, -1,
      115, 135, 136, -1,
      137, 138, 121, -1,
      121, 138, 139, -1,
      121, 139, 109, -1,
      137, 121, 131, -1,
      131, 121, 140, -1,
      131, 140, 141, -1,
      136, 142, 115, -1,
      115, 142, 143, -1,
      115, 143, 144, -1,
      141, 145, 131, -1,
      131, 145, 146, -1,
      131, 146, 133, -1,
      130, 132, 147, -1,
      147, 132, 148, -1,
      147, 148, 149, -1,
      107, 150, 108, -1,
      108, 150, 151, -1,
      108, 151, 152, -1,
      151, 153, 152, -1,
      152, 153, 154, -1,
      152, 154, 155, -1,
      156, 157, 97, -1,
      158, 110, 159, -1,
      159, 110, 160, -1,
      156, 158, 161, -1,
      161, 158, 159, -1,
      161, 159, 162, -1,
      162, 159, 163, -1,
      157, 164, 97, -1,
      97, 164, 165, -1,
      97, 165, 166, -1,
      160, 110, 167, -1,
      167, 110, 108, -1,
      167, 108, 168, -1,
      168, 108, 152, -1,
      168, 152, 169, -1,
      170, 171, 172, -1,
      173, 174, 175, -1,
      176, 177, 173, -1,
      173, 177, 178, -1,
      173, 178, 174, -1,
      179, 180, 181, -1,
      182, 183, 170, -1,
      170, 183, 184, -1,
      170, 184, 171, -1,
      175, 185, 173, -1,
      173, 185, 186, -1,
      173, 186, 170, -1,
      170, 186, 187, -1,
      170, 187, 182, -1,
      188, 189, 190, -1,
      191, 192, 193, -1,
      188, 194, 195, -1,
      188, 195, 189, -1,
      189, 195, 196, -1,
      189, 196, 197, -1,
      192, 198, 193, -1,
      193, 198, 199, -1,
      193, 199, 200, -1,
      200, 201, 193, -1,
      193, 201, 202, -1,
      193, 202, 188, -1,
      188, 202, 203, -1,
      188, 203, 194, -1,
      172, 204, 170, -1,
      170, 204, 205, -1,
      170, 205, 206, -1,
      191, 193, 207, -1,
      207, 193, 98, -1,
      207, 98, 208, -1,
      103, 152, 101, -1,
      101, 152, 155, -1,
      101, 155, 106, -1,
      106, 155, 209, -1,
      106, 209, 111, -1,
      103, 210, 152, -1,
      152, 210, 166, -1,
      152, 166, 169, -1,
      169, 166, 165, -1,
      211, 212, 100, -1,
      100, 212, 206, -1,
      100, 206, 98, -1,
      98, 206, 205, -1,
      98, 205, 208, -1,
      213, 214, 215, -1,
      215, 214, 216, -1,
      217, 218, 100, -1,
      212, 219, 206, -1,
      206, 219, 220, -1,
      206, 220, 221, -1,
      216, 222, 215, -1,
      215, 222, 223, -1,
      215, 223, 224, -1,
      224, 225, 215, -1,
      215, 225, 226, -1,
      215, 226, 227, -1,
      227, 226, 228, -1,
      218, 229, 100, -1,
      100, 229, 230, -1,
      100, 230, 211, -1,
      228, 231, 227, -1,
      227, 231, 232, -1,
      227, 232, 233, -1,
      233, 234, 227, -1,
      227, 234, 235, -1,
      227, 235, 100, -1,
      100, 235, 236, -1,
      100, 236, 217, -1,
      237, 99, 238, -1,
      238, 99, 98, -1,
      238, 98, 239, -1,
      239, 98, 193, -1,
      156, 97, 158, -1,
      158, 97, 96, -1,
      158, 96, 240, -1,
      241, 242, 243, -1,
      243, 242, 244, -1,
      243, 244, 245, -1,
      245, 244, 246, -1,
      246, 244, 247, -1,
      246, 247, 248, -1,
      240, 246, 158, -1,
      158, 246, 248, -1,
      158, 248, 249, -1,
      249, 248, 250, -1,
      249, 250, 239, -1,
      239, 250, 251, -1,
      239, 251, 252, -1,
      253, 254, 255, -1,
      255, 254, 256, -1,
      255, 256, 257, -1,
      257, 256, 252, -1,
      210, 237, 166, -1,
      166, 237, 238, -1,
      166, 238, 97, -1,
      97, 238, 239, -1,
      97, 239, 95, -1,
      95, 239, 252, -1,
      95, 252, 258, -1,
      258, 252, 256, -1,
      259, 260, 261, -1,
      261, 260, 262, -1,
      193, 263, 239, -1,
      239, 263, 261, -1,
      239, 261, 249, -1,
      249, 261, 262, -1,
      249, 262, 264, -1,
      264, 265, 249, -1,
      249, 265, 266, -1,
      249, 266, 188, -1,
      188, 266, 267, -1,
      188, 267, 193, -1,
      193, 267, 268, -1,
      193, 268, 263, -1,
      181, 176, 179, -1,
      179, 176, 173, -1,
      179, 173, 269, -1,
      269, 173, 270, -1,
      269, 270, 190, -1,
      190, 270, 271, -1,
      190, 271, 188, -1,
      188, 271, 272, -1,
      188, 272, 249, -1,
      249, 272, 273, -1,
      249, 273, 158, -1,
      158, 273, 274, -1,
      158, 274, 110, -1,
      110, 274, 275, -1,
      110, 275, 114, -1,
      221, 213, 206, -1,
      206, 213, 215, -1,
      206, 215, 170, -1,
      170, 215, 276, -1,
      170, 276, 173, -1,
      173, 276, 277, -1,
      173, 277, 270, -1,
      270, 277, 278, -1,
      227, 279, 215, -1,
      215, 279, 280, -1,
      215, 280, 276, -1,
      276, 280, 281, -1,
      276, 281, 277, -1,
      277, 281, 282, -1,
      277, 282, 278, -1,
      278, 282, 283, -1,
      20, 102, 18, -1,
      18, 102, 101, -1,
      275, 61, 114, -1,
      114, 61, 18, -1,
      114, 18, 106, -1,
      106, 18, 101, -1,
      102, 20, 103, -1,
      103, 20, 22, -1,
      103, 22, 210, -1,
      210, 22, 237, -1,
      279, 227, 75, -1,
      75, 227, 100, -1,
      75, 100, 22, -1,
      22, 100, 99, -1,
      22, 99, 237, -1,
      65, 283, 66, -1,
      66, 283, 282, -1,
      279, 75, 280, -1,
      280, 75, 66, -1,
      280, 66, 281, -1,
      281, 66, 282, -1,
      278, 283, 65, -1,
      61, 275, 63, -1,
      63, 275, 274, -1,
      63, 274, 273, -1,
      273, 272, 63, -1,
      63, 272, 271, -1,
      63, 271, 65, -1,
      65, 271, 270, -1,
      65, 270, 278, -1,
    ]
  }
}

Shape {
  appearance Appearance {
    material Material {
      diffuseColor 0.4510 0.4314 0.4196
      specularColor 0.0314 0.0314 0.0314
      ambientIntensity 0.2
      transparency 0.0000
      shininess 0.5
    }
  }
  geometry IndexedFaceSet {
    ccw TRUE
    solid FALSE
    coord DEF co Coordinate {
      point [
        -0.159829 0.034041 0.248031,
        -0.152648 0.038042 0.248031,
        -0.162776 -0.030889 0.248031,
        -0.168869 -0.024089 0.248031,
        -0.137645 -0.039628 0.248031,
        -0.147629 -0.038548 0.248031,
        -0.155429 -0.035795 0.248031,
        -0.120854 -0.043949 0.248031,
        -0.126257 -0.038218 0.248031,
        -0.131906 -0.039287 0.248031,
        -0.174581 0.010904 0.248031,
        -0.171546 0.019860 0.248031,
        -0.166778 0.027401 0.248031,
        -0.173114 -0.015962 0.248031,
        -0.175273 -0.007214 0.248031,
        -0.175725 -0.000303 0.248031,
        -0.096549 -0.043949 0.248031,
        -0.091223 -0.049231 0.248031,
        -0.126559 0.039973 0.248031,
        -0.118889 0.037230 0.248031,
        -0.103515 -0.019655 0.248031,
        -0.109633 -0.028300 0.248031,
        -0.110289 -0.028987 0.248031,
        -0.110954 -0.029666 0.248031,
        -0.111806 0.032455 0.248031,
        -0.106326 0.026400 0.248031,
        -0.101919 0.018372 0.248031,
        -0.099519 0.009443 0.248031,
        -0.098906 0.001302 0.248031,
        -0.100296 -0.010907 0.248031,
        -0.144339 0.040396 0.248031,
        -0.142386 0.040552 0.248031,
        -0.131925 0.040552 0.248031,
        -0.136370 0.041032 0.248031,
        -0.115875 -0.049231 0.248031,
        -0.175725 -0.000303 0.244094,
        -0.175273 -0.007214 0.244094,
        -0.173114 -0.015962 0.244094,
        -0.168869 -0.024089 0.244094,
        -0.162776 -0.030889 0.244094,
        -0.155429 -0.035795 0.244094,
        -0.147629 -0.038548 0.244094,
        -0.137645 -0.039628 0.244094,
        -0.136370 0.041032 0.244094,
        -0.144339 0.040396 0.244094,
        -0.152648 0.038042 0.244094,
        -0.159829 0.034041 0.244094,
        -0.166778 0.027401 0.244094,
        -0.171546 0.019860 0.244094,
        -0.174581 0.010904 0.244094,
        -0.098906 0.001302 0.244094,
        -0.099519 0.009443 0.244094,
        -0.101919 0.018372 0.244094,
        -0.106326 0.026400 0.244094,
        -0.111806 0.032455 0.244094,
        -0.118889 0.037230 0.244094,
        -0.126559 0.039973 0.244094,
        -0.109633 -0.028300 0.244094,
        -0.103515 -0.019655 0.244094,
        -0.100296 -0.010907 0.244094,
        -0.110954 -0.029666 0.244094,
        -0.110289 -0.028987 0.244094,
        -0.091223 -0.049231 0.244094,
        -0.115875 -0.049231 0.244094,
        -0.126257 -0.038218 0.244094,
        -0.131906 -0.039287 0.244094,
        -0.121736 -0.017995 0.244094,
        -0.124613 -0.021026 0.244094,
        -0.124970 0.022814 0.244094,
        -0.122072 0.019860 0.244094,
        -0.127945 -0.023204 0.244094,
        -0.131961 -0.024633 0.244094,
        -0.137330 -0.025224 0.244094,
        -0.141943 -0.024767 0.244094,
        -0.116490 0.000297 0.244094,
        -0.116521 -0.001145 0.244094,
        -0.117667 -0.009528 0.244094,
        -0.120069 -0.015464 0.244094,
        -0.119083 0.014798 0.244094,
        -0.117212 0.008569 0.244094,
        -0.145912 -0.023445 0.244094,
        -0.149277 -0.021350 0.244094,
        -0.152374 -0.018226 0.244094,
        -0.155320 -0.013398 0.244094,
        -0.157323 -0.007248 0.244094,
        -0.128306 0.024876 0.244094,
        -0.132183 0.026168 0.244094,
        -0.136880 0.026629 0.244094,
        -0.142367 0.025992 0.244094,
        -0.146400 0.024459 0.244094,
        -0.150085 0.021889 0.244094,
        -0.153513 0.017862 0.244094,
        -0.155951 0.013119 0.244094,
        -0.157726 0.006063 0.244094,
        -0.158080 0.000597 0.244094,
        -0.158080 0.000597 0.248031,
        -0.157726 0.006063 0.248031,
        -0.155951 0.013119 0.248031,
        -0.153513 0.017862 0.248031,
        -0.150085 0.021889 0.248031,
        -0.146400 0.024459 0.248031,
        -0.142367 0.025992 0.248031,
        -0.136880 0.026629 0.248031,
        -0.132183 0.026168 0.248031,
        -0.128306 0.024876 0.248031,
        -0.124970 0.022814 0.248031,
        -0.122072 0.019860 0.248031,
        -0.119083 0.014798 0.248031,
        -0.117212 0.008569 0.248031,
        -0.116490 0.000297 0.248031,
        -0.116521 -0.001145 0.248031,
        -0.117667 -0.009528 0.248031,
        -0.120069 -0.015464 0.248031,
        -0.121736 -0.017995 0.248031,
        -0.124613 -0.021026 0.248031,
        -0.127945 -0.023204 0.248031,
        -0.131961 -0.024633 0.248031,
        -0.137330 -0.025224 0.248031,
        -0.141943 -0.024767 0.248031,
        -0.145912 -0.023445 0.248031,
        -0.149277 -0.021350 0.248031,
        -0.152374 -0.018226 0.248031,
        -0.155320 -0.013398 0.248031,
        -0.157323 -0.007248 0.248031,
      ]
    }
    coordIndex [
      35, 15, 14, -1,
      35, 14, 36, -1,
      36, 14, 13, -1,
      36, 13, 37, -1,
      37, 13, 3, -1,
      37, 3, 38, -1,
      38, 3, 2, -1,
      38, 2, 39, -1,
      39, 2, 6, -1,
      39, 6, 40, -1,
      40, 6, 5, -1,
      40, 5, 41, -1,
      41, 5, 4, -1,
      41, 4, 42, -1,
      33, 31, 43, -1,
      43, 31, 44, -1,
      31, 30, 44, -1,
      44, 30, 1, -1,
      44, 1, 45, -1,
      45, 1, 0, -1,
      45, 0, 46, -1,
      46, 0, 12, -1,
      46, 12, 47, -1,
      47, 12, 11, -1,
      47, 11, 48, -1,
      48, 11, 10, -1,
      48, 10, 49, -1,
      49, 10, 15, -1,
      49, 15, 35, -1,
      50, 28, 27, -1,
      50, 27, 51, -1,
      51, 27, 26, -1,
      51, 26, 52, -1,
      52, 26, 25, -1,
      52, 25, 53, -1,
      53, 25, 24, -1,
      53, 24, 54, -1,
      54, 24, 19, -1,
      54, 19, 55, -1,
      55, 19, 18, -1,
      55, 18, 56, -1,
      56, 18, 43, -1,
      43, 18, 32, -1,
      43, 32, 33, -1,
      57, 21, 20, -1,
      57, 20, 58, -1,
      58, 20, 29, -1,
      58, 29, 59, -1,
      59, 29, 28, -1,
      59, 28, 50, -1,
      60, 23, 22, -1,
      60, 22, 61, -1,
      61, 22, 21, -1,
      61, 21, 57, -1,
      23, 60, 16, -1,
      16, 60, 62, -1,
      16, 62, 17, -1,
      62, 63, 17, -1,
      17, 63, 34, -1,
      64, 8, 63, -1,
      63, 8, 7, -1,
      63, 7, 34, -1,
      42, 4, 9, -1,
      42, 9, 65, -1,
      65, 9, 8, -1,
      65, 8, 64, -1,
      66, 67, 64, -1,
      63, 62, 64, -1,
      64, 62, 60, -1,
      68, 69, 54, -1,
      67, 70, 64, -1,
      64, 70, 71, -1,
      64, 71, 65, -1,
      65, 71, 72, -1,
      65, 72, 42, -1,
      42, 72, 41, -1,
      41, 72, 73, -1,
      41, 73, 40, -1,
      74, 75, 60, -1,
      60, 75, 76, -1,
      60, 76, 64, -1,
      64, 76, 77, -1,
      64, 77, 66, -1,
      54, 69, 53, -1,
      53, 69, 78, -1,
      53, 78, 52, -1,
      52, 78, 51, -1,
      51, 78, 79, -1,
      51, 79, 50, -1,
      74, 60, 79, -1,
      79, 60, 61, -1,
      79, 61, 57, -1,
      73, 80, 40, -1,
      40, 80, 81, -1,
      40, 81, 39, -1,
      39, 81, 82, -1,
      39, 82, 38, -1,
      38, 82, 83, -1,
      38, 83, 37, -1,
      37, 83, 84, -1,
      68, 54, 85, -1,
      85, 54, 55, -1,
      85, 55, 86, -1,
      86, 55, 56, -1,
      86, 56, 87, -1,
      87, 56, 43, -1,
      87, 43, 88, -1,
      88, 43, 44, -1,
      88, 44, 89, -1,
      89, 44, 45, -1,
      89, 45, 90, -1,
      90, 45, 46, -1,
      90, 46, 91, -1,
      91, 46, 47, -1,
      91, 47, 92, -1,
      92, 47, 48, -1,
      92, 48, 93, -1,
      93, 48, 49, -1,
      93, 49, 94, -1,
      94, 49, 35, -1,
      94, 35, 84, -1,
      84, 35, 36, -1,
      84, 36, 37, -1,
      57, 58, 79, -1,
      79, 58, 59, -1,
      79, 59, 50, -1,
      94, 95, 96, -1,
      94, 96, 93, -1,
      93, 96, 97, -1,
      93, 97, 92, -1,
      92, 97, 98, -1,
      92, 98, 91, -1,
      91, 98, 99, -1,
      91, 99, 90, -1,
      90, 99, 100, -1,
      90, 100, 89, -1,
      89, 100, 101, -1,
      89, 101, 88, -1,
      88, 101, 102, -1,
      88, 102, 87, -1,
      87, 102, 103, -1,
      87, 103, 86, -1,
      86, 103, 104, -1,
      86, 104, 85, -1,
      85, 104, 105, -1,
      85, 105, 68, -1,
      68, 105, 106, -1,
      68, 106, 69, -1,
      69, 106, 107, -1,
      69, 107, 78, -1,
      78, 107, 108, -1,
      78, 108, 79, -1,
      79, 108, 109, -1,
      79, 109, 74, -1,
      74, 109, 110, -1,
      74, 110, 75, -1,
      75, 110, 111, -1,
      75, 111, 76, -1,
      76, 111, 112, -1,
      76, 112, 77, -1,
      77, 112, 113, -1,
      77, 113, 66, -1,
      66, 113, 114, -1,
      66, 114, 67, -1,
      67, 114, 115, -1,
      67, 115, 70, -1,
      70, 115, 116, -1,
      70, 116, 71, -1,
      71, 116, 117, -1,
      71, 117, 72, -1,
      72, 117, 118, -1,
      72, 118, 73, -1,
      73, 118, 119, -1,
      73, 119, 80, -1,
      80, 119, 120, -1,
      80, 120, 81, -1,
      81, 120, 121, -1,
      81, 121, 82, -1,
      82, 121, 122, -1,
      82, 122, 83, -1,
      83, 122, 123, -1,
      83, 123, 84, -1,
      84, 123, 95, -1,
      84, 95, 94, -1,
    ]
  }
}

Shape {
  appearance Appearance {
    material Material {
      diffuseColor 0.2510 0.2510 0.2510
      specularColor 0.0745 0.0745 0.0745
      ambientIntensity 0.2
      transparency 0.0000
      shininess 0.5
    }
  }
  geometry IndexedFaceSet {
    ccw TRUE
    solid FALSE
    coord DEF co Coordinate {
      point [
        -0.158080 0.000597 0.248031,
        -0.157726 0.006063 0.248031,
        -0.155951 0.013119 0.248031,
        -0.153513 0.017862 0.248031,
        -0.150085 0.021889 0.248031,
        -0.146400 0.024459 0.248031,
        -0.142367 0.025992 0.248031,
        -0.136880 0.026629 0.248031,
        -0.132183 0.026168 0.248031,
        -0.128306 0.024876 0.248031,
        -0.124970 0.022814 0.248031,
        -0.122072 0.019860 0.248031,
        -0.119083 0.014798 0.248031,
        -0.117212 0.008569 0.248031,
        -0.116490 0.000297 0.248031,
        -0.116521 -0.001145 0.248031,
        -0.117667 -0.009528 0.248031,
        -0.120069 -0.015464 0.248031,
        -0.121736 -0.017995 0.248031,
        -0.124613 -0.021026 0.248031,
        -0.127945 -0.023204 0.248031,
        -0.131961 -0.024633 0.248031,
        -0.137330 -0.025224 0.248031,
        -0.141943 -0.024767 0.248031,
        -0.145912 -0.023445 0.248031,
        -0.149277 -0.021350 0.248031,
        -0.152374 -0.018226 0.248031,
        -0.155320 -0.013398 0.248031,
        -0.157323 -0.007248 0.248031,
      ]
    }
    coordIndex [
      23, 22, 28, -1,
      0, 17, 16, -1,
      9, 8, 1, -1,
      1, 8, 7, -1,
      1, 7, 2, -1,
      20, 19, 0, -1,
      0, 19, 18, -1,
      0, 18, 17, -1,
      27, 26, 25, -1,
      28, 22, 0, -1,
      0, 22, 21, -1,
      0, 21, 20, -1,
      7, 6, 5, -1,
      27, 25, 28, -1,
      28, 25, 24, -1,
      28, 24, 23, -1,
      16, 15, 0, -1,
      0, 15, 14, -1,
      0, 14, 1, -1,
      1, 14, 13, -1,
      1, 13, 12, -1,
      5, 4, 7, -1,
      7, 4, 3, -1,
      7, 3, 2, -1,
      12, 11, 1, -1,
      1, 11, 10, -1,
      1, 10, 9, -1,
    ]
  }
}

Shape {
  appearance Appearance {
    material Material {
      diffuseColor 0.4510 0.4314 0.4196
      specularColor 0.0314 0.0314 0.0314
      ambientIntensity 0.2
      transparency 0.0000
      shininess 0.5
    }
  }
  geometry IndexedFaceSet {
    ccw TRUE
    solid FALSE
    coord DEF co Coordinate {
      point [
        0.024967 0.040072 0.248031,
        0.041291 0.040072 0.248031,
        0.163871 0.036185 0.248031,
        0.167472 0.032680 0.248031,
        0.124832 0.034236 0.248031,
        0.124832 0.019487 0.248031,
        0.159548 0.038720 0.248031,
        0.120991 -0.038668 0.248031,
        0.171884 -0.038668 0.248031,
        0.171884 -0.025224 0.248031,
        0.170003 0.028449 0.248031,
        0.171421 0.023728 0.248031,
        0.171884 0.018512 0.248031,
        0.128966 -0.012815 0.248031,
        0.138120 -0.004665 0.248031,
        0.141816 -0.001983 0.248031,
        0.164465 -0.000952 0.248031,
        0.153154 -0.010712 0.248031,
        0.120991 -0.032846 0.248031,
        0.121812 -0.025882 0.248031,
        0.124011 -0.020100 0.248031,
        0.171100 0.011446 0.248031,
        0.169325 0.006413 0.248031,
        0.165141 -0.000157 0.248031,
        0.148422 0.027114 0.248031,
        0.144450 0.027581 0.248031,
        0.154692 0.022087 0.248031,
        0.155328 0.019881 0.248031,
        0.152844 -0.010941 0.248031,
        0.145152 -0.017143 0.248031,
        0.141891 -0.020580 0.248031,
        0.144082 0.027589 0.248031,
        0.137688 0.026744 0.248031,
        0.131359 0.024162 0.248031,
        0.150997 0.006069 0.248031,
        0.153720 0.009920 0.248031,
        0.140452 -0.022888 0.248031,
        0.140017 -0.024155 0.248031,
        0.139881 -0.025224 0.248031,
        0.155081 0.013359 0.248031,
        0.155560 0.017131 0.248031,
        0.150871 0.026225 0.248031,
        0.153736 0.023802 0.248031,
        0.152469 0.025176 0.248031,
        0.133571 0.038720 0.248031,
        0.141407 0.040552 0.248031,
        0.142294 0.040760 0.248031,
        0.147233 0.041032 0.248031,
        0.152553 0.040552 0.248031,
        0.060496 0.015106 0.248031,
        0.060496 0.029134 0.248031,
        0.078740 -0.038668 0.248031,
        0.095064 -0.038668 0.248031,
        0.062581 0.015427 0.248031,
        0.072039 0.018432 0.248031,
        0.078740 0.022443 0.248031,
        0.073184 0.033967 0.248031,
        0.083984 0.040552 0.248031,
        0.095064 0.040552 0.248031,
        0.095064 0.041032 0.248031,
        0.084772 0.041032 0.248031,
        0.154054 0.040417 0.248031,
        -0.403543 0.433071 0.248031,
        -0.404550 0.425429 0.248031,
        -0.425429 0.404550 0.248031,
        -0.433071 0.403543 0.248031,
        -0.440713 0.404550 0.248031,
        -0.418307 0.458643 0.248031,
        -0.412192 0.453950 0.248031,
        -0.407499 0.418307 0.248031,
        -0.412192 0.412192 0.248031,
        -0.418307 0.407499 0.248031,
        -0.447835 0.407499 0.248031,
        -0.453950 0.412192 0.248031,
        -0.458643 0.418307 0.248031,
        -0.461592 0.425429 0.248031,
        -0.462598 0.433071 0.248031,
        -0.461592 0.440713 0.248031,
        -0.407499 0.447835 0.248031,
        -0.404550 0.440713 0.248031,
        -0.458643 0.447835 0.248031,
        -0.453950 0.453950 0.248031,
        -0.447835 0.458643 0.248031,
        -0.440713 0.461592 0.248031,
        -0.433071 0.462598 0.248031,
        -0.425429 0.461592 0.248031,
        0.041291 -0.038668 0.248031,
        -0.013083 0.018677 0.248031,
        -0.013339 0.018677 0.248031,
        -0.011294 0.015419 0.248031,
        -0.012629 0.012419 0.248031,
        -0.009317 0.012270 0.248031,
        0.024081 -0.038668 0.248031,
        -0.012483 0.006119 0.248031,
        -0.012483 -0.038668 0.248031,
        -0.028807 -0.038668 0.248031,
        -0.028807 0.040072 0.248031,
        -0.010488 0.040072 0.248031,
        0.025611 -0.015697 0.248031,
        0.025867 -0.015697 0.248031,
        0.023694 -0.012544 0.248031,
        0.025097 -0.010290 0.248031,
        0.021696 -0.009441 0.248031,
        0.024967 -0.004819 0.248031,
        -0.069558 0.026629 0.248031,
        -0.069558 0.006463 0.248031,
        -0.041291 0.026629 0.248031,
        -0.043211 0.006463 0.248031,
        -0.041291 0.040072 0.248031,
        -0.043211 -0.006980 0.248031,
        -0.069138 -0.006980 0.248031,
        -0.069138 -0.038668 0.248031,
        -0.086422 -0.038668 0.248031,
        -0.086422 0.040072 0.248031,
        -0.041291 0.040072 0.244094,
        -0.041291 0.026629 0.244094,
        -0.069558 0.026629 0.244094,
        -0.069558 0.006463 0.244094,
        -0.043211 0.006463 0.244094,
        -0.043211 -0.006980 0.244094,
        -0.069138 -0.006980 0.244094,
        -0.069138 -0.038668 0.244094,
        -0.086422 -0.038668 0.244094,
        -0.086422 0.040072 0.244094,
        0.041291 0.040072 0.244094,
        0.041291 -0.038668 0.244094,
        0.024081 -0.038668 0.244094,
        -0.009317 0.012270 0.244094,
        -0.013083 0.018677 0.244094,
        -0.011294 0.015419 0.244094,
        -0.013339 0.018677 0.244094,
        -0.012483 0.006119 0.244094,
        -0.012629 0.012419 0.244094,
        -0.012483 -0.038668 0.244094,
        -0.028807 -0.038668 0.244094,
        -0.028807 0.040072 0.244094,
        -0.010488 0.040072 0.244094,
        0.021696 -0.009441 0.244094,
        0.025611 -0.015697 0.244094,
        0.023694 -0.012544 0.244094,
        0.025867 -0.015697 0.244094,
        0.024967 -0.004819 0.244094,
        0.025097 -0.010290 0.244094,
        0.024967 0.040072 0.244094,
        0.084772 0.041032 0.244094,
        0.095064 0.041032 0.244094,
        0.095064 -0.038668 0.244094,
        0.078740 -0.038668 0.244094,
        0.078740 0.022443 0.244094,
        0.060496 0.015106 0.244094,
        0.062581 0.015427 0.244094,
        0.072039 0.018432 0.244094,
        0.060496 0.029134 0.244094,
        0.073184 0.033967 0.244094,
        0.139881 -0.025224 0.244094,
        0.140017 -0.024155 0.244094,
        0.140452 -0.022888 0.244094,
        0.141891 -0.020580 0.244094,
        0.145152 -0.017143 0.244094,
        0.152844 -0.010941 0.244094,
        0.171884 -0.025224 0.244094,
        0.171884 -0.038668 0.244094,
        0.120991 -0.038668 0.244094,
        0.120991 -0.032846 0.244094,
        0.141816 -0.001983 0.244094,
        0.138120 -0.004665 0.244094,
        0.128966 -0.012815 0.244094,
        0.124011 -0.020100 0.244094,
        0.121812 -0.025882 0.244094,
        0.155560 0.017131 0.244094,
        0.155081 0.013359 0.244094,
        0.153720 0.009920 0.244094,
        0.150997 0.006069 0.244094,
        0.144082 0.027589 0.244094,
        0.144450 0.027581 0.244094,
        0.148422 0.027114 0.244094,
        0.150871 0.026225 0.244094,
        0.152469 0.025176 0.244094,
        0.153736 0.023802 0.244094,
        0.154692 0.022087 0.244094,
        0.155328 0.019881 0.244094,
        0.124832 0.019487 0.244094,
        0.131359 0.024162 0.244094,
        0.137688 0.026744 0.244094,
        0.124832 0.034236 0.244094,
        0.133571 0.038720 0.244094,
        0.147233 0.041032 0.244094,
        0.142294 0.040760 0.244094,
        0.154054 0.040417 0.244094,
        0.159548 0.038720 0.244094,
        0.163871 0.036185 0.244094,
        0.167472 0.032680 0.244094,
        0.170003 0.028449 0.244094,
        0.171421 0.023728 0.244094,
        0.171884 0.018512 0.244094,
        0.153154 -0.010712 0.244094,
        0.164465 -0.000952 0.244094,
        0.165141 -0.000157 0.244094,
        0.169325 0.006413 0.244094,
        0.171100 0.011446 0.244094,
        -0.403543 0.433071 0.244094,
        -0.404550 0.440713 0.244094,
        -0.407499 0.447835 0.244094,
        -0.412192 0.453950 0.244094,
        -0.418307 0.458643 0.244094,
        -0.425429 0.461592 0.244094,
        -0.433071 0.462598 0.244094,
        -0.440713 0.461592 0.244094,
        -0.447835 0.458643 0.244094,
        -0.453950 0.453950 0.244094,
        -0.458643 0.447835 0.244094,
        -0.461592 0.440713 0.244094,
        -0.462598 0.433071 0.244094,
        -0.461592 0.425429 0.244094,
        -0.458643 0.418307 0.244094,
        -0.453950 0.412192 0.244094,
        -0.447835 0.407499 0.244094,
        -0.440713 0.404550 0.244094,
        -0.433071 0.403543 0.244094,
        -0.425429 0.404550 0.244094,
        -0.418307 0.407499 0.244094,
        -0.412192 0.412192 0.244094,
        -0.407499 0.418307 0.244094,
        -0.404550 0.425429 0.244094,
        -0.433071 0.433071 0.244094,
      ]
    }
    coordIndex [
      114, 115, 108, -1,
      108, 115, 106, -1,
      115, 116, 106, -1,
      106, 116, 104, -1,
      116, 117, 104, -1,
      104, 117, 105, -1,
      117, 118, 105, -1,
      105, 118, 107, -1,
      118, 119, 107, -1,
      107, 119, 109, -1,
      119, 120, 109, -1,
      109, 120, 110, -1,
      120, 121, 110, -1,
      110, 121, 111, -1,
      121, 122, 111, -1,
      111, 122, 112, -1,
      122, 123, 112, -1,
      112, 123, 113, -1,
      123, 114, 113, -1,
      113, 114, 108, -1,
      122, 121, 123, -1,
      123, 121, 120, -1,
      115, 114, 116, -1,
      116, 114, 123, -1,
      116, 123, 117, -1,
      117, 123, 120, -1,
      117, 120, 118, -1,
      118, 120, 119, -1,
      124, 125, 1, -1,
      1, 125, 86, -1,
      125, 126, 86, -1,
      86, 126, 92, -1,
      126, 127, 92, -1,
      92, 127, 91, -1,
      128, 87, 89, -1,
      128, 89, 129, -1,
      129, 89, 91, -1,
      129, 91, 127, -1,
      128, 130, 87, -1,
      87, 130, 88, -1,
      131, 93, 90, -1,
      131, 90, 132, -1,
      132, 90, 88, -1,
      132, 88, 130, -1,
      131, 133, 93, -1,
      93, 133, 94, -1,
      133, 134, 94, -1,
      94, 134, 95, -1,
      134, 135, 95, -1,
      95, 135, 96, -1,
      135, 136, 96, -1,
      96, 136, 97, -1,
      136, 137, 97, -1,
      97, 137, 102, -1,
      138, 98, 100, -1,
      138, 100, 139, -1,
      139, 100, 102, -1,
      139, 102, 137, -1,
      138, 140, 98, -1,
      98, 140, 99, -1,
      141, 103, 101, -1,
      141, 101, 142, -1,
      142, 101, 99, -1,
      142, 99, 140, -1,
      141, 143, 103, -1,
      103, 143, 0, -1,
      143, 124, 0, -1,
      0, 124, 1, -1,
      124, 143, 125, -1,
      125, 143, 141, -1,
      134, 133, 135, -1,
      135, 133, 131, -1,
      131, 132, 135, -1,
      135, 132, 130, -1,
      135, 130, 136, -1,
      136, 130, 128, -1,
      141, 142, 125, -1,
      125, 142, 140, -1,
      125, 140, 126, -1,
      126, 140, 138, -1,
      138, 139, 126, -1,
      126, 139, 137, -1,
      126, 137, 127, -1,
      127, 137, 136, -1,
      127, 136, 129, -1,
      129, 136, 128, -1,
      144, 145, 60, -1,
      60, 145, 59, -1,
      59, 145, 58, -1,
      58, 145, 146, -1,
      58, 146, 52, -1,
      146, 147, 52, -1,
      52, 147, 51, -1,
      147, 148, 51, -1,
      51, 148, 55, -1,
      149, 49, 53, -1,
      149, 53, 150, -1,
      150, 53, 54, -1,
      150, 54, 151, -1,
      151, 54, 55, -1,
      151, 55, 148, -1,
      149, 152, 49, -1,
      49, 152, 50, -1,
      50, 152, 153, -1,
      144, 60, 57, -1,
      144, 57, 153, -1,
      153, 57, 56, -1,
      153, 56, 50, -1,
      147, 146, 148, -1,
      148, 146, 145, -1,
      145, 144, 148, -1,
      148, 144, 153, -1,
      148, 153, 151, -1,
      151, 153, 152, -1,
      151, 152, 150, -1,
      150, 152, 149, -1,
      154, 38, 37, -1,
      154, 37, 155, -1,
      155, 37, 36, -1,
      155, 36, 156, -1,
      156, 36, 30, -1,
      156, 30, 157, -1,
      157, 30, 29, -1,
      157, 29, 158, -1,
      158, 29, 28, -1,
      158, 28, 159, -1,
      154, 160, 38, -1,
      38, 160, 9, -1,
      160, 161, 9, -1,
      9, 161, 8, -1,
      161, 162, 8, -1,
      8, 162, 7, -1,
      162, 163, 7, -1,
      7, 163, 18, -1,
      164, 15, 14, -1,
      164, 14, 165, -1,
      165, 14, 13, -1,
      165, 13, 166, -1,
      166, 13, 20, -1,
      166, 20, 167, -1,
      167, 20, 19, -1,
      167, 19, 168, -1,
      168, 19, 18, -1,
      168, 18, 163, -1,
      169, 40, 39, -1,
      169, 39, 170, -1,
      170, 39, 35, -1,
      170, 35, 171, -1,
      171, 35, 34, -1,
      171, 34, 172, -1,
      172, 34, 15, -1,
      172, 15, 164, -1,
      173, 31, 25, -1,
      173, 25, 174, -1,
      174, 25, 24, -1,
      174, 24, 175, -1,
      175, 24, 41, -1,
      175, 41, 176, -1,
      176, 41, 43, -1,
      176, 43, 177, -1,
      177, 43, 42, -1,
      177, 42, 178, -1,
      178, 42, 26, -1,
      178, 26, 179, -1,
      179, 26, 27, -1,
      179, 27, 180, -1,
      180, 27, 40, -1,
      180, 40, 169, -1,
      181, 5, 33, -1,
      181, 33, 182, -1,
      182, 33, 32, -1,
      182, 32, 183, -1,
      183, 32, 31, -1,
      183, 31, 173, -1,
      181, 184, 5, -1,
      5, 184, 4, -1,
      4, 184, 185, -1,
      186, 47, 46, -1,
      186, 46, 187, -1,
      187, 46, 45, -1,
      187, 45, 185, -1,
      185, 45, 44, -1,
      185, 44, 4, -1,
      47, 186, 48, -1,
      48, 186, 188, -1,
      48, 188, 61, -1,
      61, 188, 189, -1,
      61, 189, 6, -1,
      6, 189, 190, -1,
      6, 190, 2, -1,
      2, 190, 191, -1,
      2, 191, 3, -1,
      3, 191, 192, -1,
      3, 192, 10, -1,
      10, 192, 193, -1,
      10, 193, 11, -1,
      11, 193, 194, -1,
      11, 194, 12, -1,
      159, 28, 17, -1,
      159, 17, 195, -1,
      195, 17, 16, -1,
      195, 16, 196, -1,
      196, 16, 23, -1,
      196, 23, 197, -1,
      197, 23, 22, -1,
      197, 22, 198, -1,
      198, 22, 21, -1,
      198, 21, 199, -1,
      199, 21, 12, -1,
      199, 12, 194, -1,
      161, 160, 162, -1,
      162, 160, 154, -1,
      171, 198, 170, -1,
      170, 198, 199, -1,
      170, 199, 169, -1,
      169, 199, 194, -1,
      169, 194, 180, -1,
      180, 194, 193, -1,
      180, 193, 179, -1,
      179, 193, 192, -1,
      179, 192, 178, -1,
      178, 192, 191, -1,
      178, 191, 177, -1,
      177, 191, 190, -1,
      177, 190, 176, -1,
      176, 190, 189, -1,
      176, 189, 175, -1,
      175, 189, 188, -1,
      175, 188, 174, -1,
      174, 188, 186, -1,
      174, 186, 173, -1,
      173, 186, 187, -1,
      173, 187, 183, -1,
      183, 187, 185, -1,
      183, 185, 182, -1,
      182, 185, 184, -1,
      182, 184, 181, -1,
      166, 167, 155, -1,
      155, 167, 168, -1,
      155, 168, 154, -1,
      154, 168, 163, -1,
      154, 163, 162, -1,
      155, 156, 166, -1,
      166, 156, 157, -1,
      166, 157, 165, -1,
      165, 157, 158, -1,
      165, 158, 164, -1,
      158, 159, 164, -1,
      164, 159, 195, -1,
      164, 195, 172, -1,
      172, 195, 196, -1,
      172, 196, 171, -1,
      171, 196, 197, -1,
      171, 197, 198, -1,
      200, 62, 201, -1,
      201, 62, 79, -1,
      201, 79, 202, -1,
      202, 79, 78, -1,
      202, 78, 203, -1,
      203, 78, 68, -1,
      203, 68, 204, -1,
      204, 68, 67, -1,
      204, 67, 205, -1,
      205, 67, 85, -1,
      205, 85, 206, -1,
      206, 85, 84, -1,
      206, 84, 207, -1,
      207, 84, 83, -1,
      207, 83, 208, -1,
      208, 83, 82, -1,
      208, 82, 209, -1,
      209, 82, 81, -1,
      209, 81, 210, -1,
      210, 81, 80, -1,
      210, 80, 211, -1,
      211, 80, 77, -1,
      211, 77, 212, -1,
      212, 77, 76, -1,
      212, 76, 213, -1,
      213, 76, 75, -1,
      213, 75, 214, -1,
      214, 75, 74, -1,
      214, 74, 215, -1,
      215, 74, 73, -1,
      215, 73, 216, -1,
      216, 73, 72, -1,
      216, 72, 217, -1,
      217, 72, 66, -1,
      217, 66, 218, -1,
      218, 66, 65, -1,
      218, 65, 219, -1,
      219, 65, 64, -1,
      219, 64, 220, -1,
      220, 64, 71, -1,
      220, 71, 221, -1,
      221, 71, 70, -1,
      221, 70, 222, -1,
      222, 70, 69, -1,
      222, 69, 223, -1,
      223, 69, 63, -1,
      223, 63, 200, -1,
      200, 63, 62, -1,
      222, 223, 224, -1,
      224, 223, 200, -1,
      224, 200, 201, -1,
      219, 220, 224, -1,
      224, 220, 221, -1,
      224, 221, 222, -1,
      216, 217, 224, -1,
      224, 217, 218, -1,
      224, 218, 219, -1,
      213, 214, 224, -1,
      224, 214, 215, -1,
      224, 215, 216, -1,
      210, 211, 224, -1,
      224, 211, 212, -1,
      224, 212, 213, -1,
      207, 208, 224, -1,
      224, 208, 209, -1,
      224, 209, 210, -1,
      204, 205, 224, -1,
      224, 205, 206, -1,
      224, 206, 207, -1,
      201, 202, 224, -1,
      224, 202, 203, -1,
      224, 203, 204, -1,
    ]
  }
}

Shape {
  appearance Appearance {
    material Material {
      diffuseColor 1.0000 1.0000 1.0000
      specularColor 0.8784 0.8784 0.8784
      ambientIntensity 0.2
      transparency 0.0000
      shininess 0.5
    }
  }
  geometry IndexedFaceSet {
    ccw TRUE
    solid FALSE
    coord DEF co Coordinate {
      point [
        -0.004886 -0.015456 0.011811,
        -0.004886 -0.019777 0.011811,
        0.016239 -0.019777 0.011811,
        -0.003926 0.015272 0.011811,
        0.010958 0.015272 0.011811,
        0.010958 0.002309 0.011811,
        0.023921 -0.017737 0.011811,
        0.023921 -0.013415 0.011811,
        0.016239 0.019593 0.011811,
        0.010958 -0.002013 0.011811,
        0.010958 -0.015456 0.011811,
        -0.002965 -0.002013 0.011811,
        -0.002965 0.002309 0.011811,
        0.043422 -0.018441 0.011811,
        0.056570 -0.019777 0.011811,
        0.039606 -0.019754 0.011811,
        0.037069 -0.020017 0.011811,
        0.076735 -0.019777 0.011811,
        0.076735 0.019593 0.011811,
        0.071454 0.019593 0.011811,
        -0.003926 0.019593 0.011811,
        0.037018 0.015317 0.011811,
        0.039965 0.014253 0.011811,
        0.024627 -0.013806 0.011811,
        0.042690 0.012430 0.011811,
        0.045067 0.009806 0.011811,
        0.047928 -0.000512 0.011811,
        0.047529 -0.004774 0.011811,
        0.046459 -0.008161 0.011811,
        0.037699 -0.015524 0.011811,
        0.034026 -0.015936 0.011811,
        0.040567 -0.014468 0.011811,
        0.042983 -0.012839 0.011811,
        0.044831 -0.010891 0.011811,
        0.028800 -0.015356 0.011811,
        0.046690 0.006766 0.011811,
        0.047740 0.002551 0.011811,
        0.045269 0.016323 0.011811,
        0.048824 0.012904 0.011811,
        0.051131 0.009224 0.011811,
        0.046589 -0.016419 0.011811,
        0.049546 -0.013305 0.011811,
        0.056570 -0.015456 0.011811,
        0.051643 -0.009561 0.011811,
        0.071454 -0.015456 0.011811,
        0.052828 -0.005394 0.011811,
        0.053209 -0.000835 0.011811,
        0.052643 0.004763 0.011811,
        0.041530 0.018475 0.011811,
        0.037141 0.019750 0.011811,
        0.033186 0.020073 0.011811,
        0.028473 0.019748 0.011811,
        0.023921 0.018513 0.011811,
        0.023921 0.013231 0.011811,
        0.028356 0.015130 0.011811,
        0.033141 0.015752 0.011811,
        0.034754 -0.020257 0.011811,
        0.033678 -0.020239 0.011811,
        0.032096 -0.020017 0.011811,
        0.028118 -0.019459 0.011811,
        -0.052898 -0.019777 0.011811,
        -0.047137 -0.019777 0.011811,
        -0.042290 -0.008987 0.011811,
        -0.040032 -0.012508 0.011811,
        -0.036792 -0.015611 0.011811,
        -0.032681 -0.018000 0.011811,
        -0.062020 0.019593 0.011811,
        -0.067302 0.019593 0.011811,
        -0.082666 -0.019777 0.011811,
        -0.076904 -0.019777 0.011811,
        -0.072921 -0.008734 0.011811,
        -0.056657 -0.008734 0.011811,
        -0.012568 0.019593 0.011811,
        -0.023678 0.019593 0.011811,
        -0.038299 0.014459 0.011811,
        -0.041083 0.011372 0.011811,
        -0.042913 0.007987 0.011811,
        -0.029366 0.018985 0.011811,
        -0.033972 0.017368 0.011811,
        -0.038257 0.014496 0.011811,
        -0.028144 -0.019352 0.011811,
        -0.023273 -0.019777 0.011811,
        -0.012568 -0.019777 0.011811,
        -0.043970 0.004107 0.011811,
        -0.044256 0.000403 0.011811,
        -0.043704 -0.004866 0.011811,
        -0.067302 0.019593 0.015748,
        -0.082666 -0.019777 0.015748,
        -0.076904 -0.019777 0.015748,
        -0.072921 -0.008734 0.015748,
        -0.056657 -0.008734 0.015748,
        -0.052898 -0.019777 0.015748,
        -0.047137 -0.019777 0.015748,
        -0.062020 0.019593 0.015748,
        -0.057985 -0.004413 0.015748,
        -0.071150 -0.004413 0.015748,
        -0.063859 0.012031 0.015748,
        -0.064237 0.013396 0.015748,
        -0.064489 0.014792 0.015748,
        -0.064616 0.014792 0.015748,
        -0.064873 0.013401 0.015748,
        -0.065224 0.012031 0.015748,
        -0.057985 -0.004413 0.011811,
        -0.071150 -0.004413 0.011811,
        -0.063859 0.012031 0.011811,
        -0.064237 0.013396 0.011811,
        -0.064489 0.014792 0.011811,
        -0.064616 0.014792 0.011811,
        -0.064873 0.013401 0.011811,
        -0.065224 0.012031 0.011811,
        -0.023273 -0.019777 0.015748,
        -0.012568 -0.019777 0.015748,
        -0.012568 0.019593 0.015748,
        -0.023678 0.019593 0.015748,
        -0.044256 0.000403 0.015748,
        -0.043970 0.004107 0.015748,
        -0.042913 0.007987 0.015748,
        -0.041083 0.011372 0.015748,
        -0.038299 0.014459 0.015748,
        -0.038257 0.014496 0.015748,
        -0.033972 0.017368 0.015748,
        -0.029366 0.018985 0.015748,
        -0.028144 -0.019352 0.015748,
        -0.032681 -0.018000 0.015748,
        -0.036792 -0.015611 0.015748,
        -0.040032 -0.012508 0.015748,
        -0.042290 -0.008987 0.015748,
        -0.043704 -0.004866 0.015748,
        -0.036354 0.009751 0.015748,
        -0.034441 0.011781 0.015748,
        -0.031565 0.013639 0.015748,
        -0.028316 0.014777 0.015748,
        -0.023656 0.015272 0.015748,
        -0.017849 0.015272 0.015748,
        -0.017849 -0.015456 0.015748,
        -0.023438 -0.015456 0.015748,
        -0.027592 -0.015069 0.015748,
        -0.030905 -0.014035 0.015748,
        -0.033590 -0.012441 0.015748,
        -0.035798 -0.010260 0.015748,
        -0.037459 -0.007545 0.015748,
        -0.038613 -0.003844 0.015748,
        -0.038975 0.000291 0.015748,
        -0.038640 0.004209 0.015748,
        -0.037721 0.007323 0.015748,
        -0.023656 0.015272 0.011811,
        -0.017849 0.015272 0.011811,
        -0.028316 0.014777 0.011811,
        -0.031565 0.013639 0.011811,
        -0.034441 0.011781 0.011811,
        -0.036354 0.009751 0.011811,
        -0.037721 0.007323 0.011811,
        -0.038640 0.004209 0.011811,
        -0.038975 0.000291 0.011811,
        -0.038613 -0.003844 0.011811,
        -0.037459 -0.007545 0.011811,
        -0.035798 -0.010260 0.011811,
        -0.033590 -0.012441 0.011811,
        -0.030905 -0.014035 0.011811,
        -0.027592 -0.015069 0.011811,
        -0.023438 -0.015456 0.011811,
        -0.017849 -0.015456 0.011811,
        -0.004886 -0.015456 0.015748,
        -0.004886 -0.019777 0.015748,
        0.016239 -0.019777 0.015748,
        0.016239 0.019593 0.015748,
        -0.003926 0.019593 0.015748,
        -0.003926 0.015272 0.015748,
        0.010958 0.015272 0.015748,
        0.010958 0.002309 0.015748,
        -0.002965 0.002309 0.015748,
        -0.002965 -0.002013 0.015748,
        0.010958 -0.002013 0.015748,
        0.010958 -0.015456 0.015748,
        0.023921 -0.013415 0.015748,
        0.023921 -0.017737 0.015748,
        0.028118 -0.019459 0.015748,
        0.034754 -0.020257 0.015748,
        0.033678 -0.020239 0.015748,
        0.053209 -0.000835 0.015748,
        0.052828 -0.005394 0.015748,
        0.051643 -0.009561 0.015748,
        0.049546 -0.013305 0.015748,
        0.046589 -0.016419 0.015748,
        0.043422 -0.018441 0.015748,
        0.039606 -0.019754 0.015748,
        0.033186 0.020073 0.015748,
        0.037141 0.019750 0.015748,
        0.041530 0.018475 0.015748,
        0.045269 0.016323 0.015748,
        0.048824 0.012904 0.015748,
        0.051131 0.009224 0.015748,
        0.052643 0.004763 0.015748,
        0.023921 0.018513 0.015748,
        0.028473 0.019748 0.015748,
        0.023921 0.013231 0.015748,
        0.033141 0.015752 0.015748,
        0.028356 0.015130 0.015748,
        0.047928 -0.000512 0.015748,
        0.047740 0.002551 0.015748,
        0.046690 0.006766 0.015748,
        0.045067 0.009806 0.015748,
        0.042690 0.012430 0.015748,
        0.039965 0.014253 0.015748,
        0.037018 0.015317 0.015748,
        0.034026 -0.015936 0.015748,
        0.037699 -0.015524 0.015748,
        0.040567 -0.014468 0.015748,
        0.042983 -0.012839 0.015748,
        0.044831 -0.010891 0.015748,
        0.046459 -0.008161 0.015748,
        0.047529 -0.004774 0.015748,
        0.024627 -0.013806 0.015748,
        0.028800 -0.015356 0.015748,
        0.056570 -0.015456 0.015748,
        0.056570 -0.019777 0.015748,
        0.076735 -0.019777 0.015748,
        0.076735 0.019593 0.015748,
        0.071454 0.019593 0.015748,
        0.071454 -0.015456 0.015748,
      ]
    }
    coordIndex [
      86, 87, 67, -1,
      67, 87, 68, -1,
      87, 88, 68, -1,
      68, 88, 69, -1,
      88, 89, 69, -1,
      69, 89, 70, -1,
      89, 90, 70, -1,
      70, 90, 71, -1,
      90, 91, 71, -1,
      71, 91, 60, -1,
      91, 92, 60, -1,
      60, 92, 61, -1,
      92, 93, 61, -1,
      61, 93, 66, -1,
      93, 86, 66, -1,
      66, 86, 67, -1,
      94, 90, 95, -1,
      95, 90, 89, -1,
      96, 93, 94, -1,
      94, 93, 92, -1,
      94, 92, 90, -1,
      90, 92, 91, -1,
      96, 97, 93, -1,
      93, 97, 98, -1,
      93, 98, 86, -1,
      86, 98, 99, -1,
      86, 99, 100, -1,
      100, 101, 86, -1,
      86, 101, 95, -1,
      86, 95, 87, -1,
      87, 95, 89, -1,
      87, 89, 88, -1,
      94, 95, 102, -1,
      102, 95, 103, -1,
      96, 94, 104, -1,
      104, 94, 102, -1,
      96, 104, 105, -1,
      96, 105, 97, -1,
      97, 105, 106, -1,
      97, 106, 98, -1,
      99, 98, 107, -1,
      107, 98, 106, -1,
      99, 107, 108, -1,
      99, 108, 100, -1,
      100, 108, 109, -1,
      100, 109, 101, -1,
      95, 101, 103, -1,
      103, 101, 109, -1,
      110, 111, 81, -1,
      81, 111, 82, -1,
      111, 112, 82, -1,
      82, 112, 72, -1,
      112, 113, 72, -1,
      72, 113, 73, -1,
      114, 84, 83, -1,
      114, 83, 115, -1,
      115, 83, 76, -1,
      115, 76, 116, -1,
      116, 76, 75, -1,
      116, 75, 117, -1,
      117, 75, 74, -1,
      117, 74, 118, -1,
      118, 74, 79, -1,
      118, 79, 119, -1,
      119, 79, 78, -1,
      119, 78, 120, -1,
      120, 78, 77, -1,
      120, 77, 121, -1,
      121, 77, 73, -1,
      121, 73, 113, -1,
      110, 81, 80, -1,
      110, 80, 122, -1,
      122, 80, 65, -1,
      122, 65, 123, -1,
      123, 65, 64, -1,
      123, 64, 124, -1,
      124, 64, 63, -1,
      124, 63, 125, -1,
      125, 63, 62, -1,
      125, 62, 126, -1,
      126, 62, 85, -1,
      126, 85, 127, -1,
      127, 85, 84, -1,
      127, 84, 114, -1,
      116, 117, 128, -1,
      128, 117, 118, -1,
      128, 118, 129, -1,
      129, 118, 119, -1,
      129, 119, 130, -1,
      130, 119, 120, -1,
      130, 120, 131, -1,
      131, 120, 121, -1,
      131, 121, 132, -1,
      132, 121, 113, -1,
      132, 113, 133, -1,
      133, 113, 112, -1,
      133, 112, 134, -1,
      134, 112, 111, -1,
      134, 111, 135, -1,
      135, 111, 110, -1,
      135, 110, 136, -1,
      136, 110, 122, -1,
      136, 122, 137, -1,
      137, 122, 123, -1,
      137, 123, 138, -1,
      138, 123, 124, -1,
      138, 124, 139, -1,
      139, 124, 125, -1,
      139, 125, 140, -1,
      140, 125, 126, -1,
      140, 126, 141, -1,
      141, 126, 127, -1,
      141, 127, 142, -1,
      142, 127, 114, -1,
      142, 114, 143, -1,
      143, 114, 115, -1,
      143, 115, 144, -1,
      144, 115, 116, -1,
      144, 116, 128, -1,
      132, 133, 145, -1,
      145, 133, 146, -1,
      132, 145, 147, -1,
      132, 147, 131, -1,
      131, 147, 148, -1,
      131, 148, 130, -1,
      130, 148, 149, -1,
      130, 149, 129, -1,
      129, 149, 150, -1,
      129, 150, 128, -1,
      128, 150, 151, -1,
      128, 151, 144, -1,
      144, 151, 152, -1,
      144, 152, 143, -1,
      143, 152, 153, -1,
      143, 153, 142, -1,
      142, 153, 154, -1,
      142, 154, 141, -1,
      141, 154, 155, -1,
      141, 155, 140, -1,
      140, 155, 156, -1,
      140, 156, 139, -1,
      139, 156, 157, -1,
      139, 157, 138, -1,
      138, 157, 158, -1,
      138, 158, 137, -1,
      137, 158, 159, -1,
      137, 159, 136, -1,
      136, 159, 160, -1,
      136, 160, 135, -1,
      134, 135, 161, -1,
      161, 135, 160, -1,
      133, 134, 146, -1,
      146, 134, 161, -1,
      162, 163, 0, -1,
      0, 163, 1, -1,
      163, 164, 1, -1,
      1, 164, 2, -1,
      164, 165, 2, -1,
      2, 165, 8, -1,
      165, 166, 8, -1,
      8, 166, 20, -1,
      166, 167, 20, -1,
      20, 167, 3, -1,
      167, 168, 3, -1,
      3, 168, 4, -1,
      168, 169, 4, -1,
      4, 169, 5, -1,
      169, 170, 5, -1,
      5, 170, 12, -1,
      170, 171, 12, -1,
      12, 171, 11, -1,
      171, 172, 11, -1,
      11, 172, 9, -1,
      172, 173, 9, -1,
      9, 173, 10, -1,
      173, 162, 10, -1,
      10, 162, 0, -1,
      164, 163, 162, -1,
      162, 173, 164, -1,
      164, 173, 172, -1,
      164, 172, 165, -1,
      167, 166, 168, -1,
      168, 166, 165, -1,
      168, 165, 169, -1,
      169, 165, 172, -1,
      169, 172, 170, -1,
      170, 172, 171, -1,
      174, 175, 7, -1,
      7, 175, 6, -1,
      6, 175, 176, -1,
      177, 56, 57, -1,
      177, 57, 178, -1,
      178, 57, 58, -1,
      178, 58, 176, -1,
      176, 58, 59, -1,
      176, 59, 6, -1,
      179, 46, 45, -1,
      179, 45, 180, -1,
      180, 45, 43, -1,
      180, 43, 181, -1,
      181, 43, 41, -1,
      181, 41, 182, -1,
      182, 41, 40, -1,
      182, 40, 183, -1,
      183, 40, 13, -1,
      183, 13, 184, -1,
      184, 13, 15, -1,
      184, 15, 185, -1,
      185, 15, 177, -1,
      177, 15, 16, -1,
      177, 16, 56, -1,
      186, 50, 49, -1,
      186, 49, 187, -1,
      187, 49, 48, -1,
      187, 48, 188, -1,
      188, 48, 37, -1,
      188, 37, 189, -1,
      189, 37, 38, -1,
      189, 38, 190, -1,
      190, 38, 39, -1,
      190, 39, 191, -1,
      191, 39, 47, -1,
      191, 47, 192, -1,
      192, 47, 46, -1,
      192, 46, 179, -1,
      193, 52, 51, -1,
      193, 51, 194, -1,
      194, 51, 50, -1,
      194, 50, 186, -1,
      193, 195, 52, -1,
      52, 195, 53, -1,
      196, 55, 54, -1,
      196, 54, 197, -1,
      197, 54, 53, -1,
      197, 53, 195, -1,
      198, 26, 36, -1,
      198, 36, 199, -1,
      199, 36, 35, -1,
      199, 35, 200, -1,
      200, 35, 25, -1,
      200, 25, 201, -1,
      201, 25, 24, -1,
      201, 24, 202, -1,
      202, 24, 22, -1,
      202, 22, 203, -1,
      203, 22, 21, -1,
      203, 21, 204, -1,
      204, 21, 55, -1,
      204, 55, 196, -1,
      205, 30, 29, -1,
      205, 29, 206, -1,
      206, 29, 31, -1,
      206, 31, 207, -1,
      207, 31, 32, -1,
      207, 32, 208, -1,
      208, 32, 33, -1,
      208, 33, 209, -1,
      209, 33, 28, -1,
      209, 28, 210, -1,
      210, 28, 27, -1,
      210, 27, 211, -1,
      211, 27, 26, -1,
      211, 26, 198, -1,
      174, 7, 23, -1,
      174, 23, 212, -1,
      212, 23, 34, -1,
      212, 34, 213, -1,
      213, 34, 30, -1,
      213, 30, 205, -1,
      206, 177, 205, -1,
      205, 177, 178, -1,
      205, 178, 213, -1,
      213, 178, 176, -1,
      213, 176, 212, -1,
      212, 176, 175, -1,
      212, 175, 174, -1,
      195, 193, 197, -1,
      197, 193, 194, -1,
      197, 194, 196, -1,
      196, 194, 186, -1,
      196, 186, 204, -1,
      204, 186, 187, -1,
      204, 187, 203, -1,
      203, 187, 188, -1,
      203, 188, 202, -1,
      202, 188, 189, -1,
      202, 189, 201, -1,
      201, 189, 190, -1,
      201, 190, 200, -1,
      200, 190, 191, -1,
      200, 191, 199, -1,
      199, 191, 192, -1,
      199, 192, 198, -1,
      198, 192, 179, -1,
      198, 179, 211, -1,
      211, 179, 180, -1,
      211, 180, 210, -1,
      210, 180, 181, -1,
      210, 181, 209, -1,
      209, 181, 182, -1,
      209, 182, 208, -1,
      208, 182, 183, -1,
      208, 183, 207, -1,
      207, 183, 184, -1,
      207, 184, 206, -1,
      206, 184, 185, -1,
      206, 185, 177, -1,
      214, 215, 42, -1,
      42, 215, 14, -1,
      215, 216, 14, -1,
      14, 216, 17, -1,
      216, 217, 17, -1,
      17, 217, 18, -1,
      217, 218, 18, -1,
      18, 218, 19, -1,
      218, 219, 19, -1,
      19, 219, 44, -1,
      219, 214, 44, -1,
      44, 214, 42, -1,
      218, 217, 219, -1,
      219, 217, 216, -1,
      219, 216, 214, -1,
      214, 216, 215, -1,
    ]
  }
}

Shape {
  appearance Appearance {
    material Material {
      diffuseColor 0.2510 0.2510 0.2510
      specularColor 0.0745 0.0745 0.0745
      ambientIntensity 0.2
      transparency 0.0000
      shininess 0.5
    }
  }
  geometry IndexedFaceSet {
    ccw TRUE
    solid FALSE
    coord DEF co Coordinate {
      point [
        -0.057985 -0.004413 0.011811,
        -0.071150 -0.004413 0.011811,
        -0.063859 0.012031 0.011811,
        -0.064237 0.013396 0.011811,
        -0.064489 0.014792 0.011811,
        -0.064616 0.014792 0.011811,
        -0.064873 0.013401 0.011811,
        -0.065224 0.012031 0.011811,
        -0.023656 0.015272 0.011811,
        -0.017849 0.015272 0.011811,
        -0.028316 0.014777 0.011811,
        -0.031565 0.013639 0.011811,
        -0.034441 0.011781 0.011811,
        -0.036354 0.009751 0.011811,
        -0.037721 0.007323 0.011811,
        -0.038640 0.004209 0.011811,
        -0.038975 0.000291 0.011811,
        -0.038613 -0.003844 0.011811,
        -0.037459 -0.007545 0.011811,
        -0.035798 -0.010260 0.011811,
        -0.033590 -0.012441 0.011811,
        -0.030905 -0.014035 0.011811,
        -0.027592 -0.015069 0.011811,
        -0.023438 -0.015456 0.011811,
        -0.017849 -0.015456 0.011811,
      ]
    }
    coordIndex [
      0, 1, 2, -1,
      2, 1, 7, -1,
      2, 7, 3, -1,
      3, 7, 6, -1,
      3, 6, 4, -1,
      4, 6, 5, -1,
      9, 24, 8, -1,
      8, 24, 23, -1,
      8, 23, 22, -1,
      16, 15, 8, -1,
      8, 15, 14, -1,
      8, 14, 10, -1,
      22, 21, 8, -1,
      8, 21, 20, -1,
      8, 20, 19, -1,
      19, 18, 8, -1,
      8, 18, 17, -1,
      8, 17, 16, -1,
      13, 12, 14, -1,
      14, 12, 11, -1,
      14, 11, 10, -1,
    ]
  }
}

Shape {
  appearance Appearance {
    material Material {
      diffuseColor 0.7686 0.7686 0.7686
      specularColor 0.6157 0.6157 0.6157
      ambientIntensity 0.2
      transparency 0.0000
      shininess 0.5
    }
  }
  geometry IndexedFaceSet {
    ccw TRUE
    solid FALSE
    coord DEF co Coordinate {
      point [
        -0.167323 -0.437008 0.082677,
        -0.167323 -0.496063 0.082677,
        -0.167323 -0.437008 0.003937,
        -0.167323 -0.496063 0.003937,
        -0.167689 -0.431647 0.003937,
        -0.167689 -0.431647 0.082677,
        -0.168783 -0.426386 0.003937,
        -0.168783 -0.426386 0.082677,
        -0.170582 -0.421323 0.003937,
        -0.170582 -0.421323 0.082677,
        -0.173054 -0.416552 0.003937,
        -0.173054 -0.416552 0.082677,
        -0.176153 -0.412162 0.003937,
        -0.176153 -0.412162 0.082677,
        -0.179821 -0.408235 0.003937,
        -0.179821 -0.408235 0.082677,
        -0.183989 -0.404844 0.003937,
        -0.183989 -0.404844 0.082677,
        -0.188580 -0.402052 0.003937,
        -0.188580 -0.402052 0.082677,
        -0.193509 -0.399911 0.003937,
        -0.193509 -0.399911 0.082677,
        -0.198683 -0.398461 0.003937,
        -0.198683 -0.398461 0.082677,
        -0.204006 -0.397730 0.003937,
        -0.204006 -0.397730 0.082677,
        -0.209380 -0.397730 0.003937,
        -0.209380 -0.397730 0.082677,
        -0.214703 -0.398461 0.003937,
        -0.214703 -0.398461 0.082677,
        -0.219877 -0.399911 0.003937,
        -0.219877 -0.399911 0.082677,
        -0.224806 -0.402052 0.003937,
        -0.224806 -0.402052 0.082677,
        -0.229397 -0.404844 0.003937,
        -0.229397 -0.404844 0.082677,
        -0.233565 -0.408235 0.003937,
        -0.233565 -0.408235 0.082677,
        -0.237233 -0.412162 0.003937,
        -0.237233 -0.412162 0.082677,
        -0.240331 -0.416552 0.003937,
        -0.240331 -0.416552 0.082677,
        -0.242804 -0.421323 0.003937,
        -0.242804 -0.421323 0.082677,
        -0.244603 -0.426386 0.003937,
        -0.244603 -0.426386 0.082677,
        -0.245696 -0.431647 0.003937,
        -0.245696 -0.431647 0.082677,
        -0.246063 -0.437008 0.003937,
        -0.246063 -0.437008 0.082677,
        -0.246063 -0.496063 0.082677,
        -0.246063 -0.496063 0.003937,
        0.029528 -0.437008 0.082677,
        0.029528 -0.496063 0.082677,
        0.029528 -0.437008 0.003937,
        0.029528 -0.496063 0.003937,
        0.029161 -0.431647 0.003937,
        0.029161 -0.431647 0.082677,
        0.028068 -0.426386 0.003937,
        0.028068 -0.426386 0.082677,
        0.026268 -0.421323 0.003937,
        0.026268 -0.421323 0.082677,
        0.023796 -0.416552 0.003937,
        0.023796 -0.416552 0.082677,
        0.020697 -0.412162 0.003937,
        0.020697 -0.412162 0.082677,
        0.017030 -0.408235 0.003937,
        0.017030 -0.408235 0.082677,
        0.012861 -0.404844 0.003937,
        0.012861 -0.404844 0.082677,
        0.008270 -0.402052 0.003937,
        0.008270 -0.402052 0.082677,
        0.003342 -0.399911 0.003937,
        0.003342 -0.399911 0.082677,
        -0.001832 -0.398461 0.003937,
        -0.001832 -0.398461 0.082677,
        -0.007156 -0.397730 0.003937,
        -0.007156 -0.397730 0.082677,
        -0.012529 -0.397730 0.003937,
        -0.012529 -0.397730 0.082677,
        -0.017853 -0.398461 0.003937,
        -0.017853 -0.398461 0.082677,
        -0.023027 -0.399911 0.003937,
        -0.023027 -0.399911 0.082677,
        -0.027956 -0.402052 0.003937,
        -0.027956 -0.402052 0.082677,
        -0.032546 -0.404844 0.003937,
        -0.032546 -0.404844 0.082677,
        -0.036715 -0.408235 0.003937,
        -0.036715 -0.408235 0.082677,
        -0.040382 -0.412162 0.003937,
        -0.040382 -0.412162 0.082677,
        -0.043481 -0.416552 0.003937,
        -0.043481 -0.416552 0.082677,
        -0.045953 -0.421323 0.003937,
        -0.045953 -0.421323 0.082677,
        -0.047753 -0.426386 0.003937,
        -0.047753 -0.426386 0.082677,
        -0.048846 -0.431647 0.003937,
        -0.048846 -0.431647 0.082677,
        -0.049213 -0.437008 0.003937,
        -0.049213 -0.437008 0.082677,
        -0.049213 -0.496063 0.082677,
        -0.049213 -0.496063 0.003937,
        0.226378 -0.437008 0.082677,
        0.226378 -0.496063 0.082677,
        0.226378 -0.437008 0.003937,
        0.226378 -0.496063 0.003937,
        0.226011 -0.431647 0.003937,
        0.226011 -0.431647 0.082677,
        0.224918 -0.426386 0.003937,
        0.224918 -0.426386 0.082677,
        0.223119 -0.421323 0.003937,
        0.223119 -0.421323 0.082677,
        0.220646 -0.416552 0.003937,
        0.220646 -0.416552 0.082677,
        0.217548 -0.412162 0.003937,
        0.217548 -0.412162 0.082677,
        0.213880 -0.408235 0.003937,
        0.213880 -0.408235 0.082677,
        0.209712 -0.404844 0.003937,
        0.209712 -0.404844 0.082677,
        0.205121 -0.402052 0.003937,
        0.205121 -0.402052 0.082677,
        0.200192 -0.399911 0.003937,
        0.200192 -0.399911 0.082677,
        0.195018 -0.398461 0.003937,
        0.195018 -0.398461 0.082677,
        0.189694 -0.397730 0.003937,
        0.189694 -0.397730 0.082677,
        0.184321 -0.397730 0.003937,
        0.184321 -0.397730 0.082677,
        0.178998 -0.398461 0.003937,
        0.178998 -0.398461 0.082677,
        0.173824 -0.399911 0.003937,
        0.173824 -0.399911 0.082677,
        0.168895 -0.402052 0.003937,
        0.168895 -0.402052 0.082677,
        0.164304 -0.404844 0.003937,
        0.164304 -0.404844 0.082677,
        0.160136 -0.408235 0.003937,
        0.160136 -0.408235 0.082677,
        0.156468 -0.412162 0.003937,
        0.156468 -0.412162 0.082677,
        0.153369 -0.416552 0.003937,
        0.153369 -0.416552 0.082677,
        0.150897 -0.421323 0.003937,
        0.150897 -0.421323 0.082677,
        0.149098 -0.426386 0.003937,
        0.149098 -0.426386 0.082677,
        0.148004 -0.431647 0.003937,
        0.148004 -0.431647 0.082677,
        0.147638 -0.437008 0.003937,
        0.147638 -0.437008 0.082677,
        0.147638 -0.496063 0.082677,
        0.147638 -0.496063 0.003937,
        -0.167323 0.437008 0.003937,
        -0.167323 0.496063 0.003937,
        -0.167323 0.437008 0.082677,
        -0.167323 0.496063 0.082677,
        -0.167689 0.431647 0.082677,
        -0.167689 0.431647 0.003937,
        -0.168783 0.426386 0.082677,
        -0.168783 0.426386 0.003937,
        -0.170582 0.421323 0.082677,
        -0.170582 0.421323 0.003937,
        -0.173054 0.416552 0.082677,
        -0.173054 0.416552 0.003937,
        -0.176153 0.412162 0.082677,
        -0.176153 0.412162 0.003937,
        -0.179821 0.408235 0.082677,
        -0.179821 0.408235 0.003937,
        -0.183989 0.404844 0.082677,
        -0.183989 0.404844 0.003937,
        -0.188580 0.402052 0.082677,
        -0.188580 0.402052 0.003937,
        -0.193509 0.399911 0.082677,
        -0.193509 0.399911 0.003937,
        -0.198683 0.398461 0.082677,
        -0.198683 0.398461 0.003937,
        -0.204006 0.397730 0.082677,
        -0.204006 0.397730 0.003937,
        -0.209380 0.397730 0.082677,
        -0.209380 0.397730 0.003937,
        -0.214703 0.398461 0.082677,
        -0.214703 0.398461 0.003937,
        -0.219877 0.399911 0.082677,
        -0.219877 0.399911 0.003937,
        -0.224806 0.402052 0.082677,
        -0.224806 0.402052 0.003937,
        -0.229397 0.404844 0.082677,
        -0.229397 0.404844 0.003937,
        -0.233565 0.408235 0.082677,
        -0.233565 0.408235 0.003937,
        -0.237233 0.412162 0.082677,
        -0.237233 0.412162 0.003937,
        -0.240331 0.416552 0.082677,
        -0.240331 0.416552 0.003937,
        -0.242804 0.421323 0.082677,
        -0.242804 0.421323 0.003937,
        -0.244603 0.426386 0.082677,
        -0.244603 0.426386 0.003937,
        -0.245696 0.431647 0.082677,
        -0.245696 0.431647 0.003937,
        -0.246063 0.437008 0.082677,
        -0.246063 0.437008 0.003937,
        -0.246063 0.496063 0.003937,
        -0.246063 0.496063 0.082677,
        0.029528 0.437008 0.003937,
        0.029528 0.496063 0.003937,
        0.029528 0.437008 0.082677,
        0.029528 0.496063 0.082677,
        0.029161 0.431647 0.082677,
        0.029161 0.431647 0.003937,
        0.028068 0.426386 0.082677,
        0.028068 0.426386 0.003937,
        0.026268 0.421323 0.082677,
        0.026268 0.421323 0.003937,
        0.023796 0.416552 0.082677,
        0.023796 0.416552 0.003937,
        0.020697 0.412162 0.082677,
        0.020697 0.412162 0.003937,
        0.017030 0.408235 0.082677,
        0.017030 0.408235 0.003937,
        0.012861 0.404844 0.082677,
        0.012861 0.404844 0.003937,
        0.008270 0.402052 0.082677,
        0.008270 0.402052 0.003937,
        0.003342 0.399911 0.082677,
        0.003342 0.399911 0.003937,
        -0.001832 0.398461 0.082677,
        -0.001832 0.398461 0.003937,
        -0.007156 0.397730 0.082677,
        -0.007156 0.397730 0.003937,
        -0.012529 0.397730 0.082677,
        -0.012529 0.397730 0.003937,
        -0.017853 0.398461 0.082677,
        -0.017853 0.398461 0.003937,
        -0.023027 0.399911 0.082677,
        -0.023027 0.399911 0.003937,
        -0.027956 0.402052 0.082677,
        -0.027956 0.402052 0.003937,
        -0.032546 0.404844 0.082677,
        -0.032546 0.404844 0.003937,
        -0.036715 0.408235 0.082677,
        -0.036715 0.408235 0.003937,
        -0.040382 0.412162 0.082677,
        -0.040382 0.412162 0.003937,
        -0.043481 0.416552 0.082677,
        -0.043481 0.416552 0.003937,
        -0.045953 0.421323 0.082677,
        -0.045953 0.421323 0.003937,
        -0.047753 0.426386 0.082677,
        -0.047753 0.426386 0.003937,
        -0.048846 0.431647 0.082677,
        -0.048846 0.431647 0.003937,
        -0.049213 0.437008 0.082677,
        -0.049213 0.437008 0.003937,
        -0.049213 0.496063 0.003937,
        -0.049213 0.496063 0.082677,
        0.226378 0.437008 0.003937,
        0.226378 0.496063 0.003937,
        0.226378 0.437008 0.082677,
        0.226378 0.496063 0.082677,
        0.226011 0.431647 0.082677,
        0.226011 0.431647 0.003937,
        0.224918 0.426386 0.082677,
        0.224918 0.426386 0.003937,
        0.223119 0.421323 0.082677,
        0.223119 0.421323 0.003937,
        0.220646 0.416552 0.082677,
        0.220646 0.416552 0.003937,
        0.217548 0.412162 0.082677,
        0.217548 0.412162 0.003937,
        0.213880 0.408235 0.082677,
        0.213880 0.408235 0.003937,
        0.209712 0.404844 0.082677,
        0.209712 0.404844 0.003937,
        0.205121 0.402052 0.082677,
        0.205121 0.402052 0.003937,
        0.200192 0.399911 0.082677,
        0.200192 0.399911 0.003937,
        0.195018 0.398461 0.082677,
        0.195018 0.398461 0.003937,
        0.189694 0.397730 0.082677,
        0.189694 0.397730 0.003937,
        0.184321 0.397730 0.082677,
        0.184321 0.397730 0.003937,
        0.178998 0.398461 0.082677,
        0.178998 0.398461 0.003937,
        0.173824 0.399911 0.082677,
        0.173824 0.399911 0.003937,
        0.168895 0.402052 0.082677,
        0.168895 0.402052 0.003937,
        0.164304 0.404844 0.082677,
        0.164304 0.404844 0.003937,
        0.160136 0.408235 0.082677,
        0.160136 0.408235 0.003937,
        0.156468 0.412162 0.082677,
        0.156468 0.412162 0.003937,
        0.153369 0.416552 0.082677,
        0.153369 0.416552 0.003937,
        0.150897 0.421323 0.082677,
        0.150897 0.421323 0.003937,
        0.149098 0.426386 0.082677,
        0.149098 0.426386 0.003937,
        0.148004 0.431647 0.082677,
        0.148004 0.431647 0.003937,
        0.147638 0.437008 0.082677,
        0.147638 0.437008 0.003937,
        0.147638 0.496063 0.003937,
        0.147638 0.496063 0.082677,
        0.437008 0.246063 0.082677,
        0.496063 0.246063 0.082677,
        0.437008 0.246063 0.003937,
        0.496063 0.246063 0.003937,
        0.431647 0.245696 0.003937,
        0.431647 0.245696 0.082677,
        0.426386 0.244603 0.003937,
        0.426386 0.244603 0.082677,
        0.421323 0.242804 0.003937,
        0.421323 0.242804 0.082677,
        0.416552 0.240331 0.003937,
        0.416552 0.240331 0.082677,
        0.412162 0.237233 0.003937,
        0.412162 0.237233 0.082677,
        0.408235 0.233565 0.003937,
        0.408235 0.233565 0.082677,
        0.404844 0.229397 0.003937,
        0.404844 0.229397 0.082677,
        0.402052 0.224806 0.003937,
        0.402052 0.224806 0.082677,
        0.399911 0.219877 0.003937,
        0.399911 0.219877 0.082677,
        0.398461 0.214703 0.003937,
        0.398461 0.214703 0.082677,
        0.397730 0.209380 0.003937,
        0.397730 0.209380 0.082677,
        0.397730 0.204006 0.003937,
        0.397730 0.204006 0.082677,
        0.398461 0.198683 0.003937,
        0.398461 0.198683 0.082677,
        0.399911 0.193509 0.003937,
        0.399911 0.193509 0.082677,
        0.402052 0.188580 0.003937,
        0.402052 0.188580 0.082677,
        0.404844 0.183989 0.003937,
        0.404844 0.183989 0.082677,
        0.408235 0.179821 0.003937,
        0.408235 0.179821 0.082677,
        0.412162 0.176153 0.003937,
        0.412162 0.176153 0.082677,
        0.416552 0.173054 0.003937,
        0.416552 0.173054 0.082677,
        0.421323 0.170582 0.003937,
        0.421323 0.170582 0.082677,
        0.426386 0.168783 0.003937,
        0.426386 0.168783 0.082677,
        0.431647 0.167689 0.003937,
        0.431647 0.167689 0.082677,
        0.437008 0.167323 0.003937,
        0.437008 0.167323 0.082677,
        0.496063 0.167323 0.082677,
        0.496063 0.167323 0.003937,
        0.437008 0.049213 0.082677,
        0.496063 0.049213 0.082677,
        0.437008 0.049213 0.003937,
        0.496063 0.049213 0.003937,
        0.431647 0.048846 0.003937,
        0.431647 0.048846 0.082677,
        0.426386 0.047753 0.003937,
        0.426386 0.047753 0.082677,
        0.421323 0.045953 0.003937,
        0.421323 0.045953 0.082677,
        0.416552 0.043481 0.003937,
        0.416552 0.043481 0.082677,
        0.412162 0.040382 0.003937,
        0.412162 0.040382 0.082677,
        0.408235 0.036715 0.003937,
        0.408235 0.036715 0.082677,
        0.404844 0.032546 0.003937,
        0.404844 0.032546 0.082677,
        0.402052 0.027956 0.003937,
        0.402052 0.027956 0.082677,
        0.399911 0.023027 0.003937,
        0.399911 0.023027 0.082677,
        0.398461 0.017853 0.003937,
        0.398461 0.017853 0.082677,
        0.397730 0.012529 0.003937,
        0.397730 0.012529 0.082677,
        0.397730 0.007156 0.003937,
        0.397730 0.007156 0.082677,
        0.398461 0.001832 0.003937,
        0.398461 0.001832 0.082677,
        0.399911 -0.003342 0.003937,
        0.399911 -0.003342 0.082677,
        0.402052 -0.008270 0.003937,
        0.402052 -0.008270 0.082677,
        0.404844 -0.012861 0.003937,
        0.404844 -0.012861 0.082677,
        0.408235 -0.017030 0.003937,
        0.408235 -0.017030 0.082677,
        0.412162 -0.020697 0.003937,
        0.412162 -0.020697 0.082677,
        0.416552 -0.023796 0.003937,
        0.416552 -0.023796 0.082677,
        0.421323 -0.026268 0.003937,
        0.421323 -0.026268 0.082677,
        0.426386 -0.028068 0.003937,
        0.426386 -0.028068 0.082677,
        0.431647 -0.029161 0.003937,
        0.431647 -0.029161 0.082677,
        0.437008 -0.029528 0.003937,
        0.437008 -0.029528 0.082677,
        0.496063 -0.029528 0.082677,
        0.496063 -0.029528 0.003937,
        0.437008 -0.147638 0.082677,
        0.496063 -0.147638 0.082677,
        0.437008 -0.147638 0.003937,
        0.496063 -0.147638 0.003937,
        0.431647 -0.148004 0.003937,
        0.431647 -0.148004 0.082677,
        0.426386 -0.149098 0.003937,
        0.426386 -0.149098 0.082677,
        0.421323 -0.150897 0.003937,
        0.421323 -0.150897 0.082677,
        0.416552 -0.153369 0.003937,
        0.416552 -0.153369 0.082677,
        0.412162 -0.156468 0.003937,
        0.412162 -0.156468 0.082677,
        0.408235 -0.160136 0.003937,
        0.408235 -0.160136 0.082677,
        0.404844 -0.164304 0.003937,
        0.404844 -0.164304 0.082677,
        0.402052 -0.168895 0.003937,
        0.402052 -0.168895 0.082677,
        0.399911 -0.173824 0.003937,
        0.399911 -0.173824 0.082677,
        0.398461 -0.178998 0.003937,
        0.398461 -0.178998 0.082677,
        0.397730 -0.184321 0.003937,
        0.397730 -0.184321 0.082677,
        0.397730 -0.189694 0.003937,
        0.397730 -0.189694 0.082677,
        0.398461 -0.195018 0.003937,
        0.398461 -0.195018 0.082677,
        0.399911 -0.200192 0.003937,
        0.399911 -0.200192 0.082677,
        0.402052 -0.205121 0.003937,
        0.402052 -0.205121 0.082677,
        0.404844 -0.209712 0.003937,
        0.404844 -0.209712 0.082677,
        0.408235 -0.213880 0.003937,
        0.408235 -0.213880 0.082677,
        0.412162 -0.217548 0.003937,
        0.412162 -0.217548 0.082677,
        0.416552 -0.220646 0.003937,
        0.416552 -0.220646 0.082677,
        0.421323 -0.223119 0.003937,
        0.421323 -0.223119 0.082677,
        0.426386 -0.224918 0.003937,
        0.426386 -0.224918 0.082677,
        0.431647 -0.226011 0.003937,
        0.431647 -0.226011 0.082677,
        0.437008 -0.226378 0.003937,
        0.437008 -0.226378 0.082677,
        0.496063 -0.226378 0.082677,
        0.496063 -0.226378 0.003937,
        -0.437008 0.246063 0.003937,
        -0.496063 0.246063 0.003937,
        -0.437008 0.246063 0.082677,
        -0.496063 0.246063 0.082677,
        -0.431647 0.245696 0.082677,
        -0.431647 0.245696 0.003937,
        -0.426386 0.244603 0.082677,
        -0.426386 0.244603 0.003937,
        -0.421323 0.242804 0.082677,
        -0.421323 0.242804 0.003937,
        -0.416552 0.240331 0.082677,
        -0.416552 0.240331 0.003937,
        -0.412162 0.237233 0.082677,
        -0.412162 0.237233 0.003937,
        -0.408235 0.233565 0.082677,
        -0.408235 0.233565 0.003937,
        -0.404844 0.229397 0.082677,
        -0.404844 0.229397 0.003937,
        -0.402052 0.224806 0.082677,
        -0.402052 0.224806 0.003937,
        -0.399911 0.219877 0.082677,
        -0.399911 0.219877 0.003937,
        -0.398461 0.214703 0.082677,
        -0.398461 0.214703 0.003937,
        -0.397730 0.209380 0.082677,
        -0.397730 0.209380 0.003937,
        -0.397730 0.204006 0.082677,
        -0.397730 0.204006 0.003937,
        -0.398461 0.198683 0.082677,
        -0.398461 0.198683 0.003937,
        -0.399911 0.193509 0.082677,
        -0.399911 0.193509 0.003937,
        -0.402052 0.188580 0.082677,
        -0.402052 0.188580 0.003937,
        -0.404844 0.183989 0.082677,
        -0.404844 0.183989 0.003937,
        -0.408235 0.179821 0.082677,
        -0.408235 0.179821 0.003937,
        -0.412162 0.176153 0.082677,
        -0.412162 0.176153 0.003937,
        -0.416552 0.173054 0.082677,
        -0.416552 0.173054 0.003937,
        -0.421323 0.170582 0.082677,
        -0.421323 0.170582 0.003937,
        -0.426386 0.168783 0.082677,
        -0.426386 0.168783 0.003937,
        -0.431647 0.167689 0.082677,
        -0.431647 0.167689 0.003937,
        -0.437008 0.167323 0.082677,
        -0.437008 0.167323 0.003937,
        -0.496063 0.167323 0.003937,
        -0.496063 0.167323 0.082677,
        -0.437008 0.049213 0.003937,
        -0.496063 0.049213 0.003937,
        -0.437008 0.049213 0.082677,
        -0.496063 0.049213 0.082677,
        -0.431647 0.048846 0.082677,
        -0.431647 0.048846 0.003937,
        -0.426386 0.047753 0.082677,
        -0.426386 0.047753 0.003937,
        -0.421323 0.045953 0.082677,
        -0.421323 0.045953 0.003937,
        -0.416552 0.043481 0.082677,
        -0.416552 0.043481 0.003937,
        -0.412162 0.040382 0.082677,
        -0.412162 0.040382 0.003937,
        -0.408235 0.036715 0.082677,
        -0.408235 0.036715 0.003937,
        -0.404844 0.032546 0.082677,
        -0.404844 0.032546 0.003937,
        -0.402052 0.027956 0.082677,
        -0.402052 0.027956 0.003937,
        -0.399911 0.023027 0.082677,
        -0.399911 0.023027 0.003937,
        -0.398461 0.017853 0.082677,
        -0.398461 0.017853 0.003937,
        -0.397730 0.012529 0.082677,
        -0.397730 0.012529 0.003937,
        -0.397730 0.007156 0.082677,
        -0.397730 0.007156 0.003937,
        -0.398461 0.001832 0.082677,
        -0.398461 0.001832 0.003937,
        -0.399911 -0.003342 0.082677,
        -0.399911 -0.003342 0.003937,
        -0.402052 -0.008270 0.082677,
        -0.402052 -0.008270 0.003937,
        -0.404844 -0.012861 0.082677,
        -0.404844 -0.012861 0.003937,
        -0.408235 -0.017030 0.082677,
        -0.408235 -0.017030 0.003937,
        -0.412162 -0.020697 0.082677,
        -0.412162 -0.020697 0.003937,
        -0.416552 -0.023796 0.082677,
        -0.416552 -0.023796 0.003937,
        -0.421323 -0.026268 0.082677,
        -0.421323 -0.026268 0.003937,
        -0.426386 -0.028068 0.082677,
        -0.426386 -0.028068 0.003937,
        -0.431647 -0.029161 0.082677,
        -0.431647 -0.029161 0.003937,
        -0.437008 -0.029528 0.082677,
        -0.437008 -0.029528 0.003937,
        -0.496063 -0.029528 0.003937,
        -0.496063 -0.029528 0.082677,
        -0.437008 -0.147638 0.003937,
        -0.496063 -0.147638 0.003937,
        -0.437008 -0.147638 0.082677,
        -0.496063 -0.147638 0.082677,
        -0.431647 -0.148004 0.082677,
        -0.431647 -0.148004 0.003937,
        -0.426386 -0.149098 0.082677,
        -0.426386 -0.149098 0.003937,
        -0.421323 -0.150897 0.082677,
        -0.421323 -0.150897 0.003937,
        -0.416552 -0.153369 0.082677,
        -0.416552 -0.153369 0.003937,
        -0.412162 -0.156468 0.082677,
        -0.412162 -0.156468 0.003937,
        -0.408235 -0.160136 0.082677,
        -0.408235 -0.160136 0.003937,
        -0.404844 -0.164304 0.082677,
        -0.404844 -0.164304 0.003937,
        -0.402052 -0.168895 0.082677,
        -0.402052 -0.168895 0.003937,
        -0.399911 -0.173824 0.082677,
        -0.399911 -0.173824 0.003937,
        -0.398461 -0.178998 0.082677,
        -0.398461 -0.178998 0.003937,
        -0.397730 -0.184321 0.082677,
        -0.397730 -0.184321 0.003937,
        -0.397730 -0.189694 0.082677,
        -0.397730 -0.189694 0.003937,
        -0.398461 -0.195018 0.082677,
        -0.398461 -0.195018 0.003937,
        -0.399911 -0.200192 0.082677,
        -0.399911 -0.200192 0.003937,
        -0.402052 -0.205121 0.082677,
        -0.402052 -0.205121 0.003937,
        -0.404844 -0.209712 0.082677,
        -0.404844 -0.209712 0.003937,
        -0.408235 -0.213880 0.082677,
        -0.408235 -0.213880 0.003937,
        -0.412162 -0.217548 0.082677,
        -0.412162 -0.217548 0.003937,
        -0.416552 -0.220646 0.082677,
        -0.416552 -0.220646 0.003937,
        -0.421323 -0.223119 0.082677,
        -0.421323 -0.223119 0.003937,
        -0.426386 -0.224918 0.082677,
        -0.426386 -0.224918 0.003937,
        -0.431647 -0.226011 0.082677,
        -0.431647 -0.226011 0.003937,
        -0.437008 -0.226378 0.082677,
        -0.437008 -0.226378 0.003937,
        -0.496063 -0.226378 0.003937,
        -0.496063 -0.226378 0.082677,
      ]
    }
    coordIndex [
      0, 1, 2, -1,
      2, 1, 3, -1,
      0, 2, 4, -1,
      0, 4, 5, -1,
      5, 4, 6, -1,
      5, 6, 7, -1,
      7, 6, 8, -1,
      7, 8, 9, -1,
      9, 8, 10, -1,
      9, 10, 11, -1,
      11, 10, 12, -1,
      11, 12, 13, -1,
      13, 12, 14, -1,
      13, 14, 15, -1,
      15, 14, 16, -1,
      15, 16, 17, -1,
      17, 16, 18, -1,
      17, 18, 19, -1,
      19, 18, 20, -1,
      19, 20, 21, -1,
      21, 20, 22, -1,
      21, 22, 23, -1,
      23, 22, 24, -1,
      23, 24, 25, -1,
      25, 24, 26, -1,
      25, 26, 27, -1,
      27, 26, 28, -1,
      27, 28, 29, -1,
      29, 28, 30, -1,
      29, 30, 31, -1,
      31, 30, 32, -1,
      31, 32, 33, -1,
      33, 32, 34, -1,
      33, 34, 35, -1,
      35, 34, 36, -1,
      35, 36, 37, -1,
      37, 36, 38, -1,
      37, 38, 39, -1,
      39, 38, 40, -1,
      39, 40, 41, -1,
      41, 40, 42, -1,
      41, 42, 43, -1,
      43, 42, 44, -1,
      43, 44, 45, -1,
      45, 44, 46, -1,
      45, 46, 47, -1,
      47, 46, 48, -1,
      47, 48, 49, -1,
      50, 49, 51, -1,
      51, 49, 48, -1,
      1, 50, 3, -1,
      3, 50, 51, -1,
      49, 50, 1, -1,
      13, 15, 49, -1,
      49, 15, 17, -1,
      43, 45, 33, -1,
      1, 0, 49, -1,
      49, 0, 5, -1,
      49, 5, 7, -1,
      7, 9, 49, -1,
      49, 9, 11, -1,
      49, 11, 13, -1,
      17, 19, 49, -1,
      49, 19, 21, -1,
      49, 21, 23, -1,
      23, 25, 49, -1,
      49, 25, 27, -1,
      49, 27, 29, -1,
      35, 37, 39, -1,
      29, 31, 49, -1,
      49, 31, 33, -1,
      49, 33, 47, -1,
      47, 33, 45, -1,
      35, 39, 33, -1,
      33, 39, 41, -1,
      33, 41, 43, -1,
      48, 30, 28, -1,
      16, 14, 48, -1,
      48, 14, 12, -1,
      30, 48, 32, -1,
      32, 48, 46, -1,
      32, 46, 44, -1,
      28, 26, 48, -1,
      48, 26, 24, -1,
      48, 24, 22, -1,
      12, 10, 48, -1,
      48, 10, 8, -1,
      48, 8, 6, -1,
      3, 51, 2, -1,
      2, 51, 48, -1,
      2, 48, 4, -1,
      4, 48, 6, -1,
      32, 38, 34, -1,
      34, 38, 36, -1,
      22, 20, 48, -1,
      48, 20, 18, -1,
      48, 18, 16, -1,
      44, 42, 32, -1,
      32, 42, 40, -1,
      32, 40, 38, -1,
      52, 53, 54, -1,
      54, 53, 55, -1,
      52, 54, 56, -1,
      52, 56, 57, -1,
      57, 56, 58, -1,
      57, 58, 59, -1,
      59, 58, 60, -1,
      59, 60, 61, -1,
      61, 60, 62, -1,
      61, 62, 63, -1,
      63, 62, 64, -1,
      63, 64, 65, -1,
      65, 64, 66, -1,
      65, 66, 67, -1,
      67, 66, 68, -1,
      67, 68, 69, -1,
      69, 68, 70, -1,
      69, 70, 71, -1,
      71, 70, 72, -1,
      71, 72, 73, -1,
      73, 72, 74, -1,
      73, 74, 75, -1,
      75, 74, 76, -1,
      75, 76, 77, -1,
      77, 76, 78, -1,
      77, 78, 79, -1,
      79, 78, 80, -1,
      79, 80, 81, -1,
      81, 80, 82, -1,
      81, 82, 83, -1,
      83, 82, 84, -1,
      83, 84, 85, -1,
      85, 84, 86, -1,
      85, 86, 87, -1,
      87, 86, 88, -1,
      87, 88, 89, -1,
      89, 88, 90, -1,
      89, 90, 91, -1,
      91, 90, 92, -1,
      91, 92, 93, -1,
      93, 92, 94, -1,
      93, 94, 95, -1,
      95, 94, 96, -1,
      95, 96, 97, -1,
      97, 96, 98, -1,
      97, 98, 99, -1,
      99, 98, 100, -1,
      99, 100, 101, -1,
      102, 101, 103, -1,
      103, 101, 100, -1,
      53, 102, 55, -1,
      55, 102, 103, -1,
      102, 53, 101, -1,
      101, 53, 52, -1,
      101, 67, 69, -1,
      69, 71, 101, -1,
      101, 71, 73, -1,
      101, 73, 75, -1,
      75, 77, 101, -1,
      101, 77, 79, -1,
      101, 79, 81, -1,
      91, 101, 89, -1,
      89, 101, 87, -1,
      91, 93, 95, -1,
      52, 57, 101, -1,
      101, 57, 59, -1,
      101, 59, 61, -1,
      61, 63, 101, -1,
      101, 63, 65, -1,
      101, 65, 67, -1,
      81, 83, 101, -1,
      101, 83, 85, -1,
      101, 85, 87, -1,
      95, 97, 91, -1,
      91, 97, 99, -1,
      91, 99, 101, -1,
      55, 103, 54, -1,
      54, 103, 100, -1,
      68, 66, 100, -1,
      94, 92, 90, -1,
      88, 86, 100, -1,
      94, 90, 96, -1,
      86, 84, 100, -1,
      100, 84, 82, -1,
      100, 82, 80, -1,
      80, 78, 100, -1,
      100, 78, 76, -1,
      100, 76, 74, -1,
      88, 100, 90, -1,
      90, 100, 98, -1,
      90, 98, 96, -1,
      74, 72, 100, -1,
      100, 72, 70, -1,
      100, 70, 68, -1,
      66, 64, 100, -1,
      100, 64, 62, -1,
      100, 62, 60, -1,
      60, 58, 100, -1,
      100, 58, 56, -1,
      100, 56, 54, -1,
      104, 105, 106, -1,
      106, 105, 107, -1,
      104, 106, 108, -1,
      104, 108, 109, -1,
      109, 108, 110, -1,
      109, 110, 111, -1,
      111, 110, 112, -1,
      111, 112, 113, -1,
      113, 112, 114, -1,
      113, 114, 115, -1,
      115, 114, 116, -1,
      115, 116, 117, -1,
      117, 116, 118, -1,
      117, 118, 119, -1,
      119, 118, 120, -1,
      119, 120, 121, -1,
      121, 120, 122, -1,
      121, 122, 123, -1,
      123, 122, 124, -1,
      123, 124, 125, -1,
      125, 124, 126, -1,
      125, 126, 127, -1,
      127, 126, 128, -1,
      127, 128, 129, -1,
      129, 128, 130, -1,
      129, 130, 131, -1,
      131, 130, 132, -1,
      131, 132, 133, -1,
      133, 132, 134, -1,
      133, 134, 135, -1,
      135, 134, 136, -1,
      135, 136, 137, -1,
      137, 136, 138, -1,
      137, 138, 139, -1,
      139, 138, 140, -1,
      139, 140, 141, -1,
      141, 140, 142, -1,
      141, 142, 143, -1,
      143, 142, 144, -1,
      143, 144, 145, -1,
      145, 144, 146, -1,
      145, 146, 147, -1,
      147, 146, 148, -1,
      147, 148, 149, -1,
      149, 148, 150, -1,
      149, 150, 151, -1,
      151, 150, 152, -1,
      151, 152, 153, -1,
      154, 153, 155, -1,
      155, 153, 152, -1,
      105, 154, 107, -1,
      107, 154, 155, -1,
      121, 123, 153, -1,
      129, 131, 153, -1,
      154, 105, 153, -1,
      153, 105, 104, -1,
      153, 104, 109, -1,
      131, 133, 153, -1,
      153, 133, 135, -1,
      153, 135, 137, -1,
      109, 111, 153, -1,
      153, 111, 113, -1,
      153, 113, 115, -1,
      115, 117, 153, -1,
      153, 117, 119, -1,
      153, 119, 121, -1,
      153, 143, 145, -1,
      145, 147, 153, -1,
      153, 147, 149, -1,
      153, 149, 151, -1,
      123, 125, 153, -1,
      153, 125, 127, -1,
      153, 127, 129, -1,
      137, 139, 153, -1,
      153, 139, 141, -1,
      153, 141, 143, -1,
      107, 155, 106, -1,
      106, 155, 152, -1,
      106, 152, 108, -1,
      152, 134, 132, -1,
      146, 152, 148, -1,
      148, 152, 150, -1,
      146, 144, 152, -1,
      152, 144, 142, -1,
      152, 142, 140, -1,
      132, 130, 152, -1,
      152, 130, 128, -1,
      152, 128, 126, -1,
      120, 118, 152, -1,
      152, 118, 116, -1,
      152, 116, 114, -1,
      114, 112, 152, -1,
      152, 112, 110, -1,
      152, 110, 108, -1,
      140, 138, 152, -1,
      152, 138, 136, -1,
      152, 136, 134, -1,
      126, 124, 152, -1,
      152, 124, 122, -1,
      152, 122, 120, -1,
      156, 157, 158, -1,
      158, 157, 159, -1,
      156, 158, 160, -1,
      156, 160, 161, -1,
      161, 160, 162, -1,
      161, 162, 163, -1,
      163, 162, 164, -1,
      163, 164, 165, -1,
      165, 164, 166, -1,
      165, 166, 167, -1,
      167, 166, 168, -1,
      167, 168, 169, -1,
      169, 168, 170, -1,
      169, 170, 171, -1,
      171, 170, 172, -1,
      171, 172, 173, -1,
      173, 172, 174, -1,
      173, 174, 175, -1,
      175, 174, 176, -1,
      175, 176, 177, -1,
      177, 176, 178, -1,
      177, 178, 179, -1,
      179, 178, 180, -1,
      179, 180, 181, -1,
      181, 180, 182, -1,
      181, 182, 183, -1,
      183, 182, 184, -1,
      183, 184, 185, -1,
      185, 184, 186, -1,
      185, 186, 187, -1,
      187, 186, 188, -1,
      187, 188, 189, -1,
      189, 188, 190, -1,
      189, 190, 191, -1,
      191, 190, 192, -1,
      191, 192, 193, -1,
      193, 192, 194, -1,
      193, 194, 195, -1,
      195, 194, 196, -1,
      195, 196, 197, -1,
      197, 196, 198, -1,
      197, 198, 199, -1,
      199, 198, 200, -1,
      199, 200, 201, -1,
      201, 200, 202, -1,
      201, 202, 203, -1,
      203, 202, 204, -1,
      203, 204, 205, -1,
      206, 205, 207, -1,
      207, 205, 204, -1,
      157, 206, 159, -1,
      159, 206, 207, -1,
      205, 206, 157, -1,
      169, 171, 205, -1,
      171, 173, 205, -1,
      205, 173, 175, -1,
      205, 175, 203, -1,
      157, 156, 205, -1,
      205, 156, 161, -1,
      205, 161, 163, -1,
      177, 179, 175, -1,
      175, 179, 181, -1,
      175, 181, 183, -1,
      175, 189, 191, -1,
      191, 193, 175, -1,
      175, 193, 195, -1,
      175, 195, 197, -1,
      197, 199, 175, -1,
      175, 199, 201, -1,
      175, 201, 203, -1,
      163, 165, 205, -1,
      205, 165, 167, -1,
      205, 167, 169, -1,
      183, 185, 175, -1,
      175, 185, 187, -1,
      175, 187, 189, -1,
      159, 207, 158, -1,
      158, 207, 204, -1,
      158, 204, 160, -1,
      172, 204, 174, -1,
      174, 204, 202, -1,
      174, 202, 200, -1,
      200, 198, 174, -1,
      174, 198, 196, -1,
      174, 196, 194, -1,
      194, 192, 174, -1,
      174, 192, 190, -1,
      174, 190, 188, -1,
      188, 186, 174, -1,
      174, 186, 184, -1,
      174, 184, 182, -1,
      172, 170, 204, -1,
      204, 170, 168, -1,
      204, 168, 166, -1,
      182, 180, 174, -1,
      174, 180, 178, -1,
      174, 178, 176, -1,
      166, 164, 204, -1,
      204, 164, 162, -1,
      204, 162, 160, -1,
      208, 209, 210, -1,
      210, 209, 211, -1,
      208, 210, 212, -1,
      208, 212, 213, -1,
      213, 212, 214, -1,
      213, 214, 215, -1,
      215, 214, 216, -1,
      215, 216, 217, -1,
      217, 216, 218, -1,
      217, 218, 219, -1,
      219, 218, 220, -1,
      219, 220, 221, -1,
      221, 220, 222, -1,
      221, 222, 223, -1,
      223, 222, 224, -1,
      223, 224, 225, -1,
      225, 224, 226, -1,
      225, 226, 227, -1,
      227, 226, 228, -1,
      227, 228, 229, -1,
      229, 228, 230, -1,
      229, 230, 231, -1,
      231, 230, 232, -1,
      231, 232, 233, -1,
      233, 232, 234, -1,
      233, 234, 235, -1,
      235, 234, 236, -1,
      235, 236, 237, -1,
      237, 236, 238, -1,
      237, 238, 239, -1,
      239, 238, 240, -1,
      239, 240, 241, -1,
      241, 240, 242, -1,
      241, 242, 243, -1,
      243, 242, 244, -1,
      243, 244, 245, -1,
      245, 244, 246, -1,
      245, 246, 247, -1,
      247, 246, 248, -1,
      247, 248, 249, -1,
      249, 248, 250, -1,
      249, 250, 251, -1,
      251, 250, 252, -1,
      251, 252, 253, -1,
      253, 252, 254, -1,
      253, 254, 255, -1,
      255, 254, 256, -1,
      255, 256, 257, -1,
      258, 257, 259, -1,
      259, 257, 256, -1,
      209, 258, 211, -1,
      211, 258, 259, -1,
      258, 209, 257, -1,
      257, 209, 208, -1,
      227, 257, 225, -1,
      225, 257, 223, -1,
      227, 229, 257, -1,
      257, 229, 231, -1,
      257, 231, 233, -1,
      233, 235, 257, -1,
      257, 235, 237, -1,
      257, 237, 239, -1,
      239, 241, 257, -1,
      257, 241, 243, -1,
      257, 243, 245, -1,
      208, 213, 257, -1,
      257, 213, 215, -1,
      257, 215, 217, -1,
      217, 219, 257, -1,
      257, 219, 221, -1,
      257, 221, 223, -1,
      251, 245, 249, -1,
      249, 245, 247, -1,
      251, 253, 245, -1,
      245, 253, 255, -1,
      245, 255, 257, -1,
      211, 259, 210, -1,
      210, 259, 256, -1,
      224, 222, 256, -1,
      242, 240, 256, -1,
      256, 240, 238, -1,
      256, 238, 236, -1,
      236, 234, 256, -1,
      256, 234, 232, -1,
      256, 232, 230, -1,
      242, 256, 244, -1,
      244, 256, 254, -1,
      244, 254, 252, -1,
      252, 250, 244, -1,
      244, 250, 248, -1,
      244, 248, 246, -1,
      230, 228, 256, -1,
      256, 228, 226, -1,
      256, 226, 224, -1,
      222, 220, 256, -1,
      256, 220, 218, -1,
      256, 218, 216, -1,
      216, 214, 256, -1,
      256, 214, 212, -1,
      256, 212, 210, -1,
      260, 261, 262, -1,
      262, 261, 263, -1,
      260, 262, 264, -1,
      260, 264, 265, -1,
      265, 264, 266, -1,
      265, 266, 267, -1,
      267, 266, 268, -1,
      267, 268, 269, -1,
      269, 268, 270, -1,
      269, 270, 271, -1,
      271, 270, 272, -1,
      271, 272, 273, -1,
      273, 272, 274, -1,
      273, 274, 275, -1,
      275, 274, 276, -1,
      275, 276, 277, -1,
      277, 276, 278, -1,
      277, 278, 279, -1,
      279, 278, 280, -1,
      279, 280, 281, -1,
      281, 280, 282, -1,
      281, 282, 283, -1,
      283, 282, 284, -1,
      283, 284, 285, -1,
      285, 284, 286, -1,
      285, 286, 287, -1,
      287, 286, 288, -1,
      287, 288, 289, -1,
      289, 288, 290, -1,
      289, 290, 291, -1,
      291, 290, 292, -1,
      291, 292, 293, -1,
      293, 292, 294, -1,
      293, 294, 295, -1,
      295, 294, 296, -1,
      295, 296, 297, -1,
      297, 296, 298, -1,
      297, 298, 299, -1,
      299, 298, 300, -1,
      299, 300, 301, -1,
      301, 300, 302, -1,
      301, 302, 303, -1,
      303, 302, 304, -1,
      303, 304, 305, -1,
      305, 304, 306, -1,
      305, 306, 307, -1,
      307, 306, 308, -1,
      307, 308, 309, -1,
      310, 309, 311, -1,
      311, 309, 308, -1,
      261, 310, 263, -1,
      263, 310, 311, -1,
      277, 279, 309, -1,
      310, 261, 309, -1,
      309, 261, 260, -1,
      309, 260, 265, -1,
      285, 287, 309, -1,
      309, 287, 289, -1,
      309, 289, 291, -1,
      265, 267, 309, -1,
      309, 267, 269, -1,
      309, 269, 271, -1,
      271, 273, 309, -1,
      309, 273, 275, -1,
      309, 275, 277, -1,
      291, 293, 309, -1,
      309, 293, 295, -1,
      309, 295, 297, -1,
      307, 309, 305, -1,
      305, 309, 303, -1,
      279, 281, 309, -1,
      309, 281, 283, -1,
      309, 283, 285, -1,
      297, 299, 309, -1,
      309, 299, 301, -1,
      309, 301, 303, -1,
      263, 311, 262, -1,
      262, 311, 308, -1,
      262, 308, 264, -1,
      294, 292, 308, -1,
      308, 292, 290, -1,
      308, 290, 288, -1,
      306, 304, 308, -1,
      308, 304, 302, -1,
      308, 302, 300, -1,
      288, 286, 308, -1,
      308, 286, 284, -1,
      308, 284, 282, -1,
      276, 274, 308, -1,
      308, 274, 272, -1,
      308, 272, 270, -1,
      270, 268, 308, -1,
      308, 268, 266, -1,
      308, 266, 264, -1,
      300, 298, 308, -1,
      308, 298, 296, -1,
      308, 296, 294, -1,
      282, 280, 308, -1,
      308, 280, 278, -1,
      308, 278, 276, -1,
      312, 313, 314, -1,
      314, 313, 315, -1,
      312, 314, 316, -1,
      312, 316, 317, -1,
      317, 316, 318, -1,
      317, 318, 319, -1,
      319, 318, 320, -1,
      319, 320, 321, -1,
      321, 320, 322, -1,
      321, 322, 323, -1,
      323, 322, 324, -1,
      323, 324, 325, -1,
      325, 324, 326, -1,
      325, 326, 327, -1,
      327, 326, 328, -1,
      327, 328, 329, -1,
      329, 328, 330, -1,
      329, 330, 331, -1,
      331, 330, 332, -1,
      331, 332, 333, -1,
      333, 332, 334, -1,
      333, 334, 335, -1,
      335, 334, 336, -1,
      335, 336, 337, -1,
      337, 336, 338, -1,
      337, 338, 339, -1,
      339, 338, 340, -1,
      339, 340, 341, -1,
      341, 340, 342, -1,
      341, 342, 343, -1,
      343, 342, 344, -1,
      343, 344, 345, -1,
      345, 344, 346, -1,
      345, 346, 347, -1,
      347, 346, 348, -1,
      347, 348, 349, -1,
      349, 348, 350, -1,
      349, 350, 351, -1,
      351, 350, 352, -1,
      351, 352, 353, -1,
      353, 352, 354, -1,
      353, 354, 355, -1,
      355, 354, 356, -1,
      355, 356, 357, -1,
      357, 356, 358, -1,
      357, 358, 359, -1,
      359, 358, 360, -1,
      359, 360, 361, -1,
      362, 361, 363, -1,
      363, 361, 360, -1,
      313, 362, 315, -1,
      315, 362, 363, -1,
      361, 362, 313, -1,
      313, 312, 361, -1,
      361, 312, 317, -1,
      361, 317, 319, -1,
      325, 327, 347, -1,
      327, 329, 347, -1,
      347, 329, 331, -1,
      347, 331, 333, -1,
      325, 347, 323, -1,
      323, 347, 349, -1,
      323, 349, 351, -1,
      351, 353, 323, -1,
      323, 353, 355, -1,
      323, 355, 357, -1,
      319, 321, 361, -1,
      361, 321, 323, -1,
      361, 323, 359, -1,
      359, 323, 357, -1,
      333, 335, 347, -1,
      347, 335, 337, -1,
      347, 337, 339, -1,
      339, 341, 347, -1,
      347, 341, 343, -1,
      347, 343, 345, -1,
      358, 322, 360, -1,
      360, 322, 320, -1,
      360, 320, 318, -1,
      315, 363, 314, -1,
      314, 363, 360, -1,
      314, 360, 316, -1,
      316, 360, 318, -1,
      336, 322, 338, -1,
      338, 322, 340, -1,
      358, 356, 322, -1,
      322, 356, 354, -1,
      322, 354, 352, -1,
      352, 350, 322, -1,
      322, 350, 348, -1,
      322, 348, 346, -1,
      346, 344, 322, -1,
      322, 344, 342, -1,
      322, 342, 340, -1,
      336, 334, 322, -1,
      322, 334, 332, -1,
      322, 332, 330, -1,
      330, 328, 322, -1,
      322, 328, 326, -1,
      322, 326, 324, -1,
      364, 365, 366, -1,
      366, 365, 367, -1,
      364, 366, 368, -1,
      364, 368, 369, -1,
      369, 368, 370, -1,
      369, 370, 371, -1,
      371, 370, 372, -1,
      371, 372, 373, -1,
      373, 372, 374, -1,
      373, 374, 375, -1,
      375, 374, 376, -1,
      375, 376, 377, -1,
      377, 376, 378, -1,
      377, 378, 379, -1,
      379, 378, 380, -1,
      379, 380, 381, -1,
      381, 380, 382, -1,
      381, 382, 383, -1,
      383, 382, 384, -1,
      383, 384, 385, -1,
      385, 384, 386, -1,
      385, 386, 387, -1,
      387, 386, 388, -1,
      387, 388, 389, -1,
      389, 388, 390, -1,
      389, 390, 391, -1,
      391, 390, 392, -1,
      391, 392, 393, -1,
      393, 392, 394, -1,
      393, 394, 395, -1,
      395, 394, 396, -1,
      395, 396, 397, -1,
      397, 396, 398, -1,
      397, 398, 399, -1,
      399, 398, 400, -1,
      399, 400, 401, -1,
      401, 400, 402, -1,
      401, 402, 403, -1,
      403, 402, 404, -1,
      403, 404, 405, -1,
      405, 404, 406, -1,
      405, 406, 407, -1,
      407, 406, 408, -1,
      407, 408, 409, -1,
      409, 408, 410, -1,
      409, 410, 411, -1,
      411, 410, 412, -1,
      411, 412, 413, -1,
      414, 413, 415, -1,
      415, 413, 412, -1,
      365, 414, 367, -1,
      367, 414, 415, -1,
      414, 365, 413, -1,
      413, 365, 364, -1,
      413, 364, 411, -1,
      391, 393, 364, -1,
      393, 395, 364, -1,
      364, 395, 397, -1,
      364, 397, 399, -1,
      385, 387, 364, -1,
      364, 387, 389, -1,
      364, 389, 391, -1,
      399, 401, 364, -1,
      364, 401, 403, -1,
      364, 403, 405, -1,
      369, 371, 364, -1,
      364, 371, 373, -1,
      373, 375, 364, -1,
      364, 375, 377, -1,
      364, 377, 379, -1,
      379, 381, 364, -1,
      364, 381, 383, -1,
      364, 383, 385, -1,
      405, 407, 364, -1,
      364, 407, 409, -1,
      364, 409, 411, -1,
      366, 367, 415, -1,
      402, 400, 366, -1,
      366, 400, 398, -1,
      398, 396, 366, -1,
      366, 396, 394, -1,
      366, 394, 392, -1,
      415, 412, 366, -1,
      366, 412, 410, -1,
      366, 410, 408, -1,
      392, 390, 366, -1,
      366, 390, 388, -1,
      366, 388, 386, -1,
      386, 384, 366, -1,
      366, 384, 382, -1,
      366, 382, 380, -1,
      380, 378, 366, -1,
      366, 378, 376, -1,
      366, 376, 374, -1,
      374, 372, 366, -1,
      366, 372, 370, -1,
      366, 370, 368, -1,
      408, 406, 366, -1,
      366, 406, 404, -1,
      366, 404, 402, -1,
      416, 417, 418, -1,
      418, 417, 419, -1,
      416, 418, 420, -1,
      416, 420, 421, -1,
      421, 420, 422, -1,
      421, 422, 423, -1,
      423, 422, 424, -1,
      423, 424, 425, -1,
      425, 424, 426, -1,
      425, 426, 427, -1,
      427, 426, 428, -1,
      427, 428, 429, -1,
      429, 428, 430, -1,
      429, 430, 431, -1,
      431, 430, 432, -1,
      431, 432, 433, -1,
      433, 432, 434, -1,
      433, 434, 435, -1,
      435, 434, 436, -1,
      435, 436, 437, -1,
      437, 436, 438, -1,
      437, 438, 439, -1,
      439, 438, 440, -1,
      439, 440, 441, -1,
      441, 440, 442, -1,
      441, 442, 443, -1,
      443, 442, 444, -1,
      443, 444, 445, -1,
      445, 444, 446, -1,
      445, 446, 447, -1,
      447, 446, 448, -1,
      447, 448, 449, -1,
      449, 448, 450, -1,
      449, 450, 451, -1,
      451, 450, 452, -1,
      451, 452, 453, -1,
      453, 452, 454, -1,
      453, 454, 455, -1,
      455, 454, 456, -1,
      455, 456, 457, -1,
      457, 456, 458, -1,
      457, 458, 459, -1,
      459, 458, 460, -1,
      459, 460, 461, -1,
      461, 460, 462, -1,
      461, 462, 463, -1,
      463, 462, 464, -1,
      463, 464, 465, -1,
      466, 465, 467, -1,
      467, 465, 464, -1,
      417, 466, 419, -1,
      419, 466, 467, -1,
      466, 417, 465, -1,
      465, 417, 416, -1,
      465, 416, 463, -1,
      451, 453, 416, -1,
      416, 453, 455, -1,
      416, 455, 457, -1,
      429, 431, 427, -1,
      427, 431, 425, -1,
      421, 423, 435, -1,
      435, 423, 425, -1,
      435, 425, 433, -1,
      433, 425, 431, -1,
      421, 435, 416, -1,
      416, 435, 437, -1,
      416, 437, 439, -1,
      439, 441, 416, -1,
      416, 441, 443, -1,
      416, 443, 445, -1,
      445, 447, 416, -1,
      416, 447, 449, -1,
      416, 449, 451, -1,
      457, 459, 416, -1,
      416, 459, 461, -1,
      416, 461, 463, -1,
      418, 419, 467, -1,
      420, 418, 434, -1,
      418, 454, 452, -1,
      467, 464, 418, -1,
      418, 464, 462, -1,
      418, 462, 460, -1,
      452, 450, 418, -1,
      418, 450, 448, -1,
      418, 448, 446, -1,
      446, 444, 418, -1,
      418, 444, 442, -1,
      418, 442, 440, -1,
      460, 458, 418, -1,
      418, 458, 456, -1,
      418, 456, 454, -1,
      440, 438, 418, -1,
      418, 438, 436, -1,
      418, 436, 434, -1,
      432, 430, 424, -1,
      424, 430, 428, -1,
      424, 428, 426, -1,
      432, 424, 434, -1,
      434, 424, 422, -1,
      434, 422, 420, -1,
      468, 469, 470, -1,
      470, 469, 471, -1,
      468, 470, 472, -1,
      468, 472, 473, -1,
      473, 472, 474, -1,
      473, 474, 475, -1,
      475, 474, 476, -1,
      475, 476, 477, -1,
      477, 476, 478, -1,
      477, 478, 479, -1,
      479, 478, 480, -1,
      479, 480, 481, -1,
      481, 480, 482, -1,
      481, 482, 483, -1,
      483, 482, 484, -1,
      483, 484, 485, -1,
      485, 484, 486, -1,
      485, 486, 487, -1,
      487, 486, 488, -1,
      487, 488, 489, -1,
      489, 488, 490, -1,
      489, 490, 491, -1,
      491, 490, 492, -1,
      491, 492, 493, -1,
      493, 492, 494, -1,
      493, 494, 495, -1,
      495, 494, 496, -1,
      495, 496, 497, -1,
      497, 496, 498, -1,
      497, 498, 499, -1,
      499, 498, 500, -1,
      499, 500, 501, -1,
      501, 500, 502, -1,
      501, 502, 503, -1,
      503, 502, 504, -1,
      503, 504, 505, -1,
      505, 504, 506, -1,
      505, 506, 507, -1,
      507, 506, 508, -1,
      507, 508, 509, -1,
      509, 508, 510, -1,
      509, 510, 511, -1,
      511, 510, 512, -1,
      511, 512, 513, -1,
      513, 512, 514, -1,
      513, 514, 515, -1,
      515, 514, 516, -1,
      515, 516, 517, -1,
      518, 517, 519, -1,
      519, 517, 516, -1,
      469, 518, 471, -1,
      471, 518, 519, -1,
      517, 518, 469, -1,
      469, 468, 517, -1,
      517, 468, 473, -1,
      517, 473, 475, -1,
      481, 483, 503, -1,
      483, 485, 503, -1,
      503, 485, 487, -1,
      503, 487, 489, -1,
      481, 503, 479, -1,
      479, 503, 505, -1,
      479, 505, 507, -1,
      507, 509, 479, -1,
      479, 509, 511, -1,
      479, 511, 513, -1,
      475, 477, 517, -1,
      517, 477, 479, -1,
      517, 479, 515, -1,
      515, 479, 513, -1,
      489, 491, 503, -1,
      503, 491, 493, -1,
      503, 493, 495, -1,
      495, 497, 503, -1,
      503, 497, 499, -1,
      503, 499, 501, -1,
      514, 478, 516, -1,
      516, 478, 476, -1,
      516, 476, 474, -1,
      471, 519, 470, -1,
      470, 519, 516, -1,
      470, 516, 472, -1,
      472, 516, 474, -1,
      492, 478, 494, -1,
      494, 478, 496, -1,
      514, 512, 478, -1,
      478, 512, 510, -1,
      478, 510, 508, -1,
      508, 506, 478, -1,
      478, 506, 504, -1,
      478, 504, 502, -1,
      502, 500, 478, -1,
      478, 500, 498, -1,
      478, 498, 496, -1,
      492, 490, 478, -1,
      478, 490, 488, -1,
      478, 488, 486, -1,
      486, 484, 478, -1,
      478, 484, 482, -1,
      478, 482, 480, -1,
      520, 521, 522, -1,
      522, 521, 523, -1,
      520, 522, 524, -1,
      520, 524, 525, -1,
      525, 524, 526, -1,
      525, 526, 527, -1,
      527, 526, 528, -1,
      527, 528, 529, -1,
      529, 528, 530, -1,
      529, 530, 531, -1,
      531, 530, 532, -1,
      531, 532, 533, -1,
      533, 532, 534, -1,
      533, 534, 535, -1,
      535, 534, 536, -1,
      535, 536, 537, -1,
      537, 536, 538, -1,
      537, 538, 539, -1,
      539, 538, 540, -1,
      539, 540, 541, -1,
      541, 540, 542, -1,
      541, 542, 543, -1,
      543, 542, 544, -1,
      543, 544, 545, -1,
      545, 544, 546, -1,
      545, 546, 547, -1,
      547, 546, 548, -1,
      547, 548, 549, -1,
      549, 548, 550, -1,
      549, 550, 551, -1,
      551, 550, 552, -1,
      551, 552, 553, -1,
      553, 552, 554, -1,
      553, 554, 555, -1,
      555, 554, 556, -1,
      555, 556, 557, -1,
      557, 556, 558, -1,
      557, 558, 559, -1,
      559, 558, 560, -1,
      559, 560, 561, -1,
      561, 560, 562, -1,
      561, 562, 563, -1,
      563, 562, 564, -1,
      563, 564, 565, -1,
      565, 564, 566, -1,
      565, 566, 567, -1,
      567, 566, 568, -1,
      567, 568, 569, -1,
      570, 569, 571, -1,
      571, 569, 568, -1,
      521, 570, 523, -1,
      523, 570, 571, -1,
      570, 521, 569, -1,
      569, 521, 520, -1,
      569, 520, 567, -1,
      547, 549, 520, -1,
      549, 551, 520, -1,
      520, 551, 553, -1,
      520, 553, 555, -1,
      541, 543, 520, -1,
      520, 543, 545, -1,
      520, 545, 547, -1,
      555, 557, 520, -1,
      520, 557, 559, -1,
      520, 559, 561, -1,
      525, 527, 520, -1,
      520, 527, 529, -1,
      529, 531, 520, -1,
      520, 531, 533, -1,
      520, 533, 535, -1,
      535, 537, 520, -1,
      520, 537, 539, -1,
      520, 539, 541, -1,
      561, 563, 520, -1,
      520, 563, 565, -1,
      520, 565, 567, -1,
      522, 523, 571, -1,
      558, 556, 522, -1,
      522, 556, 554, -1,
      554, 552, 522, -1,
      522, 552, 550, -1,
      522, 550, 548, -1,
      571, 568, 522, -1,
      522, 568, 566, -1,
      522, 566, 564, -1,
      548, 546, 522, -1,
      522, 546, 544, -1,
      522, 544, 542, -1,
      542, 540, 522, -1,
      522, 540, 538, -1,
      522, 538, 536, -1,
      536, 534, 522, -1,
      522, 534, 532, -1,
      522, 532, 530, -1,
      530, 528, 522, -1,
      522, 528, 526, -1,
      522, 526, 524, -1,
      564, 562, 522, -1,
      522, 562, 560, -1,
      522, 560, 558, -1,
      572, 573, 574, -1,
      574, 573, 575, -1,
      572, 574, 576, -1,
      572, 576, 577, -1,
      577, 576, 578, -1,
      577, 578, 579, -1,
      579, 578, 580, -1,
      579, 580, 581, -1,
      581, 580, 582, -1,
      581, 582, 583, -1,
      583, 582, 584, -1,
      583, 584, 585, -1,
      585, 584, 586, -1,
      585, 586, 587, -1,
      587, 586, 588, -1,
      587, 588, 589, -1,
      589, 588, 590, -1,
      589, 590, 591, -1,
      591, 590, 592, -1,
      591, 592, 593, -1,
      593, 592, 594, -1,
      593, 594, 595, -1,
      595, 594, 596, -1,
      595, 596, 597, -1,
      597, 596, 598, -1,
      597, 598, 599, -1,
      599, 598, 600, -1,
      599, 600, 601, -1,
      601, 600, 602, -1,
      601, 602, 603, -1,
      603, 602, 604, -1,
      603, 604, 605, -1,
      605, 604, 606, -1,
      605, 606, 607, -1,
      607, 606, 608, -1,
      607, 608, 609, -1,
      609, 608, 610, -1,
      609, 610, 611, -1,
      611, 610, 612, -1,
      611, 612, 613, -1,
      613, 612, 614, -1,
      613, 614, 615, -1,
      615, 614, 616, -1,
      615, 616, 617, -1,
      617, 616, 618, -1,
      617, 618, 619, -1,
      619, 618, 620, -1,
      619, 620, 621, -1,
      622, 621, 623, -1,
      623, 621, 620, -1,
      573, 622, 575, -1,
      575, 622, 623, -1,
      622, 573, 621, -1,
      621, 573, 572, -1,
      621, 572, 619, -1,
      607, 609, 572, -1,
      572, 609, 611, -1,
      572, 611, 613, -1,
      585, 587, 583, -1,
      583, 587, 581, -1,
      577, 579, 591, -1,
      591, 579, 581, -1,
      591, 581, 589, -1,
      589, 581, 587, -1,
      577, 591, 572, -1,
      572, 591, 593, -1,
      572, 593, 595, -1,
      595, 597, 572, -1,
      572, 597, 599, -1,
      572, 599, 601, -1,
      601, 603, 572, -1,
      572, 603, 605, -1,
      572, 605, 607, -1,
      613, 615, 572, -1,
      572, 615, 617, -1,
      572, 617, 619, -1,
      574, 575, 623, -1,
      576, 574, 590, -1,
      574, 610, 608, -1,
      623, 620, 574, -1,
      574, 620, 618, -1,
      574, 618, 616, -1,
      608, 606, 574, -1,
      574, 606, 604, -1,
      574, 604, 602, -1,
      602, 600, 574, -1,
      574, 600, 598, -1,
      574, 598, 596, -1,
      616, 614, 574, -1,
      574, 614, 612, -1,
      574, 612, 610, -1,
      596, 594, 574, -1,
      574, 594, 592, -1,
      574, 592, 590, -1,
      588, 586, 580, -1,
      580, 586, 584, -1,
      580, 584, 582, -1,
      588, 580, 590, -1,
      590, 580, 578, -1,
      590, 578, 576, -1,
    ]
  }
}
