#VRML V2.0 utf8

Shape {
  appearance Appearance {
    material Material {
      diffuseColor 0.2510 0.2510 0.2510
      specularColor 0.0745 0.0745 0.0745
      ambientIntensity 0.2
      transparency 0.0000
      shininess 0.5
    }
  }
  geometry IndexedFaceSet {
    ccw TRUE
    solid FALSE
    coord DEF co Coordinate {
      point [
        0.469039 0.239096 0.325686,
        0.492126 0.239096 0.161417,
        0.492126 0.545562 0.161417,
        0.469039 0.100791 0.325686,
        0.492126 0.100791 0.161417,
        0.492126 0.122749 0.161417,
        0.466335 0.189574 0.344933,
        0.466335 0.178933 0.344933,
        0.466391 0.178933 0.344531,
        0.466357 0.112759 0.344771,
        0.466391 0.110726 0.344531,
        0.466391 0.122749 0.344531,
        0.449047 0.075600 0.467939,
        0.448985 0.079253 0.468380,
        0.448985 0.060137 0.468380,
        0.448985 -0.068767 0.468380,
        0.449720 -0.060918 0.463155,
        0.448985 0.011015 0.468380,
        0.451504 -0.049786 0.450455,
        0.457744 -0.011389 0.406055,
        0.457744 0.011015 0.406055,
        0.456702 -0.014384 0.413475,
        0.455349 -0.021351 0.423102,
        0.454257 -0.030611 0.430865,
        0.453475 -0.042473 0.436433,
        0.453555 -0.040773 0.435867,
        0.447540 -0.124340 0.478665,
        0.447248 -0.107372 0.480743,
        0.441636 0.011015 0.520670,
        0.447454 -0.093295 0.479279,
        0.448294 -0.076154 0.473298,
        0.456442 -0.223933 0.415323,
        0.448985 -0.764329 0.468380,
        0.457744 -0.225755 0.406055,
        0.457744 -0.773088 0.406055,
        0.458225 -0.226427 0.402637,
        0.448387 -0.140085 0.472633,
        0.441636 -0.756980 0.520670,
        0.448985 -0.147012 0.468380,
        0.449102 -0.148361 0.467552,
        0.454746 -0.218304 0.427392,
        0.453380 -0.210527 0.437109,
        0.453038 -0.207912 0.439543,
        0.451952 -0.196519 0.447271,
        0.451299 -0.183805 0.451915,
        0.451098 -0.171246 0.453345,
        0.450058 -0.156387 0.460744,
        0.451128 -0.167318 0.453134,
        0.451193 -0.163390 0.452669,
        0.465161 -0.202488 0.353284,
        0.463981 -0.212235 0.361680,
        0.466391 -0.781735 0.344531,
        0.466031 -0.190276 0.347091,
        0.462315 -0.220470 0.373534,
        0.460538 -0.225141 0.386176,
        0.458799 -0.226580 0.398549,
        0.466263 -0.184909 0.345444,
        0.466391 -0.184478 0.344531,
        0.467281 -0.181490 0.338197,
        0.468154 -0.176412 0.331988,
        0.492126 0.057257 0.161417,
        0.469039 0.011015 0.325686,
        0.492126 0.011015 0.161417,
        0.469039 -0.138315 0.325686,
        0.469354 -0.144202 0.323449,
        0.492124 -0.807468 0.161430,
        0.492126 -0.807087 0.161417,
        0.469039 -0.784383 0.325686,
        0.469039 -0.166582 0.325686,
        0.468855 -0.169732 0.326998,
        0.469495 -0.152459 0.322444,
        0.469492 -0.153789 0.322469,
        0.469316 -0.161853 0.323717,
        0.466391 -0.120449 0.344531,
        0.466405 -0.120472 0.344434,
        0.467465 -0.124505 0.336890,
        0.468289 -0.129779 0.331030,
        0.468947 -0.136583 0.326344,
        0.463585 -0.076812 0.364500,
        0.463457 -0.074467 0.365410,
        0.460748 -0.070482 0.384681,
        0.461556 -0.126841 0.378931,
        0.458229 -0.081071 0.402608,
        0.460801 -0.132802 0.384307,
        0.460260 -0.140049 0.388156,
        0.463791 -0.078916 0.363033,
        0.462906 -0.014524 0.369327,
        0.464219 -0.021296 0.359989,
        0.466391 0.011015 0.344531,
        0.459338 -0.029999 0.394717,
        0.458424 -0.031595 0.401215,
        0.457744 -0.034222 0.406055,
        0.457744 -0.204213 0.406055,
        0.458154 -0.010214 0.403143,
        0.459702 -0.008658 0.392123,
        0.461402 -0.010230 0.380033,
        0.463410 -0.071848 0.365739,
        0.463414 -0.071516 0.365715,
        0.463445 -0.070491 0.365491,
        0.460595 -0.202219 0.385769,
        0.461565 -0.198127 0.378868,
        0.462054 -0.180783 0.375392,
        0.462441 -0.192001 0.372640,
        0.463078 -0.184567 0.368107,
        0.460481 -0.168147 0.386585,
        0.461156 -0.175133 0.381783,
        0.458704 -0.205061 0.399226,
        0.459431 -0.204659 0.394052,
        0.460080 -0.160601 0.389440,
        0.459940 -0.152459 0.390431,
        0.459975 -0.148293 0.390186,
        0.465314 -0.030598 0.352193,
        0.466024 -0.041020 0.347145,
        0.466358 -0.052379 0.344768,
        0.464884 -0.082437 0.355254,
        0.464710 -0.082363 0.356493,
        0.464266 -0.118302 0.359651,
        0.464347 -0.081701 0.359074,
        0.464021 -0.080407 0.361396,
        0.462263 -0.036763 0.373900,
        0.461522 -0.033006 0.379177,
        0.460674 -0.030654 0.385206,
        0.459750 -0.029835 0.391784,
        0.466358 -0.072531 0.344768,
        0.466315 -0.074456 0.345075,
        0.466191 -0.076715 0.345956,
        0.465972 -0.078930 0.347515,
        0.465859 -0.079724 0.348316,
        0.465561 -0.081213 0.350441,
        0.465238 -0.082113 0.352734,
        0.465231 -0.118483 0.352787,
        0.464741 -0.118302 0.356269,
        0.463458 -0.069799 0.365401,
        0.463458 -0.054428 0.365401,
        0.463296 -0.048322 0.366556,
        0.462908 -0.042292 0.369316,
        0.462334 -0.037237 0.373395,
        0.453208 -0.066472 0.438333,
        0.451923 -0.074143 0.447478,
        0.454663 -0.152801 0.427977,
        0.451791 -0.075186 0.448420,
        0.450865 -0.084789 0.455002,
        0.450296 -0.095505 0.459053,
        0.454475 -0.155286 0.429320,
        0.454087 -0.162947 0.432080,
        0.457604 -0.034765 0.407056,
        0.456987 -0.038730 0.411443,
        0.456042 -0.056478 0.418168,
        0.456472 -0.044028 0.415105,
        0.456153 -0.049991 0.417376,
        0.456042 -0.059210 0.418168,
        0.454743 -0.061244 0.427414,
        0.454252 -0.182855 0.430902,
        0.454814 -0.190473 0.426908,
        0.453976 -0.174420 0.432872,
        0.455548 -0.196390 0.421686,
        0.456495 -0.201122 0.414947,
        0.453950 -0.170904 0.433051,
        0.457555 -0.204046 0.407402,
        0.450319 -0.119440 0.458887,
        0.450944 -0.130624 0.454443,
        0.450100 -0.107030 0.460449,
        0.451901 -0.140037 0.447633,
        0.453178 -0.147667 0.438547,
        0.453899 0.211741 0.433417,
        0.453899 0.194112 0.433417,
        0.455728 0.216641 0.420405,
        0.457744 0.194112 0.406055,
        0.455728 0.223493 0.420405,
        0.457744 0.239096 0.406055,
        0.450668 0.194112 0.456405,
        0.449042 0.198563 0.467979,
        0.448985 0.194112 0.468380,
        0.449042 0.205195 0.467979,
        0.448985 0.239096 0.468380,
        0.455728 0.180265 0.420405,
        0.457744 0.178933 0.406055,
        0.455728 0.187118 0.420405,
        0.453899 0.191735 0.433417,
        0.454965 0.109775 0.425828,
        0.454965 0.122749 0.425828,
        0.452716 0.109775 0.441833,
        0.452716 0.122749 0.441833,
        0.448985 0.122749 0.468380,
        0.449042 0.128319 0.467979,
        0.448985 0.133949 0.468380,
        0.449811 0.128319 0.462506,
        0.452716 0.126955 0.441833,
        0.454965 0.129411 0.425828,
        0.451950 0.126955 0.447281,
        0.449811 0.122749 0.462506,
        0.451950 0.122749 0.447281,
        0.449811 0.109775 0.462506,
        0.451950 0.109775 0.447281,
        0.455728 0.103573 0.420405,
        0.457744 0.100791 0.406055,
        0.455728 0.122749 0.420405,
        0.457744 0.122749 0.406055,
        0.455728 0.129411 0.420405,
        0.457744 0.133949 0.406055,
        0.448985 0.100791 0.468380,
        0.449042 0.103573 0.467979,
        0.449042 0.122749 0.467979,
        0.450065 0.093422 0.460701,
        0.454752 0.091906 0.427348,
        0.454624 0.093957 0.428261,
        0.450105 0.093957 0.460415,
        0.455564 0.091906 0.421570,
        0.457744 0.091906 0.406055,
        0.455507 0.093138 0.421970,
        0.455451 0.093957 0.422375,
        0.454807 0.073302 0.426959,
        0.454991 0.076726 0.425650,
        0.455071 0.081554 0.425074,
        0.449984 0.091906 0.461272,
        0.449806 0.088549 0.462537,
        0.454919 0.089239 0.426161,
        0.449708 0.082635 0.463236,
        0.455059 0.083806 0.425158,
        0.451535 0.065299 0.450235,
        0.452460 0.064496 0.443657,
        0.452822 0.064611 0.441079,
        0.453465 0.065506 0.436504,
        0.449719 0.080769 0.463162,
        0.449831 0.076590 0.462364,
        0.450074 0.072813 0.460631,
        0.453989 0.067175 0.432777,
        0.454367 0.069212 0.430085,
        0.454498 0.070161 0.429155,
        0.450450 0.069543 0.457958,
        0.450959 0.066915 0.454334,
        0.448985 0.087707 0.468380,
        0.448998 0.088895 0.468287,
        0.448985 0.091906 0.468380,
        0.449120 0.091906 0.467424,
        0.449202 0.093957 0.466836,
        0.441636 0.091906 0.520670,
        0.448929 0.082573 0.468781,
        0.448929 0.082611 0.468781,
        0.450546 0.061443 0.457270,
        0.449913 0.064926 0.461777,
        0.449758 0.066090 0.462878,
        0.449319 0.070584 0.466004,
        0.448985 0.057257 0.468380,
        0.451289 0.059161 0.451985,
        0.450972 0.060137 0.454245,
        0.454028 0.060137 0.432500,
        0.453606 0.058946 0.435503,
        0.457744 0.057257 0.406055,
        0.452511 0.057987 0.443292,
        0.452162 0.058072 0.445774,
        0.455672 0.072550 0.420800,
        0.455374 0.068016 0.422917,
        0.457744 0.060137 0.406055,
        0.454928 0.064152 0.426096,
        0.454302 0.060910 0.430548,
        0.455743 0.087980 0.420295,
        0.455841 0.080657 0.419602,
        0.455821 0.077757 0.419738,
        0.436025 0.011015 0.560597,
        0.436025 -0.751369 0.560597,
        0.441636 0.545562 0.520670,
        0.441636 0.756980 0.520670,
        0.436025 0.751369 0.560597,
        0.448985 0.545562 0.468380,
        0.448985 0.764329 0.468380,
        0.466391 0.545562 0.344531,
        0.457744 0.773088 0.406055,
        0.457744 0.545562 0.406055,
        0.466391 0.781735 0.344531,
        0.469039 0.545562 0.325686,
        0.469039 0.784383 0.325686,
        0.492126 0.807087 0.161417,
        0.492124 0.807468 0.161430,
        0.464090 0.064519 0.360904,
        0.462708 0.065638 0.370739,
        0.464362 0.063281 0.358967,
        0.464669 0.062557 0.356780,
        0.466391 0.091906 0.344531,
        0.466335 0.089856 0.344933,
        0.466335 0.083838 0.344933,
        0.462160 0.078939 0.374635,
        0.462130 0.076887 0.374849,
        0.463497 0.073670 0.365120,
        0.462557 0.089265 0.371815,
        0.463261 0.089856 0.366798,
        0.463863 0.066274 0.362515,
        0.463678 0.068686 0.363838,
        0.462344 0.069793 0.373325,
        0.462174 0.073563 0.374533,
        0.466268 0.067259 0.345406,
        0.466071 0.065233 0.346806,
        0.466391 0.060137 0.344531,
        0.465995 0.064683 0.347346,
        0.465744 0.063404 0.349130,
        0.465596 0.083838 0.350187,
        0.465596 0.083678 0.350187,
        0.465812 0.082648 0.348651,
        0.466092 0.080736 0.346660,
        0.465468 0.062639 0.351100,
        0.465056 0.062285 0.354030,
        0.461894 0.065638 0.376528,
        0.463299 0.083838 0.366531,
        0.462931 0.083632 0.369147,
        0.462632 0.083011 0.371277,
        0.462459 0.082306 0.372506,
        0.461795 0.066863 0.377231,
        0.461554 0.071335 0.378952,
        0.461450 0.077452 0.379689,
        0.461512 0.081636 0.379244,
        0.461630 0.084039 0.378411,
        0.461798 0.085948 0.377212,
        0.461939 0.087001 0.376205,
        0.462198 0.088274 0.374366,
        0.462324 0.081398 0.373467,
        0.462228 0.080331 0.374150,
        0.466274 0.078749 0.345363,
        0.466391 0.076455 0.344531,
        0.469039 0.091906 0.325686,
        0.466398 0.076317 0.344482,
        0.466447 0.073166 0.344130,
        0.469039 0.060137 0.325686,
        0.466391 0.069676 0.344531,
        0.466389 0.069567 0.344544,
        0.466303 0.100791 0.345157,
        0.466167 0.098010 0.346125,
        0.465302 0.098010 0.352278,
        0.462848 0.098047 0.369742,
        0.462550 0.098281 0.371861,
        0.463430 0.098973 0.365600,
        0.463174 0.098308 0.367418,
        0.465530 0.100718 0.350659,
        0.465533 0.100791 0.350634,
        0.463752 0.100791 0.363312,
        0.463603 0.099754 0.364367,
        0.463746 0.100738 0.363347,
        0.466374 0.102239 0.344654,
        0.466391 0.100791 0.344531,
        0.466391 0.103422 0.344531,
        0.466447 0.107319 0.344130,
        0.461662 0.119538 0.378181,
        0.462475 0.119538 0.372393,
        0.461829 0.101903 0.376990,
        0.461703 0.103380 0.377889,
        0.462280 0.098995 0.373780,
        0.462054 0.100109 0.375391,
        0.461969 0.100791 0.375999,
        0.465371 0.120898 0.351786,
        0.465637 0.120161 0.349897,
        0.465858 0.119041 0.348325,
        0.461530 0.106604 0.379120,
        0.461450 0.111408 0.379689,
        0.461502 0.115630 0.379319,
        0.464246 0.119169 0.359794,
        0.464476 0.120290 0.358157,
        0.464723 0.120933 0.356401,
        0.465035 0.121183 0.354176,
        0.466068 0.117315 0.346830,
        0.466187 0.115923 0.345981,
        0.462130 0.110819 0.374849,
        0.462149 0.109037 0.374717,
        0.462773 0.104248 0.370277,
        0.462208 0.107428 0.374295,
        0.462308 0.106078 0.373585,
        0.462884 0.104303 0.369484,
        0.463014 0.104542 0.368558,
        0.463127 0.104976 0.367754,
        0.463217 0.105563 0.367115,
        0.463402 0.107684 0.365802,
        0.462201 0.115016 0.374344,
        0.463627 0.111408 0.364196,
        0.462384 0.118422 0.373040,
        0.463759 0.113738 0.363263,
        0.464068 0.117735 0.361061,
        0.462420 0.105170 0.372790,
        0.462526 0.104654 0.372031,
        0.462639 0.104357 0.371227,
        0.465714 0.104509 0.349347,
        0.464236 0.107159 0.359867,
        0.464007 0.103572 0.361495,
        0.465764 0.107908 0.348995,
        0.465763 0.108174 0.348996,
        0.464466 0.111110 0.358228,
        0.465715 0.111259 0.349339,
        0.465118 0.115006 0.353592,
        0.465013 0.114947 0.354333,
        0.465636 0.112811 0.349902,
        0.465590 0.113360 0.350231,
        0.465505 0.114050 0.350838,
        0.465396 0.114576 0.351607,
        0.465278 0.114881 0.352455,
        0.464883 0.114674 0.355263,
        0.464772 0.114209 0.356053,
        0.464663 0.113459 0.356826,
        0.466391 0.143563 0.344531,
        0.466335 0.163736 0.344933,
        0.461559 0.157252 0.378911,
        0.459648 0.163736 0.392507,
        0.465148 0.140009 0.353373,
        0.465541 0.140746 0.350576,
        0.465541 0.140906 0.350576,
        0.465378 0.141182 0.351740,
        0.465155 0.141643 0.353324,
        0.462722 0.133949 0.370637,
        0.461559 0.151013 0.378911,
        0.466391 0.133949 0.344531,
        0.464970 0.133949 0.354642,
        0.461559 0.124315 0.378911,
        0.461559 0.131044 0.378911,
        0.466324 0.137774 0.345006,
        0.466391 0.137572 0.344531,
        0.467193 0.135134 0.338828,
        0.469039 0.122749 0.325686,
        0.468515 0.125555 0.329415,
        0.467770 0.125555 0.334718,
        0.467673 0.132795 0.335410,
        0.467501 0.133917 0.336634,
        0.467493 0.133949 0.336692,
        0.467826 0.126786 0.334318,
        0.467866 0.128969 0.334037,
        0.468435 0.133949 0.329991,
        0.468545 0.131869 0.329206,
        0.469039 0.133949 0.325686,
        0.468584 0.129436 0.328929,
        0.468577 0.128107 0.328976,
        0.467838 0.130567 0.334235,
        0.467764 0.131869 0.334761,
        0.469039 0.178933 0.325686,
        0.467056 0.141680 0.339801,
        0.467795 0.138952 0.334543,
        0.468163 0.136750 0.331926,
        0.468215 0.136344 0.331557,
        0.468419 0.134243 0.330102,
        0.465572 0.169937 0.350357,
        0.465572 0.178933 0.350357,
        0.463323 0.169937 0.366361,
        0.463323 0.178933 0.366361,
        0.459648 0.178933 0.392507,
        0.459648 0.188481 0.392507,
        0.460418 0.188481 0.387035,
        0.463323 0.187118 0.366361,
        0.465572 0.189574 0.350357,
        0.462557 0.187118 0.371809,
        0.460418 0.178933 0.387035,
        0.462557 0.178933 0.371809,
        0.460418 0.169937 0.387035,
        0.462557 0.169937 0.371809,
        0.469039 0.057257 0.325686,
        0.492126 0.060137 0.161417,
        0.492126 0.091906 0.161417,
        0.492126 0.133949 0.161417,
        0.492126 0.178933 0.161417,
        0.492126 0.194112 0.161417,
        0.469039 0.194112 0.325686,
        0.466391 0.194112 0.344531,
        0.466391 0.239096 0.344531,
        0.466391 0.057257 0.344531,
        0.466335 0.056526 0.344933,
        0.466335 0.030687 0.344933,
        0.465572 0.056526 0.350357,
        0.460418 0.055433 0.387035,
        0.459648 0.030687 0.392507,
        0.459648 0.055433 0.392507,
        0.463323 0.036889 0.366361,
        0.465572 0.036889 0.350357,
        0.463323 0.054070 0.366361,
        0.462557 0.054070 0.371809,
        0.462557 0.036889 0.371809,
        0.460418 0.036889 0.387035,
        0.466335 0.211863 0.344933,
        0.466335 0.198649 0.344933,
        0.464114 0.236457 0.360733,
        0.464806 0.234092 0.355812,
        0.465398 0.230518 0.351597,
        0.465896 0.225530 0.348050,
        0.466195 0.220060 0.345926,
        0.459648 0.198649 0.392507,
        0.459648 0.212355 0.392507,
        0.459761 0.219689 0.391705,
        0.460056 0.225487 0.389608,
        0.460534 0.230518 0.386208,
        0.460761 0.232193 0.384587,
        0.461344 0.235172 0.380444,
        0.461981 0.236955 0.375913,
        0.462906 0.237763 0.369328,
        0.463331 0.237619 0.366304,
        0.466335 0.247281 0.344933,
        0.466335 0.240428 0.344933,
        0.466335 0.276803 0.344933,
        0.464506 0.271903 0.357945,
        0.464506 0.251898 0.357945,
        0.459648 0.258726 0.392507,
        0.459648 0.265357 0.392507,
        0.466335 0.283656 0.344933,
        0.449042 0.036889 0.467979,
        0.454965 0.036889 0.425828,
        0.454965 0.056022 0.425828,
        0.455728 0.030687 0.420405,
        0.449042 0.030687 0.467979,
        0.455728 0.056022 0.420405,
        0.455728 0.138487 0.420405,
        0.452724 0.177457 0.441776,
        0.453507 0.176294 0.436205,
        0.454199 0.173930 0.431284,
        0.454791 0.170355 0.427069,
        0.450737 0.175009 0.455916,
        0.451374 0.176792 0.451385,
        0.448985 0.178933 0.468380,
        0.452299 0.177600 0.444800,
        0.455289 0.165367 0.423522,
        0.455588 0.159898 0.421398,
        0.455728 0.151701 0.420405,
        0.449042 0.138487 0.467979,
        0.449042 0.152192 0.467979,
        0.449154 0.159526 0.467177,
        0.449449 0.165324 0.465080,
        0.449927 0.170355 0.461680,
        0.450155 0.172031 0.460058,
        0.441636 0.060137 0.520670,
        0.441636 0.057257 0.520670,
        0.441636 0.239096 0.520670,
        0.441636 0.194112 0.520670,
        0.441636 0.178933 0.520670,
        0.441636 0.133949 0.520670,
        0.441636 0.122749 0.520670,
        0.441636 0.100791 0.520670,
        0.436025 0.545562 0.560597,
        0.436025 0.239096 0.560597,
        0.436025 0.194112 0.560597,
        0.436025 0.178933 0.560597,
        0.436025 0.133949 0.560597,
        0.436025 0.122749 0.560597,
        0.436025 0.100791 0.560597,
        0.436025 0.091906 0.560597,
        0.436025 0.060137 0.560597,
        0.436025 0.057257 0.560597,
        -0.492126 0.807087 0.043307,
        -0.492126 0.669291 0.043307,
        -0.492126 0.807087 0.161417,
        -0.492126 0.669291 0.157480,
        -0.492126 0.511811 0.043307,
        -0.492126 0.078740 0.043307,
        -0.492126 0.511811 0.157480,
        -0.492126 0.078740 0.157480,
        -0.492126 -0.078740 0.157480,
        -0.492126 -0.807087 0.161417,
        -0.492126 -0.669291 0.043307,
        -0.492126 -0.807087 0.043307,
        -0.492126 -0.669291 0.157480,
        -0.492126 -0.511811 0.157480,
        -0.492126 -0.511811 0.043307,
        -0.492126 -0.078740 0.043307,
        -0.360236 -0.511811 0.003937,
        -0.452756 -0.511811 0.003937,
        -0.452756 -0.078740 0.003937,
        -0.452756 -0.807087 0.003937,
        -0.452756 -0.669291 0.003937,
        -0.360236 -0.669291 0.003937,
        -0.156747 -0.340551 0.003937,
        0.452756 -0.340551 0.003937,
        0.452756 -0.807087 0.003937,
        -0.360236 -0.078740 0.003937,
        -0.462946 -0.807087 0.005278,
        -0.462946 -0.669291 0.005278,
        -0.472441 -0.807087 0.009211,
        -0.472441 -0.669291 0.009211,
        -0.480595 -0.807087 0.015468,
        -0.480595 -0.669291 0.015468,
        -0.486852 -0.807087 0.023622,
        -0.486852 -0.669291 0.023622,
        -0.490785 -0.807087 0.033117,
        -0.490785 -0.669291 0.033117,
        -0.462946 -0.511811 0.005278,
        -0.462946 -0.078740 0.005278,
        -0.472441 -0.511811 0.009211,
        -0.472441 -0.078740 0.009211,
        -0.480595 -0.511811 0.015468,
        -0.480595 -0.078740 0.015468,
        -0.486852 -0.511811 0.023622,
        -0.486852 -0.078740 0.023622,
        -0.490785 -0.511811 0.033117,
        -0.490785 -0.078740 0.033117,
        -0.360236 0.669291 0.003937,
        -0.452756 0.669291 0.003937,
        -0.452756 0.807087 0.003937,
        -0.452756 0.078740 0.003937,
        -0.452756 0.511811 0.003937,
        -0.360236 0.511811 0.003937,
        0.452756 0.807087 0.003937,
        0.452756 0.340551 0.003937,
        -0.156747 0.340551 0.003937,
        -0.360236 0.078740 0.003937,
        -0.462946 0.078740 0.005278,
        -0.462946 0.511811 0.005278,
        -0.472441 0.078740 0.009211,
        -0.472441 0.511811 0.009211,
        -0.480595 0.078740 0.015468,
        -0.480595 0.511811 0.015468,
        -0.486852 0.078740 0.023622,
        -0.486852 0.511811 0.023622,
        -0.490785 0.078740 0.033117,
        -0.490785 0.511811 0.033117,
        0.492126 0.807087 0.043307,
        0.492126 0.340551 0.043307,
        0.492126 0.340551 0.157480,
        0.492126 -0.340551 0.157480,
        0.492126 -0.807087 0.043307,
        0.492126 -0.340551 0.043307,
        0.462946 -0.340551 0.005278,
        0.462946 -0.807087 0.005278,
        0.472441 -0.340551 0.009211,
        0.472441 -0.807087 0.009211,
        0.480595 -0.340551 0.015468,
        0.480595 -0.807087 0.015468,
        0.486852 -0.340551 0.023622,
        0.486852 -0.807087 0.023622,
        0.490785 -0.340551 0.033117,
        0.490785 -0.807087 0.033117,
        0.462946 0.807087 0.005278,
        0.462946 0.340551 0.005278,
        0.472441 0.807087 0.009211,
        0.472441 0.340551 0.009211,
        0.480595 0.807087 0.015468,
        0.480595 0.340551 0.015468,
        0.486852 0.807087 0.023622,
        0.486852 0.340551 0.023622,
        0.490785 0.807087 0.033117,
        0.490785 0.340551 0.033117,
        -0.462946 0.669291 0.005278,
        -0.462946 0.807087 0.005278,
        -0.472441 0.669291 0.009211,
        -0.472441 0.807087 0.009211,
        -0.480595 0.669291 0.015468,
        -0.480595 0.807087 0.015468,
        -0.486852 0.669291 0.023622,
        -0.486852 0.807087 0.023622,
        -0.490785 0.669291 0.033117,
        -0.490785 0.807087 0.033117,
        0.452756 0.846457 0.043307,
        -0.452756 0.846457 0.043307,
        0.452756 0.846457 0.161417,
        -0.452756 0.846457 0.161417,
        0.452756 -0.846457 0.161417,
        -0.452756 -0.846457 0.161417,
        0.452756 -0.846457 0.043307,
        -0.452756 -0.846457 0.043307,
        -0.397038 0.751369 0.594488,
        -0.397038 -0.751369 0.594488,
        0.397038 0.751369 0.594488,
        0.397038 -0.751369 0.594488,
        -0.453137 0.846455 0.161430,
        -0.397038 0.790356 0.560597,
        0.397038 0.790356 0.560597,
        0.453137 0.846455 0.161430,
        -0.492124 -0.807468 0.161430,
        -0.436025 -0.751369 0.560597,
        -0.436025 0.751369 0.560597,
        -0.492124 0.807468 0.161430,
        0.453137 -0.846455 0.161430,
        0.397038 -0.790356 0.560597,
        -0.397038 -0.790356 0.560597,
        -0.453137 -0.846455 0.161430,
        -0.397038 -0.788060 0.569392,
        0.397038 -0.788060 0.569392,
        -0.397038 -0.787928 0.569638,
        0.397038 -0.787928 0.569638,
        -0.397038 -0.783617 0.577703,
        0.397038 -0.783617 0.577703,
        -0.397038 -0.783467 0.577870,
        0.397038 -0.783467 0.577870,
        -0.397038 -0.777325 0.584720,
        0.397038 -0.777325 0.584720,
        -0.397038 -0.777187 0.584815,
        0.397038 -0.777187 0.584815,
        -0.397038 -0.769546 0.590041,
        0.397038 -0.769546 0.590041,
        -0.397038 -0.769441 0.590080,
        0.397038 -0.769441 0.590080,
        -0.397038 -0.760726 0.593360,
        0.397038 -0.760726 0.593360,
        -0.397038 -0.760670 0.593367,
        0.397038 -0.760670 0.593367,
        0.429137 -0.751369 0.577870,
        0.422994 -0.751369 0.584720,
        0.422110 -0.758087 0.584720,
        0.414596 -0.756073 0.590041,
        0.406076 -0.753791 0.593360,
        0.405141 -0.756047 0.593360,
        0.401717 -0.759472 0.593360,
        0.403654 -0.757985 0.593360,
        0.399460 -0.760407 0.593360,
        0.406339 -0.751369 0.593367,
        0.432479 -0.760865 0.569392,
        0.434507 -0.761407 0.561795,
        0.434536 -0.761339 0.561789,
        0.430554 -0.770647 0.562538,
        0.428814 -0.769715 0.569392,
        0.430516 -0.770696 0.562539,
        0.422983 -0.777313 0.569392,
        0.424343 -0.778673 0.562793,
        0.415384 -0.783144 0.569392,
        0.416365 -0.784846 0.562539,
        0.416317 -0.784884 0.562538,
        0.406535 -0.786810 0.569392,
        0.407076 -0.788837 0.561795,
        0.407009 -0.788867 0.561789,
        0.422856 -0.751369 0.584815,
        0.415215 -0.751369 0.590041,
        0.415111 -0.751369 0.590080,
        0.406395 -0.751369 0.593360,
        0.412780 -0.760457 0.590041,
        0.409891 -0.764222 0.590041,
        0.406127 -0.767111 0.590041,
        0.401743 -0.768927 0.590041,
        0.419517 -0.764347 0.584720,
        0.415392 -0.769722 0.584720,
        0.410016 -0.773848 0.584720,
        0.403756 -0.776441 0.584720,
        0.433598 -0.751369 0.569638,
        0.429286 -0.751369 0.577703,
        0.428187 -0.759715 0.577703,
        0.424965 -0.767493 0.577703,
        0.419841 -0.774171 0.577703,
        0.413162 -0.779296 0.577703,
        0.405384 -0.782518 0.577703,
        0.433730 -0.751369 0.569392,
        -0.403756 -0.776441 0.584720,
        -0.401743 -0.768927 0.590041,
        -0.399460 -0.760407 0.593360,
        -0.401717 -0.759472 0.593360,
        -0.405141 -0.756047 0.593360,
        -0.403654 -0.757985 0.593360,
        -0.406076 -0.753791 0.593360,
        -0.406535 -0.786810 0.569392,
        -0.407076 -0.788837 0.561795,
        -0.407009 -0.788867 0.561789,
        -0.416317 -0.784884 0.562538,
        -0.415384 -0.783144 0.569392,
        -0.416365 -0.784846 0.562539,
        -0.422983 -0.777313 0.569392,
        -0.424343 -0.778673 0.562793,
        -0.428814 -0.769715 0.569392,
        -0.430516 -0.770696 0.562539,
        -0.430554 -0.770647 0.562538,
        -0.432479 -0.760865 0.569392,
        -0.434507 -0.761407 0.561795,
        -0.434536 -0.761339 0.561789,
        -0.433730 -0.751369 0.569392,
        -0.406339 -0.751369 0.593367,
        -0.406127 -0.767111 0.590041,
        -0.409891 -0.764222 0.590041,
        -0.412780 -0.760457 0.590041,
        -0.414596 -0.756073 0.590041,
        -0.406395 -0.751369 0.593360,
        -0.415111 -0.751369 0.590080,
        -0.415215 -0.751369 0.590041,
        -0.422856 -0.751369 0.584815,
        -0.410016 -0.773848 0.584720,
        -0.415392 -0.769722 0.584720,
        -0.419517 -0.764347 0.584720,
        -0.422110 -0.758087 0.584720,
        -0.405384 -0.782518 0.577703,
        -0.413162 -0.779296 0.577703,
        -0.419841 -0.774171 0.577703,
        -0.424965 -0.767493 0.577703,
        -0.428187 -0.759715 0.577703,
        -0.422994 -0.751369 0.584720,
        -0.429137 -0.751369 0.577870,
        -0.429286 -0.751369 0.577703,
        -0.433598 -0.751369 0.569638,
        0.490753 -0.817272 0.162017,
        0.490718 -0.817522 0.162032,
        0.486837 -0.826765 0.162406,
        0.486788 -0.826881 0.162410,
        0.480595 -0.834926 0.162539,
        0.472551 -0.841119 0.162410,
        0.472435 -0.841167 0.162406,
        0.463191 -0.845049 0.162032,
        0.462941 -0.845083 0.162017,
        0.433730 0.751369 0.569392,
        0.433598 0.751369 0.569638,
        0.429286 0.751369 0.577703,
        0.429137 0.751369 0.577870,
        0.422994 0.751369 0.584720,
        0.422856 0.751369 0.584815,
        0.415215 0.751369 0.590041,
        0.415111 0.751369 0.590080,
        0.406395 0.751369 0.593360,
        0.406339 0.751369 0.593367,
        0.397038 0.788060 0.569392,
        -0.397038 0.788060 0.569392,
        0.397038 0.787928 0.569638,
        -0.397038 0.787928 0.569638,
        0.397038 0.783617 0.577703,
        -0.397038 0.783617 0.577703,
        0.397038 0.783467 0.577870,
        -0.397038 0.783467 0.577870,
        0.397038 0.777325 0.584720,
        -0.397038 0.777325 0.584720,
        0.397038 0.777187 0.584815,
        -0.397038 0.777187 0.584815,
        0.397038 0.769546 0.590041,
        -0.397038 0.769546 0.590041,
        0.397038 0.769441 0.590080,
        -0.397038 0.769441 0.590080,
        0.397038 0.760726 0.593360,
        -0.397038 0.760726 0.593360,
        0.397038 0.760670 0.593367,
        -0.397038 0.760670 0.593367,
        -0.433730 0.751369 0.569392,
        -0.433598 0.751369 0.569638,
        -0.429286 0.751369 0.577703,
        -0.429137 0.751369 0.577870,
        -0.422994 0.751369 0.584720,
        -0.422856 0.751369 0.584815,
        -0.415215 0.751369 0.590041,
        -0.415111 0.751369 0.590080,
        -0.406395 0.751369 0.593360,
        -0.406339 0.751369 0.593367,
        -0.472551 -0.841119 0.162410,
        -0.472435 -0.841167 0.162406,
        -0.463191 -0.845049 0.162032,
        -0.462941 -0.845083 0.162017,
        -0.480595 -0.834926 0.162539,
        -0.486788 -0.826881 0.162410,
        -0.486837 -0.826765 0.162406,
        -0.490718 -0.817522 0.162032,
        -0.490753 -0.817272 0.162017,
        0.462946 -0.845115 0.043307,
        0.472441 -0.841182 0.043307,
        0.480595 -0.834926 0.043307,
        0.486852 -0.826772 0.043307,
        0.490785 -0.817276 0.043307,
        0.403756 0.776441 0.584720,
        0.401743 0.768927 0.590041,
        0.399460 0.760407 0.593360,
        0.401717 0.759472 0.593360,
        0.405141 0.756047 0.593360,
        0.403654 0.757985 0.593360,
        0.406076 0.753791 0.593360,
        0.406535 0.786810 0.569392,
        0.407076 0.788837 0.561795,
        0.407009 0.788867 0.561789,
        0.416317 0.784884 0.562538,
        0.415384 0.783144 0.569392,
        0.416365 0.784846 0.562539,
        0.422983 0.777313 0.569392,
        0.424343 0.778673 0.562793,
        0.428814 0.769715 0.569392,
        0.430516 0.770696 0.562539,
        0.430554 0.770647 0.562538,
        0.432479 0.760865 0.569392,
        0.434507 0.761407 0.561795,
        0.434536 0.761339 0.561789,
        0.406127 0.767111 0.590041,
        0.409891 0.764222 0.590041,
        0.412780 0.760457 0.590041,
        0.414596 0.756073 0.590041,
        0.410016 0.773848 0.584720,
        0.415392 0.769722 0.584720,
        0.419517 0.764347 0.584720,
        0.422110 0.758087 0.584720,
        0.405384 0.782518 0.577703,
        0.413162 0.779296 0.577703,
        0.419841 0.774171 0.577703,
        0.424965 0.767493 0.577703,
        0.428187 0.759715 0.577703,
        -0.422110 0.758087 0.584720,
        -0.414596 0.756073 0.590041,
        -0.406076 0.753791 0.593360,
        -0.405141 0.756047 0.593360,
        -0.401717 0.759472 0.593360,
        -0.403654 0.757985 0.593360,
        -0.399460 0.760407 0.593360,
        -0.432479 0.760865 0.569392,
        -0.434507 0.761407 0.561795,
        -0.434536 0.761339 0.561789,
        -0.430554 0.770647 0.562538,
        -0.428814 0.769715 0.569392,
        -0.430516 0.770696 0.562539,
        -0.422983 0.777313 0.569392,
        -0.424343 0.778673 0.562793,
        -0.415384 0.783144 0.569392,
        -0.416365 0.784846 0.562539,
        -0.416317 0.784884 0.562538,
        -0.406535 0.786810 0.569392,
        -0.407076 0.788837 0.561795,
        -0.407009 0.788867 0.561789,
        -0.412780 0.760457 0.590041,
        -0.409891 0.764222 0.590041,
        -0.406127 0.767111 0.590041,
        -0.401743 0.768927 0.590041,
        -0.419517 0.764347 0.584720,
        -0.415392 0.769722 0.584720,
        -0.410016 0.773848 0.584720,
        -0.403756 0.776441 0.584720,
        -0.428187 0.759715 0.577703,
        -0.424965 0.767493 0.577703,
        -0.419841 0.774171 0.577703,
        -0.413162 0.779296 0.577703,
        -0.405384 0.782518 0.577703,
        -0.490785 -0.817276 0.043307,
        -0.486852 -0.826772 0.043307,
        -0.480595 -0.834926 0.043307,
        -0.472441 -0.841182 0.043307,
        -0.462946 -0.845115 0.043307,
        0.452756 -0.817276 0.005278,
        -0.452756 -0.817276 0.005278,
        0.452756 -0.826772 0.009211,
        -0.452756 -0.826772 0.009211,
        0.452756 -0.834926 0.015468,
        -0.452756 -0.834926 0.015468,
        0.452756 -0.841182 0.023622,
        -0.452756 -0.841182 0.023622,
        0.452756 -0.845115 0.033117,
        -0.452756 -0.845115 0.033117,
        0.489489 -0.816929 0.033117,
        0.485690 -0.826101 0.033117,
        0.485690 -0.815911 0.023622,
        0.482283 -0.824134 0.023622,
        0.479646 -0.814292 0.015468,
        0.476865 -0.821006 0.015468,
        0.471770 -0.812181 0.009211,
        0.469804 -0.816929 0.009211,
        0.462598 -0.809724 0.005278,
        0.461580 -0.812181 0.005278,
        0.479646 -0.833977 0.033117,
        0.476865 -0.831196 0.023622,
        0.472441 -0.826772 0.015468,
        0.466675 -0.821006 0.009211,
        0.459961 -0.814292 0.005278,
        0.471770 -0.840020 0.033117,
        0.462598 -0.843819 0.033117,
        0.469804 -0.836614 0.023622,
        0.461580 -0.840020 0.023622,
        0.466675 -0.831196 0.015468,
        0.459961 -0.833977 0.015468,
        0.462598 -0.824134 0.009211,
        0.457851 -0.826101 0.009211,
        0.457851 -0.815911 0.005278,
        0.455393 -0.816929 0.005278,
        0.472551 0.841119 0.162410,
        0.472435 0.841167 0.162406,
        0.463191 0.845049 0.162032,
        0.462941 0.845083 0.162017,
        0.480595 0.834926 0.162539,
        0.486788 0.826881 0.162410,
        0.486837 0.826765 0.162406,
        0.490718 0.817522 0.162032,
        0.490753 0.817272 0.162017,
        -0.486788 0.826881 0.162410,
        -0.486837 0.826765 0.162406,
        -0.490718 0.817522 0.162032,
        -0.490753 0.817272 0.162017,
        -0.480595 0.834926 0.162539,
        -0.472551 0.841119 0.162410,
        -0.472435 0.841167 0.162406,
        -0.463191 0.845049 0.162032,
        -0.462941 0.845083 0.162017,
        -0.462598 -0.843819 0.033117,
        -0.471770 -0.840020 0.033117,
        -0.461580 -0.840020 0.023622,
        -0.469804 -0.836614 0.023622,
        -0.459961 -0.833977 0.015468,
        -0.466675 -0.831196 0.015468,
        -0.457851 -0.826101 0.009211,
        -0.462598 -0.824134 0.009211,
        -0.455393 -0.816929 0.005278,
        -0.457851 -0.815911 0.005278,
        -0.479646 -0.833977 0.033117,
        -0.476865 -0.831196 0.023622,
        -0.472441 -0.826772 0.015468,
        -0.466675 -0.821006 0.009211,
        -0.459961 -0.814292 0.005278,
        -0.485690 -0.826101 0.033117,
        -0.489489 -0.816929 0.033117,
        -0.482283 -0.824134 0.023622,
        -0.485690 -0.815911 0.023622,
        -0.476865 -0.821006 0.015468,
        -0.479646 -0.814292 0.015468,
        -0.469804 -0.816929 0.009211,
        -0.471770 -0.812181 0.009211,
        -0.461580 -0.812181 0.005278,
        -0.462598 -0.809724 0.005278,
        0.490785 0.817276 0.043307,
        0.486852 0.826772 0.043307,
        0.480595 0.834926 0.043307,
        0.472441 0.841182 0.043307,
        0.462946 0.845115 0.043307,
        -0.462946 0.845115 0.043307,
        -0.472441 0.841182 0.043307,
        -0.480595 0.834926 0.043307,
        -0.486852 0.826772 0.043307,
        -0.490785 0.817276 0.043307,
        0.462598 0.843819 0.033117,
        0.471770 0.840020 0.033117,
        0.461580 0.840020 0.023622,
        0.469804 0.836614 0.023622,
        0.459961 0.833977 0.015468,
        0.466675 0.831196 0.015468,
        0.457851 0.826101 0.009211,
        0.462598 0.824134 0.009211,
        0.455393 0.816929 0.005278,
        0.457851 0.815911 0.005278,
        0.479646 0.833977 0.033117,
        0.476865 0.831196 0.023622,
        0.472441 0.826772 0.015468,
        0.466675 0.821006 0.009211,
        0.459961 0.814292 0.005278,
        0.452756 0.845115 0.033117,
        0.452756 0.841182 0.023622,
        0.452756 0.834926 0.015468,
        0.452756 0.826772 0.009211,
        0.452756 0.817276 0.005278,
        0.485690 0.826101 0.033117,
        0.489489 0.816929 0.033117,
        0.482283 0.824134 0.023622,
        0.485690 0.815911 0.023622,
        0.476865 0.821006 0.015468,
        0.479646 0.814292 0.015468,
        0.469804 0.816929 0.009211,
        0.471770 0.812181 0.009211,
        0.461580 0.812181 0.005278,
        0.462598 0.809724 0.005278,
        -0.489489 0.816929 0.033117,
        -0.485690 0.826101 0.033117,
        -0.485690 0.815911 0.023622,
        -0.482283 0.824134 0.023622,
        -0.479646 0.814292 0.015468,
        -0.476865 0.821006 0.015468,
        -0.471770 0.812181 0.009211,
        -0.469804 0.816929 0.009211,
        -0.462598 0.809724 0.005278,
        -0.461580 0.812181 0.005278,
        -0.479646 0.833977 0.033117,
        -0.476865 0.831196 0.023622,
        -0.472441 0.826772 0.015468,
        -0.466675 0.821006 0.009211,
        -0.459961 0.814292 0.005278,
        -0.471770 0.840020 0.033117,
        -0.462598 0.843819 0.033117,
        -0.469804 0.836614 0.023622,
        -0.461580 0.840020 0.023622,
        -0.466675 0.831196 0.015468,
        -0.459961 0.833977 0.015468,
        -0.462598 0.824134 0.009211,
        -0.457851 0.826101 0.009211,
        -0.457851 0.815911 0.005278,
        -0.455393 0.816929 0.005278,
        -0.452756 0.845115 0.033117,
        -0.452756 0.841182 0.023622,
        -0.452756 0.834926 0.015468,
        -0.452756 0.826772 0.009211,
        -0.452756 0.817276 0.005278,
      ]
    }
    coordIndex [
      0, 1, 2, -1,
      3, 4, 5, -1,
      6, 7, 8, -1,
      9, 10, 11, -1,
      12, 13, 14, -1,
      15, 16, 17, -1,
      17, 16, 18, -1,
      19, 20, 21, -1,
      21, 20, 17, -1,
      21, 17, 22, -1,
      22, 17, 23, -1,
      18, 24, 17, -1,
      17, 24, 25, -1,
      17, 25, 23, -1,
      26, 27, 28, -1,
      28, 27, 29, -1,
      28, 29, 30, -1,
      31, 32, 33, -1,
      33, 32, 34, -1,
      33, 34, 35, -1,
      36, 37, 38, -1,
      38, 37, 32, -1,
      38, 32, 39, -1,
      31, 40, 32, -1,
      32, 40, 41, -1,
      32, 41, 42, -1,
      42, 43, 32, -1,
      32, 43, 44, -1,
      32, 44, 39, -1,
      39, 44, 45, -1,
      39, 45, 46, -1,
      46, 45, 47, -1,
      46, 47, 48, -1,
      49, 50, 51, -1,
      49, 51, 52, -1,
      50, 53, 51, -1,
      51, 53, 54, -1,
      51, 54, 34, -1,
      34, 54, 55, -1,
      34, 55, 35, -1,
      56, 52, 57, -1,
      57, 52, 51, -1,
      57, 51, 58, -1,
      58, 51, 59, -1,
      60, 61, 62, -1,
      62, 61, 63, -1,
      62, 63, 64, -1,
      65, 66, 67, -1,
      67, 66, 68, -1,
      67, 68, 51, -1,
      51, 68, 69, -1,
      51, 69, 59, -1,
      64, 70, 62, -1,
      62, 70, 71, -1,
      62, 71, 66, -1,
      66, 71, 72, -1,
      66, 72, 68, -1,
      73, 74, 61, -1,
      61, 74, 75, -1,
      75, 76, 61, -1,
      61, 76, 77, -1,
      61, 77, 63, -1,
      78, 79, 80, -1,
      81, 82, 83, -1,
      83, 82, 84, -1,
      78, 80, 85, -1,
      86, 87, 88, -1,
      89, 90, 82, -1,
      82, 90, 91, -1,
      82, 91, 92, -1,
      19, 93, 20, -1,
      20, 93, 94, -1,
      20, 94, 88, -1,
      88, 94, 95, -1,
      88, 95, 86, -1,
      79, 96, 80, -1,
      80, 96, 97, -1,
      80, 97, 98, -1,
      99, 100, 101, -1,
      101, 100, 102, -1,
      101, 102, 103, -1,
      104, 92, 105, -1,
      105, 92, 106, -1,
      105, 106, 101, -1,
      101, 106, 107, -1,
      101, 107, 99, -1,
      104, 108, 92, -1,
      92, 108, 109, -1,
      92, 109, 82, -1,
      82, 109, 110, -1,
      82, 110, 84, -1,
      87, 111, 88, -1,
      88, 111, 112, -1,
      88, 112, 113, -1,
      114, 115, 116, -1,
      116, 115, 117, -1,
      116, 117, 80, -1,
      80, 117, 118, -1,
      80, 118, 85, -1,
      119, 120, 80, -1,
      80, 120, 121, -1,
      80, 121, 82, -1,
      82, 121, 122, -1,
      82, 122, 89, -1,
      123, 124, 73, -1,
      124, 125, 73, -1,
      73, 125, 126, -1,
      73, 126, 127, -1,
      127, 128, 73, -1,
      73, 128, 129, -1,
      73, 129, 130, -1,
      130, 129, 114, -1,
      130, 114, 131, -1,
      131, 114, 116, -1,
      98, 132, 80, -1,
      80, 132, 133, -1,
      80, 133, 134, -1,
      134, 135, 80, -1,
      80, 135, 136, -1,
      80, 136, 119, -1,
      137, 138, 139, -1,
      138, 140, 139, -1,
      139, 140, 141, -1,
      139, 141, 142, -1,
      91, 139, 92, -1,
      92, 139, 143, -1,
      92, 143, 144, -1,
      145, 146, 147, -1,
      147, 146, 148, -1,
      147, 148, 149, -1,
      145, 147, 91, -1,
      91, 147, 150, -1,
      91, 150, 139, -1,
      139, 150, 151, -1,
      139, 151, 137, -1,
      152, 153, 154, -1,
      154, 153, 155, -1,
      154, 155, 156, -1,
      144, 157, 92, -1,
      92, 157, 154, -1,
      92, 154, 158, -1,
      158, 154, 156, -1,
      159, 160, 161, -1,
      161, 160, 162, -1,
      161, 162, 142, -1,
      142, 162, 163, -1,
      142, 163, 139, -1,
      164, 165, 166, -1,
      166, 165, 167, -1,
      166, 167, 168, -1,
      168, 167, 169, -1,
      170, 171, 172, -1,
      172, 171, 173, -1,
      172, 173, 174, -1,
      175, 176, 177, -1,
      177, 176, 167, -1,
      177, 167, 178, -1,
      178, 167, 165, -1,
      179, 180, 181, -1,
      181, 180, 182, -1,
      183, 184, 185, -1,
      185, 184, 186, -1,
      182, 180, 187, -1,
      187, 180, 188, -1,
      187, 188, 189, -1,
      186, 190, 191, -1,
      191, 190, 192, -1,
      191, 192, 193, -1,
      194, 195, 196, -1,
      196, 195, 197, -1,
      196, 197, 198, -1,
      198, 197, 199, -1,
      198, 199, 188, -1,
      200, 201, 183, -1,
      183, 201, 202, -1,
      183, 202, 184, -1,
      203, 204, 205, -1,
      203, 205, 206, -1,
      206, 205, 195, -1,
      206, 195, 200, -1,
      200, 195, 194, -1,
      200, 194, 201, -1,
      207, 208, 209, -1,
      209, 208, 195, -1,
      209, 195, 210, -1,
      210, 195, 205, -1,
      211, 212, 213, -1,
      203, 214, 204, -1,
      204, 214, 215, -1,
      204, 215, 216, -1,
      216, 215, 217, -1,
      216, 217, 218, -1,
      219, 220, 218, -1,
      218, 220, 221, -1,
      218, 221, 222, -1,
      217, 223, 218, -1,
      218, 223, 224, -1,
      218, 224, 225, -1,
      222, 226, 218, -1,
      218, 226, 227, -1,
      218, 227, 213, -1,
      213, 227, 228, -1,
      213, 228, 211, -1,
      225, 229, 218, -1,
      218, 229, 230, -1,
      218, 230, 219, -1,
      231, 232, 233, -1,
      233, 232, 234, -1,
      233, 234, 200, -1,
      200, 234, 235, -1,
      200, 235, 206, -1,
      236, 237, 238, -1,
      14, 239, 240, -1,
      240, 241, 14, -1,
      14, 241, 242, -1,
      14, 242, 12, -1,
      243, 244, 14, -1,
      14, 244, 245, -1,
      14, 245, 239, -1,
      246, 247, 248, -1,
      248, 247, 249, -1,
      248, 249, 243, -1,
      243, 249, 250, -1,
      243, 250, 244, -1,
      251, 252, 253, -1,
      253, 252, 254, -1,
      253, 254, 255, -1,
      207, 256, 208, -1,
      208, 256, 257, -1,
      208, 257, 253, -1,
      253, 257, 258, -1,
      253, 258, 251, -1,
      259, 260, 37, -1,
      261, 262, 263, -1,
      264, 265, 262, -1,
      266, 267, 268, -1,
      268, 267, 265, -1,
      269, 270, 271, -1,
      271, 270, 272, -1,
      271, 272, 273, -1,
      274, 275, 276, -1,
      276, 275, 277, -1,
      278, 279, 280, -1,
      281, 282, 283, -1,
      208, 284, 285, -1,
      274, 286, 275, -1,
      275, 286, 287, -1,
      275, 287, 288, -1,
      288, 287, 283, -1,
      288, 283, 289, -1,
      289, 283, 282, -1,
      290, 291, 292, -1,
      292, 291, 293, -1,
      292, 293, 294, -1,
      295, 296, 280, -1,
      280, 296, 297, -1,
      280, 297, 298, -1,
      294, 299, 292, -1,
      292, 299, 300, -1,
      292, 300, 253, -1,
      253, 300, 277, -1,
      253, 277, 301, -1,
      301, 277, 275, -1,
      302, 303, 283, -1,
      283, 303, 304, -1,
      283, 304, 305, -1,
      301, 306, 253, -1,
      253, 306, 307, -1,
      253, 307, 208, -1,
      208, 307, 308, -1,
      308, 309, 208, -1,
      208, 309, 310, -1,
      208, 310, 311, -1,
      311, 312, 208, -1,
      208, 312, 313, -1,
      208, 313, 284, -1,
      305, 314, 283, -1,
      283, 314, 315, -1,
      283, 315, 281, -1,
      298, 316, 280, -1,
      280, 316, 317, -1,
      280, 317, 278, -1,
      278, 317, 318, -1,
      319, 320, 321, -1,
      321, 320, 322, -1,
      321, 322, 292, -1,
      292, 322, 323, -1,
      292, 323, 290, -1,
      324, 325, 278, -1,
      278, 325, 326, -1,
      327, 328, 208, -1,
      329, 330, 326, -1,
      331, 332, 333, -1,
      329, 326, 334, -1,
      330, 327, 326, -1,
      326, 327, 208, -1,
      326, 208, 278, -1,
      278, 208, 285, -1,
      278, 285, 279, -1,
      331, 333, 326, -1,
      326, 333, 335, -1,
      326, 335, 334, -1,
      336, 337, 338, -1,
      338, 337, 3, -1,
      338, 3, 339, -1,
      340, 341, 11, -1,
      342, 343, 195, -1,
      328, 344, 208, -1,
      208, 344, 345, -1,
      208, 345, 195, -1,
      195, 345, 346, -1,
      195, 346, 342, -1,
      347, 348, 11, -1,
      11, 348, 349, -1,
      343, 350, 195, -1,
      195, 350, 351, -1,
      195, 351, 197, -1,
      197, 351, 352, -1,
      197, 352, 340, -1,
      353, 354, 341, -1,
      341, 354, 355, -1,
      341, 355, 11, -1,
      11, 355, 356, -1,
      11, 356, 347, -1,
      349, 357, 11, -1,
      11, 357, 358, -1,
      11, 358, 9, -1,
      359, 360, 361, -1,
      361, 360, 362, -1,
      361, 362, 363, -1,
      361, 364, 359, -1,
      359, 364, 365, -1,
      359, 365, 366, -1,
      366, 367, 359, -1,
      359, 367, 368, -1,
      359, 368, 369, -1,
      369, 368, 370, -1,
      369, 370, 371, -1,
      371, 370, 372, -1,
      371, 372, 341, -1,
      341, 372, 373, -1,
      341, 373, 353, -1,
      374, 375, 363, -1,
      363, 375, 376, -1,
      363, 376, 361, -1,
      377, 378, 332, -1,
      332, 378, 379, -1,
      332, 379, 333, -1,
      377, 380, 378, -1,
      378, 380, 381, -1,
      378, 381, 382, -1,
      382, 381, 383, -1,
      382, 384, 385, -1,
      383, 386, 382, -1,
      382, 386, 387, -1,
      382, 387, 388, -1,
      388, 389, 382, -1,
      382, 389, 390, -1,
      382, 390, 384, -1,
      385, 391, 382, -1,
      382, 391, 392, -1,
      382, 392, 393, -1,
      394, 395, 396, -1,
      396, 395, 397, -1,
      398, 399, 400, -1,
      400, 401, 398, -1,
      398, 401, 402, -1,
      398, 402, 403, -1,
      403, 402, 404, -1,
      403, 404, 199, -1,
      405, 406, 11, -1,
      11, 406, 407, -1,
      340, 11, 197, -1,
      197, 11, 407, -1,
      197, 407, 199, -1,
      199, 407, 408, -1,
      199, 408, 403, -1,
      409, 406, 410, -1,
      410, 406, 405, -1,
      410, 405, 411, -1,
      412, 413, 414, -1,
      415, 416, 405, -1,
      405, 416, 417, -1,
      405, 417, 411, -1,
      339, 3, 10, -1,
      10, 3, 412, -1,
      10, 412, 11, -1,
      11, 412, 414, -1,
      11, 414, 405, -1,
      405, 414, 418, -1,
      405, 418, 419, -1,
      420, 421, 422, -1,
      422, 421, 423, -1,
      422, 423, 412, -1,
      412, 423, 424, -1,
      412, 424, 413, -1,
      419, 425, 405, -1,
      405, 425, 426, -1,
      405, 426, 415, -1,
      7, 395, 8, -1,
      8, 395, 394, -1,
      8, 394, 427, -1,
      427, 394, 428, -1,
      427, 428, 429, -1,
      429, 430, 427, -1,
      427, 430, 431, -1,
      427, 431, 422, -1,
      422, 431, 432, -1,
      422, 432, 420, -1,
      433, 434, 435, -1,
      435, 434, 436, -1,
      404, 396, 199, -1,
      199, 396, 397, -1,
      199, 397, 176, -1,
      176, 397, 437, -1,
      176, 437, 167, -1,
      167, 437, 438, -1,
      167, 438, 439, -1,
      436, 434, 440, -1,
      440, 434, 441, -1,
      440, 441, 442, -1,
      439, 443, 444, -1,
      444, 443, 445, -1,
      444, 445, 446, -1,
      60, 447, 61, -1,
      61, 447, 88, -1,
      61, 88, 73, -1,
      73, 88, 113, -1,
      73, 113, 123, -1,
      448, 449, 321, -1,
      321, 449, 318, -1,
      321, 318, 319, -1,
      319, 318, 317, -1,
      3, 5, 412, -1,
      412, 5, 450, -1,
      412, 450, 422, -1,
      422, 450, 451, -1,
      422, 451, 427, -1,
      452, 1, 453, -1,
      453, 1, 0, -1,
      453, 0, 454, -1,
      449, 4, 318, -1,
      318, 4, 3, -1,
      318, 3, 278, -1,
      278, 3, 337, -1,
      278, 337, 324, -1,
      324, 337, 336, -1,
      451, 452, 427, -1,
      427, 452, 453, -1,
      427, 453, 8, -1,
      8, 453, 454, -1,
      8, 454, 6, -1,
      6, 454, 441, -1,
      455, 270, 266, -1,
      266, 270, 269, -1,
      266, 269, 267, -1,
      456, 457, 458, -1,
      457, 456, 459, -1,
      459, 456, 248, -1,
      459, 248, 460, -1,
      447, 456, 88, -1,
      88, 456, 458, -1,
      88, 458, 20, -1,
      20, 458, 461, -1,
      20, 461, 248, -1,
      248, 461, 462, -1,
      248, 462, 460, -1,
      463, 464, 465, -1,
      465, 464, 459, -1,
      465, 459, 466, -1,
      466, 459, 460, -1,
      466, 460, 467, -1,
      467, 460, 468, -1,
      60, 448, 447, -1,
      447, 448, 321, -1,
      447, 321, 456, -1,
      456, 321, 292, -1,
      456, 292, 248, -1,
      248, 292, 253, -1,
      248, 253, 246, -1,
      246, 253, 255, -1,
      469, 454, 455, -1,
      455, 454, 0, -1,
      455, 0, 270, -1,
      270, 0, 2, -1,
      270, 2, 272, -1,
      469, 470, 454, -1,
      454, 470, 167, -1,
      454, 167, 441, -1,
      441, 167, 439, -1,
      441, 439, 442, -1,
      442, 439, 444, -1,
      471, 472, 455, -1,
      455, 472, 473, -1,
      473, 474, 455, -1,
      455, 474, 475, -1,
      455, 475, 469, -1,
      470, 476, 167, -1,
      167, 476, 477, -1,
      167, 477, 169, -1,
      169, 477, 478, -1,
      169, 478, 479, -1,
      479, 480, 169, -1,
      169, 480, 481, -1,
      169, 481, 482, -1,
      482, 483, 169, -1,
      169, 483, 484, -1,
      169, 484, 455, -1,
      455, 484, 485, -1,
      455, 485, 471, -1,
      486, 487, 455, -1,
      488, 489, 490, -1,
      455, 487, 169, -1,
      169, 487, 491, -1,
      169, 491, 492, -1,
      490, 486, 488, -1,
      488, 486, 455, -1,
      488, 455, 493, -1,
      493, 455, 266, -1,
      493, 266, 492, -1,
      492, 266, 268, -1,
      492, 268, 169, -1,
      494, 495, 496, -1,
      497, 498, 17, -1,
      17, 498, 494, -1,
      17, 494, 243, -1,
      243, 494, 496, -1,
      243, 496, 248, -1,
      248, 496, 499, -1,
      248, 499, 20, -1,
      20, 499, 497, -1,
      20, 497, 17, -1,
      191, 189, 186, -1,
      186, 189, 188, -1,
      186, 188, 185, -1,
      185, 188, 199, -1,
      185, 199, 500, -1,
      501, 502, 176, -1,
      176, 502, 503, -1,
      176, 503, 504, -1,
      505, 506, 507, -1,
      507, 506, 508, -1,
      504, 509, 176, -1,
      176, 509, 510, -1,
      176, 510, 199, -1,
      199, 510, 511, -1,
      199, 511, 500, -1,
      500, 512, 185, -1,
      185, 512, 513, -1,
      185, 513, 507, -1,
      507, 513, 514, -1,
      507, 514, 515, -1,
      515, 516, 507, -1,
      507, 516, 517, -1,
      507, 517, 505, -1,
      170, 172, 175, -1,
      175, 172, 507, -1,
      175, 507, 176, -1,
      176, 507, 508, -1,
      176, 508, 501, -1,
      265, 264, 268, -1,
      268, 264, 174, -1,
      268, 174, 169, -1,
      169, 174, 173, -1,
      169, 173, 168, -1,
      237, 236, 13, -1,
      13, 236, 518, -1,
      13, 518, 14, -1,
      14, 518, 519, -1,
      14, 519, 243, -1,
      243, 519, 28, -1,
      243, 28, 17, -1,
      17, 28, 30, -1,
      17, 30, 15, -1,
      262, 261, 264, -1,
      264, 261, 520, -1,
      264, 520, 174, -1,
      174, 520, 521, -1,
      174, 521, 172, -1,
      172, 521, 522, -1,
      172, 522, 507, -1,
      507, 522, 523, -1,
      507, 523, 185, -1,
      185, 523, 524, -1,
      185, 524, 183, -1,
      183, 524, 525, -1,
      183, 525, 200, -1,
      200, 525, 236, -1,
      200, 236, 233, -1,
      233, 236, 238, -1,
      233, 238, 231, -1,
      263, 526, 261, -1,
      261, 526, 527, -1,
      261, 527, 520, -1,
      520, 527, 528, -1,
      520, 528, 521, -1,
      521, 528, 529, -1,
      521, 529, 522, -1,
      522, 529, 530, -1,
      522, 530, 523, -1,
      523, 530, 531, -1,
      523, 531, 524, -1,
      524, 531, 532, -1,
      524, 532, 525, -1,
      525, 532, 533, -1,
      525, 533, 236, -1,
      236, 533, 534, -1,
      236, 534, 518, -1,
      518, 534, 535, -1,
      518, 535, 519, -1,
      519, 535, 259, -1,
      519, 259, 28, -1,
      28, 259, 37, -1,
      28, 37, 26, -1,
      26, 37, 36, -1,
      536, 537, 538, -1,
      538, 537, 539, -1,
      540, 541, 542, -1,
      542, 541, 543, -1,
      544, 545, 543, -1,
      543, 545, 538, -1,
      543, 538, 542, -1,
      542, 538, 539, -1,
      546, 547, 548, -1,
      548, 547, 545, -1,
      548, 545, 549, -1,
      549, 545, 544, -1,
      549, 544, 550, -1,
      550, 544, 551, -1,
      552, 553, 554, -1,
      555, 556, 557, -1,
      558, 559, 560, -1,
      555, 557, 560, -1,
      560, 557, 552, -1,
      560, 552, 558, -1,
      558, 552, 554, -1,
      558, 554, 561, -1,
      556, 555, 562, -1,
      556, 562, 563, -1,
      563, 562, 564, -1,
      563, 564, 565, -1,
      565, 564, 566, -1,
      565, 566, 567, -1,
      567, 566, 568, -1,
      567, 568, 569, -1,
      569, 568, 570, -1,
      569, 570, 571, -1,
      571, 570, 547, -1,
      571, 547, 546, -1,
      554, 553, 572, -1,
      554, 572, 573, -1,
      573, 572, 574, -1,
      573, 574, 575, -1,
      575, 574, 576, -1,
      575, 576, 577, -1,
      577, 576, 578, -1,
      577, 578, 579, -1,
      579, 578, 580, -1,
      579, 580, 581, -1,
      581, 580, 550, -1,
      581, 550, 551, -1,
      582, 583, 584, -1,
      585, 586, 587, -1,
      588, 589, 590, -1,
      584, 588, 582, -1,
      582, 588, 590, -1,
      582, 590, 587, -1,
      587, 590, 591, -1,
      587, 591, 585, -1,
      586, 585, 592, -1,
      586, 592, 593, -1,
      593, 592, 594, -1,
      593, 594, 595, -1,
      595, 594, 596, -1,
      595, 596, 597, -1,
      597, 596, 598, -1,
      597, 598, 599, -1,
      599, 598, 600, -1,
      599, 600, 601, -1,
      601, 600, 541, -1,
      601, 541, 540, -1,
      602, 272, 603, -1,
      603, 272, 2, -1,
      603, 2, 604, -1,
      604, 2, 1, -1,
      1, 452, 604, -1,
      604, 452, 451, -1,
      604, 451, 605, -1,
      451, 450, 605, -1,
      605, 450, 5, -1,
      605, 5, 4, -1,
      4, 449, 605, -1,
      605, 449, 448, -1,
      605, 448, 60, -1,
      606, 607, 66, -1,
      66, 607, 605, -1,
      66, 605, 62, -1,
      62, 605, 60, -1,
      560, 559, 608, -1,
      560, 608, 609, -1,
      609, 608, 610, -1,
      609, 610, 611, -1,
      611, 610, 612, -1,
      611, 612, 613, -1,
      613, 612, 614, -1,
      613, 614, 615, -1,
      615, 614, 616, -1,
      615, 616, 617, -1,
      617, 616, 607, -1,
      617, 607, 606, -1,
      589, 588, 618, -1,
      589, 618, 619, -1,
      619, 618, 620, -1,
      619, 620, 621, -1,
      621, 620, 622, -1,
      621, 622, 623, -1,
      623, 622, 624, -1,
      623, 624, 625, -1,
      625, 624, 626, -1,
      625, 626, 627, -1,
      627, 626, 602, -1,
      627, 602, 603, -1,
      584, 583, 628, -1,
      584, 628, 629, -1,
      629, 628, 630, -1,
      629, 630, 631, -1,
      631, 630, 632, -1,
      631, 632, 633, -1,
      633, 632, 634, -1,
      633, 634, 635, -1,
      635, 634, 636, -1,
      635, 636, 637, -1,
      637, 636, 537, -1,
      637, 537, 536, -1,
      638, 639, 640, -1,
      640, 639, 641, -1,
      642, 643, 644, -1,
      644, 643, 645, -1,
      646, 647, 648, -1,
      648, 647, 649, -1,
      650, 651, 641, -1,
      641, 651, 652, -1,
      641, 652, 640, -1,
      640, 652, 653, -1,
      654, 655, 545, -1,
      545, 655, 656, -1,
      545, 656, 538, -1,
      538, 656, 657, -1,
      658, 659, 642, -1,
      642, 659, 660, -1,
      642, 660, 643, -1,
      643, 660, 661, -1,
      660, 659, 662, -1,
      662, 659, 663, -1,
      662, 663, 664, -1,
      664, 663, 665, -1,
      664, 665, 666, -1,
      666, 665, 667, -1,
      666, 667, 668, -1,
      668, 667, 669, -1,
      668, 669, 670, -1,
      670, 669, 671, -1,
      670, 671, 672, -1,
      672, 671, 673, -1,
      672, 673, 674, -1,
      674, 673, 675, -1,
      674, 675, 676, -1,
      676, 675, 677, -1,
      676, 677, 678, -1,
      678, 677, 679, -1,
      678, 679, 680, -1,
      679, 681, 680, -1,
      680, 681, 649, -1,
      680, 649, 647, -1,
      682, 683, 684, -1,
      685, 686, 687, -1,
      649, 688, 689, -1,
      690, 688, 649, -1,
      687, 686, 649, -1,
      691, 649, 686, -1,
      692, 693, 694, -1,
      693, 692, 695, -1,
      695, 692, 696, -1,
      695, 696, 697, -1,
      697, 696, 698, -1,
      697, 698, 699, -1,
      699, 698, 700, -1,
      699, 700, 701, -1,
      701, 700, 702, -1,
      702, 700, 703, -1,
      702, 703, 704, -1,
      704, 703, 705, -1,
      705, 703, 663, -1,
      705, 663, 659, -1,
      681, 690, 649, -1,
      706, 707, 685, -1,
      685, 707, 708, -1,
      685, 708, 686, -1,
      686, 708, 709, -1,
      686, 709, 691, -1,
      710, 689, 711, -1,
      711, 689, 688, -1,
      711, 688, 712, -1,
      712, 688, 690, -1,
      712, 690, 713, -1,
      681, 679, 690, -1,
      690, 679, 677, -1,
      690, 677, 713, -1,
      713, 677, 675, -1,
      713, 675, 673, -1,
      684, 710, 714, -1,
      714, 710, 711, -1,
      714, 711, 715, -1,
      715, 711, 712, -1,
      715, 712, 716, -1,
      716, 712, 713, -1,
      716, 713, 717, -1,
      717, 713, 673, -1,
      718, 719, 720, -1,
      720, 719, 682, -1,
      682, 684, 720, -1,
      720, 684, 714, -1,
      720, 714, 721, -1,
      721, 714, 715, -1,
      721, 715, 722, -1,
      722, 715, 716, -1,
      722, 716, 723, -1,
      723, 716, 717, -1,
      723, 717, 724, -1,
      683, 706, 684, -1,
      684, 706, 685, -1,
      684, 685, 710, -1,
      710, 685, 687, -1,
      710, 687, 689, -1,
      689, 687, 649, -1,
      718, 692, 725, -1,
      725, 692, 694, -1,
      725, 694, 260, -1,
      673, 671, 717, -1,
      717, 671, 669, -1,
      717, 669, 724, -1,
      724, 669, 667, -1,
      724, 667, 665, -1,
      718, 720, 692, -1,
      692, 720, 721, -1,
      692, 721, 696, -1,
      696, 721, 722, -1,
      696, 722, 698, -1,
      698, 722, 723, -1,
      698, 723, 700, -1,
      700, 723, 724, -1,
      700, 724, 703, -1,
      703, 724, 665, -1,
      703, 665, 663, -1,
      668, 670, 726, -1,
      727, 728, 729, -1,
      647, 730, 731, -1,
      732, 730, 647, -1,
      729, 728, 647, -1,
      680, 647, 728, -1,
      733, 734, 735, -1,
      734, 733, 736, -1,
      736, 733, 737, -1,
      736, 737, 738, -1,
      738, 737, 739, -1,
      738, 739, 740, -1,
      740, 739, 741, -1,
      740, 741, 742, -1,
      742, 741, 743, -1,
      743, 741, 744, -1,
      743, 744, 745, -1,
      745, 744, 746, -1,
      746, 744, 747, -1,
      746, 747, 655, -1,
      748, 732, 647, -1,
      672, 674, 727, -1,
      727, 674, 676, -1,
      727, 676, 728, -1,
      728, 676, 678, -1,
      728, 678, 680, -1,
      749, 731, 750, -1,
      750, 731, 730, -1,
      750, 730, 751, -1,
      751, 730, 732, -1,
      751, 732, 752, -1,
      748, 753, 732, -1,
      732, 753, 754, -1,
      732, 754, 752, -1,
      752, 754, 755, -1,
      752, 755, 756, -1,
      726, 749, 757, -1,
      757, 749, 750, -1,
      757, 750, 758, -1,
      758, 750, 751, -1,
      758, 751, 759, -1,
      759, 751, 752, -1,
      759, 752, 760, -1,
      760, 752, 756, -1,
      664, 666, 761, -1,
      761, 666, 668, -1,
      668, 726, 761, -1,
      761, 726, 757, -1,
      761, 757, 762, -1,
      762, 757, 758, -1,
      762, 758, 763, -1,
      763, 758, 759, -1,
      763, 759, 764, -1,
      764, 759, 760, -1,
      764, 760, 765, -1,
      670, 672, 726, -1,
      726, 672, 727, -1,
      726, 727, 749, -1,
      749, 727, 729, -1,
      749, 729, 731, -1,
      731, 729, 647, -1,
      664, 733, 662, -1,
      662, 733, 735, -1,
      662, 735, 660, -1,
      756, 766, 760, -1,
      760, 766, 767, -1,
      760, 767, 765, -1,
      765, 767, 768, -1,
      765, 768, 769, -1,
      664, 761, 733, -1,
      733, 761, 762, -1,
      733, 762, 737, -1,
      737, 762, 763, -1,
      737, 763, 739, -1,
      739, 763, 764, -1,
      739, 764, 741, -1,
      741, 764, 765, -1,
      741, 765, 744, -1,
      744, 765, 769, -1,
      744, 769, 747, -1,
      37, 260, 694, -1,
      65, 67, 770, -1,
      770, 67, 771, -1,
      51, 34, 694, -1,
      694, 34, 32, -1,
      694, 32, 37, -1,
      67, 51, 771, -1,
      771, 51, 694, -1,
      771, 694, 772, -1,
      772, 694, 773, -1,
      694, 693, 773, -1,
      773, 693, 695, -1,
      773, 695, 774, -1,
      774, 695, 697, -1,
      697, 699, 774, -1,
      774, 699, 701, -1,
      774, 701, 775, -1,
      775, 701, 702, -1,
      775, 702, 776, -1,
      776, 702, 704, -1,
      776, 704, 777, -1,
      777, 704, 705, -1,
      777, 705, 778, -1,
      778, 705, 659, -1,
      778, 659, 658, -1,
      259, 535, 779, -1,
      779, 535, 534, -1,
      534, 533, 779, -1,
      779, 533, 532, -1,
      779, 532, 531, -1,
      531, 530, 779, -1,
      779, 530, 529, -1,
      779, 529, 528, -1,
      528, 527, 779, -1,
      779, 527, 526, -1,
      779, 526, 263, -1,
      260, 259, 725, -1,
      725, 259, 779, -1,
      725, 779, 718, -1,
      718, 779, 780, -1,
      718, 780, 719, -1,
      719, 780, 781, -1,
      719, 781, 682, -1,
      682, 781, 782, -1,
      682, 782, 683, -1,
      683, 782, 783, -1,
      683, 783, 706, -1,
      706, 783, 784, -1,
      706, 784, 707, -1,
      707, 784, 785, -1,
      707, 785, 708, -1,
      708, 785, 786, -1,
      708, 786, 709, -1,
      709, 786, 787, -1,
      709, 787, 691, -1,
      787, 788, 691, -1,
      691, 788, 648, -1,
      691, 648, 649, -1,
      652, 651, 789, -1,
      789, 651, 790, -1,
      789, 790, 791, -1,
      791, 790, 792, -1,
      791, 792, 793, -1,
      793, 792, 794, -1,
      793, 794, 795, -1,
      795, 794, 796, -1,
      795, 796, 797, -1,
      797, 796, 798, -1,
      797, 798, 799, -1,
      799, 798, 800, -1,
      799, 800, 801, -1,
      801, 800, 802, -1,
      801, 802, 803, -1,
      803, 802, 804, -1,
      803, 804, 805, -1,
      805, 804, 806, -1,
      805, 806, 807, -1,
      806, 808, 807, -1,
      807, 808, 646, -1,
      807, 646, 648, -1,
      656, 655, 809, -1,
      809, 655, 747, -1,
      809, 747, 810, -1,
      810, 747, 769, -1,
      810, 769, 811, -1,
      811, 769, 768, -1,
      811, 768, 812, -1,
      812, 768, 767, -1,
      812, 767, 813, -1,
      813, 767, 766, -1,
      813, 766, 814, -1,
      814, 766, 756, -1,
      814, 756, 815, -1,
      815, 756, 755, -1,
      815, 755, 816, -1,
      816, 755, 754, -1,
      816, 754, 817, -1,
      817, 754, 753, -1,
      817, 753, 818, -1,
      753, 748, 818, -1,
      818, 748, 647, -1,
      818, 647, 646, -1,
      819, 820, 735, -1,
      735, 820, 821, -1,
      735, 821, 660, -1,
      660, 821, 822, -1,
      660, 822, 661, -1,
      735, 734, 819, -1,
      819, 734, 736, -1,
      819, 736, 823, -1,
      823, 736, 738, -1,
      738, 740, 823, -1,
      823, 740, 742, -1,
      823, 742, 824, -1,
      824, 742, 743, -1,
      824, 743, 825, -1,
      825, 743, 745, -1,
      825, 745, 826, -1,
      826, 745, 746, -1,
      826, 746, 827, -1,
      827, 746, 655, -1,
      827, 655, 654, -1,
      642, 644, 658, -1,
      658, 644, 828, -1,
      658, 828, 778, -1,
      778, 828, 777, -1,
      777, 828, 829, -1,
      777, 829, 776, -1,
      776, 829, 775, -1,
      775, 829, 830, -1,
      775, 830, 774, -1,
      774, 830, 773, -1,
      773, 830, 831, -1,
      773, 831, 772, -1,
      772, 831, 771, -1,
      771, 831, 832, -1,
      771, 832, 770, -1,
      606, 66, 832, -1,
      832, 66, 65, -1,
      832, 65, 770, -1,
      795, 797, 833, -1,
      834, 835, 836, -1,
      648, 837, 838, -1,
      839, 837, 648, -1,
      836, 835, 648, -1,
      807, 648, 835, -1,
      840, 841, 842, -1,
      841, 840, 843, -1,
      843, 840, 844, -1,
      843, 844, 845, -1,
      845, 844, 846, -1,
      845, 846, 847, -1,
      847, 846, 848, -1,
      847, 848, 849, -1,
      849, 848, 850, -1,
      850, 848, 851, -1,
      850, 851, 852, -1,
      852, 851, 853, -1,
      853, 851, 779, -1,
      853, 779, 263, -1,
      788, 839, 648, -1,
      799, 801, 834, -1,
      834, 801, 803, -1,
      834, 803, 835, -1,
      835, 803, 805, -1,
      835, 805, 807, -1,
      854, 838, 855, -1,
      855, 838, 837, -1,
      855, 837, 856, -1,
      856, 837, 839, -1,
      856, 839, 857, -1,
      788, 787, 839, -1,
      839, 787, 786, -1,
      839, 786, 857, -1,
      857, 786, 785, -1,
      857, 785, 784, -1,
      833, 854, 858, -1,
      858, 854, 855, -1,
      858, 855, 859, -1,
      859, 855, 856, -1,
      859, 856, 860, -1,
      860, 856, 857, -1,
      860, 857, 861, -1,
      861, 857, 784, -1,
      791, 793, 862, -1,
      862, 793, 795, -1,
      795, 833, 862, -1,
      862, 833, 858, -1,
      862, 858, 863, -1,
      863, 858, 859, -1,
      863, 859, 864, -1,
      864, 859, 860, -1,
      864, 860, 865, -1,
      865, 860, 861, -1,
      865, 861, 866, -1,
      797, 799, 833, -1,
      833, 799, 834, -1,
      833, 834, 854, -1,
      854, 834, 836, -1,
      854, 836, 838, -1,
      838, 836, 648, -1,
      791, 840, 789, -1,
      789, 840, 842, -1,
      789, 842, 652, -1,
      784, 783, 861, -1,
      861, 783, 782, -1,
      861, 782, 866, -1,
      866, 782, 781, -1,
      866, 781, 780, -1,
      791, 862, 840, -1,
      840, 862, 863, -1,
      840, 863, 844, -1,
      844, 863, 864, -1,
      844, 864, 846, -1,
      846, 864, 865, -1,
      846, 865, 848, -1,
      848, 865, 866, -1,
      848, 866, 851, -1,
      851, 866, 780, -1,
      851, 780, 779, -1,
      812, 813, 867, -1,
      868, 869, 870, -1,
      646, 871, 872, -1,
      873, 871, 646, -1,
      870, 869, 646, -1,
      818, 646, 869, -1,
      874, 875, 876, -1,
      875, 874, 877, -1,
      877, 874, 878, -1,
      877, 878, 879, -1,
      879, 878, 880, -1,
      879, 880, 881, -1,
      881, 880, 882, -1,
      881, 882, 883, -1,
      883, 882, 884, -1,
      884, 882, 885, -1,
      884, 885, 886, -1,
      886, 885, 887, -1,
      887, 885, 790, -1,
      887, 790, 651, -1,
      808, 873, 646, -1,
      814, 815, 868, -1,
      868, 815, 816, -1,
      868, 816, 869, -1,
      869, 816, 817, -1,
      869, 817, 818, -1,
      888, 872, 889, -1,
      889, 872, 871, -1,
      889, 871, 890, -1,
      890, 871, 873, -1,
      890, 873, 891, -1,
      808, 806, 873, -1,
      873, 806, 804, -1,
      873, 804, 891, -1,
      891, 804, 802, -1,
      891, 802, 800, -1,
      867, 888, 892, -1,
      892, 888, 889, -1,
      892, 889, 893, -1,
      893, 889, 890, -1,
      893, 890, 894, -1,
      894, 890, 891, -1,
      894, 891, 895, -1,
      895, 891, 800, -1,
      810, 811, 896, -1,
      896, 811, 812, -1,
      812, 867, 896, -1,
      896, 867, 892, -1,
      896, 892, 897, -1,
      897, 892, 893, -1,
      897, 893, 898, -1,
      898, 893, 894, -1,
      898, 894, 899, -1,
      899, 894, 895, -1,
      899, 895, 900, -1,
      813, 814, 867, -1,
      867, 814, 868, -1,
      867, 868, 888, -1,
      888, 868, 870, -1,
      888, 870, 872, -1,
      872, 870, 646, -1,
      810, 874, 809, -1,
      809, 874, 876, -1,
      809, 876, 656, -1,
      800, 798, 895, -1,
      895, 798, 796, -1,
      895, 796, 900, -1,
      900, 796, 794, -1,
      900, 794, 792, -1,
      810, 896, 874, -1,
      874, 896, 897, -1,
      874, 897, 878, -1,
      878, 897, 898, -1,
      878, 898, 880, -1,
      880, 898, 899, -1,
      880, 899, 882, -1,
      882, 899, 900, -1,
      882, 900, 885, -1,
      885, 900, 792, -1,
      885, 792, 790, -1,
      545, 547, 654, -1,
      654, 547, 901, -1,
      654, 901, 827, -1,
      827, 901, 826, -1,
      826, 901, 902, -1,
      826, 902, 825, -1,
      825, 902, 824, -1,
      824, 902, 903, -1,
      824, 903, 823, -1,
      823, 903, 819, -1,
      819, 903, 904, -1,
      819, 904, 820, -1,
      820, 904, 821, -1,
      821, 904, 905, -1,
      821, 905, 822, -1,
      645, 643, 905, -1,
      905, 643, 661, -1,
      905, 661, 822, -1,
      555, 560, 906, -1,
      555, 906, 907, -1,
      907, 906, 908, -1,
      907, 908, 909, -1,
      909, 908, 910, -1,
      909, 910, 911, -1,
      911, 910, 912, -1,
      911, 912, 913, -1,
      913, 912, 914, -1,
      913, 914, 915, -1,
      915, 914, 644, -1,
      915, 644, 645, -1,
      832, 831, 916, -1,
      916, 831, 917, -1,
      916, 917, 918, -1,
      918, 917, 919, -1,
      918, 919, 920, -1,
      920, 919, 921, -1,
      920, 921, 922, -1,
      922, 921, 923, -1,
      922, 923, 924, -1,
      924, 923, 925, -1,
      924, 925, 560, -1,
      831, 830, 917, -1,
      917, 830, 926, -1,
      917, 926, 919, -1,
      919, 926, 927, -1,
      919, 927, 921, -1,
      921, 927, 928, -1,
      921, 928, 923, -1,
      923, 928, 929, -1,
      923, 929, 925, -1,
      925, 929, 930, -1,
      925, 930, 560, -1,
      606, 832, 617, -1,
      617, 832, 916, -1,
      617, 916, 615, -1,
      615, 916, 918, -1,
      615, 918, 613, -1,
      613, 918, 920, -1,
      613, 920, 611, -1,
      611, 920, 922, -1,
      611, 922, 609, -1,
      609, 922, 924, -1,
      609, 924, 560, -1,
      829, 828, 931, -1,
      931, 828, 932, -1,
      931, 932, 933, -1,
      933, 932, 934, -1,
      933, 934, 935, -1,
      935, 934, 936, -1,
      935, 936, 937, -1,
      937, 936, 938, -1,
      937, 938, 939, -1,
      939, 938, 940, -1,
      939, 940, 560, -1,
      828, 644, 932, -1,
      932, 644, 914, -1,
      932, 914, 934, -1,
      934, 914, 912, -1,
      934, 912, 936, -1,
      936, 912, 910, -1,
      936, 910, 938, -1,
      938, 910, 908, -1,
      938, 908, 940, -1,
      940, 908, 906, -1,
      940, 906, 560, -1,
      830, 829, 926, -1,
      926, 829, 931, -1,
      926, 931, 927, -1,
      927, 931, 933, -1,
      927, 933, 928, -1,
      928, 933, 935, -1,
      928, 935, 929, -1,
      929, 935, 937, -1,
      929, 937, 930, -1,
      930, 937, 939, -1,
      930, 939, 560, -1,
      941, 942, 842, -1,
      842, 942, 943, -1,
      842, 943, 652, -1,
      652, 943, 944, -1,
      652, 944, 653, -1,
      842, 841, 941, -1,
      941, 841, 843, -1,
      941, 843, 945, -1,
      945, 843, 845, -1,
      845, 847, 945, -1,
      945, 847, 849, -1,
      945, 849, 946, -1,
      946, 849, 850, -1,
      946, 850, 947, -1,
      947, 850, 852, -1,
      947, 852, 948, -1,
      948, 852, 853, -1,
      265, 853, 262, -1,
      262, 853, 263, -1,
      265, 267, 853, -1,
      853, 267, 269, -1,
      853, 269, 948, -1,
      948, 269, 271, -1,
      948, 271, 949, -1,
      949, 271, 273, -1,
      950, 951, 876, -1,
      876, 951, 952, -1,
      876, 952, 656, -1,
      656, 952, 953, -1,
      656, 953, 657, -1,
      876, 875, 950, -1,
      950, 875, 877, -1,
      950, 877, 954, -1,
      954, 877, 879, -1,
      879, 881, 954, -1,
      954, 881, 883, -1,
      954, 883, 955, -1,
      955, 883, 884, -1,
      955, 884, 956, -1,
      956, 884, 886, -1,
      956, 886, 957, -1,
      957, 886, 887, -1,
      957, 887, 958, -1,
      958, 887, 651, -1,
      958, 651, 650, -1,
      905, 904, 959, -1,
      959, 904, 960, -1,
      959, 960, 961, -1,
      961, 960, 962, -1,
      961, 962, 963, -1,
      963, 962, 964, -1,
      963, 964, 965, -1,
      965, 964, 966, -1,
      965, 966, 967, -1,
      967, 966, 968, -1,
      967, 968, 555, -1,
      904, 903, 960, -1,
      960, 903, 969, -1,
      960, 969, 962, -1,
      962, 969, 970, -1,
      962, 970, 964, -1,
      964, 970, 971, -1,
      964, 971, 966, -1,
      966, 971, 972, -1,
      966, 972, 968, -1,
      968, 972, 973, -1,
      968, 973, 555, -1,
      645, 905, 915, -1,
      915, 905, 959, -1,
      915, 959, 913, -1,
      913, 959, 961, -1,
      913, 961, 911, -1,
      911, 961, 963, -1,
      911, 963, 909, -1,
      909, 963, 965, -1,
      909, 965, 907, -1,
      907, 965, 967, -1,
      907, 967, 555, -1,
      902, 901, 974, -1,
      974, 901, 975, -1,
      974, 975, 976, -1,
      976, 975, 977, -1,
      976, 977, 978, -1,
      978, 977, 979, -1,
      978, 979, 980, -1,
      980, 979, 981, -1,
      980, 981, 982, -1,
      982, 981, 983, -1,
      982, 983, 555, -1,
      901, 547, 975, -1,
      975, 547, 570, -1,
      975, 570, 977, -1,
      977, 570, 568, -1,
      977, 568, 979, -1,
      979, 568, 566, -1,
      979, 566, 981, -1,
      981, 566, 564, -1,
      981, 564, 983, -1,
      983, 564, 562, -1,
      983, 562, 555, -1,
      903, 902, 969, -1,
      969, 902, 974, -1,
      969, 974, 970, -1,
      970, 974, 976, -1,
      970, 976, 971, -1,
      971, 976, 978, -1,
      971, 978, 972, -1,
      972, 978, 980, -1,
      972, 980, 973, -1,
      973, 980, 982, -1,
      973, 982, 555, -1,
      272, 602, 273, -1,
      273, 602, 984, -1,
      273, 984, 949, -1,
      949, 984, 948, -1,
      948, 984, 985, -1,
      948, 985, 947, -1,
      947, 985, 946, -1,
      946, 985, 986, -1,
      946, 986, 945, -1,
      945, 986, 941, -1,
      941, 986, 987, -1,
      941, 987, 942, -1,
      942, 987, 943, -1,
      943, 987, 988, -1,
      943, 988, 944, -1,
      638, 640, 988, -1,
      988, 640, 653, -1,
      988, 653, 944, -1,
      641, 639, 650, -1,
      650, 639, 989, -1,
      650, 989, 958, -1,
      958, 989, 957, -1,
      957, 989, 990, -1,
      957, 990, 956, -1,
      956, 990, 955, -1,
      955, 990, 991, -1,
      955, 991, 954, -1,
      954, 991, 950, -1,
      950, 991, 992, -1,
      950, 992, 951, -1,
      951, 992, 952, -1,
      952, 992, 993, -1,
      952, 993, 953, -1,
      536, 538, 993, -1,
      993, 538, 657, -1,
      993, 657, 953, -1,
      988, 987, 994, -1,
      994, 987, 995, -1,
      994, 995, 996, -1,
      996, 995, 997, -1,
      996, 997, 998, -1,
      998, 997, 999, -1,
      998, 999, 1000, -1,
      1000, 999, 1001, -1,
      1000, 1001, 1002, -1,
      1002, 1001, 1003, -1,
      1002, 1003, 588, -1,
      987, 986, 995, -1,
      995, 986, 1004, -1,
      995, 1004, 997, -1,
      997, 1004, 1005, -1,
      997, 1005, 999, -1,
      999, 1005, 1006, -1,
      999, 1006, 1001, -1,
      1001, 1006, 1007, -1,
      1001, 1007, 1003, -1,
      1003, 1007, 1008, -1,
      1003, 1008, 588, -1,
      638, 988, 1009, -1,
      1009, 988, 994, -1,
      1009, 994, 1010, -1,
      1010, 994, 996, -1,
      1010, 996, 1011, -1,
      1011, 996, 998, -1,
      1011, 998, 1012, -1,
      1012, 998, 1000, -1,
      1012, 1000, 1013, -1,
      1013, 1000, 1002, -1,
      1013, 1002, 588, -1,
      985, 984, 1014, -1,
      1014, 984, 1015, -1,
      1014, 1015, 1016, -1,
      1016, 1015, 1017, -1,
      1016, 1017, 1018, -1,
      1018, 1017, 1019, -1,
      1018, 1019, 1020, -1,
      1020, 1019, 1021, -1,
      1020, 1021, 1022, -1,
      1022, 1021, 1023, -1,
      1022, 1023, 588, -1,
      984, 602, 1015, -1,
      1015, 602, 626, -1,
      1015, 626, 1017, -1,
      1017, 626, 624, -1,
      1017, 624, 1019, -1,
      1019, 624, 622, -1,
      1019, 622, 1021, -1,
      1021, 622, 620, -1,
      1021, 620, 1023, -1,
      1023, 620, 618, -1,
      1023, 618, 588, -1,
      986, 985, 1004, -1,
      1004, 985, 1014, -1,
      1004, 1014, 1005, -1,
      1005, 1014, 1016, -1,
      1005, 1016, 1006, -1,
      1006, 1016, 1018, -1,
      1006, 1018, 1007, -1,
      1007, 1018, 1020, -1,
      1007, 1020, 1008, -1,
      1008, 1020, 1022, -1,
      1008, 1022, 588, -1,
      993, 992, 1024, -1,
      1024, 992, 1025, -1,
      1024, 1025, 1026, -1,
      1026, 1025, 1027, -1,
      1026, 1027, 1028, -1,
      1028, 1027, 1029, -1,
      1028, 1029, 1030, -1,
      1030, 1029, 1031, -1,
      1030, 1031, 1032, -1,
      1032, 1031, 1033, -1,
      1032, 1033, 584, -1,
      992, 991, 1025, -1,
      1025, 991, 1034, -1,
      1025, 1034, 1027, -1,
      1027, 1034, 1035, -1,
      1027, 1035, 1029, -1,
      1029, 1035, 1036, -1,
      1029, 1036, 1031, -1,
      1031, 1036, 1037, -1,
      1031, 1037, 1033, -1,
      1033, 1037, 1038, -1,
      1033, 1038, 584, -1,
      536, 993, 637, -1,
      637, 993, 1024, -1,
      637, 1024, 635, -1,
      635, 1024, 1026, -1,
      635, 1026, 633, -1,
      633, 1026, 1028, -1,
      633, 1028, 631, -1,
      631, 1028, 1030, -1,
      631, 1030, 629, -1,
      629, 1030, 1032, -1,
      629, 1032, 584, -1,
      990, 989, 1039, -1,
      1039, 989, 1040, -1,
      1039, 1040, 1041, -1,
      1041, 1040, 1042, -1,
      1041, 1042, 1043, -1,
      1043, 1042, 1044, -1,
      1043, 1044, 1045, -1,
      1045, 1044, 1046, -1,
      1045, 1046, 1047, -1,
      1047, 1046, 1048, -1,
      1047, 1048, 584, -1,
      989, 639, 1040, -1,
      1040, 639, 1049, -1,
      1040, 1049, 1042, -1,
      1042, 1049, 1050, -1,
      1042, 1050, 1044, -1,
      1044, 1050, 1051, -1,
      1044, 1051, 1046, -1,
      1046, 1051, 1052, -1,
      1046, 1052, 1048, -1,
      1048, 1052, 1053, -1,
      1048, 1053, 584, -1,
      991, 990, 1034, -1,
      1034, 990, 1039, -1,
      1034, 1039, 1035, -1,
      1035, 1039, 1041, -1,
      1035, 1041, 1036, -1,
      1036, 1041, 1043, -1,
      1036, 1043, 1037, -1,
      1037, 1043, 1045, -1,
      1037, 1045, 1038, -1,
      1038, 1045, 1047, -1,
      1038, 1047, 584, -1,
      588, 584, 1053, -1,
      588, 1053, 1013, -1,
      1013, 1053, 1052, -1,
      1013, 1052, 1012, -1,
      1012, 1052, 1051, -1,
      1012, 1051, 1011, -1,
      1011, 1051, 1050, -1,
      1011, 1050, 1010, -1,
      1010, 1050, 1049, -1,
      1010, 1049, 1009, -1,
      1009, 1049, 639, -1,
      1009, 639, 638, -1,
    ]
  }
}

Shape {
  appearance Appearance {
    material Material {
      diffuseColor 0.8510 0.8510 0.8510
      specularColor 0.4235 0.4235 0.4235
      ambientIntensity 0.2
      transparency 0.0000
      shininess 0.5
    }
  }
  geometry IndexedFaceSet {
    ccw TRUE
    solid FALSE
    coord DEF co Coordinate {
      point [
        -0.492126 0.669291 0.043307,
        -0.492126 0.669291 0.157480,
        -0.492126 0.511811 0.043307,
        -0.492126 0.078740 0.043307,
        -0.492126 0.511811 0.157480,
        -0.492126 0.078740 0.157480,
        -0.492126 -0.078740 0.157480,
        -0.492126 -0.669291 0.043307,
        -0.492126 -0.669291 0.157480,
        -0.492126 -0.511811 0.157480,
        -0.492126 -0.511811 0.043307,
        -0.492126 -0.078740 0.043307,
        -0.360236 -0.511811 0.003937,
        -0.452756 -0.511811 0.003937,
        -0.452756 -0.078740 0.003937,
        -0.452756 -0.669291 0.003937,
        -0.360236 -0.669291 0.003937,
        -0.156747 -0.340551 0.003937,
        0.452756 -0.340551 0.003937,
        -0.360236 -0.078740 0.003937,
        -0.462946 -0.669291 0.005278,
        -0.472441 -0.669291 0.009211,
        -0.480595 -0.669291 0.015468,
        -0.486852 -0.669291 0.023622,
        -0.490785 -0.669291 0.033117,
        -0.462946 -0.511811 0.005278,
        -0.462946 -0.078740 0.005278,
        -0.472441 -0.511811 0.009211,
        -0.472441 -0.078740 0.009211,
        -0.480595 -0.511811 0.015468,
        -0.480595 -0.078740 0.015468,
        -0.486852 -0.511811 0.023622,
        -0.486852 -0.078740 0.023622,
        -0.490785 -0.511811 0.033117,
        -0.490785 -0.078740 0.033117,
        -0.360236 0.669291 0.003937,
        -0.452756 0.669291 0.003937,
        -0.452756 0.078740 0.003937,
        -0.452756 0.511811 0.003937,
        -0.360236 0.511811 0.003937,
        0.452756 0.340551 0.003937,
        -0.156747 0.340551 0.003937,
        -0.360236 0.078740 0.003937,
        -0.462946 0.078740 0.005278,
        -0.462946 0.511811 0.005278,
        -0.472441 0.078740 0.009211,
        -0.472441 0.511811 0.009211,
        -0.480595 0.078740 0.015468,
        -0.480595 0.511811 0.015468,
        -0.486852 0.078740 0.023622,
        -0.486852 0.511811 0.023622,
        -0.490785 0.078740 0.033117,
        -0.490785 0.511811 0.033117,
        0.492126 0.340551 0.043307,
        0.492126 0.340551 0.157480,
        0.492126 -0.340551 0.157480,
        0.492126 -0.340551 0.043307,
        0.462946 -0.340551 0.005278,
        0.472441 -0.340551 0.009211,
        0.480595 -0.340551 0.015468,
        0.486852 -0.340551 0.023622,
        0.490785 -0.340551 0.033117,
        0.462946 0.340551 0.005278,
        0.472441 0.340551 0.009211,
        0.480595 0.340551 0.015468,
        0.486852 0.340551 0.023622,
        0.490785 0.340551 0.033117,
        -0.462946 0.669291 0.005278,
        -0.472441 0.669291 0.009211,
        -0.480595 0.669291 0.015468,
        -0.486852 0.669291 0.023622,
        -0.490785 0.669291 0.033117,
        -0.872047 0.669291 0.157480,
        -0.872047 0.511811 0.157480,
        -0.360236 0.511811 0.000000,
        -0.360236 0.669291 0.000000,
        -0.872047 0.511811 0.000000,
        -0.872047 0.669291 0.000000,
        -0.156747 0.340551 0.000000,
        -0.360236 0.078740 0.000000,
        -0.360236 -0.078740 0.000000,
        -0.156747 -0.340551 0.000000,
        -0.872047 0.078740 0.157480,
        -0.872047 0.078740 0.000000,
        -0.872047 -0.078740 0.000000,
        -0.872047 -0.078740 0.157480,
        0.624016 -0.340551 0.157480,
        0.742126 -0.222441 0.157480,
        0.742126 0.222441 0.157480,
        0.624016 0.340551 0.157480,
        0.624016 -0.340551 0.000000,
        0.624016 0.340551 0.000000,
        0.742126 -0.222441 0.000000,
        0.742126 0.222441 0.000000,
        -0.872047 -0.511811 0.157480,
        -0.872047 -0.669291 0.157480,
        -0.360236 -0.669291 0.000000,
        -0.360236 -0.511811 0.000000,
        -0.872047 -0.669291 0.000000,
        -0.872047 -0.511811 0.000000,
      ]
    }
    coordIndex [
      72, 73, 1, -1,
      1, 73, 4, -1,
      39, 74, 35, -1,
      35, 74, 75, -1,
      44, 76, 38, -1,
      38, 76, 74, -1,
      38, 74, 39, -1,
      44, 46, 76, -1,
      76, 46, 48, -1,
      76, 48, 50, -1,
      4, 73, 2, -1,
      2, 73, 76, -1,
      2, 76, 52, -1,
      52, 76, 50, -1,
      71, 70, 77, -1,
      77, 70, 69, -1,
      77, 69, 68, -1,
      72, 1, 77, -1,
      77, 1, 0, -1,
      77, 0, 71, -1,
      68, 67, 77, -1,
      77, 67, 36, -1,
      77, 36, 75, -1,
      75, 36, 35, -1,
      73, 72, 76, -1,
      76, 72, 77, -1,
      75, 74, 77, -1,
      77, 74, 76, -1,
      41, 78, 42, -1,
      42, 78, 79, -1,
      19, 80, 17, -1,
      17, 80, 81, -1,
      82, 5, 83, -1,
      83, 5, 3, -1,
      83, 3, 51, -1,
      51, 49, 83, -1,
      83, 49, 47, -1,
      83, 47, 45, -1,
      45, 43, 83, -1,
      83, 43, 37, -1,
      83, 37, 79, -1,
      79, 37, 42, -1,
      26, 28, 84, -1,
      84, 28, 30, -1,
      84, 30, 32, -1,
      6, 85, 11, -1,
      11, 85, 84, -1,
      11, 84, 34, -1,
      34, 84, 32, -1,
      26, 84, 14, -1,
      14, 84, 80, -1,
      14, 80, 19, -1,
      82, 85, 5, -1,
      5, 85, 6, -1,
      54, 55, 86, -1,
      87, 88, 86, -1,
      86, 88, 89, -1,
      86, 89, 54, -1,
      61, 60, 90, -1,
      90, 60, 59, -1,
      90, 59, 58, -1,
      86, 55, 90, -1,
      90, 55, 56, -1,
      90, 56, 61, -1,
      17, 81, 18, -1,
      18, 81, 90, -1,
      18, 90, 57, -1,
      57, 90, 58, -1,
      62, 63, 91, -1,
      91, 63, 64, -1,
      91, 64, 65, -1,
      62, 91, 40, -1,
      40, 91, 78, -1,
      40, 78, 41, -1,
      54, 89, 53, -1,
      53, 89, 91, -1,
      53, 91, 66, -1,
      66, 91, 65, -1,
      85, 82, 84, -1,
      84, 82, 83, -1,
      92, 93, 87, -1,
      87, 93, 88, -1,
      91, 93, 92, -1,
      80, 84, 83, -1,
      83, 79, 80, -1,
      80, 79, 78, -1,
      80, 78, 81, -1,
      81, 78, 91, -1,
      81, 91, 90, -1,
      90, 91, 92, -1,
      94, 95, 9, -1,
      9, 95, 8, -1,
      16, 96, 12, -1,
      12, 96, 97, -1,
      20, 21, 98, -1,
      98, 21, 22, -1,
      98, 22, 23, -1,
      20, 98, 15, -1,
      15, 98, 96, -1,
      15, 96, 16, -1,
      8, 95, 7, -1,
      7, 95, 98, -1,
      7, 98, 24, -1,
      24, 98, 23, -1,
      33, 31, 99, -1,
      99, 31, 29, -1,
      99, 29, 27, -1,
      94, 9, 99, -1,
      99, 9, 10, -1,
      99, 10, 33, -1,
      27, 25, 99, -1,
      99, 25, 13, -1,
      99, 13, 97, -1,
      97, 13, 12, -1,
      95, 94, 98, -1,
      98, 94, 99, -1,
      97, 96, 99, -1,
      99, 96, 98, -1,
      90, 92, 86, -1,
      86, 92, 87, -1,
      93, 91, 88, -1,
      88, 91, 89, -1,
    ]
  }
}

Shape {
  appearance Appearance {
    material Material {
      diffuseColor 1.0000 1.0000 1.0000
      specularColor 0.8784 0.8784 0.8784
      ambientIntensity 0.2
      transparency 0.0000
      shininess 0.5
    }
  }
  geometry IndexedFaceSet {
    ccw TRUE
    solid FALSE
    coord DEF co Coordinate {
      point [
        0.449047 0.075600 0.467939,
        0.448985 0.079253 0.468380,
        0.454965 0.109775 0.425828,
        0.454965 0.122749 0.425828,
        0.452716 0.109775 0.441833,
        0.452716 0.122749 0.441833,
        0.449042 0.128319 0.467979,
        0.449811 0.128319 0.462506,
        0.452716 0.126955 0.441833,
        0.454965 0.129411 0.425828,
        0.451950 0.126955 0.447281,
        0.449811 0.122749 0.462506,
        0.451950 0.122749 0.447281,
        0.449811 0.109775 0.462506,
        0.451950 0.109775 0.447281,
        0.455728 0.103573 0.420405,
        0.455728 0.122749 0.420405,
        0.455728 0.129411 0.420405,
        0.449042 0.103573 0.467979,
        0.449042 0.122749 0.467979,
        0.450065 0.093422 0.460701,
        0.454752 0.091906 0.427348,
        0.454624 0.093957 0.428261,
        0.450105 0.093957 0.460415,
        0.455564 0.091906 0.421570,
        0.455507 0.093138 0.421970,
        0.455451 0.093957 0.422375,
        0.454807 0.073302 0.426959,
        0.454991 0.076726 0.425650,
        0.455071 0.081554 0.425074,
        0.449984 0.091906 0.461272,
        0.449806 0.088549 0.462537,
        0.454919 0.089239 0.426161,
        0.449708 0.082635 0.463236,
        0.455059 0.083806 0.425158,
        0.451535 0.065299 0.450235,
        0.452460 0.064496 0.443657,
        0.452822 0.064611 0.441079,
        0.453465 0.065506 0.436504,
        0.449719 0.080769 0.463162,
        0.449831 0.076590 0.462364,
        0.450074 0.072813 0.460631,
        0.453989 0.067175 0.432777,
        0.454367 0.069212 0.430085,
        0.454498 0.070161 0.429155,
        0.450450 0.069543 0.457958,
        0.450959 0.066915 0.454334,
        0.448985 0.087707 0.468380,
        0.448998 0.088895 0.468287,
        0.449120 0.091906 0.467424,
        0.449202 0.093957 0.466836,
        0.448929 0.082573 0.468781,
        0.448929 0.082611 0.468781,
        0.450546 0.061443 0.457270,
        0.449913 0.064926 0.461777,
        0.449758 0.066090 0.462878,
        0.449319 0.070584 0.466004,
        0.451289 0.059161 0.451985,
        0.450972 0.060137 0.454245,
        0.454028 0.060137 0.432500,
        0.453606 0.058946 0.435503,
        0.452511 0.057987 0.443292,
        0.452162 0.058072 0.445774,
        0.455672 0.072550 0.420800,
        0.455374 0.068016 0.422917,
        0.454928 0.064152 0.426096,
        0.454302 0.060910 0.430548,
        0.455743 0.087980 0.420295,
        0.455841 0.080657 0.419602,
        0.455821 0.077757 0.419738,
        0.449042 0.036889 0.467979,
        0.454965 0.036889 0.425828,
        0.454965 0.056022 0.425828,
        0.455728 0.030687 0.420405,
        0.449042 0.030687 0.467979,
        0.455728 0.056022 0.420405,
        0.455728 0.138487 0.420405,
        0.452724 0.177457 0.441776,
        0.453507 0.176294 0.436205,
        0.454199 0.173930 0.431284,
        0.454791 0.170355 0.427069,
        0.450737 0.175009 0.455916,
        0.451374 0.176792 0.451385,
        0.452299 0.177600 0.444800,
        0.455289 0.165367 0.423522,
        0.455588 0.159898 0.421398,
        0.455728 0.151701 0.420405,
        0.449042 0.138487 0.467979,
        0.449042 0.152192 0.467979,
        0.449154 0.159526 0.467177,
        0.449449 0.165324 0.465080,
        0.449927 0.170355 0.461680,
        0.450155 0.172031 0.460058,
        0.455355 0.056022 0.425883,
        0.456118 0.056022 0.420459,
        0.455355 0.036889 0.425883,
        0.449431 0.036889 0.468034,
        0.449431 0.030687 0.468034,
        0.456118 0.030687 0.420459,
        0.455841 0.093957 0.422430,
        0.455898 0.093138 0.422025,
        0.456230 0.080657 0.419657,
        0.456133 0.087980 0.420350,
        0.455013 0.093957 0.428316,
        0.455309 0.089239 0.426216,
        0.455450 0.083806 0.425213,
        0.455461 0.081554 0.425130,
        0.455380 0.076726 0.425705,
        0.455196 0.073302 0.427014,
        0.454888 0.070161 0.429210,
        0.454757 0.069212 0.430140,
        0.454379 0.067175 0.432832,
        0.453855 0.065506 0.436559,
        0.453212 0.064611 0.441134,
        0.452850 0.064496 0.443711,
        0.451925 0.065299 0.450290,
        0.451349 0.066915 0.454389,
        0.450840 0.069543 0.458013,
        0.450464 0.072813 0.460686,
        0.450220 0.076590 0.462419,
        0.450108 0.080769 0.463217,
        0.450098 0.082635 0.463291,
        0.450494 0.093957 0.460469,
        0.450454 0.093422 0.460756,
        0.450196 0.088549 0.462592,
        0.449592 0.093957 0.466891,
        0.449319 0.082573 0.468836,
        0.449319 0.082611 0.468836,
        0.449388 0.088895 0.468341,
        0.449437 0.075600 0.467993,
        0.449709 0.070584 0.466058,
        0.450148 0.066090 0.462933,
        0.450303 0.064926 0.461831,
        0.450937 0.061443 0.457325,
        0.451679 0.059161 0.452040,
        0.452552 0.058072 0.445829,
        0.452901 0.057987 0.443347,
        0.455318 0.064152 0.426151,
        0.454692 0.060910 0.430603,
        0.453996 0.058946 0.435558,
        0.455765 0.068016 0.422972,
        0.456062 0.072550 0.420854,
        0.456211 0.077757 0.419793,
        0.455355 0.129411 0.425883,
        0.456118 0.129411 0.420459,
        0.455355 0.109775 0.425883,
        0.453106 0.109775 0.441887,
        0.453106 0.126955 0.441887,
        0.452341 0.126955 0.447335,
        0.452341 0.109775 0.447335,
        0.450200 0.109775 0.462561,
        0.450200 0.128319 0.462561,
        0.449431 0.128319 0.468034,
        0.449431 0.103573 0.468034,
        0.456118 0.103573 0.420459,
        0.454304 0.168067 0.433365,
        0.454658 0.165946 0.430845,
        0.455181 0.170355 0.427124,
        0.454727 0.165415 0.430353,
        0.455680 0.165367 0.423577,
        0.455028 0.162324 0.428214,
        0.455978 0.159898 0.421453,
        0.455243 0.158369 0.426683,
        0.456118 0.151701 0.420459,
        0.455355 0.151664 0.425883,
        0.456118 0.138487 0.420459,
        0.455355 0.144689 0.425883,
        0.449431 0.138487 0.468034,
        0.450200 0.144689 0.462561,
        0.449431 0.152192 0.468034,
        0.450200 0.151946 0.462561,
        0.449544 0.159526 0.467232,
        0.450295 0.158121 0.461888,
        0.449839 0.165324 0.465135,
        0.450504 0.162291 0.460401,
        0.450317 0.170355 0.461734,
        0.450830 0.165811 0.458086,
        0.450544 0.172031 0.460113,
        0.451009 0.167126 0.456806,
        0.451127 0.175009 0.455971,
        0.451383 0.168994 0.454146,
        0.451764 0.176792 0.451439,
        0.451870 0.170355 0.450684,
        0.452689 0.177600 0.444855,
        0.452713 0.171080 0.444684,
        0.453114 0.177457 0.441831,
        0.453227 0.170841 0.441028,
        0.453897 0.176294 0.436260,
        0.453819 0.169813 0.436811,
        0.454589 0.173930 0.431339,
        0.449811 0.151946 0.462506,
        0.449811 0.144689 0.462506,
        0.454965 0.144689 0.425828,
        0.454965 0.151664 0.425828,
        0.454268 0.165946 0.430790,
        0.454337 0.165415 0.430298,
        0.454638 0.162324 0.428159,
        0.454853 0.158369 0.426629,
        0.452323 0.171080 0.444630,
        0.452837 0.170841 0.440973,
        0.453430 0.169813 0.436756,
        0.453914 0.168067 0.433311,
        0.450440 0.165811 0.458031,
        0.450620 0.167126 0.456751,
        0.450993 0.168994 0.454091,
        0.451480 0.170355 0.450630,
        0.449906 0.158121 0.461833,
        0.450114 0.162291 0.460346,
      ]
    }
    coordIndex [
      93, 94, 72, -1,
      72, 94, 75, -1,
      95, 93, 71, -1,
      71, 93, 72, -1,
      96, 95, 70, -1,
      70, 95, 71, -1,
      97, 96, 74, -1,
      74, 96, 70, -1,
      98, 97, 73, -1,
      73, 97, 74, -1,
      94, 98, 75, -1,
      75, 98, 73, -1,
      96, 97, 95, -1,
      95, 97, 98, -1,
      95, 98, 93, -1,
      93, 98, 94, -1,
      26, 99, 100, -1,
      101, 68, 67, -1,
      101, 67, 102, -1,
      102, 67, 24, -1,
      102, 24, 100, -1,
      100, 24, 25, -1,
      100, 25, 26, -1,
      103, 99, 22, -1,
      22, 99, 26, -1,
      103, 22, 21, -1,
      103, 21, 104, -1,
      21, 32, 104, -1,
      104, 32, 34, -1,
      104, 34, 105, -1,
      105, 34, 29, -1,
      105, 29, 106, -1,
      106, 29, 28, -1,
      106, 28, 107, -1,
      107, 28, 27, -1,
      107, 27, 108, -1,
      108, 27, 44, -1,
      108, 44, 109, -1,
      109, 44, 43, -1,
      109, 43, 110, -1,
      110, 43, 42, -1,
      110, 42, 111, -1,
      111, 42, 38, -1,
      111, 38, 112, -1,
      112, 38, 37, -1,
      112, 37, 113, -1,
      113, 37, 36, -1,
      113, 36, 114, -1,
      114, 36, 35, -1,
      114, 35, 115, -1,
      115, 35, 46, -1,
      115, 46, 116, -1,
      116, 46, 45, -1,
      116, 45, 117, -1,
      117, 45, 41, -1,
      117, 41, 118, -1,
      118, 41, 40, -1,
      118, 40, 119, -1,
      119, 40, 39, -1,
      119, 39, 120, -1,
      120, 39, 33, -1,
      120, 33, 121, -1,
      23, 122, 123, -1,
      121, 33, 31, -1,
      121, 31, 124, -1,
      124, 31, 30, -1,
      124, 30, 123, -1,
      123, 30, 20, -1,
      123, 20, 23, -1,
      125, 122, 50, -1,
      50, 122, 23, -1,
      51, 126, 127, -1,
      125, 50, 49, -1,
      125, 49, 128, -1,
      49, 48, 128, -1,
      128, 48, 47, -1,
      128, 47, 127, -1,
      127, 47, 52, -1,
      127, 52, 51, -1,
      126, 51, 1, -1,
      126, 1, 129, -1,
      1, 0, 129, -1,
      129, 0, 56, -1,
      129, 56, 130, -1,
      130, 56, 55, -1,
      130, 55, 131, -1,
      131, 55, 54, -1,
      131, 54, 132, -1,
      132, 54, 53, -1,
      132, 53, 133, -1,
      133, 53, 58, -1,
      133, 58, 134, -1,
      58, 57, 134, -1,
      134, 57, 62, -1,
      134, 62, 135, -1,
      135, 62, 61, -1,
      135, 61, 136, -1,
      65, 137, 138, -1,
      136, 61, 60, -1,
      136, 60, 139, -1,
      139, 60, 59, -1,
      139, 59, 138, -1,
      138, 59, 66, -1,
      138, 66, 65, -1,
      137, 65, 64, -1,
      137, 64, 140, -1,
      140, 64, 63, -1,
      140, 63, 141, -1,
      141, 63, 69, -1,
      141, 69, 142, -1,
      142, 69, 68, -1,
      142, 68, 101, -1,
      123, 122, 125, -1,
      118, 131, 117, -1,
      117, 131, 132, -1,
      117, 132, 116, -1,
      116, 132, 133, -1,
      116, 133, 115, -1,
      136, 114, 135, -1,
      135, 114, 115, -1,
      135, 115, 134, -1,
      134, 115, 133, -1,
      123, 125, 124, -1,
      124, 125, 128, -1,
      124, 128, 121, -1,
      121, 128, 127, -1,
      121, 127, 120, -1,
      120, 127, 126, -1,
      120, 126, 119, -1,
      119, 126, 129, -1,
      119, 129, 118, -1,
      118, 129, 130, -1,
      118, 130, 131, -1,
      99, 103, 100, -1,
      100, 103, 104, -1,
      100, 104, 102, -1,
      102, 104, 105, -1,
      102, 105, 101, -1,
      101, 105, 106, -1,
      101, 106, 142, -1,
      142, 106, 107, -1,
      142, 107, 141, -1,
      141, 107, 108, -1,
      141, 108, 140, -1,
      140, 108, 109, -1,
      140, 109, 137, -1,
      137, 109, 110, -1,
      137, 110, 138, -1,
      138, 110, 111, -1,
      138, 111, 139, -1,
      139, 111, 112, -1,
      139, 112, 136, -1,
      136, 112, 113, -1,
      136, 113, 114, -1,
      143, 144, 9, -1,
      9, 144, 17, -1,
      2, 145, 3, -1,
      3, 145, 143, -1,
      3, 143, 9, -1,
      146, 145, 4, -1,
      4, 145, 2, -1,
      8, 147, 5, -1,
      5, 147, 146, -1,
      5, 146, 4, -1,
      148, 147, 10, -1,
      10, 147, 8, -1,
      14, 149, 12, -1,
      12, 149, 148, -1,
      12, 148, 10, -1,
      150, 149, 13, -1,
      13, 149, 14, -1,
      7, 151, 11, -1,
      11, 151, 150, -1,
      11, 150, 13, -1,
      152, 151, 6, -1,
      6, 151, 7, -1,
      18, 153, 19, -1,
      19, 153, 152, -1,
      19, 152, 6, -1,
      154, 153, 15, -1,
      15, 153, 18, -1,
      17, 144, 16, -1,
      16, 144, 154, -1,
      16, 154, 15, -1,
      154, 144, 143, -1,
      143, 145, 154, -1,
      154, 145, 146, -1,
      154, 146, 153, -1,
      151, 152, 150, -1,
      150, 152, 153, -1,
      150, 153, 149, -1,
      149, 153, 146, -1,
      149, 146, 148, -1,
      148, 146, 147, -1,
      155, 156, 157, -1,
      157, 156, 158, -1,
      157, 158, 159, -1,
      159, 158, 160, -1,
      159, 160, 161, -1,
      161, 160, 162, -1,
      161, 162, 163, -1,
      163, 162, 164, -1,
      163, 164, 165, -1,
      165, 164, 166, -1,
      165, 166, 167, -1,
      167, 166, 168, -1,
      167, 168, 169, -1,
      169, 168, 170, -1,
      169, 170, 171, -1,
      171, 170, 172, -1,
      171, 172, 173, -1,
      173, 172, 174, -1,
      173, 174, 175, -1,
      175, 174, 176, -1,
      175, 176, 177, -1,
      177, 176, 178, -1,
      177, 178, 179, -1,
      179, 178, 180, -1,
      179, 180, 181, -1,
      181, 180, 182, -1,
      181, 182, 183, -1,
      183, 182, 184, -1,
      183, 184, 185, -1,
      185, 184, 186, -1,
      185, 186, 187, -1,
      187, 186, 188, -1,
      187, 188, 189, -1,
      189, 188, 155, -1,
      189, 155, 157, -1,
      163, 165, 86, -1,
      86, 165, 76, -1,
      163, 86, 85, -1,
      163, 85, 161, -1,
      161, 85, 84, -1,
      161, 84, 159, -1,
      159, 84, 80, -1,
      159, 80, 157, -1,
      157, 80, 79, -1,
      157, 79, 189, -1,
      189, 79, 78, -1,
      189, 78, 187, -1,
      187, 78, 77, -1,
      187, 77, 185, -1,
      185, 77, 83, -1,
      185, 83, 183, -1,
      183, 83, 82, -1,
      183, 82, 181, -1,
      181, 82, 81, -1,
      181, 81, 179, -1,
      179, 81, 92, -1,
      179, 92, 177, -1,
      177, 92, 91, -1,
      177, 91, 175, -1,
      175, 91, 90, -1,
      175, 90, 173, -1,
      173, 90, 89, -1,
      173, 89, 171, -1,
      171, 89, 88, -1,
      171, 88, 169, -1,
      167, 169, 87, -1,
      87, 169, 88, -1,
      165, 167, 76, -1,
      76, 167, 87, -1,
      170, 168, 190, -1,
      190, 168, 191, -1,
      168, 166, 191, -1,
      191, 166, 192, -1,
      166, 164, 192, -1,
      192, 164, 193, -1,
      156, 194, 195, -1,
      156, 195, 158, -1,
      158, 195, 196, -1,
      158, 196, 160, -1,
      160, 196, 197, -1,
      160, 197, 162, -1,
      162, 197, 193, -1,
      162, 193, 164, -1,
      184, 198, 199, -1,
      184, 199, 186, -1,
      186, 199, 200, -1,
      186, 200, 188, -1,
      188, 200, 201, -1,
      188, 201, 155, -1,
      155, 201, 194, -1,
      155, 194, 156, -1,
      176, 202, 203, -1,
      176, 203, 178, -1,
      178, 203, 204, -1,
      178, 204, 180, -1,
      180, 204, 205, -1,
      180, 205, 182, -1,
      182, 205, 198, -1,
      182, 198, 184, -1,
      170, 190, 206, -1,
      170, 206, 172, -1,
      172, 206, 207, -1,
      172, 207, 174, -1,
      174, 207, 202, -1,
      174, 202, 176, -1,
    ]
  }
}

Shape {
  appearance Appearance {
    material Material {
      diffuseColor 0.2510 0.2510 0.2510
      specularColor 0.0745 0.0745 0.0745
      ambientIntensity 0.2
      transparency 0.0000
      shininess 0.5
    }
  }
  geometry IndexedFaceSet {
    ccw TRUE
    solid FALSE
    coord DEF co Coordinate {
      point [
        0.449811 0.151946 0.462506,
        0.449811 0.144689 0.462506,
        0.454965 0.144689 0.425828,
        0.454965 0.151664 0.425828,
        0.454268 0.165946 0.430790,
        0.454337 0.165415 0.430298,
        0.454638 0.162324 0.428159,
        0.454853 0.158369 0.426629,
        0.452323 0.171080 0.444630,
        0.452837 0.170841 0.440973,
        0.453430 0.169813 0.436756,
        0.453914 0.168067 0.433311,
        0.450440 0.165811 0.458031,
        0.450620 0.167126 0.456751,
        0.450993 0.168994 0.454091,
        0.451480 0.170355 0.450630,
        0.449906 0.158121 0.461833,
        0.450114 0.162291 0.460346,
      ]
    }
    coordIndex [
      5, 4, 0, -1,
      1, 2, 0, -1,
      0, 2, 3, -1,
      3, 7, 0, -1,
      0, 7, 6, -1,
      0, 6, 5, -1,
      4, 11, 0, -1,
      0, 11, 10, -1,
      0, 10, 9, -1,
      9, 8, 0, -1,
      0, 8, 15, -1,
      0, 15, 14, -1,
      14, 13, 0, -1,
      0, 13, 12, -1,
      0, 12, 16, -1,
      16, 12, 17, -1,
    ]
  }
}

Shape {
  appearance Appearance {
    material Material {
      diffuseColor 1.0000 1.0000 1.0000
      specularColor 0.8784 0.8784 0.8784
      ambientIntensity 0.2
      transparency 0.0000
      shininess 0.5
    }
  }
  geometry IndexedFaceSet {
    ccw TRUE
    solid FALSE
    coord DEF co Coordinate {
      point [
        0.453899 0.211741 0.433417,
        0.453899 0.194112 0.433417,
        0.455728 0.216641 0.420405,
        0.455728 0.223493 0.420405,
        0.450668 0.194112 0.456405,
        0.449042 0.198563 0.467979,
        0.449042 0.205195 0.467979,
        0.455728 0.180265 0.420405,
        0.455728 0.187118 0.420405,
        0.453899 0.191735 0.433417,
        0.453533 0.193700 0.438847,
        0.454289 0.191735 0.433472,
        0.453533 0.209825 0.438847,
        0.454289 0.211741 0.433472,
        0.450754 0.200885 0.458621,
        0.449431 0.198563 0.468034,
        0.456118 0.180265 0.420459,
        0.456118 0.187118 0.420459,
        0.450555 0.201300 0.460041,
        0.450286 0.201670 0.461953,
        0.449431 0.205195 0.468034,
        0.450286 0.201818 0.461953,
        0.450569 0.202206 0.459941,
        0.450754 0.202567 0.458621,
        0.456118 0.223493 0.420459,
        0.456118 0.216641 0.420459,
        0.453143 0.193700 0.438792,
        0.453143 0.209825 0.438792,
        0.450365 0.202567 0.458566,
        0.449896 0.201818 0.461898,
        0.450179 0.202206 0.459886,
        0.449896 0.201670 0.461898,
        0.450365 0.200885 0.458566,
        0.450165 0.201300 0.459986,
      ]
    }
    coordIndex [
      10, 11, 12, -1,
      12, 11, 13, -1,
      14, 15, 10, -1,
      10, 15, 16, -1,
      10, 16, 11, -1,
      11, 16, 17, -1,
      14, 18, 15, -1,
      15, 18, 19, -1,
      15, 19, 20, -1,
      20, 19, 21, -1,
      20, 21, 22, -1,
      22, 23, 20, -1,
      20, 23, 12, -1,
      20, 12, 24, -1,
      24, 12, 13, -1,
      24, 13, 25, -1,
      20, 24, 6, -1,
      6, 24, 3, -1,
      15, 20, 5, -1,
      5, 20, 6, -1,
      7, 16, 4, -1,
      4, 16, 15, -1,
      4, 15, 5, -1,
      17, 16, 8, -1,
      8, 16, 7, -1,
      11, 17, 9, -1,
      9, 17, 8, -1,
      0, 13, 1, -1,
      1, 13, 11, -1,
      1, 11, 9, -1,
      25, 13, 2, -1,
      2, 13, 0, -1,
      24, 25, 3, -1,
      3, 25, 2, -1,
      10, 12, 26, -1,
      26, 12, 27, -1,
      12, 23, 27, -1,
      27, 23, 28, -1,
      21, 29, 30, -1,
      21, 30, 22, -1,
      22, 30, 28, -1,
      22, 28, 23, -1,
      21, 19, 29, -1,
      29, 19, 31, -1,
      14, 32, 33, -1,
      14, 33, 18, -1,
      18, 33, 31, -1,
      18, 31, 19, -1,
      14, 10, 32, -1,
      32, 10, 26, -1,
    ]
  }
}

Shape {
  appearance Appearance {
    material Material {
      diffuseColor 0.2510 0.2510 0.2510
      specularColor 0.0745 0.0745 0.0745
      ambientIntensity 0.2
      transparency 0.0000
      shininess 0.5
    }
  }
  geometry IndexedFaceSet {
    ccw TRUE
    solid FALSE
    coord DEF co Coordinate {
      point [
        0.453143 0.193700 0.438792,
        0.453143 0.209825 0.438792,
        0.450365 0.202567 0.458566,
        0.449896 0.201818 0.461898,
        0.450179 0.202206 0.459886,
        0.449896 0.201670 0.461898,
        0.450365 0.200885 0.458566,
        0.450165 0.201300 0.459986,
      ]
    }
    coordIndex [
      3, 5, 4, -1,
      4, 5, 7, -1,
      4, 7, 2, -1,
      2, 7, 6, -1,
      2, 6, 1, -1,
      1, 6, 0, -1,
    ]
  }
}

Shape {
  appearance Appearance {
    material Material {
      diffuseColor 1.0000 1.0000 1.0000
      specularColor 0.8784 0.8784 0.8784
      ambientIntensity 0.2
      transparency 0.0000
      shininess 0.5
    }
  }
  geometry IndexedFaceSet {
    ccw TRUE
    solid FALSE
    coord DEF co Coordinate {
      point [
        0.464090 0.064519 0.360904,
        0.462708 0.065638 0.370739,
        0.464362 0.063281 0.358967,
        0.464669 0.062557 0.356780,
        0.466335 0.089856 0.344933,
        0.466335 0.083838 0.344933,
        0.462160 0.078939 0.374635,
        0.462130 0.076887 0.374849,
        0.463497 0.073670 0.365120,
        0.462557 0.089265 0.371815,
        0.463261 0.089856 0.366798,
        0.463863 0.066274 0.362515,
        0.463678 0.068686 0.363838,
        0.462344 0.069793 0.373325,
        0.462174 0.073563 0.374533,
        0.466268 0.067259 0.345406,
        0.466071 0.065233 0.346806,
        0.465995 0.064683 0.347346,
        0.465744 0.063404 0.349130,
        0.465596 0.083838 0.350187,
        0.465596 0.083678 0.350187,
        0.465812 0.082648 0.348651,
        0.466092 0.080736 0.346660,
        0.465468 0.062639 0.351100,
        0.465056 0.062285 0.354030,
        0.461894 0.065638 0.376528,
        0.463299 0.083838 0.366531,
        0.462931 0.083632 0.369147,
        0.462632 0.083011 0.371277,
        0.462459 0.082306 0.372506,
        0.461795 0.066863 0.377231,
        0.461554 0.071335 0.378952,
        0.461450 0.077452 0.379689,
        0.461512 0.081636 0.379244,
        0.461630 0.084039 0.378411,
        0.461798 0.085948 0.377212,
        0.461939 0.087001 0.376205,
        0.462198 0.088274 0.374366,
        0.462324 0.081398 0.373467,
        0.462228 0.080331 0.374150,
        0.466274 0.078749 0.345363,
        0.466391 0.076455 0.344531,
        0.466398 0.076317 0.344482,
        0.466447 0.073166 0.344130,
        0.466391 0.069676 0.344531,
        0.466389 0.069567 0.344544,
        0.466335 0.056526 0.344933,
        0.466335 0.030687 0.344933,
        0.465572 0.056526 0.350357,
        0.460418 0.055433 0.387035,
        0.459648 0.030687 0.392507,
        0.459648 0.055433 0.392507,
        0.463323 0.036889 0.366361,
        0.465572 0.036889 0.350357,
        0.463323 0.054070 0.366361,
        0.462557 0.054070 0.371809,
        0.462557 0.036889 0.371809,
        0.460418 0.036889 0.387035,
        0.465962 0.056526 0.350411,
        0.466724 0.056526 0.344988,
        0.465962 0.036889 0.350411,
        0.463713 0.036889 0.366416,
        0.463713 0.054070 0.366416,
        0.462947 0.054070 0.371864,
        0.462947 0.036889 0.371864,
        0.460807 0.036889 0.387089,
        0.460807 0.055433 0.387089,
        0.460038 0.055433 0.392562,
        0.460038 0.030687 0.392562,
        0.466724 0.030687 0.344988,
        0.465986 0.083678 0.350241,
        0.465986 0.083838 0.350241,
        0.465215 0.083445 0.355724,
        0.464699 0.070656 0.359400,
        0.464605 0.072005 0.360071,
        0.464067 0.068686 0.363893,
        0.464842 0.083832 0.358383,
        0.463652 0.089856 0.366854,
        0.464786 0.083838 0.358778,
        0.464328 0.083838 0.362038,
        0.466724 0.083838 0.344988,
        0.466724 0.089856 0.344988,
        0.461902 0.081636 0.379300,
        0.462618 0.080331 0.374205,
        0.462019 0.084039 0.378466,
        0.462714 0.081398 0.373522,
        0.465514 0.082562 0.353598,
        0.465761 0.081259 0.351846,
        0.466202 0.082648 0.348706,
        0.465863 0.080507 0.351119,
        0.466481 0.080736 0.346715,
        0.466022 0.078808 0.349982,
        0.466664 0.078749 0.345418,
        0.466115 0.076983 0.349324,
        0.466788 0.076317 0.344537,
        0.466150 0.074726 0.349074,
        0.466837 0.073166 0.344185,
        0.466118 0.072693 0.349301,
        0.466779 0.069567 0.344599,
        0.466049 0.071332 0.349795,
        0.466658 0.067259 0.345460,
        0.465935 0.070133 0.350606,
        0.466461 0.065233 0.346861,
        0.465863 0.069621 0.351115,
        0.463887 0.073670 0.365175,
        0.464479 0.075807 0.360967,
        0.463689 0.083838 0.366586,
        0.462284 0.065638 0.376582,
        0.463098 0.065638 0.370794,
        0.462185 0.066863 0.377286,
        0.462734 0.069793 0.373380,
        0.461943 0.071335 0.379007,
        0.462565 0.073563 0.374588,
        0.461840 0.077452 0.379744,
        0.462520 0.076887 0.374904,
        0.462550 0.078939 0.374689,
        0.463321 0.083632 0.369202,
        0.462946 0.089265 0.371869,
        0.463022 0.083011 0.371331,
        0.462588 0.088274 0.374420,
        0.462849 0.082306 0.372561,
        0.462330 0.087001 0.376259,
        0.462188 0.085948 0.377267,
        0.464772 0.069985 0.358876,
        0.464254 0.066274 0.362570,
        0.464897 0.069265 0.357993,
        0.464480 0.064519 0.360959,
        0.465053 0.068737 0.356881,
        0.464752 0.063281 0.359021,
        0.465245 0.068440 0.355517,
        0.465059 0.062557 0.356835,
        0.465378 0.068389 0.354571,
        0.465446 0.062285 0.354084,
        0.465570 0.068542 0.353203,
        0.465858 0.062639 0.351154,
        0.465722 0.068937 0.352120,
        0.466135 0.063404 0.349185,
        0.466385 0.064683 0.347401,
        0.464383 0.069985 0.358821,
        0.464309 0.070656 0.359346,
        0.464215 0.072005 0.360016,
        0.464089 0.075807 0.360913,
        0.464988 0.068389 0.354516,
        0.464855 0.068440 0.355462,
        0.464663 0.068737 0.356826,
        0.464507 0.069265 0.357938,
        0.465545 0.070133 0.350551,
        0.465473 0.069621 0.351061,
        0.465332 0.068937 0.352065,
        0.465180 0.068542 0.353148,
        0.465760 0.074726 0.349019,
        0.465728 0.072693 0.349246,
        0.465659 0.071332 0.349741,
        0.465370 0.081259 0.351792,
        0.465473 0.080507 0.351064,
        0.465633 0.078808 0.349927,
        0.465725 0.076983 0.349270,
        0.464396 0.083838 0.358724,
        0.464452 0.083832 0.358328,
        0.464826 0.083445 0.355669,
        0.465124 0.082562 0.353543,
        0.463938 0.083838 0.361983,
      ]
    }
    coordIndex [
      58, 59, 48, -1,
      48, 59, 46, -1,
      60, 58, 53, -1,
      53, 58, 48, -1,
      61, 60, 52, -1,
      52, 60, 53, -1,
      62, 61, 54, -1,
      54, 61, 52, -1,
      63, 62, 55, -1,
      55, 62, 54, -1,
      64, 63, 56, -1,
      56, 63, 55, -1,
      65, 64, 57, -1,
      57, 64, 56, -1,
      66, 65, 49, -1,
      49, 65, 57, -1,
      67, 66, 51, -1,
      51, 66, 49, -1,
      68, 67, 50, -1,
      50, 67, 51, -1,
      69, 68, 47, -1,
      47, 68, 50, -1,
      59, 69, 46, -1,
      46, 69, 47, -1,
      66, 67, 65, -1,
      65, 67, 68, -1,
      65, 68, 64, -1,
      59, 58, 69, -1,
      69, 58, 60, -1,
      69, 60, 61, -1,
      62, 63, 61, -1,
      61, 63, 64, -1,
      61, 64, 69, -1,
      69, 64, 68, -1,
      70, 71, 72, -1,
      73, 74, 75, -1,
      76, 77, 78, -1,
      78, 77, 79, -1,
      80, 81, 71, -1,
      71, 81, 77, -1,
      71, 77, 72, -1,
      72, 77, 76, -1,
      82, 83, 84, -1,
      84, 83, 85, -1,
      72, 86, 70, -1,
      70, 86, 87, -1,
      70, 87, 88, -1,
      88, 87, 89, -1,
      88, 89, 90, -1,
      90, 89, 91, -1,
      90, 91, 92, -1,
      92, 91, 93, -1,
      92, 93, 94, -1,
      94, 93, 95, -1,
      94, 95, 96, -1,
      96, 95, 97, -1,
      96, 97, 98, -1,
      98, 97, 99, -1,
      98, 99, 100, -1,
      100, 99, 101, -1,
      100, 101, 102, -1,
      102, 101, 103, -1,
      75, 74, 104, -1,
      104, 74, 105, -1,
      104, 105, 106, -1,
      107, 108, 109, -1,
      109, 108, 110, -1,
      109, 110, 111, -1,
      111, 110, 112, -1,
      111, 112, 113, -1,
      113, 112, 114, -1,
      113, 114, 82, -1,
      82, 114, 115, -1,
      82, 115, 83, -1,
      105, 79, 106, -1,
      106, 79, 77, -1,
      106, 77, 116, -1,
      116, 77, 117, -1,
      116, 117, 118, -1,
      118, 117, 119, -1,
      118, 119, 120, -1,
      120, 119, 121, -1,
      120, 121, 85, -1,
      85, 121, 122, -1,
      85, 122, 84, -1,
      73, 75, 123, -1,
      123, 75, 124, -1,
      123, 124, 125, -1,
      125, 124, 126, -1,
      125, 126, 127, -1,
      127, 126, 128, -1,
      127, 128, 129, -1,
      129, 128, 130, -1,
      129, 130, 131, -1,
      131, 130, 132, -1,
      131, 132, 133, -1,
      133, 132, 134, -1,
      133, 134, 135, -1,
      135, 134, 136, -1,
      135, 136, 103, -1,
      103, 136, 137, -1,
      103, 137, 102, -1,
      113, 32, 31, -1,
      113, 31, 111, -1,
      111, 31, 30, -1,
      111, 30, 109, -1,
      109, 30, 25, -1,
      109, 25, 107, -1,
      108, 107, 1, -1,
      1, 107, 25, -1,
      108, 1, 13, -1,
      108, 13, 110, -1,
      110, 13, 14, -1,
      110, 14, 112, -1,
      112, 14, 7, -1,
      112, 7, 114, -1,
      114, 7, 6, -1,
      114, 6, 115, -1,
      115, 6, 39, -1,
      115, 39, 83, -1,
      83, 39, 38, -1,
      83, 38, 85, -1,
      85, 38, 29, -1,
      85, 29, 120, -1,
      120, 29, 28, -1,
      120, 28, 118, -1,
      118, 28, 27, -1,
      118, 27, 116, -1,
      116, 27, 26, -1,
      116, 26, 106, -1,
      104, 106, 8, -1,
      8, 106, 26, -1,
      104, 8, 12, -1,
      104, 12, 75, -1,
      75, 12, 11, -1,
      75, 11, 124, -1,
      124, 11, 0, -1,
      124, 0, 126, -1,
      126, 0, 2, -1,
      126, 2, 128, -1,
      128, 2, 3, -1,
      128, 3, 130, -1,
      130, 3, 24, -1,
      130, 24, 132, -1,
      132, 24, 23, -1,
      132, 23, 134, -1,
      134, 23, 18, -1,
      134, 18, 136, -1,
      136, 18, 17, -1,
      136, 17, 137, -1,
      137, 17, 16, -1,
      137, 16, 102, -1,
      43, 96, 44, -1,
      44, 96, 98, -1,
      44, 98, 45, -1,
      45, 98, 100, -1,
      45, 100, 15, -1,
      15, 100, 102, -1,
      15, 102, 16, -1,
      96, 43, 42, -1,
      96, 42, 94, -1,
      94, 42, 41, -1,
      94, 41, 92, -1,
      41, 40, 92, -1,
      92, 40, 22, -1,
      92, 22, 90, -1,
      90, 22, 21, -1,
      90, 21, 88, -1,
      88, 21, 20, -1,
      88, 20, 70, -1,
      71, 70, 19, -1,
      19, 70, 20, -1,
      80, 71, 5, -1,
      5, 71, 19, -1,
      81, 80, 4, -1,
      4, 80, 5, -1,
      77, 81, 10, -1,
      10, 81, 4, -1,
      77, 10, 9, -1,
      77, 9, 117, -1,
      117, 9, 37, -1,
      117, 37, 119, -1,
      119, 37, 36, -1,
      119, 36, 121, -1,
      121, 36, 35, -1,
      121, 35, 122, -1,
      122, 35, 34, -1,
      122, 34, 84, -1,
      84, 34, 33, -1,
      84, 33, 82, -1,
      82, 33, 32, -1,
      82, 32, 113, -1,
      123, 138, 139, -1,
      123, 139, 73, -1,
      73, 139, 140, -1,
      73, 140, 74, -1,
      74, 140, 141, -1,
      74, 141, 105, -1,
      131, 142, 143, -1,
      131, 143, 129, -1,
      129, 143, 144, -1,
      129, 144, 127, -1,
      127, 144, 145, -1,
      127, 145, 125, -1,
      125, 145, 138, -1,
      125, 138, 123, -1,
      101, 146, 147, -1,
      101, 147, 103, -1,
      103, 147, 148, -1,
      103, 148, 135, -1,
      135, 148, 149, -1,
      135, 149, 133, -1,
      133, 149, 142, -1,
      133, 142, 131, -1,
      95, 150, 151, -1,
      95, 151, 97, -1,
      97, 151, 152, -1,
      97, 152, 99, -1,
      99, 152, 146, -1,
      99, 146, 101, -1,
      87, 153, 154, -1,
      87, 154, 89, -1,
      89, 154, 155, -1,
      89, 155, 91, -1,
      91, 155, 156, -1,
      91, 156, 93, -1,
      93, 156, 150, -1,
      93, 150, 95, -1,
      78, 157, 158, -1,
      78, 158, 76, -1,
      76, 158, 159, -1,
      76, 159, 72, -1,
      72, 159, 160, -1,
      72, 160, 86, -1,
      86, 160, 153, -1,
      86, 153, 87, -1,
      78, 79, 157, -1,
      157, 79, 161, -1,
      79, 105, 161, -1,
      161, 105, 141, -1,
    ]
  }
}

Shape {
  appearance Appearance {
    material Material {
      diffuseColor 0.2510 0.2510 0.2510
      specularColor 0.0745 0.0745 0.0745
      ambientIntensity 0.2
      transparency 0.0000
      shininess 0.5
    }
  }
  geometry IndexedFaceSet {
    ccw TRUE
    solid FALSE
    coord DEF co Coordinate {
      point [
        0.464383 0.069985 0.358821,
        0.464309 0.070656 0.359346,
        0.464215 0.072005 0.360016,
        0.464089 0.075807 0.360913,
        0.464988 0.068389 0.354516,
        0.464855 0.068440 0.355462,
        0.464663 0.068737 0.356826,
        0.464507 0.069265 0.357938,
        0.465545 0.070133 0.350551,
        0.465473 0.069621 0.351061,
        0.465332 0.068937 0.352065,
        0.465180 0.068542 0.353148,
        0.465760 0.074726 0.349019,
        0.465728 0.072693 0.349246,
        0.465659 0.071332 0.349741,
        0.465370 0.081259 0.351792,
        0.465473 0.080507 0.351064,
        0.465633 0.078808 0.349927,
        0.465725 0.076983 0.349270,
        0.464396 0.083838 0.358724,
        0.464452 0.083832 0.358328,
        0.464826 0.083445 0.355669,
        0.465124 0.082562 0.353543,
        0.463938 0.083838 0.361983,
      ]
    }
    coordIndex [
      20, 19, 0, -1,
      19, 23, 3, -1,
      3, 2, 19, -1,
      19, 2, 1, -1,
      19, 1, 0, -1,
      20, 0, 21, -1,
      21, 0, 7, -1,
      21, 7, 22, -1,
      9, 8, 16, -1,
      9, 16, 10, -1,
      17, 16, 18, -1,
      18, 16, 12, -1,
      7, 6, 22, -1,
      22, 6, 5, -1,
      22, 5, 15, -1,
      15, 5, 4, -1,
      15, 4, 16, -1,
      16, 4, 11, -1,
      16, 11, 10, -1,
      8, 14, 16, -1,
      16, 14, 13, -1,
      16, 13, 12, -1,
    ]
  }
}

Shape {
  appearance Appearance {
    material Material {
      diffuseColor 1.0000 1.0000 1.0000
      specularColor 0.8784 0.8784 0.8784
      ambientIntensity 0.2
      transparency 0.0000
      shininess 0.5
    }
  }
  geometry IndexedFaceSet {
    ccw TRUE
    solid FALSE
    coord DEF co Coordinate {
      point [
        0.466335 0.189574 0.344933,
        0.466335 0.178933 0.344933,
        0.466357 0.112759 0.344771,
        0.466391 0.110726 0.344531,
        0.466303 0.100791 0.345157,
        0.466167 0.098010 0.346125,
        0.465302 0.098010 0.352278,
        0.462848 0.098047 0.369742,
        0.462550 0.098281 0.371861,
        0.463430 0.098973 0.365600,
        0.463174 0.098308 0.367418,
        0.465530 0.100718 0.350659,
        0.465533 0.100791 0.350634,
        0.463752 0.100791 0.363312,
        0.463603 0.099754 0.364367,
        0.463746 0.100738 0.363347,
        0.466374 0.102239 0.344654,
        0.466391 0.103422 0.344531,
        0.466447 0.107319 0.344130,
        0.461662 0.119538 0.378181,
        0.462475 0.119538 0.372393,
        0.461829 0.101903 0.376990,
        0.461703 0.103380 0.377889,
        0.462280 0.098995 0.373780,
        0.462054 0.100109 0.375391,
        0.461969 0.100791 0.375999,
        0.465371 0.120898 0.351786,
        0.465637 0.120161 0.349897,
        0.465858 0.119041 0.348325,
        0.461530 0.106604 0.379120,
        0.461450 0.111408 0.379689,
        0.461502 0.115630 0.379319,
        0.464246 0.119169 0.359794,
        0.464476 0.120290 0.358157,
        0.464723 0.120933 0.356401,
        0.465035 0.121183 0.354176,
        0.466068 0.117315 0.346830,
        0.466187 0.115923 0.345981,
        0.462130 0.110819 0.374849,
        0.462149 0.109037 0.374717,
        0.462773 0.104248 0.370277,
        0.462208 0.107428 0.374295,
        0.462308 0.106078 0.373585,
        0.462884 0.104303 0.369484,
        0.463014 0.104542 0.368558,
        0.463127 0.104976 0.367754,
        0.463217 0.105563 0.367115,
        0.463402 0.107684 0.365802,
        0.462201 0.115016 0.374344,
        0.463627 0.111408 0.364196,
        0.462384 0.118422 0.373040,
        0.463759 0.113738 0.363263,
        0.464068 0.117735 0.361061,
        0.462420 0.105170 0.372790,
        0.462526 0.104654 0.372031,
        0.462639 0.104357 0.371227,
        0.465714 0.104509 0.349347,
        0.464236 0.107159 0.359867,
        0.464007 0.103572 0.361495,
        0.465764 0.107908 0.348995,
        0.465763 0.108174 0.348996,
        0.464466 0.111110 0.358228,
        0.465715 0.111259 0.349339,
        0.465118 0.115006 0.353592,
        0.465013 0.114947 0.354333,
        0.465636 0.112811 0.349902,
        0.465590 0.113360 0.350231,
        0.465505 0.114050 0.350838,
        0.465396 0.114576 0.351607,
        0.465278 0.114881 0.352455,
        0.464883 0.114674 0.355263,
        0.464772 0.114209 0.356053,
        0.464663 0.113459 0.356826,
        0.466391 0.143563 0.344531,
        0.466335 0.163736 0.344933,
        0.461559 0.157252 0.378911,
        0.459648 0.163736 0.392507,
        0.465148 0.140009 0.353373,
        0.465541 0.140746 0.350576,
        0.465541 0.140906 0.350576,
        0.465378 0.141182 0.351740,
        0.465155 0.141643 0.353324,
        0.462722 0.133949 0.370637,
        0.461559 0.151013 0.378911,
        0.464970 0.133949 0.354642,
        0.461559 0.124315 0.378911,
        0.461559 0.131044 0.378911,
        0.466324 0.137774 0.345006,
        0.466391 0.137572 0.344531,
        0.467193 0.135134 0.338828,
        0.468515 0.125555 0.329415,
        0.467770 0.125555 0.334718,
        0.467673 0.132795 0.335410,
        0.467501 0.133917 0.336634,
        0.467493 0.133949 0.336692,
        0.467826 0.126786 0.334318,
        0.467866 0.128969 0.334037,
        0.468435 0.133949 0.329991,
        0.468545 0.131869 0.329206,
        0.468584 0.129436 0.328929,
        0.468577 0.128107 0.328976,
        0.467838 0.130567 0.334235,
        0.467764 0.131869 0.334761,
        0.467056 0.141680 0.339801,
        0.467795 0.138952 0.334543,
        0.468163 0.136750 0.331926,
        0.468215 0.136344 0.331557,
        0.468419 0.134243 0.330102,
        0.465572 0.169937 0.350357,
        0.465572 0.178933 0.350357,
        0.463323 0.169937 0.366361,
        0.463323 0.178933 0.366361,
        0.459648 0.178933 0.392507,
        0.459648 0.188481 0.392507,
        0.460418 0.188481 0.387035,
        0.463323 0.187118 0.366361,
        0.465572 0.189574 0.350357,
        0.462557 0.187118 0.371809,
        0.460418 0.178933 0.387035,
        0.462557 0.178933 0.371809,
        0.460418 0.169937 0.387035,
        0.462557 0.169937 0.371809,
        0.466335 0.211863 0.344933,
        0.466335 0.198649 0.344933,
        0.464114 0.236457 0.360733,
        0.464806 0.234092 0.355812,
        0.465398 0.230518 0.351597,
        0.465896 0.225530 0.348050,
        0.466195 0.220060 0.345926,
        0.459648 0.198649 0.392507,
        0.459648 0.212355 0.392507,
        0.459761 0.219689 0.391705,
        0.460056 0.225487 0.389608,
        0.460534 0.230518 0.386208,
        0.460761 0.232193 0.384587,
        0.461344 0.235172 0.380444,
        0.461981 0.236955 0.375913,
        0.462906 0.237763 0.369328,
        0.463331 0.237619 0.366304,
        0.465692 0.098010 0.352333,
        0.465920 0.100718 0.350714,
        0.466154 0.107908 0.349050,
        0.466104 0.104509 0.349402,
        0.466557 0.098010 0.346180,
        0.466764 0.102239 0.344708,
        0.466837 0.107319 0.344185,
        0.466747 0.112759 0.344826,
        0.466577 0.115923 0.346036,
        0.466458 0.117315 0.346885,
        0.466248 0.119041 0.348380,
        0.466027 0.120161 0.349952,
        0.465761 0.120898 0.351841,
        0.465426 0.121183 0.354230,
        0.465113 0.120933 0.356456,
        0.464866 0.120290 0.358212,
        0.464636 0.119169 0.359848,
        0.464457 0.117735 0.361116,
        0.464148 0.113738 0.363317,
        0.464017 0.111408 0.364251,
        0.463791 0.107684 0.365856,
        0.463607 0.105563 0.367170,
        0.463517 0.104976 0.367809,
        0.463404 0.104542 0.368613,
        0.463274 0.104303 0.369539,
        0.463163 0.104248 0.370331,
        0.463029 0.104357 0.371282,
        0.462916 0.104654 0.372086,
        0.462809 0.105170 0.372845,
        0.462698 0.106078 0.373639,
        0.462598 0.107428 0.374350,
        0.462539 0.109037 0.374772,
        0.462520 0.110819 0.374904,
        0.462591 0.115016 0.374399,
        0.462774 0.118422 0.373094,
        0.462865 0.119538 0.372448,
        0.462052 0.119538 0.378236,
        0.461892 0.115630 0.379373,
        0.461840 0.111408 0.379744,
        0.461920 0.106604 0.379175,
        0.462093 0.103380 0.377943,
        0.462219 0.101903 0.377044,
        0.462444 0.100109 0.375446,
        0.462670 0.098995 0.373835,
        0.462940 0.098281 0.371916,
        0.463238 0.098047 0.369796,
        0.463564 0.098308 0.367473,
        0.463820 0.098973 0.365655,
        0.463993 0.099754 0.364421,
        0.464626 0.107159 0.359922,
        0.464397 0.103572 0.361550,
        0.464137 0.100738 0.363402,
        0.464856 0.111110 0.358283,
        0.465053 0.113459 0.356881,
        0.465161 0.114209 0.356108,
        0.465272 0.114674 0.355318,
        0.465403 0.114947 0.354388,
        0.465507 0.115006 0.353646,
        0.465667 0.114881 0.352509,
        0.465786 0.114576 0.351662,
        0.465894 0.114050 0.350893,
        0.465980 0.113360 0.350286,
        0.466026 0.112811 0.349956,
        0.466105 0.111259 0.349394,
        0.466153 0.108174 0.349051,
        0.461949 0.151013 0.378966,
        0.461949 0.157252 0.378966,
        0.465545 0.141643 0.353379,
        0.465768 0.141182 0.351795,
        0.465931 0.140906 0.350630,
        0.465931 0.140746 0.350630,
        0.465538 0.140009 0.353428,
        0.461949 0.131044 0.378966,
        0.461949 0.124315 0.378966,
        0.466714 0.137774 0.345061,
        0.467582 0.135134 0.338883,
        0.467891 0.133917 0.336689,
        0.468063 0.132795 0.335465,
        0.468154 0.131869 0.334815,
        0.468228 0.130567 0.334289,
        0.468256 0.128969 0.334091,
        0.468216 0.126786 0.334373,
        0.468160 0.125555 0.334772,
        0.468905 0.125555 0.329470,
        0.468967 0.128107 0.329031,
        0.468974 0.129436 0.328984,
        0.468809 0.134243 0.330157,
        0.468935 0.131869 0.329261,
        0.468604 0.136344 0.331612,
        0.468552 0.136750 0.331980,
        0.468185 0.138952 0.334598,
        0.467446 0.141680 0.339856,
        0.465962 0.189574 0.350411,
        0.466724 0.189574 0.344988,
        0.465962 0.169937 0.350411,
        0.463713 0.169937 0.366416,
        0.463713 0.187118 0.366416,
        0.462947 0.187118 0.371864,
        0.462947 0.169937 0.371864,
        0.460807 0.169937 0.387089,
        0.460807 0.188481 0.387089,
        0.460038 0.188481 0.392562,
        0.460038 0.163736 0.392562,
        0.466724 0.163736 0.344988,
        0.464911 0.228229 0.357894,
        0.465265 0.226109 0.355373,
        0.465788 0.230518 0.351652,
        0.465334 0.225577 0.354881,
        0.466286 0.225530 0.348105,
        0.465635 0.222486 0.352743,
        0.466585 0.220060 0.345981,
        0.465850 0.218531 0.351212,
        0.466724 0.211863 0.344988,
        0.465962 0.211826 0.350411,
        0.466724 0.198649 0.344988,
        0.465962 0.204851 0.350411,
        0.460038 0.198649 0.392562,
        0.460807 0.204851 0.387089,
        0.460038 0.212355 0.392562,
        0.460807 0.212109 0.387089,
        0.460151 0.219689 0.391760,
        0.460902 0.218284 0.386416,
        0.460446 0.225487 0.389663,
        0.461111 0.222453 0.384929,
        0.460924 0.230518 0.386263,
        0.461436 0.225974 0.382614,
        0.461152 0.232193 0.384641,
        0.461616 0.227289 0.381334,
        0.461733 0.235172 0.380499,
        0.461990 0.229157 0.378674,
        0.462370 0.236955 0.375967,
        0.462477 0.230517 0.375213,
        0.463296 0.237763 0.369383,
        0.463320 0.231242 0.369213,
        0.463721 0.237619 0.366359,
        0.463834 0.231004 0.365556,
        0.464504 0.236457 0.360788,
        0.464426 0.229975 0.361339,
        0.465196 0.234092 0.355867,
        0.460418 0.212109 0.387035,
        0.460418 0.204851 0.387035,
        0.465572 0.204851 0.350357,
        0.465572 0.211826 0.350357,
        0.464875 0.226109 0.355319,
        0.464944 0.225577 0.354826,
        0.465244 0.222486 0.352688,
        0.465460 0.218531 0.351157,
        0.462930 0.231242 0.369158,
        0.463444 0.231004 0.365501,
        0.464037 0.229975 0.361285,
        0.464521 0.228229 0.357839,
        0.461046 0.225974 0.382559,
        0.461226 0.227289 0.381279,
        0.461600 0.229157 0.378619,
        0.462087 0.230517 0.375158,
        0.460512 0.218284 0.386361,
        0.460721 0.222453 0.384874,
      ]
    }
    coordIndex [
      6, 139, 140, -1,
      141, 59, 56, -1,
      141, 56, 142, -1,
      142, 56, 12, -1,
      142, 12, 140, -1,
      140, 12, 11, -1,
      140, 11, 6, -1,
      143, 139, 5, -1,
      5, 139, 6, -1,
      144, 143, 4, -1,
      4, 143, 5, -1,
      18, 145, 17, -1,
      17, 145, 144, -1,
      17, 144, 16, -1,
      16, 144, 4, -1,
      146, 145, 3, -1,
      3, 145, 18, -1,
      3, 2, 146, -1,
      146, 2, 37, -1,
      146, 37, 147, -1,
      147, 37, 36, -1,
      147, 36, 148, -1,
      148, 36, 28, -1,
      148, 28, 149, -1,
      149, 28, 27, -1,
      149, 27, 150, -1,
      150, 27, 26, -1,
      150, 26, 151, -1,
      151, 26, 35, -1,
      151, 35, 152, -1,
      152, 35, 34, -1,
      152, 34, 153, -1,
      153, 34, 33, -1,
      153, 33, 154, -1,
      154, 33, 32, -1,
      154, 32, 155, -1,
      155, 32, 52, -1,
      155, 52, 156, -1,
      156, 52, 51, -1,
      156, 51, 157, -1,
      157, 51, 49, -1,
      157, 49, 158, -1,
      158, 49, 47, -1,
      158, 47, 159, -1,
      159, 47, 46, -1,
      159, 46, 160, -1,
      160, 46, 45, -1,
      160, 45, 161, -1,
      161, 45, 44, -1,
      161, 44, 162, -1,
      162, 44, 43, -1,
      162, 43, 163, -1,
      163, 43, 40, -1,
      163, 40, 164, -1,
      164, 40, 55, -1,
      164, 55, 165, -1,
      165, 55, 54, -1,
      165, 54, 166, -1,
      166, 54, 53, -1,
      166, 53, 167, -1,
      167, 53, 42, -1,
      167, 42, 168, -1,
      168, 42, 41, -1,
      168, 41, 169, -1,
      169, 41, 39, -1,
      169, 39, 170, -1,
      170, 39, 38, -1,
      170, 38, 171, -1,
      171, 38, 48, -1,
      171, 48, 172, -1,
      172, 48, 50, -1,
      172, 50, 173, -1,
      173, 50, 20, -1,
      173, 20, 174, -1,
      175, 174, 19, -1,
      19, 174, 20, -1,
      175, 19, 31, -1,
      175, 31, 176, -1,
      176, 31, 30, -1,
      176, 30, 177, -1,
      177, 30, 29, -1,
      177, 29, 178, -1,
      178, 29, 22, -1,
      178, 22, 179, -1,
      179, 22, 21, -1,
      179, 21, 180, -1,
      180, 21, 181, -1,
      181, 21, 25, -1,
      25, 24, 181, -1,
      181, 24, 23, -1,
      181, 23, 182, -1,
      182, 23, 8, -1,
      182, 8, 183, -1,
      183, 8, 7, -1,
      183, 7, 184, -1,
      184, 7, 10, -1,
      184, 10, 185, -1,
      185, 10, 9, -1,
      185, 9, 186, -1,
      186, 9, 14, -1,
      186, 14, 187, -1,
      57, 188, 189, -1,
      187, 14, 15, -1,
      187, 15, 190, -1,
      190, 15, 13, -1,
      190, 13, 189, -1,
      189, 13, 58, -1,
      189, 58, 57, -1,
      188, 57, 61, -1,
      188, 61, 191, -1,
      191, 61, 72, -1,
      191, 72, 192, -1,
      192, 72, 71, -1,
      192, 71, 193, -1,
      193, 71, 70, -1,
      193, 70, 194, -1,
      194, 70, 64, -1,
      194, 64, 195, -1,
      195, 64, 63, -1,
      195, 63, 196, -1,
      196, 63, 69, -1,
      196, 69, 197, -1,
      197, 69, 68, -1,
      197, 68, 198, -1,
      198, 68, 67, -1,
      198, 67, 199, -1,
      199, 67, 66, -1,
      199, 66, 200, -1,
      200, 66, 65, -1,
      200, 65, 201, -1,
      201, 65, 62, -1,
      201, 62, 202, -1,
      202, 62, 60, -1,
      202, 60, 203, -1,
      203, 60, 59, -1,
      203, 59, 141, -1,
      167, 168, 179, -1,
      179, 168, 178, -1,
      191, 158, 188, -1,
      188, 158, 159, -1,
      147, 148, 199, -1,
      199, 148, 149, -1,
      199, 149, 198, -1,
      198, 149, 150, -1,
      198, 150, 197, -1,
      197, 150, 151, -1,
      197, 151, 196, -1,
      196, 151, 152, -1,
      196, 152, 195, -1,
      195, 152, 153, -1,
      195, 153, 194, -1,
      194, 153, 154, -1,
      194, 154, 193, -1,
      193, 154, 155, -1,
      193, 155, 192, -1,
      192, 155, 156, -1,
      192, 156, 191, -1,
      191, 156, 157, -1,
      191, 157, 158, -1,
      145, 141, 144, -1,
      144, 141, 142, -1,
      144, 142, 143, -1,
      143, 142, 140, -1,
      143, 140, 139, -1,
      168, 169, 178, -1,
      178, 169, 170, -1,
      178, 170, 177, -1,
      177, 170, 171, -1,
      177, 171, 176, -1,
      176, 171, 172, -1,
      176, 172, 175, -1,
      175, 172, 173, -1,
      175, 173, 174, -1,
      199, 200, 147, -1,
      147, 200, 201, -1,
      147, 201, 146, -1,
      146, 201, 202, -1,
      146, 202, 145, -1,
      145, 202, 203, -1,
      145, 203, 141, -1,
      179, 180, 167, -1,
      167, 180, 181, -1,
      167, 181, 166, -1,
      166, 181, 182, -1,
      166, 182, 165, -1,
      165, 182, 183, -1,
      165, 183, 164, -1,
      164, 183, 184, -1,
      164, 184, 163, -1,
      163, 184, 185, -1,
      163, 185, 162, -1,
      162, 185, 186, -1,
      162, 186, 161, -1,
      161, 186, 187, -1,
      161, 187, 160, -1,
      160, 187, 190, -1,
      160, 190, 159, -1,
      159, 190, 189, -1,
      159, 189, 188, -1,
      204, 205, 83, -1,
      83, 205, 75, -1,
      206, 204, 81, -1,
      81, 204, 83, -1,
      206, 81, 80, -1,
      206, 80, 207, -1,
      207, 80, 79, -1,
      207, 79, 208, -1,
      209, 208, 78, -1,
      78, 208, 79, -1,
      210, 209, 77, -1,
      77, 209, 78, -1,
      86, 211, 82, -1,
      82, 211, 210, -1,
      82, 210, 77, -1,
      212, 211, 85, -1,
      85, 211, 86, -1,
      87, 213, 84, -1,
      84, 213, 212, -1,
      84, 212, 85, -1,
      89, 214, 88, -1,
      88, 214, 213, -1,
      88, 213, 87, -1,
      89, 94, 214, -1,
      214, 94, 215, -1,
      94, 93, 215, -1,
      215, 93, 92, -1,
      215, 92, 216, -1,
      216, 92, 102, -1,
      216, 102, 217, -1,
      217, 102, 101, -1,
      217, 101, 218, -1,
      218, 101, 96, -1,
      218, 96, 219, -1,
      219, 96, 95, -1,
      219, 95, 220, -1,
      220, 95, 91, -1,
      220, 91, 221, -1,
      222, 221, 90, -1,
      90, 221, 91, -1,
      222, 90, 100, -1,
      222, 100, 223, -1,
      223, 100, 99, -1,
      223, 99, 224, -1,
      224, 99, 98, -1,
      97, 225, 98, -1,
      98, 225, 226, -1,
      98, 226, 224, -1,
      97, 107, 225, -1,
      225, 107, 106, -1,
      225, 106, 227, -1,
      227, 106, 105, -1,
      227, 105, 228, -1,
      228, 105, 104, -1,
      228, 104, 229, -1,
      229, 104, 103, -1,
      229, 103, 230, -1,
      75, 205, 73, -1,
      73, 205, 230, -1,
      73, 230, 103, -1,
      207, 208, 230, -1,
      205, 204, 230, -1,
      230, 204, 206, -1,
      230, 206, 207, -1,
      211, 212, 210, -1,
      210, 212, 213, -1,
      210, 213, 209, -1,
      221, 222, 220, -1,
      220, 222, 223, -1,
      220, 223, 219, -1,
      219, 223, 224, -1,
      219, 224, 218, -1,
      218, 224, 226, -1,
      218, 226, 217, -1,
      217, 226, 225, -1,
      217, 225, 216, -1,
      208, 209, 230, -1,
      230, 209, 213, -1,
      230, 213, 229, -1,
      213, 214, 229, -1,
      229, 214, 215, -1,
      229, 215, 228, -1,
      228, 215, 216, -1,
      228, 216, 227, -1,
      227, 216, 225, -1,
      231, 232, 116, -1,
      116, 232, 0, -1,
      108, 233, 109, -1,
      109, 233, 231, -1,
      109, 231, 116, -1,
      234, 233, 110, -1,
      110, 233, 108, -1,
      115, 235, 111, -1,
      111, 235, 234, -1,
      111, 234, 110, -1,
      236, 235, 117, -1,
      117, 235, 115, -1,
      121, 237, 119, -1,
      119, 237, 236, -1,
      119, 236, 117, -1,
      238, 237, 120, -1,
      120, 237, 121, -1,
      114, 239, 118, -1,
      118, 239, 238, -1,
      118, 238, 120, -1,
      240, 239, 113, -1,
      113, 239, 114, -1,
      76, 241, 112, -1,
      112, 241, 240, -1,
      112, 240, 113, -1,
      242, 241, 74, -1,
      74, 241, 76, -1,
      0, 232, 1, -1,
      1, 232, 242, -1,
      1, 242, 74, -1,
      242, 232, 231, -1,
      231, 233, 242, -1,
      242, 233, 234, -1,
      242, 234, 241, -1,
      239, 240, 238, -1,
      238, 240, 241, -1,
      238, 241, 237, -1,
      237, 241, 234, -1,
      237, 234, 236, -1,
      236, 234, 235, -1,
      243, 244, 245, -1,
      245, 244, 246, -1,
      245, 246, 247, -1,
      247, 246, 248, -1,
      247, 248, 249, -1,
      249, 248, 250, -1,
      249, 250, 251, -1,
      251, 250, 252, -1,
      251, 252, 253, -1,
      253, 252, 254, -1,
      253, 254, 255, -1,
      255, 254, 256, -1,
      255, 256, 257, -1,
      257, 256, 258, -1,
      257, 258, 259, -1,
      259, 258, 260, -1,
      259, 260, 261, -1,
      261, 260, 262, -1,
      261, 262, 263, -1,
      263, 262, 264, -1,
      263, 264, 265, -1,
      265, 264, 266, -1,
      265, 266, 267, -1,
      267, 266, 268, -1,
      267, 268, 269, -1,
      269, 268, 270, -1,
      269, 270, 271, -1,
      271, 270, 272, -1,
      271, 272, 273, -1,
      273, 272, 274, -1,
      273, 274, 275, -1,
      275, 274, 276, -1,
      275, 276, 277, -1,
      277, 276, 243, -1,
      277, 243, 245, -1,
      251, 253, 122, -1,
      122, 253, 123, -1,
      251, 122, 128, -1,
      251, 128, 249, -1,
      249, 128, 127, -1,
      249, 127, 247, -1,
      247, 127, 126, -1,
      247, 126, 245, -1,
      245, 126, 125, -1,
      245, 125, 277, -1,
      277, 125, 124, -1,
      277, 124, 275, -1,
      275, 124, 138, -1,
      275, 138, 273, -1,
      273, 138, 137, -1,
      273, 137, 271, -1,
      271, 137, 136, -1,
      271, 136, 269, -1,
      269, 136, 135, -1,
      269, 135, 267, -1,
      267, 135, 134, -1,
      267, 134, 265, -1,
      265, 134, 133, -1,
      265, 133, 263, -1,
      263, 133, 132, -1,
      263, 132, 261, -1,
      261, 132, 131, -1,
      261, 131, 259, -1,
      259, 131, 130, -1,
      259, 130, 257, -1,
      255, 257, 129, -1,
      129, 257, 130, -1,
      253, 255, 123, -1,
      123, 255, 129, -1,
      258, 256, 278, -1,
      278, 256, 279, -1,
      256, 254, 279, -1,
      279, 254, 280, -1,
      254, 252, 280, -1,
      280, 252, 281, -1,
      244, 282, 283, -1,
      244, 283, 246, -1,
      246, 283, 284, -1,
      246, 284, 248, -1,
      248, 284, 285, -1,
      248, 285, 250, -1,
      250, 285, 281, -1,
      250, 281, 252, -1,
      272, 286, 287, -1,
      272, 287, 274, -1,
      274, 287, 288, -1,
      274, 288, 276, -1,
      276, 288, 289, -1,
      276, 289, 243, -1,
      243, 289, 282, -1,
      243, 282, 244, -1,
      264, 290, 291, -1,
      264, 291, 266, -1,
      266, 291, 292, -1,
      266, 292, 268, -1,
      268, 292, 293, -1,
      268, 293, 270, -1,
      270, 293, 286, -1,
      270, 286, 272, -1,
      258, 278, 294, -1,
      258, 294, 260, -1,
      260, 294, 295, -1,
      260, 295, 262, -1,
      262, 295, 290, -1,
      262, 290, 264, -1,
    ]
  }
}

Shape {
  appearance Appearance {
    material Material {
      diffuseColor 0.2510 0.2510 0.2510
      specularColor 0.0745 0.0745 0.0745
      ambientIntensity 0.2
      transparency 0.0000
      shininess 0.5
    }
  }
  geometry IndexedFaceSet {
    ccw TRUE
    solid FALSE
    coord DEF co Coordinate {
      point [
        0.460418 0.212109 0.387035,
        0.460418 0.204851 0.387035,
        0.465572 0.204851 0.350357,
        0.465572 0.211826 0.350357,
        0.464875 0.226109 0.355319,
        0.464944 0.225577 0.354826,
        0.465244 0.222486 0.352688,
        0.465460 0.218531 0.351157,
        0.462930 0.231242 0.369158,
        0.463444 0.231004 0.365501,
        0.464037 0.229975 0.361285,
        0.464521 0.228229 0.357839,
        0.461046 0.225974 0.382559,
        0.461226 0.227289 0.381279,
        0.461600 0.229157 0.378619,
        0.462087 0.230517 0.375158,
        0.460512 0.218284 0.386361,
        0.460721 0.222453 0.384874,
      ]
    }
    coordIndex [
      5, 4, 0, -1,
      1, 2, 0, -1,
      0, 2, 3, -1,
      3, 7, 0, -1,
      0, 7, 6, -1,
      0, 6, 5, -1,
      4, 11, 0, -1,
      0, 11, 10, -1,
      0, 10, 9, -1,
      9, 8, 0, -1,
      0, 8, 15, -1,
      0, 15, 14, -1,
      14, 13, 0, -1,
      0, 13, 12, -1,
      0, 12, 16, -1,
      16, 12, 17, -1,
    ]
  }
}

Shape {
  appearance Appearance {
    material Material {
      diffuseColor 1.0000 1.0000 1.0000
      specularColor 0.8784 0.8784 0.8784
      ambientIntensity 0.2
      transparency 0.0000
      shininess 0.5
    }
  }
  geometry IndexedFaceSet {
    ccw TRUE
    solid FALSE
    coord DEF co Coordinate {
      point [
        0.466335 0.247281 0.344933,
        0.466335 0.240428 0.344933,
        0.466335 0.276803 0.344933,
        0.464506 0.271903 0.357945,
        0.464506 0.251898 0.357945,
        0.459648 0.258726 0.392507,
        0.459648 0.265357 0.392507,
        0.466335 0.283656 0.344933,
        0.464140 0.253863 0.363375,
        0.464896 0.251898 0.358000,
        0.464140 0.269987 0.363375,
        0.464896 0.271903 0.358000,
        0.461361 0.261047 0.383149,
        0.460038 0.258726 0.392562,
        0.466724 0.240428 0.344988,
        0.466724 0.247281 0.344988,
        0.461161 0.261463 0.384569,
        0.460893 0.261833 0.386481,
        0.460038 0.265357 0.392562,
        0.460893 0.261980 0.386481,
        0.461176 0.262369 0.384469,
        0.461361 0.262730 0.383149,
        0.466724 0.283656 0.344988,
        0.466724 0.276803 0.344988,
        0.463750 0.253863 0.363320,
        0.463750 0.269987 0.363320,
        0.460971 0.262730 0.383094,
        0.460503 0.261980 0.386427,
        0.460786 0.262369 0.384414,
        0.460503 0.261833 0.386427,
        0.460971 0.261047 0.383094,
        0.460772 0.261463 0.384514,
      ]
    }
    coordIndex [
      8, 9, 10, -1,
      10, 9, 11, -1,
      12, 13, 8, -1,
      8, 13, 14, -1,
      8, 14, 9, -1,
      9, 14, 15, -1,
      12, 16, 13, -1,
      13, 16, 17, -1,
      13, 17, 18, -1,
      18, 17, 19, -1,
      18, 19, 20, -1,
      20, 21, 18, -1,
      18, 21, 10, -1,
      18, 10, 22, -1,
      22, 10, 11, -1,
      22, 11, 23, -1,
      18, 22, 6, -1,
      6, 22, 7, -1,
      13, 18, 5, -1,
      5, 18, 6, -1,
      14, 13, 1, -1,
      1, 13, 5, -1,
      15, 14, 0, -1,
      0, 14, 1, -1,
      9, 15, 4, -1,
      4, 15, 0, -1,
      11, 9, 3, -1,
      3, 9, 4, -1,
      23, 11, 2, -1,
      2, 11, 3, -1,
      22, 23, 7, -1,
      7, 23, 2, -1,
      8, 10, 24, -1,
      24, 10, 25, -1,
      10, 21, 25, -1,
      25, 21, 26, -1,
      19, 27, 28, -1,
      19, 28, 20, -1,
      20, 28, 26, -1,
      20, 26, 21, -1,
      19, 17, 27, -1,
      27, 17, 29, -1,
      12, 30, 31, -1,
      12, 31, 16, -1,
      16, 31, 29, -1,
      16, 29, 17, -1,
      12, 8, 30, -1,
      30, 8, 24, -1,
    ]
  }
}

Shape {
  appearance Appearance {
    material Material {
      diffuseColor 0.2510 0.2510 0.2510
      specularColor 0.0745 0.0745 0.0745
      ambientIntensity 0.2
      transparency 0.0000
      shininess 0.5
    }
  }
  geometry IndexedFaceSet {
    ccw TRUE
    solid FALSE
    coord DEF co Coordinate {
      point [
        0.463750 0.253863 0.363320,
        0.463750 0.269987 0.363320,
        0.460971 0.262730 0.383094,
        0.460503 0.261980 0.386427,
        0.460786 0.262369 0.384414,
        0.460503 0.261833 0.386427,
        0.460971 0.261047 0.383094,
        0.460772 0.261463 0.384514,
      ]
    }
    coordIndex [
      3, 5, 4, -1,
      4, 5, 7, -1,
      4, 7, 2, -1,
      2, 7, 6, -1,
      2, 6, 1, -1,
      1, 6, 0, -1,
    ]
  }
}

Shape {
  appearance Appearance {
    material Material {
      diffuseColor 1.0000 1.0000 1.0000
      specularColor 0.8784 0.8784 0.8784
      ambientIntensity 0.2
      transparency 0.0000
      shininess 0.5
    }
  }
  geometry IndexedFaceSet {
    ccw TRUE
    solid FALSE
    coord DEF co Coordinate {
      point [
        0.448985 -0.068767 0.468380,
        0.449720 -0.060918 0.463155,
        0.451504 -0.049786 0.450455,
        0.457744 -0.011389 0.406055,
        0.456702 -0.014384 0.413475,
        0.455349 -0.021351 0.423102,
        0.454257 -0.030611 0.430865,
        0.453475 -0.042473 0.436433,
        0.453555 -0.040773 0.435867,
        0.447540 -0.124340 0.478665,
        0.447248 -0.107372 0.480743,
        0.447454 -0.093295 0.479279,
        0.448294 -0.076154 0.473298,
        0.456442 -0.223933 0.415323,
        0.457744 -0.225755 0.406055,
        0.458225 -0.226427 0.402637,
        0.448387 -0.140085 0.472633,
        0.448985 -0.147012 0.468380,
        0.449102 -0.148361 0.467552,
        0.454746 -0.218304 0.427392,
        0.453380 -0.210527 0.437109,
        0.453038 -0.207912 0.439543,
        0.451952 -0.196519 0.447271,
        0.451299 -0.183805 0.451915,
        0.451098 -0.171246 0.453345,
        0.450058 -0.156387 0.460744,
        0.451128 -0.167318 0.453134,
        0.451193 -0.163390 0.452669,
        0.465161 -0.202488 0.353284,
        0.463981 -0.212235 0.361680,
        0.466031 -0.190276 0.347091,
        0.462315 -0.220470 0.373534,
        0.460538 -0.225141 0.386176,
        0.458799 -0.226580 0.398549,
        0.466263 -0.184909 0.345444,
        0.466391 -0.184478 0.344531,
        0.467281 -0.181490 0.338197,
        0.468154 -0.176412 0.331988,
        0.469039 -0.138315 0.325686,
        0.469354 -0.144202 0.323449,
        0.469039 -0.166582 0.325686,
        0.468855 -0.169732 0.326998,
        0.469495 -0.152459 0.322444,
        0.469492 -0.153789 0.322469,
        0.469316 -0.161853 0.323717,
        0.466391 -0.120449 0.344531,
        0.466405 -0.120472 0.344434,
        0.467465 -0.124505 0.336890,
        0.468289 -0.129779 0.331030,
        0.468947 -0.136583 0.326344,
        0.463585 -0.076812 0.364500,
        0.463457 -0.074467 0.365410,
        0.460748 -0.070482 0.384681,
        0.461556 -0.126841 0.378931,
        0.458229 -0.081071 0.402608,
        0.460801 -0.132802 0.384307,
        0.460260 -0.140049 0.388156,
        0.463791 -0.078916 0.363033,
        0.462906 -0.014524 0.369327,
        0.464219 -0.021296 0.359989,
        0.459338 -0.029999 0.394717,
        0.458424 -0.031595 0.401215,
        0.457744 -0.034222 0.406055,
        0.457744 -0.204213 0.406055,
        0.458154 -0.010214 0.403143,
        0.459702 -0.008658 0.392123,
        0.461402 -0.010230 0.380033,
        0.463410 -0.071848 0.365739,
        0.463414 -0.071516 0.365715,
        0.463445 -0.070491 0.365491,
        0.460595 -0.202219 0.385769,
        0.461565 -0.198127 0.378868,
        0.462054 -0.180783 0.375392,
        0.462441 -0.192001 0.372640,
        0.463078 -0.184567 0.368107,
        0.460481 -0.168147 0.386585,
        0.461156 -0.175133 0.381783,
        0.458704 -0.205061 0.399226,
        0.459431 -0.204659 0.394052,
        0.460080 -0.160601 0.389440,
        0.459940 -0.152459 0.390431,
        0.459975 -0.148293 0.390186,
        0.465314 -0.030598 0.352193,
        0.466024 -0.041020 0.347145,
        0.466358 -0.052379 0.344768,
        0.464884 -0.082437 0.355254,
        0.464710 -0.082363 0.356493,
        0.464266 -0.118302 0.359651,
        0.464347 -0.081701 0.359074,
        0.464021 -0.080407 0.361396,
        0.462263 -0.036763 0.373900,
        0.461522 -0.033006 0.379177,
        0.460674 -0.030654 0.385206,
        0.459750 -0.029835 0.391784,
        0.466358 -0.072531 0.344768,
        0.466315 -0.074456 0.345075,
        0.466191 -0.076715 0.345956,
        0.465972 -0.078930 0.347515,
        0.465859 -0.079724 0.348316,
        0.465561 -0.081213 0.350441,
        0.465238 -0.082113 0.352734,
        0.465231 -0.118483 0.352787,
        0.464741 -0.118302 0.356269,
        0.463458 -0.069799 0.365401,
        0.463458 -0.054428 0.365401,
        0.463296 -0.048322 0.366556,
        0.462908 -0.042292 0.369316,
        0.462334 -0.037237 0.373395,
        0.453208 -0.066472 0.438333,
        0.451923 -0.074143 0.447478,
        0.454663 -0.152801 0.427977,
        0.451791 -0.075186 0.448420,
        0.450865 -0.084789 0.455002,
        0.450296 -0.095505 0.459053,
        0.454475 -0.155286 0.429320,
        0.454087 -0.162947 0.432080,
        0.457604 -0.034765 0.407056,
        0.456987 -0.038730 0.411443,
        0.456042 -0.056478 0.418168,
        0.456472 -0.044028 0.415105,
        0.456153 -0.049991 0.417376,
        0.456042 -0.059210 0.418168,
        0.454743 -0.061244 0.427414,
        0.454252 -0.182855 0.430902,
        0.454814 -0.190473 0.426908,
        0.453976 -0.174420 0.432872,
        0.455548 -0.196390 0.421686,
        0.456495 -0.201122 0.414947,
        0.453950 -0.170904 0.433051,
        0.457555 -0.204046 0.407402,
        0.450319 -0.119440 0.458887,
        0.450944 -0.130624 0.454443,
        0.450100 -0.107030 0.460449,
        0.451901 -0.140037 0.447633,
        0.453178 -0.147667 0.438547,
        0.467671 -0.181490 0.338252,
        0.468544 -0.176412 0.332043,
        0.463467 -0.184567 0.368162,
        0.455204 -0.190473 0.426963,
        0.454642 -0.182855 0.430957,
        0.451689 -0.183805 0.451970,
        0.467855 -0.124505 0.336945,
        0.466794 -0.120472 0.344489,
        0.465620 -0.118483 0.352842,
        0.451488 -0.171246 0.453400,
        0.461138 -0.070482 0.384736,
        0.458619 -0.081071 0.402663,
        0.464656 -0.118302 0.359706,
        0.461946 -0.126841 0.378986,
        0.465131 -0.118302 0.356323,
        0.469337 -0.136583 0.326399,
        0.468678 -0.129779 0.331085,
        0.466606 -0.161292 0.345831,
        0.466854 -0.158489 0.344064,
        0.469245 -0.169732 0.327053,
        0.467000 -0.155283 0.343026,
        0.451334 -0.130624 0.454498,
        0.448777 -0.140085 0.472688,
        0.449491 -0.148361 0.467607,
        0.462830 -0.192001 0.372694,
        0.466421 -0.190276 0.347145,
        0.466652 -0.184909 0.345499,
        0.456432 -0.059210 0.418222,
        0.456432 -0.056478 0.418222,
        0.453865 -0.042473 0.436488,
        0.456543 -0.049991 0.417431,
        0.453944 -0.040773 0.435921,
        0.456862 -0.044028 0.415160,
        0.454647 -0.030611 0.430920,
        0.455739 -0.021351 0.423156,
        0.452291 -0.140037 0.447687,
        0.450448 -0.156387 0.460799,
        0.453568 -0.147667 0.438602,
        0.451583 -0.163390 0.452724,
        0.455054 -0.152801 0.428032,
        0.454365 -0.174420 0.432926,
        0.454340 -0.170904 0.433106,
        0.451518 -0.167318 0.453189,
        0.454477 -0.162947 0.432135,
        0.454865 -0.155286 0.429375,
        0.465456 -0.165976 0.354015,
        0.465888 -0.165116 0.350939,
        0.466272 -0.163556 0.348202,
        0.469706 -0.161853 0.323771,
        0.469881 -0.153789 0.322523,
        0.467033 -0.152801 0.342793,
        0.469885 -0.152459 0.322498,
        0.466986 -0.149794 0.343129,
        0.469744 -0.144202 0.323504,
        0.466835 -0.146797 0.344204,
        0.466588 -0.144150 0.345958,
        0.466247 -0.141923 0.348385,
        0.464608 -0.021296 0.360044,
        0.462724 -0.037237 0.373450,
        0.465704 -0.030598 0.352248,
        0.463298 -0.042292 0.369370,
        0.466413 -0.041020 0.347200,
        0.463685 -0.048322 0.366611,
        0.466748 -0.052379 0.344823,
        0.463848 -0.054428 0.365456,
        0.466748 -0.072531 0.344823,
        0.463848 -0.069799 0.365456,
        0.466704 -0.074456 0.345130,
        0.457945 -0.204046 0.407457,
        0.458615 -0.226427 0.402692,
        0.459094 -0.205061 0.399281,
        0.459189 -0.226580 0.398604,
        0.459821 -0.204659 0.394106,
        0.460928 -0.225141 0.386231,
        0.460985 -0.202219 0.385824,
        0.462705 -0.220470 0.373589,
        0.461955 -0.198127 0.378922,
        0.464371 -0.212235 0.361735,
        0.465551 -0.202488 0.353339,
        0.464529 -0.140319 0.360611,
        0.464970 -0.139562 0.357469,
        0.465379 -0.139558 0.354561,
        0.465836 -0.140351 0.351308,
        0.457377 -0.038730 0.411498,
        0.457994 -0.034765 0.407111,
        0.457091 -0.014384 0.413530,
        0.458815 -0.031595 0.401270,
        0.458544 -0.010214 0.403198,
        0.459728 -0.029999 0.394772,
        0.460093 -0.008658 0.392178,
        0.460140 -0.029835 0.391839,
        0.461791 -0.010230 0.380089,
        0.461065 -0.030654 0.385261,
        0.463296 -0.014524 0.369382,
        0.461912 -0.033006 0.379231,
        0.462654 -0.036763 0.373955,
        0.450109 -0.060918 0.463209,
        0.452313 -0.074143 0.447532,
        0.451894 -0.049786 0.450510,
        0.453598 -0.066472 0.438388,
        0.455132 -0.061244 0.427469,
        0.452342 -0.196519 0.447326,
        0.453428 -0.207912 0.439597,
        0.455937 -0.196390 0.421741,
        0.453770 -0.210527 0.437164,
        0.456885 -0.201122 0.415002,
        0.455135 -0.218304 0.427447,
        0.456831 -0.223933 0.415378,
        0.447930 -0.124340 0.478720,
        0.450709 -0.119440 0.458943,
        0.447637 -0.107372 0.480798,
        0.450490 -0.107030 0.460504,
        0.447843 -0.093295 0.479334,
        0.450686 -0.095505 0.459108,
        0.448684 -0.076154 0.473353,
        0.451255 -0.084789 0.455057,
        0.452180 -0.075186 0.448475,
        0.464991 -0.166055 0.357324,
        0.464533 -0.165294 0.360581,
        0.462444 -0.180783 0.375446,
        0.464119 -0.163728 0.363530,
        0.461546 -0.175133 0.381838,
        0.463777 -0.161505 0.365961,
        0.460870 -0.168147 0.386640,
        0.463524 -0.158789 0.367760,
        0.460469 -0.160601 0.389494,
        0.463372 -0.155781 0.368840,
        0.460330 -0.152459 0.390486,
        0.463325 -0.152801 0.369176,
        0.460365 -0.148293 0.390241,
        0.463371 -0.149860 0.368849,
        0.460650 -0.140049 0.388211,
        0.463532 -0.146698 0.367702,
        0.461191 -0.132802 0.384362,
        0.463793 -0.143965 0.365846,
        0.464137 -0.141782 0.363398,
        0.463804 -0.071516 0.365770,
        0.466249 -0.079724 0.348370,
        0.466361 -0.078930 0.347570,
        0.463835 -0.070491 0.365546,
        0.466581 -0.076715 0.346011,
        0.465274 -0.082437 0.355308,
        0.465628 -0.082113 0.352789,
        0.465950 -0.081213 0.350495,
        0.463846 -0.074467 0.365465,
        0.463974 -0.076812 0.364555,
        0.465100 -0.082363 0.356548,
        0.464181 -0.078916 0.363087,
        0.464411 -0.080407 0.361450,
        0.464737 -0.081701 0.359129,
        0.463800 -0.071848 0.365794,
        0.462935 -0.152801 0.369122,
        0.462981 -0.149860 0.368794,
        0.463142 -0.146698 0.367647,
        0.463403 -0.143965 0.365792,
        0.463747 -0.141782 0.363343,
        0.464139 -0.140319 0.360556,
        0.464580 -0.139562 0.357414,
        0.464989 -0.139558 0.354506,
        0.465446 -0.140351 0.351254,
        0.465857 -0.141923 0.348331,
        0.466198 -0.144150 0.345904,
        0.466445 -0.146797 0.344149,
        0.466596 -0.149794 0.343074,
        0.466643 -0.152801 0.342739,
        0.466610 -0.155283 0.342971,
        0.466464 -0.158489 0.344009,
        0.466216 -0.161292 0.345777,
        0.465883 -0.163556 0.348148,
        0.465498 -0.165116 0.350885,
        0.465066 -0.165976 0.353960,
        0.464601 -0.166055 0.357269,
        0.464143 -0.165294 0.360527,
        0.463729 -0.163728 0.363475,
        0.463387 -0.161505 0.365906,
        0.463134 -0.158789 0.367705,
        0.462982 -0.155781 0.368785,
      ]
    }
    coordIndex [
      135, 136, 137, -1,
      138, 139, 140, -1,
      141, 142, 143, -1,
      140, 139, 144, -1,
      145, 146, 147, -1,
      147, 146, 148, -1,
      147, 148, 149, -1,
      149, 148, 150, -1,
      149, 150, 143, -1,
      143, 150, 151, -1,
      143, 151, 141, -1,
      152, 136, 153, -1,
      153, 136, 154, -1,
      153, 154, 155, -1,
      156, 157, 158, -1,
      159, 160, 137, -1,
      137, 160, 161, -1,
      137, 161, 135, -1,
      162, 163, 164, -1,
      164, 163, 165, -1,
      164, 165, 166, -1,
      166, 165, 167, -1,
      166, 167, 168, -1,
      168, 167, 169, -1,
      156, 158, 170, -1,
      170, 158, 171, -1,
      170, 171, 172, -1,
      172, 171, 173, -1,
      172, 173, 174, -1,
      139, 175, 144, -1,
      144, 175, 176, -1,
      144, 176, 177, -1,
      177, 176, 178, -1,
      177, 178, 173, -1,
      173, 178, 179, -1,
      173, 179, 174, -1,
      180, 137, 181, -1,
      181, 137, 136, -1,
      181, 136, 182, -1,
      182, 136, 152, -1,
      154, 183, 155, -1,
      155, 183, 184, -1,
      155, 184, 185, -1,
      185, 184, 186, -1,
      185, 186, 187, -1,
      187, 186, 188, -1,
      187, 188, 189, -1,
      189, 188, 150, -1,
      189, 150, 190, -1,
      190, 150, 191, -1,
      192, 193, 194, -1,
      194, 193, 195, -1,
      194, 195, 196, -1,
      196, 195, 197, -1,
      196, 197, 198, -1,
      198, 197, 199, -1,
      198, 199, 200, -1,
      200, 199, 201, -1,
      200, 201, 202, -1,
      203, 204, 205, -1,
      205, 204, 206, -1,
      205, 206, 207, -1,
      207, 206, 208, -1,
      207, 208, 209, -1,
      209, 208, 210, -1,
      209, 210, 211, -1,
      211, 210, 212, -1,
      211, 212, 159, -1,
      159, 212, 213, -1,
      159, 213, 160, -1,
      214, 215, 148, -1,
      148, 215, 216, -1,
      148, 216, 150, -1,
      150, 216, 217, -1,
      150, 217, 191, -1,
      167, 218, 169, -1,
      169, 218, 219, -1,
      169, 219, 220, -1,
      220, 219, 221, -1,
      220, 221, 222, -1,
      222, 221, 223, -1,
      222, 223, 224, -1,
      224, 223, 225, -1,
      224, 225, 226, -1,
      226, 225, 227, -1,
      226, 227, 228, -1,
      228, 227, 229, -1,
      228, 229, 192, -1,
      192, 229, 230, -1,
      192, 230, 193, -1,
      231, 232, 233, -1,
      233, 232, 234, -1,
      233, 234, 164, -1,
      164, 234, 235, -1,
      164, 235, 162, -1,
      140, 236, 138, -1,
      138, 236, 237, -1,
      138, 237, 238, -1,
      238, 237, 239, -1,
      238, 239, 240, -1,
      240, 239, 241, -1,
      240, 241, 203, -1,
      203, 241, 242, -1,
      203, 242, 204, -1,
      157, 156, 243, -1,
      243, 156, 244, -1,
      243, 244, 245, -1,
      245, 244, 246, -1,
      245, 246, 247, -1,
      247, 246, 248, -1,
      247, 248, 249, -1,
      249, 248, 250, -1,
      249, 250, 231, -1,
      231, 250, 251, -1,
      231, 251, 232, -1,
      180, 252, 137, -1,
      137, 252, 253, -1,
      137, 253, 254, -1,
      254, 253, 255, -1,
      254, 255, 256, -1,
      256, 255, 257, -1,
      256, 257, 258, -1,
      258, 257, 259, -1,
      258, 259, 260, -1,
      260, 259, 261, -1,
      260, 261, 262, -1,
      262, 261, 263, -1,
      262, 263, 264, -1,
      264, 263, 265, -1,
      264, 265, 266, -1,
      266, 265, 267, -1,
      266, 267, 268, -1,
      268, 267, 269, -1,
      268, 269, 148, -1,
      148, 269, 270, -1,
      148, 270, 214, -1,
      271, 272, 273, -1,
      201, 274, 202, -1,
      202, 274, 271, -1,
      202, 271, 275, -1,
      275, 271, 273, -1,
      276, 277, 271, -1,
      271, 277, 278, -1,
      271, 278, 272, -1,
      279, 280, 281, -1,
      280, 282, 281, -1,
      281, 282, 283, -1,
      281, 283, 284, -1,
      276, 271, 281, -1,
      281, 271, 285, -1,
      281, 285, 279, -1,
      224, 65, 64, -1,
      224, 64, 222, -1,
      222, 64, 3, -1,
      222, 3, 220, -1,
      3, 4, 220, -1,
      220, 4, 5, -1,
      220, 5, 169, -1,
      169, 5, 6, -1,
      169, 6, 168, -1,
      168, 6, 8, -1,
      168, 8, 166, -1,
      166, 8, 7, -1,
      166, 7, 164, -1,
      164, 7, 2, -1,
      164, 2, 233, -1,
      233, 2, 1, -1,
      233, 1, 231, -1,
      249, 231, 0, -1,
      0, 231, 1, -1,
      0, 12, 249, -1,
      249, 12, 11, -1,
      249, 11, 247, -1,
      247, 11, 10, -1,
      247, 10, 245, -1,
      18, 158, 17, -1,
      17, 158, 157, -1,
      17, 157, 16, -1,
      16, 157, 243, -1,
      16, 243, 9, -1,
      9, 243, 245, -1,
      9, 245, 10, -1,
      158, 18, 25, -1,
      158, 25, 171, -1,
      171, 25, 27, -1,
      171, 27, 173, -1,
      173, 27, 26, -1,
      173, 26, 177, -1,
      177, 26, 24, -1,
      177, 24, 144, -1,
      144, 24, 23, -1,
      144, 23, 140, -1,
      140, 23, 22, -1,
      140, 22, 236, -1,
      236, 22, 21, -1,
      236, 21, 237, -1,
      237, 21, 20, -1,
      237, 20, 239, -1,
      33, 206, 204, -1,
      239, 20, 19, -1,
      239, 19, 241, -1,
      241, 19, 13, -1,
      241, 13, 242, -1,
      242, 13, 14, -1,
      242, 14, 204, -1,
      204, 14, 15, -1,
      204, 15, 33, -1,
      206, 33, 32, -1,
      206, 32, 208, -1,
      208, 32, 31, -1,
      208, 31, 210, -1,
      210, 31, 29, -1,
      210, 29, 212, -1,
      212, 29, 28, -1,
      212, 28, 213, -1,
      213, 28, 30, -1,
      213, 30, 160, -1,
      160, 30, 34, -1,
      160, 34, 161, -1,
      161, 34, 35, -1,
      161, 35, 135, -1,
      35, 36, 135, -1,
      135, 36, 37, -1,
      135, 37, 136, -1,
      136, 37, 41, -1,
      136, 41, 154, -1,
      154, 41, 40, -1,
      154, 40, 183, -1,
      40, 44, 183, -1,
      183, 44, 43, -1,
      183, 43, 184, -1,
      184, 43, 42, -1,
      184, 42, 186, -1,
      102, 149, 143, -1,
      186, 42, 39, -1,
      186, 39, 188, -1,
      188, 39, 38, -1,
      188, 38, 150, -1,
      38, 49, 150, -1,
      150, 49, 48, -1,
      150, 48, 151, -1,
      151, 48, 47, -1,
      151, 47, 141, -1,
      141, 47, 46, -1,
      141, 46, 142, -1,
      142, 46, 45, -1,
      142, 45, 143, -1,
      143, 45, 101, -1,
      143, 101, 102, -1,
      147, 149, 87, -1,
      87, 149, 102, -1,
      145, 147, 52, -1,
      52, 147, 87, -1,
      146, 145, 54, -1,
      54, 145, 52, -1,
      148, 146, 53, -1,
      53, 146, 54, -1,
      148, 53, 55, -1,
      148, 55, 268, -1,
      268, 55, 56, -1,
      268, 56, 266, -1,
      266, 56, 81, -1,
      266, 81, 264, -1,
      264, 81, 80, -1,
      264, 80, 262, -1,
      262, 80, 79, -1,
      262, 79, 260, -1,
      260, 79, 75, -1,
      260, 75, 258, -1,
      258, 75, 76, -1,
      258, 76, 256, -1,
      256, 76, 72, -1,
      256, 72, 254, -1,
      254, 72, 74, -1,
      254, 74, 137, -1,
      137, 74, 73, -1,
      137, 73, 159, -1,
      159, 73, 71, -1,
      159, 71, 211, -1,
      211, 71, 70, -1,
      211, 70, 209, -1,
      209, 70, 78, -1,
      209, 78, 207, -1,
      207, 78, 77, -1,
      207, 77, 205, -1,
      203, 205, 63, -1,
      63, 205, 77, -1,
      63, 129, 203, -1,
      203, 129, 127, -1,
      203, 127, 240, -1,
      240, 127, 126, -1,
      240, 126, 238, -1,
      238, 126, 124, -1,
      238, 124, 138, -1,
      138, 124, 123, -1,
      138, 123, 139, -1,
      139, 123, 125, -1,
      139, 125, 175, -1,
      175, 125, 128, -1,
      175, 128, 176, -1,
      176, 128, 115, -1,
      176, 115, 178, -1,
      178, 115, 114, -1,
      178, 114, 179, -1,
      179, 114, 110, -1,
      179, 110, 174, -1,
      174, 110, 134, -1,
      174, 134, 172, -1,
      172, 134, 133, -1,
      172, 133, 170, -1,
      170, 133, 131, -1,
      170, 131, 156, -1,
      156, 131, 130, -1,
      156, 130, 244, -1,
      244, 130, 132, -1,
      244, 132, 246, -1,
      246, 132, 113, -1,
      246, 113, 248, -1,
      248, 113, 112, -1,
      248, 112, 250, -1,
      250, 112, 111, -1,
      250, 111, 251, -1,
      251, 111, 109, -1,
      251, 109, 232, -1,
      232, 109, 108, -1,
      232, 108, 234, -1,
      234, 108, 122, -1,
      234, 122, 235, -1,
      235, 122, 121, -1,
      235, 121, 162, -1,
      163, 162, 118, -1,
      118, 162, 121, -1,
      163, 118, 120, -1,
      163, 120, 165, -1,
      165, 120, 119, -1,
      165, 119, 167, -1,
      167, 119, 117, -1,
      167, 117, 218, -1,
      218, 117, 116, -1,
      218, 116, 219, -1,
      219, 116, 62, -1,
      219, 62, 221, -1,
      62, 61, 221, -1,
      221, 61, 60, -1,
      221, 60, 223, -1,
      223, 60, 93, -1,
      223, 93, 225, -1,
      225, 93, 92, -1,
      225, 92, 227, -1,
      227, 92, 91, -1,
      227, 91, 229, -1,
      229, 91, 90, -1,
      229, 90, 230, -1,
      230, 90, 107, -1,
      230, 107, 193, -1,
      193, 107, 106, -1,
      193, 106, 195, -1,
      195, 106, 105, -1,
      195, 105, 197, -1,
      197, 105, 104, -1,
      197, 104, 199, -1,
      201, 199, 103, -1,
      103, 199, 104, -1,
      201, 103, 69, -1,
      201, 69, 274, -1,
      274, 69, 68, -1,
      274, 68, 271, -1,
      271, 68, 67, -1,
      271, 67, 285, -1,
      285, 67, 51, -1,
      285, 51, 279, -1,
      279, 51, 50, -1,
      279, 50, 280, -1,
      280, 50, 57, -1,
      280, 57, 282, -1,
      282, 57, 89, -1,
      282, 89, 283, -1,
      283, 89, 88, -1,
      283, 88, 284, -1,
      284, 88, 86, -1,
      284, 86, 281, -1,
      281, 86, 85, -1,
      281, 85, 276, -1,
      276, 85, 100, -1,
      276, 100, 277, -1,
      277, 100, 99, -1,
      277, 99, 278, -1,
      278, 99, 98, -1,
      278, 98, 272, -1,
      272, 98, 97, -1,
      272, 97, 273, -1,
      273, 97, 96, -1,
      273, 96, 275, -1,
      275, 96, 95, -1,
      275, 95, 202, -1,
      202, 95, 94, -1,
      202, 94, 200, -1,
      198, 200, 84, -1,
      84, 200, 94, -1,
      198, 84, 83, -1,
      198, 83, 196, -1,
      196, 83, 82, -1,
      196, 82, 194, -1,
      194, 82, 59, -1,
      194, 59, 192, -1,
      192, 59, 58, -1,
      192, 58, 228, -1,
      228, 58, 66, -1,
      228, 66, 226, -1,
      226, 66, 65, -1,
      226, 65, 224, -1,
      263, 286, 287, -1,
      263, 287, 265, -1,
      265, 287, 288, -1,
      265, 288, 267, -1,
      267, 288, 289, -1,
      267, 289, 269, -1,
      269, 289, 290, -1,
      269, 290, 270, -1,
      270, 290, 291, -1,
      270, 291, 214, -1,
      214, 291, 292, -1,
      214, 292, 215, -1,
      215, 292, 293, -1,
      215, 293, 216, -1,
      216, 293, 294, -1,
      216, 294, 217, -1,
      217, 294, 295, -1,
      217, 295, 191, -1,
      191, 295, 296, -1,
      191, 296, 190, -1,
      190, 296, 297, -1,
      190, 297, 189, -1,
      189, 297, 298, -1,
      189, 298, 187, -1,
      187, 298, 299, -1,
      187, 299, 185, -1,
      185, 299, 300, -1,
      185, 300, 155, -1,
      155, 300, 301, -1,
      155, 301, 153, -1,
      153, 301, 302, -1,
      153, 302, 152, -1,
      152, 302, 303, -1,
      152, 303, 182, -1,
      182, 303, 304, -1,
      182, 304, 181, -1,
      181, 304, 305, -1,
      181, 305, 180, -1,
      180, 305, 306, -1,
      180, 306, 252, -1,
      252, 306, 307, -1,
      252, 307, 253, -1,
      253, 307, 308, -1,
      253, 308, 255, -1,
      255, 308, 309, -1,
      255, 309, 257, -1,
      257, 309, 310, -1,
      257, 310, 259, -1,
      259, 310, 311, -1,
      259, 311, 261, -1,
      261, 311, 286, -1,
      261, 286, 263, -1,
    ]
  }
}

Shape {
  appearance Appearance {
    material Material {
      diffuseColor 0.2510 0.2510 0.2510
      specularColor 0.0745 0.0745 0.0745
      ambientIntensity 0.2
      transparency 0.0000
      shininess 0.5
    }
  }
  geometry IndexedFaceSet {
    ccw TRUE
    solid FALSE
    coord DEF co Coordinate {
      point [
        0.462935 -0.152801 0.369122,
        0.462981 -0.149860 0.368794,
        0.463142 -0.146698 0.367647,
        0.463403 -0.143965 0.365792,
        0.463747 -0.141782 0.363343,
        0.464139 -0.140319 0.360556,
        0.464580 -0.139562 0.357414,
        0.464989 -0.139558 0.354506,
        0.465446 -0.140351 0.351254,
        0.465857 -0.141923 0.348331,
        0.466198 -0.144150 0.345904,
        0.466445 -0.146797 0.344149,
        0.466596 -0.149794 0.343074,
        0.466643 -0.152801 0.342739,
        0.466610 -0.155283 0.342971,
        0.466464 -0.158489 0.344009,
        0.466216 -0.161292 0.345777,
        0.465883 -0.163556 0.348148,
        0.465498 -0.165116 0.350885,
        0.465066 -0.165976 0.353960,
        0.464601 -0.166055 0.357269,
        0.464143 -0.165294 0.360527,
        0.463729 -0.163728 0.363475,
        0.463387 -0.161505 0.365906,
        0.463134 -0.158789 0.367705,
        0.462982 -0.155781 0.368785,
      ]
    }
    coordIndex [
      14, 13, 0, -1,
      11, 7, 12, -1,
      12, 7, 6, -1,
      12, 6, 13, -1,
      6, 5, 13, -1,
      13, 5, 4, -1,
      13, 4, 3, -1,
      24, 17, 16, -1,
      3, 2, 13, -1,
      13, 2, 1, -1,
      13, 1, 0, -1,
      17, 24, 18, -1,
      18, 24, 23, -1,
      18, 23, 19, -1,
      0, 25, 14, -1,
      14, 25, 24, -1,
      14, 24, 15, -1,
      15, 24, 16, -1,
      11, 10, 7, -1,
      7, 10, 9, -1,
      7, 9, 8, -1,
      19, 23, 20, -1,
      20, 23, 22, -1,
      20, 22, 21, -1,
    ]
  }
}
