#VRML V2.0 utf8

Shape {
  appearance Appearance {
    material Material {
      diffuseColor 0.8275 0.6667 0.1294
      specularColor 0.4118 0.3333 0.0667
      ambientIntensity 0.2
      transparency 0.0000
      shininess 0.5
    }
  }
  geometry IndexedFaceSet {
    ccw TRUE
    solid FALSE
    coord DEF co Coordinate {
      point [
        -1.754936 1.610594 -0.078740,
        -1.754936 1.610594 0.078740,
        -1.625984 1.610594 -0.078740,
        -1.625984 1.610594 0.078740,
        -1.712080 0.919767 0.078740,
        -1.712080 0.919767 -0.078740,
        -1.710147 0.974081 0.078740,
        -1.710147 0.974081 -0.078740,
        -1.694530 1.026138 0.078740,
        -1.694530 1.026138 -0.078740,
        -1.666247 1.072547 0.078740,
        -1.666247 1.072547 -0.078740,
        -1.627140 1.110288 0.078740,
        -1.627140 1.110288 -0.078740,
        -1.579754 1.136902 0.078740,
        -1.579754 1.136902 -0.078740,
        -1.527174 1.150657 0.078740,
        -1.527174 1.150657 -0.078740,
        -1.472826 1.150657 0.078740,
        -1.472826 1.150657 -0.078740,
        -1.420246 1.136902 0.078740,
        -1.420246 1.136902 -0.078740,
        -1.372860 1.110288 0.078740,
        -1.372860 1.110288 -0.078740,
        -1.333753 1.072547 0.078740,
        -1.333753 1.072547 -0.078740,
        -1.305470 1.026138 0.078740,
        -1.305470 1.026138 -0.078740,
        -1.289853 0.974081 0.078740,
        -1.289853 0.974081 -0.078740,
        -1.287920 0.919767 0.078740,
        -1.287920 0.919767 -0.078740,
        -1.411914 -0.419026 0.078740,
        -1.411914 -0.419026 -0.078740,
        -1.411909 -0.426344 -0.078740,
        -1.411909 -0.426344 0.078740,
        -1.410549 -0.433535 -0.078740,
        -1.410549 -0.433535 0.078740,
        -1.354756 -0.627599 0.078740,
        -1.354756 -0.627599 -0.078740,
        -1.350853 -0.636681 -0.078740,
        -1.350853 -0.636681 0.078740,
        -1.344812 -0.644505 -0.078740,
        -1.344812 -0.644505 0.078740,
        -1.337011 -0.650578 -0.078740,
        -1.337011 -0.650578 0.078740,
        -1.327945 -0.654515 -0.078740,
        -1.327945 -0.654515 0.078740,
        -1.318183 -0.656070 -0.078740,
        -1.318183 -0.656070 0.078740,
        -1.308341 -0.655145 -0.078740,
        -1.308341 -0.655145 0.078740,
        -1.299041 -0.651798 -0.078740,
        -1.299041 -0.651798 0.078740,
        -1.290867 -0.646239 -0.078740,
        -1.290867 -0.646239 0.078740,
        -1.284335 -0.638819 -0.078740,
        -1.284335 -0.638819 0.078740,
        -1.279857 -0.630007 -0.078740,
        -1.279857 -0.630007 0.078740,
        -1.277716 -0.620356 -0.078740,
        -1.277716 -0.620356 0.078740,
        -1.245064 -0.268243 0.078740,
        -1.245064 -0.268243 -0.078740,
        -1.245064 1.610594 0.078740,
        -1.245064 1.610594 -0.078740,
        -1.374016 1.610594 0.078740,
        -1.374016 1.610594 -0.078740,
        -1.754936 -0.268243 0.078740,
        -1.754936 -0.268243 -0.078740,
        -1.722283 -0.620356 0.078740,
        -1.722283 -0.620356 -0.078740,
        -1.720143 -0.630007 -0.078740,
        -1.720143 -0.630007 0.078740,
        -1.715665 -0.638819 -0.078740,
        -1.715665 -0.638819 0.078740,
        -1.709133 -0.646239 -0.078740,
        -1.709133 -0.646239 0.078740,
        -1.700959 -0.651798 -0.078740,
        -1.700959 -0.651798 0.078740,
        -1.691659 -0.655145 -0.078740,
        -1.691659 -0.655145 0.078740,
        -1.681817 -0.656070 -0.078740,
        -1.681817 -0.656070 0.078740,
        -1.672055 -0.654515 -0.078740,
        -1.672055 -0.654515 0.078740,
        -1.662988 -0.650578 -0.078740,
        -1.662988 -0.650578 0.078740,
        -1.655188 -0.644505 -0.078740,
        -1.655188 -0.644505 0.078740,
        -1.649147 -0.636681 -0.078740,
        -1.649147 -0.636681 0.078740,
        -1.645244 -0.627599 -0.078740,
        -1.645244 -0.627599 0.078740,
        -1.589451 -0.433535 0.078740,
        -1.589451 -0.433535 -0.078740,
        -1.588091 -0.426344 -0.078740,
        -1.588091 -0.426344 0.078740,
        -1.588086 -0.419026 -0.078740,
        -1.588086 -0.419026 0.078740,
        -1.374016 2.105796 0.078740,
        -1.625984 2.105796 0.078740,
        -1.625984 2.105796 -0.078740,
        -1.374016 2.105796 -0.078740,
        -1.374016 2.523734 -0.500000,
        -1.625984 2.523734 -0.500000,
        -1.374016 2.814961 -0.500000,
        -1.625984 2.814961 -0.500000,
        -1.417004 2.933071 -0.500000,
        -1.582996 2.933071 -0.500000,
        -1.417004 2.933071 -0.342520,
        -1.582996 2.933071 -0.342520,
        -1.374016 2.814961 -0.342520,
        -1.625984 2.814961 -0.342520,
        -1.374016 2.523734 -0.342520,
        -1.625984 2.523734 -0.342520,
        -1.374016 2.514376 -0.341391,
        -1.625984 2.514376 -0.341391,
        -1.374016 2.505555 -0.338071,
        -1.625984 2.505555 -0.338071,
        -1.374016 2.497775 -0.332750,
        -1.625984 2.497775 -0.332750,
        -1.374016 2.491483 -0.325731,
        -1.625984 2.491483 -0.325731,
        -1.374016 2.267046 -0.005202,
        -1.625984 2.267046 -0.005202,
        -1.625984 2.235588 0.029890,
        -1.374016 2.235588 0.029890,
        -1.625984 2.196691 0.056498,
        -1.374016 2.196691 0.056498,
        -1.625984 2.152584 0.073099,
        -1.374016 2.152584 0.073099,
        -1.374016 2.115154 -0.079869,
        -1.625984 2.115154 -0.079869,
        -1.374016 2.123975 -0.083189,
        -1.625984 2.123975 -0.083189,
        -1.374016 2.131754 -0.088510,
        -1.625984 2.131754 -0.088510,
        -1.374016 2.138046 -0.095528,
        -1.625984 2.138046 -0.095528,
        -1.374016 2.362483 -0.416058,
        -1.625984 2.362483 -0.416058,
        -1.625984 2.393941 -0.451150,
        -1.374016 2.393941 -0.451150,
        -1.625984 2.432838 -0.477758,
        -1.374016 2.432838 -0.477758,
        -1.625984 2.476945 -0.494359,
        -1.374016 2.476945 -0.494359,
        -0.754936 1.610594 -0.078740,
        -0.754936 1.610594 0.078740,
        -0.625984 1.610594 -0.078740,
        -0.625984 1.610594 0.078740,
        -0.712080 0.919767 0.078740,
        -0.712080 0.919767 -0.078740,
        -0.710147 0.974081 0.078740,
        -0.710147 0.974081 -0.078740,
        -0.694530 1.026138 0.078740,
        -0.694530 1.026138 -0.078740,
        -0.666247 1.072547 0.078740,
        -0.666247 1.072547 -0.078740,
        -0.627140 1.110288 0.078740,
        -0.627140 1.110288 -0.078740,
        -0.579754 1.136902 0.078740,
        -0.579754 1.136902 -0.078740,
        -0.527174 1.150657 0.078740,
        -0.527174 1.150657 -0.078740,
        -0.472826 1.150657 0.078740,
        -0.472826 1.150657 -0.078740,
        -0.420246 1.136902 0.078740,
        -0.420246 1.136902 -0.078740,
        -0.372860 1.110288 0.078740,
        -0.372860 1.110288 -0.078740,
        -0.333753 1.072547 0.078740,
        -0.333753 1.072547 -0.078740,
        -0.305470 1.026138 0.078740,
        -0.305470 1.026138 -0.078740,
        -0.289853 0.974081 0.078740,
        -0.289853 0.974081 -0.078740,
        -0.287920 0.919767 0.078740,
        -0.287920 0.919767 -0.078740,
        -0.411914 -0.419026 0.078740,
        -0.411914 -0.419026 -0.078740,
        -0.411909 -0.426344 -0.078740,
        -0.411909 -0.426344 0.078740,
        -0.410549 -0.433535 -0.078740,
        -0.410549 -0.433535 0.078740,
        -0.354756 -0.627599 0.078740,
        -0.354756 -0.627599 -0.078740,
        -0.350853 -0.636681 -0.078740,
        -0.350853 -0.636681 0.078740,
        -0.344812 -0.644505 -0.078740,
        -0.344812 -0.644505 0.078740,
        -0.337012 -0.650578 -0.078740,
        -0.337012 -0.650578 0.078740,
        -0.327945 -0.654515 -0.078740,
        -0.327945 -0.654515 0.078740,
        -0.318183 -0.656070 -0.078740,
        -0.318183 -0.656070 0.078740,
        -0.308341 -0.655145 -0.078740,
        -0.308341 -0.655145 0.078740,
        -0.299041 -0.651798 -0.078740,
        -0.299041 -0.651798 0.078740,
        -0.290867 -0.646239 -0.078740,
        -0.290867 -0.646239 0.078740,
        -0.284335 -0.638819 -0.078740,
        -0.284335 -0.638819 0.078740,
        -0.279857 -0.630007 -0.078740,
        -0.279857 -0.630007 0.078740,
        -0.277717 -0.620356 -0.078740,
        -0.277717 -0.620356 0.078740,
        -0.245064 -0.268243 0.078740,
        -0.245064 -0.268243 -0.078740,
        -0.245064 1.610594 0.078740,
        -0.245064 1.610594 -0.078740,
        -0.374016 1.610594 0.078740,
        -0.374016 1.610594 -0.078740,
        -0.754936 -0.268243 0.078740,
        -0.754936 -0.268243 -0.078740,
        -0.722283 -0.620356 0.078740,
        -0.722283 -0.620356 -0.078740,
        -0.720143 -0.630007 -0.078740,
        -0.720143 -0.630007 0.078740,
        -0.715665 -0.638819 -0.078740,
        -0.715665 -0.638819 0.078740,
        -0.709133 -0.646239 -0.078740,
        -0.709133 -0.646239 0.078740,
        -0.700959 -0.651798 -0.078740,
        -0.700959 -0.651798 0.078740,
        -0.691659 -0.655145 -0.078740,
        -0.691659 -0.655145 0.078740,
        -0.681817 -0.656070 -0.078740,
        -0.681817 -0.656070 0.078740,
        -0.672055 -0.654515 -0.078740,
        -0.672055 -0.654515 0.078740,
        -0.662988 -0.650578 -0.078740,
        -0.662988 -0.650578 0.078740,
        -0.655188 -0.644505 -0.078740,
        -0.655188 -0.644505 0.078740,
        -0.649147 -0.636681 -0.078740,
        -0.649147 -0.636681 0.078740,
        -0.645244 -0.627599 -0.078740,
        -0.645244 -0.627599 0.078740,
        -0.589451 -0.433535 0.078740,
        -0.589451 -0.433535 -0.078740,
        -0.588091 -0.426344 -0.078740,
        -0.588091 -0.426344 0.078740,
        -0.588086 -0.419026 -0.078740,
        -0.588086 -0.419026 0.078740,
        -0.374016 2.105796 0.078740,
        -0.625984 2.105796 0.078740,
        -0.625984 2.105796 -0.078740,
        -0.374016 2.105796 -0.078740,
        -0.374016 2.523734 -0.500000,
        -0.625984 2.523734 -0.500000,
        -0.374016 2.814961 -0.500000,
        -0.625984 2.814961 -0.500000,
        -0.417004 2.933071 -0.500000,
        -0.582996 2.933071 -0.500000,
        -0.417004 2.933071 -0.342520,
        -0.582996 2.933071 -0.342520,
        -0.374016 2.814961 -0.342520,
        -0.625984 2.814961 -0.342520,
        -0.374016 2.523734 -0.342520,
        -0.625984 2.523734 -0.342520,
        -0.374016 2.514376 -0.341391,
        -0.625984 2.514376 -0.341391,
        -0.374016 2.505555 -0.338071,
        -0.625984 2.505555 -0.338071,
        -0.374016 2.497775 -0.332750,
        -0.625984 2.497775 -0.332750,
        -0.374016 2.491483 -0.325731,
        -0.625984 2.491483 -0.325731,
        -0.374016 2.267046 -0.005202,
        -0.625984 2.267046 -0.005202,
        -0.625984 2.235588 0.029890,
        -0.374016 2.235588 0.029890,
        -0.625984 2.196691 0.056498,
        -0.374016 2.196691 0.056498,
        -0.625984 2.152584 0.073099,
        -0.374016 2.152584 0.073099,
        -0.374016 2.115154 -0.079869,
        -0.625984 2.115154 -0.079869,
        -0.374016 2.123975 -0.083189,
        -0.625984 2.123975 -0.083189,
        -0.374016 2.131754 -0.088510,
        -0.625984 2.131754 -0.088510,
        -0.374016 2.138046 -0.095528,
        -0.625984 2.138046 -0.095528,
        -0.374016 2.362483 -0.416058,
        -0.625984 2.362483 -0.416058,
        -0.625984 2.393941 -0.451150,
        -0.374016 2.393941 -0.451150,
        -0.625984 2.432838 -0.477758,
        -0.374016 2.432838 -0.477758,
        -0.625984 2.476945 -0.494359,
        -0.374016 2.476945 -0.494359,
      ]
    }
    coordIndex [
      0, 1, 2, -1,
      2, 1, 3, -1,
      4, 5, 6, -1,
      6, 5, 7, -1,
      6, 7, 8, -1,
      8, 7, 9, -1,
      8, 9, 10, -1,
      10, 9, 11, -1,
      10, 11, 12, -1,
      12, 11, 13, -1,
      12, 13, 14, -1,
      14, 13, 15, -1,
      14, 15, 16, -1,
      16, 15, 17, -1,
      16, 17, 18, -1,
      18, 17, 19, -1,
      18, 19, 20, -1,
      20, 19, 21, -1,
      20, 21, 22, -1,
      22, 21, 23, -1,
      22, 23, 24, -1,
      24, 23, 25, -1,
      24, 25, 26, -1,
      26, 25, 27, -1,
      26, 27, 28, -1,
      28, 27, 29, -1,
      28, 29, 30, -1,
      30, 29, 31, -1,
      32, 30, 33, -1,
      33, 30, 31, -1,
      32, 33, 34, -1,
      32, 34, 35, -1,
      35, 34, 36, -1,
      35, 36, 37, -1,
      38, 37, 39, -1,
      39, 37, 36, -1,
      38, 39, 40, -1,
      38, 40, 41, -1,
      41, 40, 42, -1,
      41, 42, 43, -1,
      43, 42, 44, -1,
      43, 44, 45, -1,
      45, 44, 46, -1,
      45, 46, 47, -1,
      47, 46, 48, -1,
      47, 48, 49, -1,
      49, 48, 50, -1,
      49, 50, 51, -1,
      51, 50, 52, -1,
      51, 52, 53, -1,
      53, 52, 54, -1,
      53, 54, 55, -1,
      55, 54, 56, -1,
      55, 56, 57, -1,
      57, 56, 58, -1,
      57, 58, 59, -1,
      59, 58, 60, -1,
      59, 60, 61, -1,
      62, 61, 63, -1,
      63, 61, 60, -1,
      64, 62, 65, -1,
      65, 62, 63, -1,
      66, 64, 67, -1,
      67, 64, 65, -1,
      68, 1, 69, -1,
      69, 1, 0, -1,
      70, 68, 71, -1,
      71, 68, 69, -1,
      70, 71, 72, -1,
      70, 72, 73, -1,
      73, 72, 74, -1,
      73, 74, 75, -1,
      75, 74, 76, -1,
      75, 76, 77, -1,
      77, 76, 78, -1,
      77, 78, 79, -1,
      79, 78, 80, -1,
      79, 80, 81, -1,
      81, 80, 82, -1,
      81, 82, 83, -1,
      83, 82, 84, -1,
      83, 84, 85, -1,
      85, 84, 86, -1,
      85, 86, 87, -1,
      87, 86, 88, -1,
      87, 88, 89, -1,
      89, 88, 90, -1,
      89, 90, 91, -1,
      91, 90, 92, -1,
      91, 92, 93, -1,
      94, 93, 95, -1,
      95, 93, 92, -1,
      94, 95, 96, -1,
      94, 96, 97, -1,
      97, 96, 98, -1,
      97, 98, 99, -1,
      4, 99, 5, -1,
      5, 99, 98, -1,
      66, 12, 14, -1,
      20, 64, 18, -1,
      18, 64, 66, -1,
      18, 66, 16, -1,
      16, 66, 14, -1,
      20, 22, 64, -1,
      64, 22, 24, -1,
      64, 24, 26, -1,
      100, 101, 66, -1,
      66, 101, 3, -1,
      97, 99, 68, -1,
      68, 99, 4, -1,
      68, 4, 1, -1,
      1, 4, 6, -1,
      1, 6, 3, -1,
      3, 6, 8, -1,
      3, 8, 66, -1,
      66, 8, 10, -1,
      66, 10, 12, -1,
      93, 70, 73, -1,
      70, 93, 68, -1,
      68, 93, 94, -1,
      68, 94, 97, -1,
      26, 28, 64, -1,
      64, 28, 30, -1,
      64, 30, 62, -1,
      62, 30, 32, -1,
      73, 75, 93, -1,
      93, 75, 77, -1,
      93, 77, 79, -1,
      79, 81, 93, -1,
      93, 81, 83, -1,
      93, 83, 85, -1,
      85, 87, 93, -1,
      93, 87, 89, -1,
      93, 89, 91, -1,
      41, 43, 61, -1,
      32, 35, 62, -1,
      62, 35, 37, -1,
      62, 37, 61, -1,
      61, 37, 38, -1,
      61, 38, 41, -1,
      43, 45, 61, -1,
      61, 45, 47, -1,
      61, 47, 59, -1,
      51, 53, 49, -1,
      49, 53, 55, -1,
      49, 55, 47, -1,
      47, 55, 57, -1,
      47, 57, 59, -1,
      23, 21, 2, -1,
      0, 5, 69, -1,
      69, 5, 98, -1,
      102, 103, 2, -1,
      2, 103, 67, -1,
      34, 33, 63, -1,
      63, 33, 31, -1,
      63, 31, 65, -1,
      65, 31, 29, -1,
      65, 29, 67, -1,
      67, 29, 27, -1,
      67, 27, 2, -1,
      2, 27, 25, -1,
      2, 25, 23, -1,
      13, 11, 0, -1,
      21, 19, 2, -1,
      2, 19, 17, -1,
      2, 17, 0, -1,
      0, 17, 15, -1,
      0, 15, 13, -1,
      11, 9, 0, -1,
      0, 9, 7, -1,
      0, 7, 5, -1,
      98, 96, 69, -1,
      69, 96, 95, -1,
      69, 95, 71, -1,
      71, 95, 92, -1,
      42, 40, 60, -1,
      60, 40, 39, -1,
      60, 39, 63, -1,
      63, 39, 36, -1,
      63, 36, 34, -1,
      76, 74, 92, -1,
      92, 74, 72, -1,
      92, 72, 71, -1,
      58, 46, 60, -1,
      60, 46, 44, -1,
      60, 44, 42, -1,
      92, 90, 88, -1,
      88, 86, 92, -1,
      92, 86, 84, -1,
      92, 84, 82, -1,
      82, 80, 92, -1,
      92, 80, 78, -1,
      92, 78, 76, -1,
      58, 56, 46, -1,
      46, 56, 54, -1,
      46, 54, 48, -1,
      48, 54, 52, -1,
      48, 52, 50, -1,
      104, 105, 106, -1,
      106, 105, 107, -1,
      106, 107, 108, -1,
      108, 107, 109, -1,
      108, 109, 110, -1,
      110, 109, 111, -1,
      110, 111, 112, -1,
      112, 111, 113, -1,
      112, 113, 114, -1,
      114, 113, 115, -1,
      114, 115, 116, -1,
      116, 115, 117, -1,
      116, 117, 118, -1,
      118, 117, 119, -1,
      118, 119, 120, -1,
      120, 119, 121, -1,
      120, 121, 122, -1,
      122, 121, 123, -1,
      124, 122, 125, -1,
      125, 122, 123, -1,
      124, 125, 126, -1,
      124, 126, 127, -1,
      127, 126, 128, -1,
      127, 128, 129, -1,
      129, 128, 130, -1,
      129, 130, 131, -1,
      131, 130, 101, -1,
      131, 101, 100, -1,
      103, 102, 132, -1,
      132, 102, 133, -1,
      132, 133, 134, -1,
      134, 133, 135, -1,
      134, 135, 136, -1,
      136, 135, 137, -1,
      136, 137, 138, -1,
      138, 137, 139, -1,
      140, 138, 141, -1,
      141, 138, 139, -1,
      140, 141, 142, -1,
      140, 142, 143, -1,
      143, 142, 144, -1,
      143, 144, 145, -1,
      145, 144, 146, -1,
      145, 146, 147, -1,
      147, 146, 105, -1,
      147, 105, 104, -1,
      106, 112, 104, -1,
      104, 112, 114, -1,
      104, 114, 147, -1,
      147, 114, 116, -1,
      147, 116, 145, -1,
      145, 116, 118, -1,
      145, 118, 143, -1,
      143, 118, 120, -1,
      143, 120, 140, -1,
      140, 120, 122, -1,
      140, 122, 138, -1,
      138, 122, 124, -1,
      138, 124, 136, -1,
      136, 124, 127, -1,
      136, 127, 134, -1,
      134, 127, 129, -1,
      134, 129, 132, -1,
      132, 129, 131, -1,
      132, 131, 103, -1,
      103, 131, 100, -1,
      103, 100, 67, -1,
      67, 100, 66, -1,
      113, 107, 115, -1,
      115, 107, 105, -1,
      115, 105, 117, -1,
      117, 105, 146, -1,
      117, 146, 119, -1,
      119, 146, 144, -1,
      119, 144, 121, -1,
      121, 144, 142, -1,
      121, 142, 123, -1,
      123, 142, 141, -1,
      123, 141, 125, -1,
      125, 141, 139, -1,
      125, 139, 126, -1,
      126, 139, 137, -1,
      126, 137, 128, -1,
      128, 137, 135, -1,
      128, 135, 130, -1,
      130, 135, 133, -1,
      130, 133, 101, -1,
      101, 133, 102, -1,
      101, 102, 3, -1,
      3, 102, 2, -1,
      106, 108, 112, -1,
      112, 108, 110, -1,
      109, 107, 111, -1,
      111, 107, 113, -1,
      148, 149, 150, -1,
      150, 149, 151, -1,
      152, 153, 154, -1,
      154, 153, 155, -1,
      154, 155, 156, -1,
      156, 155, 157, -1,
      156, 157, 158, -1,
      158, 157, 159, -1,
      158, 159, 160, -1,
      160, 159, 161, -1,
      160, 161, 162, -1,
      162, 161, 163, -1,
      162, 163, 164, -1,
      164, 163, 165, -1,
      164, 165, 166, -1,
      166, 165, 167, -1,
      166, 167, 168, -1,
      168, 167, 169, -1,
      168, 169, 170, -1,
      170, 169, 171, -1,
      170, 171, 172, -1,
      172, 171, 173, -1,
      172, 173, 174, -1,
      174, 173, 175, -1,
      174, 175, 176, -1,
      176, 175, 177, -1,
      176, 177, 178, -1,
      178, 177, 179, -1,
      180, 178, 181, -1,
      181, 178, 179, -1,
      180, 181, 182, -1,
      180, 182, 183, -1,
      183, 182, 184, -1,
      183, 184, 185, -1,
      186, 185, 187, -1,
      187, 185, 184, -1,
      186, 187, 188, -1,
      186, 188, 189, -1,
      189, 188, 190, -1,
      189, 190, 191, -1,
      191, 190, 192, -1,
      191, 192, 193, -1,
      193, 192, 194, -1,
      193, 194, 195, -1,
      195, 194, 196, -1,
      195, 196, 197, -1,
      197, 196, 198, -1,
      197, 198, 199, -1,
      199, 198, 200, -1,
      199, 200, 201, -1,
      201, 200, 202, -1,
      201, 202, 203, -1,
      203, 202, 204, -1,
      203, 204, 205, -1,
      205, 204, 206, -1,
      205, 206, 207, -1,
      207, 206, 208, -1,
      207, 208, 209, -1,
      210, 209, 211, -1,
      211, 209, 208, -1,
      212, 210, 213, -1,
      213, 210, 211, -1,
      214, 212, 215, -1,
      215, 212, 213, -1,
      216, 149, 217, -1,
      217, 149, 148, -1,
      218, 216, 219, -1,
      219, 216, 217, -1,
      218, 219, 220, -1,
      218, 220, 221, -1,
      221, 220, 222, -1,
      221, 222, 223, -1,
      223, 222, 224, -1,
      223, 224, 225, -1,
      225, 224, 226, -1,
      225, 226, 227, -1,
      227, 226, 228, -1,
      227, 228, 229, -1,
      229, 228, 230, -1,
      229, 230, 231, -1,
      231, 230, 232, -1,
      231, 232, 233, -1,
      233, 232, 234, -1,
      233, 234, 235, -1,
      235, 234, 236, -1,
      235, 236, 237, -1,
      237, 236, 238, -1,
      237, 238, 239, -1,
      239, 238, 240, -1,
      239, 240, 241, -1,
      242, 241, 243, -1,
      243, 241, 240, -1,
      242, 243, 244, -1,
      242, 244, 245, -1,
      245, 244, 246, -1,
      245, 246, 247, -1,
      152, 247, 153, -1,
      153, 247, 246, -1,
      172, 174, 212, -1,
      214, 160, 162, -1,
      172, 212, 170, -1,
      174, 176, 212, -1,
      212, 176, 178, -1,
      212, 178, 210, -1,
      210, 178, 180, -1,
      248, 249, 214, -1,
      214, 249, 151, -1,
      216, 152, 149, -1,
      149, 152, 154, -1,
      149, 154, 151, -1,
      151, 154, 156, -1,
      151, 156, 214, -1,
      214, 156, 158, -1,
      214, 158, 160, -1,
      162, 164, 214, -1,
      214, 164, 166, -1,
      214, 166, 212, -1,
      212, 166, 168, -1,
      212, 168, 170, -1,
      242, 245, 216, -1,
      216, 245, 247, -1,
      216, 247, 152, -1,
      242, 216, 241, -1,
      241, 216, 218, -1,
      241, 218, 221, -1,
      180, 183, 210, -1,
      210, 183, 185, -1,
      210, 185, 209, -1,
      209, 185, 186, -1,
      221, 223, 241, -1,
      241, 223, 225, -1,
      241, 225, 227, -1,
      237, 231, 235, -1,
      235, 231, 233, -1,
      227, 229, 241, -1,
      241, 229, 231, -1,
      241, 231, 239, -1,
      239, 231, 237, -1,
      205, 191, 203, -1,
      203, 191, 193, -1,
      186, 189, 209, -1,
      209, 189, 191, -1,
      209, 191, 207, -1,
      207, 191, 205, -1,
      199, 201, 197, -1,
      197, 201, 203, -1,
      197, 203, 195, -1,
      195, 203, 193, -1,
      171, 169, 150, -1,
      188, 187, 208, -1,
      169, 167, 150, -1,
      150, 167, 165, -1,
      150, 165, 148, -1,
      148, 165, 163, -1,
      250, 251, 150, -1,
      150, 251, 215, -1,
      182, 181, 211, -1,
      211, 181, 179, -1,
      211, 179, 213, -1,
      213, 179, 177, -1,
      213, 177, 215, -1,
      215, 177, 175, -1,
      215, 175, 150, -1,
      150, 175, 173, -1,
      150, 173, 171, -1,
      163, 161, 148, -1,
      148, 161, 159, -1,
      148, 159, 157, -1,
      192, 190, 202, -1,
      208, 187, 211, -1,
      211, 187, 184, -1,
      211, 184, 182, -1,
      202, 190, 204, -1,
      200, 198, 196, -1,
      157, 155, 148, -1,
      148, 155, 153, -1,
      148, 153, 217, -1,
      217, 153, 246, -1,
      188, 208, 190, -1,
      190, 208, 206, -1,
      190, 206, 204, -1,
      200, 196, 202, -1,
      202, 196, 194, -1,
      202, 194, 192, -1,
      226, 224, 240, -1,
      246, 244, 217, -1,
      217, 244, 243, -1,
      217, 243, 219, -1,
      219, 243, 240, -1,
      224, 222, 240, -1,
      240, 222, 220, -1,
      240, 220, 219, -1,
      238, 236, 230, -1,
      230, 236, 234, -1,
      230, 234, 232, -1,
      238, 230, 240, -1,
      240, 230, 228, -1,
      240, 228, 226, -1,
      252, 253, 254, -1,
      254, 253, 255, -1,
      254, 255, 256, -1,
      256, 255, 257, -1,
      256, 257, 258, -1,
      258, 257, 259, -1,
      258, 259, 260, -1,
      260, 259, 261, -1,
      260, 261, 262, -1,
      262, 261, 263, -1,
      262, 263, 264, -1,
      264, 263, 265, -1,
      264, 265, 266, -1,
      266, 265, 267, -1,
      266, 267, 268, -1,
      268, 267, 269, -1,
      268, 269, 270, -1,
      270, 269, 271, -1,
      272, 270, 273, -1,
      273, 270, 271, -1,
      272, 273, 274, -1,
      272, 274, 275, -1,
      275, 274, 276, -1,
      275, 276, 277, -1,
      277, 276, 278, -1,
      277, 278, 279, -1,
      279, 278, 249, -1,
      279, 249, 248, -1,
      251, 250, 280, -1,
      280, 250, 281, -1,
      280, 281, 282, -1,
      282, 281, 283, -1,
      282, 283, 284, -1,
      284, 283, 285, -1,
      284, 285, 286, -1,
      286, 285, 287, -1,
      288, 286, 289, -1,
      289, 286, 287, -1,
      288, 289, 290, -1,
      288, 290, 291, -1,
      291, 290, 292, -1,
      291, 292, 293, -1,
      293, 292, 294, -1,
      293, 294, 295, -1,
      295, 294, 253, -1,
      295, 253, 252, -1,
      254, 260, 252, -1,
      252, 260, 262, -1,
      252, 262, 295, -1,
      295, 262, 264, -1,
      295, 264, 293, -1,
      293, 264, 266, -1,
      293, 266, 291, -1,
      291, 266, 268, -1,
      291, 268, 288, -1,
      288, 268, 270, -1,
      288, 270, 286, -1,
      286, 270, 272, -1,
      286, 272, 284, -1,
      284, 272, 275, -1,
      284, 275, 282, -1,
      282, 275, 277, -1,
      282, 277, 280, -1,
      280, 277, 279, -1,
      280, 279, 251, -1,
      251, 279, 248, -1,
      251, 248, 215, -1,
      215, 248, 214, -1,
      261, 255, 263, -1,
      263, 255, 253, -1,
      263, 253, 265, -1,
      265, 253, 294, -1,
      265, 294, 267, -1,
      267, 294, 292, -1,
      267, 292, 269, -1,
      269, 292, 290, -1,
      269, 290, 271, -1,
      271, 290, 289, -1,
      271, 289, 273, -1,
      273, 289, 287, -1,
      273, 287, 274, -1,
      274, 287, 285, -1,
      274, 285, 276, -1,
      276, 285, 283, -1,
      276, 283, 278, -1,
      278, 283, 281, -1,
      278, 281, 249, -1,
      249, 281, 250, -1,
      249, 250, 151, -1,
      151, 250, 150, -1,
      254, 256, 260, -1,
      260, 256, 258, -1,
      257, 255, 259, -1,
      259, 255, 261, -1,
    ]
  }
}

Shape {
  appearance Appearance {
    material Material {
      diffuseColor 0.2510 0.2510 0.2510
      specularColor 0.1255 0.1255 0.1255
      ambientIntensity 0.2
      transparency 0.0000
      shininess 0.5
    }
  }
  geometry IndexedFaceSet {
    ccw TRUE
    solid FALSE
    coord DEF co Coordinate {
      point [
        2.098425 -0.944239 -0.354330,
        2.098425 -0.944239 -0.407193,
        2.098425 -0.815790 -0.407193,
        2.098425 -0.944239 -0.142626,
        2.098425 -0.944239 -0.181754,
        2.098425 -0.815790 -0.181754,
        2.098425 -0.764941 -0.008192,
        2.098425 -0.754632 -0.006926,
        2.098425 -0.807791 -0.006926,
        2.098425 -0.730448 -0.141807,
        2.098425 -0.739013 -0.142626,
        2.098425 -0.694860 -0.142626,
        2.098425 -0.669907 -0.023402,
        2.098425 -0.669907 -0.066111,
        2.098425 -0.633867 -0.066111,
        2.098425 -0.661461 -0.353618,
        2.098425 -0.667381 -0.354330,
        2.098425 -0.633867 -0.354330,
        2.098425 -0.690901 -0.353975,
        2.098425 -0.694860 -0.352581,
        2.098425 -0.694860 -0.354330,
        2.098425 -0.502788 -0.235106,
        2.098425 -0.502788 -0.277815,
        2.098425 -0.477800 -0.277815,
        2.098425 -1.057606 -0.113665,
        2.098425 -1.032375 -0.135894,
        2.098425 -0.944239 -0.006926,
        2.098425 -1.165855 -0.006926,
        2.098425 -1.144054 -0.021584,
        2.098425 -1.112981 -0.057430,
        2.098425 -1.092818 -0.096540,
        2.098425 -1.085599 -0.099049,
        2.098425 -1.233983 0.023646,
        2.098425 -1.186369 0.006867,
        2.098425 -0.944239 0.492126,
        2.098425 -1.363898 0.005040,
        2.098425 -1.320155 0.021941,
        2.098425 -1.638728 0.492126,
        2.098425 -1.273092 0.027754,
        2.098425 -1.638728 -0.006926,
        2.098425 -1.488063 -0.053759,
        2.098425 -1.450519 -0.049099,
        2.098425 -1.638728 -0.142626,
        2.098425 -1.590749 -0.142626,
        2.098425 -1.582587 -0.124123,
        2.098425 -1.559632 -0.094642,
        2.098425 -1.383201 -0.006926,
        2.098425 -1.386949 -0.009249,
        2.098425 -1.409246 -0.028344,
        2.098425 -1.439608 -0.049693,
        2.098425 -1.428696 -0.050997,
        2.098425 -1.553356 -0.088694,
        2.098425 -1.523199 -0.067446,
        2.098425 -1.488472 -0.351770,
        2.098425 -1.500629 -0.348125,
        2.098425 -1.638728 -0.354330,
        2.098425 -1.534900 -0.331387,
        2.098425 -1.564376 -0.306227,
        2.098425 -1.585887 -0.275585,
        2.098425 -1.599558 -0.240280,
        2.098425 -1.638728 -0.181754,
        2.098425 -1.604227 -0.202807,
        2.098425 -1.603975 -0.193985,
        2.098425 -1.601813 -0.181754,
        2.098425 -1.597670 -0.158317,
        2.098425 -1.446344 -0.403496,
        2.098425 -1.464894 -0.389493,
        2.098425 -1.638728 -0.407193,
        2.098425 -1.478992 -0.372071,
        2.098425 -1.487276 -0.354330,
        2.098425 -1.359041 -0.407193,
        2.098425 -1.375424 -0.413474,
        2.098425 -0.944239 -0.492126,
        2.098425 -1.398335 -0.416289,
        2.098425 -1.638728 -0.492126,
        2.098425 -1.402063 -0.416218,
        2.098425 -1.424461 -0.412709,
        2.098425 -1.437563 -0.407193,
        2.098425 -1.309405 -0.354330,
        2.098425 -1.309450 -0.354522,
        2.098425 -1.320636 -0.375697,
        2.098425 -1.335354 -0.392221,
        2.098425 -1.354259 -0.405359,
        2.098425 -1.327174 -0.257837,
        2.098425 -1.200033 -0.191421,
        2.098425 -1.343711 -0.242771,
        2.098425 -1.363836 -0.231970,
        2.098425 -1.179872 -0.353213,
        2.098425 -1.186222 -0.351181,
        2.098425 -1.192661 -0.347192,
        2.098425 -1.196705 -0.343241,
        2.098425 -1.058157 -0.213634,
        2.098425 -1.062573 -0.195399,
        2.098425 -1.069890 -0.181754,
        2.098425 -1.542098 -0.181754,
        2.098425 -1.193531 -0.301978,
        2.098425 -1.187611 -0.298007,
        2.098425 -1.170620 -0.241708,
        2.098425 -1.181048 -0.295606,
        2.098425 -1.016654 -0.287399,
        2.098425 -1.033991 -0.310971,
        2.098425 -1.037339 -0.314474,
        2.098425 -1.062375 -0.334456,
        2.098425 -1.536591 -0.238575,
        2.098425 -1.525172 -0.258039,
        2.098425 -1.476992 -0.267737,
        2.098425 -1.508150 -0.275503,
        2.098425 -1.487523 -0.288200,
        2.098425 -1.441882 -0.236352,
        2.098425 -1.461293 -0.249816,
        2.098425 -1.544452 -0.200909,
        2.098425 -1.543348 -0.215331,
        2.098425 -1.002575 -0.192397,
        2.098425 -0.998885 -0.220834,
        2.098425 -0.999013 -0.226680,
        2.098425 -1.004068 -0.257720,
        2.098425 -1.091575 -0.347927,
        2.098425 -1.120333 -0.353667,
        2.098425 -1.176313 -0.353667,
        2.098425 -1.203828 -0.324254,
        2.098425 -1.203680 -0.321313,
        2.098425 -1.303454 -0.311920,
        2.098425 -1.201977 -0.314042,
        2.098425 -1.198487 -0.307443,
        2.098425 -1.420919 -0.228352,
        2.098425 -1.398335 -0.225578,
        2.098425 -1.386733 -0.226270,
        2.098425 -1.200703 -0.337225,
        2.098425 -1.203066 -0.330763,
        2.098425 -1.303947 -0.331087,
        2.098425 -1.303454 -0.321408,
        2.098425 -1.174415 -0.294841,
        2.098425 -1.173492 -0.294908,
        2.098425 -1.170646 -0.295539,
        2.098425 -1.076941 -0.271935,
        2.098425 -1.066511 -0.257131,
        2.098425 -1.059980 -0.240218,
        2.098425 -1.057712 -0.221783,
        2.098425 -1.168722 -0.295790,
        2.098425 -1.126026 -0.295790,
        2.098425 -1.109121 -0.292567,
        2.098425 -1.092364 -0.284841,
        2.098425 -1.078315 -0.273408,
        2.098425 -1.139309 -0.147776,
        2.098425 -1.533522 -0.156833,
        2.098425 -1.541637 -0.177999,
        2.098425 -1.131719 -0.147776,
        2.098425 -1.071364 -0.179005,
        2.098425 -1.082437 -0.166622,
        2.098425 -1.097159 -0.156356,
        2.098425 -1.113722 -0.149989,
        2.098425 -1.523648 -0.142626,
        2.098425 -1.399283 -0.120260,
        2.098425 -1.406306 -0.116433,
        2.098425 -1.154565 -0.099530,
        2.098425 -1.174078 -0.072328,
        2.098425 -1.186089 -0.060834,
        2.098425 -1.213117 -0.043042,
        2.098425 -1.243105 -0.032385,
        2.098425 -1.427589 -0.108719,
        2.098425 -1.449570 -0.106028,
        2.098425 -1.459250 -0.106522,
        2.098425 -1.140234 -0.142626,
        2.098425 -1.142294 -0.131161,
        2.098425 -1.272143 -0.029174,
        2.098425 -1.277735 -0.029285,
        2.098425 -1.386690 -0.093279,
        2.098425 -1.309287 -0.034280,
        2.098425 -1.366134 -0.067337,
        2.098425 -1.340074 -0.047387,
        2.098425 -1.482685 -0.112024,
        2.098425 -1.503859 -0.123210,
        2.098425 -1.520383 -0.137928,
        2.098425 -1.027746 -0.142626,
        2.098425 -1.013556 -0.163264,
        2.098425 -1.006587 -0.181754,
        2.098425 -0.448242 -0.353205,
        2.098425 -0.435637 -0.354330,
        2.098425 -0.448242 -0.337990,
        2.098425 -0.435637 -0.181754,
        2.098425 -0.451278 -0.235106,
        2.098425 -0.451278 -0.219756,
        2.098425 -0.502788 -0.337990,
        2.098425 -0.477800 -0.337990,
        2.098425 -0.502788 -0.293098,
        2.098425 -0.477800 -0.293098,
        2.098425 -0.455065 -0.293098,
        2.098425 -0.455065 -0.277815,
        2.098425 -0.477800 -0.235106,
        2.098425 -0.477800 -0.353205,
        2.098425 -0.477800 -0.354330,
        2.098425 -0.520015 -0.353205,
        2.098425 -0.529021 -0.354330,
        2.098425 -0.520015 -0.219756,
        2.098425 -0.795094 -0.307795,
        2.098425 -0.792508 -0.280817,
        2.098425 -0.798429 -0.312585,
        2.098425 -0.800716 -0.318483,
        2.098425 -0.750590 -0.348377,
        2.098425 -0.756728 -0.352312,
        2.098425 -0.741953 -0.353205,
        2.098425 -0.762685 -0.354330,
        2.098425 -0.725238 -0.353205,
        2.098425 -0.776776 -0.257803,
        2.098425 -0.807791 -0.181754,
        2.098425 -0.789183 -0.262648,
        2.098425 -0.792508 -0.264580,
        2.098425 -0.807791 -0.354330,
        2.098425 -0.788366 -0.351687,
        2.098425 -0.793634 -0.347951,
        2.098425 -0.789978 -0.303352,
        2.098425 -0.782867 -0.299702,
        2.098425 -0.780902 -0.273535,
        2.098425 -0.770198 -0.296578,
        2.098425 -0.755488 -0.269906,
        2.098425 -0.761261 -0.269287,
        2.098425 -0.770430 -0.270161,
        2.098425 -0.795947 -0.345541,
        2.098425 -0.799003 -0.340866,
        2.098425 -0.801014 -0.335197,
        2.098425 -0.737127 -0.261855,
        2.098425 -0.732650 -0.266091,
        2.098425 -0.699962 -0.272504,
        2.098425 -0.741953 -0.338468,
        2.098425 -0.742396 -0.338468,
        2.098425 -0.745270 -0.342789,
        2.098425 -0.695008 -0.301552,
        2.098425 -0.702587 -0.332600,
        2.098425 -0.694860 -0.301650,
        2.098425 -0.696578 -0.336364,
        2.098425 -0.694860 -0.337035,
        2.098425 -0.701883 -0.277893,
        2.098425 -0.729215 -0.271457,
        2.098425 -0.726578 -0.278998,
        2.098425 -0.759692 -0.255710,
        2.098425 -0.749791 -0.256586,
        2.098425 -0.742703 -0.258704,
        2.098425 -0.741953 -0.292620,
        2.098425 -0.742508 -0.285384,
        2.098425 -0.744223 -0.279369,
        2.098425 -0.746176 -0.275905,
        2.098425 -0.801821 -0.327688,
        2.098425 -0.801776 -0.325706,
        2.098425 -0.697743 -0.298693,
        2.098425 -0.725238 -0.291870,
        2.098425 -0.702587 -0.349861,
        2.098425 -0.748690 -0.273200,
        2.098425 -0.751641 -0.271274,
        2.098425 -0.699777 -0.295493,
        2.098425 -0.701683 -0.290446,
        2.098425 -0.702484 -0.283615,
        2.098425 -0.687501 -0.354330,
        2.098425 -0.694860 -0.407193,
        2.098425 -0.676729 -0.355456,
        2.098425 -0.642787 -0.259940,
        2.098425 -0.642787 -0.276178,
        2.098425 -0.640894 -0.338973,
        2.098425 -0.643922 -0.343409,
        2.098425 -0.696931 -0.267973,
        2.098425 -0.694860 -0.266090,
        2.098425 -0.694860 -0.181754,
        2.098425 -0.691773 -0.263283,
        2.098425 -0.687752 -0.260806,
        2.098425 -0.638928 -0.333656,
        2.098425 -0.678816 -0.257334,
        2.098425 -0.665370 -0.255710,
        2.098425 -0.633867 -0.181754,
        2.098425 -0.653643 -0.256751,
        2.098425 -0.648961 -0.347883,
        2.098425 -0.652712 -0.350201,
        2.098425 -0.643810 -0.311519,
        2.098425 -0.640875 -0.315766,
        2.098425 -0.639012 -0.320626,
        2.098425 -0.638216 -0.327279,
        2.098425 -0.667007 -0.269287,
        2.098425 -0.671955 -0.269658,
        2.098425 -0.685257 -0.282113,
        2.098425 -0.676427 -0.270842,
        2.098425 -0.680175 -0.272835,
        2.098425 -0.685105 -0.284337,
        2.098425 -0.684442 -0.286933,
        2.098425 -0.683238 -0.289189,
        2.098425 -0.681607 -0.290983,
        2.098425 -0.675715 -0.294667,
        2.098425 -0.655306 -0.270713,
        2.098425 -0.665370 -0.299170,
        2.098425 -0.645852 -0.274382,
        2.098425 -0.658898 -0.301789,
        2.098425 -0.647796 -0.307963,
        2.098425 -0.682697 -0.275064,
        2.098425 -0.684130 -0.277191,
        2.098425 -0.684955 -0.279448,
        2.098425 -0.686123 -0.340450,
        2.098425 -0.677173 -0.311314,
        2.098425 -0.687136 -0.306747,
        2.098425 -0.675092 -0.341811,
        2.098425 -0.674354 -0.341806,
        2.098425 -0.666197 -0.315911,
        2.098425 -0.665785 -0.340846,
        2.098425 -0.655375 -0.328916,
        2.098425 -0.655538 -0.326837,
        2.098425 -0.661472 -0.339267,
        2.098425 -0.659948 -0.338343,
        2.098425 -0.658030 -0.336640,
        2.098425 -0.656570 -0.334482,
        2.098425 -0.655721 -0.332105,
        2.098425 -0.656298 -0.324227,
        2.098425 -0.657590 -0.322011,
        2.098425 -0.659673 -0.319843,
        2.098425 -0.386668 -0.105000,
        2.098425 -0.435637 -0.105000,
        2.098425 -0.373057 -0.141501,
        2.098425 -0.435637 -0.142626,
        2.098425 -0.354022 -0.141501,
        2.098425 1.594488 -0.142626,
        2.098425 1.594488 -0.006926,
        2.098425 -0.404850 -0.008052,
        2.098425 -0.435637 -0.006926,
        2.098425 -0.442238 -0.105000,
        2.098425 -0.455065 -0.141501,
        2.098425 -0.477800 -0.142626,
        2.098425 -0.474099 -0.141501,
        2.098425 -0.477800 -0.006926,
        2.098425 -0.435637 -0.040518,
        2.098425 -0.423271 -0.008052,
        2.098425 -0.529021 -0.142626,
        2.098425 -0.530533 -0.138676,
        2.098425 -0.553446 -0.141501,
        2.098425 -0.552081 -0.008052,
        2.098425 -0.529021 -0.006926,
        2.098425 -0.602756 -0.006926,
        2.098425 -0.602756 -0.142626,
        2.098425 -0.590151 -0.141501,
        2.098425 -0.590151 -0.008052,
        2.098425 -0.485122 -0.097153,
        2.098425 -0.491684 -0.110961,
        2.098425 -0.497043 -0.030194,
        2.098425 -0.488750 -0.041793,
        2.098425 -0.501628 -0.122807,
        2.098425 -0.515367 -0.132693,
        2.098425 -0.529021 -0.138079,
        2.098425 -0.501628 -0.025722,
        2.098425 -0.531717 -0.010299,
        2.098425 -0.529021 -0.011283,
        2.098425 -0.515609 -0.016180,
        2.098425 -0.483778 -0.054484,
        2.098425 -0.481502 -0.073070,
        2.098425 -0.481898 -0.081521,
        2.098425 -0.633867 -0.006926,
        2.098425 -0.618396 -0.008052,
        2.098425 -0.633867 -0.008052,
        2.098425 -0.618396 -0.023402,
        2.098425 -0.615360 -0.126286,
        2.098425 -0.615360 -0.141501,
        2.098425 -0.633867 -0.142626,
        2.098425 -0.669907 -0.126286,
        2.098425 -0.633867 -0.126286,
        2.098425 -0.669907 -0.081394,
        2.098425 -0.633867 -0.081394,
        2.098425 -0.622183 -0.081394,
        2.098425 -0.622183 -0.066111,
        2.098425 -0.633867 -0.023402,
        2.098425 -0.687134 -0.008052,
        2.098425 -0.694860 -0.006926,
        2.098425 -0.687134 -0.141501,
        2.098425 1.673228 0.354331,
        2.098425 1.673228 0.492126,
        2.098425 1.594488 0.354331,
        2.098425 -0.435637 0.492126,
        2.098425 1.594488 -0.181754,
        2.098425 -0.205939 -0.353205,
        2.098425 -0.219550 -0.316704,
        2.098425 -0.275119 -0.316704,
        2.098425 -0.314779 -0.293225,
        2.098425 -0.318004 -0.308857,
        2.098425 -0.306981 -0.353205,
        2.098425 -0.324565 -0.322665,
        2.098425 -0.334510 -0.334511,
        2.098425 1.594488 -0.354331,
        2.098425 -0.237732 -0.219756,
        2.098425 -0.256153 -0.219756,
        2.098425 -0.314383 -0.284774,
        2.098425 -0.316659 -0.266188,
        2.098425 -0.384963 -0.219756,
        2.098425 -0.364598 -0.222003,
        2.098425 -0.348248 -0.344397,
        2.098425 -0.363415 -0.350380,
        2.098425 -0.386327 -0.353205,
        2.098425 -0.334510 -0.237426,
        2.098425 -0.329924 -0.241898,
        2.098425 -0.321632 -0.253496,
        2.098425 -0.348491 -0.227883,
        2.098425 -0.186904 -0.353205,
        2.098425 -0.287946 -0.353205,
        2.098425 -0.423032 -0.353205,
        2.098425 -0.423032 -0.219756,
        2.098425 -0.727730 -0.007219,
        2.098425 -0.713844 -0.011258,
        2.098425 -0.633867 -0.141501,
        2.098425 -0.713844 -0.029270,
        2.098425 -0.716121 -0.137109,
        2.098425 -0.741998 -0.128164,
        2.098425 -0.726915 -0.125342,
        2.098425 -0.713844 -0.119464,
        2.098425 -0.713844 -0.135974,
        2.098425 -0.795536 -0.081206,
        2.098425 -0.715330 -0.028467,
        2.098425 -0.728867 -0.023317,
        2.098425 -0.789083 -0.105319,
        2.098425 -0.782581 -0.114347,
        2.098425 -0.779999 -0.116904,
        2.098425 -0.771291 -0.123078,
        2.098425 -0.761793 -0.126765,
        2.098425 -0.748298 -0.128401,
        2.098425 -0.788900 -0.046211,
        2.098425 -0.762062 -0.023794,
        2.098425 -0.781660 -0.036160,
        2.098425 -0.772557 -0.028649,
        2.098425 -0.745296 -0.021356,
        2.098425 -0.750449 -0.021561,
        2.098425 -0.795681 -0.076277,
        2.098425 -0.793411 -0.057674,
        2.098425 -0.793398 -0.094559,
        2.098425 -0.745467 -0.005800,
        2.098425 -0.807791 0.492126,
        2.098425 -0.694860 0.492126,
        2.098425 -0.745149 -0.005800,
        2.098425 -0.731330 -0.006926,
        2.098425 -0.804167 -0.038098,
        2.098425 -0.794487 -0.025449,
        2.098425 -0.791330 -0.022428,
        2.098425 -0.778858 -0.013639,
        2.098425 -0.807791 -0.107750,
        2.098425 -0.811580 -0.097222,
        2.098425 -0.815790 -0.142626,
        2.098425 -0.813760 -0.077300,
        2.098425 -0.813527 -0.070349,
        2.098425 -0.815790 -0.006926,
        2.098425 -0.810503 -0.052924,
        2.098425 -0.807791 -0.046577,
        2.098425 -0.785887 -0.134464,
        2.098425 -0.796636 -0.125536,
        2.098425 -0.807791 -0.142626,
        2.098425 -0.798738 -0.123180,
        2.098425 -0.806426 -0.111541,
        2.098425 -0.750788 -0.143752,
        2.098425 -0.758825 -0.143374,
        2.098425 -0.762458 -0.142626,
        2.098425 -0.773291 -0.140399,
        2.098425 -0.771597 -0.355456,
        2.098425 -0.807791 -0.407193,
        2.098425 -0.763616 -0.354646,
        2.098425 -0.774164 -0.355389,
        2.098425 -0.781057 -0.354330,
        2.098425 -0.782034 -0.354180,
        2.098425 -0.555356 -0.257894,
        2.098425 -0.538027 -0.257894,
        2.098425 -0.529021 -0.181754,
        2.098425 -0.477800 -0.219756,
        2.098425 -0.477800 -0.181754,
        2.098425 -0.576050 -0.354330,
        2.098425 -0.585921 -0.329530,
        2.098425 -0.583874 -0.337376,
        2.098425 -0.583431 -0.337376,
        2.098425 -0.602756 -0.181754,
        2.098425 -0.602756 -0.281102,
        2.098425 -0.581384 -0.329667,
        2.098425 -0.582663 -0.334110,
        2.098425 -0.602756 -0.354330,
        2.098425 -0.602756 -0.325969,
        2.098425 -0.629517 -0.257894,
        2.098425 -0.610823 -0.257894,
        2.098425 -0.592130 -0.353000,
        2.098425 -0.592693 -0.354330,
        2.098425 -0.599464 -0.370329,
        2.098425 -0.633867 -0.407193,
        2.098425 -0.626072 -0.396733,
        2.098425 -0.626072 -0.381859,
        2.098425 -0.622652 -0.382980,
        2.098425 -0.616589 -0.383770,
        2.098425 -0.615253 -0.383723,
        2.098425 -0.611446 -0.383009,
        2.098425 -0.607900 -0.381358,
        2.098425 -0.606156 -0.380082,
        2.098425 -0.603037 -0.376745,
        2.098425 -0.602756 -0.376240,
        2.098425 -0.602756 -0.395108,
        2.098425 -0.608451 -0.397299,
        2.098425 -0.602756 -0.407193,
        2.098425 -0.615292 -0.398097,
        2.098425 -0.619217 -0.397946,
        2.098425 -0.581281 -0.367600,
        2.098425 -0.589057 -0.382643,
        2.098425 -0.529021 -0.407193,
        2.098425 -0.595183 -0.389890,
        2.098425 -0.596031 -0.390663,
        2.098425 -0.601864 -0.394765,
        2.098425 -1.673228 -0.492126,
        2.098425 -1.673228 -0.407193,
        2.098425 -1.673228 -0.354330,
        2.098425 -1.673228 -0.181754,
        2.098425 -1.673228 -0.142626,
        2.098425 -1.673228 -0.006926,
        2.098425 -1.673228 0.492126,
        2.098425 -0.819219 -0.126286,
        2.098425 -0.819219 -0.141501,
        2.098425 -0.889593 -0.141501,
        2.098425 -0.872366 -0.008052,
        2.098425 -0.872366 -0.126286,
        2.098425 -0.889593 -0.008052,
        2.098425 -0.815790 -0.354330,
        2.098425 -0.817820 -0.353205,
        2.098425 -0.889593 -0.353205,
        2.098425 -0.817820 -0.337990,
        2.098425 -0.820856 -0.235106,
        2.098425 -0.872366 -0.293098,
        2.098425 -0.872366 -0.337990,
        2.098425 -0.824643 -0.293098,
        2.098425 -0.824643 -0.277815,
        2.098425 -0.872366 -0.277815,
        2.098425 -0.872366 -0.235106,
        2.098425 -0.889593 -0.219756,
        2.098425 -0.820856 -0.219756,
        2.098425 -0.815790 0.492126,
        2.098425 -0.435637 -0.407193,
        2.098425 -0.477800 -0.407193,
        2.098425 -0.477800 0.492126,
        2.098425 -0.529021 0.492126,
        2.098425 -0.602756 0.492126,
        2.098425 -0.633867 0.492126,
        2.098425 1.673228 -0.407193,
        2.098425 1.673228 -0.354330,
        2.098425 -0.815790 -0.492126,
        2.098425 -0.807791 -0.492126,
        2.098425 -0.694860 -0.492126,
        2.098425 -0.633867 -0.492126,
        2.098425 -0.602756 -0.492126,
        2.098425 -0.529021 -0.492126,
        2.098425 -0.477800 -0.492126,
        2.098425 -0.435637 -0.492126,
        2.098425 1.673228 -0.492126,
        2.098425 1.673228 -0.354331,
        -2.098425 1.673228 -0.354331,
        -2.098425 1.673228 -0.492126,
        1.696850 -1.594488 -0.196850,
        1.696850 -1.594488 0.196850,
        1.696850 -1.082677 -0.196850,
        1.696850 -1.082677 0.196850,
        1.303150 -1.594488 -0.196850,
        1.303150 -1.082677 -0.196850,
        1.303150 -1.594488 0.196850,
        1.303150 -1.082677 0.196850,
        0.696850 -1.594488 -0.196850,
        0.696850 -1.594488 0.196850,
        0.696850 -1.082677 -0.196850,
        0.696850 -1.082677 0.196850,
        0.303150 -1.594488 -0.196850,
        0.303150 -1.082677 -0.196850,
        0.303150 -1.594488 0.196850,
        0.303150 -1.082677 0.196850,
        -0.303150 -1.594488 -0.196850,
        -0.303150 -1.594488 0.196850,
        -0.303150 -1.082677 -0.196850,
        -0.303150 -1.082677 0.196850,
        -0.696850 -1.594488 -0.196850,
        -0.696850 -1.082677 -0.196850,
        -0.696850 -1.594488 0.196850,
        -0.696850 -1.082677 0.196850,
        -1.303150 -1.594488 -0.196850,
        -1.303150 -1.594488 0.196850,
        -1.303150 -1.082677 -0.196850,
        -1.303150 -1.082677 0.196850,
        -1.696850 -1.594488 -0.196850,
        -1.696850 -1.082677 -0.196850,
        -1.696850 -1.594488 0.196850,
        -1.696850 -1.082677 0.196850,
        -2.098425 1.673228 0.354331,
        -2.098425 1.673228 0.492126,
        -2.098425 1.594488 0.354331,
        -2.098425 1.594488 -0.354331,
        -2.098425 -1.673228 -0.492126,
        -2.098425 -1.673228 0.492126,
        -1.224409 -1.673228 -0.275591,
        -1.775591 -1.673228 -0.275591,
        1.224409 -1.673228 0.275591,
        1.775591 -1.673228 0.275591,
        -1.775591 -1.673228 0.275591,
        -1.224409 -1.673228 0.275591,
        -0.224409 -1.673228 0.275591,
        -0.775591 -1.673228 0.275591,
        -0.775591 -1.673228 -0.275591,
        0.775591 -1.673228 0.275591,
        0.775591 -1.673228 -0.275591,
        1.224409 -1.673228 -0.275591,
        1.775591 -1.673228 -0.275591,
        0.224409 -1.673228 -0.275591,
        0.224409 -1.673228 0.275591,
        -0.224409 -1.673228 -0.275591,
        -1.224409 -1.082677 -0.275591,
        -1.775591 -1.082677 -0.275591,
        -1.775591 -1.082677 0.275591,
        -1.224409 -1.082677 0.275591,
        -1.775591 1.594488 0.275591,
        -1.775591 1.594488 -0.275591,
        -1.224409 1.594488 -0.275591,
        -1.224409 1.594488 0.275591,
        -0.224409 -1.082677 -0.275591,
        -0.775591 -1.082677 -0.275591,
        -0.775591 -1.082677 0.275591,
        -0.224409 -1.082677 0.275591,
        -0.775591 1.594488 0.275591,
        -0.775591 1.594488 -0.275591,
        -0.224409 1.594488 -0.275591,
        -0.224409 1.594488 0.275591,
        0.775591 -1.082677 -0.275591,
        0.224409 -1.082677 -0.275591,
        0.224409 -1.082677 0.275591,
        0.775591 -1.082677 0.275591,
        0.224409 1.594488 0.275591,
        0.224409 1.594488 -0.275591,
        0.775591 1.594488 -0.275591,
        0.775591 1.594488 0.275591,
        1.775591 -1.082677 -0.275591,
        1.224409 -1.082677 -0.275591,
        1.224409 -1.082677 0.275591,
        1.775591 -1.082677 0.275591,
        1.224409 1.594488 0.275591,
        1.224409 1.594488 -0.275591,
        1.775591 1.594488 -0.275591,
        1.775591 1.594488 0.275591,
      ]
    }
    coordIndex [
      0, 1, 2, -1,
      3, 4, 5, -1,
      6, 7, 8, -1,
      9, 10, 11, -1,
      12, 13, 14, -1,
      15, 16, 17, -1,
      18, 19, 20, -1,
      21, 22, 23, -1,
      24, 25, 26, -1,
      26, 25, 3, -1,
      27, 28, 26, -1,
      26, 28, 29, -1,
      29, 30, 26, -1,
      26, 30, 31, -1,
      26, 31, 24, -1,
      32, 33, 34, -1,
      35, 36, 37, -1,
      37, 36, 34, -1,
      34, 36, 38, -1,
      34, 38, 32, -1,
      39, 40, 41, -1,
      42, 43, 39, -1,
      39, 43, 44, -1,
      39, 44, 45, -1,
      35, 37, 46, -1,
      46, 37, 39, -1,
      46, 39, 47, -1,
      47, 39, 41, -1,
      47, 41, 48, -1,
      48, 41, 49, -1,
      48, 49, 50, -1,
      45, 51, 39, -1,
      39, 51, 52, -1,
      39, 52, 40, -1,
      53, 54, 55, -1,
      55, 54, 56, -1,
      55, 56, 57, -1,
      57, 58, 55, -1,
      55, 58, 59, -1,
      55, 59, 60, -1,
      60, 59, 61, -1,
      61, 62, 60, -1,
      60, 62, 63, -1,
      60, 63, 42, -1,
      42, 63, 64, -1,
      42, 64, 43, -1,
      65, 66, 67, -1,
      67, 66, 68, -1,
      67, 68, 55, -1,
      55, 68, 69, -1,
      55, 69, 53, -1,
      70, 71, 72, -1,
      72, 71, 73, -1,
      72, 73, 74, -1,
      73, 75, 74, -1,
      74, 75, 76, -1,
      74, 76, 67, -1,
      67, 76, 77, -1,
      67, 77, 65, -1,
      0, 78, 1, -1,
      1, 78, 79, -1,
      1, 79, 80, -1,
      80, 81, 1, -1,
      1, 81, 82, -1,
      1, 82, 70, -1,
      83, 84, 85, -1,
      85, 84, 86, -1,
      87, 88, 78, -1,
      78, 88, 89, -1,
      78, 89, 90, -1,
      91, 92, 84, -1,
      84, 92, 93, -1,
      84, 93, 94, -1,
      95, 96, 97, -1,
      97, 96, 98, -1,
      99, 100, 0, -1,
      0, 100, 101, -1,
      0, 101, 102, -1,
      103, 104, 105, -1,
      105, 104, 106, -1,
      105, 106, 107, -1,
      108, 94, 109, -1,
      109, 94, 110, -1,
      109, 110, 105, -1,
      105, 110, 111, -1,
      105, 111, 103, -1,
      112, 113, 4, -1,
      4, 113, 114, -1,
      4, 114, 0, -1,
      0, 114, 115, -1,
      0, 115, 99, -1,
      102, 116, 0, -1,
      0, 116, 117, -1,
      0, 117, 78, -1,
      78, 117, 118, -1,
      78, 118, 87, -1,
      119, 120, 121, -1,
      121, 120, 122, -1,
      121, 122, 97, -1,
      97, 122, 123, -1,
      97, 123, 95, -1,
      108, 124, 94, -1,
      94, 124, 125, -1,
      94, 125, 84, -1,
      84, 125, 126, -1,
      84, 126, 86, -1,
      90, 127, 78, -1,
      78, 127, 128, -1,
      78, 128, 129, -1,
      129, 128, 119, -1,
      129, 119, 130, -1,
      130, 119, 121, -1,
      98, 131, 97, -1,
      97, 131, 132, -1,
      97, 132, 133, -1,
      134, 135, 97, -1,
      97, 135, 136, -1,
      97, 136, 84, -1,
      84, 136, 137, -1,
      84, 137, 91, -1,
      133, 138, 97, -1,
      97, 138, 139, -1,
      97, 139, 140, -1,
      140, 141, 97, -1,
      97, 141, 142, -1,
      97, 142, 134, -1,
      143, 144, 145, -1,
      145, 94, 143, -1,
      143, 94, 93, -1,
      143, 93, 146, -1,
      146, 93, 147, -1,
      147, 148, 146, -1,
      146, 148, 149, -1,
      146, 149, 150, -1,
      151, 152, 153, -1,
      154, 155, 152, -1,
      155, 156, 152, -1,
      152, 156, 157, -1,
      152, 157, 158, -1,
      153, 159, 151, -1,
      151, 159, 160, -1,
      151, 160, 161, -1,
      144, 143, 151, -1,
      151, 143, 162, -1,
      151, 162, 152, -1,
      152, 162, 163, -1,
      152, 163, 154, -1,
      158, 164, 152, -1,
      152, 164, 165, -1,
      152, 165, 166, -1,
      166, 165, 167, -1,
      166, 167, 168, -1,
      168, 167, 169, -1,
      170, 171, 161, -1,
      161, 171, 172, -1,
      161, 172, 151, -1,
      25, 173, 3, -1,
      3, 173, 174, -1,
      3, 174, 4, -1,
      4, 174, 175, -1,
      4, 175, 112, -1,
      176, 177, 178, -1,
      178, 177, 179, -1,
      178, 179, 180, -1,
      180, 179, 181, -1,
      182, 183, 184, -1,
      184, 183, 185, -1,
      185, 183, 186, -1,
      186, 183, 178, -1,
      186, 178, 187, -1,
      187, 178, 180, -1,
      187, 180, 23, -1,
      23, 180, 188, -1,
      23, 188, 21, -1,
      176, 189, 190, -1,
      190, 189, 191, -1,
      190, 191, 192, -1,
      192, 191, 193, -1,
      194, 195, 196, -1,
      196, 195, 197, -1,
      198, 199, 200, -1,
      200, 199, 201, -1,
      200, 201, 202, -1,
      203, 204, 205, -1,
      205, 204, 206, -1,
      207, 208, 209, -1,
      194, 210, 195, -1,
      195, 210, 211, -1,
      195, 211, 212, -1,
      212, 211, 213, -1,
      214, 215, 213, -1,
      213, 215, 216, -1,
      213, 216, 212, -1,
      209, 217, 207, -1,
      207, 217, 218, -1,
      207, 218, 219, -1,
      220, 221, 222, -1,
      223, 224, 200, -1,
      200, 224, 225, -1,
      200, 225, 198, -1,
      226, 227, 228, -1,
      228, 227, 229, -1,
      228, 229, 230, -1,
      222, 221, 231, -1,
      231, 221, 232, -1,
      231, 232, 233, -1,
      203, 234, 204, -1,
      204, 234, 235, -1,
      204, 235, 236, -1,
      237, 238, 213, -1,
      213, 238, 239, -1,
      213, 239, 240, -1,
      219, 241, 207, -1,
      207, 241, 242, -1,
      207, 242, 204, -1,
      204, 242, 197, -1,
      204, 197, 206, -1,
      206, 197, 195, -1,
      226, 243, 227, -1,
      227, 243, 244, -1,
      227, 244, 245, -1,
      245, 244, 202, -1,
      240, 246, 213, -1,
      213, 246, 247, -1,
      213, 247, 214, -1,
      243, 248, 244, -1,
      244, 248, 249, -1,
      244, 249, 233, -1,
      233, 249, 250, -1,
      233, 250, 231, -1,
      18, 20, 251, -1,
      251, 20, 252, -1,
      251, 252, 253, -1,
      254, 255, 17, -1,
      256, 257, 17, -1,
      258, 259, 260, -1,
      260, 259, 261, -1,
      260, 261, 262, -1,
      256, 17, 263, -1,
      262, 264, 260, -1,
      260, 264, 265, -1,
      260, 265, 266, -1,
      266, 265, 267, -1,
      266, 267, 254, -1,
      257, 268, 17, -1,
      17, 268, 269, -1,
      17, 269, 15, -1,
      270, 271, 255, -1,
      255, 271, 272, -1,
      255, 272, 17, -1,
      17, 272, 273, -1,
      17, 273, 263, -1,
      274, 275, 276, -1,
      276, 275, 277, -1,
      276, 277, 278, -1,
      276, 279, 274, -1,
      274, 279, 280, -1,
      274, 280, 281, -1,
      281, 282, 274, -1,
      274, 282, 283, -1,
      274, 283, 284, -1,
      284, 283, 285, -1,
      284, 285, 286, -1,
      286, 285, 287, -1,
      286, 287, 255, -1,
      255, 287, 288, -1,
      255, 288, 270, -1,
      289, 290, 278, -1,
      278, 290, 291, -1,
      278, 291, 276, -1,
      292, 293, 230, -1,
      230, 293, 294, -1,
      230, 294, 228, -1,
      292, 295, 293, -1,
      293, 295, 296, -1,
      293, 296, 297, -1,
      297, 296, 298, -1,
      297, 299, 300, -1,
      298, 301, 297, -1,
      297, 301, 302, -1,
      297, 302, 303, -1,
      303, 304, 297, -1,
      297, 304, 305, -1,
      297, 305, 299, -1,
      300, 306, 297, -1,
      297, 306, 307, -1,
      297, 307, 308, -1,
      309, 310, 311, -1,
      311, 310, 312, -1,
      311, 312, 313, -1,
      314, 315, 316, -1,
      316, 315, 317, -1,
      310, 318, 312, -1,
      312, 318, 319, -1,
      312, 319, 320, -1,
      320, 319, 321, -1,
      320, 321, 322, -1,
      322, 321, 323, -1,
      322, 323, 317, -1,
      317, 323, 324, -1,
      317, 324, 316, -1,
      325, 326, 327, -1,
      328, 329, 330, -1,
      325, 327, 331, -1,
      331, 327, 332, -1,
      331, 332, 330, -1,
      330, 332, 333, -1,
      330, 333, 328, -1,
      334, 335, 320, -1,
      336, 337, 322, -1,
      335, 338, 320, -1,
      320, 338, 339, -1,
      320, 339, 325, -1,
      325, 339, 340, -1,
      325, 340, 326, -1,
      336, 322, 341, -1,
      328, 342, 329, -1,
      329, 342, 343, -1,
      329, 343, 322, -1,
      322, 343, 344, -1,
      322, 344, 341, -1,
      337, 345, 322, -1,
      322, 345, 346, -1,
      322, 346, 320, -1,
      320, 346, 347, -1,
      320, 347, 334, -1,
      330, 348, 349, -1,
      349, 348, 350, -1,
      349, 351, 330, -1,
      330, 351, 352, -1,
      330, 352, 331, -1,
      331, 352, 353, -1,
      331, 353, 354, -1,
      355, 356, 357, -1,
      357, 356, 358, -1,
      358, 356, 359, -1,
      359, 356, 352, -1,
      359, 352, 360, -1,
      360, 352, 351, -1,
      360, 351, 14, -1,
      14, 351, 361, -1,
      14, 361, 12, -1,
      350, 348, 362, -1,
      362, 348, 363, -1,
      362, 363, 364, -1,
      365, 366, 367, -1,
      367, 366, 368, -1,
      367, 368, 315, -1,
      316, 313, 314, -1,
      314, 313, 312, -1,
      314, 312, 369, -1,
      370, 371, 372, -1,
      373, 374, 375, -1,
      375, 374, 376, -1,
      375, 376, 377, -1,
      378, 369, 379, -1,
      379, 369, 179, -1,
      379, 179, 380, -1,
      373, 375, 381, -1,
      381, 375, 380, -1,
      381, 380, 382, -1,
      383, 384, 179, -1,
      377, 385, 375, -1,
      375, 385, 386, -1,
      375, 386, 387, -1,
      388, 389, 380, -1,
      380, 389, 390, -1,
      380, 390, 382, -1,
      179, 384, 380, -1,
      380, 384, 391, -1,
      380, 391, 388, -1,
      379, 392, 378, -1,
      378, 392, 370, -1,
      378, 370, 393, -1,
      393, 370, 372, -1,
      393, 375, 378, -1,
      378, 375, 387, -1,
      378, 387, 177, -1,
      177, 387, 394, -1,
      177, 394, 179, -1,
      179, 394, 395, -1,
      179, 395, 383, -1,
      396, 397, 363, -1,
      353, 398, 354, -1,
      354, 398, 364, -1,
      354, 364, 11, -1,
      11, 364, 363, -1,
      11, 363, 399, -1,
      399, 363, 397, -1,
      9, 11, 400, -1,
      401, 402, 399, -1,
      399, 402, 403, -1,
      399, 403, 11, -1,
      11, 403, 404, -1,
      11, 404, 400, -1,
      405, 406, 407, -1,
      408, 409, 399, -1,
      399, 409, 410, -1,
      399, 410, 411, -1,
      411, 412, 399, -1,
      399, 412, 413, -1,
      399, 413, 401, -1,
      414, 415, 416, -1,
      416, 415, 417, -1,
      407, 418, 405, -1,
      405, 418, 419, -1,
      405, 419, 420, -1,
      420, 419, 415, -1,
      420, 415, 421, -1,
      421, 415, 414, -1,
      406, 405, 399, -1,
      399, 405, 422, -1,
      399, 422, 408, -1,
      7, 423, 424, -1,
      424, 423, 425, -1,
      425, 423, 426, -1,
      425, 426, 427, -1,
      8, 428, 429, -1,
      429, 430, 8, -1,
      8, 430, 431, -1,
      8, 431, 6, -1,
      432, 433, 434, -1,
      435, 436, 437, -1,
      437, 436, 438, -1,
      437, 438, 8, -1,
      8, 438, 439, -1,
      8, 439, 428, -1,
      440, 441, 442, -1,
      442, 441, 443, -1,
      442, 443, 444, -1,
      445, 446, 204, -1,
      204, 446, 447, -1,
      204, 447, 442, -1,
      442, 447, 448, -1,
      442, 448, 440, -1,
      220, 222, 236, -1,
      236, 222, 258, -1,
      236, 258, 204, -1,
      204, 258, 260, -1,
      204, 260, 445, -1,
      449, 450, 451, -1,
      451, 450, 252, -1,
      451, 252, 201, -1,
      201, 252, 20, -1,
      201, 20, 202, -1,
      202, 20, 19, -1,
      202, 19, 245, -1,
      449, 452, 450, -1,
      450, 452, 453, -1,
      450, 453, 207, -1,
      207, 453, 454, -1,
      207, 454, 208, -1,
      455, 456, 457, -1,
      181, 179, 458, -1,
      458, 179, 459, -1,
      458, 459, 193, -1,
      193, 459, 457, -1,
      193, 457, 192, -1,
      192, 457, 456, -1,
      192, 456, 460, -1,
      461, 462, 463, -1,
      457, 464, 455, -1,
      455, 464, 465, -1,
      455, 465, 466, -1,
      466, 465, 461, -1,
      466, 461, 467, -1,
      467, 461, 463, -1,
      468, 469, 17, -1,
      17, 469, 470, -1,
      254, 17, 266, -1,
      266, 17, 470, -1,
      266, 470, 464, -1,
      464, 470, 471, -1,
      464, 471, 465, -1,
      472, 469, 473, -1,
      473, 469, 468, -1,
      473, 468, 474, -1,
      475, 476, 477, -1,
      478, 479, 17, -1,
      253, 252, 16, -1,
      16, 252, 475, -1,
      16, 475, 17, -1,
      17, 475, 477, -1,
      17, 477, 478, -1,
      479, 480, 17, -1,
      17, 480, 481, -1,
      17, 481, 482, -1,
      482, 483, 17, -1,
      17, 483, 484, -1,
      17, 484, 468, -1,
      468, 484, 485, -1,
      468, 485, 474, -1,
      486, 487, 488, -1,
      488, 487, 489, -1,
      488, 489, 475, -1,
      475, 489, 490, -1,
      475, 490, 476, -1,
      491, 492, 493, -1,
      492, 494, 493, -1,
      493, 494, 495, -1,
      493, 495, 488, -1,
      488, 495, 496, -1,
      488, 496, 486, -1,
      497, 74, 498, -1,
      498, 74, 67, -1,
      498, 67, 499, -1,
      499, 67, 55, -1,
      499, 55, 500, -1,
      500, 55, 60, -1,
      500, 60, 501, -1,
      501, 60, 42, -1,
      501, 42, 502, -1,
      502, 42, 39, -1,
      502, 39, 503, -1,
      503, 39, 37, -1,
      504, 505, 434, -1,
      434, 505, 506, -1,
      507, 437, 26, -1,
      433, 435, 434, -1,
      434, 435, 437, -1,
      434, 437, 504, -1,
      504, 437, 507, -1,
      504, 507, 508, -1,
      5, 434, 3, -1,
      3, 434, 506, -1,
      3, 506, 26, -1,
      26, 506, 509, -1,
      26, 509, 507, -1,
      510, 511, 512, -1,
      511, 510, 513, -1,
      513, 510, 5, -1,
      513, 5, 514, -1,
      515, 516, 517, -1,
      517, 516, 513, -1,
      517, 513, 518, -1,
      518, 513, 514, -1,
      518, 514, 519, -1,
      519, 514, 520, -1,
      2, 510, 0, -1,
      0, 510, 512, -1,
      0, 512, 4, -1,
      4, 512, 521, -1,
      4, 521, 5, -1,
      5, 521, 522, -1,
      5, 522, 514, -1,
      7, 424, 8, -1,
      8, 424, 523, -1,
      8, 523, 437, -1,
      437, 523, 34, -1,
      437, 34, 26, -1,
      26, 34, 33, -1,
      26, 33, 27, -1,
      2, 450, 510, -1,
      510, 450, 207, -1,
      510, 207, 5, -1,
      5, 207, 204, -1,
      5, 204, 434, -1,
      434, 204, 442, -1,
      434, 442, 432, -1,
      432, 442, 444, -1,
      524, 190, 525, -1,
      525, 190, 192, -1,
      525, 192, 493, -1,
      493, 192, 460, -1,
      493, 460, 491, -1,
      315, 368, 317, -1,
      317, 368, 526, -1,
      317, 526, 322, -1,
      322, 526, 527, -1,
      322, 527, 329, -1,
      329, 527, 528, -1,
      329, 528, 330, -1,
      330, 528, 529, -1,
      330, 529, 348, -1,
      348, 529, 425, -1,
      348, 425, 363, -1,
      363, 425, 427, -1,
      363, 427, 396, -1,
      369, 312, 179, -1,
      179, 312, 320, -1,
      179, 320, 459, -1,
      459, 320, 325, -1,
      459, 325, 457, -1,
      457, 325, 331, -1,
      457, 331, 464, -1,
      464, 331, 354, -1,
      464, 354, 266, -1,
      266, 354, 11, -1,
      266, 11, 260, -1,
      260, 11, 10, -1,
      260, 10, 445, -1,
      176, 190, 177, -1,
      177, 190, 524, -1,
      177, 524, 378, -1,
      378, 524, 530, -1,
      378, 530, 531, -1,
      70, 72, 1, -1,
      1, 72, 532, -1,
      1, 532, 2, -1,
      2, 532, 533, -1,
      2, 533, 450, -1,
      450, 533, 534, -1,
      450, 534, 252, -1,
      252, 534, 535, -1,
      252, 535, 475, -1,
      475, 535, 536, -1,
      475, 536, 488, -1,
      488, 536, 537, -1,
      488, 537, 493, -1,
      493, 537, 538, -1,
      493, 538, 525, -1,
      525, 538, 539, -1,
      525, 539, 524, -1,
      524, 539, 540, -1,
      524, 540, 530, -1,
      541, 540, 542, -1,
      542, 540, 543, -1,
      544, 545, 546, -1,
      546, 545, 547, -1,
      548, 544, 549, -1,
      549, 544, 546, -1,
      550, 548, 551, -1,
      551, 548, 549, -1,
      545, 550, 547, -1,
      547, 550, 551, -1,
      552, 553, 554, -1,
      554, 553, 555, -1,
      556, 552, 557, -1,
      557, 552, 554, -1,
      558, 556, 559, -1,
      559, 556, 557, -1,
      553, 558, 555, -1,
      555, 558, 559, -1,
      560, 561, 562, -1,
      562, 561, 563, -1,
      564, 560, 565, -1,
      565, 560, 562, -1,
      566, 564, 567, -1,
      567, 564, 565, -1,
      561, 566, 563, -1,
      563, 566, 567, -1,
      568, 569, 570, -1,
      570, 569, 571, -1,
      572, 568, 573, -1,
      573, 568, 570, -1,
      574, 572, 575, -1,
      575, 572, 573, -1,
      569, 574, 571, -1,
      571, 574, 575, -1,
      576, 577, 365, -1,
      365, 577, 366, -1,
      577, 576, 578, -1,
      542, 543, 579, -1,
      579, 543, 580, -1,
      579, 580, 578, -1,
      578, 580, 581, -1,
      578, 581, 577, -1,
      582, 583, 580, -1,
      581, 584, 503, -1,
      503, 584, 585, -1,
      503, 585, 497, -1,
      580, 583, 581, -1,
      581, 583, 586, -1,
      581, 586, 587, -1,
      588, 581, 589, -1,
      589, 581, 587, -1,
      589, 587, 590, -1,
      591, 592, 593, -1,
      585, 594, 497, -1,
      497, 594, 593, -1,
      497, 593, 580, -1,
      580, 593, 592, -1,
      580, 592, 595, -1,
      593, 584, 591, -1,
      591, 584, 581, -1,
      591, 581, 596, -1,
      596, 581, 588, -1,
      596, 588, 595, -1,
      595, 588, 597, -1,
      595, 597, 580, -1,
      580, 597, 590, -1,
      580, 590, 582, -1,
      582, 590, 587, -1,
      577, 581, 366, -1,
      366, 581, 503, -1,
      580, 543, 497, -1,
      497, 543, 540, -1,
      587, 569, 582, -1,
      582, 569, 568, -1,
      586, 574, 587, -1,
      587, 574, 569, -1,
      572, 583, 568, -1,
      568, 583, 582, -1,
      583, 572, 586, -1,
      586, 572, 574, -1,
      570, 598, 573, -1,
      573, 598, 599, -1,
      573, 599, 575, -1,
      575, 599, 600, -1,
      575, 600, 571, -1,
      571, 600, 601, -1,
      571, 601, 570, -1,
      570, 601, 598, -1,
      602, 600, 603, -1,
      603, 600, 599, -1,
      603, 599, 604, -1,
      604, 599, 598, -1,
      604, 598, 605, -1,
      605, 598, 601, -1,
      605, 601, 602, -1,
      602, 601, 600, -1,
      588, 561, 597, -1,
      597, 561, 560, -1,
      589, 566, 588, -1,
      588, 566, 561, -1,
      564, 590, 560, -1,
      560, 590, 597, -1,
      590, 564, 589, -1,
      589, 564, 566, -1,
      591, 553, 592, -1,
      592, 553, 552, -1,
      596, 558, 591, -1,
      591, 558, 553, -1,
      556, 595, 552, -1,
      552, 595, 592, -1,
      595, 556, 596, -1,
      596, 556, 558, -1,
      585, 545, 594, -1,
      594, 545, 544, -1,
      584, 550, 585, -1,
      585, 550, 545, -1,
      548, 593, 544, -1,
      544, 593, 594, -1,
      593, 548, 584, -1,
      584, 548, 550, -1,
      562, 606, 565, -1,
      565, 606, 607, -1,
      565, 607, 567, -1,
      567, 607, 608, -1,
      567, 608, 563, -1,
      563, 608, 609, -1,
      563, 609, 562, -1,
      562, 609, 606, -1,
      610, 608, 611, -1,
      611, 608, 607, -1,
      611, 607, 612, -1,
      612, 607, 606, -1,
      612, 606, 613, -1,
      613, 606, 609, -1,
      613, 609, 610, -1,
      610, 609, 608, -1,
      554, 614, 557, -1,
      557, 614, 615, -1,
      557, 615, 559, -1,
      559, 615, 616, -1,
      559, 616, 555, -1,
      555, 616, 617, -1,
      555, 617, 554, -1,
      554, 617, 614, -1,
      618, 616, 619, -1,
      619, 616, 615, -1,
      619, 615, 620, -1,
      620, 615, 614, -1,
      620, 614, 621, -1,
      621, 614, 617, -1,
      621, 617, 618, -1,
      618, 617, 616, -1,
      546, 622, 549, -1,
      549, 622, 623, -1,
      549, 623, 551, -1,
      551, 623, 624, -1,
      551, 624, 547, -1,
      547, 624, 625, -1,
      547, 625, 546, -1,
      546, 625, 622, -1,
      626, 624, 627, -1,
      627, 624, 623, -1,
      627, 623, 628, -1,
      628, 623, 622, -1,
      628, 622, 629, -1,
      629, 622, 625, -1,
      629, 625, 626, -1,
      626, 625, 624, -1,
      378, 541, 579, -1,
      579, 541, 542, -1,
      578, 576, 367, -1,
      367, 576, 365, -1,
      604, 378, 579, -1,
      605, 602, 578, -1,
      367, 613, 610, -1,
      578, 602, 579, -1,
      579, 602, 603, -1,
      579, 603, 604, -1,
      619, 620, 378, -1,
      618, 619, 612, -1,
      612, 619, 378, -1,
      612, 378, 611, -1,
      611, 378, 604, -1,
      611, 604, 610, -1,
      610, 604, 605, -1,
      610, 605, 367, -1,
      367, 605, 578, -1,
      612, 613, 618, -1,
      618, 613, 367, -1,
      618, 367, 621, -1,
      621, 367, 626, -1,
      621, 626, 620, -1,
      620, 626, 627, -1,
      620, 627, 378, -1,
      378, 627, 628, -1,
      378, 628, 367, -1,
      367, 628, 629, -1,
      367, 629, 626, -1,
    ]
  }
}

Shape {
  appearance Appearance {
    material Material {
      diffuseColor 1.0000 1.0000 1.0000
      specularColor 0.5020 0.5020 0.5020
      ambientIntensity 0.2
      transparency 0.0000
      shininess 0.5
    }
  }
  geometry IndexedFaceSet {
    ccw TRUE
    solid FALSE
    coord DEF co Coordinate {
      point [
        2.098425 -0.764941 -0.008192,
        2.098425 -0.754632 -0.006926,
        2.098425 -0.730448 -0.141807,
        2.098425 -0.739013 -0.142626,
        2.098425 -0.669907 -0.023402,
        2.098425 -0.669907 -0.066111,
        2.098425 -0.633867 -0.066111,
        2.098425 -0.530533 -0.138676,
        2.098425 -0.553446 -0.141501,
        2.098425 -0.552081 -0.008052,
        2.098425 -0.590151 -0.141501,
        2.098425 -0.590151 -0.008052,
        2.098425 -0.485122 -0.097153,
        2.098425 -0.491684 -0.110961,
        2.098425 -0.497043 -0.030194,
        2.098425 -0.488750 -0.041793,
        2.098425 -0.501628 -0.122807,
        2.098425 -0.515367 -0.132693,
        2.098425 -0.529021 -0.138079,
        2.098425 -0.501628 -0.025722,
        2.098425 -0.531717 -0.010299,
        2.098425 -0.529021 -0.011283,
        2.098425 -0.515609 -0.016180,
        2.098425 -0.483778 -0.054484,
        2.098425 -0.481502 -0.073070,
        2.098425 -0.481898 -0.081521,
        2.098425 -0.618396 -0.008052,
        2.098425 -0.633867 -0.008052,
        2.098425 -0.618396 -0.023402,
        2.098425 -0.615360 -0.126286,
        2.098425 -0.615360 -0.141501,
        2.098425 -0.669907 -0.126286,
        2.098425 -0.633867 -0.126286,
        2.098425 -0.669907 -0.081394,
        2.098425 -0.633867 -0.081394,
        2.098425 -0.622183 -0.081394,
        2.098425 -0.622183 -0.066111,
        2.098425 -0.633867 -0.023402,
        2.098425 -0.687134 -0.008052,
        2.098425 -0.687134 -0.141501,
        2.098425 -0.727730 -0.007219,
        2.098425 -0.713844 -0.011258,
        2.098425 -0.633867 -0.141501,
        2.098425 -0.713844 -0.029270,
        2.098425 -0.716121 -0.137109,
        2.098425 -0.741998 -0.128164,
        2.098425 -0.726915 -0.125342,
        2.098425 -0.713844 -0.119464,
        2.098425 -0.713844 -0.135974,
        2.098425 -0.795536 -0.081206,
        2.098425 -0.715330 -0.028467,
        2.098425 -0.728867 -0.023317,
        2.098425 -0.789083 -0.105319,
        2.098425 -0.782581 -0.114347,
        2.098425 -0.779999 -0.116904,
        2.098425 -0.771291 -0.123078,
        2.098425 -0.761793 -0.126765,
        2.098425 -0.748298 -0.128401,
        2.098425 -0.788900 -0.046211,
        2.098425 -0.762062 -0.023794,
        2.098425 -0.781660 -0.036160,
        2.098425 -0.772557 -0.028649,
        2.098425 -0.745296 -0.021356,
        2.098425 -0.750449 -0.021561,
        2.098425 -0.795681 -0.076277,
        2.098425 -0.793411 -0.057674,
        2.098425 -0.793398 -0.094559,
        2.098425 -0.745467 -0.005800,
        2.098425 -0.745149 -0.005800,
        2.098425 -0.731330 -0.006926,
        2.098425 -0.804167 -0.038098,
        2.098425 -0.794487 -0.025449,
        2.098425 -0.791330 -0.022428,
        2.098425 -0.778858 -0.013639,
        2.098425 -0.807791 -0.107750,
        2.098425 -0.811580 -0.097222,
        2.098425 -0.813760 -0.077300,
        2.098425 -0.813527 -0.070349,
        2.098425 -0.810503 -0.052924,
        2.098425 -0.807791 -0.046577,
        2.098425 -0.785887 -0.134464,
        2.098425 -0.796636 -0.125536,
        2.098425 -0.798738 -0.123180,
        2.098425 -0.806426 -0.111541,
        2.098425 -0.750788 -0.143752,
        2.098425 -0.758825 -0.143374,
        2.098425 -0.762458 -0.142626,
        2.098425 -0.773291 -0.140399,
        2.098425 -0.819219 -0.126286,
        2.098425 -0.819219 -0.141501,
        2.098425 -0.889593 -0.141501,
        2.098425 -0.872366 -0.008052,
        2.098425 -0.872366 -0.126286,
        2.098425 -0.889593 -0.008052,
        2.102362 -0.819219 -0.126286,
        2.102362 -0.819219 -0.141501,
        2.102362 -0.872366 -0.126286,
        2.102362 -0.872366 -0.008052,
        2.102362 -0.889593 -0.008052,
        2.102362 -0.889593 -0.141501,
        2.102362 -0.750788 -0.143752,
        2.102362 -0.730448 -0.141807,
        2.102362 -0.716121 -0.137109,
        2.102362 -0.713844 -0.135974,
        2.102362 -0.713844 -0.119464,
        2.102362 -0.726915 -0.125342,
        2.102362 -0.741998 -0.128164,
        2.102362 -0.748298 -0.128401,
        2.102362 -0.761793 -0.126765,
        2.102362 -0.771291 -0.123078,
        2.102362 -0.779999 -0.116904,
        2.102362 -0.782581 -0.114347,
        2.102362 -0.789083 -0.105319,
        2.102362 -0.793398 -0.094559,
        2.102362 -0.795536 -0.081206,
        2.102362 -0.795681 -0.076277,
        2.102362 -0.793411 -0.057674,
        2.102362 -0.788900 -0.046211,
        2.102362 -0.781660 -0.036160,
        2.102362 -0.772557 -0.028649,
        2.102362 -0.762062 -0.023794,
        2.102362 -0.750449 -0.021561,
        2.102362 -0.745296 -0.021356,
        2.102362 -0.728867 -0.023317,
        2.102362 -0.715330 -0.028467,
        2.102362 -0.713844 -0.029270,
        2.102362 -0.713844 -0.011258,
        2.102362 -0.745467 -0.005800,
        2.102362 -0.745149 -0.005800,
        2.102362 -0.727730 -0.007219,
        2.102362 -0.764941 -0.008192,
        2.102362 -0.778858 -0.013639,
        2.102362 -0.791330 -0.022428,
        2.102362 -0.794487 -0.025449,
        2.102362 -0.810503 -0.052924,
        2.102362 -0.804167 -0.038098,
        2.102362 -0.813527 -0.070349,
        2.102362 -0.813760 -0.077300,
        2.102362 -0.806426 -0.111541,
        2.102362 -0.811580 -0.097222,
        2.102362 -0.798738 -0.123180,
        2.102362 -0.796636 -0.125536,
        2.102362 -0.785887 -0.134464,
        2.102362 -0.758825 -0.143374,
        2.102362 -0.773291 -0.140399,
        2.102362 -0.615360 -0.126286,
        2.102362 -0.615360 -0.141501,
        2.102362 -0.669907 -0.126286,
        2.102362 -0.669907 -0.081394,
        2.102362 -0.622183 -0.081394,
        2.102362 -0.622183 -0.066111,
        2.102362 -0.669907 -0.066111,
        2.102362 -0.669907 -0.023402,
        2.102362 -0.618396 -0.023402,
        2.102362 -0.618396 -0.008052,
        2.102362 -0.687134 -0.008052,
        2.102362 -0.687134 -0.141501,
        2.102362 -0.507233 -0.104127,
        2.102362 -0.513875 -0.112369,
        2.102362 -0.501628 -0.122807,
        2.102362 -0.516335 -0.114600,
        2.102362 -0.515367 -0.132693,
        2.102362 -0.525174 -0.120388,
        2.102362 -0.530533 -0.138676,
        2.102362 -0.536587 -0.124459,
        2.102362 -0.553446 -0.141501,
        2.102362 -0.553548 -0.126286,
        2.102362 -0.590151 -0.141501,
        2.102362 -0.572924 -0.126286,
        2.102362 -0.590151 -0.008052,
        2.102362 -0.572924 -0.023402,
        2.102362 -0.552081 -0.008052,
        2.102362 -0.552763 -0.023402,
        2.102362 -0.531717 -0.010299,
        2.102362 -0.535579 -0.025299,
        2.102362 -0.515609 -0.016180,
        2.102362 -0.524004 -0.029475,
        2.102362 -0.501628 -0.025722,
        2.102362 -0.514250 -0.035956,
        2.102362 -0.497043 -0.030194,
        2.102362 -0.509866 -0.040393,
        2.102362 -0.488750 -0.041793,
        2.102362 -0.504857 -0.048074,
        2.102362 -0.483778 -0.054484,
        2.102362 -0.501263 -0.058178,
        2.102362 -0.481502 -0.073070,
        2.102362 -0.499616 -0.073548,
        2.102362 -0.481898 -0.081521,
        2.102362 -0.500056 -0.081985,
        2.102362 -0.485122 -0.097153,
        2.102362 -0.502642 -0.094215,
        2.102362 -0.491684 -0.110961,
        2.098425 -0.552763 -0.023402,
        2.098425 -0.572924 -0.023402,
        2.098425 -0.572924 -0.126286,
        2.098425 -0.553548 -0.126286,
        2.098425 -0.513875 -0.112369,
        2.098425 -0.516335 -0.114600,
        2.098425 -0.525174 -0.120388,
        2.098425 -0.536587 -0.124459,
        2.098425 -0.499616 -0.073548,
        2.098425 -0.500056 -0.081985,
        2.098425 -0.502642 -0.094215,
        2.098425 -0.507233 -0.104127,
        2.098425 -0.514250 -0.035956,
        2.098425 -0.509866 -0.040393,
        2.098425 -0.504857 -0.048074,
        2.098425 -0.501263 -0.058178,
        2.098425 -0.535579 -0.025299,
        2.098425 -0.524004 -0.029475,
      ]
    }
    coordIndex [
      94, 95, 88, -1,
      88, 95, 89, -1,
      96, 94, 92, -1,
      92, 94, 88, -1,
      97, 96, 91, -1,
      91, 96, 92, -1,
      98, 97, 93, -1,
      93, 97, 91, -1,
      99, 98, 90, -1,
      90, 98, 93, -1,
      95, 99, 89, -1,
      89, 99, 90, -1,
      97, 98, 96, -1,
      96, 98, 99, -1,
      96, 99, 94, -1,
      94, 99, 95, -1,
      100, 84, 101, -1,
      101, 84, 3, -1,
      3, 2, 101, -1,
      101, 2, 44, -1,
      101, 44, 102, -1,
      102, 44, 48, -1,
      102, 48, 103, -1,
      104, 103, 47, -1,
      47, 103, 48, -1,
      104, 47, 46, -1,
      104, 46, 105, -1,
      105, 46, 45, -1,
      105, 45, 106, -1,
      106, 45, 57, -1,
      106, 57, 107, -1,
      107, 57, 56, -1,
      107, 56, 108, -1,
      108, 56, 55, -1,
      108, 55, 109, -1,
      109, 55, 54, -1,
      109, 54, 110, -1,
      110, 54, 53, -1,
      110, 53, 111, -1,
      111, 53, 52, -1,
      111, 52, 112, -1,
      112, 52, 66, -1,
      112, 66, 113, -1,
      113, 66, 49, -1,
      113, 49, 114, -1,
      114, 49, 64, -1,
      114, 64, 115, -1,
      115, 64, 65, -1,
      115, 65, 116, -1,
      116, 65, 58, -1,
      116, 58, 117, -1,
      117, 58, 60, -1,
      117, 60, 118, -1,
      118, 60, 61, -1,
      118, 61, 119, -1,
      119, 61, 59, -1,
      119, 59, 120, -1,
      120, 59, 63, -1,
      120, 63, 121, -1,
      121, 63, 62, -1,
      121, 62, 122, -1,
      122, 62, 51, -1,
      122, 51, 123, -1,
      123, 51, 50, -1,
      123, 50, 124, -1,
      124, 50, 43, -1,
      124, 43, 125, -1,
      126, 125, 41, -1,
      41, 125, 43, -1,
      67, 127, 128, -1,
      126, 41, 40, -1,
      126, 40, 129, -1,
      129, 40, 69, -1,
      129, 69, 128, -1,
      128, 69, 68, -1,
      128, 68, 67, -1,
      127, 67, 1, -1,
      127, 1, 130, -1,
      1, 0, 130, -1,
      130, 0, 73, -1,
      130, 73, 131, -1,
      131, 73, 72, -1,
      131, 72, 132, -1,
      132, 72, 71, -1,
      132, 71, 133, -1,
      133, 71, 70, -1,
      79, 134, 70, -1,
      70, 134, 135, -1,
      70, 135, 133, -1,
      79, 78, 134, -1,
      134, 78, 77, -1,
      134, 77, 136, -1,
      136, 77, 76, -1,
      136, 76, 137, -1,
      137, 76, 75, -1,
      74, 138, 75, -1,
      75, 138, 139, -1,
      75, 139, 137, -1,
      74, 83, 138, -1,
      138, 83, 82, -1,
      138, 82, 140, -1,
      140, 82, 81, -1,
      140, 81, 141, -1,
      87, 142, 80, -1,
      80, 142, 141, -1,
      80, 141, 81, -1,
      86, 143, 87, -1,
      87, 143, 144, -1,
      87, 144, 142, -1,
      86, 85, 143, -1,
      143, 85, 84, -1,
      143, 84, 100, -1,
      124, 125, 126, -1,
      119, 132, 118, -1,
      118, 132, 133, -1,
      118, 133, 117, -1,
      117, 133, 135, -1,
      117, 135, 116, -1,
      124, 126, 123, -1,
      123, 126, 129, -1,
      123, 129, 122, -1,
      122, 129, 128, -1,
      122, 128, 121, -1,
      121, 128, 127, -1,
      121, 127, 120, -1,
      120, 127, 130, -1,
      120, 130, 119, -1,
      119, 130, 131, -1,
      119, 131, 132, -1,
      103, 104, 102, -1,
      102, 104, 105, -1,
      102, 105, 101, -1,
      101, 105, 106, -1,
      101, 106, 100, -1,
      100, 106, 107, -1,
      100, 107, 143, -1,
      143, 107, 108, -1,
      143, 108, 144, -1,
      144, 108, 109, -1,
      144, 109, 142, -1,
      142, 109, 110, -1,
      142, 110, 141, -1,
      141, 110, 111, -1,
      141, 111, 140, -1,
      140, 111, 112, -1,
      140, 112, 138, -1,
      137, 115, 136, -1,
      136, 115, 116, -1,
      136, 116, 134, -1,
      134, 116, 135, -1,
      138, 112, 139, -1,
      139, 112, 113, -1,
      139, 113, 137, -1,
      137, 113, 114, -1,
      137, 114, 115, -1,
      145, 146, 29, -1,
      29, 146, 30, -1,
      31, 147, 32, -1,
      32, 147, 145, -1,
      32, 145, 29, -1,
      148, 147, 33, -1,
      33, 147, 31, -1,
      148, 33, 149, -1,
      149, 33, 34, -1,
      149, 34, 35, -1,
      150, 149, 36, -1,
      36, 149, 35, -1,
      5, 151, 6, -1,
      6, 151, 150, -1,
      6, 150, 36, -1,
      152, 151, 4, -1,
      4, 151, 5, -1,
      28, 153, 37, -1,
      37, 153, 152, -1,
      37, 152, 4, -1,
      154, 153, 26, -1,
      26, 153, 28, -1,
      38, 155, 27, -1,
      27, 155, 154, -1,
      27, 154, 26, -1,
      156, 155, 39, -1,
      39, 155, 38, -1,
      30, 146, 42, -1,
      42, 146, 156, -1,
      42, 156, 39, -1,
      156, 146, 145, -1,
      145, 147, 156, -1,
      156, 147, 148, -1,
      156, 148, 155, -1,
      153, 154, 152, -1,
      152, 154, 155, -1,
      152, 155, 151, -1,
      151, 155, 148, -1,
      151, 148, 150, -1,
      150, 148, 149, -1,
      157, 158, 159, -1,
      159, 158, 160, -1,
      159, 160, 161, -1,
      161, 160, 162, -1,
      161, 162, 163, -1,
      163, 162, 164, -1,
      163, 164, 165, -1,
      165, 164, 166, -1,
      165, 166, 167, -1,
      167, 166, 168, -1,
      167, 168, 169, -1,
      169, 168, 170, -1,
      169, 170, 171, -1,
      171, 170, 172, -1,
      171, 172, 173, -1,
      173, 172, 174, -1,
      173, 174, 175, -1,
      175, 174, 176, -1,
      175, 176, 177, -1,
      177, 176, 178, -1,
      177, 178, 179, -1,
      179, 178, 180, -1,
      179, 180, 181, -1,
      181, 180, 182, -1,
      181, 182, 183, -1,
      183, 182, 184, -1,
      183, 184, 185, -1,
      185, 184, 186, -1,
      185, 186, 187, -1,
      187, 186, 188, -1,
      187, 188, 189, -1,
      189, 188, 190, -1,
      189, 190, 191, -1,
      191, 190, 157, -1,
      191, 157, 159, -1,
      165, 167, 8, -1,
      8, 167, 10, -1,
      16, 159, 161, -1,
      165, 8, 7, -1,
      165, 7, 163, -1,
      163, 7, 18, -1,
      163, 18, 161, -1,
      161, 18, 17, -1,
      161, 17, 16, -1,
      159, 16, 13, -1,
      159, 13, 191, -1,
      191, 13, 12, -1,
      191, 12, 189, -1,
      189, 12, 25, -1,
      189, 25, 187, -1,
      187, 25, 24, -1,
      187, 24, 185, -1,
      185, 24, 23, -1,
      185, 23, 183, -1,
      183, 23, 15, -1,
      183, 15, 181, -1,
      181, 15, 14, -1,
      181, 14, 179, -1,
      179, 14, 19, -1,
      179, 19, 177, -1,
      177, 19, 22, -1,
      21, 173, 22, -1,
      22, 173, 175, -1,
      22, 175, 177, -1,
      21, 20, 173, -1,
      173, 20, 9, -1,
      173, 9, 171, -1,
      169, 171, 11, -1,
      11, 171, 9, -1,
      167, 169, 10, -1,
      10, 169, 11, -1,
      172, 170, 192, -1,
      192, 170, 193, -1,
      170, 168, 193, -1,
      193, 168, 194, -1,
      168, 166, 194, -1,
      194, 166, 195, -1,
      158, 196, 197, -1,
      158, 197, 160, -1,
      160, 197, 198, -1,
      160, 198, 162, -1,
      162, 198, 199, -1,
      162, 199, 164, -1,
      164, 199, 195, -1,
      164, 195, 166, -1,
      186, 200, 201, -1,
      186, 201, 188, -1,
      188, 201, 202, -1,
      188, 202, 190, -1,
      190, 202, 203, -1,
      190, 203, 157, -1,
      157, 203, 196, -1,
      157, 196, 158, -1,
      178, 204, 205, -1,
      178, 205, 180, -1,
      180, 205, 206, -1,
      180, 206, 182, -1,
      182, 206, 207, -1,
      182, 207, 184, -1,
      184, 207, 200, -1,
      184, 200, 186, -1,
      172, 192, 208, -1,
      172, 208, 174, -1,
      174, 208, 209, -1,
      174, 209, 176, -1,
      176, 209, 204, -1,
      176, 204, 178, -1,
    ]
  }
}

Shape {
  appearance Appearance {
    material Material {
      diffuseColor 0.2510 0.2510 0.2510
      specularColor 0.1255 0.1255 0.1255
      ambientIntensity 0.2
      transparency 0.0000
      shininess 0.5
    }
  }
  geometry IndexedFaceSet {
    ccw TRUE
    solid FALSE
    coord DEF co Coordinate {
      point [
        2.098425 -0.552763 -0.023402,
        2.098425 -0.572924 -0.023402,
        2.098425 -0.572924 -0.126286,
        2.098425 -0.553548 -0.126286,
        2.098425 -0.513875 -0.112369,
        2.098425 -0.516335 -0.114600,
        2.098425 -0.525174 -0.120388,
        2.098425 -0.536587 -0.124459,
        2.098425 -0.499616 -0.073548,
        2.098425 -0.500056 -0.081985,
        2.098425 -0.502642 -0.094215,
        2.098425 -0.507233 -0.104127,
        2.098425 -0.514250 -0.035956,
        2.098425 -0.509866 -0.040393,
        2.098425 -0.504857 -0.048074,
        2.098425 -0.501263 -0.058178,
        2.098425 -0.535579 -0.025299,
        2.098425 -0.524004 -0.029475,
      ]
    }
    coordIndex [
      1, 2, 0, -1,
      0, 2, 3, -1,
      0, 3, 7, -1,
      7, 6, 0, -1,
      0, 6, 5, -1,
      0, 5, 4, -1,
      4, 11, 0, -1,
      0, 11, 10, -1,
      0, 10, 9, -1,
      9, 8, 0, -1,
      0, 8, 15, -1,
      0, 15, 14, -1,
      14, 13, 0, -1,
      0, 13, 12, -1,
      0, 12, 16, -1,
      16, 12, 17, -1,
    ]
  }
}

Shape {
  appearance Appearance {
    material Material {
      diffuseColor 1.0000 1.0000 1.0000
      specularColor 0.5020 0.5020 0.5020
      ambientIntensity 0.2
      transparency 0.0000
      shininess 0.5
    }
  }
  geometry IndexedFaceSet {
    ccw TRUE
    solid FALSE
    coord DEF co Coordinate {
      point [
        2.098425 -0.386668 -0.105000,
        2.098425 -0.435637 -0.105000,
        2.098425 -0.373057 -0.141501,
        2.098425 -0.354022 -0.141501,
        2.098425 -0.404850 -0.008052,
        2.098425 -0.442238 -0.105000,
        2.098425 -0.455065 -0.141501,
        2.098425 -0.474099 -0.141501,
        2.098425 -0.435637 -0.040518,
        2.098425 -0.423271 -0.008052,
        2.102362 -0.436780 -0.089922,
        2.102362 -0.442238 -0.105000,
        2.102362 -0.391990 -0.089922,
        2.102362 -0.386668 -0.105000,
        2.102362 -0.416824 -0.034455,
        2.102362 -0.423271 -0.008052,
        2.102362 -0.474099 -0.141501,
        2.102362 -0.455065 -0.141501,
        2.102362 -0.415669 -0.030472,
        2.102362 -0.414641 -0.025108,
        2.102362 -0.404850 -0.008052,
        2.102362 -0.414231 -0.025108,
        2.102362 -0.413152 -0.030754,
        2.102362 -0.412150 -0.034455,
        2.102362 -0.354022 -0.141501,
        2.102362 -0.373057 -0.141501,
        2.098425 -0.436780 -0.089922,
        2.098425 -0.391990 -0.089922,
        2.098425 -0.412150 -0.034455,
        2.098425 -0.414231 -0.025108,
        2.098425 -0.413152 -0.030754,
        2.098425 -0.414641 -0.025108,
        2.098425 -0.416824 -0.034455,
        2.098425 -0.415669 -0.030472,
      ]
    }
    coordIndex [
      10, 11, 12, -1,
      12, 11, 13, -1,
      14, 15, 10, -1,
      10, 15, 16, -1,
      10, 16, 11, -1,
      11, 16, 17, -1,
      14, 18, 15, -1,
      15, 18, 19, -1,
      15, 19, 20, -1,
      20, 19, 21, -1,
      20, 21, 22, -1,
      22, 23, 20, -1,
      20, 23, 12, -1,
      20, 12, 24, -1,
      24, 12, 13, -1,
      24, 13, 25, -1,
      20, 24, 4, -1,
      4, 24, 3, -1,
      15, 20, 9, -1,
      9, 20, 4, -1,
      7, 16, 8, -1,
      8, 16, 15, -1,
      8, 15, 9, -1,
      17, 16, 6, -1,
      6, 16, 7, -1,
      11, 17, 5, -1,
      5, 17, 6, -1,
      0, 13, 1, -1,
      1, 13, 11, -1,
      1, 11, 5, -1,
      25, 13, 2, -1,
      2, 13, 0, -1,
      24, 25, 3, -1,
      3, 25, 2, -1,
      10, 12, 26, -1,
      26, 12, 27, -1,
      12, 23, 27, -1,
      27, 23, 28, -1,
      21, 29, 30, -1,
      21, 30, 22, -1,
      22, 30, 28, -1,
      22, 28, 23, -1,
      21, 19, 29, -1,
      29, 19, 31, -1,
      14, 32, 33, -1,
      14, 33, 18, -1,
      18, 33, 31, -1,
      18, 31, 19, -1,
      14, 10, 32, -1,
      32, 10, 26, -1,
    ]
  }
}

Shape {
  appearance Appearance {
    material Material {
      diffuseColor 0.2510 0.2510 0.2510
      specularColor 0.1255 0.1255 0.1255
      ambientIntensity 0.2
      transparency 0.0000
      shininess 0.5
    }
  }
  geometry IndexedFaceSet {
    ccw TRUE
    solid FALSE
    coord DEF co Coordinate {
      point [
        2.098425 -0.436780 -0.089922,
        2.098425 -0.391990 -0.089922,
        2.098425 -0.412150 -0.034455,
        2.098425 -0.414231 -0.025108,
        2.098425 -0.413152 -0.030754,
        2.098425 -0.414641 -0.025108,
        2.098425 -0.416824 -0.034455,
        2.098425 -0.415669 -0.030472,
      ]
    }
    coordIndex [
      3, 5, 4, -1,
      4, 5, 7, -1,
      4, 7, 2, -1,
      2, 7, 6, -1,
      2, 6, 1, -1,
      1, 6, 0, -1,
    ]
  }
}

Shape {
  appearance Appearance {
    material Material {
      diffuseColor 1.0000 1.0000 1.0000
      specularColor 0.5020 0.5020 0.5020
      ambientIntensity 0.2
      transparency 0.0000
      shininess 0.5
    }
  }
  geometry IndexedFaceSet {
    ccw TRUE
    solid FALSE
    coord DEF co Coordinate {
      point [
        2.098425 -0.795094 -0.307795,
        2.098425 -0.792508 -0.280817,
        2.098425 -0.798429 -0.312585,
        2.098425 -0.800716 -0.318483,
        2.098425 -0.750590 -0.348377,
        2.098425 -0.756728 -0.352312,
        2.098425 -0.741953 -0.353205,
        2.098425 -0.762685 -0.354330,
        2.098425 -0.725238 -0.353205,
        2.098425 -0.776776 -0.257803,
        2.098425 -0.789183 -0.262648,
        2.098425 -0.792508 -0.264580,
        2.098425 -0.788366 -0.351687,
        2.098425 -0.793634 -0.347951,
        2.098425 -0.789978 -0.303352,
        2.098425 -0.782867 -0.299702,
        2.098425 -0.780902 -0.273535,
        2.098425 -0.770198 -0.296578,
        2.098425 -0.755488 -0.269906,
        2.098425 -0.761261 -0.269287,
        2.098425 -0.770430 -0.270161,
        2.098425 -0.795947 -0.345541,
        2.098425 -0.799003 -0.340866,
        2.098425 -0.801014 -0.335197,
        2.098425 -0.737127 -0.261855,
        2.098425 -0.732650 -0.266091,
        2.098425 -0.741953 -0.338468,
        2.098425 -0.742396 -0.338468,
        2.098425 -0.745270 -0.342789,
        2.098425 -0.729215 -0.271457,
        2.098425 -0.726578 -0.278998,
        2.098425 -0.759692 -0.255710,
        2.098425 -0.749791 -0.256586,
        2.098425 -0.742703 -0.258704,
        2.098425 -0.741953 -0.292620,
        2.098425 -0.742508 -0.285384,
        2.098425 -0.744223 -0.279369,
        2.098425 -0.746176 -0.275905,
        2.098425 -0.801821 -0.327688,
        2.098425 -0.801776 -0.325706,
        2.098425 -0.725238 -0.291870,
        2.098425 -0.748690 -0.273200,
        2.098425 -0.751641 -0.271274,
        2.098425 -0.771597 -0.355456,
        2.098425 -0.763616 -0.354646,
        2.098425 -0.774164 -0.355389,
        2.098425 -0.781057 -0.354330,
        2.098425 -0.782034 -0.354180,
        2.098425 -0.817820 -0.353205,
        2.098425 -0.889593 -0.353205,
        2.098425 -0.817820 -0.337990,
        2.098425 -0.820856 -0.235106,
        2.098425 -0.872366 -0.293098,
        2.098425 -0.872366 -0.337990,
        2.098425 -0.824643 -0.293098,
        2.098425 -0.824643 -0.277815,
        2.098425 -0.872366 -0.277815,
        2.098425 -0.872366 -0.235106,
        2.098425 -0.889593 -0.219756,
        2.098425 -0.820856 -0.219756,
        2.102362 -0.817820 -0.337990,
        2.102362 -0.817820 -0.353205,
        2.102362 -0.872366 -0.337990,
        2.102362 -0.872366 -0.293098,
        2.102362 -0.824643 -0.293098,
        2.102362 -0.824643 -0.277815,
        2.102362 -0.872366 -0.277815,
        2.102362 -0.872366 -0.235106,
        2.102362 -0.820856 -0.235106,
        2.102362 -0.820856 -0.219756,
        2.102362 -0.889593 -0.219756,
        2.102362 -0.889593 -0.353205,
        2.102362 -0.725238 -0.291870,
        2.102362 -0.741953 -0.305378,
        2.102362 -0.741953 -0.314521,
        2.102362 -0.742396 -0.338468,
        2.102362 -0.741953 -0.338468,
        2.102362 -0.742951 -0.322736,
        2.102362 -0.741953 -0.353205,
        2.102362 -0.725238 -0.353205,
        2.102362 -0.783344 -0.333198,
        2.102362 -0.795947 -0.345541,
        2.102362 -0.781444 -0.336016,
        2.102362 -0.793634 -0.347951,
        2.102362 -0.780023 -0.337444,
        2.102362 -0.788366 -0.351687,
        2.102362 -0.776692 -0.339719,
        2.102362 -0.782034 -0.354180,
        2.102362 -0.772911 -0.341107,
        2.102362 -0.782867 -0.299702,
        2.102362 -0.778177 -0.312528,
        2.102362 -0.774164 -0.310649,
        2.102362 -0.774164 -0.355389,
        2.102362 -0.771597 -0.355456,
        2.102362 -0.767265 -0.341743,
        2.102362 -0.763616 -0.354646,
        2.102362 -0.760611 -0.340946,
        2.102362 -0.756728 -0.352312,
        2.102362 -0.755597 -0.339026,
        2.102362 -0.750590 -0.348377,
        2.102362 -0.750933 -0.335767,
        2.102362 -0.745270 -0.342789,
        2.102362 -0.749117 -0.333965,
        2.102362 -0.745326 -0.328744,
        2.102362 -0.770198 -0.296578,
        2.102362 -0.764263 -0.308380,
        2.102362 -0.741953 -0.292620,
        2.102362 -0.792508 -0.264580,
        2.102362 -0.792508 -0.280817,
        2.102362 -0.789183 -0.262648,
        2.102362 -0.780902 -0.273535,
        2.102362 -0.776776 -0.257803,
        2.102362 -0.770430 -0.270161,
        2.102362 -0.759692 -0.255710,
        2.102362 -0.761261 -0.269287,
        2.102362 -0.749791 -0.256586,
        2.102362 -0.755488 -0.269906,
        2.102362 -0.742703 -0.258704,
        2.102362 -0.751641 -0.271274,
        2.102362 -0.737127 -0.261855,
        2.102362 -0.748690 -0.273200,
        2.102362 -0.732650 -0.266091,
        2.102362 -0.746176 -0.275905,
        2.102362 -0.729215 -0.271457,
        2.102362 -0.744223 -0.279369,
        2.102362 -0.726578 -0.278998,
        2.102362 -0.742508 -0.285384,
        2.102362 -0.784725 -0.323671,
        2.102362 -0.801776 -0.325706,
        2.102362 -0.784867 -0.326324,
        2.102362 -0.801821 -0.327688,
        2.102362 -0.784442 -0.330161,
        2.102362 -0.801014 -0.335197,
        2.102362 -0.799003 -0.340866,
        2.102362 -0.780432 -0.314248,
        2.102362 -0.789978 -0.303352,
        2.102362 -0.782433 -0.316725,
        2.102362 -0.795094 -0.307795,
        2.102362 -0.783900 -0.319843,
        2.102362 -0.798429 -0.312585,
        2.102362 -0.800716 -0.318483,
        2.098425 -0.780432 -0.314248,
        2.098425 -0.778177 -0.312528,
        2.098425 -0.774164 -0.310649,
        2.098425 -0.764263 -0.308380,
        2.098425 -0.784867 -0.326324,
        2.098425 -0.784725 -0.323671,
        2.098425 -0.783900 -0.319843,
        2.098425 -0.782433 -0.316725,
        2.098425 -0.780023 -0.337444,
        2.098425 -0.781444 -0.336016,
        2.098425 -0.783344 -0.333198,
        2.098425 -0.784442 -0.330161,
        2.098425 -0.767265 -0.341743,
        2.098425 -0.772911 -0.341107,
        2.098425 -0.776692 -0.339719,
        2.098425 -0.749117 -0.333965,
        2.098425 -0.750933 -0.335767,
        2.098425 -0.755597 -0.339026,
        2.098425 -0.760611 -0.340946,
        2.098425 -0.741953 -0.314521,
        2.098425 -0.742951 -0.322736,
        2.098425 -0.745326 -0.328744,
        2.098425 -0.741953 -0.305378,
      ]
    }
    coordIndex [
      60, 61, 50, -1,
      50, 61, 48, -1,
      62, 60, 53, -1,
      53, 60, 50, -1,
      63, 62, 52, -1,
      52, 62, 53, -1,
      64, 63, 54, -1,
      54, 63, 52, -1,
      65, 64, 55, -1,
      55, 64, 54, -1,
      66, 65, 56, -1,
      56, 65, 55, -1,
      67, 66, 57, -1,
      57, 66, 56, -1,
      68, 67, 51, -1,
      51, 67, 57, -1,
      69, 68, 59, -1,
      59, 68, 51, -1,
      70, 69, 58, -1,
      58, 69, 59, -1,
      71, 70, 49, -1,
      49, 70, 58, -1,
      61, 71, 48, -1,
      48, 71, 49, -1,
      71, 61, 60, -1,
      60, 62, 71, -1,
      71, 62, 63, -1,
      71, 63, 70, -1,
      68, 69, 67, -1,
      67, 69, 70, -1,
      67, 70, 66, -1,
      66, 70, 63, -1,
      66, 63, 65, -1,
      65, 63, 64, -1,
      72, 73, 74, -1,
      75, 76, 77, -1,
      78, 79, 76, -1,
      76, 79, 72, -1,
      76, 72, 77, -1,
      77, 72, 74, -1,
      80, 81, 82, -1,
      82, 81, 83, -1,
      82, 83, 84, -1,
      84, 83, 85, -1,
      84, 85, 86, -1,
      86, 85, 87, -1,
      86, 87, 88, -1,
      89, 90, 91, -1,
      87, 92, 88, -1,
      88, 92, 93, -1,
      88, 93, 94, -1,
      94, 93, 95, -1,
      94, 95, 96, -1,
      96, 95, 97, -1,
      96, 97, 98, -1,
      98, 97, 99, -1,
      98, 99, 100, -1,
      100, 99, 101, -1,
      100, 101, 102, -1,
      102, 101, 75, -1,
      102, 75, 103, -1,
      103, 75, 77, -1,
      89, 91, 104, -1,
      104, 91, 105, -1,
      104, 105, 106, -1,
      107, 108, 109, -1,
      109, 108, 110, -1,
      109, 110, 111, -1,
      111, 110, 112, -1,
      111, 112, 113, -1,
      113, 112, 114, -1,
      113, 114, 115, -1,
      115, 114, 116, -1,
      115, 116, 117, -1,
      117, 116, 118, -1,
      117, 118, 119, -1,
      119, 118, 120, -1,
      119, 120, 121, -1,
      121, 120, 122, -1,
      121, 122, 123, -1,
      123, 122, 124, -1,
      123, 124, 125, -1,
      125, 124, 126, -1,
      125, 126, 72, -1,
      72, 126, 106, -1,
      72, 106, 73, -1,
      73, 106, 105, -1,
      127, 128, 129, -1,
      129, 128, 130, -1,
      129, 130, 131, -1,
      131, 130, 132, -1,
      131, 132, 80, -1,
      80, 132, 133, -1,
      80, 133, 81, -1,
      90, 89, 134, -1,
      134, 89, 135, -1,
      134, 135, 136, -1,
      136, 135, 137, -1,
      136, 137, 138, -1,
      138, 137, 139, -1,
      138, 139, 127, -1,
      127, 139, 140, -1,
      127, 140, 128, -1,
      113, 31, 9, -1,
      113, 9, 111, -1,
      111, 9, 10, -1,
      111, 10, 109, -1,
      109, 10, 11, -1,
      109, 11, 107, -1,
      108, 107, 1, -1,
      1, 107, 11, -1,
      108, 1, 16, -1,
      108, 16, 110, -1,
      110, 16, 20, -1,
      110, 20, 112, -1,
      112, 20, 19, -1,
      112, 19, 114, -1,
      114, 19, 18, -1,
      114, 18, 116, -1,
      116, 18, 42, -1,
      116, 42, 118, -1,
      118, 42, 41, -1,
      118, 41, 120, -1,
      120, 41, 37, -1,
      120, 37, 122, -1,
      122, 37, 36, -1,
      122, 36, 124, -1,
      124, 36, 35, -1,
      124, 35, 126, -1,
      126, 35, 34, -1,
      126, 34, 106, -1,
      104, 106, 17, -1,
      17, 106, 34, -1,
      104, 17, 15, -1,
      104, 15, 89, -1,
      89, 15, 14, -1,
      89, 14, 135, -1,
      135, 14, 0, -1,
      135, 0, 137, -1,
      137, 0, 2, -1,
      137, 2, 139, -1,
      139, 2, 3, -1,
      139, 3, 140, -1,
      140, 3, 39, -1,
      140, 39, 128, -1,
      128, 39, 38, -1,
      128, 38, 130, -1,
      130, 38, 23, -1,
      130, 23, 132, -1,
      132, 23, 22, -1,
      132, 22, 133, -1,
      133, 22, 21, -1,
      133, 21, 81, -1,
      81, 21, 13, -1,
      81, 13, 83, -1,
      43, 93, 92, -1,
      83, 13, 12, -1,
      83, 12, 85, -1,
      85, 12, 47, -1,
      85, 47, 87, -1,
      87, 47, 46, -1,
      87, 46, 92, -1,
      92, 46, 45, -1,
      92, 45, 43, -1,
      93, 43, 44, -1,
      93, 44, 95, -1,
      95, 44, 7, -1,
      95, 7, 97, -1,
      7, 5, 97, -1,
      97, 5, 4, -1,
      97, 4, 99, -1,
      99, 4, 28, -1,
      99, 28, 101, -1,
      101, 28, 27, -1,
      101, 27, 75, -1,
      76, 75, 26, -1,
      26, 75, 27, -1,
      78, 76, 6, -1,
      6, 76, 26, -1,
      79, 78, 8, -1,
      8, 78, 6, -1,
      72, 79, 40, -1,
      40, 79, 8, -1,
      72, 40, 30, -1,
      72, 30, 125, -1,
      125, 30, 29, -1,
      125, 29, 123, -1,
      123, 29, 25, -1,
      123, 25, 121, -1,
      121, 25, 24, -1,
      121, 24, 119, -1,
      119, 24, 33, -1,
      119, 33, 117, -1,
      117, 33, 32, -1,
      117, 32, 115, -1,
      115, 32, 31, -1,
      115, 31, 113, -1,
      134, 141, 142, -1,
      134, 142, 90, -1,
      90, 142, 143, -1,
      90, 143, 91, -1,
      91, 143, 144, -1,
      91, 144, 105, -1,
      129, 145, 146, -1,
      129, 146, 127, -1,
      127, 146, 147, -1,
      127, 147, 138, -1,
      138, 147, 148, -1,
      138, 148, 136, -1,
      136, 148, 141, -1,
      136, 141, 134, -1,
      84, 149, 150, -1,
      84, 150, 82, -1,
      82, 150, 151, -1,
      82, 151, 80, -1,
      80, 151, 152, -1,
      80, 152, 131, -1,
      131, 152, 145, -1,
      131, 145, 129, -1,
      94, 153, 154, -1,
      94, 154, 88, -1,
      88, 154, 155, -1,
      88, 155, 86, -1,
      86, 155, 149, -1,
      86, 149, 84, -1,
      102, 156, 157, -1,
      102, 157, 100, -1,
      100, 157, 158, -1,
      100, 158, 98, -1,
      98, 158, 159, -1,
      98, 159, 96, -1,
      96, 159, 153, -1,
      96, 153, 94, -1,
      74, 160, 161, -1,
      74, 161, 77, -1,
      77, 161, 162, -1,
      77, 162, 103, -1,
      103, 162, 156, -1,
      103, 156, 102, -1,
      74, 73, 160, -1,
      160, 73, 163, -1,
      73, 105, 163, -1,
      163, 105, 144, -1,
    ]
  }
}

Shape {
  appearance Appearance {
    material Material {
      diffuseColor 0.2510 0.2510 0.2510
      specularColor 0.1255 0.1255 0.1255
      ambientIntensity 0.2
      transparency 0.0000
      shininess 0.5
    }
  }
  geometry IndexedFaceSet {
    ccw TRUE
    solid FALSE
    coord DEF co Coordinate {
      point [
        2.098425 -0.780432 -0.314248,
        2.098425 -0.778177 -0.312528,
        2.098425 -0.774164 -0.310649,
        2.098425 -0.764263 -0.308380,
        2.098425 -0.784867 -0.326324,
        2.098425 -0.784725 -0.323671,
        2.098425 -0.783900 -0.319843,
        2.098425 -0.782433 -0.316725,
        2.098425 -0.780023 -0.337444,
        2.098425 -0.781444 -0.336016,
        2.098425 -0.783344 -0.333198,
        2.098425 -0.784442 -0.330161,
        2.098425 -0.767265 -0.341743,
        2.098425 -0.772911 -0.341107,
        2.098425 -0.776692 -0.339719,
        2.098425 -0.749117 -0.333965,
        2.098425 -0.750933 -0.335767,
        2.098425 -0.755597 -0.339026,
        2.098425 -0.760611 -0.340946,
        2.098425 -0.741953 -0.314521,
        2.098425 -0.742951 -0.322736,
        2.098425 -0.745326 -0.328744,
        2.098425 -0.741953 -0.305378,
      ]
    }
    coordIndex [
      16, 15, 3, -1,
      3, 15, 21, -1,
      18, 2, 1, -1,
      2, 18, 3, -1,
      3, 18, 17, -1,
      3, 17, 16, -1,
      21, 20, 3, -1,
      3, 20, 19, -1,
      3, 19, 22, -1,
      6, 5, 18, -1,
      18, 5, 4, -1,
      18, 4, 11, -1,
      14, 13, 8, -1,
      8, 13, 12, -1,
      8, 12, 18, -1,
      1, 0, 18, -1,
      18, 0, 7, -1,
      18, 7, 6, -1,
      11, 10, 18, -1,
      18, 10, 9, -1,
      18, 9, 8, -1,
    ]
  }
}

Shape {
  appearance Appearance {
    material Material {
      diffuseColor 1.0000 1.0000 1.0000
      specularColor 0.5020 0.5020 0.5020
      ambientIntensity 0.2
      transparency 0.0000
      shininess 0.5
    }
  }
  geometry IndexedFaceSet {
    ccw TRUE
    solid FALSE
    coord DEF co Coordinate {
      point [
        2.098425 -0.661461 -0.353618,
        2.098425 -0.667381 -0.354330,
        2.098425 -0.690901 -0.353975,
        2.098425 -0.694860 -0.352581,
        2.098425 -0.502788 -0.235106,
        2.098425 -0.502788 -0.277815,
        2.098425 -0.477800 -0.277815,
        2.098425 -0.448242 -0.353205,
        2.098425 -0.448242 -0.337990,
        2.098425 -0.451278 -0.235106,
        2.098425 -0.451278 -0.219756,
        2.098425 -0.502788 -0.337990,
        2.098425 -0.477800 -0.337990,
        2.098425 -0.502788 -0.293098,
        2.098425 -0.477800 -0.293098,
        2.098425 -0.455065 -0.293098,
        2.098425 -0.455065 -0.277815,
        2.098425 -0.477800 -0.235106,
        2.098425 -0.477800 -0.353205,
        2.098425 -0.520015 -0.353205,
        2.098425 -0.520015 -0.219756,
        2.098425 -0.699962 -0.272504,
        2.098425 -0.695008 -0.301552,
        2.098425 -0.702587 -0.332600,
        2.098425 -0.694860 -0.301650,
        2.098425 -0.696578 -0.336364,
        2.098425 -0.694860 -0.337035,
        2.098425 -0.701883 -0.277893,
        2.098425 -0.697743 -0.298693,
        2.098425 -0.702587 -0.349861,
        2.098425 -0.699777 -0.295493,
        2.098425 -0.701683 -0.290446,
        2.098425 -0.702484 -0.283615,
        2.098425 -0.687501 -0.354330,
        2.098425 -0.676729 -0.355456,
        2.098425 -0.642787 -0.259940,
        2.098425 -0.642787 -0.276178,
        2.098425 -0.640894 -0.338973,
        2.098425 -0.643922 -0.343409,
        2.098425 -0.696931 -0.267973,
        2.098425 -0.694860 -0.266090,
        2.098425 -0.691773 -0.263283,
        2.098425 -0.687752 -0.260806,
        2.098425 -0.638928 -0.333656,
        2.098425 -0.678816 -0.257334,
        2.098425 -0.665370 -0.255710,
        2.098425 -0.653643 -0.256751,
        2.098425 -0.648961 -0.347883,
        2.098425 -0.652712 -0.350201,
        2.098425 -0.643810 -0.311519,
        2.098425 -0.640875 -0.315766,
        2.098425 -0.639012 -0.320626,
        2.098425 -0.638216 -0.327279,
        2.098425 -0.667007 -0.269287,
        2.098425 -0.671955 -0.269658,
        2.098425 -0.685257 -0.282113,
        2.098425 -0.676427 -0.270842,
        2.098425 -0.680175 -0.272835,
        2.098425 -0.685105 -0.284337,
        2.098425 -0.684442 -0.286933,
        2.098425 -0.683238 -0.289189,
        2.098425 -0.681607 -0.290983,
        2.098425 -0.675715 -0.294667,
        2.098425 -0.655306 -0.270713,
        2.098425 -0.665370 -0.299170,
        2.098425 -0.645852 -0.274382,
        2.098425 -0.658898 -0.301789,
        2.098425 -0.647796 -0.307963,
        2.098425 -0.682697 -0.275064,
        2.098425 -0.684130 -0.277191,
        2.098425 -0.684955 -0.279448,
        2.098425 -0.686123 -0.340450,
        2.098425 -0.677173 -0.311314,
        2.098425 -0.687136 -0.306747,
        2.098425 -0.675092 -0.341811,
        2.098425 -0.674354 -0.341806,
        2.098425 -0.666197 -0.315911,
        2.098425 -0.665785 -0.340846,
        2.098425 -0.655375 -0.328916,
        2.098425 -0.655538 -0.326837,
        2.098425 -0.661472 -0.339267,
        2.098425 -0.659948 -0.338343,
        2.098425 -0.658030 -0.336640,
        2.098425 -0.656570 -0.334482,
        2.098425 -0.655721 -0.332105,
        2.098425 -0.656298 -0.324227,
        2.098425 -0.657590 -0.322011,
        2.098425 -0.659673 -0.319843,
        2.098425 -0.314779 -0.293225,
        2.098425 -0.318004 -0.308857,
        2.098425 -0.324565 -0.322665,
        2.098425 -0.334510 -0.334511,
        2.098425 -0.314383 -0.284774,
        2.098425 -0.316659 -0.266188,
        2.098425 -0.384963 -0.219756,
        2.098425 -0.364598 -0.222003,
        2.098425 -0.348248 -0.344397,
        2.098425 -0.363415 -0.350380,
        2.098425 -0.386327 -0.353205,
        2.098425 -0.334510 -0.237426,
        2.098425 -0.329924 -0.241898,
        2.098425 -0.321632 -0.253496,
        2.098425 -0.348491 -0.227883,
        2.098425 -0.423032 -0.353205,
        2.098425 -0.423032 -0.219756,
        2.098425 -0.555356 -0.257894,
        2.098425 -0.538027 -0.257894,
        2.098425 -0.477800 -0.219756,
        2.098425 -0.576050 -0.354330,
        2.098425 -0.585921 -0.329530,
        2.098425 -0.583874 -0.337376,
        2.098425 -0.583431 -0.337376,
        2.098425 -0.602756 -0.281102,
        2.098425 -0.581384 -0.329667,
        2.098425 -0.582663 -0.334110,
        2.098425 -0.602756 -0.325969,
        2.098425 -0.629517 -0.257894,
        2.098425 -0.610823 -0.257894,
        2.098425 -0.592130 -0.353000,
        2.098425 -0.592693 -0.354330,
        2.098425 -0.599464 -0.370329,
        2.098425 -0.626072 -0.396733,
        2.098425 -0.626072 -0.381859,
        2.098425 -0.622652 -0.382980,
        2.098425 -0.616589 -0.383770,
        2.098425 -0.615253 -0.383723,
        2.098425 -0.611446 -0.383009,
        2.098425 -0.607900 -0.381358,
        2.098425 -0.606156 -0.380082,
        2.098425 -0.603037 -0.376745,
        2.098425 -0.602756 -0.376240,
        2.098425 -0.602756 -0.395108,
        2.098425 -0.608451 -0.397299,
        2.098425 -0.615292 -0.398097,
        2.098425 -0.619217 -0.397946,
        2.098425 -0.581281 -0.367600,
        2.098425 -0.589057 -0.382643,
        2.098425 -0.595183 -0.389890,
        2.098425 -0.596031 -0.390663,
        2.098425 -0.601864 -0.394765,
        2.102362 -0.702587 -0.332600,
        2.102362 -0.696578 -0.336364,
        2.102362 -0.675092 -0.341811,
        2.102362 -0.686123 -0.340450,
        2.102362 -0.702587 -0.349861,
        2.102362 -0.690901 -0.353975,
        2.102362 -0.676729 -0.355456,
        2.102362 -0.661461 -0.353618,
        2.102362 -0.652712 -0.350201,
        2.102362 -0.648961 -0.347883,
        2.102362 -0.643922 -0.343409,
        2.102362 -0.640894 -0.338973,
        2.102362 -0.638928 -0.333656,
        2.102362 -0.638216 -0.327279,
        2.102362 -0.639012 -0.320626,
        2.102362 -0.640875 -0.315766,
        2.102362 -0.643810 -0.311519,
        2.102362 -0.647796 -0.307963,
        2.102362 -0.658898 -0.301789,
        2.102362 -0.665370 -0.299170,
        2.102362 -0.675715 -0.294667,
        2.102362 -0.681607 -0.290983,
        2.102362 -0.683238 -0.289189,
        2.102362 -0.684442 -0.286933,
        2.102362 -0.685105 -0.284337,
        2.102362 -0.685257 -0.282113,
        2.102362 -0.684955 -0.279448,
        2.102362 -0.684130 -0.277191,
        2.102362 -0.682697 -0.275064,
        2.102362 -0.680175 -0.272835,
        2.102362 -0.676427 -0.270842,
        2.102362 -0.671955 -0.269658,
        2.102362 -0.667007 -0.269287,
        2.102362 -0.655306 -0.270713,
        2.102362 -0.645852 -0.274382,
        2.102362 -0.642787 -0.276178,
        2.102362 -0.642787 -0.259940,
        2.102362 -0.653643 -0.256751,
        2.102362 -0.665370 -0.255710,
        2.102362 -0.678816 -0.257334,
        2.102362 -0.687752 -0.260806,
        2.102362 -0.691773 -0.263283,
        2.102362 -0.696931 -0.267973,
        2.102362 -0.699962 -0.272504,
        2.102362 -0.701883 -0.277893,
        2.102362 -0.702484 -0.283615,
        2.102362 -0.701683 -0.290446,
        2.102362 -0.699777 -0.295493,
        2.102362 -0.697743 -0.298693,
        2.102362 -0.677173 -0.311314,
        2.102362 -0.687136 -0.306747,
        2.102362 -0.695008 -0.301552,
        2.102362 -0.666197 -0.315911,
        2.102362 -0.659673 -0.319843,
        2.102362 -0.657590 -0.322011,
        2.102362 -0.656298 -0.324227,
        2.102362 -0.655538 -0.326837,
        2.102362 -0.655375 -0.328916,
        2.102362 -0.655721 -0.332105,
        2.102362 -0.656570 -0.334482,
        2.102362 -0.658030 -0.336640,
        2.102362 -0.659948 -0.338343,
        2.102362 -0.661472 -0.339267,
        2.102362 -0.665785 -0.340846,
        2.102362 -0.674354 -0.341806,
        2.102362 -0.555356 -0.257894,
        2.102362 -0.538027 -0.257894,
        2.102362 -0.581384 -0.329667,
        2.102362 -0.582663 -0.334110,
        2.102362 -0.583431 -0.337376,
        2.102362 -0.583874 -0.337376,
        2.102362 -0.585921 -0.329530,
        2.102362 -0.610823 -0.257894,
        2.102362 -0.629517 -0.257894,
        2.102362 -0.592130 -0.353000,
        2.102362 -0.599464 -0.370329,
        2.102362 -0.603037 -0.376745,
        2.102362 -0.606156 -0.380082,
        2.102362 -0.607900 -0.381358,
        2.102362 -0.611446 -0.383009,
        2.102362 -0.615253 -0.383723,
        2.102362 -0.616589 -0.383770,
        2.102362 -0.622652 -0.382980,
        2.102362 -0.626072 -0.381859,
        2.102362 -0.626072 -0.396733,
        2.102362 -0.619217 -0.397946,
        2.102362 -0.615292 -0.398097,
        2.102362 -0.608451 -0.397299,
        2.102362 -0.601864 -0.394765,
        2.102362 -0.596031 -0.390663,
        2.102362 -0.595183 -0.389890,
        2.102362 -0.589057 -0.382643,
        2.102362 -0.581281 -0.367600,
        2.102362 -0.448242 -0.337990,
        2.102362 -0.448242 -0.353205,
        2.102362 -0.502788 -0.337990,
        2.102362 -0.502788 -0.293098,
        2.102362 -0.455065 -0.293098,
        2.102362 -0.455065 -0.277815,
        2.102362 -0.502788 -0.277815,
        2.102362 -0.502788 -0.235106,
        2.102362 -0.451278 -0.235106,
        2.102362 -0.451278 -0.219756,
        2.102362 -0.520015 -0.219756,
        2.102362 -0.520015 -0.353205,
        2.102362 -0.340115 -0.315831,
        2.102362 -0.346756 -0.324072,
        2.102362 -0.334510 -0.334511,
        2.102362 -0.349216 -0.326304,
        2.102362 -0.348248 -0.344397,
        2.102362 -0.358055 -0.332092,
        2.102362 -0.363415 -0.350380,
        2.102362 -0.369468 -0.336163,
        2.102362 -0.386327 -0.353205,
        2.102362 -0.386430 -0.337990,
        2.102362 -0.423032 -0.353205,
        2.102362 -0.405806 -0.337990,
        2.102362 -0.423032 -0.219756,
        2.102362 -0.405806 -0.235106,
        2.102362 -0.384963 -0.219756,
        2.102362 -0.385645 -0.235106,
        2.102362 -0.364598 -0.222003,
        2.102362 -0.368460 -0.237003,
        2.102362 -0.348491 -0.227883,
        2.102362 -0.356885 -0.241179,
        2.102362 -0.334510 -0.237426,
        2.102362 -0.347131 -0.247660,
        2.102362 -0.329924 -0.241898,
        2.102362 -0.342748 -0.252097,
        2.102362 -0.321632 -0.253496,
        2.102362 -0.337738 -0.259778,
        2.102362 -0.316659 -0.266188,
        2.102362 -0.334144 -0.269881,
        2.102362 -0.314383 -0.284774,
        2.102362 -0.332497 -0.285252,
        2.102362 -0.314779 -0.293225,
        2.102362 -0.332937 -0.293689,
        2.102362 -0.318004 -0.308857,
        2.102362 -0.335523 -0.305919,
        2.102362 -0.324565 -0.322665,
        2.098425 -0.385645 -0.235106,
        2.098425 -0.405806 -0.235106,
        2.098425 -0.405806 -0.337990,
        2.098425 -0.386430 -0.337990,
        2.098425 -0.346756 -0.324072,
        2.098425 -0.349216 -0.326304,
        2.098425 -0.358055 -0.332092,
        2.098425 -0.369468 -0.336163,
        2.098425 -0.332497 -0.285252,
        2.098425 -0.332937 -0.293689,
        2.098425 -0.335523 -0.305919,
        2.098425 -0.340115 -0.315831,
        2.098425 -0.347131 -0.247660,
        2.098425 -0.342748 -0.252097,
        2.098425 -0.337738 -0.259778,
        2.098425 -0.334144 -0.269881,
        2.098425 -0.368460 -0.237003,
        2.098425 -0.356885 -0.241179,
      ]
    }
    coordIndex [
      23, 140, 141, -1,
      142, 74, 71, -1,
      142, 71, 143, -1,
      143, 71, 26, -1,
      143, 26, 141, -1,
      141, 26, 25, -1,
      141, 25, 23, -1,
      144, 140, 29, -1,
      29, 140, 23, -1,
      144, 29, 145, -1,
      145, 29, 3, -1,
      34, 146, 33, -1,
      33, 146, 145, -1,
      33, 145, 2, -1,
      2, 145, 3, -1,
      146, 34, 147, -1,
      147, 34, 1, -1,
      1, 0, 147, -1,
      147, 0, 48, -1,
      147, 48, 148, -1,
      148, 48, 47, -1,
      148, 47, 149, -1,
      149, 47, 38, -1,
      149, 38, 150, -1,
      150, 38, 37, -1,
      150, 37, 151, -1,
      151, 37, 43, -1,
      151, 43, 152, -1,
      152, 43, 52, -1,
      152, 52, 153, -1,
      153, 52, 51, -1,
      153, 51, 154, -1,
      154, 51, 50, -1,
      154, 50, 155, -1,
      155, 50, 49, -1,
      155, 49, 156, -1,
      156, 49, 67, -1,
      156, 67, 157, -1,
      157, 67, 66, -1,
      157, 66, 158, -1,
      158, 66, 64, -1,
      158, 64, 159, -1,
      159, 64, 62, -1,
      159, 62, 160, -1,
      160, 62, 61, -1,
      160, 61, 161, -1,
      161, 61, 60, -1,
      161, 60, 162, -1,
      162, 60, 59, -1,
      162, 59, 163, -1,
      163, 59, 58, -1,
      163, 58, 164, -1,
      164, 58, 55, -1,
      164, 55, 165, -1,
      165, 55, 70, -1,
      165, 70, 166, -1,
      166, 70, 69, -1,
      166, 69, 167, -1,
      167, 69, 68, -1,
      167, 68, 168, -1,
      168, 68, 57, -1,
      168, 57, 169, -1,
      169, 57, 56, -1,
      169, 56, 170, -1,
      170, 56, 54, -1,
      170, 54, 171, -1,
      171, 54, 53, -1,
      171, 53, 172, -1,
      172, 53, 63, -1,
      172, 63, 173, -1,
      173, 63, 65, -1,
      173, 65, 174, -1,
      174, 65, 36, -1,
      174, 36, 175, -1,
      176, 175, 35, -1,
      35, 175, 36, -1,
      176, 35, 46, -1,
      176, 46, 177, -1,
      177, 46, 45, -1,
      177, 45, 178, -1,
      178, 45, 44, -1,
      178, 44, 179, -1,
      179, 44, 42, -1,
      179, 42, 180, -1,
      180, 42, 41, -1,
      180, 41, 181, -1,
      181, 41, 182, -1,
      182, 41, 40, -1,
      40, 39, 182, -1,
      182, 39, 21, -1,
      182, 21, 183, -1,
      183, 21, 27, -1,
      183, 27, 184, -1,
      184, 27, 32, -1,
      184, 32, 185, -1,
      185, 32, 31, -1,
      185, 31, 186, -1,
      186, 31, 30, -1,
      186, 30, 187, -1,
      187, 30, 28, -1,
      187, 28, 188, -1,
      72, 189, 190, -1,
      188, 28, 22, -1,
      188, 22, 191, -1,
      191, 22, 24, -1,
      191, 24, 190, -1,
      190, 24, 73, -1,
      190, 73, 72, -1,
      189, 72, 76, -1,
      189, 76, 192, -1,
      192, 76, 87, -1,
      192, 87, 193, -1,
      193, 87, 86, -1,
      193, 86, 194, -1,
      194, 86, 85, -1,
      194, 85, 195, -1,
      195, 85, 79, -1,
      195, 79, 196, -1,
      196, 79, 78, -1,
      196, 78, 197, -1,
      197, 78, 84, -1,
      197, 84, 198, -1,
      198, 84, 83, -1,
      198, 83, 199, -1,
      199, 83, 82, -1,
      199, 82, 200, -1,
      200, 82, 81, -1,
      200, 81, 201, -1,
      201, 81, 80, -1,
      201, 80, 202, -1,
      202, 80, 77, -1,
      202, 77, 203, -1,
      203, 77, 75, -1,
      203, 75, 204, -1,
      204, 75, 74, -1,
      204, 74, 142, -1,
      167, 168, 181, -1,
      181, 168, 180, -1,
      180, 168, 169, -1,
      180, 169, 179, -1,
      199, 150, 151, -1,
      192, 159, 189, -1,
      189, 159, 160, -1,
      199, 151, 198, -1,
      198, 151, 152, -1,
      198, 152, 197, -1,
      197, 152, 153, -1,
      197, 153, 196, -1,
      196, 153, 154, -1,
      196, 154, 195, -1,
      195, 154, 155, -1,
      195, 155, 194, -1,
      194, 155, 156, -1,
      194, 156, 193, -1,
      193, 156, 157, -1,
      193, 157, 192, -1,
      192, 157, 158, -1,
      192, 158, 159, -1,
      150, 199, 149, -1,
      149, 199, 200, -1,
      149, 200, 148, -1,
      146, 142, 145, -1,
      145, 142, 143, -1,
      145, 143, 144, -1,
      144, 143, 141, -1,
      144, 141, 140, -1,
      169, 170, 179, -1,
      179, 170, 171, -1,
      179, 171, 178, -1,
      178, 171, 172, -1,
      178, 172, 177, -1,
      177, 172, 173, -1,
      177, 173, 176, -1,
      176, 173, 174, -1,
      176, 174, 175, -1,
      200, 201, 148, -1,
      148, 201, 202, -1,
      148, 202, 147, -1,
      147, 202, 203, -1,
      147, 203, 146, -1,
      146, 203, 204, -1,
      146, 204, 142, -1,
      181, 182, 167, -1,
      167, 182, 183, -1,
      167, 183, 166, -1,
      166, 183, 184, -1,
      166, 184, 165, -1,
      165, 184, 185, -1,
      165, 185, 164, -1,
      164, 185, 186, -1,
      164, 186, 163, -1,
      163, 186, 187, -1,
      163, 187, 162, -1,
      162, 187, 188, -1,
      162, 188, 161, -1,
      161, 188, 191, -1,
      161, 191, 160, -1,
      160, 191, 190, -1,
      160, 190, 189, -1,
      205, 206, 105, -1,
      105, 206, 106, -1,
      207, 205, 113, -1,
      113, 205, 105, -1,
      207, 113, 114, -1,
      207, 114, 208, -1,
      208, 114, 111, -1,
      208, 111, 209, -1,
      210, 209, 110, -1,
      110, 209, 111, -1,
      211, 210, 109, -1,
      109, 210, 110, -1,
      117, 212, 112, -1,
      112, 212, 211, -1,
      112, 211, 109, -1,
      213, 212, 116, -1,
      116, 212, 117, -1,
      118, 214, 115, -1,
      115, 214, 213, -1,
      115, 213, 116, -1,
      120, 215, 119, -1,
      119, 215, 214, -1,
      119, 214, 118, -1,
      120, 130, 215, -1,
      215, 130, 216, -1,
      130, 129, 216, -1,
      216, 129, 128, -1,
      216, 128, 217, -1,
      217, 128, 127, -1,
      217, 127, 218, -1,
      218, 127, 126, -1,
      218, 126, 219, -1,
      219, 126, 125, -1,
      219, 125, 220, -1,
      220, 125, 124, -1,
      220, 124, 221, -1,
      221, 124, 123, -1,
      221, 123, 222, -1,
      222, 123, 122, -1,
      222, 122, 223, -1,
      224, 223, 121, -1,
      121, 223, 122, -1,
      224, 121, 134, -1,
      224, 134, 225, -1,
      225, 134, 133, -1,
      225, 133, 226, -1,
      226, 133, 132, -1,
      226, 132, 227, -1,
      227, 132, 131, -1,
      227, 131, 228, -1,
      131, 139, 228, -1,
      228, 139, 138, -1,
      228, 138, 229, -1,
      229, 138, 137, -1,
      229, 137, 230, -1,
      230, 137, 136, -1,
      230, 136, 231, -1,
      231, 136, 135, -1,
      231, 135, 232, -1,
      106, 206, 108, -1,
      108, 206, 232, -1,
      108, 232, 135, -1,
      208, 209, 232, -1,
      222, 223, 224, -1,
      206, 205, 232, -1,
      232, 205, 207, -1,
      232, 207, 208, -1,
      212, 213, 211, -1,
      211, 213, 214, -1,
      211, 214, 210, -1,
      209, 210, 232, -1,
      232, 210, 214, -1,
      232, 214, 231, -1,
      222, 224, 221, -1,
      221, 224, 225, -1,
      221, 225, 220, -1,
      220, 225, 226, -1,
      220, 226, 219, -1,
      219, 226, 227, -1,
      219, 227, 218, -1,
      218, 227, 228, -1,
      218, 228, 217, -1,
      214, 215, 231, -1,
      231, 215, 216, -1,
      231, 216, 230, -1,
      230, 216, 217, -1,
      230, 217, 229, -1,
      229, 217, 228, -1,
      233, 234, 8, -1,
      8, 234, 7, -1,
      11, 235, 12, -1,
      12, 235, 233, -1,
      12, 233, 8, -1,
      236, 235, 13, -1,
      13, 235, 11, -1,
      15, 237, 14, -1,
      14, 237, 236, -1,
      14, 236, 13, -1,
      238, 237, 16, -1,
      16, 237, 15, -1,
      5, 239, 6, -1,
      6, 239, 238, -1,
      6, 238, 16, -1,
      240, 239, 4, -1,
      4, 239, 5, -1,
      9, 241, 17, -1,
      17, 241, 240, -1,
      17, 240, 4, -1,
      242, 241, 10, -1,
      10, 241, 9, -1,
      20, 243, 107, -1,
      107, 243, 242, -1,
      107, 242, 10, -1,
      244, 243, 19, -1,
      19, 243, 20, -1,
      7, 234, 18, -1,
      18, 234, 244, -1,
      18, 244, 19, -1,
      241, 242, 240, -1,
      240, 242, 243, -1,
      240, 243, 239, -1,
      234, 233, 244, -1,
      244, 233, 235, -1,
      244, 235, 236, -1,
      237, 238, 236, -1,
      236, 238, 239, -1,
      236, 239, 244, -1,
      244, 239, 243, -1,
      245, 246, 247, -1,
      247, 246, 248, -1,
      247, 248, 249, -1,
      249, 248, 250, -1,
      249, 250, 251, -1,
      251, 250, 252, -1,
      251, 252, 253, -1,
      253, 252, 254, -1,
      253, 254, 255, -1,
      255, 254, 256, -1,
      255, 256, 257, -1,
      257, 256, 258, -1,
      257, 258, 259, -1,
      259, 258, 260, -1,
      259, 260, 261, -1,
      261, 260, 262, -1,
      261, 262, 263, -1,
      263, 262, 264, -1,
      263, 264, 265, -1,
      265, 264, 266, -1,
      265, 266, 267, -1,
      267, 266, 268, -1,
      267, 268, 269, -1,
      269, 268, 270, -1,
      269, 270, 271, -1,
      271, 270, 272, -1,
      271, 272, 273, -1,
      273, 272, 274, -1,
      273, 274, 275, -1,
      275, 274, 276, -1,
      275, 276, 277, -1,
      277, 276, 278, -1,
      277, 278, 279, -1,
      279, 278, 245, -1,
      279, 245, 247, -1,
      253, 255, 98, -1,
      98, 255, 103, -1,
      253, 98, 97, -1,
      253, 97, 251, -1,
      251, 97, 96, -1,
      251, 96, 249, -1,
      249, 96, 91, -1,
      249, 91, 247, -1,
      247, 91, 90, -1,
      247, 90, 279, -1,
      279, 90, 89, -1,
      279, 89, 277, -1,
      277, 89, 88, -1,
      277, 88, 275, -1,
      275, 88, 92, -1,
      275, 92, 273, -1,
      273, 92, 93, -1,
      273, 93, 271, -1,
      271, 93, 101, -1,
      271, 101, 269, -1,
      269, 101, 100, -1,
      269, 100, 267, -1,
      267, 100, 99, -1,
      267, 99, 265, -1,
      265, 99, 102, -1,
      265, 102, 263, -1,
      263, 102, 95, -1,
      263, 95, 261, -1,
      261, 95, 94, -1,
      261, 94, 259, -1,
      257, 259, 104, -1,
      104, 259, 94, -1,
      255, 257, 103, -1,
      103, 257, 104, -1,
      260, 258, 280, -1,
      280, 258, 281, -1,
      258, 256, 281, -1,
      281, 256, 282, -1,
      256, 254, 282, -1,
      282, 254, 283, -1,
      246, 284, 285, -1,
      246, 285, 248, -1,
      248, 285, 286, -1,
      248, 286, 250, -1,
      250, 286, 287, -1,
      250, 287, 252, -1,
      252, 287, 283, -1,
      252, 283, 254, -1,
      274, 288, 289, -1,
      274, 289, 276, -1,
      276, 289, 290, -1,
      276, 290, 278, -1,
      278, 290, 291, -1,
      278, 291, 245, -1,
      245, 291, 284, -1,
      245, 284, 246, -1,
      266, 292, 293, -1,
      266, 293, 268, -1,
      268, 293, 294, -1,
      268, 294, 270, -1,
      270, 294, 295, -1,
      270, 295, 272, -1,
      272, 295, 288, -1,
      272, 288, 274, -1,
      260, 280, 296, -1,
      260, 296, 262, -1,
      262, 296, 297, -1,
      262, 297, 264, -1,
      264, 297, 292, -1,
      264, 292, 266, -1,
    ]
  }
}

Shape {
  appearance Appearance {
    material Material {
      diffuseColor 0.2510 0.2510 0.2510
      specularColor 0.1255 0.1255 0.1255
      ambientIntensity 0.2
      transparency 0.0000
      shininess 0.5
    }
  }
  geometry IndexedFaceSet {
    ccw TRUE
    solid FALSE
    coord DEF co Coordinate {
      point [
        2.098425 -0.385645 -0.235106,
        2.098425 -0.405806 -0.235106,
        2.098425 -0.405806 -0.337990,
        2.098425 -0.386430 -0.337990,
        2.098425 -0.346756 -0.324072,
        2.098425 -0.349216 -0.326304,
        2.098425 -0.358055 -0.332092,
        2.098425 -0.369468 -0.336163,
        2.098425 -0.332497 -0.285252,
        2.098425 -0.332937 -0.293689,
        2.098425 -0.335523 -0.305919,
        2.098425 -0.340115 -0.315831,
        2.098425 -0.347131 -0.247660,
        2.098425 -0.342748 -0.252097,
        2.098425 -0.337738 -0.259778,
        2.098425 -0.334144 -0.269881,
        2.098425 -0.368460 -0.237003,
        2.098425 -0.356885 -0.241179,
      ]
    }
    coordIndex [
      1, 2, 0, -1,
      0, 2, 3, -1,
      0, 3, 7, -1,
      7, 6, 0, -1,
      0, 6, 5, -1,
      0, 5, 4, -1,
      4, 11, 0, -1,
      0, 11, 10, -1,
      0, 10, 9, -1,
      9, 8, 0, -1,
      0, 8, 15, -1,
      0, 15, 14, -1,
      14, 13, 0, -1,
      0, 13, 12, -1,
      0, 12, 16, -1,
      16, 12, 17, -1,
    ]
  }
}

Shape {
  appearance Appearance {
    material Material {
      diffuseColor 1.0000 1.0000 1.0000
      specularColor 0.5020 0.5020 0.5020
      ambientIntensity 0.2
      transparency 0.0000
      shininess 0.5
    }
  }
  geometry IndexedFaceSet {
    ccw TRUE
    solid FALSE
    coord DEF co Coordinate {
      point [
        2.098425 -0.205939 -0.353205,
        2.098425 -0.219550 -0.316704,
        2.098425 -0.275119 -0.316704,
        2.098425 -0.306981 -0.353205,
        2.098425 -0.237732 -0.219756,
        2.098425 -0.256153 -0.219756,
        2.098425 -0.186904 -0.353205,
        2.098425 -0.287946 -0.353205,
        2.102362 -0.269661 -0.301626,
        2.102362 -0.275119 -0.316704,
        2.102362 -0.224871 -0.301626,
        2.102362 -0.219550 -0.316704,
        2.102362 -0.249706 -0.246159,
        2.102362 -0.256153 -0.219756,
        2.102362 -0.306981 -0.353205,
        2.102362 -0.287946 -0.353205,
        2.102362 -0.248550 -0.242176,
        2.102362 -0.247522 -0.236812,
        2.102362 -0.237732 -0.219756,
        2.102362 -0.247113 -0.236812,
        2.102362 -0.246034 -0.242457,
        2.102362 -0.245032 -0.246159,
        2.102362 -0.186904 -0.353205,
        2.102362 -0.205939 -0.353205,
        2.098425 -0.269661 -0.301626,
        2.098425 -0.224871 -0.301626,
        2.098425 -0.245032 -0.246159,
        2.098425 -0.247113 -0.236812,
        2.098425 -0.246034 -0.242457,
        2.098425 -0.247522 -0.236812,
        2.098425 -0.249706 -0.246159,
        2.098425 -0.248550 -0.242176,
      ]
    }
    coordIndex [
      8, 9, 10, -1,
      10, 9, 11, -1,
      12, 13, 8, -1,
      8, 13, 14, -1,
      8, 14, 9, -1,
      9, 14, 15, -1,
      12, 16, 13, -1,
      13, 16, 17, -1,
      13, 17, 18, -1,
      18, 17, 19, -1,
      18, 19, 20, -1,
      20, 21, 18, -1,
      18, 21, 10, -1,
      18, 10, 22, -1,
      22, 10, 11, -1,
      22, 11, 23, -1,
      18, 22, 4, -1,
      4, 22, 6, -1,
      13, 18, 5, -1,
      5, 18, 4, -1,
      14, 13, 3, -1,
      3, 13, 5, -1,
      15, 14, 7, -1,
      7, 14, 3, -1,
      9, 15, 2, -1,
      2, 15, 7, -1,
      11, 9, 1, -1,
      1, 9, 2, -1,
      23, 11, 0, -1,
      0, 11, 1, -1,
      22, 23, 6, -1,
      6, 23, 0, -1,
      8, 10, 24, -1,
      24, 10, 25, -1,
      10, 21, 25, -1,
      25, 21, 26, -1,
      19, 27, 28, -1,
      19, 28, 20, -1,
      20, 28, 26, -1,
      20, 26, 21, -1,
      19, 17, 27, -1,
      27, 17, 29, -1,
      12, 30, 31, -1,
      12, 31, 16, -1,
      16, 31, 29, -1,
      16, 29, 17, -1,
      12, 8, 30, -1,
      30, 8, 24, -1,
    ]
  }
}

Shape {
  appearance Appearance {
    material Material {
      diffuseColor 0.2510 0.2510 0.2510
      specularColor 0.1255 0.1255 0.1255
      ambientIntensity 0.2
      transparency 0.0000
      shininess 0.5
    }
  }
  geometry IndexedFaceSet {
    ccw TRUE
    solid FALSE
    coord DEF co Coordinate {
      point [
        2.098425 -0.269661 -0.301626,
        2.098425 -0.224871 -0.301626,
        2.098425 -0.245032 -0.246159,
        2.098425 -0.247113 -0.236812,
        2.098425 -0.246034 -0.242457,
        2.098425 -0.247522 -0.236812,
        2.098425 -0.249706 -0.246159,
        2.098425 -0.248550 -0.242176,
      ]
    }
    coordIndex [
      3, 5, 4, -1,
      4, 5, 7, -1,
      4, 7, 2, -1,
      2, 7, 6, -1,
      2, 6, 1, -1,
      1, 6, 0, -1,
    ]
  }
}

Shape {
  appearance Appearance {
    material Material {
      diffuseColor 1.0000 1.0000 1.0000
      specularColor 0.5020 0.5020 0.5020
      ambientIntensity 0.2
      transparency 0.0000
      shininess 0.5
    }
  }
  geometry IndexedFaceSet {
    ccw TRUE
    solid FALSE
    coord DEF co Coordinate {
      point [
        2.098425 -1.057606 -0.113665,
        2.098425 -1.032375 -0.135894,
        2.098425 -1.165855 -0.006926,
        2.098425 -1.144054 -0.021584,
        2.098425 -1.112981 -0.057430,
        2.098425 -1.092818 -0.096540,
        2.098425 -1.085599 -0.099049,
        2.098425 -1.233983 0.023646,
        2.098425 -1.186369 0.006867,
        2.098425 -1.363898 0.005040,
        2.098425 -1.320155 0.021941,
        2.098425 -1.273092 0.027754,
        2.098425 -1.488063 -0.053759,
        2.098425 -1.450519 -0.049099,
        2.098425 -1.590749 -0.142626,
        2.098425 -1.582587 -0.124123,
        2.098425 -1.559632 -0.094642,
        2.098425 -1.383201 -0.006926,
        2.098425 -1.386949 -0.009249,
        2.098425 -1.409246 -0.028344,
        2.098425 -1.439608 -0.049693,
        2.098425 -1.428696 -0.050997,
        2.098425 -1.553356 -0.088694,
        2.098425 -1.523199 -0.067446,
        2.098425 -1.488472 -0.351770,
        2.098425 -1.500629 -0.348125,
        2.098425 -1.534900 -0.331387,
        2.098425 -1.564376 -0.306227,
        2.098425 -1.585887 -0.275585,
        2.098425 -1.599558 -0.240280,
        2.098425 -1.604227 -0.202807,
        2.098425 -1.603975 -0.193985,
        2.098425 -1.601813 -0.181754,
        2.098425 -1.597670 -0.158317,
        2.098425 -1.446344 -0.403496,
        2.098425 -1.464894 -0.389493,
        2.098425 -1.478992 -0.372071,
        2.098425 -1.487276 -0.354330,
        2.098425 -1.359041 -0.407193,
        2.098425 -1.375424 -0.413474,
        2.098425 -1.398335 -0.416289,
        2.098425 -1.402063 -0.416218,
        2.098425 -1.424461 -0.412709,
        2.098425 -1.437563 -0.407193,
        2.098425 -1.309405 -0.354330,
        2.098425 -1.309450 -0.354522,
        2.098425 -1.320636 -0.375697,
        2.098425 -1.335354 -0.392221,
        2.098425 -1.354259 -0.405359,
        2.098425 -1.327174 -0.257837,
        2.098425 -1.200033 -0.191421,
        2.098425 -1.343711 -0.242771,
        2.098425 -1.363836 -0.231970,
        2.098425 -1.179872 -0.353213,
        2.098425 -1.186222 -0.351181,
        2.098425 -1.192661 -0.347192,
        2.098425 -1.196705 -0.343241,
        2.098425 -1.058157 -0.213634,
        2.098425 -1.062573 -0.195399,
        2.098425 -1.069890 -0.181754,
        2.098425 -1.542098 -0.181754,
        2.098425 -1.193531 -0.301978,
        2.098425 -1.187611 -0.298007,
        2.098425 -1.170620 -0.241708,
        2.098425 -1.181048 -0.295606,
        2.098425 -1.016654 -0.287399,
        2.098425 -1.033991 -0.310971,
        2.098425 -1.037339 -0.314474,
        2.098425 -1.062375 -0.334456,
        2.098425 -1.536591 -0.238575,
        2.098425 -1.525172 -0.258039,
        2.098425 -1.476992 -0.267737,
        2.098425 -1.508150 -0.275503,
        2.098425 -1.487523 -0.288200,
        2.098425 -1.441882 -0.236352,
        2.098425 -1.461293 -0.249816,
        2.098425 -1.544452 -0.200909,
        2.098425 -1.543348 -0.215331,
        2.098425 -1.002575 -0.192397,
        2.098425 -0.998885 -0.220834,
        2.098425 -0.999013 -0.226680,
        2.098425 -1.004068 -0.257720,
        2.098425 -1.091575 -0.347927,
        2.098425 -1.120333 -0.353667,
        2.098425 -1.176313 -0.353667,
        2.098425 -1.203828 -0.324254,
        2.098425 -1.203680 -0.321313,
        2.098425 -1.303454 -0.311920,
        2.098425 -1.201977 -0.314042,
        2.098425 -1.198487 -0.307443,
        2.098425 -1.420919 -0.228352,
        2.098425 -1.398335 -0.225578,
        2.098425 -1.386733 -0.226270,
        2.098425 -1.200703 -0.337225,
        2.098425 -1.203066 -0.330763,
        2.098425 -1.303947 -0.331087,
        2.098425 -1.303454 -0.321408,
        2.098425 -1.174415 -0.294841,
        2.098425 -1.173492 -0.294908,
        2.098425 -1.170646 -0.295539,
        2.098425 -1.076941 -0.271935,
        2.098425 -1.066511 -0.257131,
        2.098425 -1.059980 -0.240218,
        2.098425 -1.057712 -0.221783,
        2.098425 -1.168722 -0.295790,
        2.098425 -1.126026 -0.295790,
        2.098425 -1.109121 -0.292567,
        2.098425 -1.092364 -0.284841,
        2.098425 -1.078315 -0.273408,
        2.098425 -1.139309 -0.147776,
        2.098425 -1.533522 -0.156833,
        2.098425 -1.541637 -0.177999,
        2.098425 -1.131719 -0.147776,
        2.098425 -1.071364 -0.179005,
        2.098425 -1.082437 -0.166622,
        2.098425 -1.097159 -0.156356,
        2.098425 -1.113722 -0.149989,
        2.098425 -1.523648 -0.142626,
        2.098425 -1.399283 -0.120260,
        2.098425 -1.406306 -0.116433,
        2.098425 -1.154565 -0.099530,
        2.098425 -1.174078 -0.072328,
        2.098425 -1.186089 -0.060834,
        2.098425 -1.213117 -0.043042,
        2.098425 -1.243105 -0.032385,
        2.098425 -1.427589 -0.108719,
        2.098425 -1.449570 -0.106028,
        2.098425 -1.459250 -0.106522,
        2.098425 -1.140234 -0.142626,
        2.098425 -1.142294 -0.131161,
        2.098425 -1.272143 -0.029174,
        2.098425 -1.277735 -0.029285,
        2.098425 -1.386690 -0.093279,
        2.098425 -1.309287 -0.034280,
        2.098425 -1.366134 -0.067337,
        2.098425 -1.340074 -0.047387,
        2.098425 -1.482685 -0.112024,
        2.098425 -1.503859 -0.123210,
        2.098425 -1.520383 -0.137928,
        2.098425 -1.027746 -0.142626,
        2.098425 -1.013556 -0.163264,
        2.098425 -1.006587 -0.181754,
        2.102362 -1.478992 -0.372071,
        2.102362 -1.464894 -0.389493,
        2.102362 -1.487523 -0.288200,
        2.102362 -1.503859 -0.123210,
        2.102362 -1.482685 -0.112024,
        2.102362 -1.488063 -0.053759,
        2.102362 -1.320636 -0.375697,
        2.102362 -1.309450 -0.354522,
        2.102362 -1.303947 -0.331087,
        2.102362 -1.450519 -0.049099,
        2.102362 -1.170620 -0.241708,
        2.102362 -1.200033 -0.191421,
        2.102362 -1.303454 -0.311920,
        2.102362 -1.327174 -0.257837,
        2.102362 -1.303454 -0.321408,
        2.102362 -1.354259 -0.405359,
        2.102362 -1.335354 -0.392221,
        2.102362 -1.424194 -0.349691,
        2.102362 -1.416684 -0.354988,
        2.102362 -1.446344 -0.403496,
        2.102362 -1.407948 -0.358325,
        2.102362 -1.365270 -0.307746,
        2.102362 -1.362757 -0.316373,
        2.102362 -1.362420 -0.325567,
        2.102362 -1.364428 -0.334739,
        2.102362 -1.368630 -0.343038,
        2.102362 -1.428696 -0.050997,
        2.102362 -1.399283 -0.120260,
        2.102362 -1.386690 -0.093279,
        2.102362 -1.508150 -0.275503,
        2.102362 -1.500629 -0.348125,
        2.102362 -1.488472 -0.351770,
        2.102362 -1.409246 -0.028344,
        2.102362 -1.366134 -0.067337,
        2.102362 -1.386949 -0.009249,
        2.102362 -1.340074 -0.047387,
        2.102362 -1.363898 0.005040,
        2.102362 -1.459250 -0.106522,
        2.102362 -1.449570 -0.106028,
        2.102362 -1.439608 -0.049693,
        2.102362 -1.427589 -0.108719,
        2.102362 -1.406306 -0.116433,
        2.102362 -1.436106 -0.326060,
        2.102362 -1.434127 -0.334865,
        2.102362 -1.430170 -0.342738,
        2.102362 -1.424461 -0.412709,
        2.102362 -1.402063 -0.416218,
        2.102362 -1.399283 -0.359360,
        2.102362 -1.398335 -0.416289,
        2.102362 -1.390173 -0.358237,
        2.102362 -1.375424 -0.413474,
        2.102362 -1.381918 -0.355045,
        2.102362 -1.374661 -0.349961,
        2.102362 -1.179872 -0.353213,
        2.102362 -1.176313 -0.353667,
        2.102362 -1.168722 -0.295790,
        2.102362 -1.320155 0.021941,
        2.102362 -1.309287 -0.034280,
        2.102362 -1.273092 0.027754,
        2.102362 -1.144054 -0.021584,
        2.102362 -1.174078 -0.072328,
        2.102362 -1.112981 -0.057430,
        2.102362 -1.154565 -0.099530,
        2.102362 -1.092818 -0.096540,
        2.102362 -1.142294 -0.131161,
        2.102362 -1.139309 -0.147776,
        2.102362 -1.541637 -0.177999,
        2.102362 -1.603975 -0.193985,
        2.102362 -1.544452 -0.200909,
        2.102362 -1.604227 -0.202807,
        2.102362 -1.543348 -0.215331,
        2.102362 -1.599558 -0.240280,
        2.102362 -1.536591 -0.238575,
        2.102362 -1.585887 -0.275585,
        2.102362 -1.525172 -0.258039,
        2.102362 -1.564376 -0.306227,
        2.102362 -1.534900 -0.331387,
        2.102362 -1.131719 -0.147776,
        2.102362 -1.113722 -0.149989,
        2.102362 -1.085599 -0.099049,
        2.102362 -1.097159 -0.156356,
        2.102362 -1.057606 -0.113665,
        2.102362 -1.082437 -0.166622,
        2.102362 -1.032375 -0.135894,
        2.102362 -1.071364 -0.179005,
        2.102362 -1.013556 -0.163264,
        2.102362 -1.062573 -0.195399,
        2.102362 -1.002575 -0.192397,
        2.102362 -1.058157 -0.213634,
        2.102362 -0.998885 -0.220834,
        2.102362 -1.057712 -0.221783,
        2.102362 -1.126026 -0.295790,
        2.102362 -1.120333 -0.353667,
        2.102362 -1.109121 -0.292567,
        2.102362 -1.091575 -0.347927,
        2.102362 -1.092364 -0.284841,
        2.102362 -1.062375 -0.334456,
        2.102362 -1.078315 -0.273408,
        2.102362 -1.037339 -0.314474,
        2.102362 -1.076941 -0.271935,
        2.102362 -1.033991 -0.310971,
        2.102362 -1.066511 -0.257131,
        2.102362 -1.016654 -0.287399,
        2.102362 -1.059980 -0.240218,
        2.102362 -1.004068 -0.257720,
        2.102362 -0.999013 -0.226680,
        2.102362 -1.523199 -0.067446,
        2.102362 -1.553356 -0.088694,
        2.102362 -1.520383 -0.137928,
        2.102362 -1.559632 -0.094642,
        2.102362 -1.533522 -0.156833,
        2.102362 -1.582587 -0.124123,
        2.102362 -1.597670 -0.158317,
        2.102362 -1.435876 -0.316803,
        2.102362 -1.433319 -0.307796,
        2.102362 -1.476992 -0.267737,
        2.102362 -1.428609 -0.299800,
        2.102362 -1.461293 -0.249816,
        2.102362 -1.424032 -0.294877,
        2.102362 -1.441882 -0.236352,
        2.102362 -1.416577 -0.289668,
        2.102362 -1.420919 -0.228352,
        2.102362 -1.408270 -0.286468,
        2.102362 -1.398335 -0.225578,
        2.102362 -1.399283 -0.285353,
        2.102362 -1.386733 -0.226270,
        2.102362 -1.392893 -0.285913,
        2.102362 -1.363836 -0.231970,
        2.102362 -1.383947 -0.288702,
        2.102362 -1.343711 -0.242771,
        2.102362 -1.376083 -0.293560,
        2.102362 -1.369709 -0.300124,
        2.102362 -1.277735 -0.029285,
        2.102362 -1.272143 -0.029174,
        2.102362 -1.233983 0.023646,
        2.102362 -1.243105 -0.032385,
        2.102362 -1.186369 0.006867,
        2.102362 -1.213117 -0.043042,
        2.102362 -1.186089 -0.060834,
        2.102362 -1.203680 -0.321313,
        2.102362 -1.203828 -0.324254,
        2.102362 -1.173492 -0.294908,
        2.102362 -1.203066 -0.330763,
        2.102362 -1.200703 -0.337225,
        2.102362 -1.196705 -0.343241,
        2.102362 -1.192661 -0.347192,
        2.102362 -1.170646 -0.295539,
        2.102362 -1.186222 -0.351181,
        2.102362 -1.174415 -0.294841,
        2.102362 -1.181048 -0.295606,
        2.102362 -1.187611 -0.298007,
        2.102362 -1.193531 -0.301978,
        2.102362 -1.198487 -0.307443,
        2.102362 -1.201977 -0.314042,
        2.098425 -1.399283 -0.285353,
        2.098425 -1.392893 -0.285913,
        2.098425 -1.383947 -0.288702,
        2.098425 -1.376083 -0.293560,
        2.098425 -1.369709 -0.300124,
        2.098425 -1.365270 -0.307746,
        2.098425 -1.362757 -0.316373,
        2.098425 -1.362420 -0.325567,
        2.098425 -1.364428 -0.334739,
        2.098425 -1.368630 -0.343038,
        2.098425 -1.374661 -0.349961,
        2.098425 -1.381918 -0.355045,
        2.098425 -1.390173 -0.358237,
        2.098425 -1.399283 -0.359360,
        2.098425 -1.407948 -0.358325,
        2.098425 -1.416684 -0.354988,
        2.098425 -1.424194 -0.349691,
        2.098425 -1.430170 -0.342738,
        2.098425 -1.434127 -0.334865,
        2.098425 -1.436106 -0.326060,
        2.098425 -1.435876 -0.316803,
        2.098425 -1.433319 -0.307796,
        2.098425 -1.428609 -0.299800,
        2.098425 -1.424032 -0.294877,
        2.098425 -1.416577 -0.289668,
        2.098425 -1.408270 -0.286468,
      ]
    }
    coordIndex [
      142, 143, 144, -1,
      145, 146, 147, -1,
      148, 149, 150, -1,
      147, 146, 151, -1,
      152, 153, 154, -1,
      154, 153, 155, -1,
      154, 155, 156, -1,
      156, 155, 157, -1,
      156, 157, 150, -1,
      150, 157, 158, -1,
      150, 158, 148, -1,
      159, 143, 160, -1,
      160, 143, 161, -1,
      160, 161, 162, -1,
      163, 164, 155, -1,
      155, 164, 165, -1,
      155, 165, 157, -1,
      157, 165, 166, -1,
      157, 166, 167, -1,
      168, 169, 170, -1,
      171, 172, 144, -1,
      144, 172, 173, -1,
      144, 173, 142, -1,
      168, 170, 174, -1,
      174, 170, 175, -1,
      174, 175, 176, -1,
      176, 175, 177, -1,
      176, 177, 178, -1,
      146, 179, 151, -1,
      151, 179, 180, -1,
      151, 180, 181, -1,
      181, 180, 182, -1,
      181, 182, 168, -1,
      168, 182, 183, -1,
      168, 183, 169, -1,
      184, 144, 185, -1,
      185, 144, 143, -1,
      185, 143, 186, -1,
      186, 143, 159, -1,
      161, 187, 162, -1,
      162, 187, 188, -1,
      162, 188, 189, -1,
      189, 188, 190, -1,
      189, 190, 191, -1,
      191, 190, 192, -1,
      191, 192, 193, -1,
      193, 192, 157, -1,
      193, 157, 194, -1,
      194, 157, 167, -1,
      195, 196, 197, -1,
      178, 177, 198, -1,
      198, 177, 199, -1,
      198, 199, 200, -1,
      201, 202, 203, -1,
      203, 202, 204, -1,
      203, 204, 205, -1,
      205, 204, 206, -1,
      205, 206, 207, -1,
      208, 209, 210, -1,
      210, 209, 211, -1,
      210, 211, 212, -1,
      212, 211, 213, -1,
      212, 213, 214, -1,
      214, 213, 215, -1,
      214, 215, 216, -1,
      216, 215, 217, -1,
      216, 217, 171, -1,
      171, 217, 218, -1,
      171, 218, 172, -1,
      207, 219, 205, -1,
      205, 219, 220, -1,
      205, 220, 221, -1,
      221, 220, 222, -1,
      221, 222, 223, -1,
      223, 222, 224, -1,
      223, 224, 225, -1,
      225, 224, 226, -1,
      225, 226, 227, -1,
      227, 226, 228, -1,
      227, 228, 229, -1,
      229, 228, 230, -1,
      229, 230, 231, -1,
      231, 230, 232, -1,
      197, 196, 233, -1,
      233, 196, 234, -1,
      233, 234, 235, -1,
      235, 234, 236, -1,
      235, 236, 237, -1,
      237, 236, 238, -1,
      237, 238, 239, -1,
      239, 238, 240, -1,
      239, 240, 241, -1,
      241, 240, 242, -1,
      241, 242, 243, -1,
      243, 242, 244, -1,
      243, 244, 245, -1,
      245, 244, 246, -1,
      245, 246, 232, -1,
      232, 246, 247, -1,
      232, 247, 231, -1,
      147, 248, 145, -1,
      145, 248, 249, -1,
      145, 249, 250, -1,
      250, 249, 251, -1,
      250, 251, 252, -1,
      252, 251, 253, -1,
      252, 253, 208, -1,
      208, 253, 254, -1,
      208, 254, 209, -1,
      184, 255, 144, -1,
      144, 255, 256, -1,
      144, 256, 257, -1,
      257, 256, 258, -1,
      257, 258, 259, -1,
      259, 258, 260, -1,
      259, 260, 261, -1,
      261, 260, 262, -1,
      261, 262, 263, -1,
      263, 262, 264, -1,
      263, 264, 265, -1,
      265, 264, 266, -1,
      265, 266, 267, -1,
      267, 266, 268, -1,
      267, 268, 269, -1,
      269, 268, 270, -1,
      269, 270, 271, -1,
      271, 270, 272, -1,
      271, 272, 155, -1,
      155, 272, 273, -1,
      155, 273, 163, -1,
      199, 274, 200, -1,
      200, 274, 275, -1,
      200, 275, 276, -1,
      276, 275, 277, -1,
      276, 277, 278, -1,
      278, 277, 279, -1,
      278, 279, 201, -1,
      201, 279, 280, -1,
      201, 280, 202, -1,
      281, 282, 283, -1,
      283, 282, 284, -1,
      284, 285, 283, -1,
      283, 285, 286, -1,
      283, 286, 287, -1,
      197, 288, 195, -1,
      195, 288, 283, -1,
      195, 283, 289, -1,
      289, 283, 287, -1,
      283, 290, 281, -1,
      281, 290, 291, -1,
      281, 291, 292, -1,
      292, 293, 281, -1,
      281, 293, 294, -1,
      281, 294, 295, -1,
      139, 225, 140, -1,
      140, 225, 227, -1,
      140, 227, 141, -1,
      141, 227, 229, -1,
      141, 229, 78, -1,
      78, 229, 231, -1,
      78, 231, 79, -1,
      139, 1, 225, -1,
      225, 1, 0, -1,
      225, 0, 223, -1,
      223, 0, 6, -1,
      223, 6, 221, -1,
      221, 6, 5, -1,
      221, 5, 205, -1,
      205, 5, 4, -1,
      205, 4, 203, -1,
      203, 4, 3, -1,
      203, 3, 201, -1,
      278, 201, 2, -1,
      2, 201, 3, -1,
      2, 8, 278, -1,
      278, 8, 7, -1,
      278, 7, 276, -1,
      276, 7, 11, -1,
      276, 11, 200, -1,
      200, 11, 10, -1,
      200, 10, 198, -1,
      198, 10, 9, -1,
      198, 9, 178, -1,
      178, 9, 176, -1,
      176, 9, 17, -1,
      176, 17, 18, -1,
      176, 18, 19, -1,
      176, 19, 174, -1,
      174, 19, 21, -1,
      174, 21, 168, -1,
      168, 21, 20, -1,
      168, 20, 181, -1,
      181, 20, 13, -1,
      181, 13, 151, -1,
      151, 13, 12, -1,
      151, 12, 147, -1,
      147, 12, 23, -1,
      147, 23, 248, -1,
      248, 23, 22, -1,
      248, 22, 249, -1,
      249, 22, 16, -1,
      249, 16, 251, -1,
      30, 211, 209, -1,
      251, 16, 15, -1,
      251, 15, 253, -1,
      253, 15, 14, -1,
      253, 14, 254, -1,
      14, 33, 254, -1,
      254, 33, 32, -1,
      254, 32, 209, -1,
      209, 32, 31, -1,
      209, 31, 30, -1,
      211, 30, 29, -1,
      211, 29, 213, -1,
      213, 29, 28, -1,
      213, 28, 215, -1,
      215, 28, 27, -1,
      215, 27, 217, -1,
      217, 27, 26, -1,
      217, 26, 218, -1,
      218, 26, 25, -1,
      218, 25, 172, -1,
      172, 25, 24, -1,
      172, 24, 173, -1,
      173, 24, 37, -1,
      173, 37, 142, -1,
      37, 36, 142, -1,
      142, 36, 35, -1,
      142, 35, 143, -1,
      143, 35, 34, -1,
      143, 34, 161, -1,
      161, 34, 43, -1,
      161, 43, 187, -1,
      43, 42, 187, -1,
      187, 42, 41, -1,
      187, 41, 188, -1,
      188, 41, 40, -1,
      188, 40, 190, -1,
      96, 156, 150, -1,
      190, 40, 39, -1,
      38, 157, 39, -1,
      39, 157, 192, -1,
      39, 192, 190, -1,
      38, 48, 157, -1,
      157, 48, 47, -1,
      157, 47, 158, -1,
      158, 47, 46, -1,
      158, 46, 148, -1,
      148, 46, 45, -1,
      148, 45, 149, -1,
      149, 45, 44, -1,
      149, 44, 150, -1,
      150, 44, 95, -1,
      150, 95, 96, -1,
      154, 156, 87, -1,
      87, 156, 96, -1,
      152, 154, 63, -1,
      63, 154, 87, -1,
      153, 152, 50, -1,
      50, 152, 63, -1,
      155, 153, 49, -1,
      49, 153, 50, -1,
      155, 49, 51, -1,
      155, 51, 271, -1,
      271, 51, 52, -1,
      271, 52, 269, -1,
      269, 52, 92, -1,
      269, 92, 267, -1,
      267, 92, 91, -1,
      267, 91, 265, -1,
      265, 91, 90, -1,
      265, 90, 263, -1,
      263, 90, 74, -1,
      263, 74, 261, -1,
      261, 74, 75, -1,
      261, 75, 259, -1,
      259, 75, 71, -1,
      259, 71, 257, -1,
      257, 71, 73, -1,
      257, 73, 144, -1,
      144, 73, 72, -1,
      144, 72, 171, -1,
      171, 72, 70, -1,
      171, 70, 216, -1,
      216, 70, 69, -1,
      216, 69, 214, -1,
      214, 69, 77, -1,
      214, 77, 212, -1,
      212, 77, 76, -1,
      212, 76, 210, -1,
      208, 210, 76, -1,
      76, 60, 208, -1,
      208, 60, 111, -1,
      208, 111, 110, -1,
      117, 250, 110, -1,
      110, 250, 252, -1,
      110, 252, 208, -1,
      117, 138, 250, -1,
      250, 138, 137, -1,
      250, 137, 145, -1,
      145, 137, 136, -1,
      145, 136, 146, -1,
      146, 136, 127, -1,
      146, 127, 179, -1,
      179, 127, 126, -1,
      179, 126, 180, -1,
      180, 126, 125, -1,
      180, 125, 182, -1,
      182, 125, 119, -1,
      182, 119, 183, -1,
      183, 119, 118, -1,
      183, 118, 169, -1,
      169, 118, 132, -1,
      169, 132, 170, -1,
      170, 132, 134, -1,
      170, 134, 175, -1,
      175, 134, 135, -1,
      175, 135, 177, -1,
      177, 135, 133, -1,
      177, 133, 199, -1,
      199, 133, 131, -1,
      199, 131, 274, -1,
      274, 131, 130, -1,
      274, 130, 275, -1,
      275, 130, 124, -1,
      275, 124, 277, -1,
      277, 124, 123, -1,
      277, 123, 279, -1,
      279, 123, 122, -1,
      279, 122, 280, -1,
      280, 122, 121, -1,
      280, 121, 202, -1,
      202, 121, 120, -1,
      202, 120, 204, -1,
      204, 120, 129, -1,
      204, 129, 206, -1,
      206, 129, 207, -1,
      207, 129, 128, -1,
      207, 128, 109, -1,
      219, 207, 112, -1,
      112, 207, 109, -1,
      219, 112, 116, -1,
      219, 116, 220, -1,
      220, 116, 115, -1,
      220, 115, 222, -1,
      222, 115, 114, -1,
      222, 114, 224, -1,
      224, 114, 113, -1,
      224, 113, 226, -1,
      226, 113, 59, -1,
      226, 59, 228, -1,
      59, 58, 228, -1,
      228, 58, 57, -1,
      228, 57, 230, -1,
      230, 57, 103, -1,
      230, 103, 232, -1,
      232, 103, 102, -1,
      232, 102, 245, -1,
      245, 102, 101, -1,
      245, 101, 243, -1,
      243, 101, 100, -1,
      243, 100, 241, -1,
      241, 100, 108, -1,
      241, 108, 239, -1,
      239, 108, 107, -1,
      239, 107, 237, -1,
      237, 107, 106, -1,
      237, 106, 235, -1,
      235, 106, 105, -1,
      235, 105, 233, -1,
      197, 233, 104, -1,
      104, 233, 105, -1,
      197, 104, 99, -1,
      197, 99, 288, -1,
      288, 99, 98, -1,
      288, 98, 283, -1,
      283, 98, 97, -1,
      283, 97, 290, -1,
      290, 97, 64, -1,
      290, 64, 291, -1,
      291, 64, 62, -1,
      291, 62, 292, -1,
      292, 62, 61, -1,
      292, 61, 293, -1,
      293, 61, 89, -1,
      293, 89, 294, -1,
      294, 89, 88, -1,
      294, 88, 295, -1,
      295, 88, 86, -1,
      295, 86, 281, -1,
      281, 86, 85, -1,
      281, 85, 282, -1,
      282, 85, 94, -1,
      282, 94, 284, -1,
      284, 94, 93, -1,
      284, 93, 285, -1,
      285, 93, 56, -1,
      285, 56, 286, -1,
      286, 56, 55, -1,
      286, 55, 287, -1,
      287, 55, 54, -1,
      287, 54, 289, -1,
      289, 54, 53, -1,
      289, 53, 195, -1,
      195, 53, 84, -1,
      195, 84, 196, -1,
      234, 196, 83, -1,
      83, 196, 84, -1,
      234, 83, 82, -1,
      234, 82, 236, -1,
      236, 82, 68, -1,
      236, 68, 238, -1,
      238, 68, 67, -1,
      238, 67, 240, -1,
      240, 67, 66, -1,
      240, 66, 242, -1,
      242, 66, 65, -1,
      242, 65, 244, -1,
      244, 65, 81, -1,
      244, 81, 246, -1,
      246, 81, 80, -1,
      246, 80, 247, -1,
      247, 80, 79, -1,
      247, 79, 231, -1,
      266, 296, 297, -1,
      266, 297, 268, -1,
      268, 297, 298, -1,
      268, 298, 270, -1,
      270, 298, 299, -1,
      270, 299, 272, -1,
      272, 299, 300, -1,
      272, 300, 273, -1,
      273, 300, 301, -1,
      273, 301, 163, -1,
      163, 301, 302, -1,
      163, 302, 164, -1,
      164, 302, 303, -1,
      164, 303, 165, -1,
      165, 303, 304, -1,
      165, 304, 166, -1,
      166, 304, 305, -1,
      166, 305, 167, -1,
      167, 305, 306, -1,
      167, 306, 194, -1,
      194, 306, 307, -1,
      194, 307, 193, -1,
      193, 307, 308, -1,
      193, 308, 191, -1,
      191, 308, 309, -1,
      191, 309, 189, -1,
      189, 309, 310, -1,
      189, 310, 162, -1,
      162, 310, 311, -1,
      162, 311, 160, -1,
      160, 311, 312, -1,
      160, 312, 159, -1,
      159, 312, 313, -1,
      159, 313, 186, -1,
      186, 313, 314, -1,
      186, 314, 185, -1,
      185, 314, 315, -1,
      185, 315, 184, -1,
      184, 315, 316, -1,
      184, 316, 255, -1,
      255, 316, 317, -1,
      255, 317, 256, -1,
      256, 317, 318, -1,
      256, 318, 258, -1,
      258, 318, 319, -1,
      258, 319, 260, -1,
      260, 319, 320, -1,
      260, 320, 262, -1,
      262, 320, 321, -1,
      262, 321, 264, -1,
      264, 321, 296, -1,
      264, 296, 266, -1,
    ]
  }
}

Shape {
  appearance Appearance {
    material Material {
      diffuseColor 0.2510 0.2510 0.2510
      specularColor 0.1255 0.1255 0.1255
      ambientIntensity 0.2
      transparency 0.0000
      shininess 0.5
    }
  }
  geometry IndexedFaceSet {
    ccw TRUE
    solid FALSE
    coord DEF co Coordinate {
      point [
        2.098425 -1.399283 -0.285353,
        2.098425 -1.392893 -0.285913,
        2.098425 -1.383947 -0.288702,
        2.098425 -1.376083 -0.293560,
        2.098425 -1.369709 -0.300124,
        2.098425 -1.365270 -0.307746,
        2.098425 -1.362757 -0.316373,
        2.098425 -1.362420 -0.325567,
        2.098425 -1.364428 -0.334739,
        2.098425 -1.368630 -0.343038,
        2.098425 -1.374661 -0.349961,
        2.098425 -1.381918 -0.355045,
        2.098425 -1.390173 -0.358237,
        2.098425 -1.399283 -0.359360,
        2.098425 -1.407948 -0.358325,
        2.098425 -1.416684 -0.354988,
        2.098425 -1.424194 -0.349691,
        2.098425 -1.430170 -0.342738,
        2.098425 -1.434127 -0.334865,
        2.098425 -1.436106 -0.326060,
        2.098425 -1.435876 -0.316803,
        2.098425 -1.433319 -0.307796,
        2.098425 -1.428609 -0.299800,
        2.098425 -1.424032 -0.294877,
        2.098425 -1.416577 -0.289668,
        2.098425 -1.408270 -0.286468,
      ]
    }
    coordIndex [
      13, 23, 22, -1,
      0, 13, 1, -1,
      1, 13, 12, -1,
      0, 25, 13, -1,
      13, 25, 24, -1,
      13, 24, 23, -1,
      10, 4, 3, -1,
      18, 17, 22, -1,
      22, 17, 16, -1,
      12, 11, 1, -1,
      1, 11, 10, -1,
      1, 10, 2, -1,
      2, 10, 3, -1,
      21, 20, 22, -1,
      22, 20, 19, -1,
      22, 19, 18, -1,
      16, 15, 22, -1,
      22, 15, 14, -1,
      22, 14, 13, -1,
      8, 7, 9, -1,
      9, 7, 6, -1,
      9, 6, 10, -1,
      10, 6, 5, -1,
      10, 5, 4, -1,
    ]
  }
}

Shape {
  appearance Appearance {
    material Material {
      diffuseColor 0.8275 0.6667 0.1294
      specularColor 0.4118 0.3333 0.0667
      ambientIntensity 0.2
      transparency 0.0000
      shininess 0.5
    }
  }
  geometry IndexedFaceSet {
    ccw TRUE
    solid FALSE
    coord DEF co Coordinate {
      point [
        0.245064 1.610594 -0.078740,
        0.245064 1.610594 0.078740,
        0.374016 1.610594 -0.078740,
        0.374016 1.610594 0.078740,
        0.287920 0.919767 0.078740,
        0.287920 0.919767 -0.078740,
        0.289853 0.974081 0.078740,
        0.289853 0.974081 -0.078740,
        0.305470 1.026138 0.078740,
        0.305470 1.026138 -0.078740,
        0.333753 1.072547 0.078740,
        0.333753 1.072547 -0.078740,
        0.372860 1.110288 0.078740,
        0.372860 1.110288 -0.078740,
        0.420246 1.136902 0.078740,
        0.420246 1.136902 -0.078740,
        0.472826 1.150657 0.078740,
        0.472826 1.150657 -0.078740,
        0.527174 1.150657 0.078740,
        0.527174 1.150657 -0.078740,
        0.579754 1.136902 0.078740,
        0.579754 1.136902 -0.078740,
        0.627140 1.110288 0.078740,
        0.627140 1.110288 -0.078740,
        0.666247 1.072547 0.078740,
        0.666247 1.072547 -0.078740,
        0.694530 1.026138 0.078740,
        0.694530 1.026138 -0.078740,
        0.710147 0.974081 0.078740,
        0.710147 0.974081 -0.078740,
        0.712080 0.919767 0.078740,
        0.712080 0.919767 -0.078740,
        0.588086 -0.419026 0.078740,
        0.588086 -0.419026 -0.078740,
        0.588091 -0.426344 -0.078740,
        0.588091 -0.426344 0.078740,
        0.589451 -0.433535 -0.078740,
        0.589451 -0.433535 0.078740,
        0.645244 -0.627599 0.078740,
        0.645244 -0.627599 -0.078740,
        0.649147 -0.636681 -0.078740,
        0.649147 -0.636681 0.078740,
        0.655188 -0.644505 -0.078740,
        0.655188 -0.644505 0.078740,
        0.662988 -0.650578 -0.078740,
        0.662988 -0.650578 0.078740,
        0.672055 -0.654515 -0.078740,
        0.672055 -0.654515 0.078740,
        0.681817 -0.656070 -0.078740,
        0.681817 -0.656070 0.078740,
        0.691659 -0.655145 -0.078740,
        0.691659 -0.655145 0.078740,
        0.700959 -0.651798 -0.078740,
        0.700959 -0.651798 0.078740,
        0.709133 -0.646239 -0.078740,
        0.709133 -0.646239 0.078740,
        0.715665 -0.638819 -0.078740,
        0.715665 -0.638819 0.078740,
        0.720143 -0.630007 -0.078740,
        0.720143 -0.630007 0.078740,
        0.722283 -0.620356 -0.078740,
        0.722283 -0.620356 0.078740,
        0.754936 -0.268243 0.078740,
        0.754936 -0.268243 -0.078740,
        0.754936 1.610594 0.078740,
        0.754936 1.610594 -0.078740,
        0.625984 1.610594 0.078740,
        0.625984 1.610594 -0.078740,
        0.245064 -0.268243 0.078740,
        0.245064 -0.268243 -0.078740,
        0.277717 -0.620356 0.078740,
        0.277717 -0.620356 -0.078740,
        0.279857 -0.630007 -0.078740,
        0.279857 -0.630007 0.078740,
        0.284335 -0.638819 -0.078740,
        0.284335 -0.638819 0.078740,
        0.290867 -0.646239 -0.078740,
        0.290867 -0.646239 0.078740,
        0.299041 -0.651798 -0.078740,
        0.299041 -0.651798 0.078740,
        0.308341 -0.655145 -0.078740,
        0.308341 -0.655145 0.078740,
        0.318183 -0.656070 -0.078740,
        0.318183 -0.656070 0.078740,
        0.327945 -0.654515 -0.078740,
        0.327945 -0.654515 0.078740,
        0.337012 -0.650578 -0.078740,
        0.337012 -0.650578 0.078740,
        0.344812 -0.644505 -0.078740,
        0.344812 -0.644505 0.078740,
        0.350853 -0.636681 -0.078740,
        0.350853 -0.636681 0.078740,
        0.354756 -0.627599 -0.078740,
        0.354756 -0.627599 0.078740,
        0.410549 -0.433535 0.078740,
        0.410549 -0.433535 -0.078740,
        0.411909 -0.426344 -0.078740,
        0.411909 -0.426344 0.078740,
        0.411914 -0.419026 -0.078740,
        0.411914 -0.419026 0.078740,
        0.625984 2.105796 0.078740,
        0.374016 2.105796 0.078740,
        0.374016 2.105796 -0.078740,
        0.625984 2.105796 -0.078740,
        0.625984 2.523734 -0.500000,
        0.374016 2.523734 -0.500000,
        0.625984 2.814961 -0.500000,
        0.374016 2.814961 -0.500000,
        0.582996 2.933071 -0.500000,
        0.417004 2.933071 -0.500000,
        0.582996 2.933071 -0.342520,
        0.417004 2.933071 -0.342520,
        0.625984 2.814961 -0.342520,
        0.374016 2.814961 -0.342520,
        0.625984 2.523734 -0.342520,
        0.374016 2.523734 -0.342520,
        0.625984 2.514376 -0.341391,
        0.374016 2.514376 -0.341391,
        0.625984 2.505555 -0.338071,
        0.374016 2.505555 -0.338071,
        0.625984 2.497775 -0.332750,
        0.374016 2.497775 -0.332750,
        0.625984 2.491483 -0.325731,
        0.374016 2.491483 -0.325731,
        0.625984 2.267046 -0.005202,
        0.374016 2.267046 -0.005202,
        0.374016 2.235588 0.029890,
        0.625984 2.235588 0.029890,
        0.374016 2.196691 0.056498,
        0.625984 2.196691 0.056498,
        0.374016 2.152584 0.073099,
        0.625984 2.152584 0.073099,
        0.625984 2.115154 -0.079869,
        0.374016 2.115154 -0.079869,
        0.625984 2.123975 -0.083189,
        0.374016 2.123975 -0.083189,
        0.625984 2.131754 -0.088510,
        0.374016 2.131754 -0.088510,
        0.625984 2.138046 -0.095528,
        0.374016 2.138046 -0.095528,
        0.625984 2.362483 -0.416058,
        0.374016 2.362483 -0.416058,
        0.374016 2.393941 -0.451150,
        0.625984 2.393941 -0.451150,
        0.374016 2.432838 -0.477758,
        0.625984 2.432838 -0.477758,
        0.374016 2.476945 -0.494359,
        0.625984 2.476945 -0.494359,
        1.245064 1.610594 -0.078740,
        1.245064 1.610594 0.078740,
        1.374016 1.610594 -0.078740,
        1.374016 1.610594 0.078740,
        1.287920 0.919767 0.078740,
        1.287920 0.919767 -0.078740,
        1.289853 0.974081 0.078740,
        1.289853 0.974081 -0.078740,
        1.305470 1.026138 0.078740,
        1.305470 1.026138 -0.078740,
        1.333753 1.072547 0.078740,
        1.333753 1.072547 -0.078740,
        1.372860 1.110288 0.078740,
        1.372860 1.110288 -0.078740,
        1.420246 1.136902 0.078740,
        1.420246 1.136902 -0.078740,
        1.472826 1.150657 0.078740,
        1.472826 1.150657 -0.078740,
        1.527174 1.150657 0.078740,
        1.527174 1.150657 -0.078740,
        1.579754 1.136902 0.078740,
        1.579754 1.136902 -0.078740,
        1.627140 1.110288 0.078740,
        1.627140 1.110288 -0.078740,
        1.666247 1.072547 0.078740,
        1.666247 1.072547 -0.078740,
        1.694530 1.026138 0.078740,
        1.694530 1.026138 -0.078740,
        1.710147 0.974081 0.078740,
        1.710147 0.974081 -0.078740,
        1.712080 0.919767 0.078740,
        1.712080 0.919767 -0.078740,
        1.588086 -0.419026 0.078740,
        1.588086 -0.419026 -0.078740,
        1.588091 -0.426344 -0.078740,
        1.588091 -0.426344 0.078740,
        1.589451 -0.433535 -0.078740,
        1.589451 -0.433535 0.078740,
        1.645244 -0.627599 0.078740,
        1.645244 -0.627599 -0.078740,
        1.649147 -0.636681 -0.078740,
        1.649147 -0.636681 0.078740,
        1.655188 -0.644505 -0.078740,
        1.655188 -0.644505 0.078740,
        1.662988 -0.650578 -0.078740,
        1.662988 -0.650578 0.078740,
        1.672055 -0.654515 -0.078740,
        1.672055 -0.654515 0.078740,
        1.681817 -0.656070 -0.078740,
        1.681817 -0.656070 0.078740,
        1.691659 -0.655145 -0.078740,
        1.691659 -0.655145 0.078740,
        1.700959 -0.651798 -0.078740,
        1.700959 -0.651798 0.078740,
        1.709133 -0.646239 -0.078740,
        1.709133 -0.646239 0.078740,
        1.715665 -0.638819 -0.078740,
        1.715665 -0.638819 0.078740,
        1.720143 -0.630007 -0.078740,
        1.720143 -0.630007 0.078740,
        1.722283 -0.620356 -0.078740,
        1.722283 -0.620356 0.078740,
        1.754936 -0.268243 0.078740,
        1.754936 -0.268243 -0.078740,
        1.754936 1.610594 0.078740,
        1.754936 1.610594 -0.078740,
        1.625984 1.610594 0.078740,
        1.625984 1.610594 -0.078740,
        1.245064 -0.268243 0.078740,
        1.245064 -0.268243 -0.078740,
        1.277716 -0.620356 0.078740,
        1.277716 -0.620356 -0.078740,
        1.279857 -0.630007 -0.078740,
        1.279857 -0.630007 0.078740,
        1.284335 -0.638819 -0.078740,
        1.284335 -0.638819 0.078740,
        1.290867 -0.646239 -0.078740,
        1.290867 -0.646239 0.078740,
        1.299041 -0.651798 -0.078740,
        1.299041 -0.651798 0.078740,
        1.308341 -0.655145 -0.078740,
        1.308341 -0.655145 0.078740,
        1.318183 -0.656070 -0.078740,
        1.318183 -0.656070 0.078740,
        1.327945 -0.654515 -0.078740,
        1.327945 -0.654515 0.078740,
        1.337011 -0.650578 -0.078740,
        1.337011 -0.650578 0.078740,
        1.344812 -0.644505 -0.078740,
        1.344812 -0.644505 0.078740,
        1.350853 -0.636681 -0.078740,
        1.350853 -0.636681 0.078740,
        1.354756 -0.627599 -0.078740,
        1.354756 -0.627599 0.078740,
        1.410549 -0.433535 0.078740,
        1.410549 -0.433535 -0.078740,
        1.411909 -0.426344 -0.078740,
        1.411909 -0.426344 0.078740,
        1.411914 -0.419026 -0.078740,
        1.411914 -0.419026 0.078740,
        1.625984 2.105796 0.078740,
        1.374016 2.105796 0.078740,
        1.374016 2.105796 -0.078740,
        1.625984 2.105796 -0.078740,
        1.625984 2.523734 -0.500000,
        1.374016 2.523734 -0.500000,
        1.625984 2.814961 -0.500000,
        1.374016 2.814961 -0.500000,
        1.582996 2.933071 -0.500000,
        1.417004 2.933071 -0.500000,
        1.582996 2.933071 -0.342520,
        1.417004 2.933071 -0.342520,
        1.625984 2.814961 -0.342520,
        1.374016 2.814961 -0.342520,
        1.625984 2.523734 -0.342520,
        1.374016 2.523734 -0.342520,
        1.625984 2.514376 -0.341391,
        1.374016 2.514376 -0.341391,
        1.625984 2.505555 -0.338071,
        1.374016 2.505555 -0.338071,
        1.625984 2.497775 -0.332750,
        1.374016 2.497775 -0.332750,
        1.625984 2.491483 -0.325731,
        1.374016 2.491483 -0.325731,
        1.625984 2.267046 -0.005202,
        1.374016 2.267046 -0.005202,
        1.374016 2.235588 0.029890,
        1.625984 2.235588 0.029890,
        1.374016 2.196691 0.056498,
        1.625984 2.196691 0.056498,
        1.374016 2.152584 0.073099,
        1.625984 2.152584 0.073099,
        1.625984 2.115154 -0.079869,
        1.374016 2.115154 -0.079869,
        1.625984 2.123975 -0.083189,
        1.374016 2.123975 -0.083189,
        1.625984 2.131754 -0.088510,
        1.374016 2.131754 -0.088510,
        1.625984 2.138046 -0.095528,
        1.374016 2.138046 -0.095528,
        1.625984 2.362483 -0.416058,
        1.374016 2.362483 -0.416058,
        1.374016 2.393941 -0.451150,
        1.625984 2.393941 -0.451150,
        1.374016 2.432838 -0.477758,
        1.625984 2.432838 -0.477758,
        1.374016 2.476945 -0.494359,
        1.625984 2.476945 -0.494359,
      ]
    }
    coordIndex [
      0, 1, 2, -1,
      2, 1, 3, -1,
      4, 5, 6, -1,
      6, 5, 7, -1,
      6, 7, 8, -1,
      8, 7, 9, -1,
      8, 9, 10, -1,
      10, 9, 11, -1,
      10, 11, 12, -1,
      12, 11, 13, -1,
      12, 13, 14, -1,
      14, 13, 15, -1,
      14, 15, 16, -1,
      16, 15, 17, -1,
      16, 17, 18, -1,
      18, 17, 19, -1,
      18, 19, 20, -1,
      20, 19, 21, -1,
      20, 21, 22, -1,
      22, 21, 23, -1,
      22, 23, 24, -1,
      24, 23, 25, -1,
      24, 25, 26, -1,
      26, 25, 27, -1,
      26, 27, 28, -1,
      28, 27, 29, -1,
      28, 29, 30, -1,
      30, 29, 31, -1,
      32, 30, 33, -1,
      33, 30, 31, -1,
      32, 33, 34, -1,
      32, 34, 35, -1,
      35, 34, 36, -1,
      35, 36, 37, -1,
      38, 37, 39, -1,
      39, 37, 36, -1,
      38, 39, 40, -1,
      38, 40, 41, -1,
      41, 40, 42, -1,
      41, 42, 43, -1,
      43, 42, 44, -1,
      43, 44, 45, -1,
      45, 44, 46, -1,
      45, 46, 47, -1,
      47, 46, 48, -1,
      47, 48, 49, -1,
      49, 48, 50, -1,
      49, 50, 51, -1,
      51, 50, 52, -1,
      51, 52, 53, -1,
      53, 52, 54, -1,
      53, 54, 55, -1,
      55, 54, 56, -1,
      55, 56, 57, -1,
      57, 56, 58, -1,
      57, 58, 59, -1,
      59, 58, 60, -1,
      59, 60, 61, -1,
      62, 61, 63, -1,
      63, 61, 60, -1,
      64, 62, 65, -1,
      65, 62, 63, -1,
      66, 64, 67, -1,
      67, 64, 65, -1,
      68, 1, 69, -1,
      69, 1, 0, -1,
      70, 68, 71, -1,
      71, 68, 69, -1,
      70, 71, 72, -1,
      70, 72, 73, -1,
      73, 72, 74, -1,
      73, 74, 75, -1,
      75, 74, 76, -1,
      75, 76, 77, -1,
      77, 76, 78, -1,
      77, 78, 79, -1,
      79, 78, 80, -1,
      79, 80, 81, -1,
      81, 80, 82, -1,
      81, 82, 83, -1,
      83, 82, 84, -1,
      83, 84, 85, -1,
      85, 84, 86, -1,
      85, 86, 87, -1,
      87, 86, 88, -1,
      87, 88, 89, -1,
      89, 88, 90, -1,
      89, 90, 91, -1,
      91, 90, 92, -1,
      91, 92, 93, -1,
      94, 93, 95, -1,
      95, 93, 92, -1,
      94, 95, 96, -1,
      94, 96, 97, -1,
      97, 96, 98, -1,
      97, 98, 99, -1,
      4, 99, 5, -1,
      5, 99, 98, -1,
      66, 12, 14, -1,
      32, 62, 30, -1,
      30, 62, 64, -1,
      30, 64, 28, -1,
      100, 101, 66, -1,
      66, 101, 3, -1,
      68, 4, 1, -1,
      1, 4, 6, -1,
      1, 6, 3, -1,
      3, 6, 8, -1,
      3, 8, 66, -1,
      66, 8, 10, -1,
      66, 10, 12, -1,
      14, 16, 66, -1,
      66, 16, 18, -1,
      66, 18, 64, -1,
      64, 18, 20, -1,
      64, 20, 22, -1,
      22, 24, 64, -1,
      64, 24, 26, -1,
      64, 26, 28, -1,
      94, 97, 68, -1,
      68, 97, 99, -1,
      68, 99, 4, -1,
      41, 43, 61, -1,
      94, 68, 93, -1,
      93, 68, 70, -1,
      93, 70, 73, -1,
      73, 75, 93, -1,
      93, 75, 77, -1,
      93, 77, 79, -1,
      32, 35, 62, -1,
      62, 35, 37, -1,
      62, 37, 61, -1,
      61, 37, 38, -1,
      61, 38, 41, -1,
      89, 83, 87, -1,
      87, 83, 85, -1,
      79, 81, 93, -1,
      93, 81, 83, -1,
      93, 83, 91, -1,
      91, 83, 89, -1,
      43, 45, 61, -1,
      61, 45, 47, -1,
      61, 47, 59, -1,
      51, 53, 49, -1,
      49, 53, 55, -1,
      49, 55, 47, -1,
      47, 55, 57, -1,
      47, 57, 59, -1,
      23, 21, 2, -1,
      21, 19, 2, -1,
      2, 19, 17, -1,
      2, 17, 0, -1,
      0, 17, 15, -1,
      102, 103, 2, -1,
      2, 103, 67, -1,
      34, 33, 63, -1,
      63, 33, 31, -1,
      63, 31, 65, -1,
      65, 31, 29, -1,
      65, 29, 67, -1,
      67, 29, 27, -1,
      67, 27, 2, -1,
      2, 27, 25, -1,
      2, 25, 23, -1,
      15, 13, 0, -1,
      0, 13, 11, -1,
      0, 11, 9, -1,
      42, 40, 60, -1,
      60, 40, 39, -1,
      60, 39, 63, -1,
      63, 39, 36, -1,
      63, 36, 34, -1,
      9, 7, 0, -1,
      0, 7, 5, -1,
      0, 5, 69, -1,
      69, 5, 98, -1,
      58, 46, 60, -1,
      60, 46, 44, -1,
      60, 44, 42, -1,
      58, 56, 46, -1,
      46, 56, 54, -1,
      46, 54, 48, -1,
      48, 54, 52, -1,
      48, 52, 50, -1,
      78, 76, 92, -1,
      92, 76, 74, -1,
      98, 96, 69, -1,
      69, 96, 95, -1,
      69, 95, 71, -1,
      71, 95, 92, -1,
      71, 92, 72, -1,
      72, 92, 74, -1,
      90, 88, 82, -1,
      82, 88, 86, -1,
      82, 86, 84, -1,
      90, 82, 92, -1,
      92, 82, 80, -1,
      92, 80, 78, -1,
      104, 105, 106, -1,
      106, 105, 107, -1,
      106, 107, 108, -1,
      108, 107, 109, -1,
      108, 109, 110, -1,
      110, 109, 111, -1,
      110, 111, 112, -1,
      112, 111, 113, -1,
      112, 113, 114, -1,
      114, 113, 115, -1,
      114, 115, 116, -1,
      116, 115, 117, -1,
      116, 117, 118, -1,
      118, 117, 119, -1,
      118, 119, 120, -1,
      120, 119, 121, -1,
      120, 121, 122, -1,
      122, 121, 123, -1,
      124, 122, 125, -1,
      125, 122, 123, -1,
      124, 125, 126, -1,
      124, 126, 127, -1,
      127, 126, 128, -1,
      127, 128, 129, -1,
      129, 128, 130, -1,
      129, 130, 131, -1,
      131, 130, 101, -1,
      131, 101, 100, -1,
      103, 102, 132, -1,
      132, 102, 133, -1,
      132, 133, 134, -1,
      134, 133, 135, -1,
      134, 135, 136, -1,
      136, 135, 137, -1,
      136, 137, 138, -1,
      138, 137, 139, -1,
      140, 138, 141, -1,
      141, 138, 139, -1,
      140, 141, 142, -1,
      140, 142, 143, -1,
      143, 142, 144, -1,
      143, 144, 145, -1,
      145, 144, 146, -1,
      145, 146, 147, -1,
      147, 146, 105, -1,
      147, 105, 104, -1,
      106, 112, 104, -1,
      104, 112, 114, -1,
      104, 114, 147, -1,
      147, 114, 116, -1,
      147, 116, 145, -1,
      145, 116, 118, -1,
      145, 118, 143, -1,
      143, 118, 120, -1,
      143, 120, 140, -1,
      140, 120, 122, -1,
      140, 122, 138, -1,
      138, 122, 124, -1,
      138, 124, 136, -1,
      136, 124, 127, -1,
      136, 127, 134, -1,
      134, 127, 129, -1,
      134, 129, 132, -1,
      132, 129, 131, -1,
      132, 131, 103, -1,
      103, 131, 100, -1,
      103, 100, 67, -1,
      67, 100, 66, -1,
      113, 107, 115, -1,
      115, 107, 105, -1,
      115, 105, 117, -1,
      117, 105, 146, -1,
      117, 146, 119, -1,
      119, 146, 144, -1,
      119, 144, 121, -1,
      121, 144, 142, -1,
      121, 142, 123, -1,
      123, 142, 141, -1,
      123, 141, 125, -1,
      125, 141, 139, -1,
      125, 139, 126, -1,
      126, 139, 137, -1,
      126, 137, 128, -1,
      128, 137, 135, -1,
      128, 135, 130, -1,
      130, 135, 133, -1,
      130, 133, 101, -1,
      101, 133, 102, -1,
      101, 102, 3, -1,
      3, 102, 2, -1,
      106, 108, 112, -1,
      112, 108, 110, -1,
      109, 107, 111, -1,
      111, 107, 113, -1,
      148, 149, 150, -1,
      150, 149, 151, -1,
      152, 153, 154, -1,
      154, 153, 155, -1,
      154, 155, 156, -1,
      156, 155, 157, -1,
      156, 157, 158, -1,
      158, 157, 159, -1,
      158, 159, 160, -1,
      160, 159, 161, -1,
      160, 161, 162, -1,
      162, 161, 163, -1,
      162, 163, 164, -1,
      164, 163, 165, -1,
      164, 165, 166, -1,
      166, 165, 167, -1,
      166, 167, 168, -1,
      168, 167, 169, -1,
      168, 169, 170, -1,
      170, 169, 171, -1,
      170, 171, 172, -1,
      172, 171, 173, -1,
      172, 173, 174, -1,
      174, 173, 175, -1,
      174, 175, 176, -1,
      176, 175, 177, -1,
      176, 177, 178, -1,
      178, 177, 179, -1,
      180, 178, 181, -1,
      181, 178, 179, -1,
      180, 181, 182, -1,
      180, 182, 183, -1,
      183, 182, 184, -1,
      183, 184, 185, -1,
      186, 185, 187, -1,
      187, 185, 184, -1,
      186, 187, 188, -1,
      186, 188, 189, -1,
      189, 188, 190, -1,
      189, 190, 191, -1,
      191, 190, 192, -1,
      191, 192, 193, -1,
      193, 192, 194, -1,
      193, 194, 195, -1,
      195, 194, 196, -1,
      195, 196, 197, -1,
      197, 196, 198, -1,
      197, 198, 199, -1,
      199, 198, 200, -1,
      199, 200, 201, -1,
      201, 200, 202, -1,
      201, 202, 203, -1,
      203, 202, 204, -1,
      203, 204, 205, -1,
      205, 204, 206, -1,
      205, 206, 207, -1,
      207, 206, 208, -1,
      207, 208, 209, -1,
      210, 209, 211, -1,
      211, 209, 208, -1,
      212, 210, 213, -1,
      213, 210, 211, -1,
      214, 212, 215, -1,
      215, 212, 213, -1,
      216, 149, 217, -1,
      217, 149, 148, -1,
      218, 216, 219, -1,
      219, 216, 217, -1,
      218, 219, 220, -1,
      218, 220, 221, -1,
      221, 220, 222, -1,
      221, 222, 223, -1,
      223, 222, 224, -1,
      223, 224, 225, -1,
      225, 224, 226, -1,
      225, 226, 227, -1,
      227, 226, 228, -1,
      227, 228, 229, -1,
      229, 228, 230, -1,
      229, 230, 231, -1,
      231, 230, 232, -1,
      231, 232, 233, -1,
      233, 232, 234, -1,
      233, 234, 235, -1,
      235, 234, 236, -1,
      235, 236, 237, -1,
      237, 236, 238, -1,
      237, 238, 239, -1,
      239, 238, 240, -1,
      239, 240, 241, -1,
      242, 241, 243, -1,
      243, 241, 240, -1,
      242, 243, 244, -1,
      242, 244, 245, -1,
      245, 244, 246, -1,
      245, 246, 247, -1,
      152, 247, 153, -1,
      153, 247, 246, -1,
      172, 174, 212, -1,
      172, 212, 170, -1,
      160, 162, 214, -1,
      174, 176, 212, -1,
      212, 176, 178, -1,
      212, 178, 210, -1,
      210, 178, 180, -1,
      248, 249, 214, -1,
      214, 249, 151, -1,
      162, 164, 214, -1,
      214, 164, 166, -1,
      214, 166, 212, -1,
      212, 166, 168, -1,
      212, 168, 170, -1,
      216, 242, 245, -1,
      245, 247, 216, -1,
      216, 247, 152, -1,
      216, 152, 149, -1,
      149, 152, 154, -1,
      149, 154, 151, -1,
      151, 154, 156, -1,
      151, 156, 214, -1,
      214, 156, 158, -1,
      214, 158, 160, -1,
      242, 216, 241, -1,
      241, 216, 218, -1,
      241, 218, 221, -1,
      189, 191, 209, -1,
      221, 223, 241, -1,
      241, 223, 225, -1,
      241, 225, 227, -1,
      180, 183, 210, -1,
      210, 183, 185, -1,
      210, 185, 209, -1,
      209, 185, 186, -1,
      209, 186, 189, -1,
      237, 231, 235, -1,
      235, 231, 233, -1,
      227, 229, 241, -1,
      241, 229, 231, -1,
      241, 231, 239, -1,
      239, 231, 237, -1,
      191, 193, 209, -1,
      209, 193, 195, -1,
      209, 195, 207, -1,
      199, 201, 197, -1,
      197, 201, 203, -1,
      197, 203, 195, -1,
      195, 203, 205, -1,
      195, 205, 207, -1,
      171, 169, 150, -1,
      250, 251, 150, -1,
      150, 251, 215, -1,
      211, 179, 213, -1,
      213, 179, 177, -1,
      213, 177, 215, -1,
      215, 177, 175, -1,
      215, 175, 150, -1,
      150, 175, 173, -1,
      150, 173, 171, -1,
      169, 167, 150, -1,
      150, 167, 165, -1,
      150, 165, 148, -1,
      148, 165, 163, -1,
      184, 182, 211, -1,
      211, 182, 181, -1,
      211, 181, 179, -1,
      163, 161, 148, -1,
      148, 161, 159, -1,
      148, 159, 157, -1,
      157, 155, 148, -1,
      148, 155, 153, -1,
      148, 153, 217, -1,
      217, 153, 246, -1,
      184, 211, 187, -1,
      187, 211, 208, -1,
      187, 208, 188, -1,
      194, 208, 206, -1,
      194, 192, 208, -1,
      208, 192, 190, -1,
      208, 190, 188, -1,
      226, 224, 240, -1,
      246, 244, 217, -1,
      217, 244, 243, -1,
      217, 243, 219, -1,
      219, 243, 240, -1,
      224, 222, 240, -1,
      240, 222, 220, -1,
      240, 220, 219, -1,
      206, 204, 194, -1,
      194, 204, 202, -1,
      194, 202, 196, -1,
      196, 202, 200, -1,
      196, 200, 198, -1,
      238, 236, 230, -1,
      230, 236, 234, -1,
      230, 234, 232, -1,
      238, 230, 240, -1,
      240, 230, 228, -1,
      240, 228, 226, -1,
      252, 253, 254, -1,
      254, 253, 255, -1,
      254, 255, 256, -1,
      256, 255, 257, -1,
      256, 257, 258, -1,
      258, 257, 259, -1,
      258, 259, 260, -1,
      260, 259, 261, -1,
      260, 261, 262, -1,
      262, 261, 263, -1,
      262, 263, 264, -1,
      264, 263, 265, -1,
      264, 265, 266, -1,
      266, 265, 267, -1,
      266, 267, 268, -1,
      268, 267, 269, -1,
      268, 269, 270, -1,
      270, 269, 271, -1,
      272, 270, 273, -1,
      273, 270, 271, -1,
      272, 273, 274, -1,
      272, 274, 275, -1,
      275, 274, 276, -1,
      275, 276, 277, -1,
      277, 276, 278, -1,
      277, 278, 279, -1,
      279, 278, 249, -1,
      279, 249, 248, -1,
      251, 250, 280, -1,
      280, 250, 281, -1,
      280, 281, 282, -1,
      282, 281, 283, -1,
      282, 283, 284, -1,
      284, 283, 285, -1,
      284, 285, 286, -1,
      286, 285, 287, -1,
      288, 286, 289, -1,
      289, 286, 287, -1,
      288, 289, 290, -1,
      288, 290, 291, -1,
      291, 290, 292, -1,
      291, 292, 293, -1,
      293, 292, 294, -1,
      293, 294, 295, -1,
      295, 294, 253, -1,
      295, 253, 252, -1,
      254, 260, 252, -1,
      252, 260, 262, -1,
      252, 262, 295, -1,
      295, 262, 264, -1,
      295, 264, 293, -1,
      293, 264, 266, -1,
      293, 266, 291, -1,
      291, 266, 268, -1,
      291, 268, 288, -1,
      288, 268, 270, -1,
      288, 270, 286, -1,
      286, 270, 272, -1,
      286, 272, 284, -1,
      284, 272, 275, -1,
      284, 275, 282, -1,
      282, 275, 277, -1,
      282, 277, 280, -1,
      280, 277, 279, -1,
      280, 279, 251, -1,
      251, 279, 248, -1,
      251, 248, 215, -1,
      215, 248, 214, -1,
      261, 255, 263, -1,
      263, 255, 253, -1,
      263, 253, 265, -1,
      265, 253, 294, -1,
      265, 294, 267, -1,
      267, 294, 292, -1,
      267, 292, 269, -1,
      269, 292, 290, -1,
      269, 290, 271, -1,
      271, 290, 289, -1,
      271, 289, 273, -1,
      273, 289, 287, -1,
      273, 287, 274, -1,
      274, 287, 285, -1,
      274, 285, 276, -1,
      276, 285, 283, -1,
      276, 283, 278, -1,
      278, 283, 281, -1,
      278, 281, 249, -1,
      249, 281, 250, -1,
      249, 250, 151, -1,
      151, 250, 150, -1,
      254, 256, 260, -1,
      260, 256, 258, -1,
      257, 255, 259, -1,
      259, 255, 261, -1,
    ]
  }
}
