#VRML V2.0 utf8

Shape {
  appearance Appearance {
    material Material {
      diffuseColor 0.7490 0.5137 0.0000
      specularColor 0.6588 0.4510 0.0000
      ambientIntensity 0.2
      transparency 0.0000
      shininess 0.5
    }
  }
  geometry IndexedFaceSet {
    ccw TRUE
    solid FALSE
    coord DEF co Coordinate {
      point [
        -0.342520 -0.610236 -0.421260,
        -0.342520 -0.610236 -0.578740,
        -0.421260 -0.767717 -0.421260,
        -0.421260 -0.767717 -0.578740,
        -0.342520 0.748031 -0.421260,
        -0.342520 0.748031 -0.578740,
        -0.775394 -1.082677 -0.421260,
        -0.775394 -1.082677 -0.578740,
        -0.578740 -0.767717 -0.421260,
        -0.578740 -0.767717 -0.578740,
        -0.893701 0.748031 -0.421260,
        -0.893701 0.748031 -0.578740,
        -0.224606 -1.082677 -0.421260,
        -0.224606 -1.082677 -0.578740,
        -0.657480 -0.610236 -0.421260,
        -0.657480 -0.610236 -0.578740,
        -0.452756 3.051334 -0.984252,
        -0.547244 3.051334 -0.984252,
        -0.452756 3.051334 -0.826772,
        -0.547244 3.051334 -0.826772,
        -0.106299 0.748031 -0.421260,
        -0.106299 0.748031 -0.578740,
        -0.657480 0.748031 -0.421260,
        -0.657480 0.748031 -0.578740,
        -0.625984 2.972594 -0.984252,
        -0.625984 2.972594 -0.826772,
        -0.624010 2.990115 -0.826772,
        -0.624010 2.990115 -0.984252,
        -0.618187 3.006758 -0.826772,
        -0.618187 3.006758 -0.984252,
        -0.608806 3.021687 -0.826772,
        -0.608806 3.021687 -0.984252,
        -0.596338 3.034156 -0.826772,
        -0.596338 3.034156 -0.984252,
        -0.581408 3.043537 -0.826772,
        -0.581408 3.043537 -0.984252,
        -0.564765 3.049360 -0.826772,
        -0.564765 3.049360 -0.984252,
        -0.374016 2.279751 -0.894319,
        -0.625984 2.279751 -0.894319,
        -0.625984 2.311219 -0.931774,
        -0.374016 2.311219 -0.931774,
        -0.625984 2.350952 -0.960313,
        -0.374016 2.350952 -0.960313,
        -0.625984 2.396494 -0.978173,
        -0.374016 2.396494 -0.978173,
        -0.625984 2.445035 -0.984252,
        -0.374016 2.445035 -0.984252,
        -0.374016 2.133788 -0.668673,
        -0.625984 2.133788 -0.668673,
        -0.611356 0.859387 -0.421260,
        -0.578740 0.884413 -0.421260,
        -0.204724 1.299213 -0.421260,
        -0.540759 0.900146 -0.421260,
        -0.500000 0.905512 -0.421260,
        -0.652114 0.788791 -0.421260,
        -0.636382 0.826772 -0.421260,
        -0.795276 1.476378 -0.421260,
        -0.795276 1.299213 -0.421260,
        -0.625984 1.476378 -0.421260,
        -0.374016 1.476378 -0.421260,
        -0.625984 1.968504 -0.421260,
        -0.374016 1.968504 -0.421260,
        -0.106299 1.299213 -0.421260,
        -0.363618 0.826772 -0.421260,
        -0.347886 0.788791 -0.421260,
        -0.204724 1.476378 -0.421260,
        -0.893701 1.299213 -0.421260,
        -0.459241 0.900146 -0.421260,
        -0.421260 0.884413 -0.421260,
        -0.388644 0.859387 -0.421260,
        -0.374016 2.266015 -0.583140,
        -0.625984 2.266015 -0.583140,
        -0.625984 2.222018 -0.528041,
        -0.374016 2.222018 -0.528041,
        -0.625984 2.167981 -0.482744,
        -0.374016 2.167981 -0.482744,
        -0.625984 2.106046 -0.449044,
        -0.374016 2.106046 -0.449044,
        -0.625984 2.038664 -0.428276,
        -0.374016 2.038664 -0.428276,
        -0.625984 2.411978 -0.808785,
        -0.374016 2.411978 -0.808785,
        -0.374016 2.445035 -0.826772,
        -0.625984 2.445035 -0.826772,
        -0.374016 2.435327 -0.825556,
        -0.625984 2.435327 -0.825556,
        -0.374016 2.426218 -0.821984,
        -0.625984 2.426218 -0.821984,
        -0.374016 2.418272 -0.816276,
        -0.625984 2.418272 -0.816276,
        -0.384565 3.011964 -0.826772,
        -0.397078 3.028272 -0.826772,
        -0.413386 3.040785 -0.826772,
        -0.432376 3.048651 -0.826772,
        -0.374016 2.972594 -0.826772,
        -0.376699 2.992974 -0.826772,
        -0.432376 3.048651 -0.984252,
        -0.413386 3.040785 -0.984252,
        -0.397078 3.028272 -0.984252,
        -0.384565 3.011964 -0.984252,
        -0.376699 2.992974 -0.984252,
        -0.374016 2.972594 -0.984252,
        -0.106299 1.299213 -0.578740,
        -0.652114 0.788791 -0.578740,
        -0.636382 0.826772 -0.578740,
        -0.611356 0.859387 -0.578740,
        -0.578740 0.884413 -0.578740,
        -0.540759 0.900146 -0.578740,
        -0.500000 0.905512 -0.578740,
        -0.459241 0.900146 -0.578740,
        -0.421260 0.884413 -0.578740,
        -0.388644 0.859387 -0.578740,
        -0.363618 0.826772 -0.578740,
        -0.347886 0.788791 -0.578740,
        -0.893701 1.299213 -0.578740,
        -0.795276 1.299213 -0.578740,
        -0.795276 1.476378 -0.578740,
        -0.625984 1.476378 -0.578740,
        -0.625984 1.968504 -0.578740,
        -0.625984 2.017044 -0.584819,
        -0.625984 2.062587 -0.602679,
        -0.625984 2.102320 -0.631218,
        -0.374016 1.968504 -0.578740,
        -0.374016 2.017044 -0.584819,
        -0.374016 2.062587 -0.602679,
        -0.374016 2.102320 -0.631218,
        -0.374016 1.476378 -0.578740,
        -0.204724 1.476378 -0.578740,
        -0.204724 1.299213 -0.578740,
        0.657480 -0.610236 -0.421260,
        0.657480 -0.610236 -0.578740,
        0.578740 -0.767717 -0.421260,
        0.578740 -0.767717 -0.578740,
        0.657480 0.748031 -0.421260,
        0.657480 0.748031 -0.578740,
        0.224606 -1.082677 -0.421260,
        0.224606 -1.082677 -0.578740,
        0.421260 -0.767717 -0.421260,
        0.421260 -0.767717 -0.578740,
        0.106299 0.748031 -0.421260,
        0.106299 0.748031 -0.578740,
        0.775394 -1.082677 -0.421260,
        0.775394 -1.082677 -0.578740,
        0.342520 -0.610236 -0.421260,
        0.342520 -0.610236 -0.578740,
        0.547244 3.051334 -0.984252,
        0.452756 3.051334 -0.984252,
        0.547244 3.051334 -0.826772,
        0.452756 3.051334 -0.826772,
        0.893701 0.748031 -0.421260,
        0.893701 0.748031 -0.578740,
        0.342520 0.748031 -0.421260,
        0.342520 0.748031 -0.578740,
        0.374016 2.972594 -0.984252,
        0.374016 2.972594 -0.826772,
        0.375990 2.990115 -0.826772,
        0.375990 2.990115 -0.984252,
        0.381813 3.006758 -0.826772,
        0.381813 3.006758 -0.984252,
        0.391194 3.021687 -0.826772,
        0.391194 3.021687 -0.984252,
        0.403662 3.034156 -0.826772,
        0.403662 3.034156 -0.984252,
        0.418592 3.043537 -0.826772,
        0.418592 3.043537 -0.984252,
        0.435235 3.049360 -0.826772,
        0.435235 3.049360 -0.984252,
        0.625984 2.279751 -0.894319,
        0.374016 2.279751 -0.894319,
        0.374016 2.311219 -0.931774,
        0.625984 2.311219 -0.931774,
        0.374016 2.350952 -0.960313,
        0.625984 2.350952 -0.960313,
        0.374016 2.396494 -0.978173,
        0.625984 2.396494 -0.978173,
        0.374016 2.445035 -0.984252,
        0.625984 2.445035 -0.984252,
        0.625984 2.133788 -0.668673,
        0.374016 2.133788 -0.668673,
        0.347886 0.788791 -0.421260,
        0.363618 0.826772 -0.421260,
        0.388644 0.859387 -0.421260,
        0.421260 0.884413 -0.421260,
        0.795276 1.299213 -0.421260,
        0.459241 0.900146 -0.421260,
        0.500000 0.905512 -0.421260,
        0.204724 1.476378 -0.421260,
        0.204724 1.299213 -0.421260,
        0.374016 1.476378 -0.421260,
        0.625984 1.476378 -0.421260,
        0.374016 1.968504 -0.421260,
        0.625984 1.968504 -0.421260,
        0.795276 1.476378 -0.421260,
        0.106299 1.299213 -0.421260,
        0.893701 1.299213 -0.421260,
        0.636382 0.826772 -0.421260,
        0.652114 0.788791 -0.421260,
        0.540759 0.900146 -0.421260,
        0.578740 0.884413 -0.421260,
        0.611356 0.859387 -0.421260,
        0.625984 2.266015 -0.583140,
        0.374016 2.266015 -0.583140,
        0.374016 2.222018 -0.528041,
        0.625984 2.222018 -0.528041,
        0.374016 2.167981 -0.482744,
        0.625984 2.167981 -0.482744,
        0.374016 2.106046 -0.449044,
        0.625984 2.106046 -0.449044,
        0.374016 2.038664 -0.428276,
        0.625984 2.038664 -0.428276,
        0.374016 2.411978 -0.808785,
        0.625984 2.411978 -0.808785,
        0.625984 2.445035 -0.826772,
        0.374016 2.445035 -0.826772,
        0.625984 2.435327 -0.825556,
        0.374016 2.435327 -0.825556,
        0.625984 2.426218 -0.821984,
        0.374016 2.426218 -0.821984,
        0.625984 2.418272 -0.816276,
        0.374016 2.418272 -0.816276,
        0.615435 3.011964 -0.826772,
        0.602922 3.028272 -0.826772,
        0.586614 3.040785 -0.826772,
        0.567624 3.048651 -0.826772,
        0.625984 2.972594 -0.826772,
        0.623301 2.992974 -0.826772,
        0.567624 3.048651 -0.984252,
        0.586614 3.040785 -0.984252,
        0.602922 3.028272 -0.984252,
        0.615435 3.011964 -0.984252,
        0.623301 2.992974 -0.984252,
        0.625984 2.972594 -0.984252,
        0.893701 1.299213 -0.578740,
        0.347886 0.788791 -0.578740,
        0.363618 0.826772 -0.578740,
        0.388644 0.859387 -0.578740,
        0.421260 0.884413 -0.578740,
        0.459241 0.900146 -0.578740,
        0.500000 0.905512 -0.578740,
        0.540759 0.900146 -0.578740,
        0.578740 0.884413 -0.578740,
        0.611356 0.859387 -0.578740,
        0.636382 0.826772 -0.578740,
        0.652114 0.788791 -0.578740,
        0.106299 1.299213 -0.578740,
        0.204724 1.299213 -0.578740,
        0.204724 1.476378 -0.578740,
        0.374016 1.476378 -0.578740,
        0.374016 1.968504 -0.578740,
        0.374016 2.017044 -0.584819,
        0.374016 2.062587 -0.602679,
        0.374016 2.102320 -0.631218,
        0.625984 1.968504 -0.578740,
        0.625984 2.017044 -0.584819,
        0.625984 2.062587 -0.602679,
        0.625984 2.102320 -0.631218,
        0.625984 1.476378 -0.578740,
        0.795276 1.476378 -0.578740,
        0.795276 1.299213 -0.578740,
        1.657480 -0.610236 -0.421260,
        1.657480 -0.610236 -0.578740,
        1.578740 -0.767717 -0.421260,
        1.578740 -0.767717 -0.578740,
        1.657480 0.748031 -0.421260,
        1.657480 0.748031 -0.578740,
        1.224606 -1.082677 -0.421260,
        1.224606 -1.082677 -0.578740,
        1.421260 -0.767717 -0.421260,
        1.421260 -0.767717 -0.578740,
        1.106299 0.748031 -0.421260,
        1.106299 0.748031 -0.578740,
        1.775394 -1.082677 -0.421260,
        1.775394 -1.082677 -0.578740,
        1.342520 -0.610236 -0.421260,
        1.342520 -0.610236 -0.578740,
        1.547244 3.051334 -0.984252,
        1.452756 3.051334 -0.984252,
        1.547244 3.051334 -0.826772,
        1.452756 3.051334 -0.826772,
        1.893701 0.748031 -0.421260,
        1.893701 0.748031 -0.578740,
        1.342520 0.748031 -0.421260,
        1.342520 0.748031 -0.578740,
        1.374016 2.972594 -0.984252,
        1.374016 2.972594 -0.826772,
        1.375990 2.990115 -0.826772,
        1.375990 2.990115 -0.984252,
        1.381813 3.006758 -0.826772,
        1.381813 3.006758 -0.984252,
        1.391194 3.021687 -0.826772,
        1.391194 3.021687 -0.984252,
        1.403662 3.034156 -0.826772,
        1.403662 3.034156 -0.984252,
        1.418592 3.043537 -0.826772,
        1.418592 3.043537 -0.984252,
        1.435235 3.049360 -0.826772,
        1.435235 3.049360 -0.984252,
        1.625984 2.279751 -0.894319,
        1.374016 2.279751 -0.894319,
        1.374016 2.311219 -0.931774,
        1.625984 2.311219 -0.931774,
        1.374016 2.350952 -0.960313,
        1.625984 2.350952 -0.960313,
        1.374016 2.396494 -0.978173,
        1.625984 2.396494 -0.978173,
        1.374016 2.445035 -0.984252,
        1.625984 2.445035 -0.984252,
        1.625984 2.133788 -0.668673,
        1.374016 2.133788 -0.668673,
        1.893701 1.299213 -0.421260,
        1.636382 0.826772 -0.421260,
        1.652115 0.788791 -0.421260,
        1.347886 0.788791 -0.421260,
        1.363618 0.826772 -0.421260,
        1.388644 0.859387 -0.421260,
        1.204724 1.476378 -0.421260,
        1.204724 1.299213 -0.421260,
        1.374016 1.476378 -0.421260,
        1.625984 1.476378 -0.421260,
        1.374016 1.968504 -0.421260,
        1.625984 1.968504 -0.421260,
        1.421260 0.884413 -0.421260,
        1.795276 1.299213 -0.421260,
        1.459241 0.900146 -0.421260,
        1.500000 0.905512 -0.421260,
        1.795276 1.476378 -0.421260,
        1.106299 1.299213 -0.421260,
        1.540759 0.900146 -0.421260,
        1.578740 0.884413 -0.421260,
        1.611356 0.859387 -0.421260,
        1.625984 2.266015 -0.583140,
        1.374016 2.266015 -0.583140,
        1.374016 2.222018 -0.528041,
        1.625984 2.222018 -0.528041,
        1.374016 2.167981 -0.482744,
        1.625984 2.167981 -0.482744,
        1.374016 2.106046 -0.449044,
        1.625984 2.106046 -0.449044,
        1.374016 2.038664 -0.428276,
        1.625984 2.038664 -0.428276,
        1.374016 2.411978 -0.808785,
        1.625984 2.411978 -0.808785,
        1.625984 2.445035 -0.826772,
        1.374016 2.445035 -0.826772,
        1.625984 2.435327 -0.825556,
        1.374016 2.435327 -0.825556,
        1.625984 2.426218 -0.821984,
        1.374016 2.426218 -0.821984,
        1.625984 2.418272 -0.816276,
        1.374016 2.418272 -0.816276,
        1.625984 2.972594 -0.826772,
        1.615435 3.011964 -0.826772,
        1.602922 3.028272 -0.826772,
        1.586614 3.040785 -0.826772,
        1.623301 2.992974 -0.826772,
        1.567624 3.048651 -0.826772,
        1.567624 3.048651 -0.984252,
        1.586614 3.040785 -0.984252,
        1.602922 3.028272 -0.984252,
        1.615435 3.011964 -0.984252,
        1.623301 2.992974 -0.984252,
        1.625984 2.972594 -0.984252,
        1.893701 1.299213 -0.578740,
        1.347886 0.788791 -0.578740,
        1.363618 0.826772 -0.578740,
        1.388644 0.859387 -0.578740,
        1.421260 0.884413 -0.578740,
        1.459241 0.900146 -0.578740,
        1.500000 0.905512 -0.578740,
        1.540759 0.900146 -0.578740,
        1.578740 0.884413 -0.578740,
        1.611356 0.859387 -0.578740,
        1.636382 0.826772 -0.578740,
        1.652115 0.788791 -0.578740,
        1.106299 1.299213 -0.578740,
        1.204724 1.299213 -0.578740,
        1.204724 1.476378 -0.578740,
        1.374016 1.476378 -0.578740,
        1.374016 1.968504 -0.578740,
        1.374016 2.017044 -0.584819,
        1.374016 2.062587 -0.602679,
        1.374016 2.102320 -0.631218,
        1.625984 1.968504 -0.578740,
        1.625984 2.017044 -0.584819,
        1.625984 2.062587 -0.602679,
        1.625984 2.102320 -0.631218,
        1.625984 1.476378 -0.578740,
        1.795276 1.476378 -0.578740,
        1.795276 1.299213 -0.578740,
        2.657480 -0.610236 -0.421260,
        2.657480 -0.610236 -0.578740,
        2.578740 -0.767717 -0.421260,
        2.578740 -0.767717 -0.578740,
        2.657480 0.748031 -0.421260,
        2.657480 0.748031 -0.578740,
        2.224606 -1.082677 -0.421260,
        2.224606 -1.082677 -0.578740,
        2.421260 -0.767717 -0.421260,
        2.421260 -0.767717 -0.578740,
        2.106299 0.748031 -0.421260,
        2.106299 0.748031 -0.578740,
        2.775394 -1.082677 -0.421260,
        2.775394 -1.082677 -0.578740,
        2.342520 -0.610236 -0.421260,
        2.342520 -0.610236 -0.578740,
        2.547244 3.051334 -0.984252,
        2.452756 3.051334 -0.984252,
        2.547244 3.051334 -0.826772,
        2.452756 3.051334 -0.826772,
        2.893701 0.748031 -0.421260,
        2.893701 0.748031 -0.578740,
        2.342520 0.748031 -0.421260,
        2.342520 0.748031 -0.578740,
        2.374016 2.972594 -0.984252,
        2.374016 2.972594 -0.826772,
        2.375990 2.990115 -0.826772,
        2.375990 2.990115 -0.984252,
        2.381813 3.006758 -0.826772,
        2.381813 3.006758 -0.984252,
        2.391194 3.021687 -0.826772,
        2.391194 3.021687 -0.984252,
        2.403662 3.034156 -0.826772,
        2.403662 3.034156 -0.984252,
        2.418592 3.043537 -0.826772,
        2.418592 3.043537 -0.984252,
        2.435235 3.049360 -0.826772,
        2.435235 3.049360 -0.984252,
        2.625984 2.279751 -0.894319,
        2.374016 2.279751 -0.894319,
        2.374016 2.311219 -0.931774,
        2.625984 2.311219 -0.931774,
        2.374016 2.350952 -0.960313,
        2.625984 2.350952 -0.960313,
        2.374016 2.396494 -0.978173,
        2.625984 2.396494 -0.978173,
        2.374016 2.445035 -0.984252,
        2.625984 2.445035 -0.984252,
        2.625984 2.133788 -0.668673,
        2.374016 2.133788 -0.668673,
        2.388644 0.859387 -0.421260,
        2.421260 0.884413 -0.421260,
        2.795276 1.299213 -0.421260,
        2.459241 0.900146 -0.421260,
        2.500000 0.905512 -0.421260,
        2.652114 0.788791 -0.421260,
        2.636382 0.826772 -0.421260,
        2.893701 1.299213 -0.421260,
        2.347886 0.788791 -0.421260,
        2.363618 0.826772 -0.421260,
        2.204724 1.476378 -0.421260,
        2.204724 1.299213 -0.421260,
        2.374016 1.476378 -0.421260,
        2.625984 1.476378 -0.421260,
        2.374016 1.968504 -0.421260,
        2.625984 1.968504 -0.421260,
        2.540759 0.900146 -0.421260,
        2.578740 0.884413 -0.421260,
        2.611356 0.859387 -0.421260,
        2.795276 1.476378 -0.421260,
        2.106299 1.299213 -0.421260,
        2.625984 2.266015 -0.583140,
        2.374016 2.266015 -0.583140,
        2.374016 2.222018 -0.528041,
        2.625984 2.222018 -0.528041,
        2.374016 2.167981 -0.482744,
        2.625984 2.167981 -0.482744,
        2.374016 2.106046 -0.449044,
        2.625984 2.106046 -0.449044,
        2.374016 2.038664 -0.428276,
        2.625984 2.038664 -0.428276,
        2.374016 2.411978 -0.808785,
        2.625984 2.411978 -0.808785,
        2.625984 2.445035 -0.826772,
        2.374016 2.445035 -0.826772,
        2.625984 2.435327 -0.825556,
        2.374016 2.435327 -0.825556,
        2.625984 2.426218 -0.821984,
        2.374016 2.426218 -0.821984,
        2.625984 2.418272 -0.816276,
        2.374016 2.418272 -0.816276,
        2.625984 2.972594 -0.826772,
        2.615435 3.011964 -0.826772,
        2.602922 3.028272 -0.826772,
        2.586614 3.040785 -0.826772,
        2.623301 2.992974 -0.826772,
        2.567624 3.048651 -0.826772,
        2.567624 3.048651 -0.984252,
        2.586614 3.040785 -0.984252,
        2.602922 3.028272 -0.984252,
        2.615435 3.011964 -0.984252,
        2.623301 2.992974 -0.984252,
        2.625984 2.972594 -0.984252,
        2.893701 1.299213 -0.578740,
        2.347886 0.788791 -0.578740,
        2.363618 0.826772 -0.578740,
        2.388644 0.859387 -0.578740,
        2.421260 0.884413 -0.578740,
        2.459241 0.900146 -0.578740,
        2.500000 0.905512 -0.578740,
        2.540759 0.900146 -0.578740,
        2.578740 0.884413 -0.578740,
        2.611356 0.859387 -0.578740,
        2.636382 0.826772 -0.578740,
        2.652114 0.788791 -0.578740,
        2.106299 1.299213 -0.578740,
        2.204724 1.299213 -0.578740,
        2.204724 1.476378 -0.578740,
        2.374016 1.476378 -0.578740,
        2.374016 1.968504 -0.578740,
        2.374016 2.017044 -0.584819,
        2.374016 2.062587 -0.602679,
        2.374016 2.102320 -0.631218,
        2.625984 1.968504 -0.578740,
        2.625984 2.017044 -0.584819,
        2.625984 2.062587 -0.602679,
        2.625984 2.102320 -0.631218,
        2.625984 1.476378 -0.578740,
        2.795276 1.476378 -0.578740,
        2.795276 1.299213 -0.578740,
        -0.342520 -0.610236 0.578740,
        -0.342520 -0.610236 0.421260,
        -0.421260 -0.767717 0.578740,
        -0.421260 -0.767717 0.421260,
        -0.342520 0.748031 0.578740,
        -0.342520 0.748031 0.421260,
        -0.775394 -1.082677 0.578740,
        -0.775394 -1.082677 0.421260,
        -0.578740 -0.767717 0.578740,
        -0.578740 -0.767717 0.421260,
        -0.893701 0.748031 0.578740,
        -0.893701 0.748031 0.421260,
        -0.224606 -1.082677 0.578740,
        -0.224606 -1.082677 0.421260,
        -0.657480 -0.610236 0.578740,
        -0.657480 -0.610236 0.421260,
        -0.452756 4.822835 -0.984252,
        -0.547244 4.822835 -0.984252,
        -0.452756 4.822835 -0.826772,
        -0.547244 4.822835 -0.826772,
        -0.106299 0.748031 0.578740,
        -0.106299 0.748031 0.421260,
        -0.657480 0.748031 0.578740,
        -0.657480 0.748031 0.421260,
        -0.625984 4.744094 -0.984252,
        -0.625984 4.744094 -0.826772,
        -0.623301 4.764474 -0.826772,
        -0.623301 4.764474 -0.984252,
        -0.615435 4.783465 -0.826772,
        -0.615435 4.783465 -0.984252,
        -0.602922 4.799772 -0.826772,
        -0.602922 4.799772 -0.984252,
        -0.586614 4.812286 -0.826772,
        -0.586614 4.812286 -0.984252,
        -0.567624 4.820152 -0.826772,
        -0.567624 4.820152 -0.984252,
        -0.374016 4.156922 -0.879859,
        -0.625984 4.156922 -0.879859,
        -0.625984 4.180824 -0.915013,
        -0.374016 4.180824 -0.915013,
        -0.625984 4.211716 -0.944216,
        -0.374016 4.211716 -0.944216,
        -0.625984 4.248157 -0.966106,
        -0.374016 4.248157 -0.966106,
        -0.625984 4.288447 -0.979662,
        -0.374016 4.288447 -0.979662,
        -0.625984 4.330709 -0.984252,
        -0.374016 4.330709 -0.984252,
        -0.374016 3.520243 0.316867,
        -0.625984 3.520243 0.316867,
        -0.611356 0.859387 0.578740,
        -0.578740 0.884413 0.578740,
        -0.204724 1.299213 0.578740,
        -0.540759 0.900146 0.578740,
        -0.500000 0.905512 0.578740,
        -0.652114 0.788791 0.578740,
        -0.636382 0.826772 0.578740,
        -0.795276 1.476378 0.578740,
        -0.795276 1.299213 0.578740,
        -0.625984 1.476378 0.578740,
        -0.374016 1.476378 0.578740,
        -0.625984 3.346457 0.578740,
        -0.374016 3.346457 0.578740,
        -0.106299 1.299213 0.578740,
        -0.363618 0.826772 0.578740,
        -0.347886 0.788791 0.578740,
        -0.204724 1.476378 0.578740,
        -0.893701 1.299213 0.578740,
        -0.459241 0.900146 0.578740,
        -0.421260 0.884413 0.578740,
        -0.388644 0.859387 0.578740,
        -0.374016 3.659272 0.390833,
        -0.625984 3.659272 0.390833,
        -0.625984 3.616249 0.454110,
        -0.374016 3.616249 0.454110,
        -0.625984 3.560644 0.506675,
        -0.374016 3.560644 0.506675,
        -0.625984 3.495050 0.546077,
        -0.374016 3.495050 0.546077,
        -0.625984 3.422527 0.570478,
        -0.374016 3.422527 0.570478,
        -0.625984 4.295951 -0.805893,
        -0.374016 4.295951 -0.805893,
        -0.374016 4.330709 -0.826772,
        -0.625984 4.330709 -0.826772,
        -0.374016 4.322256 -0.825854,
        -0.625984 4.322256 -0.825854,
        -0.374016 4.314198 -0.823143,
        -0.625984 4.314198 -0.823143,
        -0.374016 4.306910 -0.818765,
        -0.625984 4.306910 -0.818765,
        -0.374016 4.300732 -0.812924,
        -0.625984 4.300732 -0.812924,
        -0.374016 4.744094 -0.826772,
        -0.432376 4.820152 -0.826772,
        -0.376699 4.764474 -0.826772,
        -0.384565 4.783465 -0.826772,
        -0.397078 4.799772 -0.826772,
        -0.413386 4.812286 -0.826772,
        -0.432376 4.820152 -0.984252,
        -0.413386 4.812286 -0.984252,
        -0.397078 4.799772 -0.984252,
        -0.384565 4.783465 -0.984252,
        -0.376699 4.764474 -0.984252,
        -0.374016 4.744094 -0.984252,
        -0.106299 1.299213 0.421260,
        -0.652114 0.788791 0.421260,
        -0.636382 0.826772 0.421260,
        -0.611356 0.859387 0.421260,
        -0.578740 0.884413 0.421260,
        -0.540759 0.900146 0.421260,
        -0.500000 0.905512 0.421260,
        -0.459241 0.900146 0.421260,
        -0.421260 0.884413 0.421260,
        -0.388644 0.859387 0.421260,
        -0.363618 0.826772 0.421260,
        -0.347886 0.788791 0.421260,
        -0.893701 1.299213 0.421260,
        -0.795276 1.299213 0.421260,
        -0.795276 1.476378 0.421260,
        -0.625984 1.476378 0.421260,
        -0.625984 3.346457 0.421260,
        -0.625984 3.388718 0.416670,
        -0.625984 3.429009 0.403114,
        -0.625984 3.465450 0.381224,
        -0.625984 3.496341 0.352021,
        -0.374016 3.346457 0.421260,
        -0.374016 3.388718 0.416670,
        -0.374016 3.429009 0.403114,
        -0.374016 3.465450 0.381224,
        -0.374016 3.496341 0.352021,
        -0.374016 1.476378 0.421260,
        -0.204724 1.476378 0.421260,
        -0.204724 1.299213 0.421260,
        0.657480 -0.610236 0.578740,
        0.657480 -0.610236 0.421260,
        0.578740 -0.767717 0.578740,
        0.578740 -0.767717 0.421260,
        0.657480 0.748031 0.578740,
        0.657480 0.748031 0.421260,
        0.224606 -1.082677 0.578740,
        0.224606 -1.082677 0.421260,
        0.421260 -0.767717 0.578740,
        0.421260 -0.767717 0.421260,
        0.106299 0.748031 0.578740,
        0.106299 0.748031 0.421260,
        0.775394 -1.082677 0.578740,
        0.775394 -1.082677 0.421260,
        0.342520 -0.610236 0.578740,
        0.342520 -0.610236 0.421260,
        0.547244 4.822835 -0.984252,
        0.452756 4.822835 -0.984252,
        0.547244 4.822835 -0.826772,
        0.452756 4.822835 -0.826772,
        0.893701 0.748031 0.578740,
        0.893701 0.748031 0.421260,
        0.342520 0.748031 0.578740,
        0.342520 0.748031 0.421260,
        0.374016 4.744094 -0.984252,
        0.374016 4.744094 -0.826772,
        0.376699 4.764474 -0.826772,
        0.376699 4.764474 -0.984252,
        0.384565 4.783465 -0.826772,
        0.384565 4.783465 -0.984252,
        0.397078 4.799772 -0.826772,
        0.397078 4.799772 -0.984252,
        0.413386 4.812286 -0.826772,
        0.413386 4.812286 -0.984252,
        0.432376 4.820152 -0.826772,
        0.432376 4.820152 -0.984252,
        0.625984 4.156922 -0.879859,
        0.374016 4.156922 -0.879859,
        0.374016 4.180824 -0.915013,
        0.625984 4.180824 -0.915013,
        0.374016 4.211716 -0.944216,
        0.625984 4.211716 -0.944216,
        0.374016 4.248157 -0.966106,
        0.625984 4.248157 -0.966106,
        0.374016 4.288447 -0.979662,
        0.625984 4.288447 -0.979662,
        0.374016 4.330709 -0.984252,
        0.625984 4.330709 -0.984252,
        0.625984 3.520243 0.316867,
        0.374016 3.520243 0.316867,
        0.347886 0.788791 0.578740,
        0.363618 0.826772 0.578740,
        0.388644 0.859387 0.578740,
        0.421260 0.884413 0.578740,
        0.795276 1.299213 0.578740,
        0.459241 0.900146 0.578740,
        0.500000 0.905512 0.578740,
        0.204724 1.476378 0.578740,
        0.204724 1.299213 0.578740,
        0.374016 1.476378 0.578740,
        0.625984 1.476378 0.578740,
        0.374016 3.346457 0.578740,
        0.625984 3.346457 0.578740,
        0.795276 1.476378 0.578740,
        0.106299 1.299213 0.578740,
        0.893701 1.299213 0.578740,
        0.636382 0.826772 0.578740,
        0.652114 0.788791 0.578740,
        0.540759 0.900146 0.578740,
        0.578740 0.884413 0.578740,
        0.611356 0.859387 0.578740,
        0.625984 3.659272 0.390833,
        0.374016 3.659272 0.390833,
        0.374016 3.616249 0.454110,
        0.625984 3.616249 0.454110,
        0.374016 3.560644 0.506675,
        0.625984 3.560644 0.506675,
        0.374016 3.495050 0.546077,
        0.625984 3.495050 0.546077,
        0.374016 3.422527 0.570478,
        0.625984 3.422527 0.570478,
        0.374016 4.295951 -0.805893,
        0.625984 4.295951 -0.805893,
        0.625984 4.330709 -0.826772,
        0.374016 4.330709 -0.826772,
        0.625984 4.322256 -0.825854,
        0.374016 4.322256 -0.825854,
        0.625984 4.314198 -0.823143,
        0.374016 4.314198 -0.823143,
        0.625984 4.306910 -0.818765,
        0.374016 4.306910 -0.818765,
        0.625984 4.300732 -0.812924,
        0.374016 4.300732 -0.812924,
        0.625984 4.744094 -0.826772,
        0.567624 4.820152 -0.826772,
        0.623301 4.764474 -0.826772,
        0.615435 4.783465 -0.826772,
        0.602922 4.799772 -0.826772,
        0.586614 4.812286 -0.826772,
        0.567624 4.820152 -0.984252,
        0.586614 4.812286 -0.984252,
        0.602922 4.799772 -0.984252,
        0.615435 4.783465 -0.984252,
        0.623301 4.764474 -0.984252,
        0.625984 4.744094 -0.984252,
        0.893701 1.299213 0.421260,
        0.347886 0.788791 0.421260,
        0.363618 0.826772 0.421260,
        0.388644 0.859387 0.421260,
        0.421260 0.884413 0.421260,
        0.459241 0.900146 0.421260,
        0.500000 0.905512 0.421260,
        0.540759 0.900146 0.421260,
        0.578740 0.884413 0.421260,
        0.611356 0.859387 0.421260,
        0.636382 0.826772 0.421260,
        0.652114 0.788791 0.421260,
        0.106299 1.299213 0.421260,
        0.204724 1.299213 0.421260,
        0.204724 1.476378 0.421260,
        0.374016 1.476378 0.421260,
        0.374016 3.346457 0.421260,
        0.374016 3.388718 0.416670,
        0.374016 3.429009 0.403114,
        0.374016 3.465450 0.381224,
        0.374016 3.496341 0.352021,
        0.625984 3.346457 0.421260,
        0.625984 3.388718 0.416670,
        0.625984 3.429009 0.403114,
        0.625984 3.465450 0.381224,
        0.625984 3.496341 0.352021,
        0.625984 1.476378 0.421260,
        0.795276 1.476378 0.421260,
        0.795276 1.299213 0.421260,
        1.657480 -0.610236 0.578740,
        1.657480 -0.610236 0.421260,
        1.578740 -0.767717 0.578740,
        1.578740 -0.767717 0.421260,
        1.657480 0.748031 0.578740,
        1.657480 0.748031 0.421260,
        1.224606 -1.082677 0.578740,
        1.224606 -1.082677 0.421260,
        1.421260 -0.767717 0.578740,
        1.421260 -0.767717 0.421260,
        1.106299 0.748031 0.578740,
        1.106299 0.748031 0.421260,
        1.775394 -1.082677 0.578740,
        1.775394 -1.082677 0.421260,
        1.342520 -0.610236 0.578740,
        1.342520 -0.610236 0.421260,
        1.547244 4.822835 -0.984252,
        1.452756 4.822835 -0.984252,
        1.547244 4.822835 -0.826772,
        1.452756 4.822835 -0.826772,
        1.893701 0.748031 0.578740,
        1.893701 0.748031 0.421260,
        1.342520 0.748031 0.578740,
        1.342520 0.748031 0.421260,
        1.374016 4.744094 -0.984252,
        1.374016 4.744094 -0.826772,
        1.376699 4.764474 -0.826772,
        1.376699 4.764474 -0.984252,
        1.384565 4.783465 -0.826772,
        1.384565 4.783465 -0.984252,
        1.397078 4.799772 -0.826772,
        1.397078 4.799772 -0.984252,
        1.413386 4.812286 -0.826772,
        1.413386 4.812286 -0.984252,
        1.432376 4.820152 -0.826772,
        1.432376 4.820152 -0.984252,
        1.625984 4.156922 -0.879859,
        1.374016 4.156922 -0.879859,
        1.374016 4.180824 -0.915013,
        1.625984 4.180824 -0.915013,
        1.374016 4.211716 -0.944216,
        1.625984 4.211716 -0.944216,
        1.374016 4.248157 -0.966106,
        1.625984 4.248157 -0.966106,
        1.374016 4.288447 -0.979662,
        1.625984 4.288447 -0.979662,
        1.374016 4.330709 -0.984252,
        1.625984 4.330709 -0.984252,
        1.625984 3.520243 0.316867,
        1.374016 3.520243 0.316867,
        1.893701 1.299213 0.578740,
        1.636382 0.826772 0.578740,
        1.652115 0.788791 0.578740,
        1.347886 0.788791 0.578740,
        1.363618 0.826772 0.578740,
        1.388644 0.859387 0.578740,
        1.204724 1.476378 0.578740,
        1.204724 1.299213 0.578740,
        1.374016 1.476378 0.578740,
        1.625984 1.476378 0.578740,
        1.374016 3.346457 0.578740,
        1.625984 3.346457 0.578740,
        1.421260 0.884413 0.578740,
        1.795276 1.299213 0.578740,
        1.459241 0.900146 0.578740,
        1.500000 0.905512 0.578740,
        1.795276 1.476378 0.578740,
        1.106299 1.299213 0.578740,
        1.540759 0.900146 0.578740,
        1.578740 0.884413 0.578740,
        1.611356 0.859387 0.578740,
        1.625984 3.659272 0.390833,
        1.374016 3.659272 0.390833,
        1.374016 3.616249 0.454110,
        1.625984 3.616249 0.454110,
        1.374016 3.560644 0.506675,
        1.625984 3.560644 0.506675,
        1.374016 3.495050 0.546077,
        1.625984 3.495050 0.546077,
        1.374016 3.422527 0.570478,
        1.625984 3.422527 0.570478,
        1.374016 4.295951 -0.805893,
        1.625984 4.295951 -0.805893,
        1.625984 4.330709 -0.826772,
        1.374016 4.330709 -0.826772,
        1.625984 4.322256 -0.825854,
        1.374016 4.322256 -0.825854,
        1.625984 4.314198 -0.823143,
        1.374016 4.314198 -0.823143,
        1.625984 4.306910 -0.818765,
        1.374016 4.306910 -0.818765,
        1.625984 4.300732 -0.812924,
        1.374016 4.300732 -0.812924,
        1.625984 4.744094 -0.826772,
        1.623301 4.764474 -0.826772,
        1.567624 4.820152 -0.826772,
        1.615435 4.783465 -0.826772,
        1.602922 4.799772 -0.826772,
        1.586614 4.812286 -0.826772,
        1.567624 4.820152 -0.984252,
        1.586614 4.812286 -0.984252,
        1.602922 4.799772 -0.984252,
        1.615435 4.783465 -0.984252,
        1.623301 4.764474 -0.984252,
        1.625984 4.744094 -0.984252,
        1.893701 1.299213 0.421260,
        1.347886 0.788791 0.421260,
        1.363618 0.826772 0.421260,
        1.388644 0.859387 0.421260,
        1.421260 0.884413 0.421260,
        1.459241 0.900146 0.421260,
        1.500000 0.905512 0.421260,
        1.540759 0.900146 0.421260,
        1.578740 0.884413 0.421260,
        1.611356 0.859387 0.421260,
        1.636382 0.826772 0.421260,
        1.652115 0.788791 0.421260,
        1.106299 1.299213 0.421260,
        1.204724 1.299213 0.421260,
        1.204724 1.476378 0.421260,
        1.374016 1.476378 0.421260,
        1.374016 3.346457 0.421260,
        1.374016 3.388718 0.416670,
        1.374016 3.429009 0.403114,
        1.374016 3.465450 0.381224,
        1.374016 3.496341 0.352021,
        1.625984 3.346457 0.421260,
        1.625984 3.388718 0.416670,
        1.625984 3.429009 0.403114,
        1.625984 3.465450 0.381224,
        1.625984 3.496341 0.352021,
        1.625984 1.476378 0.421260,
        1.795276 1.476378 0.421260,
        1.795276 1.299213 0.421260,
        2.657480 -0.610236 0.578740,
        2.657480 -0.610236 0.421260,
        2.578740 -0.767717 0.578740,
        2.578740 -0.767717 0.421260,
        2.657480 0.748031 0.578740,
        2.657480 0.748031 0.421260,
        2.224606 -1.082677 0.578740,
        2.224606 -1.082677 0.421260,
        2.421260 -0.767717 0.578740,
        2.421260 -0.767717 0.421260,
        2.106299 0.748031 0.578740,
        2.106299 0.748031 0.421260,
        2.775394 -1.082677 0.578740,
        2.775394 -1.082677 0.421260,
        2.342520 -0.610236 0.578740,
        2.342520 -0.610236 0.421260,
        2.547244 4.822835 -0.984252,
        2.452756 4.822835 -0.984252,
        2.547244 4.822835 -0.826772,
        2.452756 4.822835 -0.826772,
        2.893701 0.748031 0.578740,
        2.893701 0.748031 0.421260,
        2.342520 0.748031 0.578740,
        2.342520 0.748031 0.421260,
        2.374016 4.744094 -0.984252,
        2.374016 4.744094 -0.826772,
        2.376699 4.764474 -0.826772,
        2.376699 4.764474 -0.984252,
        2.384565 4.783465 -0.826772,
        2.384565 4.783465 -0.984252,
        2.397078 4.799772 -0.826772,
        2.397078 4.799772 -0.984252,
        2.413386 4.812286 -0.826772,
        2.413386 4.812286 -0.984252,
        2.432376 4.820152 -0.826772,
        2.432376 4.820152 -0.984252,
        2.625984 4.156922 -0.879859,
        2.374016 4.156922 -0.879859,
        2.374016 4.180824 -0.915013,
        2.625984 4.180824 -0.915013,
        2.374016 4.211716 -0.944216,
        2.625984 4.211716 -0.944216,
        2.374016 4.248157 -0.966106,
        2.625984 4.248157 -0.966106,
        2.374016 4.288447 -0.979662,
        2.625984 4.288447 -0.979662,
        2.374016 4.330709 -0.984252,
        2.625984 4.330709 -0.984252,
        2.625984 3.520243 0.316867,
        2.374016 3.520243 0.316867,
        2.388644 0.859387 0.578740,
        2.421260 0.884413 0.578740,
        2.795276 1.299213 0.578740,
        2.459241 0.900146 0.578740,
        2.500000 0.905512 0.578740,
        2.652114 0.788791 0.578740,
        2.636382 0.826772 0.578740,
        2.893701 1.299213 0.578740,
        2.347886 0.788791 0.578740,
        2.363618 0.826772 0.578740,
        2.204724 1.476378 0.578740,
        2.204724 1.299213 0.578740,
        2.374016 1.476378 0.578740,
        2.625984 1.476378 0.578740,
        2.374016 3.346457 0.578740,
        2.625984 3.346457 0.578740,
        2.540759 0.900146 0.578740,
        2.578740 0.884413 0.578740,
        2.611356 0.859387 0.578740,
        2.795276 1.476378 0.578740,
        2.106299 1.299213 0.578740,
        2.625984 3.659272 0.390833,
        2.374016 3.659272 0.390833,
        2.374016 3.616249 0.454110,
        2.625984 3.616249 0.454110,
        2.374016 3.560644 0.506675,
        2.625984 3.560644 0.506675,
        2.374016 3.495050 0.546077,
        2.625984 3.495050 0.546077,
        2.374016 3.422527 0.570478,
        2.625984 3.422527 0.570478,
        2.374016 4.295951 -0.805893,
        2.625984 4.295951 -0.805893,
        2.625984 4.330709 -0.826772,
        2.374016 4.330709 -0.826772,
        2.625984 4.322256 -0.825854,
        2.374016 4.322256 -0.825854,
        2.625984 4.314198 -0.823143,
        2.374016 4.314198 -0.823143,
        2.625984 4.306910 -0.818765,
        2.374016 4.306910 -0.818765,
        2.625984 4.300732 -0.812924,
        2.374016 4.300732 -0.812924,
        2.625984 4.744094 -0.826772,
        2.623301 4.764474 -0.826772,
        2.567624 4.820152 -0.826772,
        2.615435 4.783465 -0.826772,
        2.602922 4.799772 -0.826772,
        2.586614 4.812286 -0.826772,
        2.567624 4.820152 -0.984252,
        2.586614 4.812286 -0.984252,
        2.602922 4.799772 -0.984252,
        2.615435 4.783465 -0.984252,
        2.623301 4.764474 -0.984252,
        2.625984 4.744094 -0.984252,
        2.893701 1.299213 0.421260,
        2.347886 0.788791 0.421260,
        2.363618 0.826772 0.421260,
        2.388644 0.859387 0.421260,
        2.421260 0.884413 0.421260,
        2.459241 0.900146 0.421260,
        2.500000 0.905512 0.421260,
        2.540759 0.900146 0.421260,
        2.578740 0.884413 0.421260,
        2.611356 0.859387 0.421260,
        2.636382 0.826772 0.421260,
        2.652114 0.788791 0.421260,
        2.106299 1.299213 0.421260,
        2.204724 1.299213 0.421260,
        2.204724 1.476378 0.421260,
        2.374016 1.476378 0.421260,
        2.374016 3.346457 0.421260,
        2.374016 3.388718 0.416670,
        2.374016 3.429009 0.403114,
        2.374016 3.465450 0.381224,
        2.374016 3.496341 0.352021,
        2.625984 3.346457 0.421260,
        2.625984 3.388718 0.416670,
        2.625984 3.429009 0.403114,
        2.625984 3.465450 0.381224,
        2.625984 3.496341 0.352021,
        2.625984 1.476378 0.421260,
        2.795276 1.476378 0.421260,
        2.795276 1.299213 0.421260,
      ]
    }
    coordIndex [
      0, 1, 2, -1,
      2, 1, 3, -1,
      4, 5, 0, -1,
      0, 5, 1, -1,
      6, 7, 8, -1,
      8, 7, 9, -1,
      10, 11, 6, -1,
      6, 11, 7, -1,
      2, 3, 12, -1,
      12, 3, 13, -1,
      8, 9, 14, -1,
      14, 9, 15, -1,
      16, 17, 18, -1,
      18, 17, 19, -1,
      12, 13, 20, -1,
      20, 13, 21, -1,
      14, 15, 22, -1,
      22, 15, 23, -1,
      24, 25, 26, -1,
      24, 26, 27, -1,
      27, 26, 28, -1,
      27, 28, 29, -1,
      29, 28, 30, -1,
      29, 30, 31, -1,
      31, 30, 32, -1,
      31, 32, 33, -1,
      33, 32, 34, -1,
      33, 34, 35, -1,
      35, 34, 36, -1,
      35, 36, 37, -1,
      37, 36, 19, -1,
      37, 19, 17, -1,
      38, 39, 40, -1,
      38, 40, 41, -1,
      41, 40, 42, -1,
      41, 42, 43, -1,
      43, 42, 44, -1,
      43, 44, 45, -1,
      45, 44, 46, -1,
      45, 46, 47, -1,
      48, 49, 38, -1,
      38, 49, 39, -1,
      50, 51, 52, -1,
      52, 51, 53, -1,
      52, 53, 54, -1,
      22, 10, 14, -1,
      14, 10, 6, -1,
      14, 6, 8, -1,
      22, 55, 10, -1,
      10, 55, 56, -1,
      10, 56, 50, -1,
      57, 58, 59, -1,
      59, 58, 60, -1,
      59, 60, 61, -1,
      61, 60, 62, -1,
      2, 12, 0, -1,
      0, 12, 20, -1,
      0, 20, 4, -1,
      63, 64, 20, -1,
      20, 64, 65, -1,
      20, 65, 4, -1,
      52, 66, 50, -1,
      50, 66, 60, -1,
      50, 60, 10, -1,
      10, 60, 58, -1,
      10, 58, 67, -1,
      54, 68, 52, -1,
      52, 68, 69, -1,
      52, 69, 63, -1,
      63, 69, 70, -1,
      63, 70, 64, -1,
      71, 72, 73, -1,
      71, 73, 74, -1,
      74, 73, 75, -1,
      74, 75, 76, -1,
      76, 75, 77, -1,
      76, 77, 78, -1,
      78, 77, 79, -1,
      78, 79, 80, -1,
      80, 79, 61, -1,
      80, 61, 62, -1,
      81, 72, 82, -1,
      82, 72, 71, -1,
      83, 84, 85, -1,
      85, 84, 86, -1,
      85, 86, 87, -1,
      87, 86, 88, -1,
      87, 88, 89, -1,
      89, 88, 90, -1,
      89, 90, 82, -1,
      82, 90, 81, -1,
      18, 19, 25, -1,
      91, 92, 93, -1,
      94, 18, 95, -1,
      95, 18, 25, -1,
      95, 25, 83, -1,
      83, 25, 84, -1,
      94, 95, 93, -1,
      93, 95, 96, -1,
      93, 96, 91, -1,
      19, 36, 25, -1,
      25, 36, 34, -1,
      25, 34, 32, -1,
      32, 30, 25, -1,
      25, 30, 28, -1,
      25, 28, 26, -1,
      16, 18, 94, -1,
      16, 94, 97, -1,
      97, 94, 93, -1,
      97, 93, 98, -1,
      98, 93, 92, -1,
      98, 92, 99, -1,
      99, 92, 91, -1,
      99, 91, 100, -1,
      100, 91, 96, -1,
      100, 96, 101, -1,
      101, 96, 95, -1,
      101, 95, 102, -1,
      47, 46, 102, -1,
      102, 46, 24, -1,
      16, 102, 17, -1,
      17, 102, 24, -1,
      17, 24, 37, -1,
      98, 99, 100, -1,
      31, 24, 29, -1,
      29, 24, 27, -1,
      31, 33, 24, -1,
      24, 33, 35, -1,
      24, 35, 37, -1,
      16, 97, 102, -1,
      102, 97, 98, -1,
      102, 98, 101, -1,
      101, 98, 100, -1,
      20, 21, 63, -1,
      63, 21, 103, -1,
      22, 23, 55, -1,
      55, 23, 104, -1,
      55, 104, 56, -1,
      56, 104, 105, -1,
      56, 105, 50, -1,
      50, 105, 106, -1,
      50, 106, 51, -1,
      51, 106, 107, -1,
      51, 107, 53, -1,
      53, 107, 108, -1,
      53, 108, 54, -1,
      54, 108, 109, -1,
      54, 109, 68, -1,
      68, 109, 110, -1,
      68, 110, 69, -1,
      69, 110, 111, -1,
      69, 111, 70, -1,
      70, 111, 112, -1,
      70, 112, 64, -1,
      64, 112, 113, -1,
      64, 113, 65, -1,
      65, 113, 114, -1,
      65, 114, 4, -1,
      4, 114, 5, -1,
      67, 115, 10, -1,
      10, 115, 11, -1,
      58, 116, 67, -1,
      67, 116, 115, -1,
      57, 117, 58, -1,
      58, 117, 116, -1,
      59, 118, 57, -1,
      57, 118, 117, -1,
      118, 59, 119, -1,
      119, 59, 61, -1,
      119, 61, 120, -1,
      61, 79, 120, -1,
      120, 79, 77, -1,
      120, 77, 121, -1,
      121, 77, 75, -1,
      121, 75, 122, -1,
      122, 75, 73, -1,
      122, 73, 49, -1,
      49, 73, 72, -1,
      49, 72, 39, -1,
      39, 72, 81, -1,
      39, 81, 40, -1,
      40, 81, 90, -1,
      40, 90, 42, -1,
      42, 90, 88, -1,
      42, 88, 44, -1,
      44, 88, 86, -1,
      44, 86, 46, -1,
      46, 86, 84, -1,
      46, 84, 24, -1,
      24, 84, 25, -1,
      123, 119, 124, -1,
      124, 119, 120, -1,
      124, 120, 125, -1,
      125, 120, 121, -1,
      125, 121, 126, -1,
      126, 121, 122, -1,
      126, 122, 48, -1,
      48, 122, 49, -1,
      60, 127, 62, -1,
      62, 127, 123, -1,
      62, 123, 80, -1,
      80, 123, 124, -1,
      80, 124, 78, -1,
      78, 124, 125, -1,
      102, 95, 47, -1,
      47, 95, 83, -1,
      47, 83, 45, -1,
      45, 83, 85, -1,
      45, 85, 43, -1,
      43, 85, 87, -1,
      43, 87, 41, -1,
      41, 87, 89, -1,
      41, 89, 38, -1,
      38, 89, 82, -1,
      38, 82, 48, -1,
      48, 82, 71, -1,
      48, 71, 126, -1,
      126, 71, 74, -1,
      126, 74, 125, -1,
      125, 74, 76, -1,
      125, 76, 78, -1,
      66, 128, 60, -1,
      60, 128, 127, -1,
      52, 129, 66, -1,
      66, 129, 128, -1,
      63, 103, 52, -1,
      52, 103, 129, -1,
      127, 128, 129, -1,
      13, 3, 1, -1,
      116, 117, 118, -1,
      118, 119, 123, -1,
      104, 11, 105, -1,
      105, 11, 115, -1,
      105, 115, 106, -1,
      106, 115, 116, -1,
      106, 116, 129, -1,
      129, 116, 118, -1,
      129, 118, 127, -1,
      127, 118, 123, -1,
      104, 23, 11, -1,
      11, 23, 15, -1,
      11, 15, 7, -1,
      7, 15, 9, -1,
      13, 1, 21, -1,
      129, 110, 109, -1,
      1, 5, 21, -1,
      21, 5, 114, -1,
      21, 114, 103, -1,
      109, 108, 129, -1,
      129, 108, 107, -1,
      129, 107, 106, -1,
      114, 113, 103, -1,
      103, 113, 112, -1,
      103, 112, 129, -1,
      129, 112, 111, -1,
      129, 111, 110, -1,
      130, 131, 132, -1,
      132, 131, 133, -1,
      134, 135, 130, -1,
      130, 135, 131, -1,
      136, 137, 138, -1,
      138, 137, 139, -1,
      140, 141, 136, -1,
      136, 141, 137, -1,
      132, 133, 142, -1,
      142, 133, 143, -1,
      138, 139, 144, -1,
      144, 139, 145, -1,
      146, 147, 148, -1,
      148, 147, 149, -1,
      142, 143, 150, -1,
      150, 143, 151, -1,
      144, 145, 152, -1,
      152, 145, 153, -1,
      154, 155, 156, -1,
      154, 156, 157, -1,
      157, 156, 158, -1,
      157, 158, 159, -1,
      159, 158, 160, -1,
      159, 160, 161, -1,
      161, 160, 162, -1,
      161, 162, 163, -1,
      163, 162, 164, -1,
      163, 164, 165, -1,
      165, 164, 166, -1,
      165, 166, 167, -1,
      167, 166, 149, -1,
      167, 149, 147, -1,
      168, 169, 170, -1,
      168, 170, 171, -1,
      171, 170, 172, -1,
      171, 172, 173, -1,
      173, 172, 174, -1,
      173, 174, 175, -1,
      175, 174, 176, -1,
      175, 176, 177, -1,
      178, 179, 168, -1,
      168, 179, 169, -1,
      152, 180, 140, -1,
      140, 180, 181, -1,
      140, 181, 182, -1,
      182, 183, 184, -1,
      184, 183, 185, -1,
      184, 185, 186, -1,
      187, 188, 189, -1,
      189, 188, 190, -1,
      189, 190, 191, -1,
      191, 190, 192, -1,
      132, 142, 130, -1,
      130, 142, 150, -1,
      130, 150, 134, -1,
      152, 140, 144, -1,
      144, 140, 136, -1,
      144, 136, 138, -1,
      184, 193, 182, -1,
      182, 193, 190, -1,
      182, 190, 140, -1,
      140, 190, 188, -1,
      140, 188, 194, -1,
      195, 196, 150, -1,
      150, 196, 197, -1,
      150, 197, 134, -1,
      186, 198, 184, -1,
      184, 198, 199, -1,
      184, 199, 195, -1,
      195, 199, 200, -1,
      195, 200, 196, -1,
      201, 202, 203, -1,
      201, 203, 204, -1,
      204, 203, 205, -1,
      204, 205, 206, -1,
      206, 205, 207, -1,
      206, 207, 208, -1,
      208, 207, 209, -1,
      208, 209, 210, -1,
      210, 209, 191, -1,
      210, 191, 192, -1,
      211, 202, 212, -1,
      212, 202, 201, -1,
      213, 214, 215, -1,
      215, 214, 216, -1,
      215, 216, 217, -1,
      217, 216, 218, -1,
      217, 218, 219, -1,
      219, 218, 220, -1,
      219, 220, 212, -1,
      212, 220, 211, -1,
      148, 149, 155, -1,
      221, 222, 223, -1,
      224, 148, 225, -1,
      225, 148, 155, -1,
      225, 155, 213, -1,
      213, 155, 214, -1,
      224, 225, 223, -1,
      223, 225, 226, -1,
      223, 226, 221, -1,
      160, 158, 162, -1,
      162, 158, 164, -1,
      149, 166, 155, -1,
      155, 166, 164, -1,
      155, 164, 156, -1,
      156, 164, 158, -1,
      146, 148, 224, -1,
      146, 224, 227, -1,
      227, 224, 223, -1,
      227, 223, 228, -1,
      228, 223, 222, -1,
      228, 222, 229, -1,
      229, 222, 221, -1,
      229, 221, 230, -1,
      230, 221, 226, -1,
      230, 226, 231, -1,
      231, 226, 225, -1,
      231, 225, 232, -1,
      177, 176, 232, -1,
      232, 176, 154, -1,
      165, 167, 154, -1,
      154, 167, 147, -1,
      154, 147, 232, -1,
      232, 147, 146, -1,
      228, 229, 230, -1,
      154, 157, 165, -1,
      165, 157, 159, -1,
      165, 159, 163, -1,
      163, 159, 161, -1,
      146, 227, 232, -1,
      232, 227, 228, -1,
      232, 228, 231, -1,
      231, 228, 230, -1,
      150, 151, 195, -1,
      195, 151, 233, -1,
      152, 153, 180, -1,
      180, 153, 234, -1,
      180, 234, 181, -1,
      181, 234, 235, -1,
      181, 235, 182, -1,
      182, 235, 236, -1,
      182, 236, 183, -1,
      183, 236, 237, -1,
      183, 237, 185, -1,
      185, 237, 238, -1,
      185, 238, 186, -1,
      186, 238, 239, -1,
      186, 239, 198, -1,
      198, 239, 240, -1,
      198, 240, 199, -1,
      199, 240, 241, -1,
      199, 241, 200, -1,
      200, 241, 242, -1,
      200, 242, 196, -1,
      196, 242, 243, -1,
      196, 243, 197, -1,
      197, 243, 244, -1,
      197, 244, 134, -1,
      134, 244, 135, -1,
      194, 245, 140, -1,
      140, 245, 141, -1,
      188, 246, 194, -1,
      194, 246, 245, -1,
      187, 247, 188, -1,
      188, 247, 246, -1,
      189, 248, 187, -1,
      187, 248, 247, -1,
      248, 189, 249, -1,
      249, 189, 191, -1,
      249, 191, 250, -1,
      191, 209, 250, -1,
      250, 209, 207, -1,
      250, 207, 251, -1,
      251, 207, 205, -1,
      251, 205, 252, -1,
      252, 205, 203, -1,
      252, 203, 179, -1,
      179, 203, 202, -1,
      179, 202, 169, -1,
      169, 202, 211, -1,
      169, 211, 170, -1,
      170, 211, 220, -1,
      170, 220, 172, -1,
      172, 220, 218, -1,
      172, 218, 174, -1,
      174, 218, 216, -1,
      174, 216, 176, -1,
      176, 216, 214, -1,
      176, 214, 154, -1,
      154, 214, 155, -1,
      253, 249, 254, -1,
      254, 249, 250, -1,
      254, 250, 255, -1,
      255, 250, 251, -1,
      255, 251, 256, -1,
      256, 251, 252, -1,
      256, 252, 178, -1,
      178, 252, 179, -1,
      190, 257, 192, -1,
      192, 257, 253, -1,
      192, 253, 210, -1,
      210, 253, 254, -1,
      210, 254, 208, -1,
      208, 254, 255, -1,
      232, 225, 177, -1,
      177, 225, 213, -1,
      177, 213, 175, -1,
      175, 213, 215, -1,
      175, 215, 173, -1,
      173, 215, 217, -1,
      173, 217, 171, -1,
      171, 217, 219, -1,
      171, 219, 168, -1,
      168, 219, 212, -1,
      168, 212, 178, -1,
      178, 212, 201, -1,
      178, 201, 256, -1,
      256, 201, 204, -1,
      256, 204, 255, -1,
      255, 204, 206, -1,
      255, 206, 208, -1,
      193, 258, 190, -1,
      190, 258, 257, -1,
      184, 259, 193, -1,
      193, 259, 258, -1,
      195, 233, 184, -1,
      184, 233, 259, -1,
      257, 258, 259, -1,
      143, 133, 131, -1,
      246, 247, 248, -1,
      248, 249, 253, -1,
      253, 257, 248, -1,
      248, 257, 259, -1,
      248, 259, 246, -1,
      246, 259, 236, -1,
      246, 236, 245, -1,
      245, 236, 235, -1,
      245, 235, 141, -1,
      141, 235, 234, -1,
      143, 131, 151, -1,
      259, 240, 239, -1,
      234, 153, 141, -1,
      141, 153, 145, -1,
      141, 145, 137, -1,
      137, 145, 139, -1,
      131, 135, 151, -1,
      151, 135, 244, -1,
      151, 244, 233, -1,
      239, 238, 259, -1,
      259, 238, 237, -1,
      259, 237, 236, -1,
      244, 243, 233, -1,
      233, 243, 242, -1,
      233, 242, 259, -1,
      259, 242, 241, -1,
      259, 241, 240, -1,
      260, 261, 262, -1,
      262, 261, 263, -1,
      264, 265, 260, -1,
      260, 265, 261, -1,
      266, 267, 268, -1,
      268, 267, 269, -1,
      270, 271, 266, -1,
      266, 271, 267, -1,
      262, 263, 272, -1,
      272, 263, 273, -1,
      268, 269, 274, -1,
      274, 269, 275, -1,
      276, 277, 278, -1,
      278, 277, 279, -1,
      272, 273, 280, -1,
      280, 273, 281, -1,
      274, 275, 282, -1,
      282, 275, 283, -1,
      284, 285, 286, -1,
      284, 286, 287, -1,
      287, 286, 288, -1,
      287, 288, 289, -1,
      289, 288, 290, -1,
      289, 290, 291, -1,
      291, 290, 292, -1,
      291, 292, 293, -1,
      293, 292, 294, -1,
      293, 294, 295, -1,
      295, 294, 296, -1,
      295, 296, 297, -1,
      297, 296, 279, -1,
      297, 279, 277, -1,
      298, 299, 300, -1,
      298, 300, 301, -1,
      301, 300, 302, -1,
      301, 302, 303, -1,
      303, 302, 304, -1,
      303, 304, 305, -1,
      305, 304, 306, -1,
      305, 306, 307, -1,
      308, 309, 298, -1,
      298, 309, 299, -1,
      310, 311, 280, -1,
      280, 311, 312, -1,
      312, 264, 280, -1,
      280, 264, 260, -1,
      280, 260, 272, -1,
      272, 260, 262, -1,
      282, 270, 274, -1,
      274, 270, 266, -1,
      274, 266, 268, -1,
      282, 313, 270, -1,
      270, 313, 314, -1,
      270, 314, 315, -1,
      316, 317, 318, -1,
      318, 317, 319, -1,
      318, 319, 320, -1,
      320, 319, 321, -1,
      315, 322, 323, -1,
      323, 322, 324, -1,
      323, 324, 325, -1,
      323, 326, 315, -1,
      315, 326, 319, -1,
      315, 319, 270, -1,
      270, 319, 317, -1,
      270, 317, 327, -1,
      325, 328, 323, -1,
      323, 328, 329, -1,
      323, 329, 310, -1,
      310, 329, 330, -1,
      310, 330, 311, -1,
      331, 332, 333, -1,
      331, 333, 334, -1,
      334, 333, 335, -1,
      334, 335, 336, -1,
      336, 335, 337, -1,
      336, 337, 338, -1,
      338, 337, 339, -1,
      338, 339, 340, -1,
      340, 339, 320, -1,
      340, 320, 321, -1,
      341, 332, 342, -1,
      342, 332, 331, -1,
      343, 344, 345, -1,
      345, 344, 346, -1,
      345, 346, 347, -1,
      347, 346, 348, -1,
      347, 348, 349, -1,
      349, 348, 350, -1,
      349, 350, 342, -1,
      342, 350, 341, -1,
      285, 344, 343, -1,
      343, 351, 285, -1,
      285, 351, 278, -1,
      285, 278, 279, -1,
      352, 353, 354, -1,
      279, 296, 285, -1,
      285, 296, 294, -1,
      285, 294, 292, -1,
      351, 355, 278, -1,
      278, 355, 352, -1,
      278, 352, 356, -1,
      356, 352, 354, -1,
      292, 290, 285, -1,
      285, 290, 288, -1,
      285, 288, 286, -1,
      276, 278, 356, -1,
      276, 356, 357, -1,
      357, 356, 354, -1,
      357, 354, 358, -1,
      358, 354, 353, -1,
      358, 353, 359, -1,
      359, 353, 352, -1,
      359, 352, 360, -1,
      360, 352, 355, -1,
      360, 355, 361, -1,
      361, 355, 351, -1,
      361, 351, 362, -1,
      307, 306, 362, -1,
      362, 306, 284, -1,
      295, 297, 284, -1,
      284, 297, 277, -1,
      284, 277, 362, -1,
      362, 277, 276, -1,
      358, 359, 360, -1,
      284, 287, 289, -1,
      276, 357, 362, -1,
      362, 357, 358, -1,
      362, 358, 361, -1,
      361, 358, 360, -1,
      289, 291, 284, -1,
      284, 291, 293, -1,
      284, 293, 295, -1,
      280, 281, 310, -1,
      310, 281, 363, -1,
      282, 283, 313, -1,
      313, 283, 364, -1,
      313, 364, 314, -1,
      314, 364, 365, -1,
      314, 365, 315, -1,
      315, 365, 366, -1,
      315, 366, 322, -1,
      322, 366, 367, -1,
      322, 367, 324, -1,
      324, 367, 368, -1,
      324, 368, 325, -1,
      325, 368, 369, -1,
      325, 369, 328, -1,
      328, 369, 370, -1,
      328, 370, 329, -1,
      329, 370, 371, -1,
      329, 371, 330, -1,
      330, 371, 372, -1,
      330, 372, 311, -1,
      311, 372, 373, -1,
      311, 373, 312, -1,
      312, 373, 374, -1,
      312, 374, 264, -1,
      264, 374, 265, -1,
      327, 375, 270, -1,
      270, 375, 271, -1,
      317, 376, 327, -1,
      327, 376, 375, -1,
      316, 377, 317, -1,
      317, 377, 376, -1,
      318, 378, 316, -1,
      316, 378, 377, -1,
      378, 318, 379, -1,
      379, 318, 320, -1,
      379, 320, 380, -1,
      320, 339, 380, -1,
      380, 339, 337, -1,
      380, 337, 381, -1,
      381, 337, 335, -1,
      381, 335, 382, -1,
      382, 335, 333, -1,
      382, 333, 309, -1,
      309, 333, 332, -1,
      309, 332, 299, -1,
      299, 332, 341, -1,
      299, 341, 300, -1,
      300, 341, 350, -1,
      300, 350, 302, -1,
      302, 350, 348, -1,
      302, 348, 304, -1,
      304, 348, 346, -1,
      304, 346, 306, -1,
      306, 346, 344, -1,
      306, 344, 284, -1,
      284, 344, 285, -1,
      383, 379, 384, -1,
      384, 379, 380, -1,
      384, 380, 385, -1,
      385, 380, 381, -1,
      385, 381, 386, -1,
      386, 381, 382, -1,
      386, 382, 308, -1,
      308, 382, 309, -1,
      319, 387, 321, -1,
      321, 387, 383, -1,
      321, 383, 340, -1,
      340, 383, 384, -1,
      340, 384, 338, -1,
      338, 384, 385, -1,
      362, 351, 307, -1,
      307, 351, 343, -1,
      307, 343, 305, -1,
      305, 343, 345, -1,
      305, 345, 303, -1,
      303, 345, 347, -1,
      303, 347, 301, -1,
      301, 347, 349, -1,
      301, 349, 298, -1,
      298, 349, 342, -1,
      298, 342, 308, -1,
      308, 342, 331, -1,
      308, 331, 386, -1,
      386, 331, 334, -1,
      386, 334, 385, -1,
      385, 334, 336, -1,
      385, 336, 338, -1,
      326, 388, 319, -1,
      319, 388, 387, -1,
      323, 389, 326, -1,
      326, 389, 388, -1,
      310, 363, 323, -1,
      323, 363, 389, -1,
      367, 366, 389, -1,
      387, 388, 389, -1,
      376, 377, 378, -1,
      378, 379, 383, -1,
      265, 374, 281, -1,
      281, 374, 363, -1,
      383, 387, 378, -1,
      378, 387, 389, -1,
      378, 389, 376, -1,
      376, 389, 366, -1,
      376, 366, 375, -1,
      375, 366, 365, -1,
      375, 365, 271, -1,
      271, 365, 364, -1,
      265, 281, 261, -1,
      261, 281, 273, -1,
      261, 273, 263, -1,
      370, 369, 389, -1,
      389, 369, 368, -1,
      389, 368, 367, -1,
      364, 283, 271, -1,
      271, 283, 275, -1,
      271, 275, 267, -1,
      267, 275, 269, -1,
      374, 373, 363, -1,
      363, 373, 372, -1,
      363, 372, 389, -1,
      389, 372, 371, -1,
      389, 371, 370, -1,
      390, 391, 392, -1,
      392, 391, 393, -1,
      394, 395, 390, -1,
      390, 395, 391, -1,
      396, 397, 398, -1,
      398, 397, 399, -1,
      400, 401, 396, -1,
      396, 401, 397, -1,
      392, 393, 402, -1,
      402, 393, 403, -1,
      398, 399, 404, -1,
      404, 399, 405, -1,
      406, 407, 408, -1,
      408, 407, 409, -1,
      402, 403, 410, -1,
      410, 403, 411, -1,
      404, 405, 412, -1,
      412, 405, 413, -1,
      414, 415, 416, -1,
      414, 416, 417, -1,
      417, 416, 418, -1,
      417, 418, 419, -1,
      419, 418, 420, -1,
      419, 420, 421, -1,
      421, 420, 422, -1,
      421, 422, 423, -1,
      423, 422, 424, -1,
      423, 424, 425, -1,
      425, 424, 426, -1,
      425, 426, 427, -1,
      427, 426, 409, -1,
      427, 409, 407, -1,
      428, 429, 430, -1,
      428, 430, 431, -1,
      431, 430, 432, -1,
      431, 432, 433, -1,
      433, 432, 434, -1,
      433, 434, 435, -1,
      435, 434, 436, -1,
      435, 436, 437, -1,
      438, 439, 428, -1,
      428, 439, 429, -1,
      440, 441, 442, -1,
      442, 441, 443, -1,
      442, 443, 444, -1,
      445, 410, 446, -1,
      446, 410, 447, -1,
      445, 394, 410, -1,
      410, 394, 390, -1,
      410, 390, 402, -1,
      402, 390, 392, -1,
      412, 400, 404, -1,
      404, 400, 396, -1,
      404, 396, 398, -1,
      412, 448, 400, -1,
      400, 448, 449, -1,
      400, 449, 440, -1,
      450, 451, 452, -1,
      452, 451, 453, -1,
      452, 453, 454, -1,
      454, 453, 455, -1,
      444, 456, 442, -1,
      442, 456, 457, -1,
      442, 457, 447, -1,
      447, 457, 458, -1,
      447, 458, 446, -1,
      442, 459, 440, -1,
      440, 459, 453, -1,
      440, 453, 400, -1,
      400, 453, 451, -1,
      400, 451, 460, -1,
      461, 462, 463, -1,
      461, 463, 464, -1,
      464, 463, 465, -1,
      464, 465, 466, -1,
      466, 465, 467, -1,
      466, 467, 468, -1,
      468, 467, 469, -1,
      468, 469, 470, -1,
      470, 469, 454, -1,
      470, 454, 455, -1,
      471, 462, 472, -1,
      472, 462, 461, -1,
      473, 474, 475, -1,
      475, 474, 476, -1,
      475, 476, 477, -1,
      477, 476, 478, -1,
      477, 478, 479, -1,
      479, 478, 480, -1,
      479, 480, 472, -1,
      472, 480, 471, -1,
      415, 474, 473, -1,
      473, 481, 415, -1,
      415, 481, 408, -1,
      415, 408, 409, -1,
      482, 483, 484, -1,
      481, 485, 408, -1,
      408, 485, 482, -1,
      408, 482, 486, -1,
      486, 482, 484, -1,
      409, 426, 415, -1,
      415, 426, 424, -1,
      415, 424, 422, -1,
      422, 420, 415, -1,
      415, 420, 418, -1,
      415, 418, 416, -1,
      406, 408, 486, -1,
      406, 486, 487, -1,
      487, 486, 484, -1,
      487, 484, 488, -1,
      488, 484, 483, -1,
      488, 483, 489, -1,
      489, 483, 482, -1,
      489, 482, 490, -1,
      490, 482, 485, -1,
      490, 485, 491, -1,
      491, 485, 481, -1,
      491, 481, 492, -1,
      437, 436, 492, -1,
      492, 436, 414, -1,
      406, 492, 407, -1,
      407, 492, 414, -1,
      407, 414, 427, -1,
      488, 489, 490, -1,
      421, 414, 419, -1,
      419, 414, 417, -1,
      421, 423, 414, -1,
      414, 423, 425, -1,
      414, 425, 427, -1,
      406, 487, 492, -1,
      492, 487, 488, -1,
      492, 488, 491, -1,
      491, 488, 490, -1,
      410, 411, 447, -1,
      447, 411, 493, -1,
      412, 413, 448, -1,
      448, 413, 494, -1,
      448, 494, 449, -1,
      449, 494, 495, -1,
      449, 495, 440, -1,
      440, 495, 496, -1,
      440, 496, 441, -1,
      441, 496, 497, -1,
      441, 497, 443, -1,
      443, 497, 498, -1,
      443, 498, 444, -1,
      444, 498, 499, -1,
      444, 499, 456, -1,
      456, 499, 500, -1,
      456, 500, 457, -1,
      457, 500, 501, -1,
      457, 501, 458, -1,
      458, 501, 502, -1,
      458, 502, 446, -1,
      446, 502, 503, -1,
      446, 503, 445, -1,
      445, 503, 504, -1,
      445, 504, 394, -1,
      394, 504, 395, -1,
      460, 505, 400, -1,
      400, 505, 401, -1,
      451, 506, 460, -1,
      460, 506, 505, -1,
      450, 507, 451, -1,
      451, 507, 506, -1,
      452, 508, 450, -1,
      450, 508, 507, -1,
      508, 452, 509, -1,
      509, 452, 454, -1,
      509, 454, 510, -1,
      454, 469, 510, -1,
      510, 469, 467, -1,
      510, 467, 511, -1,
      511, 467, 465, -1,
      511, 465, 512, -1,
      512, 465, 463, -1,
      512, 463, 439, -1,
      439, 463, 462, -1,
      439, 462, 429, -1,
      429, 462, 471, -1,
      429, 471, 430, -1,
      430, 471, 480, -1,
      430, 480, 432, -1,
      432, 480, 478, -1,
      432, 478, 434, -1,
      434, 478, 476, -1,
      434, 476, 436, -1,
      436, 476, 474, -1,
      436, 474, 414, -1,
      414, 474, 415, -1,
      513, 509, 514, -1,
      514, 509, 510, -1,
      514, 510, 515, -1,
      515, 510, 511, -1,
      515, 511, 516, -1,
      516, 511, 512, -1,
      516, 512, 438, -1,
      438, 512, 439, -1,
      453, 517, 455, -1,
      455, 517, 513, -1,
      455, 513, 470, -1,
      470, 513, 514, -1,
      470, 514, 468, -1,
      468, 514, 515, -1,
      492, 481, 437, -1,
      437, 481, 473, -1,
      437, 473, 435, -1,
      435, 473, 475, -1,
      435, 475, 433, -1,
      433, 475, 477, -1,
      433, 477, 431, -1,
      431, 477, 479, -1,
      431, 479, 428, -1,
      428, 479, 472, -1,
      428, 472, 438, -1,
      438, 472, 461, -1,
      438, 461, 516, -1,
      516, 461, 464, -1,
      516, 464, 515, -1,
      515, 464, 466, -1,
      515, 466, 468, -1,
      459, 518, 453, -1,
      453, 518, 517, -1,
      442, 519, 459, -1,
      459, 519, 518, -1,
      447, 493, 442, -1,
      442, 493, 519, -1,
      395, 504, 411, -1,
      507, 508, 506, -1,
      506, 508, 519, -1,
      518, 519, 517, -1,
      517, 519, 508, -1,
      517, 508, 513, -1,
      513, 508, 509, -1,
      411, 504, 493, -1,
      494, 401, 495, -1,
      495, 401, 505, -1,
      495, 505, 496, -1,
      494, 413, 401, -1,
      401, 413, 405, -1,
      401, 405, 397, -1,
      397, 405, 399, -1,
      395, 411, 391, -1,
      391, 411, 403, -1,
      391, 403, 393, -1,
      504, 503, 493, -1,
      493, 503, 502, -1,
      493, 502, 519, -1,
      519, 502, 501, -1,
      501, 500, 519, -1,
      519, 500, 499, -1,
      519, 499, 498, -1,
      505, 506, 496, -1,
      496, 506, 519, -1,
      496, 519, 497, -1,
      497, 519, 498, -1,
      520, 521, 522, -1,
      522, 521, 523, -1,
      524, 525, 520, -1,
      520, 525, 521, -1,
      526, 527, 528, -1,
      528, 527, 529, -1,
      530, 531, 526, -1,
      526, 531, 527, -1,
      522, 523, 532, -1,
      532, 523, 533, -1,
      528, 529, 534, -1,
      534, 529, 535, -1,
      536, 537, 538, -1,
      538, 537, 539, -1,
      532, 533, 540, -1,
      540, 533, 541, -1,
      534, 535, 542, -1,
      542, 535, 543, -1,
      544, 545, 546, -1,
      544, 546, 547, -1,
      547, 546, 548, -1,
      547, 548, 549, -1,
      549, 548, 550, -1,
      549, 550, 551, -1,
      551, 550, 552, -1,
      551, 552, 553, -1,
      553, 552, 554, -1,
      553, 554, 555, -1,
      555, 554, 539, -1,
      555, 539, 537, -1,
      556, 557, 558, -1,
      556, 558, 559, -1,
      559, 558, 560, -1,
      559, 560, 561, -1,
      561, 560, 562, -1,
      561, 562, 563, -1,
      563, 562, 564, -1,
      563, 564, 565, -1,
      565, 564, 566, -1,
      565, 566, 567, -1,
      568, 569, 556, -1,
      556, 569, 557, -1,
      570, 571, 572, -1,
      572, 571, 573, -1,
      572, 573, 574, -1,
      542, 530, 534, -1,
      534, 530, 526, -1,
      534, 526, 528, -1,
      542, 575, 530, -1,
      530, 575, 576, -1,
      530, 576, 570, -1,
      577, 578, 579, -1,
      579, 578, 580, -1,
      579, 580, 581, -1,
      581, 580, 582, -1,
      522, 532, 520, -1,
      520, 532, 540, -1,
      520, 540, 524, -1,
      583, 584, 540, -1,
      540, 584, 585, -1,
      540, 585, 524, -1,
      572, 586, 570, -1,
      570, 586, 580, -1,
      570, 580, 530, -1,
      530, 580, 578, -1,
      530, 578, 587, -1,
      574, 588, 572, -1,
      572, 588, 589, -1,
      572, 589, 583, -1,
      583, 589, 590, -1,
      583, 590, 584, -1,
      591, 592, 593, -1,
      591, 593, 594, -1,
      594, 593, 595, -1,
      594, 595, 596, -1,
      596, 595, 597, -1,
      596, 597, 598, -1,
      598, 597, 599, -1,
      598, 599, 600, -1,
      600, 599, 581, -1,
      600, 581, 582, -1,
      601, 592, 602, -1,
      602, 592, 591, -1,
      603, 604, 605, -1,
      605, 604, 606, -1,
      605, 606, 607, -1,
      607, 606, 608, -1,
      607, 608, 609, -1,
      609, 608, 610, -1,
      609, 610, 611, -1,
      611, 610, 612, -1,
      611, 612, 602, -1,
      602, 612, 601, -1,
      538, 613, 614, -1,
      614, 613, 615, -1,
      615, 616, 614, -1,
      614, 616, 617, -1,
      614, 617, 618, -1,
      548, 554, 550, -1,
      550, 554, 552, -1,
      548, 546, 554, -1,
      554, 546, 545, -1,
      554, 545, 539, -1,
      539, 545, 604, -1,
      539, 604, 538, -1,
      538, 604, 603, -1,
      538, 603, 613, -1,
      536, 538, 614, -1,
      536, 614, 619, -1,
      619, 614, 618, -1,
      619, 618, 620, -1,
      620, 618, 617, -1,
      620, 617, 621, -1,
      621, 617, 616, -1,
      621, 616, 622, -1,
      622, 616, 615, -1,
      622, 615, 623, -1,
      623, 615, 613, -1,
      623, 613, 624, -1,
      622, 619, 621, -1,
      621, 619, 620, -1,
      622, 623, 619, -1,
      619, 623, 624, -1,
      619, 624, 536, -1,
      536, 624, 567, -1,
      536, 567, 537, -1,
      567, 566, 537, -1,
      537, 566, 544, -1,
      537, 544, 555, -1,
      555, 544, 547, -1,
      547, 549, 555, -1,
      555, 549, 551, -1,
      555, 551, 553, -1,
      540, 541, 583, -1,
      583, 541, 625, -1,
      542, 543, 575, -1,
      575, 543, 626, -1,
      575, 626, 576, -1,
      576, 626, 627, -1,
      576, 627, 570, -1,
      570, 627, 628, -1,
      570, 628, 571, -1,
      571, 628, 629, -1,
      571, 629, 573, -1,
      573, 629, 630, -1,
      573, 630, 574, -1,
      574, 630, 631, -1,
      574, 631, 588, -1,
      588, 631, 632, -1,
      588, 632, 589, -1,
      589, 632, 633, -1,
      589, 633, 590, -1,
      590, 633, 634, -1,
      590, 634, 584, -1,
      584, 634, 635, -1,
      584, 635, 585, -1,
      585, 635, 636, -1,
      585, 636, 524, -1,
      524, 636, 525, -1,
      587, 637, 530, -1,
      530, 637, 531, -1,
      578, 638, 587, -1,
      587, 638, 637, -1,
      577, 639, 578, -1,
      578, 639, 638, -1,
      579, 640, 577, -1,
      577, 640, 639, -1,
      640, 579, 641, -1,
      641, 579, 581, -1,
      641, 581, 642, -1,
      642, 581, 599, -1,
      642, 599, 643, -1,
      643, 599, 597, -1,
      643, 597, 644, -1,
      644, 597, 595, -1,
      644, 595, 645, -1,
      645, 595, 593, -1,
      645, 593, 569, -1,
      569, 593, 592, -1,
      569, 592, 557, -1,
      557, 592, 601, -1,
      557, 601, 558, -1,
      558, 601, 612, -1,
      558, 612, 560, -1,
      560, 612, 610, -1,
      560, 610, 562, -1,
      562, 610, 608, -1,
      562, 608, 564, -1,
      564, 608, 606, -1,
      564, 606, 566, -1,
      566, 606, 604, -1,
      566, 604, 544, -1,
      544, 604, 545, -1,
      646, 641, 647, -1,
      647, 641, 642, -1,
      647, 642, 648, -1,
      648, 642, 643, -1,
      648, 643, 649, -1,
      649, 643, 644, -1,
      649, 644, 650, -1,
      650, 644, 645, -1,
      650, 645, 568, -1,
      568, 645, 569, -1,
      624, 613, 567, -1,
      567, 613, 603, -1,
      567, 603, 565, -1,
      565, 603, 605, -1,
      565, 605, 563, -1,
      563, 605, 607, -1,
      563, 607, 561, -1,
      561, 607, 609, -1,
      561, 609, 559, -1,
      559, 609, 611, -1,
      559, 611, 556, -1,
      556, 611, 602, -1,
      556, 602, 568, -1,
      568, 602, 591, -1,
      568, 591, 650, -1,
      650, 591, 594, -1,
      650, 594, 649, -1,
      649, 594, 596, -1,
      649, 596, 648, -1,
      648, 596, 598, -1,
      648, 598, 647, -1,
      647, 598, 600, -1,
      647, 600, 646, -1,
      646, 600, 582, -1,
      646, 582, 651, -1,
      651, 582, 580, -1,
      586, 652, 580, -1,
      580, 652, 651, -1,
      572, 653, 586, -1,
      586, 653, 652, -1,
      583, 625, 572, -1,
      572, 625, 653, -1,
      651, 652, 653, -1,
      533, 523, 521, -1,
      638, 639, 640, -1,
      640, 641, 646, -1,
      626, 531, 627, -1,
      627, 531, 637, -1,
      627, 637, 628, -1,
      628, 637, 638, -1,
      628, 638, 653, -1,
      653, 638, 640, -1,
      653, 640, 651, -1,
      651, 640, 646, -1,
      626, 543, 531, -1,
      531, 543, 535, -1,
      531, 535, 527, -1,
      527, 535, 529, -1,
      533, 521, 541, -1,
      653, 632, 631, -1,
      521, 525, 541, -1,
      541, 525, 636, -1,
      541, 636, 625, -1,
      631, 630, 653, -1,
      653, 630, 629, -1,
      653, 629, 628, -1,
      636, 635, 625, -1,
      625, 635, 634, -1,
      625, 634, 653, -1,
      653, 634, 633, -1,
      653, 633, 632, -1,
      654, 655, 656, -1,
      656, 655, 657, -1,
      658, 659, 654, -1,
      654, 659, 655, -1,
      660, 661, 662, -1,
      662, 661, 663, -1,
      664, 665, 660, -1,
      660, 665, 661, -1,
      656, 657, 666, -1,
      666, 657, 667, -1,
      662, 663, 668, -1,
      668, 663, 669, -1,
      670, 671, 672, -1,
      672, 671, 673, -1,
      666, 667, 674, -1,
      674, 667, 675, -1,
      668, 669, 676, -1,
      676, 669, 677, -1,
      678, 679, 680, -1,
      678, 680, 681, -1,
      681, 680, 682, -1,
      681, 682, 683, -1,
      683, 682, 684, -1,
      683, 684, 685, -1,
      685, 684, 686, -1,
      685, 686, 687, -1,
      687, 686, 688, -1,
      687, 688, 689, -1,
      689, 688, 673, -1,
      689, 673, 671, -1,
      690, 691, 692, -1,
      690, 692, 693, -1,
      693, 692, 694, -1,
      693, 694, 695, -1,
      695, 694, 696, -1,
      695, 696, 697, -1,
      697, 696, 698, -1,
      697, 698, 699, -1,
      699, 698, 700, -1,
      699, 700, 701, -1,
      702, 703, 690, -1,
      690, 703, 691, -1,
      676, 704, 664, -1,
      664, 704, 705, -1,
      664, 705, 706, -1,
      706, 707, 708, -1,
      708, 707, 709, -1,
      708, 709, 710, -1,
      711, 712, 713, -1,
      713, 712, 714, -1,
      713, 714, 715, -1,
      715, 714, 716, -1,
      656, 666, 654, -1,
      654, 666, 674, -1,
      654, 674, 658, -1,
      676, 664, 668, -1,
      668, 664, 660, -1,
      668, 660, 662, -1,
      708, 717, 706, -1,
      706, 717, 714, -1,
      706, 714, 664, -1,
      664, 714, 712, -1,
      664, 712, 718, -1,
      719, 720, 674, -1,
      674, 720, 721, -1,
      674, 721, 658, -1,
      710, 722, 708, -1,
      708, 722, 723, -1,
      708, 723, 719, -1,
      719, 723, 724, -1,
      719, 724, 720, -1,
      725, 726, 727, -1,
      725, 727, 728, -1,
      728, 727, 729, -1,
      728, 729, 730, -1,
      730, 729, 731, -1,
      730, 731, 732, -1,
      732, 731, 733, -1,
      732, 733, 734, -1,
      734, 733, 715, -1,
      734, 715, 716, -1,
      735, 726, 736, -1,
      736, 726, 725, -1,
      737, 738, 739, -1,
      739, 738, 740, -1,
      739, 740, 741, -1,
      741, 740, 742, -1,
      741, 742, 743, -1,
      743, 742, 744, -1,
      743, 744, 745, -1,
      745, 744, 746, -1,
      745, 746, 736, -1,
      736, 746, 735, -1,
      672, 673, 738, -1,
      738, 673, 679, -1,
      679, 673, 688, -1,
      679, 688, 680, -1,
      738, 737, 672, -1,
      672, 737, 747, -1,
      672, 747, 748, -1,
      748, 747, 749, -1,
      749, 750, 748, -1,
      748, 750, 751, -1,
      748, 751, 752, -1,
      686, 684, 688, -1,
      688, 684, 682, -1,
      688, 682, 680, -1,
      670, 672, 748, -1,
      670, 748, 753, -1,
      753, 748, 752, -1,
      753, 752, 754, -1,
      754, 752, 751, -1,
      754, 751, 755, -1,
      755, 751, 750, -1,
      755, 750, 756, -1,
      756, 750, 749, -1,
      756, 749, 757, -1,
      757, 749, 747, -1,
      757, 747, 758, -1,
      671, 678, 689, -1,
      689, 678, 681, -1,
      756, 753, 755, -1,
      755, 753, 754, -1,
      756, 757, 753, -1,
      753, 757, 758, -1,
      753, 758, 670, -1,
      670, 758, 701, -1,
      670, 701, 671, -1,
      671, 701, 700, -1,
      671, 700, 678, -1,
      681, 683, 689, -1,
      689, 683, 685, -1,
      689, 685, 687, -1,
      674, 675, 719, -1,
      719, 675, 759, -1,
      676, 677, 704, -1,
      704, 677, 760, -1,
      704, 760, 705, -1,
      705, 760, 761, -1,
      705, 761, 706, -1,
      706, 761, 762, -1,
      706, 762, 707, -1,
      707, 762, 763, -1,
      707, 763, 709, -1,
      709, 763, 764, -1,
      709, 764, 710, -1,
      710, 764, 765, -1,
      710, 765, 722, -1,
      722, 765, 766, -1,
      722, 766, 723, -1,
      723, 766, 767, -1,
      723, 767, 724, -1,
      724, 767, 768, -1,
      724, 768, 720, -1,
      720, 768, 769, -1,
      720, 769, 721, -1,
      721, 769, 770, -1,
      721, 770, 658, -1,
      658, 770, 659, -1,
      718, 771, 664, -1,
      664, 771, 665, -1,
      712, 772, 718, -1,
      718, 772, 771, -1,
      711, 773, 712, -1,
      712, 773, 772, -1,
      713, 774, 711, -1,
      711, 774, 773, -1,
      774, 713, 775, -1,
      775, 713, 715, -1,
      775, 715, 776, -1,
      776, 715, 733, -1,
      776, 733, 777, -1,
      777, 733, 731, -1,
      777, 731, 778, -1,
      778, 731, 729, -1,
      778, 729, 779, -1,
      779, 729, 727, -1,
      779, 727, 703, -1,
      703, 727, 726, -1,
      703, 726, 691, -1,
      691, 726, 735, -1,
      691, 735, 692, -1,
      692, 735, 746, -1,
      692, 746, 694, -1,
      694, 746, 744, -1,
      694, 744, 696, -1,
      696, 744, 742, -1,
      696, 742, 698, -1,
      698, 742, 740, -1,
      698, 740, 700, -1,
      700, 740, 738, -1,
      700, 738, 678, -1,
      678, 738, 679, -1,
      780, 775, 781, -1,
      781, 775, 776, -1,
      781, 776, 782, -1,
      782, 776, 777, -1,
      782, 777, 783, -1,
      783, 777, 778, -1,
      783, 778, 784, -1,
      784, 778, 779, -1,
      784, 779, 702, -1,
      702, 779, 703, -1,
      758, 747, 701, -1,
      701, 747, 737, -1,
      701, 737, 699, -1,
      699, 737, 739, -1,
      699, 739, 697, -1,
      697, 739, 741, -1,
      697, 741, 695, -1,
      695, 741, 743, -1,
      695, 743, 693, -1,
      693, 743, 745, -1,
      693, 745, 690, -1,
      690, 745, 736, -1,
      690, 736, 702, -1,
      702, 736, 725, -1,
      702, 725, 784, -1,
      784, 725, 728, -1,
      784, 728, 783, -1,
      783, 728, 730, -1,
      783, 730, 782, -1,
      782, 730, 732, -1,
      782, 732, 781, -1,
      781, 732, 734, -1,
      781, 734, 780, -1,
      780, 734, 716, -1,
      780, 716, 785, -1,
      785, 716, 714, -1,
      717, 786, 714, -1,
      714, 786, 785, -1,
      708, 787, 717, -1,
      717, 787, 786, -1,
      719, 759, 708, -1,
      708, 759, 787, -1,
      785, 786, 787, -1,
      667, 657, 655, -1,
      772, 773, 774, -1,
      774, 775, 780, -1,
      780, 785, 774, -1,
      774, 785, 787, -1,
      774, 787, 772, -1,
      772, 787, 762, -1,
      772, 762, 771, -1,
      771, 762, 761, -1,
      771, 761, 665, -1,
      665, 761, 760, -1,
      667, 655, 675, -1,
      787, 766, 765, -1,
      760, 677, 665, -1,
      665, 677, 669, -1,
      665, 669, 661, -1,
      661, 669, 663, -1,
      655, 659, 675, -1,
      675, 659, 770, -1,
      675, 770, 759, -1,
      765, 764, 787, -1,
      787, 764, 763, -1,
      787, 763, 762, -1,
      770, 769, 759, -1,
      759, 769, 768, -1,
      759, 768, 787, -1,
      787, 768, 767, -1,
      787, 767, 766, -1,
      788, 789, 790, -1,
      790, 789, 791, -1,
      792, 793, 788, -1,
      788, 793, 789, -1,
      794, 795, 796, -1,
      796, 795, 797, -1,
      798, 799, 794, -1,
      794, 799, 795, -1,
      790, 791, 800, -1,
      800, 791, 801, -1,
      796, 797, 802, -1,
      802, 797, 803, -1,
      804, 805, 806, -1,
      806, 805, 807, -1,
      800, 801, 808, -1,
      808, 801, 809, -1,
      802, 803, 810, -1,
      810, 803, 811, -1,
      812, 813, 814, -1,
      812, 814, 815, -1,
      815, 814, 816, -1,
      815, 816, 817, -1,
      817, 816, 818, -1,
      817, 818, 819, -1,
      819, 818, 820, -1,
      819, 820, 821, -1,
      821, 820, 822, -1,
      821, 822, 823, -1,
      823, 822, 807, -1,
      823, 807, 805, -1,
      824, 825, 826, -1,
      824, 826, 827, -1,
      827, 826, 828, -1,
      827, 828, 829, -1,
      829, 828, 830, -1,
      829, 830, 831, -1,
      831, 830, 832, -1,
      831, 832, 833, -1,
      833, 832, 834, -1,
      833, 834, 835, -1,
      836, 837, 824, -1,
      824, 837, 825, -1,
      838, 839, 808, -1,
      808, 839, 840, -1,
      840, 792, 808, -1,
      808, 792, 788, -1,
      808, 788, 800, -1,
      800, 788, 790, -1,
      810, 798, 802, -1,
      802, 798, 794, -1,
      802, 794, 796, -1,
      810, 841, 798, -1,
      798, 841, 842, -1,
      798, 842, 843, -1,
      844, 845, 846, -1,
      846, 845, 847, -1,
      846, 847, 848, -1,
      848, 847, 849, -1,
      843, 850, 851, -1,
      851, 850, 852, -1,
      851, 852, 853, -1,
      851, 854, 843, -1,
      843, 854, 847, -1,
      843, 847, 798, -1,
      798, 847, 845, -1,
      798, 845, 855, -1,
      853, 856, 851, -1,
      851, 856, 857, -1,
      851, 857, 838, -1,
      838, 857, 858, -1,
      838, 858, 839, -1,
      859, 860, 861, -1,
      859, 861, 862, -1,
      862, 861, 863, -1,
      862, 863, 864, -1,
      864, 863, 865, -1,
      864, 865, 866, -1,
      866, 865, 867, -1,
      866, 867, 868, -1,
      868, 867, 848, -1,
      868, 848, 849, -1,
      869, 860, 870, -1,
      870, 860, 859, -1,
      871, 872, 873, -1,
      873, 872, 874, -1,
      873, 874, 875, -1,
      875, 874, 876, -1,
      875, 876, 877, -1,
      877, 876, 878, -1,
      877, 878, 879, -1,
      879, 878, 880, -1,
      879, 880, 870, -1,
      870, 880, 869, -1,
      872, 871, 813, -1,
      813, 871, 881, -1,
      822, 820, 818, -1,
      818, 816, 822, -1,
      822, 816, 814, -1,
      822, 814, 813, -1,
      882, 883, 881, -1,
      881, 883, 806, -1,
      881, 806, 813, -1,
      813, 806, 807, -1,
      813, 807, 822, -1,
      882, 884, 883, -1,
      883, 884, 885, -1,
      883, 885, 886, -1,
      804, 806, 883, -1,
      804, 883, 887, -1,
      887, 883, 886, -1,
      887, 886, 888, -1,
      888, 886, 885, -1,
      888, 885, 889, -1,
      889, 885, 884, -1,
      889, 884, 890, -1,
      890, 884, 882, -1,
      890, 882, 891, -1,
      891, 882, 881, -1,
      891, 881, 892, -1,
      835, 834, 892, -1,
      892, 834, 812, -1,
      815, 823, 812, -1,
      812, 823, 805, -1,
      812, 805, 892, -1,
      815, 817, 823, -1,
      823, 817, 819, -1,
      823, 819, 821, -1,
      890, 887, 889, -1,
      889, 887, 888, -1,
      805, 804, 892, -1,
      892, 804, 887, -1,
      892, 887, 891, -1,
      891, 887, 890, -1,
      808, 809, 838, -1,
      838, 809, 893, -1,
      810, 811, 841, -1,
      841, 811, 894, -1,
      841, 894, 842, -1,
      842, 894, 895, -1,
      842, 895, 843, -1,
      843, 895, 896, -1,
      843, 896, 850, -1,
      850, 896, 897, -1,
      850, 897, 852, -1,
      852, 897, 898, -1,
      852, 898, 853, -1,
      853, 898, 899, -1,
      853, 899, 856, -1,
      856, 899, 900, -1,
      856, 900, 857, -1,
      857, 900, 901, -1,
      857, 901, 858, -1,
      858, 901, 902, -1,
      858, 902, 839, -1,
      839, 902, 903, -1,
      839, 903, 840, -1,
      840, 903, 904, -1,
      840, 904, 792, -1,
      792, 904, 793, -1,
      855, 905, 798, -1,
      798, 905, 799, -1,
      845, 906, 855, -1,
      855, 906, 905, -1,
      844, 907, 845, -1,
      845, 907, 906, -1,
      846, 908, 844, -1,
      844, 908, 907, -1,
      908, 846, 909, -1,
      909, 846, 848, -1,
      909, 848, 910, -1,
      910, 848, 867, -1,
      910, 867, 911, -1,
      911, 867, 865, -1,
      911, 865, 912, -1,
      912, 865, 863, -1,
      912, 863, 913, -1,
      913, 863, 861, -1,
      913, 861, 837, -1,
      837, 861, 860, -1,
      837, 860, 825, -1,
      825, 860, 869, -1,
      825, 869, 826, -1,
      826, 869, 880, -1,
      826, 880, 828, -1,
      828, 880, 878, -1,
      828, 878, 830, -1,
      830, 878, 876, -1,
      830, 876, 832, -1,
      832, 876, 874, -1,
      832, 874, 834, -1,
      834, 874, 872, -1,
      834, 872, 812, -1,
      812, 872, 813, -1,
      914, 909, 915, -1,
      915, 909, 910, -1,
      915, 910, 916, -1,
      916, 910, 911, -1,
      916, 911, 917, -1,
      917, 911, 912, -1,
      917, 912, 918, -1,
      918, 912, 913, -1,
      918, 913, 836, -1,
      836, 913, 837, -1,
      892, 881, 835, -1,
      835, 881, 871, -1,
      835, 871, 833, -1,
      833, 871, 873, -1,
      833, 873, 831, -1,
      831, 873, 875, -1,
      831, 875, 829, -1,
      829, 875, 877, -1,
      829, 877, 827, -1,
      827, 877, 879, -1,
      827, 879, 824, -1,
      824, 879, 870, -1,
      824, 870, 836, -1,
      836, 870, 859, -1,
      836, 859, 918, -1,
      918, 859, 862, -1,
      918, 862, 917, -1,
      917, 862, 864, -1,
      917, 864, 916, -1,
      916, 864, 866, -1,
      916, 866, 915, -1,
      915, 866, 868, -1,
      915, 868, 914, -1,
      914, 868, 849, -1,
      914, 849, 919, -1,
      919, 849, 847, -1,
      854, 920, 847, -1,
      847, 920, 919, -1,
      851, 921, 854, -1,
      854, 921, 920, -1,
      838, 893, 851, -1,
      851, 893, 921, -1,
      897, 896, 921, -1,
      919, 920, 921, -1,
      906, 907, 908, -1,
      908, 909, 914, -1,
      793, 904, 809, -1,
      809, 904, 893, -1,
      914, 919, 908, -1,
      908, 919, 921, -1,
      908, 921, 906, -1,
      906, 921, 896, -1,
      906, 896, 905, -1,
      905, 896, 895, -1,
      905, 895, 799, -1,
      799, 895, 894, -1,
      793, 809, 789, -1,
      789, 809, 801, -1,
      789, 801, 791, -1,
      900, 899, 921, -1,
      921, 899, 898, -1,
      921, 898, 897, -1,
      894, 811, 799, -1,
      799, 811, 803, -1,
      799, 803, 795, -1,
      795, 803, 797, -1,
      904, 903, 893, -1,
      893, 903, 902, -1,
      893, 902, 921, -1,
      921, 902, 901, -1,
      921, 901, 900, -1,
      922, 923, 924, -1,
      924, 923, 925, -1,
      926, 927, 922, -1,
      922, 927, 923, -1,
      928, 929, 930, -1,
      930, 929, 931, -1,
      932, 933, 928, -1,
      928, 933, 929, -1,
      924, 925, 934, -1,
      934, 925, 935, -1,
      930, 931, 936, -1,
      936, 931, 937, -1,
      938, 939, 940, -1,
      940, 939, 941, -1,
      934, 935, 942, -1,
      942, 935, 943, -1,
      936, 937, 944, -1,
      944, 937, 945, -1,
      946, 947, 948, -1,
      946, 948, 949, -1,
      949, 948, 950, -1,
      949, 950, 951, -1,
      951, 950, 952, -1,
      951, 952, 953, -1,
      953, 952, 954, -1,
      953, 954, 955, -1,
      955, 954, 956, -1,
      955, 956, 957, -1,
      957, 956, 941, -1,
      957, 941, 939, -1,
      958, 959, 960, -1,
      958, 960, 961, -1,
      961, 960, 962, -1,
      961, 962, 963, -1,
      963, 962, 964, -1,
      963, 964, 965, -1,
      965, 964, 966, -1,
      965, 966, 967, -1,
      967, 966, 968, -1,
      967, 968, 969, -1,
      970, 971, 958, -1,
      958, 971, 959, -1,
      972, 973, 974, -1,
      974, 973, 975, -1,
      974, 975, 976, -1,
      977, 942, 978, -1,
      978, 942, 979, -1,
      977, 926, 942, -1,
      942, 926, 922, -1,
      942, 922, 934, -1,
      934, 922, 924, -1,
      944, 932, 936, -1,
      936, 932, 928, -1,
      936, 928, 930, -1,
      944, 980, 932, -1,
      932, 980, 981, -1,
      932, 981, 972, -1,
      982, 983, 984, -1,
      984, 983, 985, -1,
      984, 985, 986, -1,
      986, 985, 987, -1,
      976, 988, 974, -1,
      974, 988, 989, -1,
      974, 989, 979, -1,
      979, 989, 990, -1,
      979, 990, 978, -1,
      974, 991, 972, -1,
      972, 991, 985, -1,
      972, 985, 932, -1,
      932, 985, 983, -1,
      932, 983, 992, -1,
      993, 994, 995, -1,
      993, 995, 996, -1,
      996, 995, 997, -1,
      996, 997, 998, -1,
      998, 997, 999, -1,
      998, 999, 1000, -1,
      1000, 999, 1001, -1,
      1000, 1001, 1002, -1,
      1002, 1001, 986, -1,
      1002, 986, 987, -1,
      1003, 994, 1004, -1,
      1004, 994, 993, -1,
      1005, 1006, 1007, -1,
      1007, 1006, 1008, -1,
      1007, 1008, 1009, -1,
      1009, 1008, 1010, -1,
      1009, 1010, 1011, -1,
      1011, 1010, 1012, -1,
      1011, 1012, 1013, -1,
      1013, 1012, 1014, -1,
      1013, 1014, 1004, -1,
      1004, 1014, 1003, -1,
      1006, 1005, 947, -1,
      947, 1005, 1015, -1,
      1016, 1017, 1015, -1,
      1015, 1017, 940, -1,
      1015, 940, 947, -1,
      1016, 1018, 1017, -1,
      1017, 1018, 1019, -1,
      1017, 1019, 1020, -1,
      950, 956, 952, -1,
      952, 956, 954, -1,
      940, 941, 947, -1,
      947, 941, 956, -1,
      947, 956, 948, -1,
      948, 956, 950, -1,
      938, 940, 1017, -1,
      938, 1017, 1021, -1,
      1021, 1017, 1020, -1,
      1021, 1020, 1022, -1,
      1022, 1020, 1019, -1,
      1022, 1019, 1023, -1,
      1023, 1019, 1018, -1,
      1023, 1018, 1024, -1,
      1024, 1018, 1016, -1,
      1024, 1016, 1025, -1,
      1025, 1016, 1015, -1,
      1025, 1015, 1026, -1,
      969, 968, 1026, -1,
      1026, 968, 946, -1,
      949, 957, 946, -1,
      946, 957, 939, -1,
      946, 939, 1026, -1,
      949, 951, 957, -1,
      957, 951, 953, -1,
      957, 953, 955, -1,
      1024, 1021, 1023, -1,
      1023, 1021, 1022, -1,
      939, 938, 1026, -1,
      1026, 938, 1021, -1,
      1026, 1021, 1025, -1,
      1025, 1021, 1024, -1,
      942, 943, 979, -1,
      979, 943, 1027, -1,
      944, 945, 980, -1,
      980, 945, 1028, -1,
      980, 1028, 981, -1,
      981, 1028, 1029, -1,
      981, 1029, 972, -1,
      972, 1029, 1030, -1,
      972, 1030, 973, -1,
      973, 1030, 1031, -1,
      973, 1031, 975, -1,
      975, 1031, 1032, -1,
      975, 1032, 976, -1,
      976, 1032, 1033, -1,
      976, 1033, 988, -1,
      988, 1033, 1034, -1,
      988, 1034, 989, -1,
      989, 1034, 1035, -1,
      989, 1035, 990, -1,
      990, 1035, 1036, -1,
      990, 1036, 978, -1,
      978, 1036, 1037, -1,
      978, 1037, 977, -1,
      977, 1037, 1038, -1,
      977, 1038, 926, -1,
      926, 1038, 927, -1,
      992, 1039, 932, -1,
      932, 1039, 933, -1,
      983, 1040, 992, -1,
      992, 1040, 1039, -1,
      982, 1041, 983, -1,
      983, 1041, 1040, -1,
      984, 1042, 982, -1,
      982, 1042, 1041, -1,
      1042, 984, 1043, -1,
      1043, 984, 986, -1,
      1043, 986, 1044, -1,
      1044, 986, 1001, -1,
      1044, 1001, 1045, -1,
      1045, 1001, 999, -1,
      1045, 999, 1046, -1,
      1046, 999, 997, -1,
      1046, 997, 1047, -1,
      1047, 997, 995, -1,
      1047, 995, 971, -1,
      971, 995, 994, -1,
      971, 994, 959, -1,
      959, 994, 1003, -1,
      959, 1003, 960, -1,
      960, 1003, 1014, -1,
      960, 1014, 962, -1,
      962, 1014, 1012, -1,
      962, 1012, 964, -1,
      964, 1012, 1010, -1,
      964, 1010, 966, -1,
      966, 1010, 1008, -1,
      966, 1008, 968, -1,
      968, 1008, 1006, -1,
      968, 1006, 946, -1,
      946, 1006, 947, -1,
      1048, 1043, 1049, -1,
      1049, 1043, 1044, -1,
      1049, 1044, 1050, -1,
      1050, 1044, 1045, -1,
      1050, 1045, 1051, -1,
      1051, 1045, 1046, -1,
      1051, 1046, 1052, -1,
      1052, 1046, 1047, -1,
      1052, 1047, 970, -1,
      970, 1047, 971, -1,
      1026, 1015, 969, -1,
      969, 1015, 1005, -1,
      969, 1005, 967, -1,
      967, 1005, 1007, -1,
      967, 1007, 965, -1,
      965, 1007, 1009, -1,
      965, 1009, 963, -1,
      963, 1009, 1011, -1,
      963, 1011, 961, -1,
      961, 1011, 1013, -1,
      961, 1013, 958, -1,
      958, 1013, 1004, -1,
      958, 1004, 970, -1,
      970, 1004, 993, -1,
      970, 993, 1052, -1,
      1052, 993, 996, -1,
      1052, 996, 1051, -1,
      1051, 996, 998, -1,
      1051, 998, 1050, -1,
      1050, 998, 1000, -1,
      1050, 1000, 1049, -1,
      1049, 1000, 1002, -1,
      1049, 1002, 1048, -1,
      1048, 1002, 987, -1,
      1048, 987, 1053, -1,
      1053, 987, 985, -1,
      991, 1054, 985, -1,
      985, 1054, 1053, -1,
      974, 1055, 991, -1,
      991, 1055, 1054, -1,
      979, 1027, 974, -1,
      974, 1027, 1055, -1,
      927, 1038, 943, -1,
      1041, 1042, 1040, -1,
      1040, 1042, 1055, -1,
      1054, 1055, 1053, -1,
      1053, 1055, 1042, -1,
      1053, 1042, 1048, -1,
      1048, 1042, 1043, -1,
      943, 1038, 1027, -1,
      1028, 933, 1029, -1,
      1029, 933, 1039, -1,
      1029, 1039, 1030, -1,
      1028, 945, 933, -1,
      933, 945, 937, -1,
      933, 937, 929, -1,
      929, 937, 931, -1,
      927, 943, 923, -1,
      923, 943, 935, -1,
      923, 935, 925, -1,
      1038, 1037, 1027, -1,
      1027, 1037, 1036, -1,
      1027, 1036, 1055, -1,
      1055, 1036, 1035, -1,
      1035, 1034, 1055, -1,
      1055, 1034, 1033, -1,
      1055, 1033, 1032, -1,
      1039, 1040, 1030, -1,
      1030, 1040, 1055, -1,
      1030, 1055, 1031, -1,
      1031, 1055, 1032, -1,
    ]
  }
}

Shape {
  appearance Appearance {
    material Material {
      diffuseColor 0.2510 0.2510 0.2510
      specularColor 0.2196 0.2196 0.2196
      ambientIntensity 0.2
      transparency 0.0000
      shininess 0.5
    }
  }
  geometry IndexedFaceSet {
    ccw TRUE
    solid FALSE
    coord DEF co Coordinate {
      point [
        3.000000 -0.929131 0.367620,
        3.000000 -0.929131 0.325330,
        3.000000 -0.826372 0.325330,
        3.000000 -0.929131 0.536984,
        3.000000 -0.929131 0.505682,
        3.000000 -0.826372 0.505682,
        3.000000 -0.798773 0.367620,
        3.000000 -0.819972 0.367620,
        3.000000 -0.819972 0.325330,
        3.000000 -0.785593 0.644557,
        3.000000 -0.777499 0.645544,
        3.000000 -0.819972 0.645544,
        3.000000 -0.758098 0.537639,
        3.000000 -0.764950 0.536984,
        3.000000 -0.729628 0.536984,
        3.000000 1.476378 -0.826772,
        3.000000 1.476378 0.325330,
        3.000000 -0.522250 0.325330,
        3.000000 -0.709665 0.632363,
        3.000000 -0.709665 0.598196,
        3.000000 -0.680833 0.598196,
        3.000000 -0.703057 0.368152,
        3.000000 -0.707533 0.367620,
        3.000000 -0.680833 0.367620,
        3.000000 -0.726402 0.367892,
        3.000000 -0.729628 0.369025,
        3.000000 -0.729628 0.367620,
        3.000000 -0.575970 0.463000,
        3.000000 -0.575970 0.428833,
        3.000000 -0.555980 0.428833,
        3.000000 -1.456820 0.497471,
        3.000000 -1.455259 0.505682,
        3.000000 -1.565175 0.505682,
        3.000000 -1.021639 0.561363,
        3.000000 -1.001060 0.543941,
        3.000000 -0.929131 0.645544,
        3.000000 -1.106424 0.645544,
        3.000000 -1.088983 0.633818,
        3.000000 -1.085509 0.630543,
        3.000000 -1.061477 0.601098,
        3.000000 -1.047994 0.573853,
        3.000000 -1.044223 0.572584,
        3.000000 -1.160932 0.670003,
        3.000000 -1.122841 0.656581,
        3.000000 -0.929131 0.984252,
        3.000000 -1.264922 0.655083,
        3.000000 -1.229932 0.668621,
        3.000000 -1.565175 0.984252,
        3.000000 -1.192213 0.673288,
        3.000000 -1.421446 0.575371,
        3.000000 -1.415153 0.581255,
        3.000000 -1.565175 0.645544,
        3.000000 -1.280302 0.645544,
        3.000000 -1.283299 0.643685,
        3.000000 -1.390806 0.597921,
        3.000000 -1.362589 0.608471,
        3.000000 -1.334155 0.611806,
        3.000000 -1.301137 0.628409,
        3.000000 -1.325426 0.611331,
        3.000000 -1.316697 0.610287,
        3.000000 -1.565175 0.536984,
        3.000000 -1.451404 0.525957,
        3.000000 -1.446370 0.536984,
        3.000000 -1.439008 0.553110,
        3.000000 -1.364517 0.369669,
        3.000000 -1.375929 0.373176,
        3.000000 -1.565175 0.367620,
        3.000000 -1.403132 0.386956,
        3.000000 -1.425241 0.406103,
        3.000000 -1.443287 0.432210,
        3.000000 -1.453800 0.460550,
        3.000000 -1.457121 0.488839,
        3.000000 -1.330787 0.328272,
        3.000000 -1.345632 0.339467,
        3.000000 -1.565175 0.325330,
        3.000000 -1.356917 0.353401,
        3.000000 -1.363560 0.367620,
        3.000000 -0.929131 -0.984252,
        3.000000 -1.274054 0.320312,
        3.000000 -1.292407 0.318054,
        3.000000 -1.565175 -0.984252,
        3.000000 -1.295356 0.318109,
        3.000000 -1.313277 0.320909,
        3.000000 -1.323792 0.325330,
        3.000000 -1.221275 0.367620,
        3.000000 -1.221330 0.367389,
        3.000000 -1.230295 0.350461,
        3.000000 -1.242003 0.337326,
        3.000000 -1.257124 0.326809,
        3.000000 -1.260978 0.325330,
        3.000000 -0.976309 0.499156,
        3.000000 -0.972848 0.474418,
        3.000000 -1.124363 0.412400,
        3.000000 -1.119154 0.414457,
        3.000000 -1.110236 0.457719,
        3.000000 -1.000933 0.402308,
        3.000000 -1.021601 0.384815,
        3.000000 -1.235479 0.444815,
        3.000000 -1.133767 0.497948,
        3.000000 -1.248729 0.456882,
        3.000000 -1.264833 0.465519,
        3.000000 -1.129030 0.409091,
        3.000000 -0.985882 0.423268,
        3.000000 -1.020274 0.480252,
        3.000000 -1.023825 0.494835,
        3.000000 -1.029658 0.505682,
        3.000000 -1.407416 0.505682,
        3.000000 -0.976340 0.447294,
        3.000000 -1.113272 0.415212,
        3.000000 -1.112533 0.415158,
        3.000000 -1.110256 0.414654,
        3.000000 -1.402978 0.460146,
        3.000000 -1.393894 0.444677,
        3.000000 -1.355352 0.436868,
        3.000000 -1.380282 0.430700,
        3.000000 -1.363758 0.420525,
        3.000000 -1.327274 0.461988,
        3.000000 -1.342798 0.451211,
        3.000000 -1.409301 0.490358,
        3.000000 -1.408405 0.478731,
        3.000000 -1.310506 0.468396,
        3.000000 -1.292407 0.470622,
        3.000000 -1.283153 0.470072,
        3.000000 -1.136803 0.391681,
        3.000000 -1.136610 0.394677,
        3.000000 -1.216503 0.401549,
        3.000000 -1.135085 0.400454,
        3.000000 -1.132167 0.405633,
        3.000000 -1.035306 0.433523,
        3.000000 -1.026957 0.445364,
        3.000000 -1.021728 0.458893,
        3.000000 -1.019909 0.473659,
        3.000000 -1.119066 0.368840,
        3.000000 -1.124087 0.370817,
        3.000000 -1.129010 0.374317,
        3.000000 -1.130774 0.376112,
        3.000000 -1.134083 0.380880,
        3.000000 -1.136082 0.386028,
        3.000000 -1.216906 0.386131,
        3.000000 -1.216503 0.393959,
        3.000000 -1.044763 0.373486,
        3.000000 -1.070006 0.368151,
        3.000000 -1.114790 0.368151,
        3.000000 -1.108718 0.414453,
        3.000000 -1.074561 0.414453,
        3.000000 -1.060982 0.417049,
        3.000000 -1.047583 0.423243,
        3.000000 -1.036352 0.432399,
        3.000000 -1.085187 0.532864,
        3.000000 -1.400545 0.525641,
        3.000000 -1.407043 0.508711,
        3.000000 -1.079115 0.532864,
        3.000000 -1.030872 0.507939,
        3.000000 -1.039672 0.517772,
        3.000000 -1.051446 0.525989,
        3.000000 -1.064696 0.531088,
        3.000000 -1.101505 0.578396,
        3.000000 -1.118612 0.598862,
        3.000000 -1.293167 0.554877,
        3.000000 -1.120607 0.600680,
        3.000000 -1.141936 0.615474,
        3.000000 -1.281583 0.578868,
        3.000000 -1.392657 0.536984,
        3.000000 -1.298670 0.557882,
        3.000000 -1.086091 0.536984,
        3.000000 -1.089810 0.553930,
        3.000000 -1.315693 0.564081,
        3.000000 -1.333396 0.566263,
        3.000000 -1.341224 0.565859,
        3.000000 -1.264563 0.599210,
        3.000000 -1.165741 0.624588,
        3.000000 -1.244175 0.614107,
        3.000000 -1.191454 0.627745,
        3.000000 -1.219374 0.624152,
        3.000000 -1.359966 0.561436,
        3.000000 -1.376894 0.552470,
        3.000000 -1.390029 0.540762,
        3.000000 -0.996073 0.536984,
        3.000000 -0.985577 0.522341,
        3.000000 -0.978918 0.505682,
        3.000000 -0.532333 0.380693,
        3.000000 -0.532333 0.368521,
        3.000000 -0.522250 0.367620,
        3.000000 -0.555980 0.367620,
        3.000000 -0.522250 0.505682,
        3.000000 -0.534762 0.463000,
        3.000000 -0.534762 0.475281,
        3.000000 -0.575970 0.380693,
        3.000000 -0.555980 0.380693,
        3.000000 -0.575970 0.416607,
        3.000000 -0.555980 0.416607,
        3.000000 -0.537791 0.416607,
        3.000000 -0.537791 0.428833,
        3.000000 -0.555980 0.463000,
        3.000000 -0.555980 0.368521,
        3.000000 -0.589752 0.368521,
        3.000000 -0.596957 0.367620,
        3.000000 -0.589752 0.475281,
        3.000000 -0.810221 0.404377,
        3.000000 -0.807746 0.426431,
        3.000000 -0.812976 0.400030,
        3.000000 -0.814589 0.395128,
        3.000000 -0.778199 0.435176,
        3.000000 -0.782748 0.435655,
        3.000000 -0.789898 0.413823,
        3.000000 -0.735809 0.385004,
        3.000000 -0.753930 0.417589,
        3.000000 -0.735809 0.371196,
        3.000000 -0.753930 0.368521,
        3.000000 -0.774464 0.372177,
        3.000000 -0.778511 0.369539,
        3.000000 -0.767302 0.368521,
        3.000000 -0.783672 0.367620,
        3.000000 -0.806314 0.407991,
        3.000000 -0.800943 0.410957,
        3.000000 -0.798522 0.432230,
        3.000000 -0.790146 0.434944,
        3.000000 -0.799017 0.367649,
        3.000000 -0.804144 0.369582,
        3.000000 -0.808647 0.372724,
        3.000000 -0.807746 0.439421,
        3.000000 -0.819972 0.505682,
        3.000000 -0.815196 0.388934,
        3.000000 -0.814383 0.382248,
        3.000000 -0.729922 0.381436,
        3.000000 -0.729628 0.381332,
        3.000000 -0.729628 0.409765,
        3.000000 -0.767302 0.380311,
        3.000000 -0.767657 0.380311,
        3.000000 -0.770183 0.376558,
        3.000000 -0.809806 0.373869,
        3.000000 -0.812663 0.377851,
        3.000000 -0.735149 0.418985,
        3.000000 -0.755234 0.428815,
        3.000000 -0.735728 0.424193,
        3.000000 -0.767302 0.416989,
        3.000000 -0.767763 0.422875,
        3.000000 -0.769143 0.427647,
        3.000000 -0.770712 0.430405,
        3.000000 -0.805011 0.441007,
        3.000000 -0.795072 0.444865,
        3.000000 -0.781493 0.446517,
        3.000000 -0.729746 0.409843,
        3.000000 -0.731934 0.412131,
        3.000000 -0.733671 0.414905,
        3.000000 -0.772731 0.432558,
        3.000000 -0.775103 0.434090,
        3.000000 -0.762662 0.440997,
        3.000000 -0.731139 0.436876,
        3.000000 -0.766915 0.443676,
        3.000000 -0.772274 0.445537,
        3.000000 -0.735204 0.428955,
        3.000000 -0.733617 0.433261,
        3.000000 -0.757433 0.434550,
        3.000000 -0.760260 0.438681,
        3.000000 -0.723791 0.367620,
        3.000000 -0.729628 0.325330,
        3.000000 -0.715123 0.366720,
        3.000000 -0.687970 0.443133,
        3.000000 -0.687970 0.430143,
        3.000000 -0.729628 0.438235,
        3.000000 -0.729628 0.505682,
        3.000000 -0.727158 0.440458,
        3.000000 -0.723863 0.442482,
        3.000000 -0.684947 0.383896,
        3.000000 -0.686587 0.379657,
        3.000000 -0.689078 0.376130,
        3.000000 -0.716694 0.445243,
        3.000000 -0.706036 0.446517,
        3.000000 -0.680833 0.505682,
        3.000000 -0.696655 0.445684,
        3.000000 -0.688788 0.401870,
        3.000000 -0.686296 0.398193,
        3.000000 -0.684867 0.394252,
        3.000000 -0.684313 0.389262,
        3.000000 -0.692909 0.372778,
        3.000000 -0.696021 0.370865,
        3.000000 -0.707346 0.435655,
        3.000000 -0.711304 0.435358,
        3.000000 -0.721946 0.425394,
        3.000000 -0.714881 0.434411,
        3.000000 -0.717880 0.432817,
        3.000000 -0.721824 0.423615,
        3.000000 -0.721293 0.421538,
        3.000000 -0.720330 0.419734,
        3.000000 -0.719026 0.418298,
        3.000000 -0.714311 0.415351,
        3.000000 -0.699341 0.434833,
        3.000000 -0.706036 0.411749,
        3.000000 -0.691724 0.432238,
        3.000000 -0.700858 0.409654,
        3.000000 -0.691977 0.404715,
        3.000000 -0.719897 0.431034,
        3.000000 -0.721044 0.429332,
        3.000000 -0.721704 0.427527,
        3.000000 -0.721504 0.378457,
        3.000000 -0.715478 0.402033,
        3.000000 -0.723449 0.405687,
        3.000000 -0.713813 0.377636,
        3.000000 -0.713223 0.377640,
        3.000000 -0.706698 0.398356,
        3.000000 -0.706368 0.378408,
        3.000000 -0.698040 0.387952,
        3.000000 -0.698170 0.389615,
        3.000000 -0.702917 0.379671,
        3.000000 -0.701698 0.380411,
        3.000000 -0.700164 0.381773,
        3.000000 -0.698996 0.383499,
        3.000000 -0.698317 0.385401,
        3.000000 -0.698778 0.391703,
        3.000000 -0.699812 0.393476,
        3.000000 -0.701478 0.395211,
        3.000000 -0.483074 0.567085,
        3.000000 -0.522250 0.567085,
        3.000000 -0.472186 0.537884,
        3.000000 -0.522250 0.536984,
        3.000000 -0.456958 0.537884,
        3.000000 1.476378 0.536984,
        3.000000 1.476378 0.645544,
        3.000000 -0.497620 0.644644,
        3.000000 -0.522250 0.645544,
        3.000000 -0.527530 0.567085,
        3.000000 -0.537791 0.537884,
        3.000000 -0.555980 0.536984,
        3.000000 -0.553019 0.537884,
        3.000000 -0.555980 0.645544,
        3.000000 -0.522250 0.618670,
        3.000000 -0.512357 0.644644,
        3.000000 -0.596957 0.536984,
        3.000000 -0.598304 0.540108,
        3.000000 -0.616496 0.537884,
        3.000000 -0.615405 0.644644,
        3.000000 -0.596957 0.645544,
        3.000000 -0.655944 0.645544,
        3.000000 -0.655944 0.536984,
        3.000000 -0.645861 0.537884,
        3.000000 -0.645861 0.644644,
        3.000000 -0.561846 0.573337,
        3.000000 -0.567101 0.562294,
        3.000000 -0.571308 0.626858,
        3.000000 -0.564691 0.617559,
        3.000000 -0.575043 0.552839,
        3.000000 -0.586145 0.544870,
        3.000000 -0.596957 0.540635,
        3.000000 -0.575043 0.630507,
        3.000000 -0.599106 0.642844,
        3.000000 -0.596957 0.642059,
        3.000000 -0.586220 0.638138,
        3.000000 -0.560733 0.607387,
        3.000000 -0.558941 0.592629,
        3.000000 -0.559261 0.585838,
        3.000000 -0.680833 0.645544,
        3.000000 -0.668457 0.644644,
        3.000000 -0.680833 0.644644,
        3.000000 -0.668457 0.632363,
        3.000000 -0.666028 0.550056,
        3.000000 -0.666028 0.537884,
        3.000000 -0.680833 0.536984,
        3.000000 -0.709665 0.550056,
        3.000000 -0.680833 0.550056,
        3.000000 -0.709665 0.585970,
        3.000000 -0.680833 0.585970,
        3.000000 -0.671486 0.585970,
        3.000000 -0.671486 0.598196,
        3.000000 -0.680833 0.632363,
        3.000000 -0.723447 0.644644,
        3.000000 -0.729628 0.645544,
        3.000000 -0.723447 0.537884,
        3.000000 1.673228 0.826772,
        3.000000 1.673228 0.984252,
        3.000000 1.476378 0.826772,
        3.000000 -0.522250 0.984252,
        3.000000 1.476378 0.505682,
        3.000000 -0.482802 0.368521,
        3.000000 -0.512166 0.368521,
        3.000000 -0.419324 0.368521,
        3.000000 -0.425566 0.416475,
        3.000000 -0.428151 0.403974,
        3.000000 -0.512166 0.475281,
        3.000000 -0.363925 0.475281,
        3.000000 -0.378662 0.475281,
        3.000000 -0.433406 0.392931,
        3.000000 -0.441348 0.383476,
        3.000000 -0.452450 0.375507,
        3.000000 -0.425246 0.423265,
        3.000000 -0.427038 0.438024,
        3.000000 -0.441348 0.461144,
        3.000000 -0.437613 0.457495,
        3.000000 -0.430996 0.448196,
        3.000000 -0.481710 0.475281,
        3.000000 -0.465410 0.473481,
        3.000000 -0.452526 0.468774,
        3.000000 1.476378 0.367620,
        3.000000 -0.323263 0.368521,
        3.000000 -0.338491 0.368521,
        3.000000 -0.349380 0.397722,
        3.000000 -0.393835 0.397722,
        3.000000 -0.404096 0.368521,
        3.000000 -0.464608 0.370744,
        3.000000 -0.522250 -0.984252,
        3.000000 1.673228 -0.984252,
        3.000000 1.673228 -0.826772,
        3.000000 -0.756092 0.645339,
        3.000000 -0.744815 0.642078,
        3.000000 -0.680833 0.537884,
        3.000000 -0.744815 0.627669,
        3.000000 -0.746637 0.541398,
        3.000000 -0.772378 0.548364,
        3.000000 -0.767380 0.548551,
        3.000000 -0.746004 0.628311,
        3.000000 -0.755307 0.550800,
        3.000000 -0.744815 0.555514,
        3.000000 -0.744815 0.542306,
        3.000000 -0.810046 0.584466,
        3.000000 -0.808084 0.574158,
        3.000000 -0.804403 0.565770,
        3.000000 -0.799805 0.559607,
        3.000000 -0.797686 0.557513,
        3.000000 -0.790706 0.552587,
        3.000000 -0.783094 0.549652,
        3.000000 -0.810284 0.590063,
        3.000000 -0.756833 0.632431,
        3.000000 -0.769977 0.634000,
        3.000000 -0.775652 0.633683,
        3.000000 -0.784732 0.631596,
        3.000000 -0.792977 0.627382,
        3.000000 -0.799068 0.622157,
        3.000000 -0.804919 0.614006,
        3.000000 -0.808507 0.604802,
        3.000000 -0.770113 0.646445,
        3.000000 -0.819972 0.984252,
        3.000000 -0.729628 0.984252,
        3.000000 -0.770063 0.646445,
        3.000000 -0.758683 0.645544,
        3.000000 -0.817069 0.620613,
        3.000000 -0.809329 0.630726,
        3.000000 -0.806731 0.633208,
        3.000000 -0.796743 0.640219,
        3.000000 -0.819972 0.565026,
        3.000000 -0.822623 0.571790,
        3.000000 -0.826372 0.536984,
        3.000000 -0.824748 0.589244,
        3.000000 -0.824560 0.594817,
        3.000000 -0.826372 0.645544,
        3.000000 -0.822140 0.608754,
        3.000000 -0.819972 0.613824,
        3.000000 -0.792389 0.538771,
        3.000000 -0.802464 0.543523,
        3.000000 -0.819972 0.536984,
        3.000000 -0.811048 0.550656,
        3.000000 -0.818264 0.560666,
        3.000000 -0.783712 0.536984,
        3.000000 -0.780819 0.536388,
        3.000000 -0.774370 0.536083,
        3.000000 -0.783894 0.367538,
        3.000000 -0.791017 0.366720,
        3.000000 -0.618025 0.444770,
        3.000000 -0.604161 0.444770,
        3.000000 -0.596957 0.505682,
        3.000000 -0.555980 0.475281,
        3.000000 -0.555980 0.505682,
        3.000000 -0.634580 0.367620,
        3.000000 -0.642477 0.387461,
        3.000000 -0.640839 0.381184,
        3.000000 -0.640485 0.381184,
        3.000000 -0.655944 0.505682,
        3.000000 -0.655944 0.426204,
        3.000000 -0.638847 0.387352,
        3.000000 -0.639870 0.383797,
        3.000000 -0.655944 0.367620,
        3.000000 -0.655944 0.390309,
        3.000000 -0.677354 0.444770,
        3.000000 -0.662398 0.444770,
        3.000000 -0.647444 0.368685,
        3.000000 -0.647894 0.367620,
        3.000000 -0.653311 0.354821,
        3.000000 -0.680833 0.325330,
        3.000000 -0.674597 0.333699,
        3.000000 -0.674597 0.345597,
        3.000000 -0.658498 0.347160,
        3.000000 -0.656006 0.349911,
        3.000000 -0.655944 0.350024,
        3.000000 -0.671862 0.344701,
        3.000000 -0.667011 0.344069,
        3.000000 -0.655944 0.334991,
        3.000000 -0.660570 0.333229,
        3.000000 -0.655944 0.325330,
        3.000000 -0.665974 0.332607,
        3.000000 -0.668926 0.332713,
        3.000000 -0.663498 0.344504,
        3.000000 -0.660601 0.345675,
        3.000000 -0.638765 0.357005,
        3.000000 -0.644823 0.345209,
        3.000000 -0.596957 0.325330,
        3.000000 -0.649717 0.339335,
        3.000000 -0.650622 0.338504,
        3.000000 -0.655293 0.335239,
        3.000000 -1.673228 -0.984252,
        3.000000 -1.673228 0.325330,
        3.000000 -1.673228 0.367620,
        3.000000 -1.673228 0.505682,
        3.000000 -1.673228 0.536984,
        3.000000 -1.673228 0.645544,
        3.000000 -1.673228 0.984252,
        3.000000 -0.829115 0.550056,
        3.000000 -0.829115 0.537884,
        3.000000 -0.885414 0.537884,
        3.000000 -0.871633 0.644644,
        3.000000 -0.871633 0.550056,
        3.000000 -0.885414 0.644644,
        3.000000 -0.826372 0.367620,
        3.000000 -0.827996 0.368521,
        3.000000 -0.885414 0.368521,
        3.000000 -0.827996 0.380693,
        3.000000 -0.830424 0.463000,
        3.000000 -0.871633 0.416607,
        3.000000 -0.871633 0.380693,
        3.000000 -0.833454 0.416607,
        3.000000 -0.833454 0.428833,
        3.000000 -0.871633 0.428833,
        3.000000 -0.871633 0.463000,
        3.000000 -0.885414 0.475281,
        3.000000 -0.830424 0.475281,
        3.000000 -0.826372 0.984252,
        3.000000 -0.555980 0.984252,
        3.000000 -0.596957 0.984252,
        3.000000 -0.655944 0.984252,
        3.000000 -0.680833 0.984252,
        3.000000 -0.555980 0.325330,
        3.000000 -0.555980 -0.984252,
        3.000000 -0.596957 -0.984252,
        3.000000 -0.655944 -0.984252,
        3.000000 -0.680833 -0.984252,
        3.000000 -0.729628 -0.984252,
        3.000000 -0.819972 -0.984252,
        3.000000 -0.826372 -0.984252,
        0.657480 -1.279528 0.696850,
        0.657480 1.476378 0.696850,
        0.657480 -1.279528 0.657480,
        0.657480 1.476378 0.578740,
        0.657480 -1.279528 0.578740,
        -0.657480 1.476378 -0.696850,
        -0.657480 1.476378 -0.578740,
        -0.657480 -1.279528 -0.696850,
        -0.657480 -1.279528 -0.578740,
        1.342520 1.476378 -0.696850,
        1.342520 1.476378 -0.578740,
        1.342520 -1.279528 -0.696850,
        1.342520 -1.279528 -0.578740,
        2.657480 -1.279528 -0.578740,
        2.657480 1.476378 -0.578740,
        2.657480 -1.279528 -0.657480,
        2.657480 1.476378 -0.696850,
        2.657480 -1.279528 -0.696850,
        2.657480 -1.279528 0.696850,
        2.657480 1.476378 0.696850,
        2.657480 -1.279528 0.657480,
        2.657480 1.476378 0.578740,
        2.657480 -1.279528 0.578740,
        0.342520 1.476378 -0.696850,
        0.342520 1.476378 -0.578740,
        0.342520 -1.279528 -0.696850,
        0.342520 -1.279528 -0.578740,
        1.657480 -1.279528 0.696850,
        1.657480 1.476378 0.696850,
        1.657480 -1.279528 0.657480,
        1.657480 1.476378 0.578740,
        1.657480 -1.279528 0.578740,
        -0.342520 -1.279528 0.696850,
        -0.342520 1.476378 0.696850,
        -0.342520 -1.279528 0.657480,
        -0.342520 1.476378 0.578740,
        -0.342520 -1.279528 0.578740,
        0.342520 1.476378 0.696850,
        0.342520 -1.279528 0.696850,
        0.677165 -1.279528 0.578740,
        0.893701 1.476378 0.578740,
        0.893701 -1.279528 0.578740,
        -0.342520 1.476378 -0.696850,
        -0.342520 -1.279528 -0.696850,
        -0.893701 1.476378 -0.578740,
        -0.893701 -1.279528 -0.578740,
        1.657480 1.476378 -0.696850,
        1.657480 -1.279528 -0.696850,
        1.106299 1.476378 -0.578740,
        1.106299 -1.279528 -0.578740,
        2.893701 -1.279528 -0.578740,
        2.893701 1.476378 -0.578740,
        2.677165 -1.279528 -0.578740,
        2.342520 1.476378 -0.696850,
        2.342520 -1.279528 -0.696850,
        2.342520 1.476378 0.696850,
        2.342520 -1.279528 0.696850,
        2.677165 -1.279528 0.578740,
        2.893701 1.476378 0.578740,
        2.893701 -1.279528 0.578740,
        0.657480 1.476378 -0.696850,
        0.657480 -1.279528 -0.696850,
        0.106299 1.476378 -0.578740,
        0.106299 -1.279528 -0.578740,
        1.342520 1.476378 0.696850,
        1.342520 -1.279528 0.696850,
        1.677165 -1.279528 0.578740,
        1.893701 1.476378 0.578740,
        1.893701 -1.279528 0.578740,
        -0.657480 1.476378 0.696850,
        -0.657480 -1.279528 0.696850,
        -0.322835 -1.279528 0.578740,
        -0.106299 1.476378 0.578740,
        -0.106299 -1.279528 0.578740,
        0.342520 1.476378 0.578740,
        0.342520 -1.279528 0.578740,
        0.893701 1.476378 0.421260,
        0.893701 -1.279528 0.421260,
        -0.342520 -1.279528 -0.578740,
        -0.342520 1.476378 -0.578740,
        -0.342520 -1.279528 -0.657480,
        -0.893701 1.476378 -0.421260,
        -0.893701 -1.279528 -0.421260,
        1.657480 -1.279528 -0.578740,
        1.657480 1.476378 -0.578740,
        1.657480 -1.279528 -0.657480,
        1.106299 1.476378 -0.421260,
        1.106299 -1.279528 -0.421260,
        2.893701 1.476378 -0.421260,
        2.893701 -1.279528 -0.421260,
        2.342520 1.476378 -0.578740,
        2.342520 -1.279528 -0.578740,
        2.342520 1.476378 0.578740,
        2.342520 -1.279528 0.578740,
        2.893701 1.476378 0.421260,
        2.893701 -1.279528 0.421260,
        0.657480 -1.279528 -0.578740,
        0.657480 1.476378 -0.578740,
        0.657480 -1.279528 -0.657480,
        0.106299 1.476378 -0.421260,
        0.106299 -1.279528 -0.421260,
        1.342520 1.476378 0.578740,
        1.342520 -1.279528 0.578740,
        1.893701 1.476378 0.421260,
        1.893701 -1.279528 0.421260,
        -0.657480 1.476378 0.578740,
        -0.657480 -1.279528 0.578740,
        -0.106299 1.476378 0.421260,
        -0.106299 -1.279528 0.421260,
        0.106299 1.476378 0.578740,
        0.106299 -1.279528 0.578740,
        0.677165 -1.279528 0.421260,
        0.657480 1.476378 0.421260,
        0.657480 -1.279528 0.421260,
        -0.106299 -1.279528 -0.578740,
        -0.106299 1.476378 -0.578740,
        -0.322835 -1.279528 -0.578740,
        -0.657480 1.476378 -0.421260,
        -0.657480 -1.279528 -0.421260,
        1.893701 -1.279528 -0.578740,
        1.893701 1.476378 -0.578740,
        1.677165 -1.279528 -0.578740,
        1.342520 1.476378 -0.421260,
        1.342520 -1.279528 -0.421260,
        2.657480 -1.279528 -0.421260,
        2.657480 1.476378 -0.421260,
        2.677165 -1.279528 -0.421260,
        2.106299 1.476378 -0.578740,
        2.106299 -1.279528 -0.578740,
        2.106299 1.476378 0.578740,
        2.106299 -1.279528 0.578740,
        2.677165 -1.279528 0.421260,
        2.657480 1.476378 0.421260,
        2.657480 -1.279528 0.421260,
        0.893701 -1.279528 -0.578740,
        0.893701 1.476378 -0.578740,
        0.677165 -1.279528 -0.578740,
        0.342520 1.476378 -0.421260,
        0.342520 -1.279528 -0.421260,
        1.106299 1.476378 0.578740,
        1.106299 -1.279528 0.578740,
        1.677165 -1.279528 0.421260,
        1.657480 1.476378 0.421260,
        1.657480 -1.279528 0.421260,
        -0.893701 1.476378 0.578740,
        -0.893701 -1.279528 0.578740,
        -0.322835 -1.279528 0.421260,
        -0.342520 1.476378 0.421260,
        -0.342520 -1.279528 0.421260,
        0.106299 1.476378 0.421260,
        0.106299 -1.279528 0.421260,
        0.657480 -1.279528 0.342520,
        0.657480 1.476378 0.224409,
        0.657480 1.473695 0.244789,
        0.657480 1.465829 0.263780,
        0.657480 1.453315 0.280087,
        0.657480 1.437008 0.292600,
        0.657480 -1.279528 0.303150,
        0.657480 1.397638 0.303150,
        0.657480 1.418017 0.300467,
        -0.106299 1.476378 -0.421260,
        -0.106299 -1.279528 -0.421260,
        -0.657480 1.476378 -0.224409,
        -0.657480 1.473695 -0.244789,
        -0.657480 1.465829 -0.263780,
        -0.657480 1.453315 -0.280087,
        -0.657480 1.437008 -0.292600,
        -0.657480 -1.279528 -0.303150,
        -0.657480 1.397638 -0.303150,
        -0.657480 1.418017 -0.300467,
        1.893701 1.476378 -0.421260,
        1.893701 -1.279528 -0.421260,
        1.342520 1.476378 -0.224409,
        1.342520 1.473695 -0.244789,
        1.342520 1.465829 -0.263780,
        1.342520 1.453315 -0.280087,
        1.342520 1.437008 -0.292600,
        1.342520 -1.279528 -0.303150,
        1.342520 1.397638 -0.303150,
        1.342520 1.418017 -0.300467,
        2.657480 1.473695 -0.244789,
        2.657480 1.476378 -0.224409,
        2.657480 1.465829 -0.263780,
        2.657480 -1.279528 -0.342520,
        2.657480 -1.279528 -0.303150,
        2.657480 1.397638 -0.303150,
        2.657480 1.418017 -0.300467,
        2.657480 1.437008 -0.292600,
        2.657480 1.453315 -0.280087,
        2.106299 1.476378 -0.421260,
        2.106299 -1.279528 -0.421260,
        2.106299 1.476378 0.421260,
        2.106299 -1.279528 0.421260,
        2.657480 -1.279528 0.342520,
        2.657480 1.476378 0.224409,
        2.657480 1.473695 0.244789,
        2.657480 1.465829 0.263780,
        2.657480 1.453315 0.280087,
        2.657480 1.437008 0.292600,
        2.657480 -1.279528 0.303150,
        2.657480 1.397638 0.303150,
        2.657480 1.418017 0.300467,
        0.893701 1.476378 -0.421260,
        0.893701 -1.279528 -0.421260,
        0.342520 1.476378 -0.224409,
        0.342520 1.473695 -0.244789,
        0.342520 1.465829 -0.263780,
        0.342520 1.453315 -0.280087,
        0.342520 1.437008 -0.292600,
        0.342520 -1.279528 -0.303150,
        0.342520 1.397638 -0.303150,
        0.342520 1.418017 -0.300467,
        1.106299 1.476378 0.421260,
        1.106299 -1.279528 0.421260,
        1.657480 -1.279528 0.342520,
        1.657480 1.476378 0.224409,
        1.657480 1.473695 0.244789,
        1.657480 1.465829 0.263780,
        1.657480 1.453315 0.280087,
        1.657480 1.437008 0.292600,
        1.657480 -1.279528 0.303150,
        1.657480 1.397638 0.303150,
        1.657480 1.418017 0.300467,
        -0.893701 1.476378 0.421260,
        -0.893701 -1.279528 0.421260,
        -0.342520 -1.279528 0.342520,
        -0.342520 1.476378 0.224409,
        -0.342520 1.473695 0.244789,
        -0.342520 1.465829 0.263780,
        -0.342520 1.453315 0.280087,
        -0.342520 1.437008 0.292600,
        -0.342520 -1.279528 0.303150,
        -0.342520 1.397638 0.303150,
        -0.342520 1.418017 0.300467,
        -0.322835 -1.279528 0.657480,
        -0.322835 -1.279528 0.342520,
        1.677165 -1.279528 0.657480,
        1.677165 -1.279528 0.342520,
        0.677165 -1.279528 -0.421260,
        0.677165 -1.279528 -0.657480,
        2.677165 -1.279528 0.657480,
        2.677165 -1.279528 0.342520,
        2.677165 -1.279528 -0.657480,
        2.677165 -1.279528 -0.342520,
        1.677165 -1.279528 -0.421260,
        1.677165 -1.279528 -0.657480,
        -0.322835 -1.279528 -0.421260,
        -0.322835 -1.279528 -0.657480,
        0.677165 -1.279528 0.657480,
        0.677165 -1.279528 0.342520,
        0.342520 1.476378 0.421260,
        0.342520 -1.279528 0.421260,
        0.362205 -1.279528 0.657480,
        0.362205 -1.279528 0.342520,
        0.342520 -1.279528 0.303150,
        0.342520 1.397638 0.303150,
        -0.342520 -1.279528 -0.421260,
        -0.342520 1.476378 -0.421260,
        -0.322835 -1.279528 -0.342520,
        -0.342520 -1.279528 -0.342520,
        -0.637795 -1.279528 -0.657480,
        -0.637795 -1.279528 -0.342520,
        -0.342520 -1.279528 -0.303150,
        -0.342520 1.397638 -0.303150,
        1.657480 -1.279528 -0.421260,
        1.657480 1.476378 -0.421260,
        1.677165 -1.279528 -0.342520,
        1.657480 -1.279528 -0.342520,
        1.362205 -1.279528 -0.657480,
        1.362205 -1.279528 -0.342520,
        1.657480 -1.279528 -0.303150,
        1.657480 1.397638 -0.303150,
        2.342520 -1.279528 -0.303150,
        2.342520 1.397638 -0.303150,
        2.362205 -1.279528 -0.342520,
        2.362205 -1.279528 -0.657480,
        2.342520 -1.279528 -0.421260,
        2.342520 1.476378 -0.421260,
        2.342520 1.476378 0.421260,
        2.342520 -1.279528 0.421260,
        2.362205 -1.279528 0.342520,
        2.362205 -1.279528 0.657480,
        2.342520 -1.279528 0.303150,
        2.342520 1.397638 0.303150,
        0.657480 -1.279528 -0.421260,
        0.657480 1.476378 -0.421260,
        0.677165 -1.279528 -0.342520,
        0.657480 -1.279528 -0.342520,
        0.362205 -1.279528 -0.657480,
        0.657480 -1.279528 -0.303150,
        0.362205 -1.279528 -0.342520,
        0.657480 1.397638 -0.303150,
        1.342520 1.476378 0.421260,
        1.342520 -1.279528 0.421260,
        1.362205 -1.279528 0.342520,
        1.362205 -1.279528 0.657480,
        1.342520 -1.279528 0.303150,
        1.342520 1.397638 0.303150,
        -0.657480 1.476378 0.421260,
        -0.657480 -1.279528 0.421260,
        -0.637795 -1.279528 0.657480,
        -0.637795 -1.279528 0.342520,
        -0.657480 -1.279528 0.303150,
        -0.657480 1.397638 0.303150,
        -0.637795 -1.594488 0.657480,
        -0.637795 -1.594488 0.342520,
        -0.322835 -1.594488 0.657480,
        -0.322835 -1.594488 0.342520,
        1.362205 -1.594488 0.657480,
        1.362205 -1.594488 0.342520,
        1.677165 -1.594488 0.657480,
        1.677165 -1.594488 0.342520,
        0.677165 -1.594488 -0.657480,
        0.677165 -1.594488 -0.342520,
        0.362205 -1.594488 -0.657480,
        0.362205 -1.594488 -0.342520,
        2.362205 -1.594488 0.657480,
        2.362205 -1.594488 0.342520,
        2.677165 -1.594488 0.657480,
        2.677165 -1.594488 0.342520,
        2.677165 -1.594488 -0.657480,
        2.677165 -1.594488 -0.342520,
        2.362205 -1.594488 -0.657480,
        2.362205 -1.594488 -0.342520,
        1.677165 -1.594488 -0.657480,
        1.677165 -1.594488 -0.342520,
        1.362205 -1.594488 -0.657480,
        1.362205 -1.594488 -0.342520,
        -0.322835 -1.594488 -0.657480,
        -0.322835 -1.594488 -0.342520,
        -0.637795 -1.594488 -0.657480,
        -0.637795 -1.594488 -0.342520,
        0.362205 -1.594488 0.657480,
        0.362205 -1.594488 0.342520,
        0.677165 -1.594488 0.657480,
        0.677165 -1.594488 0.342520,
        -1.000000 1.673228 -0.826772,
        -1.000000 1.673228 -0.984252,
        0.342520 1.418017 0.300467,
        0.342520 1.437008 0.292600,
        0.342520 1.453315 0.280087,
        0.342520 1.465829 0.263780,
        0.342520 1.473695 0.244789,
        0.342520 1.476378 0.224409,
        -0.342520 1.418017 -0.300467,
        -0.342520 1.437008 -0.292600,
        -0.342520 1.453315 -0.280087,
        -0.342520 1.465829 -0.263780,
        -0.342520 1.473695 -0.244789,
        -0.342520 1.476378 -0.224409,
        1.657480 1.418017 -0.300467,
        1.657480 1.437008 -0.292600,
        1.657480 1.453315 -0.280087,
        1.657480 1.465829 -0.263780,
        1.657480 1.473695 -0.244789,
        1.657480 1.476378 -0.224409,
        -1.000000 1.476378 -0.826772,
        -0.946850 1.476378 -0.826772,
        0.000000 1.476378 -0.826772,
        1.000000 1.476378 -0.826772,
        2.000000 1.476378 -0.826772,
        2.342520 1.476378 -0.224409,
        2.342520 1.473695 -0.244789,
        2.342520 1.465829 -0.263780,
        2.342520 1.453315 -0.280087,
        2.342520 1.437008 -0.292600,
        2.342520 1.418017 -0.300467,
        2.342520 1.418017 0.300467,
        2.342520 1.437008 0.292600,
        2.342520 1.453315 0.280087,
        2.342520 1.465829 0.263780,
        2.342520 1.473695 0.244789,
        2.342520 1.476378 0.224409,
        0.657480 1.418017 -0.300467,
        0.657480 1.437008 -0.292600,
        0.657480 1.453315 -0.280087,
        0.657480 1.465829 -0.263780,
        0.657480 1.473695 -0.244789,
        0.657480 1.476378 -0.224409,
        1.342520 1.418017 0.300467,
        1.342520 1.437008 0.292600,
        1.342520 1.453315 0.280087,
        1.342520 1.465829 0.263780,
        1.342520 1.473695 0.244789,
        1.342520 1.476378 0.224409,
        -0.657480 1.418017 0.300467,
        -0.657480 1.437008 0.292600,
        -0.657480 1.453315 0.280087,
        -0.657480 1.465829 0.263780,
        -0.657480 1.473695 0.244789,
        -0.657480 1.476378 0.224409,
        -0.716535 -1.673228 0.736220,
        -0.716535 -1.673228 0.263780,
        -0.244094 -1.673228 0.736220,
        -0.244094 -1.673228 0.263780,
        1.283465 -1.673228 0.736220,
        1.283465 -1.673228 0.263780,
        1.755906 -1.673228 0.736220,
        1.755906 -1.673228 0.263780,
        0.755906 -1.673228 -0.736220,
        0.755906 -1.673228 -0.263780,
        0.283465 -1.673228 -0.736220,
        0.283465 -1.673228 -0.263780,
        2.283465 -1.673228 0.736220,
        2.283465 -1.673228 0.263780,
        2.755906 -1.673228 0.736220,
        2.755906 -1.673228 0.263780,
        2.755906 -1.673228 -0.736220,
        2.755906 -1.673228 -0.263780,
        2.283465 -1.673228 -0.736220,
        2.283465 -1.673228 -0.263780,
        1.755906 -1.673228 -0.736220,
        1.755906 -1.673228 -0.263780,
        1.283465 -1.673228 -0.736220,
        1.283465 -1.673228 -0.263780,
        -0.244094 -1.673228 -0.736220,
        -0.244094 -1.673228 -0.263780,
        -0.716535 -1.673228 -0.736220,
        -0.716535 -1.673228 -0.263780,
        0.283465 -1.673228 0.736220,
        0.283465 -1.673228 0.263780,
        0.755906 -1.673228 0.736220,
        0.755906 -1.673228 0.263780,
        -0.858268 -1.673228 -0.984252,
        -1.000000 -1.673228 -0.984252,
        2.019685 -1.673228 -0.984252,
        1.019685 -1.673228 -0.984252,
        0.019685 -1.673228 -0.984252,
        -1.000000 1.476378 0.761811,
        -1.000000 1.476378 0.826772,
        -0.946850 1.476378 0.826772,
        -1.000000 1.476378 -0.000000,
        -0.946850 1.476378 0.761811,
        -0.946850 1.476378 -0.000000,
        0.000000 1.476378 -0.000000,
        0.000000 1.476378 0.761811,
        1.000000 1.476378 -0.000000,
        1.000000 1.476378 0.761811,
        2.000000 1.476378 -0.000000,
        2.000000 1.476378 0.761811,
        3.000000 1.476378 -0.000000,
        3.000000 1.476378 0.761811,
        0.000000 1.476378 0.826772,
        1.000000 1.476378 0.826772,
        2.000000 1.476378 0.826772,
        -1.000000 1.673228 0.826772,
        3.000000 -1.673228 -0.000000,
        2.019685 -1.673228 -0.000000,
        3.000000 -1.673228 0.860236,
        2.019685 -1.673228 0.860236,
        1.019685 -1.673228 -0.000000,
        1.019685 -1.673228 0.860236,
        0.019685 -1.673228 -0.000000,
        0.019685 -1.673228 0.860236,
        -0.858268 -1.673228 -0.000000,
        -0.858268 -1.673228 0.860236,
        -1.000000 -1.673228 -0.000000,
        -1.000000 -1.673228 0.860236,
        2.019685 -1.673228 0.984252,
        1.019685 -1.673228 0.984252,
        0.019685 -1.673228 0.984252,
        -0.858268 -1.673228 0.984252,
        -1.000000 -1.673228 0.984252,
        -1.000000 1.673228 0.984252,
      ]
    }
    coordIndex [
      0, 1, 2, -1,
      3, 4, 5, -1,
      6, 7, 8, -1,
      9, 10, 11, -1,
      12, 13, 14, -1,
      15, 16, 17, -1,
      18, 19, 20, -1,
      21, 22, 23, -1,
      24, 25, 26, -1,
      27, 28, 29, -1,
      30, 31, 32, -1,
      33, 34, 35, -1,
      35, 34, 3, -1,
      36, 37, 35, -1,
      35, 37, 38, -1,
      35, 38, 39, -1,
      39, 40, 35, -1,
      35, 40, 41, -1,
      35, 41, 33, -1,
      42, 43, 44, -1,
      45, 46, 47, -1,
      47, 46, 44, -1,
      44, 46, 48, -1,
      44, 48, 42, -1,
      49, 50, 51, -1,
      45, 47, 52, -1,
      52, 47, 51, -1,
      52, 51, 53, -1,
      50, 54, 51, -1,
      51, 54, 55, -1,
      51, 55, 53, -1,
      53, 55, 56, -1,
      53, 56, 57, -1,
      57, 56, 58, -1,
      57, 58, 59, -1,
      32, 31, 60, -1,
      31, 61, 60, -1,
      60, 61, 62, -1,
      60, 62, 51, -1,
      51, 62, 63, -1,
      51, 63, 49, -1,
      64, 65, 66, -1,
      66, 65, 67, -1,
      66, 67, 68, -1,
      68, 69, 66, -1,
      66, 69, 70, -1,
      66, 70, 32, -1,
      32, 70, 71, -1,
      32, 71, 30, -1,
      72, 73, 74, -1,
      74, 73, 75, -1,
      74, 75, 66, -1,
      66, 75, 76, -1,
      66, 76, 64, -1,
      77, 78, 79, -1,
      77, 79, 80, -1,
      79, 81, 80, -1,
      80, 81, 82, -1,
      80, 82, 74, -1,
      74, 82, 83, -1,
      74, 83, 72, -1,
      0, 84, 1, -1,
      1, 84, 85, -1,
      1, 85, 86, -1,
      86, 87, 1, -1,
      1, 87, 88, -1,
      1, 88, 89, -1,
      90, 91, 4, -1,
      92, 93, 94, -1,
      95, 96, 0, -1,
      97, 98, 99, -1,
      99, 98, 100, -1,
      92, 94, 101, -1,
      95, 0, 102, -1,
      103, 104, 98, -1,
      98, 104, 105, -1,
      98, 105, 106, -1,
      4, 91, 0, -1,
      0, 91, 107, -1,
      0, 107, 102, -1,
      93, 108, 94, -1,
      94, 108, 109, -1,
      94, 109, 110, -1,
      111, 112, 113, -1,
      113, 112, 114, -1,
      113, 114, 115, -1,
      116, 106, 117, -1,
      117, 106, 118, -1,
      117, 118, 113, -1,
      113, 118, 119, -1,
      113, 119, 111, -1,
      116, 120, 106, -1,
      106, 120, 121, -1,
      106, 121, 98, -1,
      98, 121, 122, -1,
      98, 122, 100, -1,
      123, 124, 125, -1,
      125, 124, 126, -1,
      125, 126, 94, -1,
      94, 126, 127, -1,
      94, 127, 101, -1,
      128, 129, 94, -1,
      94, 129, 130, -1,
      94, 130, 98, -1,
      98, 130, 131, -1,
      98, 131, 103, -1,
      132, 133, 84, -1,
      84, 133, 134, -1,
      84, 134, 135, -1,
      135, 136, 84, -1,
      84, 136, 137, -1,
      84, 137, 138, -1,
      138, 137, 123, -1,
      138, 123, 139, -1,
      139, 123, 125, -1,
      96, 140, 0, -1,
      0, 140, 141, -1,
      0, 141, 84, -1,
      84, 141, 142, -1,
      84, 142, 132, -1,
      110, 143, 94, -1,
      94, 143, 144, -1,
      94, 144, 145, -1,
      145, 146, 94, -1,
      94, 146, 147, -1,
      94, 147, 128, -1,
      148, 149, 150, -1,
      150, 106, 148, -1,
      148, 106, 105, -1,
      148, 105, 151, -1,
      151, 105, 152, -1,
      152, 153, 151, -1,
      151, 153, 154, -1,
      151, 154, 155, -1,
      156, 157, 158, -1,
      157, 159, 158, -1,
      158, 159, 160, -1,
      158, 160, 161, -1,
      162, 158, 163, -1,
      149, 148, 162, -1,
      162, 148, 164, -1,
      162, 164, 158, -1,
      158, 164, 165, -1,
      158, 165, 156, -1,
      163, 166, 162, -1,
      162, 166, 167, -1,
      162, 167, 168, -1,
      161, 160, 169, -1,
      169, 160, 170, -1,
      169, 170, 171, -1,
      171, 170, 172, -1,
      171, 172, 173, -1,
      174, 175, 168, -1,
      168, 175, 176, -1,
      168, 176, 162, -1,
      34, 177, 3, -1,
      3, 177, 178, -1,
      3, 178, 4, -1,
      4, 178, 179, -1,
      4, 179, 90, -1,
      180, 181, 182, -1,
      182, 181, 183, -1,
      180, 184, 185, -1,
      185, 184, 186, -1,
      187, 188, 189, -1,
      189, 188, 190, -1,
      190, 188, 191, -1,
      191, 188, 180, -1,
      191, 180, 192, -1,
      192, 180, 185, -1,
      192, 185, 29, -1,
      29, 185, 193, -1,
      29, 193, 27, -1,
      181, 194, 183, -1,
      183, 194, 195, -1,
      183, 195, 196, -1,
      196, 195, 197, -1,
      198, 199, 200, -1,
      200, 199, 201, -1,
      202, 203, 204, -1,
      205, 206, 207, -1,
      207, 206, 208, -1,
      207, 208, 25, -1,
      209, 210, 211, -1,
      211, 210, 212, -1,
      211, 212, 208, -1,
      198, 213, 199, -1,
      199, 213, 214, -1,
      199, 214, 215, -1,
      215, 214, 204, -1,
      215, 204, 216, -1,
      216, 204, 203, -1,
      6, 217, 7, -1,
      7, 217, 218, -1,
      7, 218, 219, -1,
      199, 220, 201, -1,
      201, 220, 221, -1,
      201, 221, 222, -1,
      222, 221, 7, -1,
      222, 7, 223, -1,
      224, 225, 226, -1,
      227, 228, 211, -1,
      211, 228, 229, -1,
      211, 229, 209, -1,
      219, 230, 7, -1,
      7, 230, 231, -1,
      7, 231, 223, -1,
      206, 232, 233, -1,
      233, 232, 234, -1,
      235, 236, 204, -1,
      204, 236, 237, -1,
      204, 237, 238, -1,
      220, 239, 221, -1,
      221, 239, 240, -1,
      221, 240, 241, -1,
      224, 226, 205, -1,
      226, 242, 205, -1,
      205, 242, 243, -1,
      205, 243, 206, -1,
      206, 243, 244, -1,
      206, 244, 232, -1,
      238, 245, 204, -1,
      204, 245, 246, -1,
      204, 246, 202, -1,
      247, 248, 249, -1,
      249, 248, 221, -1,
      249, 221, 250, -1,
      250, 221, 241, -1,
      234, 251, 233, -1,
      233, 251, 252, -1,
      233, 252, 253, -1,
      253, 252, 248, -1,
      253, 248, 254, -1,
      254, 248, 247, -1,
      24, 26, 255, -1,
      255, 26, 256, -1,
      255, 256, 257, -1,
      258, 259, 23, -1,
      248, 260, 261, -1,
      261, 260, 262, -1,
      261, 262, 263, -1,
      264, 265, 23, -1,
      23, 265, 266, -1,
      263, 267, 261, -1,
      261, 267, 268, -1,
      261, 268, 269, -1,
      269, 268, 270, -1,
      269, 270, 258, -1,
      271, 272, 259, -1,
      259, 272, 273, -1,
      259, 273, 23, -1,
      23, 273, 274, -1,
      23, 274, 264, -1,
      266, 275, 23, -1,
      23, 275, 276, -1,
      23, 276, 21, -1,
      277, 278, 279, -1,
      279, 278, 280, -1,
      279, 280, 281, -1,
      279, 282, 277, -1,
      277, 282, 283, -1,
      277, 283, 284, -1,
      284, 285, 277, -1,
      277, 285, 286, -1,
      277, 286, 287, -1,
      287, 286, 288, -1,
      287, 288, 289, -1,
      289, 288, 290, -1,
      289, 290, 259, -1,
      259, 290, 291, -1,
      259, 291, 271, -1,
      292, 293, 281, -1,
      281, 293, 294, -1,
      281, 294, 279, -1,
      295, 296, 225, -1,
      225, 296, 297, -1,
      225, 297, 226, -1,
      295, 298, 296, -1,
      296, 298, 299, -1,
      296, 299, 300, -1,
      300, 299, 301, -1,
      300, 302, 303, -1,
      301, 304, 300, -1,
      300, 304, 305, -1,
      300, 305, 306, -1,
      306, 307, 300, -1,
      300, 307, 308, -1,
      300, 308, 302, -1,
      303, 309, 300, -1,
      300, 309, 310, -1,
      300, 310, 311, -1,
      312, 313, 314, -1,
      314, 313, 315, -1,
      314, 315, 316, -1,
      317, 318, 319, -1,
      319, 318, 320, -1,
      313, 321, 315, -1,
      315, 321, 322, -1,
      315, 322, 323, -1,
      323, 322, 324, -1,
      323, 324, 325, -1,
      325, 324, 326, -1,
      325, 326, 320, -1,
      320, 326, 327, -1,
      320, 327, 319, -1,
      328, 329, 330, -1,
      331, 332, 333, -1,
      328, 330, 334, -1,
      334, 330, 335, -1,
      334, 335, 333, -1,
      333, 335, 336, -1,
      333, 336, 331, -1,
      337, 338, 323, -1,
      339, 340, 325, -1,
      338, 341, 323, -1,
      323, 341, 342, -1,
      323, 342, 328, -1,
      328, 342, 343, -1,
      328, 343, 329, -1,
      339, 325, 344, -1,
      331, 345, 332, -1,
      332, 345, 346, -1,
      332, 346, 325, -1,
      325, 346, 347, -1,
      325, 347, 344, -1,
      340, 348, 325, -1,
      325, 348, 349, -1,
      325, 349, 323, -1,
      323, 349, 350, -1,
      323, 350, 337, -1,
      333, 351, 352, -1,
      352, 351, 353, -1,
      352, 354, 333, -1,
      333, 354, 355, -1,
      333, 355, 334, -1,
      334, 355, 356, -1,
      334, 356, 357, -1,
      358, 359, 360, -1,
      360, 359, 361, -1,
      361, 359, 362, -1,
      362, 359, 355, -1,
      362, 355, 363, -1,
      363, 355, 354, -1,
      363, 354, 20, -1,
      20, 354, 364, -1,
      20, 364, 18, -1,
      353, 351, 365, -1,
      365, 351, 366, -1,
      365, 366, 367, -1,
      368, 369, 370, -1,
      370, 369, 371, -1,
      370, 371, 318, -1,
      319, 316, 317, -1,
      317, 316, 315, -1,
      317, 315, 372, -1,
      373, 374, 182, -1,
      375, 376, 377, -1,
      180, 182, 184, -1,
      184, 182, 374, -1,
      184, 374, 378, -1,
      372, 184, 379, -1,
      379, 184, 380, -1,
      377, 381, 375, -1,
      375, 381, 382, -1,
      375, 382, 383, -1,
      376, 375, 384, -1,
      384, 375, 380, -1,
      384, 380, 385, -1,
      386, 387, 380, -1,
      380, 387, 388, -1,
      380, 388, 385, -1,
      378, 389, 184, -1,
      184, 389, 390, -1,
      184, 390, 380, -1,
      380, 390, 391, -1,
      380, 391, 386, -1,
      372, 379, 392, -1,
      392, 379, 393, -1,
      392, 393, 394, -1,
      395, 396, 394, -1,
      394, 396, 397, -1,
      394, 397, 392, -1,
      392, 397, 375, -1,
      383, 398, 375, -1,
      375, 398, 373, -1,
      375, 373, 392, -1,
      392, 373, 182, -1,
      392, 182, 16, -1,
      399, 400, 15, -1,
      15, 400, 401, -1,
      402, 403, 366, -1,
      356, 404, 357, -1,
      357, 404, 367, -1,
      357, 367, 14, -1,
      14, 367, 366, -1,
      14, 366, 405, -1,
      405, 366, 403, -1,
      12, 14, 406, -1,
      407, 408, 409, -1,
      409, 408, 410, -1,
      409, 410, 405, -1,
      405, 410, 411, -1,
      405, 411, 14, -1,
      14, 411, 412, -1,
      14, 412, 406, -1,
      409, 413, 414, -1,
      414, 415, 409, -1,
      409, 415, 416, -1,
      409, 416, 417, -1,
      417, 418, 409, -1,
      409, 418, 419, -1,
      409, 419, 407, -1,
      413, 409, 420, -1,
      420, 409, 421, -1,
      420, 421, 422, -1,
      422, 423, 420, -1,
      420, 423, 424, -1,
      420, 424, 425, -1,
      425, 426, 420, -1,
      420, 426, 427, -1,
      420, 427, 428, -1,
      10, 429, 430, -1,
      430, 429, 431, -1,
      431, 429, 432, -1,
      431, 432, 433, -1,
      11, 434, 435, -1,
      435, 436, 11, -1,
      11, 436, 437, -1,
      11, 437, 9, -1,
      438, 439, 440, -1,
      441, 442, 443, -1,
      443, 442, 444, -1,
      443, 444, 11, -1,
      11, 444, 445, -1,
      11, 445, 434, -1,
      446, 447, 448, -1,
      448, 447, 449, -1,
      448, 449, 450, -1,
      446, 448, 451, -1,
      451, 448, 221, -1,
      451, 221, 452, -1,
      248, 261, 221, -1,
      221, 261, 453, -1,
      221, 453, 452, -1,
      25, 208, 26, -1,
      26, 208, 212, -1,
      26, 212, 256, -1,
      256, 212, 454, -1,
      256, 454, 8, -1,
      8, 454, 455, -1,
      8, 455, 6, -1,
      456, 457, 458, -1,
      186, 184, 459, -1,
      459, 184, 460, -1,
      459, 460, 197, -1,
      197, 460, 458, -1,
      197, 458, 196, -1,
      196, 458, 457, -1,
      196, 457, 461, -1,
      462, 463, 464, -1,
      458, 465, 456, -1,
      456, 465, 466, -1,
      456, 466, 467, -1,
      467, 466, 462, -1,
      467, 462, 468, -1,
      468, 462, 464, -1,
      469, 470, 23, -1,
      23, 470, 471, -1,
      258, 23, 269, -1,
      269, 23, 471, -1,
      269, 471, 465, -1,
      465, 471, 472, -1,
      465, 472, 466, -1,
      473, 470, 474, -1,
      474, 470, 469, -1,
      474, 469, 475, -1,
      476, 477, 478, -1,
      479, 480, 469, -1,
      469, 480, 481, -1,
      469, 481, 475, -1,
      257, 256, 22, -1,
      22, 256, 476, -1,
      22, 476, 23, -1,
      23, 476, 478, -1,
      23, 478, 469, -1,
      469, 478, 482, -1,
      469, 482, 483, -1,
      484, 485, 486, -1,
      486, 485, 487, -1,
      486, 487, 476, -1,
      476, 487, 488, -1,
      476, 488, 477, -1,
      483, 489, 469, -1,
      469, 489, 490, -1,
      469, 490, 479, -1,
      491, 492, 493, -1,
      492, 494, 493, -1,
      493, 494, 495, -1,
      493, 495, 486, -1,
      486, 495, 496, -1,
      486, 496, 484, -1,
      497, 80, 498, -1,
      498, 80, 74, -1,
      498, 74, 499, -1,
      499, 74, 66, -1,
      499, 66, 500, -1,
      500, 66, 32, -1,
      500, 32, 501, -1,
      501, 32, 60, -1,
      501, 60, 502, -1,
      502, 60, 51, -1,
      502, 51, 503, -1,
      503, 51, 47, -1,
      504, 505, 440, -1,
      440, 505, 506, -1,
      507, 443, 35, -1,
      439, 441, 440, -1,
      440, 441, 443, -1,
      440, 443, 504, -1,
      504, 443, 507, -1,
      504, 507, 508, -1,
      5, 440, 3, -1,
      3, 440, 506, -1,
      3, 506, 35, -1,
      35, 506, 509, -1,
      35, 509, 507, -1,
      510, 511, 512, -1,
      511, 510, 513, -1,
      513, 510, 5, -1,
      513, 5, 514, -1,
      515, 516, 517, -1,
      517, 516, 513, -1,
      517, 513, 518, -1,
      518, 513, 514, -1,
      518, 514, 519, -1,
      519, 514, 520, -1,
      2, 510, 0, -1,
      0, 510, 512, -1,
      0, 512, 4, -1,
      4, 512, 521, -1,
      4, 521, 5, -1,
      5, 521, 522, -1,
      5, 522, 514, -1,
      10, 430, 11, -1,
      11, 430, 523, -1,
      11, 523, 443, -1,
      443, 523, 44, -1,
      443, 44, 35, -1,
      35, 44, 43, -1,
      35, 43, 36, -1,
      2, 8, 510, -1,
      510, 8, 7, -1,
      510, 7, 5, -1,
      5, 7, 221, -1,
      5, 221, 440, -1,
      440, 221, 448, -1,
      440, 448, 438, -1,
      438, 448, 450, -1,
      318, 371, 320, -1,
      320, 371, 524, -1,
      320, 524, 325, -1,
      325, 524, 525, -1,
      325, 525, 332, -1,
      332, 525, 526, -1,
      332, 526, 333, -1,
      333, 526, 527, -1,
      333, 527, 351, -1,
      351, 527, 431, -1,
      351, 431, 366, -1,
      366, 431, 433, -1,
      366, 433, 402, -1,
      372, 315, 184, -1,
      184, 315, 323, -1,
      184, 323, 460, -1,
      460, 323, 328, -1,
      460, 328, 458, -1,
      458, 328, 334, -1,
      458, 334, 465, -1,
      465, 334, 357, -1,
      465, 357, 269, -1,
      269, 357, 14, -1,
      269, 14, 261, -1,
      261, 14, 13, -1,
      261, 13, 453, -1,
      16, 182, 17, -1,
      17, 182, 183, -1,
      17, 183, 528, -1,
      528, 183, 196, -1,
      528, 196, 493, -1,
      493, 196, 461, -1,
      493, 461, 491, -1,
      15, 17, 399, -1,
      399, 17, 528, -1,
      399, 528, 529, -1,
      529, 528, 493, -1,
      529, 493, 530, -1,
      530, 493, 486, -1,
      530, 486, 531, -1,
      531, 486, 476, -1,
      531, 476, 532, -1,
      532, 476, 256, -1,
      532, 256, 533, -1,
      533, 256, 8, -1,
      533, 8, 534, -1,
      534, 8, 2, -1,
      534, 2, 535, -1,
      535, 2, 1, -1,
      535, 1, 77, -1,
      77, 1, 89, -1,
      77, 89, 78, -1,
      536, 537, 538, -1,
      538, 537, 539, -1,
      538, 539, 540, -1,
      541, 542, 543, -1,
      543, 542, 544, -1,
      545, 546, 547, -1,
      547, 546, 548, -1,
      549, 550, 551, -1,
      551, 550, 552, -1,
      551, 552, 553, -1,
      554, 555, 556, -1,
      556, 555, 557, -1,
      556, 557, 558, -1,
      559, 560, 561, -1,
      561, 560, 562, -1,
      563, 564, 565, -1,
      565, 564, 566, -1,
      565, 566, 567, -1,
      568, 569, 570, -1,
      570, 569, 571, -1,
      570, 571, 572, -1,
      573, 537, 574, -1,
      574, 537, 536, -1,
      540, 539, 575, -1,
      575, 539, 576, -1,
      575, 576, 577, -1,
      578, 541, 579, -1,
      579, 541, 543, -1,
      542, 580, 544, -1,
      544, 580, 581, -1,
      582, 545, 583, -1,
      583, 545, 547, -1,
      546, 584, 548, -1,
      548, 584, 585, -1,
      586, 587, 588, -1,
      588, 587, 550, -1,
      588, 550, 549, -1,
      552, 589, 553, -1,
      553, 589, 590, -1,
      591, 555, 592, -1,
      592, 555, 554, -1,
      558, 557, 593, -1,
      593, 557, 594, -1,
      593, 594, 595, -1,
      596, 559, 597, -1,
      597, 559, 561, -1,
      560, 598, 562, -1,
      562, 598, 599, -1,
      600, 564, 601, -1,
      601, 564, 563, -1,
      567, 566, 602, -1,
      602, 566, 603, -1,
      602, 603, 604, -1,
      605, 569, 606, -1,
      606, 569, 568, -1,
      572, 571, 607, -1,
      607, 571, 608, -1,
      607, 608, 609, -1,
      610, 573, 611, -1,
      611, 573, 574, -1,
      576, 612, 577, -1,
      577, 612, 613, -1,
      614, 615, 616, -1,
      616, 615, 578, -1,
      616, 578, 579, -1,
      580, 617, 581, -1,
      581, 617, 618, -1,
      619, 620, 621, -1,
      621, 620, 582, -1,
      621, 582, 583, -1,
      584, 622, 585, -1,
      585, 622, 623, -1,
      624, 587, 625, -1,
      625, 587, 586, -1,
      589, 626, 590, -1,
      590, 626, 627, -1,
      628, 591, 629, -1,
      629, 591, 592, -1,
      594, 630, 595, -1,
      595, 630, 631, -1,
      632, 633, 634, -1,
      634, 633, 596, -1,
      634, 596, 597, -1,
      598, 635, 599, -1,
      599, 635, 636, -1,
      637, 600, 638, -1,
      638, 600, 601, -1,
      603, 639, 604, -1,
      604, 639, 640, -1,
      641, 605, 642, -1,
      642, 605, 606, -1,
      608, 643, 609, -1,
      609, 643, 644, -1,
      645, 610, 646, -1,
      646, 610, 611, -1,
      613, 612, 647, -1,
      647, 612, 648, -1,
      647, 648, 649, -1,
      650, 651, 652, -1,
      652, 651, 615, -1,
      652, 615, 614, -1,
      617, 653, 618, -1,
      618, 653, 654, -1,
      655, 656, 657, -1,
      657, 656, 620, -1,
      657, 620, 619, -1,
      622, 658, 623, -1,
      623, 658, 659, -1,
      660, 661, 662, -1,
      662, 661, 624, -1,
      662, 624, 625, -1,
      626, 663, 627, -1,
      627, 663, 664, -1,
      665, 628, 666, -1,
      666, 628, 629, -1,
      631, 630, 667, -1,
      667, 630, 668, -1,
      667, 668, 669, -1,
      670, 671, 672, -1,
      672, 671, 633, -1,
      672, 633, 632, -1,
      635, 673, 636, -1,
      636, 673, 674, -1,
      675, 637, 676, -1,
      676, 637, 638, -1,
      640, 639, 677, -1,
      677, 639, 678, -1,
      677, 678, 679, -1,
      680, 641, 681, -1,
      681, 641, 642, -1,
      644, 643, 682, -1,
      682, 643, 683, -1,
      682, 683, 684, -1,
      685, 645, 686, -1,
      686, 645, 646, -1,
      687, 649, 648, -1,
      648, 688, 689, -1,
      689, 690, 648, -1,
      648, 690, 691, -1,
      648, 691, 692, -1,
      693, 687, 694, -1,
      694, 687, 648, -1,
      694, 648, 695, -1,
      695, 648, 692, -1,
      696, 651, 697, -1,
      697, 651, 650, -1,
      653, 698, 699, -1,
      699, 700, 653, -1,
      653, 700, 701, -1,
      653, 701, 702, -1,
      703, 654, 704, -1,
      704, 654, 653, -1,
      704, 653, 705, -1,
      705, 653, 702, -1,
      706, 656, 707, -1,
      707, 656, 655, -1,
      658, 708, 709, -1,
      709, 710, 658, -1,
      658, 710, 711, -1,
      658, 711, 712, -1,
      713, 659, 714, -1,
      714, 659, 658, -1,
      714, 658, 715, -1,
      715, 658, 712, -1,
      716, 717, 661, -1,
      716, 661, 718, -1,
      719, 720, 721, -1,
      722, 723, 661, -1,
      661, 723, 724, -1,
      661, 724, 718, -1,
      722, 661, 721, -1,
      721, 661, 660, -1,
      721, 660, 719, -1,
      663, 725, 664, -1,
      664, 725, 726, -1,
      727, 665, 728, -1,
      728, 665, 666, -1,
      729, 669, 668, -1,
      668, 730, 731, -1,
      731, 732, 668, -1,
      668, 732, 733, -1,
      668, 733, 734, -1,
      735, 729, 736, -1,
      736, 729, 668, -1,
      736, 668, 737, -1,
      737, 668, 734, -1,
      738, 671, 739, -1,
      739, 671, 670, -1,
      673, 740, 741, -1,
      741, 742, 673, -1,
      673, 742, 743, -1,
      673, 743, 744, -1,
      745, 674, 746, -1,
      746, 674, 673, -1,
      746, 673, 747, -1,
      747, 673, 744, -1,
      748, 675, 749, -1,
      749, 675, 676, -1,
      750, 679, 678, -1,
      678, 751, 752, -1,
      752, 753, 678, -1,
      678, 753, 754, -1,
      678, 754, 755, -1,
      756, 750, 757, -1,
      757, 750, 678, -1,
      757, 678, 758, -1,
      758, 678, 755, -1,
      759, 680, 760, -1,
      760, 680, 681, -1,
      761, 684, 683, -1,
      683, 762, 763, -1,
      763, 764, 683, -1,
      683, 764, 765, -1,
      683, 765, 766, -1,
      767, 761, 768, -1,
      768, 761, 683, -1,
      768, 683, 769, -1,
      769, 683, 766, -1,
      770, 570, 607, -1,
      607, 570, 572, -1,
      607, 609, 682, -1,
      682, 609, 644, -1,
      771, 682, 761, -1,
      761, 682, 684, -1,
      772, 565, 602, -1,
      602, 565, 567, -1,
      602, 604, 677, -1,
      677, 604, 640, -1,
      773, 677, 750, -1,
      750, 677, 679, -1,
      774, 739, 672, -1,
      672, 739, 670, -1,
      775, 672, 634, -1,
      634, 672, 632, -1,
      776, 556, 593, -1,
      593, 556, 558, -1,
      593, 595, 667, -1,
      667, 595, 631, -1,
      777, 667, 729, -1,
      729, 667, 669, -1,
      662, 625, 588, -1,
      588, 625, 586, -1,
      778, 588, 551, -1,
      551, 588, 549, -1,
      779, 719, 662, -1,
      662, 719, 660, -1,
      780, 707, 657, -1,
      657, 707, 655, -1,
      781, 657, 621, -1,
      621, 657, 619, -1,
      782, 697, 652, -1,
      652, 697, 650, -1,
      783, 652, 616, -1,
      616, 652, 614, -1,
      784, 538, 575, -1,
      575, 538, 540, -1,
      575, 577, 647, -1,
      647, 577, 613, -1,
      785, 647, 687, -1,
      687, 647, 649, -1,
      786, 685, 787, -1,
      787, 685, 686, -1,
      787, 788, 789, -1,
      687, 693, 789, -1,
      789, 693, 790, -1,
      789, 790, 787, -1,
      536, 538, 574, -1,
      574, 538, 788, -1,
      574, 788, 611, -1,
      611, 788, 787, -1,
      611, 787, 646, -1,
      646, 787, 686, -1,
      693, 694, 790, -1,
      790, 694, 791, -1,
      792, 793, 782, -1,
      782, 793, 696, -1,
      782, 696, 697, -1,
      794, 795, 782, -1,
      782, 795, 792, -1,
      796, 616, 579, -1,
      579, 543, 796, -1,
      796, 543, 544, -1,
      796, 544, 797, -1,
      798, 795, 703, -1,
      703, 795, 797, -1,
      703, 797, 654, -1,
      654, 797, 544, -1,
      654, 544, 618, -1,
      618, 544, 581, -1,
      703, 704, 798, -1,
      798, 704, 799, -1,
      800, 801, 780, -1,
      780, 801, 706, -1,
      780, 706, 707, -1,
      802, 803, 780, -1,
      780, 803, 800, -1,
      804, 621, 583, -1,
      583, 547, 804, -1,
      804, 547, 548, -1,
      804, 548, 805, -1,
      806, 803, 713, -1,
      713, 803, 805, -1,
      713, 805, 659, -1,
      659, 805, 548, -1,
      659, 548, 623, -1,
      623, 548, 585, -1,
      713, 714, 806, -1,
      806, 714, 807, -1,
      808, 809, 720, -1,
      720, 809, 721, -1,
      627, 810, 811, -1,
      551, 553, 811, -1,
      811, 553, 590, -1,
      811, 590, 627, -1,
      720, 719, 808, -1,
      808, 719, 810, -1,
      808, 810, 812, -1,
      812, 810, 627, -1,
      812, 627, 726, -1,
      726, 627, 664, -1,
      725, 813, 726, -1,
      726, 813, 812, -1,
      814, 727, 815, -1,
      815, 727, 728, -1,
      815, 728, 666, -1,
      816, 729, 735, -1,
      554, 556, 592, -1,
      592, 556, 817, -1,
      592, 817, 629, -1,
      629, 817, 816, -1,
      666, 629, 815, -1,
      815, 629, 816, -1,
      815, 816, 818, -1,
      818, 816, 735, -1,
      735, 736, 818, -1,
      818, 736, 819, -1,
      820, 821, 774, -1,
      774, 821, 738, -1,
      774, 738, 739, -1,
      822, 823, 774, -1,
      774, 823, 820, -1,
      634, 597, 824, -1,
      824, 597, 561, -1,
      599, 636, 562, -1,
      562, 636, 674, -1,
      825, 823, 745, -1,
      745, 823, 826, -1,
      745, 826, 674, -1,
      674, 826, 824, -1,
      674, 824, 562, -1,
      562, 824, 561, -1,
      745, 746, 825, -1,
      825, 746, 827, -1,
      828, 748, 829, -1,
      829, 748, 749, -1,
      829, 749, 676, -1,
      830, 750, 756, -1,
      563, 565, 601, -1,
      601, 565, 831, -1,
      601, 831, 638, -1,
      638, 831, 830, -1,
      676, 638, 829, -1,
      829, 638, 830, -1,
      829, 830, 832, -1,
      832, 830, 756, -1,
      756, 757, 832, -1,
      832, 757, 833, -1,
      834, 759, 835, -1,
      835, 759, 760, -1,
      835, 836, 837, -1,
      761, 767, 837, -1,
      837, 767, 838, -1,
      837, 838, 835, -1,
      568, 570, 606, -1,
      606, 570, 836, -1,
      606, 836, 642, -1,
      642, 836, 835, -1,
      642, 835, 681, -1,
      681, 835, 760, -1,
      767, 768, 838, -1,
      838, 768, 839, -1,
      836, 840, 837, -1,
      837, 840, 841, -1,
      770, 842, 570, -1,
      570, 842, 840, -1,
      570, 840, 836, -1,
      682, 771, 843, -1,
      682, 843, 607, -1,
      607, 843, 842, -1,
      607, 842, 770, -1,
      837, 841, 761, -1,
      761, 841, 843, -1,
      761, 843, 771, -1,
      831, 844, 830, -1,
      830, 844, 845, -1,
      772, 846, 565, -1,
      565, 846, 844, -1,
      565, 844, 831, -1,
      677, 773, 847, -1,
      677, 847, 602, -1,
      602, 847, 846, -1,
      602, 846, 772, -1,
      830, 845, 750, -1,
      750, 845, 847, -1,
      750, 847, 773, -1,
      672, 775, 848, -1,
      672, 848, 774, -1,
      774, 848, 849, -1,
      774, 849, 822, -1,
      824, 850, 634, -1,
      634, 850, 848, -1,
      634, 848, 775, -1,
      826, 851, 824, -1,
      824, 851, 850, -1,
      822, 849, 823, -1,
      823, 849, 851, -1,
      823, 851, 826, -1,
      817, 852, 816, -1,
      816, 852, 853, -1,
      776, 854, 556, -1,
      556, 854, 852, -1,
      556, 852, 817, -1,
      667, 777, 855, -1,
      667, 855, 593, -1,
      593, 855, 854, -1,
      593, 854, 776, -1,
      816, 853, 729, -1,
      729, 853, 855, -1,
      729, 855, 777, -1,
      588, 778, 856, -1,
      588, 856, 662, -1,
      662, 856, 857, -1,
      662, 857, 779, -1,
      811, 858, 551, -1,
      551, 858, 856, -1,
      551, 856, 778, -1,
      810, 859, 811, -1,
      811, 859, 858, -1,
      779, 857, 719, -1,
      719, 857, 859, -1,
      719, 859, 810, -1,
      657, 781, 860, -1,
      657, 860, 780, -1,
      780, 860, 861, -1,
      780, 861, 802, -1,
      804, 862, 621, -1,
      621, 862, 860, -1,
      621, 860, 781, -1,
      805, 863, 804, -1,
      804, 863, 862, -1,
      802, 861, 803, -1,
      803, 861, 863, -1,
      803, 863, 805, -1,
      652, 783, 864, -1,
      652, 864, 782, -1,
      782, 864, 865, -1,
      782, 865, 794, -1,
      796, 866, 616, -1,
      616, 866, 864, -1,
      616, 864, 783, -1,
      797, 867, 796, -1,
      796, 867, 866, -1,
      794, 865, 795, -1,
      795, 865, 867, -1,
      795, 867, 797, -1,
      788, 868, 789, -1,
      789, 868, 869, -1,
      784, 870, 538, -1,
      538, 870, 868, -1,
      538, 868, 788, -1,
      647, 785, 871, -1,
      647, 871, 575, -1,
      575, 871, 870, -1,
      575, 870, 784, -1,
      789, 869, 687, -1,
      687, 869, 871, -1,
      687, 871, 785, -1,
      401, 400, 872, -1,
      872, 400, 873, -1,
      791, 694, 695, -1,
      791, 695, 874, -1,
      874, 695, 692, -1,
      874, 692, 875, -1,
      875, 692, 691, -1,
      875, 691, 876, -1,
      876, 691, 690, -1,
      876, 690, 877, -1,
      877, 690, 689, -1,
      877, 689, 878, -1,
      878, 689, 688, -1,
      878, 688, 879, -1,
      787, 790, 786, -1,
      786, 790, 791, -1,
      791, 874, 786, -1,
      786, 874, 875, -1,
      786, 875, 876, -1,
      876, 877, 786, -1,
      786, 877, 878, -1,
      786, 878, 879, -1,
      799, 704, 705, -1,
      799, 705, 880, -1,
      880, 705, 702, -1,
      880, 702, 881, -1,
      881, 702, 701, -1,
      881, 701, 882, -1,
      882, 701, 700, -1,
      882, 700, 883, -1,
      883, 700, 699, -1,
      883, 699, 884, -1,
      884, 699, 698, -1,
      884, 698, 885, -1,
      795, 798, 799, -1,
      882, 793, 881, -1,
      881, 793, 880, -1,
      882, 883, 793, -1,
      793, 883, 884, -1,
      793, 884, 885, -1,
      880, 793, 799, -1,
      799, 793, 792, -1,
      799, 792, 795, -1,
      807, 714, 715, -1,
      807, 715, 886, -1,
      886, 715, 712, -1,
      886, 712, 887, -1,
      887, 712, 711, -1,
      887, 711, 888, -1,
      888, 711, 710, -1,
      888, 710, 889, -1,
      889, 710, 709, -1,
      889, 709, 890, -1,
      890, 709, 708, -1,
      890, 708, 891, -1,
      890, 891, 801, -1,
      890, 801, 889, -1,
      803, 806, 807, -1,
      886, 887, 801, -1,
      801, 887, 888, -1,
      801, 888, 889, -1,
      886, 801, 807, -1,
      807, 801, 800, -1,
      807, 800, 803, -1,
      872, 892, 893, -1,
      893, 894, 872, -1,
      872, 894, 895, -1,
      872, 895, 401, -1,
      401, 895, 896, -1,
      401, 896, 15, -1,
      813, 897, 898, -1,
      898, 899, 813, -1,
      813, 899, 900, -1,
      813, 900, 901, -1,
      808, 812, 809, -1,
      809, 812, 813, -1,
      809, 813, 902, -1,
      902, 813, 901, -1,
      897, 717, 716, -1,
      897, 716, 898, -1,
      898, 716, 718, -1,
      898, 718, 899, -1,
      899, 718, 724, -1,
      899, 724, 900, -1,
      900, 724, 723, -1,
      900, 723, 901, -1,
      901, 723, 722, -1,
      901, 722, 902, -1,
      902, 722, 721, -1,
      902, 721, 809, -1,
      819, 736, 737, -1,
      819, 737, 903, -1,
      903, 737, 734, -1,
      903, 734, 904, -1,
      904, 734, 733, -1,
      904, 733, 905, -1,
      905, 733, 732, -1,
      905, 732, 906, -1,
      906, 732, 731, -1,
      906, 731, 907, -1,
      907, 731, 730, -1,
      907, 730, 908, -1,
      907, 908, 814, -1,
      907, 814, 906, -1,
      903, 904, 814, -1,
      814, 904, 905, -1,
      814, 905, 906, -1,
      815, 818, 814, -1,
      814, 818, 819, -1,
      814, 819, 903, -1,
      827, 746, 747, -1,
      827, 747, 909, -1,
      909, 747, 744, -1,
      909, 744, 910, -1,
      910, 744, 743, -1,
      910, 743, 911, -1,
      911, 743, 742, -1,
      911, 742, 912, -1,
      912, 742, 741, -1,
      912, 741, 913, -1,
      913, 741, 740, -1,
      913, 740, 914, -1,
      913, 914, 821, -1,
      913, 821, 912, -1,
      823, 825, 827, -1,
      909, 910, 821, -1,
      821, 910, 911, -1,
      821, 911, 912, -1,
      909, 821, 827, -1,
      827, 821, 820, -1,
      827, 820, 823, -1,
      833, 757, 758, -1,
      833, 758, 915, -1,
      915, 758, 755, -1,
      915, 755, 916, -1,
      916, 755, 754, -1,
      916, 754, 917, -1,
      917, 754, 753, -1,
      917, 753, 918, -1,
      918, 753, 752, -1,
      918, 752, 919, -1,
      919, 752, 751, -1,
      919, 751, 920, -1,
      919, 920, 828, -1,
      919, 828, 918, -1,
      915, 916, 828, -1,
      828, 916, 917, -1,
      828, 917, 918, -1,
      829, 832, 828, -1,
      828, 832, 833, -1,
      828, 833, 915, -1,
      839, 768, 769, -1,
      839, 769, 921, -1,
      921, 769, 766, -1,
      921, 766, 922, -1,
      922, 766, 765, -1,
      922, 765, 923, -1,
      923, 765, 764, -1,
      923, 764, 924, -1,
      924, 764, 763, -1,
      924, 763, 925, -1,
      925, 763, 762, -1,
      925, 762, 926, -1,
      925, 926, 834, -1,
      925, 834, 924, -1,
      921, 922, 834, -1,
      834, 922, 923, -1,
      834, 923, 924, -1,
      835, 838, 834, -1,
      834, 838, 839, -1,
      834, 839, 921, -1,
      927, 928, 840, -1,
      840, 928, 841, -1,
      929, 927, 842, -1,
      842, 927, 840, -1,
      842, 843, 929, -1,
      929, 843, 930, -1,
      928, 930, 841, -1,
      841, 930, 843, -1,
      931, 932, 844, -1,
      844, 932, 845, -1,
      933, 931, 846, -1,
      846, 931, 844, -1,
      846, 847, 933, -1,
      933, 847, 934, -1,
      932, 934, 845, -1,
      845, 934, 847, -1,
      935, 936, 848, -1,
      848, 936, 849, -1,
      937, 935, 850, -1,
      850, 935, 848, -1,
      850, 851, 937, -1,
      937, 851, 938, -1,
      936, 938, 849, -1,
      849, 938, 851, -1,
      939, 940, 852, -1,
      852, 940, 853, -1,
      941, 939, 854, -1,
      854, 939, 852, -1,
      854, 855, 941, -1,
      941, 855, 942, -1,
      940, 942, 853, -1,
      853, 942, 855, -1,
      943, 944, 856, -1,
      856, 944, 857, -1,
      945, 943, 858, -1,
      858, 943, 856, -1,
      858, 859, 945, -1,
      945, 859, 946, -1,
      944, 946, 857, -1,
      857, 946, 859, -1,
      947, 948, 860, -1,
      860, 948, 861, -1,
      949, 947, 862, -1,
      862, 947, 860, -1,
      862, 863, 949, -1,
      949, 863, 950, -1,
      948, 950, 861, -1,
      861, 950, 863, -1,
      951, 952, 864, -1,
      864, 952, 865, -1,
      953, 951, 866, -1,
      866, 951, 864, -1,
      866, 867, 953, -1,
      953, 867, 954, -1,
      952, 954, 865, -1,
      865, 954, 867, -1,
      955, 956, 868, -1,
      868, 956, 869, -1,
      957, 955, 870, -1,
      870, 955, 868, -1,
      870, 871, 957, -1,
      957, 871, 958, -1,
      956, 958, 869, -1,
      869, 958, 871, -1,
      959, 960, 873, -1,
      497, 961, 400, -1,
      400, 961, 962, -1,
      400, 962, 873, -1,
      873, 962, 963, -1,
      873, 963, 959, -1,
      603, 566, 564, -1,
      576, 539, 537, -1,
      738, 821, 914, -1,
      608, 571, 569, -1,
      696, 793, 885, -1,
      964, 965, 966, -1,
      967, 964, 968, -1,
      969, 893, 892, -1,
      893, 541, 894, -1,
      894, 541, 578, -1,
      698, 969, 885, -1,
      885, 969, 970, -1,
      885, 970, 696, -1,
      696, 970, 894, -1,
      696, 894, 651, -1,
      651, 894, 578, -1,
      651, 578, 615, -1,
      542, 541, 580, -1,
      580, 541, 893, -1,
      580, 893, 617, -1,
      617, 893, 969, -1,
      617, 969, 653, -1,
      653, 969, 698, -1,
      643, 608, 971, -1,
      971, 608, 569, -1,
      971, 569, 968, -1,
      569, 605, 968, -1,
      968, 605, 641, -1,
      968, 641, 680, -1,
      892, 967, 969, -1,
      969, 967, 968, -1,
      969, 968, 759, -1,
      759, 968, 680, -1,
      759, 834, 969, -1,
      969, 834, 926, -1,
      969, 926, 970, -1,
      970, 926, 762, -1,
      894, 559, 895, -1,
      895, 559, 596, -1,
      895, 596, 633, -1,
      560, 559, 598, -1,
      598, 559, 894, -1,
      598, 894, 635, -1,
      635, 894, 970, -1,
      635, 970, 673, -1,
      633, 671, 895, -1,
      895, 671, 738, -1,
      895, 738, 972, -1,
      972, 738, 914, -1,
      972, 914, 970, -1,
      970, 914, 740, -1,
      970, 740, 673, -1,
      973, 972, 612, -1,
      612, 576, 973, -1,
      973, 576, 537, -1,
      973, 537, 971, -1,
      537, 573, 971, -1,
      971, 573, 610, -1,
      971, 610, 645, -1,
      645, 685, 971, -1,
      971, 685, 970, -1,
      971, 970, 643, -1,
      643, 970, 762, -1,
      643, 762, 683, -1,
      648, 612, 688, -1,
      688, 612, 972, -1,
      688, 972, 879, -1,
      879, 972, 970, -1,
      879, 970, 786, -1,
      786, 970, 685, -1,
      974, 891, 972, -1,
      972, 891, 708, -1,
      895, 545, 896, -1,
      896, 545, 582, -1,
      546, 545, 584, -1,
      584, 545, 895, -1,
      584, 895, 622, -1,
      622, 895, 972, -1,
      622, 972, 658, -1,
      658, 972, 708, -1,
      582, 620, 896, -1,
      896, 620, 656, -1,
      896, 656, 706, -1,
      748, 828, 920, -1,
      603, 975, 639, -1,
      639, 975, 974, -1,
      603, 564, 975, -1,
      975, 564, 600, -1,
      975, 600, 973, -1,
      678, 639, 751, -1,
      751, 639, 974, -1,
      751, 974, 920, -1,
      920, 974, 972, -1,
      920, 972, 748, -1,
      748, 972, 973, -1,
      748, 973, 675, -1,
      675, 973, 600, -1,
      675, 600, 637, -1,
      813, 725, 974, -1,
      801, 891, 706, -1,
      706, 891, 974, -1,
      706, 974, 896, -1,
      896, 974, 725, -1,
      896, 725, 663, -1,
      976, 15, 624, -1,
      624, 15, 587, -1,
      624, 661, 976, -1,
      976, 661, 717, -1,
      976, 717, 974, -1,
      974, 717, 897, -1,
      974, 897, 813, -1,
      550, 587, 552, -1,
      552, 587, 15, -1,
      552, 15, 589, -1,
      589, 15, 896, -1,
      589, 896, 626, -1,
      626, 896, 663, -1,
      727, 814, 908, -1,
      591, 975, 555, -1,
      555, 975, 977, -1,
      730, 976, 908, -1,
      908, 976, 974, -1,
      908, 974, 727, -1,
      727, 974, 975, -1,
      727, 975, 665, -1,
      665, 975, 591, -1,
      665, 591, 628, -1,
      557, 555, 594, -1,
      594, 555, 977, -1,
      594, 977, 630, -1,
      630, 977, 976, -1,
      630, 976, 668, -1,
      668, 976, 730, -1,
      964, 966, 968, -1,
      968, 966, 978, -1,
      968, 978, 971, -1,
      971, 978, 979, -1,
      971, 979, 973, -1,
      973, 979, 980, -1,
      973, 980, 975, -1,
      975, 980, 370, -1,
      975, 370, 977, -1,
      966, 965, 981, -1,
      370, 980, 368, -1,
      368, 980, 979, -1,
      368, 979, 981, -1,
      981, 979, 978, -1,
      981, 978, 966, -1,
      944, 982, 946, -1,
      946, 982, 983, -1,
      946, 983, 945, -1,
      945, 983, 961, -1,
      945, 961, 943, -1,
      943, 961, 497, -1,
      943, 497, 944, -1,
      944, 497, 982, -1,
      941, 984, 939, -1,
      939, 984, 985, -1,
      939, 985, 940, -1,
      940, 985, 983, -1,
      940, 983, 942, -1,
      942, 983, 982, -1,
      942, 982, 941, -1,
      941, 982, 984, -1,
      948, 983, 950, -1,
      950, 983, 986, -1,
      950, 986, 949, -1,
      949, 986, 962, -1,
      949, 962, 947, -1,
      947, 962, 961, -1,
      947, 961, 948, -1,
      948, 961, 983, -1,
      933, 985, 931, -1,
      931, 985, 987, -1,
      931, 987, 932, -1,
      932, 987, 986, -1,
      932, 986, 934, -1,
      934, 986, 983, -1,
      934, 983, 933, -1,
      933, 983, 985, -1,
      937, 963, 935, -1,
      935, 963, 962, -1,
      935, 962, 936, -1,
      936, 962, 986, -1,
      936, 986, 938, -1,
      938, 986, 988, -1,
      938, 988, 937, -1,
      955, 989, 956, -1,
      956, 989, 988, -1,
      956, 988, 958, -1,
      958, 988, 986, -1,
      958, 986, 957, -1,
      957, 986, 987, -1,
      957, 987, 955, -1,
      955, 987, 989, -1,
      959, 963, 951, -1,
      953, 954, 990, -1,
      937, 988, 963, -1,
      963, 988, 952, -1,
      963, 952, 951, -1,
      930, 990, 988, -1,
      988, 990, 954, -1,
      988, 954, 952, -1,
      930, 988, 929, -1,
      929, 988, 989, -1,
      929, 989, 927, -1,
      927, 989, 991, -1,
      927, 991, 928, -1,
      951, 953, 959, -1,
      959, 953, 990, -1,
      959, 990, 960, -1,
      960, 990, 992, -1,
      930, 928, 990, -1,
      990, 928, 991, -1,
      990, 991, 992, -1,
      992, 991, 993, -1,
      984, 503, 985, -1,
      985, 503, 994, -1,
      985, 994, 987, -1,
      987, 994, 995, -1,
      987, 995, 989, -1,
      989, 995, 996, -1,
      989, 996, 991, -1,
      991, 996, 997, -1,
      991, 997, 993, -1,
      993, 997, 998, -1,
      369, 368, 999, -1,
      999, 368, 981, -1,
      994, 503, 369, -1,
      998, 997, 999, -1,
      999, 997, 996, -1,
      999, 996, 369, -1,
      369, 996, 995, -1,
      369, 995, 994, -1,
    ]
  }
}

Shape {
  appearance Appearance {
    material Material {
      diffuseColor 0.2510 0.2510 0.2510
      specularColor 0.1255 0.1255 0.1255
      ambientIntensity 0.2
      transparency 0.0000
      shininess 0.5
    }
  }
  geometry IndexedFaceSet {
    ccw TRUE
    solid FALSE
    coord DEF co Coordinate {
      point [
        -1.000000 1.673228 -0.826772,
        -1.000000 1.673228 -0.984252,
        -1.000000 1.476378 -0.826772,
        -1.000000 -1.673228 -0.984252,
        -1.000000 1.476378 0.761811,
        -1.000000 1.476378 0.826772,
        -1.000000 1.476378 -0.000000,
        -1.000000 1.673228 0.826772,
        -1.000000 -1.673228 -0.000000,
        -1.000000 -1.673228 0.860236,
        -1.000000 -1.673228 0.984252,
        -1.000000 1.673228 0.984252,
      ]
    }
    coordIndex [
      11, 7, 5, -1,
      0, 1, 2, -1,
      2, 1, 3, -1,
      2, 3, 6, -1,
      6, 3, 8, -1,
      6, 8, 4, -1,
      4, 8, 9, -1,
      4, 9, 5, -1,
      5, 9, 10, -1,
      5, 10, 11, -1,
    ]
  }
}

Shape {
  appearance Appearance {
    material Material {
      diffuseColor 1.0000 1.0000 1.0000
      specularColor 0.5020 0.5020 0.5020
      ambientIntensity 0.2
      transparency 0.0000
      shininess 0.5
    }
  }
  geometry IndexedFaceSet {
    ccw TRUE
    solid FALSE
    coord DEF co Coordinate {
      point [
        3.000000 -0.785593 0.644557,
        3.000000 -0.777499 0.645544,
        3.000000 -0.758098 0.537639,
        3.000000 -0.764950 0.536984,
        3.000000 -0.709665 0.632363,
        3.000000 -0.709665 0.598196,
        3.000000 -0.680833 0.598196,
        3.000000 -0.598304 0.540108,
        3.000000 -0.616496 0.537884,
        3.000000 -0.615405 0.644644,
        3.000000 -0.645861 0.537884,
        3.000000 -0.645861 0.644644,
        3.000000 -0.561846 0.573337,
        3.000000 -0.567101 0.562294,
        3.000000 -0.571308 0.626858,
        3.000000 -0.564691 0.617559,
        3.000000 -0.575043 0.552839,
        3.000000 -0.586145 0.544870,
        3.000000 -0.596957 0.540635,
        3.000000 -0.575043 0.630507,
        3.000000 -0.599106 0.642844,
        3.000000 -0.596957 0.642059,
        3.000000 -0.586220 0.638138,
        3.000000 -0.560733 0.607387,
        3.000000 -0.558941 0.592629,
        3.000000 -0.559261 0.585838,
        3.000000 -0.668457 0.644644,
        3.000000 -0.680833 0.644644,
        3.000000 -0.668457 0.632363,
        3.000000 -0.666028 0.550056,
        3.000000 -0.666028 0.537884,
        3.000000 -0.709665 0.550056,
        3.000000 -0.680833 0.550056,
        3.000000 -0.709665 0.585970,
        3.000000 -0.680833 0.585970,
        3.000000 -0.671486 0.585970,
        3.000000 -0.671486 0.598196,
        3.000000 -0.680833 0.632363,
        3.000000 -0.723447 0.644644,
        3.000000 -0.723447 0.537884,
        3.000000 -0.756092 0.645339,
        3.000000 -0.744815 0.642078,
        3.000000 -0.680833 0.537884,
        3.000000 -0.744815 0.627669,
        3.000000 -0.746637 0.541398,
        3.000000 -0.772378 0.548364,
        3.000000 -0.767380 0.548551,
        3.000000 -0.746004 0.628311,
        3.000000 -0.755307 0.550800,
        3.000000 -0.744815 0.555514,
        3.000000 -0.744815 0.542306,
        3.000000 -0.810046 0.584466,
        3.000000 -0.808084 0.574158,
        3.000000 -0.804403 0.565770,
        3.000000 -0.799805 0.559607,
        3.000000 -0.797686 0.557513,
        3.000000 -0.790706 0.552587,
        3.000000 -0.783094 0.549652,
        3.000000 -0.810284 0.590063,
        3.000000 -0.756833 0.632431,
        3.000000 -0.769977 0.634000,
        3.000000 -0.775652 0.633683,
        3.000000 -0.784732 0.631596,
        3.000000 -0.792977 0.627382,
        3.000000 -0.799068 0.622157,
        3.000000 -0.804919 0.614006,
        3.000000 -0.808507 0.604802,
        3.000000 -0.770113 0.646445,
        3.000000 -0.770063 0.646445,
        3.000000 -0.758683 0.645544,
        3.000000 -0.817069 0.620613,
        3.000000 -0.809329 0.630726,
        3.000000 -0.806731 0.633208,
        3.000000 -0.796743 0.640219,
        3.000000 -0.819972 0.565026,
        3.000000 -0.822623 0.571790,
        3.000000 -0.824748 0.589244,
        3.000000 -0.824560 0.594817,
        3.000000 -0.822140 0.608754,
        3.000000 -0.819972 0.613824,
        3.000000 -0.792389 0.538771,
        3.000000 -0.802464 0.543523,
        3.000000 -0.811048 0.550656,
        3.000000 -0.818264 0.560666,
        3.000000 -0.783712 0.536984,
        3.000000 -0.780819 0.536388,
        3.000000 -0.774370 0.536083,
        3.000000 -0.829115 0.550056,
        3.000000 -0.829115 0.537884,
        3.000000 -0.885414 0.537884,
        3.000000 -0.871633 0.644644,
        3.000000 -0.871633 0.550056,
        3.000000 -0.885414 0.644644,
        3.000394 -0.829115 0.550056,
        3.000394 -0.829115 0.537884,
        3.000394 -0.871633 0.550056,
        3.000394 -0.871633 0.644644,
        3.000394 -0.885414 0.644644,
        3.000394 -0.885414 0.537884,
        3.000394 -0.758098 0.537639,
        3.000394 -0.774370 0.536083,
        3.000394 -0.746637 0.541398,
        3.000394 -0.744815 0.542306,
        3.000394 -0.744815 0.555514,
        3.000394 -0.755307 0.550800,
        3.000394 -0.767380 0.548551,
        3.000394 -0.772378 0.548364,
        3.000394 -0.783094 0.549652,
        3.000394 -0.790706 0.552587,
        3.000394 -0.797686 0.557513,
        3.000394 -0.799805 0.559607,
        3.000394 -0.804403 0.565770,
        3.000394 -0.808084 0.574158,
        3.000394 -0.810046 0.584466,
        3.000394 -0.810284 0.590063,
        3.000394 -0.808507 0.604802,
        3.000394 -0.804919 0.614006,
        3.000394 -0.799068 0.622157,
        3.000394 -0.792977 0.627382,
        3.000394 -0.784732 0.631596,
        3.000394 -0.775652 0.633683,
        3.000394 -0.769977 0.634000,
        3.000394 -0.756833 0.632431,
        3.000394 -0.746004 0.628311,
        3.000394 -0.744815 0.627669,
        3.000394 -0.744815 0.642078,
        3.000394 -0.770113 0.646445,
        3.000394 -0.770063 0.646445,
        3.000394 -0.756092 0.645339,
        3.000394 -0.785593 0.644557,
        3.000394 -0.796743 0.640219,
        3.000394 -0.806731 0.633208,
        3.000394 -0.809329 0.630726,
        3.000394 -0.817069 0.620613,
        3.000394 -0.822140 0.608754,
        3.000394 -0.824560 0.594817,
        3.000394 -0.824748 0.589244,
        3.000394 -0.811048 0.550656,
        3.000394 -0.818264 0.560666,
        3.000394 -0.822623 0.571790,
        3.000394 -0.780819 0.536388,
        3.000394 -0.802464 0.543523,
        3.000394 -0.792389 0.538771,
        3.000394 -0.666028 0.550056,
        3.000394 -0.666028 0.537884,
        3.000394 -0.709665 0.550056,
        3.000394 -0.709665 0.585970,
        3.000394 -0.671486 0.585970,
        3.000394 -0.671486 0.598196,
        3.000394 -0.709665 0.598196,
        3.000394 -0.709665 0.632363,
        3.000394 -0.668457 0.632363,
        3.000394 -0.668457 0.644644,
        3.000394 -0.723447 0.644644,
        3.000394 -0.723447 0.537884,
        3.000394 -0.580052 0.566960,
        3.000394 -0.584840 0.561190,
        3.000394 -0.575043 0.552839,
        3.000394 -0.586037 0.560072,
        3.000394 -0.586145 0.544870,
        3.000394 -0.592910 0.555276,
        3.000394 -0.598304 0.540108,
        3.000394 -0.601705 0.551844,
        3.000394 -0.616496 0.537884,
        3.000394 -0.616578 0.550056,
        3.000394 -0.645861 0.537884,
        3.000394 -0.632079 0.550056,
        3.000394 -0.645861 0.644644,
        3.000394 -0.632079 0.632363,
        3.000394 -0.615405 0.644644,
        3.000394 -0.615951 0.632363,
        3.000394 -0.599106 0.642844,
        3.000394 -0.602233 0.630853,
        3.000394 -0.586220 0.638138,
        3.000394 -0.592968 0.627518,
        3.000394 -0.575043 0.630507,
        3.000394 -0.585140 0.622320,
        3.000394 -0.571308 0.626858,
        3.000394 -0.582203 0.619432,
        3.000394 -0.564691 0.617559,
        3.000394 -0.578056 0.613459,
        3.000394 -0.560733 0.607387,
        3.000394 -0.575036 0.605684,
        3.000394 -0.558941 0.592629,
        3.000394 -0.573432 0.592246,
        3.000394 -0.559261 0.585838,
        3.000394 -0.573939 0.584216,
        3.000394 -0.561846 0.573337,
        3.000394 -0.576198 0.574716,
        3.000394 -0.567101 0.562294,
        3.000000 -0.615951 0.632363,
        3.000000 -0.632079 0.632363,
        3.000000 -0.632079 0.550056,
        3.000000 -0.616578 0.550056,
        3.000000 -0.584840 0.561190,
        3.000000 -0.586037 0.560072,
        3.000000 -0.592910 0.555276,
        3.000000 -0.601705 0.551844,
        3.000000 -0.573432 0.592246,
        3.000000 -0.573939 0.584216,
        3.000000 -0.576198 0.574716,
        3.000000 -0.580052 0.566960,
        3.000000 -0.585140 0.622320,
        3.000000 -0.582203 0.619432,
        3.000000 -0.578056 0.613459,
        3.000000 -0.575036 0.605684,
        3.000000 -0.602233 0.630853,
        3.000000 -0.592968 0.627518,
      ]
    }
    coordIndex [
      93, 94, 87, -1,
      87, 94, 88, -1,
      95, 93, 91, -1,
      91, 93, 87, -1,
      96, 95, 90, -1,
      90, 95, 91, -1,
      97, 96, 92, -1,
      92, 96, 90, -1,
      98, 97, 89, -1,
      89, 97, 92, -1,
      94, 98, 88, -1,
      88, 98, 89, -1,
      96, 97, 95, -1,
      95, 97, 98, -1,
      95, 98, 93, -1,
      93, 98, 94, -1,
      99, 100, 3, -1,
      3, 100, 86, -1,
      3, 2, 99, -1,
      99, 2, 44, -1,
      99, 44, 101, -1,
      101, 44, 50, -1,
      101, 50, 102, -1,
      103, 102, 49, -1,
      49, 102, 50, -1,
      103, 49, 48, -1,
      103, 48, 104, -1,
      104, 48, 46, -1,
      104, 46, 105, -1,
      105, 46, 45, -1,
      105, 45, 106, -1,
      106, 45, 57, -1,
      106, 57, 107, -1,
      107, 57, 56, -1,
      107, 56, 108, -1,
      108, 56, 55, -1,
      108, 55, 109, -1,
      109, 55, 54, -1,
      109, 54, 110, -1,
      110, 54, 53, -1,
      110, 53, 111, -1,
      111, 53, 52, -1,
      111, 52, 112, -1,
      112, 52, 51, -1,
      112, 51, 113, -1,
      113, 51, 58, -1,
      113, 58, 114, -1,
      114, 58, 66, -1,
      114, 66, 115, -1,
      115, 66, 65, -1,
      115, 65, 116, -1,
      116, 65, 64, -1,
      116, 64, 117, -1,
      117, 64, 63, -1,
      117, 63, 118, -1,
      118, 63, 62, -1,
      118, 62, 119, -1,
      119, 62, 61, -1,
      119, 61, 120, -1,
      120, 61, 60, -1,
      120, 60, 121, -1,
      121, 60, 59, -1,
      121, 59, 122, -1,
      122, 59, 47, -1,
      122, 47, 123, -1,
      123, 47, 43, -1,
      123, 43, 124, -1,
      125, 124, 41, -1,
      41, 124, 43, -1,
      67, 126, 127, -1,
      125, 41, 40, -1,
      125, 40, 128, -1,
      128, 40, 69, -1,
      128, 69, 127, -1,
      127, 69, 68, -1,
      127, 68, 67, -1,
      126, 67, 1, -1,
      126, 1, 129, -1,
      1, 0, 129, -1,
      129, 0, 73, -1,
      129, 73, 130, -1,
      130, 73, 72, -1,
      130, 72, 131, -1,
      131, 72, 71, -1,
      131, 71, 132, -1,
      132, 71, 70, -1,
      132, 70, 133, -1,
      133, 70, 79, -1,
      133, 79, 134, -1,
      79, 78, 134, -1,
      134, 78, 77, -1,
      134, 77, 135, -1,
      135, 77, 76, -1,
      135, 76, 136, -1,
      82, 137, 138, -1,
      136, 76, 75, -1,
      136, 75, 139, -1,
      139, 75, 74, -1,
      139, 74, 138, -1,
      138, 74, 83, -1,
      138, 83, 82, -1,
      86, 100, 140, -1,
      137, 82, 81, -1,
      137, 81, 141, -1,
      141, 81, 80, -1,
      141, 80, 142, -1,
      142, 80, 84, -1,
      142, 84, 140, -1,
      140, 84, 85, -1,
      140, 85, 86, -1,
      123, 124, 125, -1,
      118, 131, 117, -1,
      117, 131, 132, -1,
      117, 132, 116, -1,
      116, 132, 133, -1,
      116, 133, 115, -1,
      136, 114, 135, -1,
      135, 114, 115, -1,
      135, 115, 134, -1,
      134, 115, 133, -1,
      123, 125, 122, -1,
      122, 125, 128, -1,
      122, 128, 121, -1,
      121, 128, 127, -1,
      121, 127, 120, -1,
      120, 127, 126, -1,
      120, 126, 119, -1,
      119, 126, 129, -1,
      119, 129, 118, -1,
      118, 129, 130, -1,
      118, 130, 131, -1,
      102, 103, 101, -1,
      101, 103, 104, -1,
      101, 104, 99, -1,
      99, 104, 105, -1,
      99, 105, 100, -1,
      100, 105, 106, -1,
      100, 106, 140, -1,
      140, 106, 107, -1,
      140, 107, 142, -1,
      142, 107, 108, -1,
      142, 108, 141, -1,
      141, 108, 109, -1,
      141, 109, 137, -1,
      137, 109, 110, -1,
      137, 110, 138, -1,
      138, 110, 111, -1,
      138, 111, 139, -1,
      139, 111, 112, -1,
      139, 112, 136, -1,
      136, 112, 113, -1,
      136, 113, 114, -1,
      143, 144, 29, -1,
      29, 144, 30, -1,
      31, 145, 32, -1,
      32, 145, 143, -1,
      32, 143, 29, -1,
      146, 145, 33, -1,
      33, 145, 31, -1,
      35, 147, 34, -1,
      34, 147, 146, -1,
      34, 146, 33, -1,
      148, 147, 36, -1,
      36, 147, 35, -1,
      5, 149, 6, -1,
      6, 149, 148, -1,
      6, 148, 36, -1,
      150, 149, 4, -1,
      4, 149, 5, -1,
      28, 151, 37, -1,
      37, 151, 150, -1,
      37, 150, 4, -1,
      152, 151, 26, -1,
      26, 151, 28, -1,
      38, 153, 27, -1,
      27, 153, 152, -1,
      27, 152, 26, -1,
      154, 153, 39, -1,
      39, 153, 38, -1,
      30, 144, 42, -1,
      42, 144, 154, -1,
      42, 154, 39, -1,
      154, 144, 143, -1,
      143, 145, 154, -1,
      154, 145, 146, -1,
      154, 146, 153, -1,
      151, 152, 150, -1,
      150, 152, 153, -1,
      150, 153, 149, -1,
      149, 153, 146, -1,
      149, 146, 148, -1,
      148, 146, 147, -1,
      155, 156, 157, -1,
      157, 156, 158, -1,
      157, 158, 159, -1,
      159, 158, 160, -1,
      159, 160, 161, -1,
      161, 160, 162, -1,
      161, 162, 163, -1,
      163, 162, 164, -1,
      163, 164, 165, -1,
      165, 164, 166, -1,
      165, 166, 167, -1,
      167, 166, 168, -1,
      167, 168, 169, -1,
      169, 168, 170, -1,
      169, 170, 171, -1,
      171, 170, 172, -1,
      171, 172, 173, -1,
      173, 172, 174, -1,
      173, 174, 175, -1,
      175, 174, 176, -1,
      175, 176, 177, -1,
      177, 176, 178, -1,
      177, 178, 179, -1,
      179, 178, 180, -1,
      179, 180, 181, -1,
      181, 180, 182, -1,
      181, 182, 183, -1,
      183, 182, 184, -1,
      183, 184, 185, -1,
      185, 184, 186, -1,
      185, 186, 187, -1,
      187, 186, 188, -1,
      187, 188, 189, -1,
      189, 188, 155, -1,
      189, 155, 157, -1,
      163, 165, 8, -1,
      8, 165, 10, -1,
      16, 157, 159, -1,
      163, 8, 7, -1,
      163, 7, 161, -1,
      161, 7, 18, -1,
      161, 18, 159, -1,
      159, 18, 17, -1,
      159, 17, 16, -1,
      157, 16, 13, -1,
      157, 13, 189, -1,
      189, 13, 12, -1,
      189, 12, 187, -1,
      187, 12, 25, -1,
      187, 25, 185, -1,
      185, 25, 24, -1,
      185, 24, 183, -1,
      183, 24, 23, -1,
      183, 23, 181, -1,
      181, 23, 15, -1,
      181, 15, 179, -1,
      179, 15, 14, -1,
      179, 14, 177, -1,
      177, 14, 19, -1,
      177, 19, 175, -1,
      9, 169, 171, -1,
      175, 19, 22, -1,
      175, 22, 173, -1,
      173, 22, 21, -1,
      173, 21, 171, -1,
      171, 21, 20, -1,
      171, 20, 9, -1,
      167, 169, 11, -1,
      11, 169, 9, -1,
      165, 167, 10, -1,
      10, 167, 11, -1,
      170, 168, 190, -1,
      190, 168, 191, -1,
      168, 166, 191, -1,
      191, 166, 192, -1,
      166, 164, 192, -1,
      192, 164, 193, -1,
      156, 194, 195, -1,
      156, 195, 158, -1,
      158, 195, 196, -1,
      158, 196, 160, -1,
      160, 196, 197, -1,
      160, 197, 162, -1,
      162, 197, 193, -1,
      162, 193, 164, -1,
      184, 198, 199, -1,
      184, 199, 186, -1,
      186, 199, 200, -1,
      186, 200, 188, -1,
      188, 200, 201, -1,
      188, 201, 155, -1,
      155, 201, 194, -1,
      155, 194, 156, -1,
      176, 202, 203, -1,
      176, 203, 178, -1,
      178, 203, 204, -1,
      178, 204, 180, -1,
      180, 204, 205, -1,
      180, 205, 182, -1,
      182, 205, 198, -1,
      182, 198, 184, -1,
      170, 190, 206, -1,
      170, 206, 172, -1,
      172, 206, 207, -1,
      172, 207, 174, -1,
      174, 207, 202, -1,
      174, 202, 176, -1,
    ]
  }
}

Shape {
  appearance Appearance {
    material Material {
      diffuseColor 0.2510 0.2510 0.2510
      specularColor 0.2196 0.2196 0.2196
      ambientIntensity 0.2
      transparency 0.0000
      shininess 0.5
    }
  }
  geometry IndexedFaceSet {
    ccw TRUE
    solid FALSE
    coord DEF co Coordinate {
      point [
        3.000000 -0.615951 0.632363,
        3.000000 -0.632079 0.632363,
        3.000000 -0.632079 0.550056,
        3.000000 -0.616578 0.550056,
        3.000000 -0.584840 0.561190,
        3.000000 -0.586037 0.560072,
        3.000000 -0.592910 0.555276,
        3.000000 -0.601705 0.551844,
        3.000000 -0.573432 0.592246,
        3.000000 -0.573939 0.584216,
        3.000000 -0.576198 0.574716,
        3.000000 -0.580052 0.566960,
        3.000000 -0.585140 0.622320,
        3.000000 -0.582203 0.619432,
        3.000000 -0.578056 0.613459,
        3.000000 -0.575036 0.605684,
        3.000000 -0.602233 0.630853,
        3.000000 -0.592968 0.627518,
      ]
    }
    coordIndex [
      5, 4, 0, -1,
      1, 2, 0, -1,
      0, 2, 3, -1,
      3, 7, 0, -1,
      0, 7, 6, -1,
      0, 6, 5, -1,
      4, 11, 0, -1,
      0, 11, 10, -1,
      0, 10, 9, -1,
      9, 8, 0, -1,
      0, 8, 15, -1,
      0, 15, 14, -1,
      14, 13, 0, -1,
      0, 13, 12, -1,
      0, 12, 16, -1,
      16, 12, 17, -1,
    ]
  }
}

Shape {
  appearance Appearance {
    material Material {
      diffuseColor 1.0000 1.0000 1.0000
      specularColor 0.5020 0.5020 0.5020
      ambientIntensity 0.2
      transparency 0.0000
      shininess 0.5
    }
  }
  geometry IndexedFaceSet {
    ccw TRUE
    solid FALSE
    coord DEF co Coordinate {
      point [
        3.000000 -0.483074 0.567085,
        3.000000 -0.522250 0.567085,
        3.000000 -0.472186 0.537884,
        3.000000 -0.456958 0.537884,
        3.000000 -0.497620 0.644644,
        3.000000 -0.527530 0.567085,
        3.000000 -0.537791 0.537884,
        3.000000 -0.553019 0.537884,
        3.000000 -0.522250 0.618670,
        3.000000 -0.512357 0.644644,
        3.000394 -0.523164 0.579147,
        3.000394 -0.527530 0.567085,
        3.000394 -0.487332 0.579147,
        3.000394 -0.483074 0.567085,
        3.000394 -0.507199 0.623521,
        3.000394 -0.512357 0.644644,
        3.000394 -0.553019 0.537884,
        3.000394 -0.537791 0.537884,
        3.000394 -0.506274 0.626707,
        3.000394 -0.505452 0.630999,
        3.000394 -0.497620 0.644644,
        3.000394 -0.505125 0.630999,
        3.000394 -0.504262 0.626482,
        3.000394 -0.503460 0.623521,
        3.000394 -0.456958 0.537884,
        3.000394 -0.472186 0.537884,
        3.000000 -0.523164 0.579147,
        3.000000 -0.487332 0.579147,
        3.000000 -0.503460 0.623521,
        3.000000 -0.505125 0.630999,
        3.000000 -0.504262 0.626482,
        3.000000 -0.505452 0.630999,
        3.000000 -0.507199 0.623521,
        3.000000 -0.506274 0.626707,
      ]
    }
    coordIndex [
      10, 11, 12, -1,
      12, 11, 13, -1,
      14, 15, 10, -1,
      10, 15, 16, -1,
      10, 16, 11, -1,
      11, 16, 17, -1,
      14, 18, 15, -1,
      15, 18, 19, -1,
      15, 19, 20, -1,
      20, 19, 21, -1,
      20, 21, 22, -1,
      22, 23, 20, -1,
      20, 23, 12, -1,
      20, 12, 24, -1,
      24, 12, 13, -1,
      24, 13, 25, -1,
      20, 24, 4, -1,
      4, 24, 3, -1,
      15, 20, 9, -1,
      9, 20, 4, -1,
      7, 16, 8, -1,
      8, 16, 15, -1,
      8, 15, 9, -1,
      17, 16, 6, -1,
      6, 16, 7, -1,
      11, 17, 5, -1,
      5, 17, 6, -1,
      0, 13, 1, -1,
      1, 13, 11, -1,
      1, 11, 5, -1,
      25, 13, 2, -1,
      2, 13, 0, -1,
      24, 25, 3, -1,
      3, 25, 2, -1,
      10, 12, 26, -1,
      26, 12, 27, -1,
      12, 23, 27, -1,
      27, 23, 28, -1,
      21, 29, 30, -1,
      21, 30, 22, -1,
      22, 30, 28, -1,
      22, 28, 23, -1,
      21, 19, 29, -1,
      29, 19, 31, -1,
      14, 32, 33, -1,
      14, 33, 18, -1,
      18, 33, 31, -1,
      18, 31, 19, -1,
      14, 10, 32, -1,
      32, 10, 26, -1,
    ]
  }
}

Shape {
  appearance Appearance {
    material Material {
      diffuseColor 0.2510 0.2510 0.2510
      specularColor 0.2196 0.2196 0.2196
      ambientIntensity 0.2
      transparency 0.0000
      shininess 0.5
    }
  }
  geometry IndexedFaceSet {
    ccw TRUE
    solid FALSE
    coord DEF co Coordinate {
      point [
        3.000000 -0.523164 0.579147,
        3.000000 -0.487332 0.579147,
        3.000000 -0.503460 0.623521,
        3.000000 -0.505125 0.630999,
        3.000000 -0.504262 0.626482,
        3.000000 -0.505452 0.630999,
        3.000000 -0.507199 0.623521,
        3.000000 -0.506274 0.626707,
      ]
    }
    coordIndex [
      3, 5, 4, -1,
      4, 5, 7, -1,
      4, 7, 2, -1,
      2, 7, 6, -1,
      2, 6, 1, -1,
      1, 6, 0, -1,
    ]
  }
}

Shape {
  appearance Appearance {
    material Material {
      diffuseColor 1.0000 1.0000 1.0000
      specularColor 0.5020 0.5020 0.5020
      ambientIntensity 0.2
      transparency 0.0000
      shininess 0.5
    }
  }
  geometry IndexedFaceSet {
    ccw TRUE
    solid FALSE
    coord DEF co Coordinate {
      point [
        3.000000 -0.798773 0.367620,
        3.000000 -0.810221 0.404377,
        3.000000 -0.807746 0.426431,
        3.000000 -0.812976 0.400030,
        3.000000 -0.814589 0.395128,
        3.000000 -0.778199 0.435176,
        3.000000 -0.782748 0.435655,
        3.000000 -0.789898 0.413823,
        3.000000 -0.753930 0.417589,
        3.000000 -0.753930 0.368521,
        3.000000 -0.774464 0.372177,
        3.000000 -0.778511 0.369539,
        3.000000 -0.767302 0.368521,
        3.000000 -0.783672 0.367620,
        3.000000 -0.806314 0.407991,
        3.000000 -0.800943 0.410957,
        3.000000 -0.798522 0.432230,
        3.000000 -0.790146 0.434944,
        3.000000 -0.799017 0.367649,
        3.000000 -0.804144 0.369582,
        3.000000 -0.808647 0.372724,
        3.000000 -0.807746 0.439421,
        3.000000 -0.815196 0.388934,
        3.000000 -0.814383 0.382248,
        3.000000 -0.767302 0.380311,
        3.000000 -0.767657 0.380311,
        3.000000 -0.770183 0.376558,
        3.000000 -0.809806 0.373869,
        3.000000 -0.812663 0.377851,
        3.000000 -0.755234 0.428815,
        3.000000 -0.767302 0.416989,
        3.000000 -0.767763 0.422875,
        3.000000 -0.769143 0.427647,
        3.000000 -0.770712 0.430405,
        3.000000 -0.805011 0.441007,
        3.000000 -0.795072 0.444865,
        3.000000 -0.781493 0.446517,
        3.000000 -0.772731 0.432558,
        3.000000 -0.775103 0.434090,
        3.000000 -0.762662 0.440997,
        3.000000 -0.766915 0.443676,
        3.000000 -0.772274 0.445537,
        3.000000 -0.757433 0.434550,
        3.000000 -0.760260 0.438681,
        3.000000 -0.783894 0.367538,
        3.000000 -0.791017 0.366720,
        3.000000 -0.827996 0.368521,
        3.000000 -0.885414 0.368521,
        3.000000 -0.827996 0.380693,
        3.000000 -0.830424 0.463000,
        3.000000 -0.871633 0.416607,
        3.000000 -0.871633 0.380693,
        3.000000 -0.833454 0.416607,
        3.000000 -0.833454 0.428833,
        3.000000 -0.871633 0.428833,
        3.000000 -0.871633 0.463000,
        3.000000 -0.885414 0.475281,
        3.000000 -0.830424 0.475281,
        3.000394 -0.827996 0.380693,
        3.000394 -0.827996 0.368521,
        3.000394 -0.871633 0.380693,
        3.000394 -0.871633 0.416607,
        3.000394 -0.833454 0.416607,
        3.000394 -0.833454 0.428833,
        3.000394 -0.871633 0.428833,
        3.000394 -0.871633 0.463000,
        3.000394 -0.830424 0.463000,
        3.000394 -0.830424 0.475281,
        3.000394 -0.885414 0.475281,
        3.000394 -0.885414 0.368521,
        3.000394 -0.767657 0.380311,
        3.000394 -0.767302 0.380311,
        3.000394 -0.768176 0.392615,
        3.000394 -0.796671 0.400814,
        3.000394 -0.793726 0.402318,
        3.000394 -0.800943 0.410957,
        3.000394 -0.767315 0.398581,
        3.000394 -0.753930 0.417589,
        3.000394 -0.767302 0.399468,
        3.000394 -0.767302 0.406782,
        3.000394 -0.767302 0.368521,
        3.000394 -0.753930 0.368521,
        3.000394 -0.772274 0.445537,
        3.000394 -0.775103 0.434090,
        3.000394 -0.766915 0.443676,
        3.000394 -0.772731 0.432558,
        3.000394 -0.770137 0.387844,
        3.000394 -0.773033 0.383913,
        3.000394 -0.770183 0.376558,
        3.000394 -0.774706 0.382278,
        3.000394 -0.774464 0.372177,
        3.000394 -0.778485 0.379726,
        3.000394 -0.778511 0.369539,
        3.000394 -0.782541 0.378252,
        3.000394 -0.783894 0.367538,
        3.000394 -0.787552 0.377691,
        3.000394 -0.791017 0.366720,
        3.000394 -0.792068 0.378200,
        3.000394 -0.799017 0.367649,
        3.000394 -0.795093 0.379309,
        3.000394 -0.804144 0.369582,
        3.000394 -0.797758 0.381129,
        3.000394 -0.808647 0.372724,
        3.000394 -0.798895 0.382272,
        3.000394 -0.789898 0.413823,
        3.000394 -0.785150 0.404381,
        3.000394 -0.767302 0.416989,
        3.000394 -0.807746 0.439421,
        3.000394 -0.807746 0.426431,
        3.000394 -0.805011 0.441007,
        3.000394 -0.798522 0.432230,
        3.000394 -0.795072 0.444865,
        3.000394 -0.790146 0.434944,
        3.000394 -0.781493 0.446517,
        3.000394 -0.782748 0.435655,
        3.000394 -0.778199 0.435176,
        3.000394 -0.767763 0.422875,
        3.000394 -0.755234 0.428815,
        3.000394 -0.769143 0.427647,
        3.000394 -0.757433 0.434550,
        3.000394 -0.770712 0.430405,
        3.000394 -0.760260 0.438681,
        3.000394 -0.762662 0.440997,
        3.000394 -0.798086 0.399687,
        3.000394 -0.806314 0.407991,
        3.000394 -0.799686 0.397705,
        3.000394 -0.810221 0.404377,
        3.000394 -0.800860 0.395211,
        3.000394 -0.812976 0.400030,
        3.000394 -0.801520 0.392148,
        3.000394 -0.814589 0.395128,
        3.000394 -0.801633 0.390026,
        3.000394 -0.815196 0.388934,
        3.000394 -0.801294 0.386956,
        3.000394 -0.814383 0.382248,
        3.000394 -0.800415 0.384526,
        3.000394 -0.812663 0.377851,
        3.000394 -0.809806 0.373869,
        3.000000 -0.798086 0.399687,
        3.000000 -0.796671 0.400814,
        3.000000 -0.793726 0.402318,
        3.000000 -0.785150 0.404381,
        3.000000 -0.801633 0.390026,
        3.000000 -0.801520 0.392148,
        3.000000 -0.800860 0.395211,
        3.000000 -0.799686 0.397705,
        3.000000 -0.797758 0.381129,
        3.000000 -0.798895 0.382272,
        3.000000 -0.800415 0.384526,
        3.000000 -0.801294 0.386956,
        3.000000 -0.787552 0.377691,
        3.000000 -0.792068 0.378200,
        3.000000 -0.795093 0.379309,
        3.000000 -0.773033 0.383913,
        3.000000 -0.774706 0.382278,
        3.000000 -0.778485 0.379726,
        3.000000 -0.782541 0.378252,
        3.000000 -0.767302 0.399468,
        3.000000 -0.767315 0.398581,
        3.000000 -0.768176 0.392615,
        3.000000 -0.770137 0.387844,
        3.000000 -0.767302 0.406782,
      ]
    }
    coordIndex [
      58, 59, 48, -1,
      48, 59, 46, -1,
      60, 58, 51, -1,
      51, 58, 48, -1,
      61, 60, 50, -1,
      50, 60, 51, -1,
      62, 61, 52, -1,
      52, 61, 50, -1,
      63, 62, 53, -1,
      53, 62, 52, -1,
      64, 63, 54, -1,
      54, 63, 53, -1,
      65, 64, 55, -1,
      55, 64, 54, -1,
      66, 65, 49, -1,
      49, 65, 55, -1,
      67, 66, 57, -1,
      57, 66, 49, -1,
      68, 67, 56, -1,
      56, 67, 57, -1,
      69, 68, 47, -1,
      47, 68, 56, -1,
      59, 69, 46, -1,
      46, 69, 47, -1,
      69, 59, 58, -1,
      58, 60, 69, -1,
      69, 60, 61, -1,
      69, 61, 68, -1,
      66, 67, 65, -1,
      65, 67, 68, -1,
      65, 68, 64, -1,
      64, 68, 61, -1,
      64, 61, 63, -1,
      63, 61, 62, -1,
      70, 71, 72, -1,
      73, 74, 75, -1,
      76, 77, 78, -1,
      78, 77, 79, -1,
      80, 81, 71, -1,
      71, 81, 77, -1,
      71, 77, 72, -1,
      72, 77, 76, -1,
      82, 83, 84, -1,
      84, 83, 85, -1,
      72, 86, 70, -1,
      70, 86, 87, -1,
      70, 87, 88, -1,
      88, 87, 89, -1,
      88, 89, 90, -1,
      90, 89, 91, -1,
      90, 91, 92, -1,
      92, 91, 93, -1,
      92, 93, 94, -1,
      94, 93, 95, -1,
      94, 95, 96, -1,
      96, 95, 97, -1,
      96, 97, 98, -1,
      98, 97, 99, -1,
      98, 99, 100, -1,
      100, 99, 101, -1,
      100, 101, 102, -1,
      102, 101, 103, -1,
      75, 74, 104, -1,
      104, 74, 105, -1,
      104, 105, 106, -1,
      107, 108, 109, -1,
      109, 108, 110, -1,
      109, 110, 111, -1,
      111, 110, 112, -1,
      111, 112, 113, -1,
      113, 112, 114, -1,
      113, 114, 82, -1,
      82, 114, 115, -1,
      82, 115, 83, -1,
      105, 79, 106, -1,
      106, 79, 77, -1,
      106, 77, 116, -1,
      116, 77, 117, -1,
      116, 117, 118, -1,
      118, 117, 119, -1,
      118, 119, 120, -1,
      120, 119, 121, -1,
      120, 121, 85, -1,
      85, 121, 122, -1,
      85, 122, 84, -1,
      73, 75, 123, -1,
      123, 75, 124, -1,
      123, 124, 125, -1,
      125, 124, 126, -1,
      125, 126, 127, -1,
      127, 126, 128, -1,
      127, 128, 129, -1,
      129, 128, 130, -1,
      129, 130, 131, -1,
      131, 130, 132, -1,
      131, 132, 133, -1,
      133, 132, 134, -1,
      133, 134, 135, -1,
      135, 134, 136, -1,
      135, 136, 103, -1,
      103, 136, 137, -1,
      103, 137, 102, -1,
      113, 36, 35, -1,
      113, 35, 111, -1,
      111, 35, 34, -1,
      111, 34, 109, -1,
      109, 34, 21, -1,
      109, 21, 107, -1,
      108, 107, 2, -1,
      2, 107, 21, -1,
      108, 2, 16, -1,
      108, 16, 110, -1,
      110, 16, 17, -1,
      110, 17, 112, -1,
      112, 17, 6, -1,
      112, 6, 114, -1,
      114, 6, 5, -1,
      114, 5, 115, -1,
      115, 5, 38, -1,
      115, 38, 83, -1,
      83, 38, 37, -1,
      83, 37, 85, -1,
      85, 37, 33, -1,
      85, 33, 120, -1,
      120, 33, 32, -1,
      120, 32, 118, -1,
      118, 32, 31, -1,
      118, 31, 116, -1,
      116, 31, 30, -1,
      116, 30, 106, -1,
      104, 106, 7, -1,
      7, 106, 30, -1,
      104, 7, 15, -1,
      104, 15, 75, -1,
      75, 15, 14, -1,
      75, 14, 124, -1,
      124, 14, 1, -1,
      124, 1, 126, -1,
      126, 1, 3, -1,
      126, 3, 128, -1,
      128, 3, 4, -1,
      128, 4, 130, -1,
      130, 4, 22, -1,
      130, 22, 132, -1,
      132, 22, 23, -1,
      132, 23, 134, -1,
      134, 23, 28, -1,
      134, 28, 136, -1,
      136, 28, 27, -1,
      136, 27, 137, -1,
      137, 27, 20, -1,
      137, 20, 102, -1,
      45, 96, 0, -1,
      0, 96, 98, -1,
      0, 98, 18, -1,
      18, 98, 100, -1,
      18, 100, 19, -1,
      19, 100, 102, -1,
      19, 102, 20, -1,
      96, 45, 44, -1,
      96, 44, 94, -1,
      94, 44, 13, -1,
      94, 13, 92, -1,
      13, 11, 92, -1,
      92, 11, 10, -1,
      92, 10, 90, -1,
      90, 10, 26, -1,
      90, 26, 88, -1,
      88, 26, 25, -1,
      88, 25, 70, -1,
      71, 70, 24, -1,
      24, 70, 25, -1,
      80, 71, 12, -1,
      12, 71, 24, -1,
      81, 80, 9, -1,
      9, 80, 12, -1,
      77, 81, 8, -1,
      8, 81, 9, -1,
      77, 8, 29, -1,
      77, 29, 117, -1,
      117, 29, 42, -1,
      117, 42, 119, -1,
      119, 42, 43, -1,
      119, 43, 121, -1,
      121, 43, 39, -1,
      121, 39, 122, -1,
      122, 39, 40, -1,
      122, 40, 84, -1,
      84, 40, 41, -1,
      84, 41, 82, -1,
      82, 41, 36, -1,
      82, 36, 113, -1,
      123, 138, 139, -1,
      123, 139, 73, -1,
      73, 139, 140, -1,
      73, 140, 74, -1,
      74, 140, 141, -1,
      74, 141, 105, -1,
      131, 142, 143, -1,
      131, 143, 129, -1,
      129, 143, 144, -1,
      129, 144, 127, -1,
      127, 144, 145, -1,
      127, 145, 125, -1,
      125, 145, 138, -1,
      125, 138, 123, -1,
      101, 146, 147, -1,
      101, 147, 103, -1,
      103, 147, 148, -1,
      103, 148, 135, -1,
      135, 148, 149, -1,
      135, 149, 133, -1,
      133, 149, 142, -1,
      133, 142, 131, -1,
      95, 150, 151, -1,
      95, 151, 97, -1,
      97, 151, 152, -1,
      97, 152, 99, -1,
      99, 152, 146, -1,
      99, 146, 101, -1,
      87, 153, 154, -1,
      87, 154, 89, -1,
      89, 154, 155, -1,
      89, 155, 91, -1,
      91, 155, 156, -1,
      91, 156, 93, -1,
      93, 156, 150, -1,
      93, 150, 95, -1,
      78, 157, 158, -1,
      78, 158, 76, -1,
      76, 158, 159, -1,
      76, 159, 72, -1,
      72, 159, 160, -1,
      72, 160, 86, -1,
      86, 160, 153, -1,
      86, 153, 87, -1,
      78, 79, 157, -1,
      157, 79, 161, -1,
      79, 105, 161, -1,
      161, 105, 141, -1,
    ]
  }
}

Shape {
  appearance Appearance {
    material Material {
      diffuseColor 0.2510 0.2510 0.2510
      specularColor 0.2196 0.2196 0.2196
      ambientIntensity 0.2
      transparency 0.0000
      shininess 0.5
    }
  }
  geometry IndexedFaceSet {
    ccw TRUE
    solid FALSE
    coord DEF co Coordinate {
      point [
        3.000000 -0.798086 0.399687,
        3.000000 -0.796671 0.400814,
        3.000000 -0.793726 0.402318,
        3.000000 -0.785150 0.404381,
        3.000000 -0.801633 0.390026,
        3.000000 -0.801520 0.392148,
        3.000000 -0.800860 0.395211,
        3.000000 -0.799686 0.397705,
        3.000000 -0.797758 0.381129,
        3.000000 -0.798895 0.382272,
        3.000000 -0.800415 0.384526,
        3.000000 -0.801294 0.386956,
        3.000000 -0.787552 0.377691,
        3.000000 -0.792068 0.378200,
        3.000000 -0.795093 0.379309,
        3.000000 -0.773033 0.383913,
        3.000000 -0.774706 0.382278,
        3.000000 -0.778485 0.379726,
        3.000000 -0.782541 0.378252,
        3.000000 -0.767302 0.399468,
        3.000000 -0.767315 0.398581,
        3.000000 -0.768176 0.392615,
        3.000000 -0.770137 0.387844,
        3.000000 -0.767302 0.406782,
      ]
    }
    coordIndex [
      20, 19, 0, -1,
      19, 23, 3, -1,
      3, 2, 19, -1,
      19, 2, 1, -1,
      19, 1, 0, -1,
      20, 0, 21, -1,
      21, 0, 7, -1,
      21, 7, 22, -1,
      9, 8, 16, -1,
      9, 16, 10, -1,
      17, 16, 18, -1,
      18, 16, 12, -1,
      7, 6, 22, -1,
      22, 6, 5, -1,
      22, 5, 15, -1,
      15, 5, 4, -1,
      15, 4, 16, -1,
      16, 4, 11, -1,
      16, 11, 10, -1,
      8, 14, 16, -1,
      16, 14, 13, -1,
      16, 13, 12, -1,
    ]
  }
}

Shape {
  appearance Appearance {
    material Material {
      diffuseColor 1.0000 1.0000 1.0000
      specularColor 0.5020 0.5020 0.5020
      ambientIntensity 0.2
      transparency 0.0000
      shininess 0.5
    }
  }
  geometry IndexedFaceSet {
    ccw TRUE
    solid FALSE
    coord DEF co Coordinate {
      point [
        3.000000 -0.703057 0.368152,
        3.000000 -0.707533 0.367620,
        3.000000 -0.726402 0.367892,
        3.000000 -0.729628 0.369025,
        3.000000 -0.575970 0.463000,
        3.000000 -0.575970 0.428833,
        3.000000 -0.555980 0.428833,
        3.000000 -0.532333 0.380693,
        3.000000 -0.532333 0.368521,
        3.000000 -0.534762 0.463000,
        3.000000 -0.534762 0.475281,
        3.000000 -0.575970 0.380693,
        3.000000 -0.555980 0.380693,
        3.000000 -0.575970 0.416607,
        3.000000 -0.555980 0.416607,
        3.000000 -0.537791 0.416607,
        3.000000 -0.537791 0.428833,
        3.000000 -0.555980 0.463000,
        3.000000 -0.555980 0.368521,
        3.000000 -0.589752 0.368521,
        3.000000 -0.589752 0.475281,
        3.000000 -0.735809 0.385004,
        3.000000 -0.735809 0.371196,
        3.000000 -0.729922 0.381436,
        3.000000 -0.729628 0.381332,
        3.000000 -0.729628 0.409765,
        3.000000 -0.735149 0.418985,
        3.000000 -0.735728 0.424193,
        3.000000 -0.729746 0.409843,
        3.000000 -0.731934 0.412131,
        3.000000 -0.733671 0.414905,
        3.000000 -0.731139 0.436876,
        3.000000 -0.735204 0.428955,
        3.000000 -0.733617 0.433261,
        3.000000 -0.723791 0.367620,
        3.000000 -0.715123 0.366720,
        3.000000 -0.687970 0.443133,
        3.000000 -0.687970 0.430143,
        3.000000 -0.729628 0.438235,
        3.000000 -0.727158 0.440458,
        3.000000 -0.723863 0.442482,
        3.000000 -0.684947 0.383896,
        3.000000 -0.686587 0.379657,
        3.000000 -0.689078 0.376130,
        3.000000 -0.716694 0.445243,
        3.000000 -0.706036 0.446517,
        3.000000 -0.696655 0.445684,
        3.000000 -0.688788 0.401870,
        3.000000 -0.686296 0.398193,
        3.000000 -0.684867 0.394252,
        3.000000 -0.684313 0.389262,
        3.000000 -0.692909 0.372778,
        3.000000 -0.696021 0.370865,
        3.000000 -0.707346 0.435655,
        3.000000 -0.711304 0.435358,
        3.000000 -0.721946 0.425394,
        3.000000 -0.714881 0.434411,
        3.000000 -0.717880 0.432817,
        3.000000 -0.721824 0.423615,
        3.000000 -0.721293 0.421538,
        3.000000 -0.720330 0.419734,
        3.000000 -0.719026 0.418298,
        3.000000 -0.714311 0.415351,
        3.000000 -0.699341 0.434833,
        3.000000 -0.706036 0.411749,
        3.000000 -0.691724 0.432238,
        3.000000 -0.700858 0.409654,
        3.000000 -0.691977 0.404715,
        3.000000 -0.719897 0.431034,
        3.000000 -0.721044 0.429332,
        3.000000 -0.721704 0.427527,
        3.000000 -0.721504 0.378457,
        3.000000 -0.715478 0.402033,
        3.000000 -0.723449 0.405687,
        3.000000 -0.713813 0.377636,
        3.000000 -0.713223 0.377640,
        3.000000 -0.706698 0.398356,
        3.000000 -0.706368 0.378408,
        3.000000 -0.698040 0.387952,
        3.000000 -0.698170 0.389615,
        3.000000 -0.702917 0.379671,
        3.000000 -0.701698 0.380411,
        3.000000 -0.700164 0.381773,
        3.000000 -0.698996 0.383499,
        3.000000 -0.698317 0.385401,
        3.000000 -0.698778 0.391703,
        3.000000 -0.699812 0.393476,
        3.000000 -0.701478 0.395211,
        3.000000 -0.482802 0.368521,
        3.000000 -0.512166 0.368521,
        3.000000 -0.425566 0.416475,
        3.000000 -0.428151 0.403974,
        3.000000 -0.512166 0.475281,
        3.000000 -0.433406 0.392931,
        3.000000 -0.441348 0.383476,
        3.000000 -0.452450 0.375507,
        3.000000 -0.425246 0.423265,
        3.000000 -0.427038 0.438024,
        3.000000 -0.441348 0.461144,
        3.000000 -0.437613 0.457495,
        3.000000 -0.430996 0.448196,
        3.000000 -0.481710 0.475281,
        3.000000 -0.465410 0.473481,
        3.000000 -0.452526 0.468774,
        3.000000 -0.464608 0.370744,
        3.000000 -0.618025 0.444770,
        3.000000 -0.604161 0.444770,
        3.000000 -0.555980 0.475281,
        3.000000 -0.634580 0.367620,
        3.000000 -0.642477 0.387461,
        3.000000 -0.640839 0.381184,
        3.000000 -0.640485 0.381184,
        3.000000 -0.655944 0.426204,
        3.000000 -0.638847 0.387352,
        3.000000 -0.639870 0.383797,
        3.000000 -0.655944 0.390309,
        3.000000 -0.677354 0.444770,
        3.000000 -0.662398 0.444770,
        3.000000 -0.647444 0.368685,
        3.000000 -0.647894 0.367620,
        3.000000 -0.653311 0.354821,
        3.000000 -0.674597 0.333699,
        3.000000 -0.674597 0.345597,
        3.000000 -0.658498 0.347160,
        3.000000 -0.656006 0.349911,
        3.000000 -0.655944 0.350024,
        3.000000 -0.671862 0.344701,
        3.000000 -0.667011 0.344069,
        3.000000 -0.655944 0.334991,
        3.000000 -0.660570 0.333229,
        3.000000 -0.665974 0.332607,
        3.000000 -0.668926 0.332713,
        3.000000 -0.663498 0.344504,
        3.000000 -0.660601 0.345675,
        3.000000 -0.638765 0.357005,
        3.000000 -0.644823 0.345209,
        3.000000 -0.649717 0.339335,
        3.000000 -0.650622 0.338504,
        3.000000 -0.655293 0.335239,
        3.000394 -0.713813 0.377636,
        3.000394 -0.729922 0.381436,
        3.000394 -0.721504 0.378457,
        3.000394 -0.735809 0.385004,
        3.000394 -0.735809 0.371196,
        3.000394 -0.726402 0.367892,
        3.000394 -0.715123 0.366720,
        3.000394 -0.703057 0.368152,
        3.000394 -0.696021 0.370865,
        3.000394 -0.692909 0.372778,
        3.000394 -0.689078 0.376130,
        3.000394 -0.686587 0.379657,
        3.000394 -0.684947 0.383896,
        3.000394 -0.684313 0.389262,
        3.000394 -0.684867 0.394252,
        3.000394 -0.686296 0.398193,
        3.000394 -0.688788 0.401870,
        3.000394 -0.691977 0.404715,
        3.000394 -0.700858 0.409654,
        3.000394 -0.706036 0.411749,
        3.000394 -0.714311 0.415351,
        3.000394 -0.719026 0.418298,
        3.000394 -0.720330 0.419734,
        3.000394 -0.721293 0.421538,
        3.000394 -0.721824 0.423615,
        3.000394 -0.721946 0.425394,
        3.000394 -0.721704 0.427527,
        3.000394 -0.721044 0.429332,
        3.000394 -0.719897 0.431034,
        3.000394 -0.717880 0.432817,
        3.000394 -0.714881 0.434411,
        3.000394 -0.711304 0.435358,
        3.000394 -0.707346 0.435655,
        3.000394 -0.699341 0.434833,
        3.000394 -0.691724 0.432238,
        3.000394 -0.687970 0.430143,
        3.000394 -0.687970 0.443133,
        3.000394 -0.696655 0.445684,
        3.000394 -0.706036 0.446517,
        3.000394 -0.716694 0.445243,
        3.000394 -0.723863 0.442482,
        3.000394 -0.727158 0.440458,
        3.000394 -0.731139 0.436876,
        3.000394 -0.733617 0.433261,
        3.000394 -0.735204 0.428955,
        3.000394 -0.735728 0.424193,
        3.000394 -0.735149 0.418985,
        3.000394 -0.733671 0.414905,
        3.000394 -0.731934 0.412131,
        3.000394 -0.715478 0.402033,
        3.000394 -0.723449 0.405687,
        3.000394 -0.729746 0.409843,
        3.000394 -0.706698 0.398356,
        3.000394 -0.701478 0.395211,
        3.000394 -0.699812 0.393476,
        3.000394 -0.698778 0.391703,
        3.000394 -0.698170 0.389615,
        3.000394 -0.698040 0.387952,
        3.000394 -0.698317 0.385401,
        3.000394 -0.698996 0.383499,
        3.000394 -0.700164 0.381773,
        3.000394 -0.701698 0.380411,
        3.000394 -0.702917 0.379671,
        3.000394 -0.706368 0.378408,
        3.000394 -0.713223 0.377640,
        3.000394 -0.618025 0.444770,
        3.000394 -0.604161 0.444770,
        3.000394 -0.638847 0.387352,
        3.000394 -0.639870 0.383797,
        3.000394 -0.640485 0.381184,
        3.000394 -0.640839 0.381184,
        3.000394 -0.642477 0.387461,
        3.000394 -0.662398 0.444770,
        3.000394 -0.677354 0.444770,
        3.000394 -0.647444 0.368685,
        3.000394 -0.653311 0.354821,
        3.000394 -0.656006 0.349911,
        3.000394 -0.658498 0.347160,
        3.000394 -0.660601 0.345675,
        3.000394 -0.663498 0.344504,
        3.000394 -0.667011 0.344069,
        3.000394 -0.671862 0.344701,
        3.000394 -0.674597 0.345597,
        3.000394 -0.674597 0.333699,
        3.000394 -0.668926 0.332713,
        3.000394 -0.665974 0.332607,
        3.000394 -0.655293 0.335239,
        3.000394 -0.660570 0.333229,
        3.000394 -0.650622 0.338504,
        3.000394 -0.649717 0.339335,
        3.000394 -0.644823 0.345209,
        3.000394 -0.638765 0.357005,
        3.000394 -0.532333 0.380693,
        3.000394 -0.532333 0.368521,
        3.000394 -0.575970 0.380693,
        3.000394 -0.575970 0.416607,
        3.000394 -0.537791 0.416607,
        3.000394 -0.537791 0.428833,
        3.000394 -0.575970 0.428833,
        3.000394 -0.575970 0.463000,
        3.000394 -0.534762 0.463000,
        3.000394 -0.534762 0.475281,
        3.000394 -0.589752 0.475281,
        3.000394 -0.589752 0.368521,
        3.000394 -0.446357 0.397597,
        3.000394 -0.451145 0.391827,
        3.000394 -0.441348 0.383476,
        3.000394 -0.452342 0.390709,
        3.000394 -0.452450 0.375507,
        3.000394 -0.459215 0.385913,
        3.000394 -0.464608 0.370744,
        3.000394 -0.468010 0.382481,
        3.000394 -0.482802 0.368521,
        3.000394 -0.482883 0.380693,
        3.000394 -0.512166 0.368521,
        3.000394 -0.498384 0.380693,
        3.000394 -0.512166 0.475281,
        3.000394 -0.498384 0.463000,
        3.000394 -0.481710 0.475281,
        3.000394 -0.482256 0.463000,
        3.000394 -0.465410 0.473481,
        3.000394 -0.468539 0.461490,
        3.000394 -0.452526 0.468774,
        3.000394 -0.459273 0.458154,
        3.000394 -0.441348 0.461144,
        3.000394 -0.451445 0.452957,
        3.000394 -0.437613 0.457495,
        3.000394 -0.448508 0.450069,
        3.000394 -0.430996 0.448196,
        3.000394 -0.444361 0.444096,
        3.000394 -0.427038 0.438024,
        3.000394 -0.441341 0.436321,
        3.000394 -0.425246 0.423265,
        3.000394 -0.439737 0.422883,
        3.000394 -0.425566 0.416475,
        3.000394 -0.440244 0.414853,
        3.000394 -0.428151 0.403974,
        3.000394 -0.442503 0.405353,
        3.000394 -0.433406 0.392931,
        3.000000 -0.482256 0.463000,
        3.000000 -0.498384 0.463000,
        3.000000 -0.498384 0.380693,
        3.000000 -0.482883 0.380693,
        3.000000 -0.451145 0.391827,
        3.000000 -0.452342 0.390709,
        3.000000 -0.459215 0.385913,
        3.000000 -0.468010 0.382481,
        3.000000 -0.439737 0.422883,
        3.000000 -0.440244 0.414853,
        3.000000 -0.442503 0.405353,
        3.000000 -0.446357 0.397597,
        3.000000 -0.451445 0.452957,
        3.000000 -0.448508 0.450069,
        3.000000 -0.444361 0.444096,
        3.000000 -0.441341 0.436321,
        3.000000 -0.468539 0.461490,
        3.000000 -0.459273 0.458154,
      ]
    }
    coordIndex [
      139, 74, 71, -1,
      24, 140, 71, -1,
      71, 140, 141, -1,
      71, 141, 139, -1,
      24, 23, 140, -1,
      140, 23, 21, -1,
      140, 21, 142, -1,
      143, 142, 22, -1,
      22, 142, 21, -1,
      144, 143, 3, -1,
      3, 143, 22, -1,
      35, 145, 34, -1,
      34, 145, 144, -1,
      34, 144, 2, -1,
      2, 144, 3, -1,
      146, 145, 1, -1,
      1, 145, 35, -1,
      1, 0, 146, -1,
      146, 0, 52, -1,
      146, 52, 147, -1,
      147, 52, 51, -1,
      147, 51, 148, -1,
      148, 51, 43, -1,
      148, 43, 149, -1,
      149, 43, 42, -1,
      149, 42, 150, -1,
      150, 42, 41, -1,
      150, 41, 151, -1,
      151, 41, 50, -1,
      151, 50, 152, -1,
      152, 50, 49, -1,
      152, 49, 153, -1,
      153, 49, 48, -1,
      153, 48, 154, -1,
      154, 48, 47, -1,
      154, 47, 155, -1,
      155, 47, 67, -1,
      155, 67, 156, -1,
      156, 67, 66, -1,
      156, 66, 157, -1,
      157, 66, 64, -1,
      157, 64, 158, -1,
      158, 64, 62, -1,
      158, 62, 159, -1,
      159, 62, 61, -1,
      159, 61, 160, -1,
      160, 61, 60, -1,
      160, 60, 161, -1,
      161, 60, 59, -1,
      161, 59, 162, -1,
      162, 59, 58, -1,
      162, 58, 163, -1,
      163, 58, 55, -1,
      163, 55, 164, -1,
      164, 55, 70, -1,
      164, 70, 165, -1,
      165, 70, 69, -1,
      165, 69, 166, -1,
      166, 69, 68, -1,
      166, 68, 167, -1,
      167, 68, 57, -1,
      167, 57, 168, -1,
      168, 57, 56, -1,
      168, 56, 169, -1,
      169, 56, 54, -1,
      169, 54, 170, -1,
      170, 54, 53, -1,
      170, 53, 171, -1,
      171, 53, 63, -1,
      171, 63, 172, -1,
      172, 63, 65, -1,
      172, 65, 173, -1,
      173, 65, 37, -1,
      173, 37, 174, -1,
      175, 174, 36, -1,
      36, 174, 37, -1,
      175, 36, 46, -1,
      175, 46, 176, -1,
      176, 46, 45, -1,
      176, 45, 177, -1,
      177, 45, 44, -1,
      177, 44, 178, -1,
      178, 44, 40, -1,
      178, 40, 179, -1,
      179, 40, 39, -1,
      179, 39, 180, -1,
      181, 180, 38, -1,
      38, 180, 39, -1,
      38, 31, 181, -1,
      181, 31, 33, -1,
      181, 33, 182, -1,
      182, 33, 32, -1,
      182, 32, 183, -1,
      183, 32, 27, -1,
      183, 27, 184, -1,
      184, 27, 26, -1,
      184, 26, 185, -1,
      185, 26, 30, -1,
      185, 30, 186, -1,
      186, 30, 29, -1,
      186, 29, 187, -1,
      72, 188, 189, -1,
      187, 29, 28, -1,
      187, 28, 190, -1,
      190, 28, 25, -1,
      190, 25, 189, -1,
      189, 25, 73, -1,
      189, 73, 72, -1,
      188, 72, 76, -1,
      188, 76, 191, -1,
      191, 76, 87, -1,
      191, 87, 192, -1,
      192, 87, 86, -1,
      192, 86, 193, -1,
      193, 86, 85, -1,
      193, 85, 194, -1,
      194, 85, 79, -1,
      194, 79, 195, -1,
      195, 79, 78, -1,
      195, 78, 196, -1,
      196, 78, 84, -1,
      196, 84, 197, -1,
      197, 84, 83, -1,
      197, 83, 198, -1,
      198, 83, 82, -1,
      198, 82, 199, -1,
      199, 82, 81, -1,
      199, 81, 200, -1,
      200, 81, 80, -1,
      200, 80, 201, -1,
      201, 80, 77, -1,
      201, 77, 202, -1,
      202, 77, 75, -1,
      202, 75, 203, -1,
      203, 75, 74, -1,
      203, 74, 139, -1,
      167, 168, 179, -1,
      179, 168, 178, -1,
      191, 158, 188, -1,
      188, 158, 159, -1,
      147, 148, 199, -1,
      199, 148, 149, -1,
      199, 149, 198, -1,
      198, 149, 150, -1,
      198, 150, 197, -1,
      197, 150, 151, -1,
      197, 151, 196, -1,
      196, 151, 152, -1,
      196, 152, 195, -1,
      195, 152, 153, -1,
      195, 153, 194, -1,
      194, 153, 154, -1,
      194, 154, 193, -1,
      193, 154, 155, -1,
      193, 155, 192, -1,
      192, 155, 156, -1,
      192, 156, 191, -1,
      191, 156, 157, -1,
      191, 157, 158, -1,
      145, 139, 144, -1,
      144, 139, 141, -1,
      144, 141, 143, -1,
      143, 141, 140, -1,
      143, 140, 142, -1,
      168, 169, 178, -1,
      178, 169, 170, -1,
      178, 170, 177, -1,
      177, 170, 171, -1,
      177, 171, 176, -1,
      176, 171, 172, -1,
      176, 172, 175, -1,
      175, 172, 173, -1,
      175, 173, 174, -1,
      199, 200, 147, -1,
      147, 200, 201, -1,
      147, 201, 146, -1,
      146, 201, 202, -1,
      146, 202, 145, -1,
      145, 202, 203, -1,
      145, 203, 139, -1,
      179, 180, 167, -1,
      167, 180, 181, -1,
      167, 181, 166, -1,
      166, 181, 182, -1,
      166, 182, 165, -1,
      165, 182, 183, -1,
      165, 183, 164, -1,
      164, 183, 184, -1,
      164, 184, 163, -1,
      163, 184, 185, -1,
      163, 185, 162, -1,
      162, 185, 186, -1,
      162, 186, 161, -1,
      161, 186, 187, -1,
      161, 187, 160, -1,
      160, 187, 190, -1,
      160, 190, 159, -1,
      159, 190, 189, -1,
      159, 189, 188, -1,
      204, 205, 105, -1,
      105, 205, 106, -1,
      206, 204, 113, -1,
      113, 204, 105, -1,
      206, 113, 114, -1,
      206, 114, 207, -1,
      207, 114, 111, -1,
      207, 111, 208, -1,
      209, 208, 110, -1,
      110, 208, 111, -1,
      210, 209, 109, -1,
      109, 209, 110, -1,
      117, 211, 112, -1,
      112, 211, 210, -1,
      112, 210, 109, -1,
      212, 211, 116, -1,
      116, 211, 117, -1,
      118, 213, 115, -1,
      115, 213, 212, -1,
      115, 212, 116, -1,
      120, 214, 119, -1,
      119, 214, 213, -1,
      119, 213, 118, -1,
      120, 125, 214, -1,
      214, 125, 215, -1,
      125, 124, 215, -1,
      215, 124, 123, -1,
      215, 123, 216, -1,
      216, 123, 133, -1,
      216, 133, 217, -1,
      217, 133, 132, -1,
      217, 132, 218, -1,
      218, 132, 127, -1,
      218, 127, 219, -1,
      219, 127, 126, -1,
      219, 126, 220, -1,
      220, 126, 122, -1,
      220, 122, 221, -1,
      222, 221, 121, -1,
      121, 221, 122, -1,
      222, 121, 131, -1,
      222, 131, 223, -1,
      223, 131, 130, -1,
      223, 130, 224, -1,
      224, 130, 129, -1,
      128, 225, 129, -1,
      129, 225, 226, -1,
      129, 226, 224, -1,
      128, 138, 225, -1,
      225, 138, 137, -1,
      225, 137, 227, -1,
      227, 137, 136, -1,
      227, 136, 228, -1,
      228, 136, 135, -1,
      228, 135, 229, -1,
      229, 135, 134, -1,
      229, 134, 230, -1,
      106, 205, 108, -1,
      108, 205, 230, -1,
      108, 230, 134, -1,
      207, 208, 230, -1,
      205, 204, 230, -1,
      230, 204, 206, -1,
      230, 206, 207, -1,
      211, 212, 210, -1,
      210, 212, 213, -1,
      210, 213, 209, -1,
      221, 222, 220, -1,
      220, 222, 223, -1,
      220, 223, 219, -1,
      219, 223, 224, -1,
      219, 224, 218, -1,
      218, 224, 226, -1,
      218, 226, 217, -1,
      217, 226, 225, -1,
      217, 225, 216, -1,
      208, 209, 230, -1,
      230, 209, 213, -1,
      230, 213, 229, -1,
      213, 214, 229, -1,
      229, 214, 215, -1,
      229, 215, 228, -1,
      228, 215, 216, -1,
      228, 216, 227, -1,
      227, 216, 225, -1,
      231, 232, 7, -1,
      7, 232, 8, -1,
      11, 233, 12, -1,
      12, 233, 231, -1,
      12, 231, 7, -1,
      234, 233, 13, -1,
      13, 233, 11, -1,
      15, 235, 14, -1,
      14, 235, 234, -1,
      14, 234, 13, -1,
      236, 235, 16, -1,
      16, 235, 15, -1,
      5, 237, 6, -1,
      6, 237, 236, -1,
      6, 236, 16, -1,
      238, 237, 4, -1,
      4, 237, 5, -1,
      9, 239, 17, -1,
      17, 239, 238, -1,
      17, 238, 4, -1,
      240, 239, 10, -1,
      10, 239, 9, -1,
      20, 241, 107, -1,
      107, 241, 240, -1,
      107, 240, 10, -1,
      242, 241, 19, -1,
      19, 241, 20, -1,
      8, 232, 18, -1,
      18, 232, 242, -1,
      18, 242, 19, -1,
      242, 232, 231, -1,
      231, 233, 242, -1,
      242, 233, 234, -1,
      242, 234, 241, -1,
      239, 240, 238, -1,
      238, 240, 241, -1,
      238, 241, 237, -1,
      237, 241, 234, -1,
      237, 234, 236, -1,
      236, 234, 235, -1,
      243, 244, 245, -1,
      245, 244, 246, -1,
      245, 246, 247, -1,
      247, 246, 248, -1,
      247, 248, 249, -1,
      249, 248, 250, -1,
      249, 250, 251, -1,
      251, 250, 252, -1,
      251, 252, 253, -1,
      253, 252, 254, -1,
      253, 254, 255, -1,
      255, 254, 256, -1,
      255, 256, 257, -1,
      257, 256, 258, -1,
      257, 258, 259, -1,
      259, 258, 260, -1,
      259, 260, 261, -1,
      261, 260, 262, -1,
      261, 262, 263, -1,
      263, 262, 264, -1,
      263, 264, 265, -1,
      265, 264, 266, -1,
      265, 266, 267, -1,
      267, 266, 268, -1,
      267, 268, 269, -1,
      269, 268, 270, -1,
      269, 270, 271, -1,
      271, 270, 272, -1,
      271, 272, 273, -1,
      273, 272, 274, -1,
      273, 274, 275, -1,
      275, 274, 276, -1,
      275, 276, 277, -1,
      277, 276, 243, -1,
      277, 243, 245, -1,
      251, 253, 88, -1,
      88, 253, 89, -1,
      251, 88, 104, -1,
      251, 104, 249, -1,
      249, 104, 95, -1,
      249, 95, 247, -1,
      247, 95, 94, -1,
      247, 94, 245, -1,
      245, 94, 93, -1,
      245, 93, 277, -1,
      277, 93, 91, -1,
      277, 91, 275, -1,
      275, 91, 90, -1,
      275, 90, 273, -1,
      273, 90, 96, -1,
      273, 96, 271, -1,
      271, 96, 97, -1,
      271, 97, 269, -1,
      269, 97, 100, -1,
      269, 100, 267, -1,
      267, 100, 99, -1,
      267, 99, 265, -1,
      265, 99, 98, -1,
      265, 98, 263, -1,
      263, 98, 103, -1,
      263, 103, 261, -1,
      261, 103, 102, -1,
      261, 102, 259, -1,
      259, 102, 101, -1,
      259, 101, 257, -1,
      255, 257, 92, -1,
      92, 257, 101, -1,
      253, 255, 89, -1,
      89, 255, 92, -1,
      258, 256, 278, -1,
      278, 256, 279, -1,
      256, 254, 279, -1,
      279, 254, 280, -1,
      254, 252, 280, -1,
      280, 252, 281, -1,
      244, 282, 283, -1,
      244, 283, 246, -1,
      246, 283, 284, -1,
      246, 284, 248, -1,
      248, 284, 285, -1,
      248, 285, 250, -1,
      250, 285, 281, -1,
      250, 281, 252, -1,
      272, 286, 287, -1,
      272, 287, 274, -1,
      274, 287, 288, -1,
      274, 288, 276, -1,
      276, 288, 289, -1,
      276, 289, 243, -1,
      243, 289, 282, -1,
      243, 282, 244, -1,
      264, 290, 291, -1,
      264, 291, 266, -1,
      266, 291, 292, -1,
      266, 292, 268, -1,
      268, 292, 293, -1,
      268, 293, 270, -1,
      270, 293, 286, -1,
      270, 286, 272, -1,
      258, 278, 294, -1,
      258, 294, 260, -1,
      260, 294, 295, -1,
      260, 295, 262, -1,
      262, 295, 290, -1,
      262, 290, 264, -1,
    ]
  }
}

Shape {
  appearance Appearance {
    material Material {
      diffuseColor 0.2510 0.2510 0.2510
      specularColor 0.2196 0.2196 0.2196
      ambientIntensity 0.2
      transparency 0.0000
      shininess 0.5
    }
  }
  geometry IndexedFaceSet {
    ccw TRUE
    solid FALSE
    coord DEF co Coordinate {
      point [
        3.000000 -0.482256 0.463000,
        3.000000 -0.498384 0.463000,
        3.000000 -0.498384 0.380693,
        3.000000 -0.482883 0.380693,
        3.000000 -0.451145 0.391827,
        3.000000 -0.452342 0.390709,
        3.000000 -0.459215 0.385913,
        3.000000 -0.468010 0.382481,
        3.000000 -0.439737 0.422883,
        3.000000 -0.440244 0.414853,
        3.000000 -0.442503 0.405353,
        3.000000 -0.446357 0.397597,
        3.000000 -0.451445 0.452957,
        3.000000 -0.448508 0.450069,
        3.000000 -0.444361 0.444096,
        3.000000 -0.441341 0.436321,
        3.000000 -0.468539 0.461490,
        3.000000 -0.459273 0.458154,
      ]
    }
    coordIndex [
      5, 4, 0, -1,
      1, 2, 0, -1,
      0, 2, 3, -1,
      3, 7, 0, -1,
      0, 7, 6, -1,
      0, 6, 5, -1,
      4, 11, 0, -1,
      0, 11, 10, -1,
      0, 10, 9, -1,
      9, 8, 0, -1,
      0, 8, 15, -1,
      0, 15, 14, -1,
      14, 13, 0, -1,
      0, 13, 12, -1,
      0, 12, 16, -1,
      16, 12, 17, -1,
    ]
  }
}

Shape {
  appearance Appearance {
    material Material {
      diffuseColor 1.0000 1.0000 1.0000
      specularColor 0.5020 0.5020 0.5020
      ambientIntensity 0.2
      transparency 0.0000
      shininess 0.5
    }
  }
  geometry IndexedFaceSet {
    ccw TRUE
    solid FALSE
    coord DEF co Coordinate {
      point [
        3.000000 -0.419324 0.368521,
        3.000000 -0.363925 0.475281,
        3.000000 -0.378662 0.475281,
        3.000000 -0.323263 0.368521,
        3.000000 -0.338491 0.368521,
        3.000000 -0.349380 0.397722,
        3.000000 -0.393835 0.397722,
        3.000000 -0.404096 0.368521,
        3.000394 -0.389469 0.409784,
        3.000394 -0.393835 0.397722,
        3.000394 -0.353637 0.409784,
        3.000394 -0.349380 0.397722,
        3.000394 -0.373504 0.454158,
        3.000394 -0.378662 0.475281,
        3.000394 -0.419324 0.368521,
        3.000394 -0.404096 0.368521,
        3.000394 -0.372580 0.457344,
        3.000394 -0.371757 0.461635,
        3.000394 -0.363925 0.475281,
        3.000394 -0.371430 0.461635,
        3.000394 -0.370567 0.457119,
        3.000394 -0.369765 0.454158,
        3.000394 -0.323263 0.368521,
        3.000394 -0.338491 0.368521,
        3.000000 -0.389469 0.409784,
        3.000000 -0.353637 0.409784,
        3.000000 -0.369765 0.454158,
        3.000000 -0.371430 0.461635,
        3.000000 -0.370567 0.457119,
        3.000000 -0.371757 0.461635,
        3.000000 -0.373504 0.454158,
        3.000000 -0.372580 0.457344,
      ]
    }
    coordIndex [
      8, 9, 10, -1,
      10, 9, 11, -1,
      12, 13, 8, -1,
      8, 13, 14, -1,
      8, 14, 9, -1,
      9, 14, 15, -1,
      12, 16, 13, -1,
      13, 16, 17, -1,
      13, 17, 18, -1,
      18, 17, 19, -1,
      18, 19, 20, -1,
      20, 21, 18, -1,
      18, 21, 10, -1,
      18, 10, 22, -1,
      22, 10, 11, -1,
      22, 11, 23, -1,
      18, 22, 1, -1,
      1, 22, 3, -1,
      13, 18, 2, -1,
      2, 18, 1, -1,
      14, 13, 0, -1,
      0, 13, 2, -1,
      15, 14, 7, -1,
      7, 14, 0, -1,
      9, 15, 6, -1,
      6, 15, 7, -1,
      11, 9, 5, -1,
      5, 9, 6, -1,
      23, 11, 4, -1,
      4, 11, 5, -1,
      22, 23, 3, -1,
      3, 23, 4, -1,
      8, 10, 24, -1,
      24, 10, 25, -1,
      10, 21, 25, -1,
      25, 21, 26, -1,
      19, 27, 28, -1,
      19, 28, 20, -1,
      20, 28, 26, -1,
      20, 26, 21, -1,
      19, 17, 27, -1,
      27, 17, 29, -1,
      12, 30, 31, -1,
      12, 31, 16, -1,
      16, 31, 29, -1,
      16, 29, 17, -1,
      12, 8, 30, -1,
      30, 8, 24, -1,
    ]
  }
}

Shape {
  appearance Appearance {
    material Material {
      diffuseColor 0.2510 0.2510 0.2510
      specularColor 0.2196 0.2196 0.2196
      ambientIntensity 0.2
      transparency 0.0000
      shininess 0.5
    }
  }
  geometry IndexedFaceSet {
    ccw TRUE
    solid FALSE
    coord DEF co Coordinate {
      point [
        3.000000 -0.389469 0.409784,
        3.000000 -0.353637 0.409784,
        3.000000 -0.369765 0.454158,
        3.000000 -0.371430 0.461635,
        3.000000 -0.370567 0.457119,
        3.000000 -0.371757 0.461635,
        3.000000 -0.373504 0.454158,
        3.000000 -0.372580 0.457344,
      ]
    }
    coordIndex [
      3, 5, 4, -1,
      4, 5, 7, -1,
      4, 7, 2, -1,
      2, 7, 6, -1,
      2, 6, 1, -1,
      1, 6, 0, -1,
    ]
  }
}

Shape {
  appearance Appearance {
    material Material {
      diffuseColor 1.0000 1.0000 1.0000
      specularColor 0.5020 0.5020 0.5020
      ambientIntensity 0.2
      transparency 0.0000
      shininess 0.5
    }
  }
  geometry IndexedFaceSet {
    ccw TRUE
    solid FALSE
    coord DEF co Coordinate {
      point [
        3.000000 -1.456820 0.497471,
        3.000000 -1.455259 0.505682,
        3.000000 -1.021639 0.561363,
        3.000000 -1.001060 0.543941,
        3.000000 -1.106424 0.645544,
        3.000000 -1.088983 0.633818,
        3.000000 -1.085509 0.630543,
        3.000000 -1.061477 0.601098,
        3.000000 -1.047994 0.573853,
        3.000000 -1.044223 0.572584,
        3.000000 -1.160932 0.670003,
        3.000000 -1.122841 0.656581,
        3.000000 -1.264922 0.655083,
        3.000000 -1.229932 0.668621,
        3.000000 -1.192213 0.673288,
        3.000000 -1.421446 0.575371,
        3.000000 -1.415153 0.581255,
        3.000000 -1.280302 0.645544,
        3.000000 -1.283299 0.643685,
        3.000000 -1.390806 0.597921,
        3.000000 -1.362589 0.608471,
        3.000000 -1.334155 0.611806,
        3.000000 -1.301137 0.628409,
        3.000000 -1.325426 0.611331,
        3.000000 -1.316697 0.610287,
        3.000000 -1.451404 0.525957,
        3.000000 -1.446370 0.536984,
        3.000000 -1.439008 0.553110,
        3.000000 -1.364517 0.369669,
        3.000000 -1.375929 0.373176,
        3.000000 -1.403132 0.386956,
        3.000000 -1.425241 0.406103,
        3.000000 -1.443287 0.432210,
        3.000000 -1.453800 0.460550,
        3.000000 -1.457121 0.488839,
        3.000000 -1.330787 0.328272,
        3.000000 -1.345632 0.339467,
        3.000000 -1.356917 0.353401,
        3.000000 -1.363560 0.367620,
        3.000000 -1.274054 0.320312,
        3.000000 -1.292407 0.318054,
        3.000000 -1.295356 0.318109,
        3.000000 -1.313277 0.320909,
        3.000000 -1.323792 0.325330,
        3.000000 -1.221275 0.367620,
        3.000000 -1.221330 0.367389,
        3.000000 -1.230295 0.350461,
        3.000000 -1.242003 0.337326,
        3.000000 -1.257124 0.326809,
        3.000000 -1.260978 0.325330,
        3.000000 -0.976309 0.499156,
        3.000000 -0.972848 0.474418,
        3.000000 -1.124363 0.412400,
        3.000000 -1.119154 0.414457,
        3.000000 -1.110236 0.457719,
        3.000000 -1.000933 0.402308,
        3.000000 -1.021601 0.384815,
        3.000000 -1.235479 0.444815,
        3.000000 -1.133767 0.497948,
        3.000000 -1.248729 0.456882,
        3.000000 -1.264833 0.465519,
        3.000000 -1.129030 0.409091,
        3.000000 -0.985882 0.423268,
        3.000000 -1.020274 0.480252,
        3.000000 -1.023825 0.494835,
        3.000000 -1.029658 0.505682,
        3.000000 -1.407416 0.505682,
        3.000000 -0.976340 0.447294,
        3.000000 -1.113272 0.415212,
        3.000000 -1.112533 0.415158,
        3.000000 -1.110256 0.414654,
        3.000000 -1.402978 0.460146,
        3.000000 -1.393894 0.444677,
        3.000000 -1.355352 0.436868,
        3.000000 -1.380282 0.430700,
        3.000000 -1.363758 0.420525,
        3.000000 -1.327274 0.461988,
        3.000000 -1.342798 0.451211,
        3.000000 -1.409301 0.490358,
        3.000000 -1.408405 0.478731,
        3.000000 -1.310506 0.468396,
        3.000000 -1.292407 0.470622,
        3.000000 -1.283153 0.470072,
        3.000000 -1.136803 0.391681,
        3.000000 -1.136610 0.394677,
        3.000000 -1.216503 0.401549,
        3.000000 -1.135085 0.400454,
        3.000000 -1.132167 0.405633,
        3.000000 -1.035306 0.433523,
        3.000000 -1.026957 0.445364,
        3.000000 -1.021728 0.458893,
        3.000000 -1.019909 0.473659,
        3.000000 -1.119066 0.368840,
        3.000000 -1.124087 0.370817,
        3.000000 -1.129010 0.374317,
        3.000000 -1.130774 0.376112,
        3.000000 -1.134083 0.380880,
        3.000000 -1.136082 0.386028,
        3.000000 -1.216906 0.386131,
        3.000000 -1.216503 0.393959,
        3.000000 -1.044763 0.373486,
        3.000000 -1.070006 0.368151,
        3.000000 -1.114790 0.368151,
        3.000000 -1.108718 0.414453,
        3.000000 -1.074561 0.414453,
        3.000000 -1.060982 0.417049,
        3.000000 -1.047583 0.423243,
        3.000000 -1.036352 0.432399,
        3.000000 -1.085187 0.532864,
        3.000000 -1.400545 0.525641,
        3.000000 -1.407043 0.508711,
        3.000000 -1.079115 0.532864,
        3.000000 -1.030872 0.507939,
        3.000000 -1.039672 0.517772,
        3.000000 -1.051446 0.525989,
        3.000000 -1.064696 0.531088,
        3.000000 -1.101505 0.578396,
        3.000000 -1.118612 0.598862,
        3.000000 -1.293167 0.554877,
        3.000000 -1.120607 0.600680,
        3.000000 -1.141936 0.615474,
        3.000000 -1.281583 0.578868,
        3.000000 -1.392657 0.536984,
        3.000000 -1.298670 0.557882,
        3.000000 -1.086091 0.536984,
        3.000000 -1.089810 0.553930,
        3.000000 -1.315693 0.564081,
        3.000000 -1.333396 0.566263,
        3.000000 -1.341224 0.565859,
        3.000000 -1.264563 0.599210,
        3.000000 -1.165741 0.624588,
        3.000000 -1.244175 0.614107,
        3.000000 -1.191454 0.627745,
        3.000000 -1.219374 0.624152,
        3.000000 -1.359966 0.561436,
        3.000000 -1.376894 0.552470,
        3.000000 -1.390029 0.540762,
        3.000000 -0.996073 0.536984,
        3.000000 -0.985577 0.522341,
        3.000000 -0.978918 0.505682,
        3.000394 -1.356917 0.353401,
        3.000394 -1.345632 0.339467,
        3.000394 -1.363758 0.420525,
        3.000394 -1.089810 0.553930,
        3.000394 -1.085187 0.532864,
        3.000394 -1.047994 0.573853,
        3.000394 -1.376894 0.552470,
        3.000394 -1.359966 0.561436,
        3.000394 -1.362589 0.608471,
        3.000394 -1.230295 0.350461,
        3.000394 -1.221330 0.367389,
        3.000394 -1.216906 0.386131,
        3.000394 -1.334155 0.611806,
        3.000394 -1.110236 0.457719,
        3.000394 -1.133767 0.497948,
        3.000394 -1.216503 0.401549,
        3.000394 -1.235479 0.444815,
        3.000394 -1.216503 0.393959,
        3.000394 -1.257124 0.326809,
        3.000394 -1.242003 0.337326,
        3.000394 -1.311985 0.370372,
        3.000394 -1.305744 0.366419,
        3.000394 -1.330787 0.328272,
        3.000394 -1.298616 0.364106,
        3.000394 -1.380282 0.430700,
        3.000394 -1.375929 0.373176,
        3.000394 -1.364517 0.369669,
        3.000394 -1.079115 0.532864,
        3.000394 -1.064696 0.531088,
        3.000394 -1.044223 0.572584,
        3.000394 -1.051446 0.525989,
        3.000394 -1.021639 0.561363,
        3.000394 -1.001060 0.543941,
        3.000394 -1.244175 0.614107,
        3.000394 -1.283299 0.643685,
        3.000394 -1.264563 0.599210,
        3.000394 -1.301137 0.628409,
        3.000394 -1.281583 0.578868,
        3.000394 -1.316697 0.610287,
        3.000394 -1.293167 0.554877,
        3.000394 -1.341224 0.565859,
        3.000394 -1.333396 0.566263,
        3.000394 -1.325426 0.611331,
        3.000394 -1.315693 0.564081,
        3.000394 -1.298670 0.557882,
        3.000394 -1.322434 0.388711,
        3.000394 -1.320507 0.381816,
        3.000394 -1.317026 0.375681,
        3.000394 -1.313277 0.320909,
        3.000394 -1.295356 0.318109,
        3.000394 -1.293167 0.363596,
        3.000394 -1.292407 0.318054,
        3.000394 -1.286367 0.364377,
        3.000394 -1.274054 0.320312,
        3.000394 -1.279718 0.366817,
        3.000394 -1.273851 0.370779,
        3.000394 -1.268926 0.376244,
        3.000394 -1.000933 0.402308,
        3.000394 -1.036352 0.432399,
        3.000394 -1.021601 0.384815,
        3.000394 -1.047583 0.423243,
        3.000394 -1.044763 0.373486,
        3.000394 -1.060982 0.417049,
        3.000394 -1.070006 0.368151,
        3.000394 -1.074561 0.414453,
        3.000394 -1.114790 0.368151,
        3.000394 -1.108718 0.414453,
        3.000394 -1.119066 0.368840,
        3.000394 -1.407043 0.508711,
        3.000394 -1.456820 0.497471,
        3.000394 -1.409301 0.490358,
        3.000394 -1.457121 0.488839,
        3.000394 -1.408405 0.478731,
        3.000394 -1.453800 0.460550,
        3.000394 -1.402978 0.460146,
        3.000394 -1.443287 0.432210,
        3.000394 -1.393894 0.444677,
        3.000394 -1.425241 0.406103,
        3.000394 -1.403132 0.386956,
        3.000394 -1.265385 0.403461,
        3.000394 -1.263734 0.396404,
        3.000394 -1.263725 0.390124,
        3.000394 -1.265456 0.382818,
        3.000394 -1.039672 0.517772,
        3.000394 -1.030872 0.507939,
        3.000394 -0.985577 0.522341,
        3.000394 -1.023825 0.494835,
        3.000394 -0.976309 0.499156,
        3.000394 -1.020274 0.480252,
        3.000394 -0.972848 0.474418,
        3.000394 -1.019909 0.473659,
        3.000394 -0.976340 0.447294,
        3.000394 -1.021728 0.458893,
        3.000394 -0.985882 0.423268,
        3.000394 -1.026957 0.445364,
        3.000394 -1.035306 0.433523,
        3.000394 -1.390806 0.597921,
        3.000394 -1.415153 0.581255,
        3.000394 -1.390029 0.540762,
        3.000394 -1.421446 0.575371,
        3.000394 -1.400545 0.525641,
        3.000394 -1.439008 0.553110,
        3.000394 -1.451404 0.525957,
        3.000394 -1.101505 0.578396,
        3.000394 -1.061477 0.601098,
        3.000394 -1.118612 0.598862,
        3.000394 -1.085509 0.630543,
        3.000394 -1.120607 0.600680,
        3.000394 -1.088983 0.633818,
        3.000394 -1.141936 0.615474,
        3.000394 -1.122841 0.656581,
        3.000394 -1.165741 0.624588,
        3.000394 -1.160932 0.670003,
        3.000394 -1.191454 0.627745,
        3.000394 -1.192213 0.673288,
        3.000394 -1.219374 0.624152,
        3.000394 -1.229932 0.668621,
        3.000394 -1.264922 0.655083,
        3.000394 -1.322627 0.396133,
        3.000394 -1.320953 0.403448,
        3.000394 -1.355352 0.436868,
        3.000394 -1.317490 0.410072,
        3.000394 -1.342798 0.451211,
        3.000394 -1.312604 0.415503,
        3.000394 -1.327274 0.461988,
        3.000394 -1.306583 0.419568,
        3.000394 -1.310506 0.468396,
        3.000394 -1.299907 0.422020,
        3.000394 -1.292407 0.470622,
        3.000394 -1.293167 0.422802,
        3.000394 -1.283153 0.470072,
        3.000394 -1.286506 0.422039,
        3.000394 -1.264833 0.465519,
        3.000394 -1.279491 0.419434,
        3.000394 -1.248729 0.456882,
        3.000394 -1.273438 0.415247,
        3.000394 -1.268609 0.409731,
        3.000394 -1.112533 0.415158,
        3.000394 -1.130774 0.376112,
        3.000394 -1.129010 0.374317,
        3.000394 -1.110256 0.414654,
        3.000394 -1.124087 0.370817,
        3.000394 -1.136803 0.391681,
        3.000394 -1.136082 0.386028,
        3.000394 -1.134083 0.380880,
        3.000394 -1.119154 0.414457,
        3.000394 -1.124363 0.412400,
        3.000394 -1.136610 0.394677,
        3.000394 -1.129030 0.409091,
        3.000394 -1.132167 0.405633,
        3.000394 -1.135085 0.400454,
        3.000394 -1.113272 0.415212,
        3.000000 -1.293167 0.422802,
        3.000000 -1.286506 0.422039,
        3.000000 -1.279491 0.419434,
        3.000000 -1.273438 0.415247,
        3.000000 -1.268609 0.409731,
        3.000000 -1.265385 0.403461,
        3.000000 -1.263734 0.396404,
        3.000000 -1.263725 0.390124,
        3.000000 -1.265456 0.382818,
        3.000000 -1.268926 0.376244,
        3.000000 -1.273851 0.370779,
        3.000000 -1.279718 0.366817,
        3.000000 -1.286367 0.364377,
        3.000000 -1.293167 0.363596,
        3.000000 -1.298616 0.364106,
        3.000000 -1.305744 0.366419,
        3.000000 -1.311985 0.370372,
        3.000000 -1.317026 0.375681,
        3.000000 -1.320507 0.381816,
        3.000000 -1.322434 0.388711,
        3.000000 -1.322627 0.396133,
        3.000000 -1.320953 0.403448,
        3.000000 -1.317490 0.410072,
        3.000000 -1.312604 0.415503,
        3.000000 -1.306583 0.419568,
        3.000000 -1.299907 0.422020,
      ]
    }
    coordIndex [
      140, 141, 142, -1,
      143, 144, 145, -1,
      146, 147, 148, -1,
      149, 150, 151, -1,
      148, 147, 152, -1,
      153, 154, 155, -1,
      155, 154, 156, -1,
      155, 156, 157, -1,
      157, 156, 158, -1,
      157, 158, 151, -1,
      151, 158, 159, -1,
      151, 159, 149, -1,
      160, 141, 161, -1,
      161, 141, 162, -1,
      161, 162, 163, -1,
      164, 165, 142, -1,
      142, 165, 166, -1,
      142, 166, 140, -1,
      144, 167, 145, -1,
      145, 167, 168, -1,
      145, 168, 169, -1,
      169, 168, 170, -1,
      169, 170, 171, -1,
      171, 170, 172, -1,
      173, 174, 175, -1,
      175, 174, 176, -1,
      175, 176, 177, -1,
      177, 176, 178, -1,
      177, 178, 179, -1,
      147, 180, 152, -1,
      152, 180, 181, -1,
      152, 181, 182, -1,
      182, 181, 183, -1,
      182, 183, 178, -1,
      178, 183, 184, -1,
      178, 184, 179, -1,
      185, 142, 186, -1,
      186, 142, 141, -1,
      186, 141, 187, -1,
      187, 141, 160, -1,
      162, 188, 163, -1,
      163, 188, 189, -1,
      163, 189, 190, -1,
      190, 189, 191, -1,
      190, 191, 192, -1,
      192, 191, 193, -1,
      192, 193, 194, -1,
      194, 193, 158, -1,
      194, 158, 195, -1,
      195, 158, 196, -1,
      197, 198, 199, -1,
      199, 198, 200, -1,
      199, 200, 201, -1,
      201, 200, 202, -1,
      201, 202, 203, -1,
      203, 202, 204, -1,
      203, 204, 205, -1,
      205, 204, 206, -1,
      205, 206, 207, -1,
      208, 209, 210, -1,
      210, 209, 211, -1,
      210, 211, 212, -1,
      212, 211, 213, -1,
      212, 213, 214, -1,
      214, 213, 215, -1,
      214, 215, 216, -1,
      216, 215, 217, -1,
      216, 217, 164, -1,
      164, 217, 218, -1,
      164, 218, 165, -1,
      219, 220, 156, -1,
      156, 220, 221, -1,
      156, 221, 158, -1,
      158, 221, 222, -1,
      158, 222, 196, -1,
      170, 223, 172, -1,
      172, 223, 224, -1,
      172, 224, 225, -1,
      225, 224, 226, -1,
      225, 226, 227, -1,
      227, 226, 228, -1,
      227, 228, 229, -1,
      229, 228, 230, -1,
      229, 230, 231, -1,
      231, 230, 232, -1,
      231, 232, 233, -1,
      233, 232, 234, -1,
      233, 234, 197, -1,
      197, 234, 235, -1,
      197, 235, 198, -1,
      148, 236, 146, -1,
      146, 236, 237, -1,
      146, 237, 238, -1,
      238, 237, 239, -1,
      238, 239, 240, -1,
      240, 239, 241, -1,
      240, 241, 208, -1,
      208, 241, 242, -1,
      208, 242, 209, -1,
      143, 145, 243, -1,
      243, 145, 244, -1,
      243, 244, 245, -1,
      245, 244, 246, -1,
      245, 246, 247, -1,
      247, 246, 248, -1,
      247, 248, 249, -1,
      249, 248, 250, -1,
      249, 250, 251, -1,
      251, 250, 252, -1,
      251, 252, 253, -1,
      253, 252, 254, -1,
      253, 254, 255, -1,
      255, 254, 256, -1,
      255, 256, 173, -1,
      173, 256, 257, -1,
      173, 257, 174, -1,
      185, 258, 142, -1,
      142, 258, 259, -1,
      142, 259, 260, -1,
      260, 259, 261, -1,
      260, 261, 262, -1,
      262, 261, 263, -1,
      262, 263, 264, -1,
      264, 263, 265, -1,
      264, 265, 266, -1,
      266, 265, 267, -1,
      266, 267, 268, -1,
      268, 267, 269, -1,
      268, 269, 270, -1,
      270, 269, 271, -1,
      270, 271, 272, -1,
      272, 271, 273, -1,
      272, 273, 274, -1,
      274, 273, 275, -1,
      274, 275, 156, -1,
      156, 275, 276, -1,
      156, 276, 219, -1,
      277, 278, 279, -1,
      206, 280, 207, -1,
      207, 280, 277, -1,
      207, 277, 281, -1,
      281, 277, 279, -1,
      282, 283, 277, -1,
      277, 283, 284, -1,
      277, 284, 278, -1,
      285, 286, 287, -1,
      286, 288, 287, -1,
      287, 288, 289, -1,
      287, 289, 290, -1,
      282, 277, 287, -1,
      287, 277, 291, -1,
      287, 291, 285, -1,
      229, 51, 50, -1,
      137, 172, 225, -1,
      229, 50, 227, -1,
      227, 50, 139, -1,
      227, 139, 225, -1,
      225, 139, 138, -1,
      225, 138, 137, -1,
      137, 3, 172, -1,
      172, 3, 2, -1,
      172, 2, 171, -1,
      171, 2, 9, -1,
      171, 9, 169, -1,
      169, 9, 8, -1,
      169, 8, 145, -1,
      145, 8, 7, -1,
      145, 7, 244, -1,
      244, 7, 6, -1,
      244, 6, 246, -1,
      246, 6, 5, -1,
      246, 5, 248, -1,
      250, 248, 4, -1,
      4, 248, 5, -1,
      4, 11, 250, -1,
      250, 11, 10, -1,
      250, 10, 252, -1,
      252, 10, 14, -1,
      252, 14, 254, -1,
      18, 174, 17, -1,
      17, 174, 257, -1,
      17, 257, 12, -1,
      12, 257, 256, -1,
      12, 256, 13, -1,
      13, 256, 254, -1,
      13, 254, 14, -1,
      174, 18, 22, -1,
      174, 22, 176, -1,
      176, 22, 24, -1,
      176, 24, 178, -1,
      178, 24, 23, -1,
      178, 23, 182, -1,
      182, 23, 21, -1,
      182, 21, 152, -1,
      152, 21, 20, -1,
      152, 20, 148, -1,
      148, 20, 19, -1,
      148, 19, 236, -1,
      236, 19, 16, -1,
      236, 16, 237, -1,
      237, 16, 15, -1,
      237, 15, 239, -1,
      34, 211, 209, -1,
      239, 15, 27, -1,
      239, 27, 241, -1,
      241, 27, 26, -1,
      241, 26, 242, -1,
      26, 25, 242, -1,
      242, 25, 1, -1,
      242, 1, 209, -1,
      209, 1, 0, -1,
      209, 0, 34, -1,
      211, 34, 33, -1,
      211, 33, 213, -1,
      213, 33, 32, -1,
      213, 32, 215, -1,
      215, 32, 31, -1,
      215, 31, 217, -1,
      217, 31, 30, -1,
      217, 30, 218, -1,
      218, 30, 29, -1,
      218, 29, 165, -1,
      165, 29, 28, -1,
      165, 28, 166, -1,
      166, 28, 38, -1,
      166, 38, 140, -1,
      38, 37, 140, -1,
      140, 37, 36, -1,
      140, 36, 141, -1,
      141, 36, 35, -1,
      141, 35, 162, -1,
      162, 35, 43, -1,
      162, 43, 188, -1,
      43, 42, 188, -1,
      188, 42, 41, -1,
      188, 41, 189, -1,
      189, 41, 40, -1,
      189, 40, 191, -1,
      99, 157, 151, -1,
      191, 40, 39, -1,
      191, 39, 193, -1,
      193, 39, 49, -1,
      193, 49, 158, -1,
      49, 48, 158, -1,
      158, 48, 47, -1,
      158, 47, 159, -1,
      159, 47, 46, -1,
      159, 46, 149, -1,
      149, 46, 45, -1,
      149, 45, 150, -1,
      150, 45, 44, -1,
      150, 44, 151, -1,
      151, 44, 98, -1,
      151, 98, 99, -1,
      155, 157, 85, -1,
      85, 157, 99, -1,
      153, 155, 54, -1,
      54, 155, 85, -1,
      154, 153, 58, -1,
      58, 153, 54, -1,
      156, 154, 57, -1,
      57, 154, 58, -1,
      156, 57, 59, -1,
      156, 59, 274, -1,
      274, 59, 60, -1,
      274, 60, 272, -1,
      272, 60, 82, -1,
      272, 82, 270, -1,
      270, 82, 81, -1,
      270, 81, 268, -1,
      268, 81, 80, -1,
      268, 80, 266, -1,
      266, 80, 76, -1,
      266, 76, 264, -1,
      264, 76, 77, -1,
      264, 77, 262, -1,
      262, 77, 73, -1,
      262, 73, 260, -1,
      260, 73, 75, -1,
      260, 75, 142, -1,
      142, 75, 74, -1,
      142, 74, 164, -1,
      164, 74, 72, -1,
      164, 72, 216, -1,
      216, 72, 71, -1,
      216, 71, 214, -1,
      214, 71, 79, -1,
      214, 79, 212, -1,
      212, 79, 78, -1,
      212, 78, 210, -1,
      208, 210, 66, -1,
      66, 210, 78, -1,
      66, 110, 208, -1,
      208, 110, 109, -1,
      208, 109, 240, -1,
      240, 109, 122, -1,
      240, 122, 238, -1,
      122, 136, 238, -1,
      238, 136, 135, -1,
      238, 135, 146, -1,
      146, 135, 134, -1,
      146, 134, 147, -1,
      147, 134, 128, -1,
      147, 128, 180, -1,
      180, 128, 127, -1,
      180, 127, 181, -1,
      181, 127, 126, -1,
      181, 126, 183, -1,
      183, 126, 123, -1,
      183, 123, 184, -1,
      184, 123, 118, -1,
      184, 118, 179, -1,
      179, 118, 121, -1,
      179, 121, 177, -1,
      177, 121, 129, -1,
      177, 129, 175, -1,
      175, 129, 131, -1,
      175, 131, 173, -1,
      173, 131, 133, -1,
      173, 133, 255, -1,
      255, 133, 132, -1,
      255, 132, 253, -1,
      108, 144, 124, -1,
      124, 144, 143, -1,
      124, 143, 125, -1,
      125, 143, 243, -1,
      125, 243, 116, -1,
      116, 243, 245, -1,
      116, 245, 117, -1,
      117, 245, 247, -1,
      117, 247, 119, -1,
      119, 247, 249, -1,
      119, 249, 120, -1,
      120, 249, 251, -1,
      120, 251, 130, -1,
      130, 251, 253, -1,
      130, 253, 132, -1,
      167, 144, 111, -1,
      111, 144, 108, -1,
      167, 111, 115, -1,
      167, 115, 168, -1,
      168, 115, 114, -1,
      168, 114, 170, -1,
      170, 114, 113, -1,
      170, 113, 223, -1,
      223, 113, 112, -1,
      223, 112, 224, -1,
      224, 112, 65, -1,
      224, 65, 226, -1,
      65, 64, 226, -1,
      226, 64, 63, -1,
      226, 63, 228, -1,
      228, 63, 91, -1,
      228, 91, 230, -1,
      230, 91, 90, -1,
      230, 90, 232, -1,
      232, 90, 89, -1,
      232, 89, 234, -1,
      234, 89, 88, -1,
      234, 88, 235, -1,
      235, 88, 107, -1,
      235, 107, 198, -1,
      198, 107, 106, -1,
      198, 106, 200, -1,
      200, 106, 105, -1,
      200, 105, 202, -1,
      202, 105, 104, -1,
      202, 104, 204, -1,
      206, 204, 103, -1,
      103, 204, 104, -1,
      206, 103, 70, -1,
      206, 70, 280, -1,
      280, 70, 69, -1,
      280, 69, 277, -1,
      277, 69, 68, -1,
      277, 68, 291, -1,
      291, 68, 53, -1,
      291, 53, 285, -1,
      285, 53, 52, -1,
      285, 52, 286, -1,
      286, 52, 61, -1,
      286, 61, 288, -1,
      288, 61, 87, -1,
      288, 87, 289, -1,
      289, 87, 86, -1,
      289, 86, 290, -1,
      290, 86, 84, -1,
      290, 84, 287, -1,
      287, 84, 83, -1,
      287, 83, 282, -1,
      282, 83, 97, -1,
      282, 97, 283, -1,
      283, 97, 96, -1,
      283, 96, 284, -1,
      284, 96, 95, -1,
      284, 95, 278, -1,
      278, 95, 94, -1,
      278, 94, 279, -1,
      279, 94, 93, -1,
      279, 93, 281, -1,
      281, 93, 92, -1,
      281, 92, 207, -1,
      207, 92, 102, -1,
      207, 102, 205, -1,
      203, 205, 101, -1,
      101, 205, 102, -1,
      203, 101, 100, -1,
      203, 100, 201, -1,
      201, 100, 56, -1,
      201, 56, 199, -1,
      199, 56, 55, -1,
      199, 55, 197, -1,
      197, 55, 62, -1,
      197, 62, 233, -1,
      233, 62, 67, -1,
      233, 67, 231, -1,
      231, 67, 51, -1,
      231, 51, 229, -1,
      269, 292, 293, -1,
      269, 293, 271, -1,
      271, 293, 294, -1,
      271, 294, 273, -1,
      273, 294, 295, -1,
      273, 295, 275, -1,
      275, 295, 296, -1,
      275, 296, 276, -1,
      276, 296, 297, -1,
      276, 297, 219, -1,
      219, 297, 298, -1,
      219, 298, 220, -1,
      220, 298, 299, -1,
      220, 299, 221, -1,
      221, 299, 300, -1,
      221, 300, 222, -1,
      222, 300, 301, -1,
      222, 301, 196, -1,
      196, 301, 302, -1,
      196, 302, 195, -1,
      195, 302, 303, -1,
      195, 303, 194, -1,
      194, 303, 304, -1,
      194, 304, 192, -1,
      192, 304, 305, -1,
      192, 305, 190, -1,
      190, 305, 306, -1,
      190, 306, 163, -1,
      163, 306, 307, -1,
      163, 307, 161, -1,
      161, 307, 308, -1,
      161, 308, 160, -1,
      160, 308, 309, -1,
      160, 309, 187, -1,
      187, 309, 310, -1,
      187, 310, 186, -1,
      186, 310, 311, -1,
      186, 311, 185, -1,
      185, 311, 312, -1,
      185, 312, 258, -1,
      258, 312, 313, -1,
      258, 313, 259, -1,
      259, 313, 314, -1,
      259, 314, 261, -1,
      261, 314, 315, -1,
      261, 315, 263, -1,
      263, 315, 316, -1,
      263, 316, 265, -1,
      265, 316, 317, -1,
      265, 317, 267, -1,
      267, 317, 292, -1,
      267, 292, 269, -1,
    ]
  }
}

Shape {
  appearance Appearance {
    material Material {
      diffuseColor 0.2510 0.2510 0.2510
      specularColor 0.2196 0.2196 0.2196
      ambientIntensity 0.2
      transparency 0.0000
      shininess 0.5
    }
  }
  geometry IndexedFaceSet {
    ccw TRUE
    solid FALSE
    coord DEF co Coordinate {
      point [
        3.000000 -1.293167 0.422802,
        3.000000 -1.286506 0.422039,
        3.000000 -1.279491 0.419434,
        3.000000 -1.273438 0.415247,
        3.000000 -1.268609 0.409731,
        3.000000 -1.265385 0.403461,
        3.000000 -1.263734 0.396404,
        3.000000 -1.263725 0.390124,
        3.000000 -1.265456 0.382818,
        3.000000 -1.268926 0.376244,
        3.000000 -1.273851 0.370779,
        3.000000 -1.279718 0.366817,
        3.000000 -1.286367 0.364377,
        3.000000 -1.293167 0.363596,
        3.000000 -1.298616 0.364106,
        3.000000 -1.305744 0.366419,
        3.000000 -1.311985 0.370372,
        3.000000 -1.317026 0.375681,
        3.000000 -1.320507 0.381816,
        3.000000 -1.322434 0.388711,
        3.000000 -1.322627 0.396133,
        3.000000 -1.320953 0.403448,
        3.000000 -1.317490 0.410072,
        3.000000 -1.312604 0.415503,
        3.000000 -1.306583 0.419568,
        3.000000 -1.299907 0.422020,
      ]
    }
    coordIndex [
      14, 13, 0, -1,
      6, 13, 7, -1,
      7, 13, 12, -1,
      7, 12, 11, -1,
      6, 5, 13, -1,
      13, 5, 4, -1,
      13, 4, 3, -1,
      3, 2, 13, -1,
      13, 2, 1, -1,
      13, 1, 0, -1,
      0, 25, 14, -1,
      14, 25, 24, -1,
      14, 24, 15, -1,
      15, 24, 16, -1,
      11, 10, 7, -1,
      7, 10, 9, -1,
      7, 9, 8, -1,
      21, 20, 22, -1,
      22, 20, 19, -1,
      22, 19, 23, -1,
      23, 19, 18, -1,
      23, 18, 24, -1,
      24, 18, 17, -1,
      24, 17, 16, -1,
    ]
  }
}
