#VRML V2.0 utf8

Shape {
  appearance Appearance {
    material Material {
      diffuseColor 0.2510 0.2510 0.2510
      specularColor 0.1255 0.1255 0.1255
      ambientIntensity 0.2
      transparency 0.0000
      shininess 0.5
    }
  }
  geometry IndexedFaceSet {
    ccw TRUE
    solid FALSE
    coord DEF co Coordinate {
      point [
        0.500000 0.536745 0.000000,
        0.618110 0.654856 0.000000,
        1.500000 0.536745 0.000000,
        1.381890 0.654856 0.000000,
        1.381890 0.654856 0.984252,
        1.500000 0.536745 0.984252,
        1.500000 0.536745 0.118110,
        1.500000 -0.211286 0.984252,
        1.500000 -0.211286 0.118110,
        1.381890 -0.329396 0.984252,
        1.381890 -0.329396 0.000000,
        1.500000 -0.211286 0.000000,
        0.618110 -0.329396 0.000000,
        0.618110 -0.329396 0.984252,
        0.500000 -0.211286 0.984252,
        0.500000 -0.211286 0.118110,
        0.500000 -0.211286 0.000000,
        0.500000 0.536745 0.984252,
        0.500000 0.536745 0.118110,
        0.618110 0.654856 0.984252,
        1.125984 0.288714 0.984252,
        0.874016 0.288714 0.984252,
        0.874016 0.036745 0.984252,
        1.125984 0.036745 0.984252,
        1.125984 0.288714 0.118110,
        1.125984 0.036745 0.118110,
        0.874016 0.036745 0.118110,
        0.874016 0.288714 0.118110,
      ]
    }
    coordIndex [
      0, 1, 2, -1,
      2, 1, 3, -1,
      4, 5, 3, -1,
      3, 5, 6, -1,
      3, 6, 2, -1,
      5, 7, 6, -1,
      6, 7, 8, -1,
      7, 9, 8, -1,
      8, 9, 10, -1,
      8, 10, 11, -1,
      12, 10, 13, -1,
      13, 10, 9, -1,
      13, 14, 12, -1,
      12, 14, 15, -1,
      12, 15, 16, -1,
      14, 17, 15, -1,
      15, 17, 18, -1,
      17, 19, 18, -1,
      18, 19, 1, -1,
      18, 1, 0, -1,
      3, 1, 4, -1,
      4, 1, 19, -1,
      11, 10, 16, -1,
      16, 10, 12, -1,
      20, 4, 21, -1,
      21, 4, 19, -1,
      19, 17, 21, -1,
      21, 17, 14, -1,
      21, 14, 22, -1,
      22, 14, 13, -1,
      22, 13, 23, -1,
      23, 13, 9, -1,
      23, 9, 20, -1,
      20, 9, 7, -1,
      20, 7, 4, -1,
      4, 7, 5, -1,
      6, 18, 2, -1,
      2, 18, 0, -1,
      15, 8, 16, -1,
      16, 8, 11, -1,
      24, 6, 25, -1,
      25, 6, 8, -1,
      25, 8, 26, -1,
      26, 8, 15, -1,
      26, 15, 27, -1,
      27, 15, 18, -1,
      27, 18, 24, -1,
      24, 18, 6, -1,
    ]
  }
}

Shape {
  appearance Appearance {
    material Material {
      diffuseColor 1.0000 1.0000 0.5020
      specularColor 0.5020 0.5020 0.2510
      ambientIntensity 0.2
      transparency 0.0000
      shininess 0.5
    }
  }
  geometry IndexedFaceSet {
    ccw TRUE
    solid FALSE
    coord DEF co Coordinate {
      point [
        1.125984 0.288714 0.984252,
        0.874016 0.288714 0.984252,
        0.874016 0.036745 0.984252,
        1.125984 0.036745 0.984252,
        1.125984 0.288714 0.118110,
        1.125984 0.036745 0.118110,
        0.874016 0.036745 0.118110,
        0.874016 0.288714 0.118110,
        0.874016 0.288714 -0.011811,
        1.125984 0.288714 -0.011811,
        0.874016 0.289117 -0.014868,
        1.125984 0.289117 -0.014868,
        0.874016 0.290296 -0.017717,
        1.125984 0.290296 -0.017717,
        0.874016 0.292173 -0.020163,
        1.125984 0.292173 -0.020163,
        0.874016 0.294619 -0.022040,
        1.125984 0.294619 -0.022040,
        0.874016 0.297468 -0.023220,
        1.125984 0.297468 -0.023220,
        0.874016 0.300525 -0.023622,
        1.125984 0.300525 -0.023622,
        0.874016 1.028871 -0.023622,
        1.125984 1.028871 -0.023622,
        1.057793 1.146981 -0.091813,
        1.057793 1.146981 -0.207400,
        0.942207 1.146981 -0.091813,
        0.942207 1.146981 -0.207400,
        1.125984 1.028871 -0.275591,
        1.125984 0.300525 -0.275591,
        0.874016 1.028871 -0.275591,
        0.874016 0.300525 -0.275591,
        1.125984 0.232254 -0.266602,
        0.874016 0.232254 -0.266602,
        1.125984 0.168635 -0.240251,
        0.874016 0.168635 -0.240251,
        1.125984 0.114005 -0.198331,
        0.874016 0.114005 -0.198331,
        1.125984 0.072085 -0.143701,
        0.874016 0.072085 -0.143701,
        1.125984 0.045733 -0.080082,
        0.874016 0.045733 -0.080082,
        1.125984 0.036745 -0.011811,
        0.874016 0.036745 -0.011811,
        0.874016 0.036745 3.228346,
        1.125984 0.036745 3.228346,
        1.057793 0.104936 3.346457,
        1.057793 0.220523 3.346457,
        0.942207 0.104936 3.346457,
        0.942207 0.220523 3.346457,
        1.125984 0.288714 3.228346,
        0.874016 0.288714 3.228346,
      ]
    }
    coordIndex [
      8, 9, 10, -1,
      10, 9, 11, -1,
      10, 11, 12, -1,
      12, 11, 13, -1,
      12, 13, 14, -1,
      14, 13, 15, -1,
      14, 15, 16, -1,
      16, 15, 17, -1,
      16, 17, 18, -1,
      18, 17, 19, -1,
      18, 19, 20, -1,
      20, 19, 21, -1,
      22, 20, 23, -1,
      23, 20, 21, -1,
      24, 25, 26, -1,
      26, 25, 27, -1,
      28, 29, 30, -1,
      30, 29, 31, -1,
      31, 29, 32, -1,
      31, 32, 33, -1,
      33, 32, 34, -1,
      33, 34, 35, -1,
      35, 34, 36, -1,
      35, 36, 37, -1,
      37, 36, 38, -1,
      37, 38, 39, -1,
      39, 38, 40, -1,
      39, 40, 41, -1,
      41, 40, 42, -1,
      41, 42, 43, -1,
      4, 5, 9, -1,
      9, 5, 42, -1,
      9, 42, 11, -1,
      11, 42, 40, -1,
      11, 40, 13, -1,
      13, 40, 38, -1,
      13, 38, 15, -1,
      15, 38, 36, -1,
      15, 36, 17, -1,
      17, 36, 34, -1,
      17, 34, 19, -1,
      19, 34, 32, -1,
      19, 32, 21, -1,
      21, 32, 29, -1,
      21, 29, 23, -1,
      23, 29, 28, -1,
      22, 30, 20, -1,
      20, 30, 31, -1,
      20, 31, 18, -1,
      18, 31, 33, -1,
      18, 33, 16, -1,
      16, 33, 35, -1,
      16, 35, 14, -1,
      14, 35, 37, -1,
      14, 37, 12, -1,
      12, 37, 39, -1,
      12, 39, 10, -1,
      10, 39, 41, -1,
      10, 41, 8, -1,
      8, 41, 43, -1,
      8, 43, 7, -1,
      7, 43, 6, -1,
      4, 9, 7, -1,
      7, 9, 8, -1,
      43, 42, 6, -1,
      6, 42, 5, -1,
      44, 2, 45, -1,
      45, 2, 3, -1,
      46, 47, 48, -1,
      48, 47, 49, -1,
      50, 0, 51, -1,
      51, 0, 1, -1,
      51, 1, 44, -1,
      44, 1, 2, -1,
      45, 3, 50, -1,
      50, 3, 0, -1,
      30, 27, 28, -1,
      28, 27, 25, -1,
      22, 26, 30, -1,
      30, 26, 27, -1,
      24, 23, 25, -1,
      25, 23, 28, -1,
      23, 24, 22, -1,
      22, 24, 26, -1,
      51, 49, 50, -1,
      50, 49, 47, -1,
      44, 48, 51, -1,
      51, 48, 49, -1,
      46, 45, 47, -1,
      47, 45, 50, -1,
      45, 46, 44, -1,
      44, 46, 48, -1,
    ]
  }
}

Shape {
  appearance Appearance {
    material Material {
      diffuseColor 0.2510 0.2510 0.2510
      specularColor 0.1255 0.1255 0.1255
      ambientIntensity 0.2
      transparency 0.0000
      shininess 0.5
    }
  }
  geometry IndexedFaceSet {
    ccw TRUE
    solid FALSE
    coord DEF co Coordinate {
      point [
        1.500000 0.536745 0.000000,
        1.500000 0.536745 0.984252,
        1.500000 0.536745 0.118110,
        1.500000 -0.211286 0.984252,
        1.500000 -0.211286 0.118110,
        1.500000 -0.211286 0.000000,
        2.027404 0.654856 0.201769,
        2.027404 0.654856 0.175337,
        1.963179 0.654856 0.175337,
        2.027404 0.654856 0.307620,
        2.027404 0.654856 0.288057,
        1.963179 0.654856 0.288057,
        1.937654 0.654856 0.374864,
        1.932655 0.654856 0.375471,
        1.959180 0.654856 0.375471,
        1.890238 0.654856 0.367233,
        1.890238 0.654856 0.345878,
        1.872217 0.654856 0.345878,
        1.741813 0.654856 0.308183,
        1.748618 0.654856 0.326434,
        1.773103 0.654856 0.326434,
        1.886166 0.654856 0.202085,
        1.888859 0.654856 0.201769,
        1.872217 0.654856 0.201769,
        1.806678 0.654856 0.261381,
        1.806678 0.654856 0.240026,
        1.794185 0.654856 0.240026,
        2.085237 0.654856 0.322869,
        2.072372 0.654856 0.311983,
        2.027404 0.654856 0.375471,
        2.137875 0.654856 0.375471,
        2.127311 0.654856 0.368142,
        2.110900 0.654856 0.348906,
        2.101693 0.654856 0.330664,
        2.099354 0.654856 0.329877,
        2.235259 0.654856 0.382475,
        2.213250 0.654856 0.390411,
        2.369644 0.654856 0.984252,
        2.027404 0.654856 0.984252,
        2.169361 0.654856 0.390092,
        2.145820 0.654856 0.380983,
        2.191830 0.654856 0.392811,
        2.369644 0.654856 0.375471,
        2.299228 0.654856 0.352076,
        2.280544 0.654856 0.354384,
        2.369644 0.654856 0.307620,
        2.350661 0.654856 0.307620,
        2.346501 0.654856 0.317000,
        2.335100 0.654856 0.331613,
        2.246838 0.654856 0.375471,
        2.248759 0.654856 0.374309,
        2.259907 0.654856 0.364762,
        2.275088 0.654856 0.354088,
        2.269632 0.654856 0.353435,
        2.331893 0.654856 0.334649,
        2.316802 0.654856 0.345255,
        2.299520 0.654856 0.203049,
        2.305505 0.654856 0.204839,
        2.369644 0.654856 0.201769,
        2.322653 0.654856 0.213187,
        2.337472 0.654856 0.225820,
        2.348311 0.654856 0.241298,
        2.355105 0.654856 0.258960,
        2.369644 0.654856 0.288057,
        2.357398 0.654856 0.277531,
        2.357263 0.654856 0.282094,
        2.356196 0.654856 0.288057,
        2.354074 0.654856 0.299923,
        2.278426 0.654856 0.177169,
        2.287707 0.654856 0.184163,
        2.369644 0.654856 0.175337,
        2.294763 0.654856 0.192870,
        2.298922 0.654856 0.201769,
        2.254452 0.654856 0.170789,
        2.369644 0.654856 0.000000,
        2.242969 0.654856 0.172204,
        2.027404 0.654856 0.000000,
        2.234810 0.654856 0.175337,
        2.256280 0.654856 0.170823,
        2.267481 0.654856 0.172570,
        2.274068 0.654856 0.175337,
        2.209998 0.654856 0.201769,
        2.210041 0.654856 0.201589,
        2.215652 0.654856 0.191015,
        2.222939 0.654856 0.182843,
        2.232389 0.654856 0.176267,
        2.056895 0.654856 0.283996,
        2.054727 0.654856 0.268517,
        2.149424 0.654856 0.229756,
        2.146168 0.654856 0.231041,
        2.140594 0.654856 0.258080,
        2.072280 0.654856 0.223448,
        2.085191 0.654856 0.212519,
        2.218871 0.654856 0.250015,
        2.155301 0.654856 0.283223,
        2.227161 0.654856 0.257563,
        2.237228 0.654856 0.262959,
        2.152341 0.654856 0.227688,
        2.062867 0.654856 0.236560,
        2.084372 0.654856 0.272196,
        2.086599 0.654856 0.281308,
        2.090236 0.654856 0.288057,
        2.326330 0.654856 0.288057,
        2.056906 0.654856 0.251578,
        2.142492 0.654856 0.231513,
        2.142030 0.654856 0.231480,
        2.140607 0.654856 0.231165,
        2.323544 0.654856 0.259564,
        2.317888 0.654856 0.249938,
        2.293800 0.654856 0.245036,
        2.309382 0.654856 0.241200,
        2.299046 0.654856 0.234834,
        2.276256 0.654856 0.260742,
        2.285956 0.654856 0.254003,
        2.327510 0.654856 0.278479,
        2.326944 0.654856 0.271175,
        2.265777 0.654856 0.264750,
        2.254452 0.654856 0.266145,
        2.248679 0.654856 0.265802,
        2.157198 0.654856 0.216807,
        2.157078 0.654856 0.218679,
        2.207011 0.654856 0.222974,
        2.156125 0.654856 0.222290,
        2.154301 0.654856 0.225526,
        2.093769 0.654856 0.242951,
        2.088549 0.654856 0.250350,
        2.085279 0.654856 0.258806,
        2.084140 0.654856 0.268043,
        2.146113 0.654856 0.202531,
        2.149251 0.654856 0.203766,
        2.152328 0.654856 0.205954,
        2.153431 0.654856 0.207076,
        2.155499 0.654856 0.210056,
        2.156748 0.654856 0.213273,
        2.207267 0.654856 0.213301,
        2.207011 0.654856 0.218230,
        2.099667 0.654856 0.205437,
        2.115451 0.654856 0.202100,
        2.143441 0.654856 0.202100,
        2.139646 0.654856 0.231039,
        2.118297 0.654856 0.231039,
        2.109785 0.654856 0.232669,
        2.101414 0.654856 0.236546,
        2.094399 0.654856 0.242274,
        2.124939 0.654856 0.305046,
        2.322032 0.654856 0.300542,
        2.326096 0.654856 0.289961,
        2.121144 0.654856 0.305046,
        2.091010 0.654856 0.289494,
        2.096484 0.654856 0.295606,
        2.103842 0.654856 0.300744,
        2.112121 0.654856 0.303933,
        2.135159 0.654856 0.333537,
        2.145858 0.654856 0.346322,
        2.254926 0.654856 0.318804,
        2.147066 0.654856 0.347422,
        2.160395 0.654856 0.356671,
        2.247681 0.654856 0.333806,
        2.317106 0.654856 0.307620,
        2.258319 0.654856 0.320659,
        2.125505 0.654856 0.307620,
        2.127841 0.654856 0.318251,
        2.268956 0.654856 0.324544,
        2.280069 0.654856 0.325920,
        2.284998 0.654856 0.325664,
        2.237042 0.654856 0.346519,
        2.175272 0.654856 0.362370,
        2.224315 0.654856 0.355818,
        2.191356 0.654856 0.364346,
        2.208816 0.654856 0.362098,
        2.296710 0.654856 0.322890,
        2.307285 0.654856 0.317279,
        2.315457 0.654856 0.309991,
        2.069243 0.654856 0.307620,
        2.062692 0.654856 0.298485,
        2.058520 0.654856 0.288057,
        1.780923 0.654856 0.269056,
        1.780923 0.654856 0.261381,
        1.773103 0.654856 0.288057,
        1.779405 0.654856 0.209939,
        1.773103 0.654856 0.201769,
        1.779405 0.654856 0.202331,
        1.794185 0.654856 0.201769,
        1.806678 0.654856 0.209939,
        1.794185 0.654856 0.209939,
        1.806678 0.654856 0.232385,
        1.794185 0.654856 0.232385,
        1.782817 0.654856 0.232385,
        1.782817 0.654856 0.240026,
        1.794185 0.654856 0.261381,
        1.794185 0.654856 0.202331,
        1.815292 0.654856 0.202331,
        1.819794 0.654856 0.201769,
        1.815292 0.654856 0.269056,
        1.952697 0.654856 0.225184,
        1.951538 0.654856 0.238525,
        1.954403 0.654856 0.222817,
        1.955587 0.654856 0.219896,
        1.917903 0.654856 0.202331,
        1.926261 0.654856 0.202331,
        1.936532 0.654856 0.201769,
        1.906578 0.654856 0.212633,
        1.917903 0.654856 0.232999,
        1.906578 0.654856 0.204003,
        1.946082 0.654856 0.201786,
        1.949287 0.654856 0.202994,
        1.959180 0.654856 0.201769,
        1.954763 0.654856 0.208456,
        1.955778 0.654856 0.211278,
        1.943583 0.654856 0.250056,
        1.959180 0.654856 0.288057,
        1.949800 0.654856 0.247650,
        1.951538 0.654856 0.246644,
        1.950078 0.654856 0.227387,
        1.946415 0.654856 0.229197,
        1.946628 0.654856 0.241737,
        1.940383 0.654856 0.230645,
        1.933083 0.654856 0.243994,
        1.935915 0.654856 0.244290,
        1.941415 0.654856 0.243655,
        1.926261 0.654856 0.209700,
        1.926482 0.654856 0.209700,
        1.928660 0.654856 0.206628,
        1.931417 0.654856 0.204099,
        1.952101 0.654856 0.204958,
        1.953024 0.654856 0.205892,
        1.933017 0.654856 0.203099,
        1.936331 0.654856 0.201794,
        1.905201 0.654856 0.242806,
        1.923702 0.654856 0.247897,
        1.921490 0.654856 0.245741,
        1.956194 0.654856 0.215090,
        1.956158 0.654856 0.216342,
        1.903221 0.654856 0.210567,
        1.902714 0.654856 0.210379,
        1.902714 0.654856 0.228109,
        1.906196 0.654856 0.240115,
        1.935130 0.654856 0.251079,
        1.929945 0.654856 0.250594,
        1.926459 0.654856 0.249506,
        1.926261 0.654856 0.232624,
        1.926552 0.654856 0.236319,
        1.927416 0.654856 0.239295,
        1.928397 0.654856 0.241016,
        1.918506 0.654856 0.239136,
        1.906167 0.654856 0.233881,
        1.919796 0.654856 0.243005,
        1.906526 0.654856 0.237126,
        1.929661 0.654856 0.242360,
        1.931144 0.654856 0.243317,
        1.902788 0.654856 0.228157,
        1.904156 0.654856 0.229588,
        1.905246 0.654856 0.231330,
        1.902714 0.654856 0.202578,
        1.902714 0.654856 0.201769,
        1.901489 0.654856 0.202126,
        1.898444 0.654856 0.201769,
        1.876678 0.654856 0.248964,
        1.876678 0.654856 0.240845,
        1.903648 0.654856 0.245065,
        1.902714 0.654856 0.245904,
        1.902714 0.654856 0.288057,
        1.901171 0.654856 0.247292,
        1.898457 0.654856 0.248888,
        1.874790 0.654856 0.211936,
        1.875816 0.654856 0.209288,
        1.877374 0.654856 0.207083,
        1.893809 0.654856 0.250480,
        1.887969 0.654856 0.251079,
        1.872217 0.654856 0.288057,
        1.882106 0.654856 0.250559,
        1.877189 0.654856 0.223174,
        1.875630 0.654856 0.220872,
        1.874738 0.654856 0.218408,
        1.874392 0.654856 0.215294,
        1.879765 0.654856 0.204992,
        1.881755 0.654856 0.203772,
        1.888788 0.654856 0.244290,
        1.891262 0.654856 0.244105,
        1.897913 0.654856 0.237877,
        1.893498 0.654856 0.243513,
        1.895372 0.654856 0.242517,
        1.897837 0.654856 0.236765,
        1.897505 0.654856 0.235467,
        1.896903 0.654856 0.234339,
        1.896088 0.654856 0.233443,
        1.893141 0.654856 0.231600,
        1.883437 0.654856 0.243699,
        1.887969 0.654856 0.229349,
        1.878710 0.654856 0.242001,
        1.884733 0.654856 0.228039,
        1.879182 0.654856 0.224952,
        1.896633 0.654856 0.241402,
        1.897349 0.654856 0.240338,
        1.897762 0.654856 0.239210,
        1.897976 0.654856 0.208619,
        1.893870 0.654856 0.223277,
        1.898852 0.654856 0.225560,
        1.892830 0.654856 0.208028,
        1.892461 0.654856 0.208031,
        1.888383 0.654856 0.220978,
        1.888177 0.654856 0.208511,
        1.882971 0.654856 0.214476,
        1.883054 0.654856 0.215515,
        1.886020 0.654856 0.209300,
        1.885258 0.654856 0.209763,
        1.884299 0.654856 0.210614,
        1.883569 0.654856 0.211693,
        1.883144 0.654856 0.212881,
        1.883433 0.654856 0.216820,
        1.884079 0.654856 0.217928,
        1.885121 0.654856 0.219013,
        1.732295 0.654856 0.308183,
        1.773103 0.654856 0.307620,
        1.618110 0.654856 0.307620,
        1.618110 0.654856 0.375471,
        1.757709 0.654856 0.374908,
        1.773103 0.654856 0.375471,
        1.782817 0.654856 0.308183,
        1.792334 0.654856 0.308183,
        1.794185 0.654856 0.307620,
        1.776403 0.654856 0.326434,
        1.794185 0.654856 0.375471,
        1.773103 0.654856 0.358675,
        1.766920 0.654856 0.374908,
        1.819794 0.654856 0.307620,
        1.820691 0.654856 0.309559,
        1.832007 0.654856 0.308183,
        1.831325 0.654856 0.374908,
        1.819794 0.654856 0.375471,
        1.856662 0.654856 0.375471,
        1.856662 0.654856 0.307620,
        1.850360 0.654856 0.308183,
        1.850360 0.654856 0.374908,
        1.797853 0.654856 0.330333,
        1.801140 0.654856 0.323432,
        1.803739 0.654856 0.363764,
        1.799610 0.654856 0.357944,
        1.806098 0.654856 0.317530,
        1.813082 0.654856 0.312526,
        1.819794 0.654856 0.309908,
        1.806098 0.654856 0.366073,
        1.821136 0.654856 0.373783,
        1.819794 0.654856 0.373293,
        1.813083 0.654856 0.370841,
        1.797143 0.654856 0.351579,
        1.796035 0.654856 0.342399,
        1.796236 0.654856 0.338144,
        1.872217 0.654856 0.375471,
        1.864482 0.654856 0.374908,
        1.872217 0.654856 0.374908,
        1.890238 0.654856 0.315791,
        1.872217 0.654856 0.315791,
        1.890238 0.654856 0.338237,
        1.872217 0.654856 0.338237,
        1.866376 0.654856 0.338237,
        1.862964 0.654856 0.315791,
        1.866376 0.654856 0.345878,
        1.864482 0.654856 0.367233,
        1.872217 0.654856 0.367233,
        1.898851 0.654856 0.308183,
        1.902714 0.654856 0.307620,
        1.872217 0.654856 0.307620,
        1.862964 0.654856 0.308183,
        1.872217 0.654856 0.308183,
        1.898851 0.654856 0.374908,
        1.902714 0.654856 0.375471,
        1.920854 0.654856 0.375471,
        1.919280 0.654856 0.375347,
        1.912206 0.654856 0.373305,
        1.912206 0.654856 0.364299,
        1.912206 0.654856 0.319202,
        1.912206 0.654856 0.310946,
        1.927932 0.654856 0.368256,
        1.931094 0.654856 0.368100,
        1.913344 0.654856 0.310380,
        1.920508 0.654856 0.308030,
        1.924791 0.654856 0.307620,
        1.919717 0.654856 0.367275,
        1.912949 0.654856 0.364700,
        1.936819 0.654856 0.366871,
        1.942009 0.654856 0.364321,
        1.946114 0.654856 0.360854,
        1.946571 0.654856 0.360353,
        1.949795 0.654856 0.355715,
        1.952028 0.654856 0.349950,
        1.953124 0.654856 0.340795,
        1.953014 0.654856 0.337767,
        1.918780 0.654856 0.316251,
        1.926328 0.654856 0.314848,
        1.929433 0.654856 0.314733,
        1.951859 0.654856 0.331219,
        1.949624 0.654856 0.325915,
        1.946575 0.654856 0.321760,
        1.944688 0.654856 0.319957,
        1.935259 0.654856 0.315331,
        1.940170 0.654856 0.317009,
        1.928017 0.654856 0.376034,
        1.959180 0.654856 0.984252,
        1.902714 0.654856 0.984252,
        1.957364 0.654856 0.359891,
        1.952528 0.654856 0.366209,
        1.950875 0.654856 0.367787,
        1.944628 0.654856 0.372160,
        1.959180 0.654856 0.325144,
        1.960852 0.654856 0.329435,
        1.963179 0.654856 0.307620,
        1.962164 0.654856 0.340283,
        1.962047 0.654856 0.343768,
        1.963179 0.654856 0.375471,
        1.960533 0.654856 0.352479,
        1.959180 0.654856 0.355646,
        1.948241 0.654856 0.311710,
        1.953602 0.654856 0.316166,
        1.959180 0.654856 0.307620,
        1.954157 0.654856 0.316772,
        1.958137 0.654856 0.322470,
        1.930678 0.654856 0.307058,
        1.934715 0.654856 0.307249,
        1.936518 0.654856 0.307620,
        1.941944 0.654856 0.308739,
        1.893649 0.654856 0.201206,
        1.902714 0.654856 0.175337,
        1.959180 0.654856 0.175337,
        1.945930 0.654856 0.201769,
        1.941083 0.654856 0.201206,
        1.832962 0.654856 0.249987,
        1.824298 0.654856 0.249987,
        1.819794 0.654856 0.288057,
        1.794185 0.654856 0.269056,
        1.794185 0.654856 0.288057,
        1.843309 0.654856 0.201769,
        1.848244 0.654856 0.214169,
        1.847221 0.654856 0.210246,
        1.847000 0.654856 0.210246,
        1.856662 0.654856 0.288057,
        1.856662 0.654856 0.238383,
        1.845976 0.654856 0.214100,
        1.846616 0.654856 0.211879,
        1.856662 0.654856 0.201769,
        1.856662 0.654856 0.215949,
        1.870043 0.654856 0.249987,
        1.860696 0.654856 0.249987,
        1.851349 0.654856 0.202434,
        1.851630 0.654856 0.201769,
        1.855016 0.654856 0.193769,
        1.872217 0.654856 0.175337,
        1.868320 0.654856 0.180568,
        1.868320 0.654856 0.188004,
        1.858234 0.654856 0.189002,
        1.856677 0.654856 0.190733,
        1.856662 0.654856 0.190760,
        1.866610 0.654856 0.187444,
        1.863578 0.654856 0.187049,
        1.856662 0.654856 0.181375,
        1.859554 0.654856 0.180274,
        1.856662 0.654856 0.175337,
        1.862930 0.654856 0.179885,
        1.864775 0.654856 0.179952,
        1.861473 0.654856 0.187298,
        1.859653 0.654856 0.188008,
        1.845925 0.654856 0.195134,
        1.849709 0.654856 0.187765,
        1.819794 0.654856 0.175337,
        1.852767 0.654856 0.184093,
        1.853337 0.654856 0.183570,
        1.856256 0.654856 0.181530,
        2.381890 0.654856 0.000000,
        2.381890 0.654856 0.175337,
        2.381890 0.654856 0.201769,
        2.381890 0.654856 0.288057,
        2.381890 0.654856 0.307620,
        2.381890 0.654856 0.375471,
        2.381890 0.654856 0.984252,
        1.964893 0.654856 0.315791,
        1.964893 0.654856 0.308183,
        2.000081 0.654856 0.308183,
        1.991467 0.654856 0.374908,
        1.991467 0.654856 0.315791,
        2.000081 0.654856 0.374908,
        1.963179 0.654856 0.201769,
        1.964194 0.654856 0.202331,
        2.000081 0.654856 0.202331,
        1.964194 0.654856 0.209939,
        1.965712 0.654856 0.261381,
        1.991467 0.654856 0.232385,
        1.991467 0.654856 0.209939,
        1.967606 0.654856 0.232385,
        1.967606 0.654856 0.240026,
        1.991467 0.654856 0.240026,
        1.991467 0.654856 0.261381,
        2.000081 0.654856 0.269056,
        1.965712 0.654856 0.269056,
        1.963179 0.654856 0.984252,
        1.872217 0.654856 0.984252,
        1.856662 0.654856 0.984252,
        1.819794 0.654856 0.984252,
        1.794185 0.654856 0.984252,
        1.773103 0.654856 0.984252,
        1.618110 0.654856 0.984252,
        1.618110 0.654856 0.288057,
        1.699257 0.654856 0.202331,
        1.708774 0.654856 0.202331,
        1.712676 0.654856 0.232292,
        1.714294 0.654856 0.224481,
        1.674150 0.654856 0.269056,
        1.618110 0.654856 0.201769,
        1.648736 0.654856 0.202331,
        1.658254 0.654856 0.202331,
        1.665059 0.654856 0.220582,
        1.692844 0.654856 0.220582,
        1.683360 0.654856 0.269056,
        1.717580 0.654856 0.217580,
        1.722539 0.654856 0.211678,
        1.729522 0.654856 0.206674,
        1.766800 0.654856 0.269056,
        1.766800 0.654856 0.202331,
        1.748448 0.654856 0.202331,
        1.737132 0.654856 0.203707,
        1.712476 0.654856 0.236546,
        1.713584 0.654856 0.245727,
        1.722539 0.654856 0.260221,
        1.720179 0.654856 0.257912,
        1.716050 0.654856 0.252093,
        1.747765 0.654856 0.269056,
        1.737577 0.654856 0.267931,
        1.729524 0.654856 0.264989,
        1.794185 0.654856 0.175337,
        1.773103 0.654856 0.175337,
        1.618110 0.654856 0.175337,
        1.963179 0.654856 0.000000,
        1.959180 0.654856 0.000000,
        1.902714 0.654856 0.000000,
        1.872217 0.654856 0.000000,
        1.856662 0.654856 0.000000,
        1.819794 0.654856 0.000000,
        1.794185 0.654856 0.000000,
        1.773103 0.654856 0.000000,
        1.618110 0.654856 0.000000,
        2.500000 0.536745 0.000000,
        2.381890 -0.329396 0.984252,
        1.618110 -0.329396 0.984252,
        2.381890 -0.329396 0.000000,
        1.618110 -0.329396 0.000000,
        2.500000 0.536745 0.118110,
        2.500000 0.536745 0.984252,
        2.500000 -0.211286 0.118110,
        2.500000 -0.211286 0.984252,
        1.874016 0.288714 0.984252,
        2.125984 0.036745 0.984252,
        2.125984 0.288714 0.984252,
        1.874016 0.036745 0.984252,
        2.500000 -0.211286 0.000000,
        2.125984 0.288714 0.118110,
        2.125984 0.036745 0.118110,
        1.874016 0.036745 0.118110,
        1.874016 0.288714 0.118110,
      ]
    }
    coordIndex [
      6, 7, 8, -1,
      9, 10, 11, -1,
      12, 13, 14, -1,
      15, 16, 17, -1,
      18, 19, 20, -1,
      21, 22, 23, -1,
      24, 25, 26, -1,
      27, 28, 29, -1,
      29, 28, 9, -1,
      30, 31, 29, -1,
      29, 31, 32, -1,
      32, 33, 29, -1,
      29, 33, 34, -1,
      29, 34, 27, -1,
      35, 36, 37, -1,
      38, 39, 40, -1,
      37, 36, 38, -1,
      38, 36, 41, -1,
      38, 41, 39, -1,
      42, 43, 44, -1,
      45, 46, 42, -1,
      42, 46, 47, -1,
      42, 47, 48, -1,
      35, 37, 49, -1,
      49, 37, 42, -1,
      49, 42, 50, -1,
      50, 42, 44, -1,
      50, 44, 51, -1,
      51, 44, 52, -1,
      51, 52, 53, -1,
      48, 54, 42, -1,
      42, 54, 55, -1,
      42, 55, 43, -1,
      56, 57, 58, -1,
      58, 57, 59, -1,
      58, 59, 60, -1,
      60, 61, 58, -1,
      58, 61, 62, -1,
      58, 62, 63, -1,
      63, 62, 64, -1,
      64, 65, 63, -1,
      63, 65, 66, -1,
      63, 66, 45, -1,
      45, 66, 67, -1,
      45, 67, 46, -1,
      68, 69, 70, -1,
      70, 69, 71, -1,
      70, 71, 58, -1,
      58, 71, 72, -1,
      58, 72, 56, -1,
      73, 74, 75, -1,
      75, 74, 76, -1,
      75, 76, 77, -1,
      73, 78, 74, -1,
      74, 78, 79, -1,
      74, 79, 70, -1,
      70, 79, 80, -1,
      70, 80, 68, -1,
      6, 81, 7, -1,
      7, 81, 82, -1,
      7, 82, 83, -1,
      83, 84, 7, -1,
      7, 84, 85, -1,
      7, 85, 77, -1,
      86, 87, 10, -1,
      88, 89, 90, -1,
      91, 92, 6, -1,
      93, 94, 95, -1,
      95, 94, 96, -1,
      88, 90, 97, -1,
      91, 6, 98, -1,
      99, 100, 94, -1,
      94, 100, 101, -1,
      94, 101, 102, -1,
      10, 87, 6, -1,
      6, 87, 103, -1,
      6, 103, 98, -1,
      89, 104, 90, -1,
      90, 104, 105, -1,
      90, 105, 106, -1,
      107, 108, 109, -1,
      109, 108, 110, -1,
      109, 110, 111, -1,
      112, 102, 113, -1,
      113, 102, 114, -1,
      113, 114, 109, -1,
      109, 114, 115, -1,
      109, 115, 107, -1,
      112, 116, 102, -1,
      102, 116, 117, -1,
      102, 117, 94, -1,
      94, 117, 118, -1,
      94, 118, 96, -1,
      119, 120, 121, -1,
      121, 120, 122, -1,
      121, 122, 90, -1,
      90, 122, 123, -1,
      90, 123, 97, -1,
      124, 125, 90, -1,
      90, 125, 126, -1,
      90, 126, 94, -1,
      94, 126, 127, -1,
      94, 127, 99, -1,
      128, 129, 81, -1,
      81, 129, 130, -1,
      81, 130, 131, -1,
      131, 132, 81, -1,
      81, 132, 133, -1,
      81, 133, 134, -1,
      134, 133, 119, -1,
      134, 119, 135, -1,
      135, 119, 121, -1,
      92, 136, 6, -1,
      6, 136, 137, -1,
      6, 137, 81, -1,
      81, 137, 138, -1,
      81, 138, 128, -1,
      106, 139, 90, -1,
      90, 139, 140, -1,
      90, 140, 141, -1,
      141, 142, 90, -1,
      90, 142, 143, -1,
      90, 143, 124, -1,
      144, 145, 146, -1,
      146, 102, 144, -1,
      144, 102, 101, -1,
      144, 101, 147, -1,
      147, 101, 148, -1,
      148, 149, 147, -1,
      147, 149, 150, -1,
      147, 150, 151, -1,
      152, 153, 154, -1,
      153, 155, 154, -1,
      154, 155, 156, -1,
      154, 156, 157, -1,
      158, 154, 159, -1,
      145, 144, 158, -1,
      158, 144, 160, -1,
      158, 160, 154, -1,
      154, 160, 161, -1,
      154, 161, 152, -1,
      159, 162, 158, -1,
      158, 162, 163, -1,
      158, 163, 164, -1,
      157, 156, 165, -1,
      165, 156, 166, -1,
      165, 166, 167, -1,
      167, 166, 168, -1,
      167, 168, 169, -1,
      170, 171, 164, -1,
      164, 171, 172, -1,
      164, 172, 158, -1,
      28, 173, 9, -1,
      9, 173, 174, -1,
      9, 174, 10, -1,
      10, 174, 175, -1,
      10, 175, 86, -1,
      176, 177, 178, -1,
      178, 177, 179, -1,
      178, 179, 180, -1,
      180, 179, 181, -1,
      180, 181, 182, -1,
      183, 184, 185, -1,
      185, 184, 186, -1,
      186, 184, 187, -1,
      187, 184, 179, -1,
      187, 179, 188, -1,
      188, 179, 177, -1,
      188, 177, 26, -1,
      26, 177, 189, -1,
      26, 189, 24, -1,
      181, 190, 182, -1,
      182, 190, 191, -1,
      182, 191, 192, -1,
      192, 191, 193, -1,
      194, 195, 196, -1,
      196, 195, 197, -1,
      198, 199, 200, -1,
      201, 202, 203, -1,
      203, 202, 198, -1,
      204, 205, 206, -1,
      206, 207, 208, -1,
      209, 210, 211, -1,
      211, 210, 212, -1,
      194, 213, 195, -1,
      195, 213, 214, -1,
      195, 214, 215, -1,
      215, 214, 216, -1,
      217, 218, 216, -1,
      216, 218, 219, -1,
      216, 219, 215, -1,
      220, 221, 199, -1,
      199, 221, 222, -1,
      199, 222, 223, -1,
      205, 224, 206, -1,
      206, 224, 225, -1,
      206, 225, 207, -1,
      223, 226, 199, -1,
      199, 226, 227, -1,
      199, 227, 200, -1,
      228, 229, 230, -1,
      208, 231, 206, -1,
      206, 231, 232, -1,
      206, 232, 210, -1,
      210, 232, 197, -1,
      210, 197, 212, -1,
      212, 197, 195, -1,
      233, 234, 235, -1,
      228, 230, 236, -1,
      209, 237, 210, -1,
      210, 237, 238, -1,
      210, 238, 239, -1,
      240, 241, 216, -1,
      216, 241, 242, -1,
      216, 242, 243, -1,
      244, 202, 245, -1,
      233, 235, 201, -1,
      230, 246, 236, -1,
      236, 246, 244, -1,
      236, 244, 247, -1,
      247, 244, 245, -1,
      243, 248, 216, -1,
      216, 248, 249, -1,
      216, 249, 217, -1,
      235, 250, 201, -1,
      201, 250, 251, -1,
      201, 251, 202, -1,
      202, 251, 252, -1,
      202, 252, 245, -1,
      253, 254, 255, -1,
      255, 254, 256, -1,
      257, 258, 23, -1,
      259, 260, 261, -1,
      261, 260, 262, -1,
      261, 262, 263, -1,
      264, 265, 23, -1,
      23, 265, 266, -1,
      263, 267, 261, -1,
      261, 267, 268, -1,
      261, 268, 269, -1,
      269, 268, 270, -1,
      269, 270, 257, -1,
      271, 272, 258, -1,
      258, 272, 273, -1,
      258, 273, 23, -1,
      23, 273, 274, -1,
      23, 274, 264, -1,
      266, 275, 23, -1,
      23, 275, 276, -1,
      23, 276, 21, -1,
      277, 278, 279, -1,
      279, 278, 280, -1,
      279, 280, 281, -1,
      279, 282, 277, -1,
      277, 282, 283, -1,
      277, 283, 284, -1,
      284, 285, 277, -1,
      277, 285, 286, -1,
      277, 286, 287, -1,
      287, 286, 288, -1,
      287, 288, 289, -1,
      289, 288, 290, -1,
      289, 290, 258, -1,
      258, 290, 291, -1,
      258, 291, 271, -1,
      292, 293, 281, -1,
      281, 293, 294, -1,
      281, 294, 279, -1,
      295, 296, 234, -1,
      234, 296, 297, -1,
      234, 297, 235, -1,
      295, 298, 296, -1,
      296, 298, 299, -1,
      296, 299, 300, -1,
      300, 299, 301, -1,
      300, 302, 303, -1,
      301, 304, 300, -1,
      300, 304, 305, -1,
      300, 305, 306, -1,
      306, 307, 300, -1,
      300, 307, 308, -1,
      300, 308, 302, -1,
      303, 309, 300, -1,
      300, 309, 310, -1,
      300, 310, 311, -1,
      312, 18, 313, -1,
      314, 315, 316, -1,
      316, 315, 317, -1,
      318, 319, 320, -1,
      18, 20, 313, -1,
      313, 20, 321, -1,
      313, 321, 318, -1,
      320, 319, 322, -1,
      322, 319, 323, -1,
      322, 323, 317, -1,
      317, 323, 324, -1,
      317, 324, 316, -1,
      325, 326, 327, -1,
      328, 329, 330, -1,
      325, 327, 331, -1,
      331, 327, 332, -1,
      331, 332, 330, -1,
      330, 332, 333, -1,
      330, 333, 328, -1,
      334, 335, 320, -1,
      336, 337, 322, -1,
      335, 338, 320, -1,
      320, 338, 339, -1,
      320, 339, 325, -1,
      325, 339, 340, -1,
      325, 340, 326, -1,
      336, 322, 341, -1,
      328, 342, 329, -1,
      329, 342, 343, -1,
      329, 343, 322, -1,
      322, 343, 344, -1,
      322, 344, 341, -1,
      337, 345, 322, -1,
      322, 345, 346, -1,
      322, 346, 320, -1,
      320, 346, 347, -1,
      320, 347, 334, -1,
      330, 348, 349, -1,
      349, 348, 350, -1,
      351, 352, 353, -1,
      353, 352, 354, -1,
      354, 352, 355, -1,
      355, 352, 356, -1,
      355, 356, 357, -1,
      357, 356, 358, -1,
      357, 358, 17, -1,
      17, 358, 359, -1,
      17, 359, 15, -1,
      360, 361, 362, -1,
      349, 358, 330, -1,
      330, 358, 356, -1,
      330, 356, 331, -1,
      331, 356, 363, -1,
      331, 363, 362, -1,
      362, 363, 364, -1,
      362, 364, 360, -1,
      350, 348, 365, -1,
      365, 348, 366, -1,
      365, 366, 360, -1,
      367, 368, 366, -1,
      366, 368, 369, -1,
      366, 369, 370, -1,
      371, 372, 361, -1,
      373, 374, 371, -1,
      372, 375, 361, -1,
      361, 375, 376, -1,
      361, 376, 377, -1,
      373, 371, 378, -1,
      360, 366, 361, -1,
      361, 366, 370, -1,
      361, 370, 371, -1,
      371, 370, 379, -1,
      371, 379, 378, -1,
      374, 380, 371, -1,
      371, 380, 381, -1,
      371, 381, 382, -1,
      382, 383, 371, -1,
      371, 383, 384, -1,
      371, 384, 385, -1,
      385, 386, 371, -1,
      371, 386, 387, -1,
      371, 387, 388, -1,
      388, 387, 389, -1,
      389, 387, 390, -1,
      390, 387, 391, -1,
      390, 391, 392, -1,
      392, 393, 390, -1,
      390, 393, 394, -1,
      390, 394, 395, -1,
      395, 394, 396, -1,
      13, 397, 398, -1,
      398, 397, 367, -1,
      398, 367, 399, -1,
      14, 400, 401, -1,
      401, 402, 14, -1,
      14, 402, 403, -1,
      14, 403, 12, -1,
      404, 405, 406, -1,
      407, 408, 409, -1,
      409, 408, 410, -1,
      409, 410, 14, -1,
      14, 410, 411, -1,
      14, 411, 400, -1,
      412, 413, 414, -1,
      414, 413, 415, -1,
      414, 415, 416, -1,
      417, 418, 210, -1,
      210, 418, 419, -1,
      210, 419, 414, -1,
      414, 419, 420, -1,
      414, 420, 412, -1,
      229, 228, 239, -1,
      239, 228, 259, -1,
      239, 259, 210, -1,
      210, 259, 261, -1,
      210, 261, 417, -1,
      421, 256, 422, -1,
      422, 256, 254, -1,
      422, 254, 423, -1,
      204, 206, 424, -1,
      424, 206, 423, -1,
      424, 423, 425, -1,
      425, 423, 200, -1,
      200, 423, 254, -1,
      200, 254, 198, -1,
      198, 254, 253, -1,
      198, 253, 203, -1,
      426, 427, 428, -1,
      176, 178, 429, -1,
      429, 178, 430, -1,
      429, 430, 193, -1,
      193, 430, 428, -1,
      193, 428, 192, -1,
      192, 428, 427, -1,
      192, 427, 431, -1,
      432, 433, 434, -1,
      428, 435, 426, -1,
      426, 435, 436, -1,
      426, 436, 437, -1,
      437, 436, 432, -1,
      437, 432, 438, -1,
      438, 432, 434, -1,
      439, 440, 23, -1,
      23, 440, 441, -1,
      257, 23, 269, -1,
      269, 23, 441, -1,
      269, 441, 435, -1,
      435, 441, 442, -1,
      435, 442, 436, -1,
      443, 440, 444, -1,
      444, 440, 439, -1,
      444, 439, 445, -1,
      446, 447, 448, -1,
      449, 450, 439, -1,
      439, 450, 451, -1,
      439, 451, 445, -1,
      421, 422, 22, -1,
      22, 422, 446, -1,
      22, 446, 23, -1,
      23, 446, 448, -1,
      23, 448, 439, -1,
      439, 448, 452, -1,
      439, 452, 453, -1,
      454, 455, 456, -1,
      456, 455, 457, -1,
      456, 457, 446, -1,
      446, 457, 458, -1,
      446, 458, 447, -1,
      453, 459, 439, -1,
      439, 459, 460, -1,
      439, 460, 449, -1,
      461, 462, 463, -1,
      461, 463, 431, -1,
      462, 464, 463, -1,
      463, 464, 465, -1,
      463, 465, 456, -1,
      456, 465, 466, -1,
      456, 466, 454, -1,
      467, 74, 468, -1,
      468, 74, 70, -1,
      468, 70, 469, -1,
      469, 70, 58, -1,
      469, 58, 470, -1,
      470, 58, 63, -1,
      470, 63, 471, -1,
      471, 63, 45, -1,
      471, 45, 472, -1,
      472, 45, 42, -1,
      472, 42, 473, -1,
      473, 42, 37, -1,
      474, 475, 406, -1,
      406, 475, 476, -1,
      477, 409, 29, -1,
      405, 407, 406, -1,
      406, 407, 409, -1,
      406, 409, 474, -1,
      474, 409, 477, -1,
      474, 477, 478, -1,
      11, 406, 9, -1,
      9, 406, 476, -1,
      9, 476, 29, -1,
      29, 476, 479, -1,
      29, 479, 477, -1,
      480, 481, 482, -1,
      481, 480, 483, -1,
      483, 480, 11, -1,
      483, 11, 484, -1,
      485, 486, 487, -1,
      487, 486, 483, -1,
      487, 483, 488, -1,
      488, 483, 484, -1,
      488, 484, 489, -1,
      489, 484, 490, -1,
      8, 480, 6, -1,
      6, 480, 482, -1,
      6, 482, 10, -1,
      10, 482, 491, -1,
      10, 491, 11, -1,
      11, 491, 492, -1,
      11, 492, 484, -1,
      13, 398, 14, -1,
      14, 398, 493, -1,
      14, 493, 409, -1,
      409, 493, 38, -1,
      409, 38, 29, -1,
      29, 38, 40, -1,
      29, 40, 30, -1,
      8, 423, 480, -1,
      480, 423, 206, -1,
      480, 206, 11, -1,
      11, 206, 210, -1,
      11, 210, 406, -1,
      406, 210, 414, -1,
      406, 414, 404, -1,
      404, 414, 416, -1,
      178, 320, 430, -1,
      430, 320, 325, -1,
      430, 325, 428, -1,
      428, 325, 331, -1,
      428, 331, 435, -1,
      435, 331, 362, -1,
      435, 362, 269, -1,
      269, 362, 361, -1,
      269, 361, 261, -1,
      261, 361, 377, -1,
      261, 377, 417, -1,
      367, 366, 399, -1,
      399, 366, 348, -1,
      399, 348, 494, -1,
      494, 348, 330, -1,
      494, 330, 495, -1,
      495, 330, 329, -1,
      495, 329, 496, -1,
      496, 329, 322, -1,
      496, 322, 497, -1,
      497, 322, 317, -1,
      497, 317, 498, -1,
      498, 317, 315, -1,
      498, 315, 499, -1,
      316, 312, 314, -1,
      314, 312, 313, -1,
      314, 313, 500, -1,
      501, 502, 180, -1,
      503, 504, 502, -1,
      500, 505, 506, -1,
      506, 505, 507, -1,
      506, 507, 508, -1,
      509, 510, 508, -1,
      508, 510, 501, -1,
      508, 501, 506, -1,
      506, 501, 180, -1,
      318, 320, 313, -1,
      313, 320, 178, -1,
      313, 178, 500, -1,
      500, 178, 511, -1,
      500, 511, 505, -1,
      504, 512, 502, -1,
      502, 512, 513, -1,
      502, 513, 514, -1,
      515, 178, 516, -1,
      516, 178, 180, -1,
      516, 180, 517, -1,
      517, 180, 502, -1,
      517, 502, 518, -1,
      518, 502, 514, -1,
      503, 502, 519, -1,
      519, 502, 511, -1,
      519, 511, 520, -1,
      521, 522, 511, -1,
      511, 522, 523, -1,
      511, 523, 520, -1,
      515, 524, 178, -1,
      178, 524, 525, -1,
      178, 525, 511, -1,
      511, 525, 526, -1,
      511, 526, 521, -1,
      431, 463, 192, -1,
      192, 463, 527, -1,
      192, 527, 182, -1,
      182, 527, 528, -1,
      182, 528, 180, -1,
      180, 528, 529, -1,
      180, 529, 506, -1,
      77, 76, 7, -1,
      7, 76, 530, -1,
      7, 530, 8, -1,
      8, 530, 531, -1,
      8, 531, 423, -1,
      423, 531, 532, -1,
      423, 532, 422, -1,
      422, 532, 533, -1,
      422, 533, 446, -1,
      446, 533, 534, -1,
      446, 534, 456, -1,
      456, 534, 535, -1,
      456, 535, 463, -1,
      463, 535, 536, -1,
      463, 536, 527, -1,
      527, 536, 537, -1,
      527, 537, 528, -1,
      528, 537, 538, -1,
      528, 538, 529, -1,
      74, 467, 539, -1,
      538, 537, 0, -1,
      0, 537, 536, -1,
      0, 536, 535, -1,
      532, 531, 0, -1,
      0, 531, 530, -1,
      0, 530, 539, -1,
      539, 530, 76, -1,
      539, 76, 74, -1,
      535, 534, 0, -1,
      0, 534, 533, -1,
      0, 533, 532, -1,
      4, 3, 2, -1,
      2, 3, 1, -1,
      540, 541, 542, -1,
      542, 541, 543, -1,
      544, 545, 546, -1,
      546, 545, 547, -1,
      399, 494, 548, -1,
      540, 547, 549, -1,
      549, 547, 545, -1,
      549, 545, 550, -1,
      550, 545, 473, -1,
      550, 473, 37, -1,
      540, 549, 541, -1,
      541, 549, 551, -1,
      541, 551, 3, -1,
      3, 551, 548, -1,
      3, 548, 1, -1,
      37, 38, 550, -1,
      550, 38, 493, -1,
      550, 493, 548, -1,
      548, 493, 398, -1,
      548, 398, 399, -1,
      497, 498, 548, -1,
      548, 498, 499, -1,
      548, 499, 1, -1,
      494, 495, 548, -1,
      548, 495, 496, -1,
      548, 496, 497, -1,
      552, 542, 5, -1,
      5, 542, 543, -1,
      2, 1, 499, -1,
      499, 315, 2, -1,
      2, 315, 314, -1,
      2, 314, 500, -1,
      538, 0, 529, -1,
      529, 0, 2, -1,
      529, 2, 506, -1,
      506, 2, 500, -1,
      544, 539, 467, -1,
      467, 468, 544, -1,
      544, 468, 469, -1,
      544, 469, 470, -1,
      473, 545, 472, -1,
      472, 545, 544, -1,
      472, 544, 471, -1,
      471, 544, 470, -1,
      547, 540, 546, -1,
      546, 540, 542, -1,
      546, 542, 552, -1,
      541, 3, 543, -1,
      543, 3, 4, -1,
      543, 4, 5, -1,
      544, 2, 539, -1,
      539, 2, 0, -1,
      4, 546, 5, -1,
      5, 546, 552, -1,
      553, 544, 554, -1,
      554, 544, 546, -1,
      554, 546, 555, -1,
      555, 546, 4, -1,
      555, 4, 556, -1,
      556, 4, 2, -1,
      556, 2, 553, -1,
      553, 2, 544, -1,
    ]
  }
}

Shape {
  appearance Appearance {
    material Material {
      diffuseColor 1.0000 1.0000 0.5020
      specularColor 0.5020 0.5020 0.2510
      ambientIntensity 0.2
      transparency 0.0000
      shininess 0.5
    }
  }
  geometry IndexedFaceSet {
    ccw TRUE
    solid FALSE
    coord DEF co Coordinate {
      point [
        1.874016 0.288714 0.984252,
        2.125984 0.036745 0.984252,
        2.125984 0.288714 0.984252,
        1.874016 0.036745 0.984252,
        2.125984 0.288714 0.118110,
        2.125984 0.036745 0.118110,
        1.874016 0.036745 0.118110,
        1.874016 0.288714 0.118110,
        1.874016 0.288714 -0.011811,
        2.125984 0.288714 -0.011811,
        2.125984 0.279726 -0.080082,
        1.874016 0.279726 -0.080082,
        2.125984 0.253374 -0.143701,
        1.874016 0.253374 -0.143701,
        2.125984 0.211455 -0.198331,
        1.874016 0.211455 -0.198331,
        2.125984 0.156824 -0.240251,
        1.874016 0.156824 -0.240251,
        2.125984 0.093206 -0.266602,
        1.874016 0.093206 -0.266602,
        2.125984 0.024934 -0.275591,
        1.874016 0.024934 -0.275591,
        1.874016 -0.703412 -0.275591,
        2.125984 -0.703412 -0.275591,
        2.057793 -0.821522 -0.207400,
        2.057793 -0.821522 -0.091813,
        1.942207 -0.821522 -0.207400,
        1.942207 -0.821522 -0.091813,
        2.125984 -0.703412 -0.023622,
        2.125984 0.024934 -0.023622,
        1.874016 -0.703412 -0.023622,
        1.874016 0.024934 -0.023622,
        1.874016 0.027991 -0.023220,
        2.125984 0.027991 -0.023220,
        1.874016 0.030840 -0.022040,
        2.125984 0.030840 -0.022040,
        1.874016 0.033286 -0.020163,
        2.125984 0.033286 -0.020163,
        1.874016 0.035163 -0.017717,
        2.125984 0.035163 -0.017717,
        1.874016 0.036343 -0.014868,
        2.125984 0.036343 -0.014868,
        1.874016 0.036745 -0.011811,
        2.125984 0.036745 -0.011811,
        1.874016 0.036745 3.228346,
        2.125984 0.036745 3.228346,
        2.057793 0.104936 3.346457,
        2.057793 0.220523 3.346457,
        1.942207 0.104936 3.346457,
        1.942207 0.220523 3.346457,
        2.125984 0.288714 3.228346,
        1.874016 0.288714 3.228346,
      ]
    }
    coordIndex [
      8, 9, 10, -1,
      8, 10, 11, -1,
      11, 10, 12, -1,
      11, 12, 13, -1,
      13, 12, 14, -1,
      13, 14, 15, -1,
      15, 14, 16, -1,
      15, 16, 17, -1,
      17, 16, 18, -1,
      17, 18, 19, -1,
      19, 18, 20, -1,
      19, 20, 21, -1,
      22, 21, 23, -1,
      23, 21, 20, -1,
      24, 25, 26, -1,
      26, 25, 27, -1,
      28, 29, 30, -1,
      30, 29, 31, -1,
      31, 29, 32, -1,
      32, 29, 33, -1,
      32, 33, 34, -1,
      34, 33, 35, -1,
      34, 35, 36, -1,
      36, 35, 37, -1,
      36, 37, 38, -1,
      38, 37, 39, -1,
      38, 39, 40, -1,
      40, 39, 41, -1,
      40, 41, 42, -1,
      42, 41, 43, -1,
      28, 23, 29, -1,
      29, 23, 20, -1,
      29, 20, 33, -1,
      33, 20, 18, -1,
      33, 18, 35, -1,
      35, 18, 16, -1,
      35, 16, 37, -1,
      37, 16, 14, -1,
      37, 14, 39, -1,
      39, 14, 12, -1,
      39, 12, 41, -1,
      41, 12, 10, -1,
      41, 10, 43, -1,
      43, 10, 9, -1,
      43, 9, 5, -1,
      5, 9, 4, -1,
      6, 7, 42, -1,
      42, 7, 8, -1,
      42, 8, 40, -1,
      40, 8, 11, -1,
      40, 11, 38, -1,
      38, 11, 13, -1,
      38, 13, 36, -1,
      36, 13, 15, -1,
      36, 15, 34, -1,
      34, 15, 17, -1,
      34, 17, 32, -1,
      32, 17, 19, -1,
      32, 19, 31, -1,
      31, 19, 21, -1,
      31, 21, 30, -1,
      30, 21, 22, -1,
      4, 9, 7, -1,
      7, 9, 8, -1,
      42, 43, 6, -1,
      6, 43, 5, -1,
      44, 3, 45, -1,
      45, 3, 1, -1,
      46, 47, 48, -1,
      48, 47, 49, -1,
      50, 2, 51, -1,
      51, 2, 0, -1,
      51, 0, 44, -1,
      44, 0, 3, -1,
      45, 1, 50, -1,
      50, 1, 2, -1,
      30, 27, 28, -1,
      28, 27, 25, -1,
      22, 26, 30, -1,
      30, 26, 27, -1,
      24, 23, 25, -1,
      25, 23, 28, -1,
      23, 24, 22, -1,
      22, 24, 26, -1,
      51, 49, 50, -1,
      50, 49, 47, -1,
      44, 48, 51, -1,
      51, 48, 49, -1,
      46, 45, 47, -1,
      47, 45, 50, -1,
      45, 46, 44, -1,
      44, 46, 48, -1,
    ]
  }
}

Shape {
  appearance Appearance {
    material Material {
      diffuseColor 1.0000 1.0000 1.0000
      specularColor 0.5020 0.5020 0.5020
      ambientIntensity 0.2
      transparency 0.0000
      shininess 0.5
    }
  }
  geometry IndexedFaceSet {
    ccw TRUE
    solid FALSE
    coord DEF co Coordinate {
      point [
        1.937654 0.654856 0.374864,
        1.932655 0.654856 0.375471,
        1.890238 0.654856 0.367233,
        1.890238 0.654856 0.345878,
        1.872217 0.654856 0.345878,
        1.820691 0.654856 0.309559,
        1.832007 0.654856 0.308183,
        1.831325 0.654856 0.374908,
        1.850360 0.654856 0.308183,
        1.850360 0.654856 0.374908,
        1.797853 0.654856 0.330333,
        1.801140 0.654856 0.323432,
        1.803739 0.654856 0.363764,
        1.799610 0.654856 0.357944,
        1.806098 0.654856 0.317530,
        1.813082 0.654856 0.312526,
        1.819794 0.654856 0.309908,
        1.806098 0.654856 0.366073,
        1.821136 0.654856 0.373783,
        1.819794 0.654856 0.373293,
        1.813083 0.654856 0.370841,
        1.797143 0.654856 0.351579,
        1.796035 0.654856 0.342399,
        1.796236 0.654856 0.338144,
        1.864482 0.654856 0.374908,
        1.872217 0.654856 0.374908,
        1.890238 0.654856 0.315791,
        1.872217 0.654856 0.315791,
        1.890238 0.654856 0.338237,
        1.872217 0.654856 0.338237,
        1.866376 0.654856 0.338237,
        1.862964 0.654856 0.315791,
        1.866376 0.654856 0.345878,
        1.864482 0.654856 0.367233,
        1.872217 0.654856 0.367233,
        1.898851 0.654856 0.308183,
        1.862964 0.654856 0.308183,
        1.872217 0.654856 0.308183,
        1.898851 0.654856 0.374908,
        1.920854 0.654856 0.375471,
        1.919280 0.654856 0.375347,
        1.912206 0.654856 0.373305,
        1.912206 0.654856 0.364299,
        1.912206 0.654856 0.319202,
        1.912206 0.654856 0.310946,
        1.927932 0.654856 0.368256,
        1.931094 0.654856 0.368100,
        1.913344 0.654856 0.310380,
        1.920508 0.654856 0.308030,
        1.924791 0.654856 0.307620,
        1.919717 0.654856 0.367275,
        1.912949 0.654856 0.364700,
        1.936819 0.654856 0.366871,
        1.942009 0.654856 0.364321,
        1.946114 0.654856 0.360854,
        1.946571 0.654856 0.360353,
        1.949795 0.654856 0.355715,
        1.952028 0.654856 0.349950,
        1.953124 0.654856 0.340795,
        1.953014 0.654856 0.337767,
        1.918780 0.654856 0.316251,
        1.926328 0.654856 0.314848,
        1.929433 0.654856 0.314733,
        1.951859 0.654856 0.331219,
        1.949624 0.654856 0.325915,
        1.946575 0.654856 0.321760,
        1.944688 0.654856 0.319957,
        1.935259 0.654856 0.315331,
        1.940170 0.654856 0.317009,
        1.928017 0.654856 0.376034,
        1.957364 0.654856 0.359891,
        1.952528 0.654856 0.366209,
        1.950875 0.654856 0.367787,
        1.944628 0.654856 0.372160,
        1.959180 0.654856 0.325144,
        1.960852 0.654856 0.329435,
        1.962164 0.654856 0.340283,
        1.962047 0.654856 0.343768,
        1.960533 0.654856 0.352479,
        1.959180 0.654856 0.355646,
        1.948241 0.654856 0.311710,
        1.953602 0.654856 0.316166,
        1.954157 0.654856 0.316772,
        1.958137 0.654856 0.322470,
        1.930678 0.654856 0.307058,
        1.934715 0.654856 0.307249,
        1.936518 0.654856 0.307620,
        1.941944 0.654856 0.308739,
        1.964893 0.654856 0.315791,
        1.964893 0.654856 0.308183,
        2.000081 0.654856 0.308183,
        1.991467 0.654856 0.374908,
        1.991467 0.654856 0.315791,
        2.000081 0.654856 0.374908,
        1.964893 0.658793 0.315791,
        1.964893 0.658793 0.308183,
        1.991467 0.658793 0.315791,
        1.991467 0.658793 0.374908,
        2.000081 0.658793 0.374908,
        2.000081 0.658793 0.308183,
        1.930678 0.658793 0.307058,
        1.920508 0.658793 0.308030,
        1.913344 0.658793 0.310380,
        1.912206 0.658793 0.310946,
        1.912206 0.658793 0.319202,
        1.918780 0.658793 0.316251,
        1.926328 0.658793 0.314848,
        1.929433 0.658793 0.314733,
        1.935259 0.658793 0.315331,
        1.940170 0.658793 0.317009,
        1.944688 0.658793 0.319957,
        1.946575 0.658793 0.321760,
        1.949624 0.658793 0.325915,
        1.951859 0.658793 0.331219,
        1.953014 0.658793 0.337767,
        1.953124 0.658793 0.340795,
        1.952028 0.658793 0.349950,
        1.949795 0.658793 0.355715,
        1.946571 0.658793 0.360353,
        1.946114 0.658793 0.360854,
        1.942009 0.658793 0.364321,
        1.936819 0.658793 0.366871,
        1.931094 0.658793 0.368100,
        1.927932 0.658793 0.368256,
        1.919717 0.658793 0.367275,
        1.912949 0.658793 0.364700,
        1.912206 0.658793 0.364299,
        1.912206 0.658793 0.373305,
        1.928017 0.658793 0.376034,
        1.919280 0.658793 0.375347,
        1.937654 0.658793 0.374864,
        1.944628 0.658793 0.372160,
        1.950875 0.658793 0.367787,
        1.952528 0.658793 0.366209,
        1.960533 0.658793 0.352479,
        1.957364 0.658793 0.359891,
        1.962047 0.658793 0.343768,
        1.962164 0.658793 0.340283,
        1.958137 0.658793 0.322470,
        1.960852 0.658793 0.329435,
        1.954157 0.658793 0.316772,
        1.953602 0.658793 0.316166,
        1.934715 0.658793 0.307249,
        1.948241 0.658793 0.311710,
        1.941944 0.658793 0.308739,
        1.862964 0.658793 0.315791,
        1.862964 0.658793 0.308183,
        1.890238 0.658793 0.315791,
        1.890238 0.658793 0.338237,
        1.866376 0.658793 0.338237,
        1.866376 0.658793 0.345878,
        1.890238 0.658793 0.345878,
        1.890238 0.658793 0.367233,
        1.864482 0.658793 0.367233,
        1.864482 0.658793 0.374908,
        1.898851 0.658793 0.374908,
        1.898851 0.658793 0.308183,
        1.806098 0.658793 0.317530,
        1.813009 0.658793 0.322016,
        1.813082 0.658793 0.312526,
        1.817314 0.658793 0.319027,
        1.820691 0.658793 0.309559,
        1.822828 0.658793 0.316891,
        1.832007 0.658793 0.308183,
        1.832058 0.658793 0.315791,
        1.850360 0.658793 0.308183,
        1.841746 0.658793 0.315791,
        1.850360 0.658793 0.374908,
        1.841746 0.658793 0.367233,
        1.831325 0.658793 0.374908,
        1.831666 0.658793 0.367233,
        1.830995 0.658793 0.367228,
        1.821136 0.658793 0.373783,
        1.822453 0.658793 0.366128,
        1.813083 0.658793 0.370841,
        1.816774 0.658793 0.363932,
        1.806098 0.658793 0.366073,
        1.812409 0.658793 0.360956,
        1.803739 0.658793 0.363764,
        1.810541 0.658793 0.359113,
        1.799610 0.658793 0.357944,
        1.807956 0.658793 0.355371,
        1.797143 0.658793 0.351579,
        1.806077 0.658793 0.350494,
        1.796035 0.658793 0.342399,
        1.805092 0.658793 0.342160,
        1.796236 0.658793 0.338144,
        1.805353 0.658793 0.337583,
        1.797853 0.658793 0.330333,
        1.806699 0.658793 0.331548,
        1.801140 0.658793 0.323432,
        1.809045 0.658793 0.326641,
        1.812222 0.658793 0.322750,
        1.831666 0.654856 0.367233,
        1.841746 0.654856 0.367233,
        1.841746 0.654856 0.315791,
        1.832058 0.654856 0.315791,
        1.812222 0.654856 0.322750,
        1.813009 0.654856 0.322016,
        1.817314 0.654856 0.319027,
        1.822828 0.654856 0.316891,
        1.805092 0.654856 0.342160,
        1.805353 0.654856 0.337583,
        1.806699 0.654856 0.331548,
        1.809045 0.654856 0.326641,
        1.812409 0.654856 0.360956,
        1.810541 0.654856 0.359113,
        1.807956 0.654856 0.355371,
        1.806077 0.654856 0.350494,
        1.830995 0.654856 0.367228,
        1.822453 0.654856 0.366128,
        1.816774 0.654856 0.363932,
      ]
    }
    coordIndex [
      94, 95, 88, -1,
      88, 95, 89, -1,
      96, 94, 92, -1,
      92, 94, 88, -1,
      97, 96, 91, -1,
      91, 96, 92, -1,
      98, 97, 93, -1,
      93, 97, 91, -1,
      99, 98, 90, -1,
      90, 98, 93, -1,
      95, 99, 89, -1,
      89, 99, 90, -1,
      97, 98, 96, -1,
      96, 98, 99, -1,
      96, 99, 94, -1,
      94, 99, 95, -1,
      100, 84, 101, -1,
      101, 84, 49, -1,
      49, 48, 101, -1,
      101, 48, 47, -1,
      101, 47, 102, -1,
      102, 47, 44, -1,
      102, 44, 103, -1,
      104, 103, 43, -1,
      43, 103, 44, -1,
      104, 43, 60, -1,
      104, 60, 105, -1,
      105, 60, 61, -1,
      105, 61, 106, -1,
      106, 61, 62, -1,
      106, 62, 107, -1,
      107, 62, 67, -1,
      107, 67, 108, -1,
      108, 67, 68, -1,
      108, 68, 109, -1,
      109, 68, 66, -1,
      109, 66, 110, -1,
      110, 66, 65, -1,
      110, 65, 111, -1,
      111, 65, 64, -1,
      111, 64, 112, -1,
      112, 64, 63, -1,
      112, 63, 113, -1,
      113, 63, 59, -1,
      113, 59, 114, -1,
      114, 59, 58, -1,
      114, 58, 115, -1,
      115, 58, 57, -1,
      115, 57, 116, -1,
      116, 57, 56, -1,
      116, 56, 117, -1,
      117, 56, 55, -1,
      117, 55, 118, -1,
      118, 55, 54, -1,
      118, 54, 119, -1,
      119, 54, 53, -1,
      119, 53, 120, -1,
      120, 53, 52, -1,
      120, 52, 121, -1,
      121, 52, 46, -1,
      121, 46, 122, -1,
      122, 46, 45, -1,
      122, 45, 123, -1,
      123, 45, 50, -1,
      123, 50, 124, -1,
      124, 50, 51, -1,
      124, 51, 125, -1,
      125, 51, 42, -1,
      125, 42, 126, -1,
      127, 126, 41, -1,
      41, 126, 42, -1,
      69, 128, 39, -1,
      39, 128, 129, -1,
      39, 129, 40, -1,
      40, 129, 127, -1,
      40, 127, 41, -1,
      128, 69, 1, -1,
      128, 1, 130, -1,
      1, 0, 130, -1,
      130, 0, 73, -1,
      130, 73, 131, -1,
      131, 73, 72, -1,
      131, 72, 132, -1,
      132, 72, 71, -1,
      132, 71, 133, -1,
      133, 71, 70, -1,
      79, 134, 70, -1,
      70, 134, 135, -1,
      70, 135, 133, -1,
      79, 78, 134, -1,
      134, 78, 77, -1,
      134, 77, 136, -1,
      136, 77, 76, -1,
      136, 76, 137, -1,
      137, 76, 75, -1,
      74, 138, 75, -1,
      75, 138, 139, -1,
      75, 139, 137, -1,
      74, 83, 138, -1,
      138, 83, 82, -1,
      138, 82, 140, -1,
      140, 82, 81, -1,
      140, 81, 141, -1,
      84, 100, 142, -1,
      141, 81, 80, -1,
      141, 80, 143, -1,
      143, 80, 87, -1,
      143, 87, 144, -1,
      144, 87, 86, -1,
      144, 86, 142, -1,
      142, 86, 85, -1,
      142, 85, 84, -1,
      120, 121, 130, -1,
      116, 117, 135, -1,
      135, 117, 133, -1,
      130, 121, 128, -1,
      137, 115, 136, -1,
      136, 115, 116, -1,
      136, 116, 134, -1,
      134, 116, 135, -1,
      121, 122, 128, -1,
      128, 122, 123, -1,
      128, 123, 129, -1,
      129, 123, 124, -1,
      129, 124, 127, -1,
      127, 124, 125, -1,
      127, 125, 126, -1,
      103, 104, 102, -1,
      102, 104, 105, -1,
      102, 105, 101, -1,
      101, 105, 106, -1,
      101, 106, 100, -1,
      100, 106, 107, -1,
      100, 107, 142, -1,
      142, 107, 108, -1,
      142, 108, 144, -1,
      144, 108, 109, -1,
      144, 109, 143, -1,
      143, 109, 110, -1,
      143, 110, 141, -1,
      141, 110, 111, -1,
      141, 111, 140, -1,
      140, 111, 112, -1,
      140, 112, 138, -1,
      138, 112, 139, -1,
      139, 112, 113, -1,
      139, 113, 137, -1,
      137, 113, 114, -1,
      137, 114, 115, -1,
      117, 118, 133, -1,
      133, 118, 119, -1,
      133, 119, 132, -1,
      132, 119, 120, -1,
      132, 120, 131, -1,
      131, 120, 130, -1,
      145, 146, 31, -1,
      31, 146, 36, -1,
      26, 147, 27, -1,
      27, 147, 145, -1,
      27, 145, 31, -1,
      148, 147, 28, -1,
      28, 147, 26, -1,
      148, 28, 149, -1,
      149, 28, 29, -1,
      149, 29, 30, -1,
      150, 149, 32, -1,
      32, 149, 30, -1,
      3, 151, 4, -1,
      4, 151, 150, -1,
      4, 150, 32, -1,
      152, 151, 2, -1,
      2, 151, 3, -1,
      152, 2, 153, -1,
      153, 2, 34, -1,
      153, 34, 33, -1,
      154, 153, 24, -1,
      24, 153, 33, -1,
      38, 155, 25, -1,
      25, 155, 154, -1,
      25, 154, 24, -1,
      156, 155, 35, -1,
      35, 155, 38, -1,
      156, 35, 146, -1,
      146, 35, 37, -1,
      146, 37, 36, -1,
      156, 146, 145, -1,
      145, 147, 156, -1,
      156, 147, 148, -1,
      156, 148, 155, -1,
      153, 154, 152, -1,
      152, 154, 155, -1,
      152, 155, 151, -1,
      151, 155, 148, -1,
      151, 148, 150, -1,
      150, 148, 149, -1,
      157, 158, 159, -1,
      159, 158, 160, -1,
      159, 160, 161, -1,
      161, 160, 162, -1,
      161, 162, 163, -1,
      163, 162, 164, -1,
      163, 164, 165, -1,
      165, 164, 166, -1,
      165, 166, 167, -1,
      167, 166, 168, -1,
      167, 168, 169, -1,
      168, 170, 169, -1,
      169, 170, 171, -1,
      169, 171, 172, -1,
      172, 171, 173, -1,
      172, 173, 174, -1,
      174, 173, 175, -1,
      174, 175, 176, -1,
      176, 175, 177, -1,
      176, 177, 178, -1,
      178, 177, 179, -1,
      178, 179, 180, -1,
      180, 179, 181, -1,
      180, 181, 182, -1,
      182, 181, 183, -1,
      182, 183, 184, -1,
      184, 183, 185, -1,
      184, 185, 186, -1,
      186, 185, 187, -1,
      186, 187, 188, -1,
      188, 187, 189, -1,
      188, 189, 190, -1,
      190, 189, 191, -1,
      190, 191, 157, -1,
      157, 191, 192, -1,
      157, 192, 158, -1,
      163, 165, 6, -1,
      6, 165, 8, -1,
      14, 157, 159, -1,
      163, 6, 5, -1,
      163, 5, 161, -1,
      161, 5, 16, -1,
      161, 16, 159, -1,
      159, 16, 15, -1,
      159, 15, 14, -1,
      157, 14, 11, -1,
      157, 11, 190, -1,
      190, 11, 10, -1,
      190, 10, 188, -1,
      188, 10, 23, -1,
      188, 23, 186, -1,
      186, 23, 22, -1,
      186, 22, 184, -1,
      184, 22, 21, -1,
      184, 21, 182, -1,
      182, 21, 13, -1,
      182, 13, 180, -1,
      180, 13, 12, -1,
      180, 12, 178, -1,
      178, 12, 17, -1,
      178, 17, 176, -1,
      7, 169, 172, -1,
      176, 17, 20, -1,
      176, 20, 174, -1,
      174, 20, 19, -1,
      174, 19, 172, -1,
      172, 19, 18, -1,
      172, 18, 7, -1,
      167, 169, 9, -1,
      9, 169, 7, -1,
      165, 167, 8, -1,
      8, 167, 9, -1,
      170, 168, 193, -1,
      193, 168, 194, -1,
      168, 166, 194, -1,
      194, 166, 195, -1,
      166, 164, 195, -1,
      195, 164, 196, -1,
      192, 197, 198, -1,
      192, 198, 158, -1,
      158, 198, 199, -1,
      158, 199, 160, -1,
      160, 199, 200, -1,
      160, 200, 162, -1,
      162, 200, 196, -1,
      162, 196, 164, -1,
      185, 201, 202, -1,
      185, 202, 187, -1,
      187, 202, 203, -1,
      187, 203, 189, -1,
      189, 203, 204, -1,
      189, 204, 191, -1,
      191, 204, 197, -1,
      191, 197, 192, -1,
      177, 205, 206, -1,
      177, 206, 179, -1,
      179, 206, 207, -1,
      179, 207, 181, -1,
      181, 207, 208, -1,
      181, 208, 183, -1,
      183, 208, 201, -1,
      183, 201, 185, -1,
      170, 193, 209, -1,
      170, 209, 171, -1,
      171, 209, 210, -1,
      171, 210, 173, -1,
      173, 210, 211, -1,
      173, 211, 175, -1,
      175, 211, 205, -1,
      175, 205, 177, -1,
    ]
  }
}

Shape {
  appearance Appearance {
    material Material {
      diffuseColor 0.2510 0.2510 0.2510
      specularColor 0.1255 0.1255 0.1255
      ambientIntensity 0.2
      transparency 0.0000
      shininess 0.5
    }
  }
  geometry IndexedFaceSet {
    ccw TRUE
    solid FALSE
    coord DEF co Coordinate {
      point [
        1.831666 0.654856 0.367233,
        1.841746 0.654856 0.367233,
        1.841746 0.654856 0.315791,
        1.832058 0.654856 0.315791,
        1.812222 0.654856 0.322750,
        1.813009 0.654856 0.322016,
        1.817314 0.654856 0.319027,
        1.822828 0.654856 0.316891,
        1.805092 0.654856 0.342160,
        1.805353 0.654856 0.337583,
        1.806699 0.654856 0.331548,
        1.809045 0.654856 0.326641,
        1.812409 0.654856 0.360956,
        1.810541 0.654856 0.359113,
        1.807956 0.654856 0.355371,
        1.806077 0.654856 0.350494,
        1.830995 0.654856 0.367228,
        1.822453 0.654856 0.366128,
        1.816774 0.654856 0.363932,
      ]
    }
    coordIndex [
      6, 5, 16, -1,
      1, 2, 0, -1,
      0, 2, 3, -1,
      0, 3, 16, -1,
      16, 3, 7, -1,
      16, 7, 6, -1,
      5, 4, 16, -1,
      16, 4, 11, -1,
      16, 11, 10, -1,
      8, 12, 18, -1,
      15, 14, 8, -1,
      8, 14, 13, -1,
      8, 13, 12, -1,
      10, 9, 16, -1,
      16, 9, 8, -1,
      16, 8, 17, -1,
      17, 8, 18, -1,
    ]
  }
}

Shape {
  appearance Appearance {
    material Material {
      diffuseColor 1.0000 1.0000 1.0000
      specularColor 0.5020 0.5020 0.5020
      ambientIntensity 0.2
      transparency 0.0000
      shininess 0.5
    }
  }
  geometry IndexedFaceSet {
    ccw TRUE
    solid FALSE
    coord DEF co Coordinate {
      point [
        1.741813 0.654856 0.308183,
        1.748618 0.654856 0.326434,
        1.773103 0.654856 0.326434,
        1.732295 0.654856 0.308183,
        1.757709 0.654856 0.374908,
        1.782817 0.654856 0.308183,
        1.792334 0.654856 0.308183,
        1.776403 0.654856 0.326434,
        1.773103 0.654856 0.358675,
        1.766920 0.654856 0.374908,
        1.773674 0.658793 0.333973,
        1.776403 0.658793 0.326434,
        1.751279 0.658793 0.333973,
        1.748618 0.658793 0.326434,
        1.763696 0.658793 0.361706,
        1.766920 0.658793 0.374908,
        1.792334 0.658793 0.308183,
        1.782817 0.658793 0.308183,
        1.763119 0.658793 0.363698,
        1.762604 0.658793 0.366380,
        1.757709 0.658793 0.374908,
        1.762400 0.658793 0.366380,
        1.761861 0.658793 0.363557,
        1.761359 0.658793 0.361706,
        1.732295 0.658793 0.308183,
        1.741813 0.658793 0.308183,
        1.773674 0.654856 0.333973,
        1.751279 0.654856 0.333973,
        1.761359 0.654856 0.361706,
        1.762400 0.654856 0.366380,
        1.761861 0.654856 0.363557,
        1.762604 0.654856 0.366380,
        1.763696 0.654856 0.361706,
        1.763119 0.654856 0.363698,
      ]
    }
    coordIndex [
      10, 11, 12, -1,
      12, 11, 13, -1,
      14, 15, 10, -1,
      10, 15, 16, -1,
      10, 16, 11, -1,
      11, 16, 17, -1,
      14, 18, 15, -1,
      15, 18, 19, -1,
      15, 19, 20, -1,
      20, 19, 21, -1,
      20, 21, 22, -1,
      22, 23, 20, -1,
      20, 23, 12, -1,
      20, 12, 24, -1,
      24, 12, 13, -1,
      24, 13, 25, -1,
      20, 24, 4, -1,
      4, 24, 3, -1,
      15, 20, 9, -1,
      9, 20, 4, -1,
      6, 16, 8, -1,
      8, 16, 15, -1,
      8, 15, 9, -1,
      17, 16, 5, -1,
      5, 16, 6, -1,
      11, 17, 7, -1,
      7, 17, 5, -1,
      1, 13, 2, -1,
      2, 13, 11, -1,
      2, 11, 7, -1,
      25, 13, 0, -1,
      0, 13, 1, -1,
      24, 25, 3, -1,
      3, 25, 0, -1,
      10, 12, 26, -1,
      26, 12, 27, -1,
      12, 23, 27, -1,
      27, 23, 28, -1,
      21, 29, 30, -1,
      21, 30, 22, -1,
      22, 30, 28, -1,
      22, 28, 23, -1,
      21, 19, 29, -1,
      29, 19, 31, -1,
      14, 32, 33, -1,
      14, 33, 18, -1,
      18, 33, 31, -1,
      18, 31, 19, -1,
      14, 10, 32, -1,
      32, 10, 26, -1,
    ]
  }
}

Shape {
  appearance Appearance {
    material Material {
      diffuseColor 0.2510 0.2510 0.2510
      specularColor 0.1255 0.1255 0.1255
      ambientIntensity 0.2
      transparency 0.0000
      shininess 0.5
    }
  }
  geometry IndexedFaceSet {
    ccw TRUE
    solid FALSE
    coord DEF co Coordinate {
      point [
        1.773674 0.654856 0.333973,
        1.751279 0.654856 0.333973,
        1.761359 0.654856 0.361706,
        1.762400 0.654856 0.366380,
        1.761861 0.654856 0.363557,
        1.762604 0.654856 0.366380,
        1.763696 0.654856 0.361706,
        1.763119 0.654856 0.363698,
      ]
    }
    coordIndex [
      3, 5, 4, -1,
      4, 5, 7, -1,
      4, 7, 2, -1,
      2, 7, 6, -1,
      2, 6, 1, -1,
      1, 6, 0, -1,
    ]
  }
}

Shape {
  appearance Appearance {
    material Material {
      diffuseColor 1.0000 1.0000 1.0000
      specularColor 0.5020 0.5020 0.5020
      ambientIntensity 0.2
      transparency 0.0000
      shininess 0.5
    }
  }
  geometry IndexedFaceSet {
    ccw TRUE
    solid FALSE
    coord DEF co Coordinate {
      point [
        1.952697 0.654856 0.225184,
        1.951538 0.654856 0.238525,
        1.954403 0.654856 0.222817,
        1.955587 0.654856 0.219896,
        1.917903 0.654856 0.202331,
        1.926261 0.654856 0.202331,
        1.936532 0.654856 0.201769,
        1.917903 0.654856 0.232999,
        1.946082 0.654856 0.201786,
        1.949287 0.654856 0.202994,
        1.954763 0.654856 0.208456,
        1.955778 0.654856 0.211278,
        1.943583 0.654856 0.250056,
        1.949800 0.654856 0.247650,
        1.951538 0.654856 0.246644,
        1.950078 0.654856 0.227387,
        1.946415 0.654856 0.229197,
        1.946628 0.654856 0.241737,
        1.940383 0.654856 0.230645,
        1.933083 0.654856 0.243994,
        1.935915 0.654856 0.244290,
        1.941415 0.654856 0.243655,
        1.926261 0.654856 0.209700,
        1.926482 0.654856 0.209700,
        1.928660 0.654856 0.206628,
        1.931417 0.654856 0.204099,
        1.952101 0.654856 0.204958,
        1.953024 0.654856 0.205892,
        1.933017 0.654856 0.203099,
        1.936331 0.654856 0.201794,
        1.923702 0.654856 0.247897,
        1.921490 0.654856 0.245741,
        1.956194 0.654856 0.215090,
        1.956158 0.654856 0.216342,
        1.935130 0.654856 0.251079,
        1.929945 0.654856 0.250594,
        1.926459 0.654856 0.249506,
        1.926261 0.654856 0.232624,
        1.926552 0.654856 0.236319,
        1.927416 0.654856 0.239295,
        1.928397 0.654856 0.241016,
        1.918506 0.654856 0.239136,
        1.919796 0.654856 0.243005,
        1.929661 0.654856 0.242360,
        1.931144 0.654856 0.243317,
        1.945930 0.654856 0.201769,
        1.941083 0.654856 0.201206,
        1.964194 0.654856 0.202331,
        2.000081 0.654856 0.202331,
        1.964194 0.654856 0.209939,
        1.965712 0.654856 0.261381,
        1.991467 0.654856 0.232385,
        1.991467 0.654856 0.209939,
        1.967606 0.654856 0.232385,
        1.967606 0.654856 0.240026,
        1.991467 0.654856 0.240026,
        1.991467 0.654856 0.261381,
        2.000081 0.654856 0.269056,
        1.965712 0.654856 0.269056,
        1.964194 0.658793 0.209939,
        1.964194 0.658793 0.202331,
        1.991467 0.658793 0.209939,
        1.991467 0.658793 0.232385,
        1.967606 0.658793 0.232385,
        1.967606 0.658793 0.240026,
        1.991467 0.658793 0.240026,
        1.991467 0.658793 0.261381,
        1.965712 0.658793 0.261381,
        1.965712 0.658793 0.269056,
        2.000081 0.658793 0.269056,
        2.000081 0.658793 0.202331,
        1.926261 0.658793 0.202331,
        1.917903 0.658793 0.202331,
        1.926261 0.658793 0.209700,
        1.917903 0.658793 0.232999,
        1.937415 0.658793 0.224744,
        1.926261 0.658793 0.226244,
        1.926261 0.658793 0.221674,
        1.926482 0.658793 0.209700,
        1.930891 0.658793 0.210927,
        1.928660 0.658793 0.206628,
        1.933252 0.658793 0.209333,
        1.950078 0.658793 0.227387,
        1.952697 0.658793 0.225184,
        1.946501 0.658793 0.220571,
        1.926269 0.658793 0.221119,
        1.926807 0.658793 0.217390,
        1.928033 0.658793 0.214408,
        1.929843 0.658793 0.211951,
        1.951538 0.658793 0.246644,
        1.951538 0.658793 0.238525,
        1.949800 0.658793 0.247650,
        1.946628 0.658793 0.241737,
        1.943583 0.658793 0.250056,
        1.941415 0.658793 0.243655,
        1.935130 0.658793 0.251079,
        1.935915 0.658793 0.244290,
        1.929945 0.658793 0.250594,
        1.933083 0.658793 0.243994,
        1.926459 0.658793 0.249506,
        1.931144 0.658793 0.243317,
        1.923702 0.658793 0.247897,
        1.929661 0.658793 0.242360,
        1.921490 0.658793 0.245741,
        1.928397 0.658793 0.241016,
        1.919796 0.658793 0.243005,
        1.927416 0.658793 0.239295,
        1.918506 0.658793 0.239136,
        1.926552 0.658793 0.236319,
        1.926261 0.658793 0.232624,
        1.947234 0.658793 0.219013,
        1.954403 0.658793 0.222817,
        1.947647 0.658793 0.217098,
        1.940383 0.658793 0.230645,
        1.944503 0.658793 0.222588,
        1.942586 0.658793 0.223528,
        1.946006 0.658793 0.210926,
        1.952101 0.658793 0.204958,
        1.945296 0.658793 0.210211,
        1.949287 0.658793 0.202994,
        1.943630 0.658793 0.209074,
        1.946082 0.658793 0.201786,
        1.941739 0.658793 0.208380,
        1.941083 0.658793 0.201206,
        1.938917 0.658793 0.208063,
        1.936331 0.658793 0.201794,
        1.935788 0.658793 0.208412,
        1.933017 0.658793 0.203099,
        1.931417 0.658793 0.204099,
        1.945500 0.658793 0.221810,
        1.946415 0.658793 0.229197,
        1.955587 0.658793 0.219896,
        1.956158 0.658793 0.216342,
        1.947718 0.658793 0.215772,
        1.956194 0.658793 0.215090,
        1.947505 0.658793 0.213853,
        1.955778 0.658793 0.211278,
        1.946956 0.658793 0.212335,
        1.954763 0.658793 0.208456,
        1.953024 0.658793 0.205892,
        1.945500 0.654856 0.221810,
        1.944503 0.654856 0.222588,
        1.942586 0.654856 0.223528,
        1.937415 0.654856 0.224744,
        1.947718 0.654856 0.215772,
        1.947647 0.654856 0.217098,
        1.947234 0.654856 0.219013,
        1.946501 0.654856 0.220571,
        1.945296 0.654856 0.210211,
        1.946006 0.654856 0.210926,
        1.946956 0.654856 0.212335,
        1.947505 0.654856 0.213853,
        1.938917 0.654856 0.208063,
        1.941739 0.654856 0.208380,
        1.943630 0.654856 0.209074,
        1.929843 0.654856 0.211951,
        1.930891 0.654856 0.210927,
        1.933252 0.654856 0.209333,
        1.935788 0.654856 0.208412,
        1.926261 0.654856 0.221674,
        1.926269 0.654856 0.221119,
        1.926807 0.654856 0.217390,
        1.928033 0.654856 0.214408,
        1.926261 0.654856 0.226244,
      ]
    }
    coordIndex [
      59, 60, 49, -1,
      49, 60, 47, -1,
      61, 59, 52, -1,
      52, 59, 49, -1,
      62, 61, 51, -1,
      51, 61, 52, -1,
      63, 62, 53, -1,
      53, 62, 51, -1,
      64, 63, 54, -1,
      54, 63, 53, -1,
      65, 64, 55, -1,
      55, 64, 54, -1,
      66, 65, 56, -1,
      56, 65, 55, -1,
      67, 66, 50, -1,
      50, 66, 56, -1,
      68, 67, 58, -1,
      58, 67, 50, -1,
      69, 68, 57, -1,
      57, 68, 58, -1,
      70, 69, 48, -1,
      48, 69, 57, -1,
      60, 70, 47, -1,
      47, 70, 48, -1,
      70, 60, 59, -1,
      59, 61, 70, -1,
      70, 61, 62, -1,
      70, 62, 69, -1,
      67, 68, 66, -1,
      66, 68, 69, -1,
      66, 69, 65, -1,
      65, 69, 62, -1,
      65, 62, 64, -1,
      64, 62, 63, -1,
      71, 72, 73, -1,
      73, 72, 74, -1,
      75, 76, 74, -1,
      74, 76, 77, -1,
      78, 79, 80, -1,
      80, 79, 81, -1,
      82, 83, 84, -1,
      77, 85, 74, -1,
      74, 85, 86, -1,
      74, 86, 73, -1,
      73, 86, 87, -1,
      73, 87, 78, -1,
      78, 87, 88, -1,
      78, 88, 79, -1,
      89, 90, 91, -1,
      91, 90, 92, -1,
      91, 92, 93, -1,
      93, 92, 94, -1,
      93, 94, 95, -1,
      95, 94, 96, -1,
      95, 96, 97, -1,
      97, 96, 98, -1,
      97, 98, 99, -1,
      99, 98, 100, -1,
      99, 100, 101, -1,
      101, 100, 102, -1,
      101, 102, 103, -1,
      103, 102, 104, -1,
      103, 104, 105, -1,
      105, 104, 106, -1,
      105, 106, 107, -1,
      107, 106, 108, -1,
      107, 108, 74, -1,
      74, 108, 109, -1,
      74, 109, 75, -1,
      84, 83, 110, -1,
      110, 83, 111, -1,
      110, 111, 112, -1,
      113, 114, 109, -1,
      109, 114, 115, -1,
      109, 115, 75, -1,
      116, 117, 118, -1,
      118, 117, 119, -1,
      118, 119, 120, -1,
      120, 119, 121, -1,
      120, 121, 122, -1,
      122, 121, 123, -1,
      122, 123, 124, -1,
      124, 123, 125, -1,
      124, 125, 126, -1,
      126, 125, 127, -1,
      126, 127, 81, -1,
      81, 127, 128, -1,
      81, 128, 80, -1,
      84, 129, 82, -1,
      82, 129, 114, -1,
      82, 114, 130, -1,
      130, 114, 113, -1,
      111, 131, 112, -1,
      112, 131, 132, -1,
      112, 132, 133, -1,
      133, 132, 134, -1,
      133, 134, 135, -1,
      135, 134, 136, -1,
      135, 136, 137, -1,
      137, 136, 138, -1,
      137, 138, 116, -1,
      116, 138, 139, -1,
      116, 139, 117, -1,
      95, 34, 12, -1,
      95, 12, 93, -1,
      93, 12, 13, -1,
      93, 13, 91, -1,
      91, 13, 14, -1,
      91, 14, 89, -1,
      90, 89, 1, -1,
      1, 89, 14, -1,
      90, 1, 17, -1,
      90, 17, 92, -1,
      92, 17, 21, -1,
      92, 21, 94, -1,
      94, 21, 20, -1,
      94, 20, 96, -1,
      96, 20, 19, -1,
      96, 19, 98, -1,
      98, 19, 44, -1,
      98, 44, 100, -1,
      100, 44, 43, -1,
      100, 43, 102, -1,
      102, 43, 40, -1,
      102, 40, 104, -1,
      104, 40, 39, -1,
      104, 39, 106, -1,
      106, 39, 38, -1,
      106, 38, 108, -1,
      108, 38, 37, -1,
      108, 37, 109, -1,
      113, 109, 18, -1,
      18, 109, 37, -1,
      113, 18, 16, -1,
      113, 16, 130, -1,
      130, 16, 15, -1,
      130, 15, 82, -1,
      82, 15, 0, -1,
      82, 0, 83, -1,
      83, 0, 2, -1,
      83, 2, 111, -1,
      111, 2, 3, -1,
      111, 3, 131, -1,
      131, 3, 33, -1,
      131, 33, 132, -1,
      132, 33, 32, -1,
      132, 32, 134, -1,
      134, 32, 11, -1,
      134, 11, 136, -1,
      136, 11, 10, -1,
      136, 10, 138, -1,
      138, 10, 27, -1,
      138, 27, 139, -1,
      139, 27, 26, -1,
      139, 26, 117, -1,
      46, 123, 45, -1,
      45, 123, 121, -1,
      45, 121, 8, -1,
      8, 121, 119, -1,
      8, 119, 9, -1,
      9, 119, 117, -1,
      9, 117, 26, -1,
      46, 6, 123, -1,
      123, 6, 125, -1,
      6, 29, 125, -1,
      125, 29, 28, -1,
      125, 28, 127, -1,
      127, 28, 25, -1,
      127, 25, 128, -1,
      128, 25, 24, -1,
      128, 24, 80, -1,
      80, 24, 23, -1,
      80, 23, 78, -1,
      73, 78, 22, -1,
      22, 78, 23, -1,
      71, 73, 5, -1,
      5, 73, 22, -1,
      72, 71, 4, -1,
      4, 71, 5, -1,
      74, 72, 7, -1,
      7, 72, 4, -1,
      74, 7, 41, -1,
      74, 41, 107, -1,
      107, 41, 42, -1,
      107, 42, 105, -1,
      105, 42, 31, -1,
      105, 31, 103, -1,
      103, 31, 30, -1,
      103, 30, 101, -1,
      101, 30, 36, -1,
      101, 36, 99, -1,
      99, 36, 35, -1,
      99, 35, 97, -1,
      97, 35, 34, -1,
      97, 34, 95, -1,
      129, 140, 141, -1,
      129, 141, 114, -1,
      114, 141, 142, -1,
      114, 142, 115, -1,
      115, 142, 143, -1,
      115, 143, 75, -1,
      133, 144, 145, -1,
      133, 145, 112, -1,
      112, 145, 146, -1,
      112, 146, 110, -1,
      110, 146, 147, -1,
      110, 147, 84, -1,
      84, 147, 140, -1,
      84, 140, 129, -1,
      118, 148, 149, -1,
      118, 149, 116, -1,
      116, 149, 150, -1,
      116, 150, 137, -1,
      137, 150, 151, -1,
      137, 151, 135, -1,
      135, 151, 144, -1,
      135, 144, 133, -1,
      124, 152, 153, -1,
      124, 153, 122, -1,
      122, 153, 154, -1,
      122, 154, 120, -1,
      120, 154, 148, -1,
      120, 148, 118, -1,
      88, 155, 156, -1,
      88, 156, 79, -1,
      79, 156, 157, -1,
      79, 157, 81, -1,
      81, 157, 158, -1,
      81, 158, 126, -1,
      126, 158, 152, -1,
      126, 152, 124, -1,
      77, 159, 160, -1,
      77, 160, 85, -1,
      85, 160, 161, -1,
      85, 161, 86, -1,
      86, 161, 162, -1,
      86, 162, 87, -1,
      87, 162, 155, -1,
      87, 155, 88, -1,
      77, 76, 159, -1,
      159, 76, 163, -1,
      76, 75, 163, -1,
      163, 75, 143, -1,
    ]
  }
}

Shape {
  appearance Appearance {
    material Material {
      diffuseColor 0.2510 0.2510 0.2510
      specularColor 0.1255 0.1255 0.1255
      ambientIntensity 0.2
      transparency 0.0000
      shininess 0.5
    }
  }
  geometry IndexedFaceSet {
    ccw TRUE
    solid FALSE
    coord DEF co Coordinate {
      point [
        1.945500 0.654856 0.221810,
        1.944503 0.654856 0.222588,
        1.942586 0.654856 0.223528,
        1.937415 0.654856 0.224744,
        1.947718 0.654856 0.215772,
        1.947647 0.654856 0.217098,
        1.947234 0.654856 0.219013,
        1.946501 0.654856 0.220571,
        1.945296 0.654856 0.210211,
        1.946006 0.654856 0.210926,
        1.946956 0.654856 0.212335,
        1.947505 0.654856 0.213853,
        1.938917 0.654856 0.208063,
        1.941739 0.654856 0.208380,
        1.943630 0.654856 0.209074,
        1.929843 0.654856 0.211951,
        1.930891 0.654856 0.210927,
        1.933252 0.654856 0.209333,
        1.935788 0.654856 0.208412,
        1.926261 0.654856 0.221674,
        1.926269 0.654856 0.221119,
        1.926807 0.654856 0.217390,
        1.928033 0.654856 0.214408,
        1.926261 0.654856 0.226244,
      ]
    }
    coordIndex [
      20, 19, 0, -1,
      19, 23, 3, -1,
      3, 2, 19, -1,
      19, 2, 1, -1,
      19, 1, 0, -1,
      20, 0, 21, -1,
      21, 0, 7, -1,
      21, 7, 22, -1,
      9, 8, 16, -1,
      9, 16, 10, -1,
      17, 16, 18, -1,
      18, 16, 12, -1,
      7, 6, 22, -1,
      22, 6, 5, -1,
      22, 5, 15, -1,
      15, 5, 4, -1,
      15, 4, 16, -1,
      16, 4, 11, -1,
      16, 11, 10, -1,
      8, 14, 16, -1,
      16, 14, 13, -1,
      16, 13, 12, -1,
    ]
  }
}

Shape {
  appearance Appearance {
    material Material {
      diffuseColor 1.0000 1.0000 1.0000
      specularColor 0.5020 0.5020 0.5020
      ambientIntensity 0.2
      transparency 0.0000
      shininess 0.5
    }
  }
  geometry IndexedFaceSet {
    ccw TRUE
    solid FALSE
    coord DEF co Coordinate {
      point [
        1.886166 0.654856 0.202085,
        1.888859 0.654856 0.201769,
        1.806678 0.654856 0.261381,
        1.806678 0.654856 0.240026,
        1.794185 0.654856 0.240026,
        1.780923 0.654856 0.269056,
        1.780923 0.654856 0.261381,
        1.779405 0.654856 0.209939,
        1.779405 0.654856 0.202331,
        1.806678 0.654856 0.209939,
        1.794185 0.654856 0.209939,
        1.806678 0.654856 0.232385,
        1.794185 0.654856 0.232385,
        1.782817 0.654856 0.232385,
        1.782817 0.654856 0.240026,
        1.794185 0.654856 0.261381,
        1.794185 0.654856 0.202331,
        1.815292 0.654856 0.202331,
        1.815292 0.654856 0.269056,
        1.906578 0.654856 0.212633,
        1.906578 0.654856 0.204003,
        1.905201 0.654856 0.242806,
        1.903221 0.654856 0.210567,
        1.902714 0.654856 0.210379,
        1.902714 0.654856 0.228109,
        1.906196 0.654856 0.240115,
        1.906167 0.654856 0.233881,
        1.906526 0.654856 0.237126,
        1.902788 0.654856 0.228157,
        1.904156 0.654856 0.229588,
        1.905246 0.654856 0.231330,
        1.902714 0.654856 0.202578,
        1.901489 0.654856 0.202126,
        1.898444 0.654856 0.201769,
        1.876678 0.654856 0.248964,
        1.876678 0.654856 0.240845,
        1.903648 0.654856 0.245065,
        1.902714 0.654856 0.245904,
        1.901171 0.654856 0.247292,
        1.898457 0.654856 0.248888,
        1.874790 0.654856 0.211936,
        1.875816 0.654856 0.209288,
        1.877374 0.654856 0.207083,
        1.893809 0.654856 0.250480,
        1.887969 0.654856 0.251079,
        1.882106 0.654856 0.250559,
        1.877189 0.654856 0.223174,
        1.875630 0.654856 0.220872,
        1.874738 0.654856 0.218408,
        1.874392 0.654856 0.215294,
        1.879765 0.654856 0.204992,
        1.881755 0.654856 0.203772,
        1.888788 0.654856 0.244290,
        1.891262 0.654856 0.244105,
        1.897913 0.654856 0.237877,
        1.893498 0.654856 0.243513,
        1.895372 0.654856 0.242517,
        1.897837 0.654856 0.236765,
        1.897505 0.654856 0.235467,
        1.896903 0.654856 0.234339,
        1.896088 0.654856 0.233443,
        1.893141 0.654856 0.231600,
        1.883437 0.654856 0.243699,
        1.887969 0.654856 0.229349,
        1.878710 0.654856 0.242001,
        1.884733 0.654856 0.228039,
        1.879182 0.654856 0.224952,
        1.896633 0.654856 0.241402,
        1.897349 0.654856 0.240338,
        1.897762 0.654856 0.239210,
        1.897976 0.654856 0.208619,
        1.893870 0.654856 0.223277,
        1.898852 0.654856 0.225560,
        1.892830 0.654856 0.208028,
        1.892461 0.654856 0.208031,
        1.888383 0.654856 0.220978,
        1.888177 0.654856 0.208511,
        1.882971 0.654856 0.214476,
        1.883054 0.654856 0.215515,
        1.886020 0.654856 0.209300,
        1.885258 0.654856 0.209763,
        1.884299 0.654856 0.210614,
        1.883569 0.654856 0.211693,
        1.883144 0.654856 0.212881,
        1.883433 0.654856 0.216820,
        1.884079 0.654856 0.217928,
        1.885121 0.654856 0.219013,
        1.893649 0.654856 0.201206,
        1.832962 0.654856 0.249987,
        1.824298 0.654856 0.249987,
        1.794185 0.654856 0.269056,
        1.843309 0.654856 0.201769,
        1.848244 0.654856 0.214169,
        1.847221 0.654856 0.210246,
        1.847000 0.654856 0.210246,
        1.856662 0.654856 0.238383,
        1.845976 0.654856 0.214100,
        1.846616 0.654856 0.211879,
        1.856662 0.654856 0.215949,
        1.870043 0.654856 0.249987,
        1.860696 0.654856 0.249987,
        1.851349 0.654856 0.202434,
        1.851630 0.654856 0.201769,
        1.855016 0.654856 0.193769,
        1.868320 0.654856 0.180568,
        1.868320 0.654856 0.188004,
        1.858234 0.654856 0.189002,
        1.856677 0.654856 0.190733,
        1.856662 0.654856 0.190760,
        1.866610 0.654856 0.187444,
        1.863578 0.654856 0.187049,
        1.856662 0.654856 0.181375,
        1.859554 0.654856 0.180274,
        1.862930 0.654856 0.179885,
        1.864775 0.654856 0.179952,
        1.861473 0.654856 0.187298,
        1.859653 0.654856 0.188008,
        1.845925 0.654856 0.195134,
        1.849709 0.654856 0.187765,
        1.852767 0.654856 0.184093,
        1.853337 0.654856 0.183570,
        1.856256 0.654856 0.181530,
        1.712676 0.654856 0.232292,
        1.714294 0.654856 0.224481,
        1.717580 0.654856 0.217580,
        1.722539 0.654856 0.211678,
        1.729522 0.654856 0.206674,
        1.766800 0.654856 0.269056,
        1.766800 0.654856 0.202331,
        1.748448 0.654856 0.202331,
        1.737132 0.654856 0.203707,
        1.712476 0.654856 0.236546,
        1.713584 0.654856 0.245727,
        1.722539 0.654856 0.260221,
        1.720179 0.654856 0.257912,
        1.716050 0.654856 0.252093,
        1.747765 0.654856 0.269056,
        1.737577 0.654856 0.267931,
        1.729524 0.654856 0.264989,
        1.906578 0.658793 0.212633,
        1.903221 0.658793 0.210567,
        1.892830 0.658793 0.208028,
        1.897976 0.658793 0.208619,
        1.906578 0.658793 0.204003,
        1.901489 0.658793 0.202126,
        1.893649 0.658793 0.201206,
        1.886166 0.658793 0.202085,
        1.881755 0.658793 0.203772,
        1.879765 0.658793 0.204992,
        1.877374 0.658793 0.207083,
        1.875816 0.658793 0.209288,
        1.874790 0.658793 0.211936,
        1.874392 0.658793 0.215294,
        1.874738 0.658793 0.218408,
        1.875630 0.658793 0.220872,
        1.877189 0.658793 0.223174,
        1.879182 0.658793 0.224952,
        1.884733 0.658793 0.228039,
        1.887969 0.658793 0.229349,
        1.893141 0.658793 0.231600,
        1.896088 0.658793 0.233443,
        1.896903 0.658793 0.234339,
        1.897505 0.658793 0.235467,
        1.897837 0.658793 0.236765,
        1.897913 0.658793 0.237877,
        1.897762 0.658793 0.239210,
        1.897349 0.658793 0.240338,
        1.896633 0.658793 0.241402,
        1.895372 0.658793 0.242517,
        1.893498 0.658793 0.243513,
        1.891262 0.658793 0.244105,
        1.888788 0.658793 0.244290,
        1.883437 0.658793 0.243699,
        1.878710 0.658793 0.242001,
        1.876678 0.658793 0.240845,
        1.876678 0.658793 0.248964,
        1.882106 0.658793 0.250559,
        1.887969 0.658793 0.251079,
        1.893809 0.658793 0.250480,
        1.898457 0.658793 0.248888,
        1.901171 0.658793 0.247292,
        1.903648 0.658793 0.245065,
        1.905201 0.658793 0.242806,
        1.906196 0.658793 0.240115,
        1.906526 0.658793 0.237126,
        1.906167 0.658793 0.233881,
        1.905246 0.658793 0.231330,
        1.904156 0.658793 0.229588,
        1.893870 0.658793 0.223277,
        1.898852 0.658793 0.225560,
        1.902788 0.658793 0.228157,
        1.888383 0.658793 0.220978,
        1.885121 0.658793 0.219013,
        1.884079 0.658793 0.217928,
        1.883433 0.658793 0.216820,
        1.883054 0.658793 0.215515,
        1.882971 0.658793 0.214476,
        1.883144 0.658793 0.212881,
        1.883569 0.658793 0.211693,
        1.884299 0.658793 0.210614,
        1.885258 0.658793 0.209763,
        1.886020 0.658793 0.209300,
        1.888177 0.658793 0.208511,
        1.892461 0.658793 0.208031,
        1.832962 0.658793 0.249987,
        1.824298 0.658793 0.249987,
        1.845976 0.658793 0.214100,
        1.846616 0.658793 0.211879,
        1.847000 0.658793 0.210246,
        1.847221 0.658793 0.210246,
        1.848244 0.658793 0.214169,
        1.860696 0.658793 0.249987,
        1.870043 0.658793 0.249987,
        1.851349 0.658793 0.202434,
        1.855016 0.658793 0.193769,
        1.856677 0.658793 0.190733,
        1.858234 0.658793 0.189002,
        1.859653 0.658793 0.188008,
        1.861473 0.658793 0.187298,
        1.863578 0.658793 0.187049,
        1.866610 0.658793 0.187444,
        1.868320 0.658793 0.188004,
        1.868320 0.658793 0.180568,
        1.864775 0.658793 0.179952,
        1.862930 0.658793 0.179885,
        1.859554 0.658793 0.180274,
        1.856256 0.658793 0.181530,
        1.853337 0.658793 0.183570,
        1.852767 0.658793 0.184093,
        1.849709 0.658793 0.187765,
        1.845925 0.658793 0.195134,
        1.779405 0.658793 0.209939,
        1.779405 0.658793 0.202331,
        1.806678 0.658793 0.209939,
        1.806678 0.658793 0.232385,
        1.782817 0.658793 0.232385,
        1.782817 0.658793 0.240026,
        1.806678 0.658793 0.240026,
        1.806678 0.658793 0.261381,
        1.780923 0.658793 0.261381,
        1.780923 0.658793 0.269056,
        1.815292 0.658793 0.269056,
        1.815292 0.658793 0.202331,
        1.722539 0.658793 0.211678,
        1.729449 0.658793 0.216164,
        1.729522 0.658793 0.206674,
        1.733755 0.658793 0.213175,
        1.737132 0.658793 0.203707,
        1.739269 0.658793 0.211039,
        1.748448 0.658793 0.202331,
        1.748499 0.658793 0.209939,
        1.766800 0.658793 0.202331,
        1.758187 0.658793 0.209939,
        1.766800 0.658793 0.269056,
        1.758187 0.658793 0.261381,
        1.747765 0.658793 0.269056,
        1.748107 0.658793 0.261381,
        1.747436 0.658793 0.261376,
        1.737577 0.658793 0.267931,
        1.738894 0.658793 0.260276,
        1.729524 0.658793 0.264989,
        1.733214 0.658793 0.258080,
        1.722539 0.658793 0.260221,
        1.728850 0.658793 0.255104,
        1.720179 0.658793 0.257912,
        1.726981 0.658793 0.253261,
        1.716050 0.658793 0.252093,
        1.724397 0.658793 0.249519,
        1.713584 0.658793 0.245727,
        1.722518 0.658793 0.244642,
        1.712476 0.658793 0.236546,
        1.721533 0.658793 0.236308,
        1.712676 0.658793 0.232292,
        1.721793 0.658793 0.231731,
        1.714294 0.658793 0.224481,
        1.723140 0.658793 0.225696,
        1.717580 0.658793 0.217580,
        1.725486 0.658793 0.220789,
        1.728662 0.658793 0.216898,
        1.748107 0.654856 0.261381,
        1.758187 0.654856 0.261381,
        1.758187 0.654856 0.209939,
        1.748499 0.654856 0.209939,
        1.728662 0.654856 0.216898,
        1.729449 0.654856 0.216164,
        1.733755 0.654856 0.213175,
        1.739269 0.654856 0.211039,
        1.721533 0.654856 0.236308,
        1.721793 0.654856 0.231731,
        1.723140 0.654856 0.225696,
        1.725486 0.654856 0.220789,
        1.728850 0.654856 0.255104,
        1.726981 0.654856 0.253261,
        1.724397 0.654856 0.249519,
        1.722518 0.654856 0.244642,
        1.747436 0.654856 0.261376,
        1.738894 0.654856 0.260276,
        1.733214 0.654856 0.258080,
      ]
    }
    coordIndex [
      19, 139, 140, -1,
      141, 73, 70, -1,
      141, 70, 142, -1,
      142, 70, 23, -1,
      142, 23, 140, -1,
      140, 23, 22, -1,
      140, 22, 19, -1,
      143, 139, 20, -1,
      20, 139, 19, -1,
      20, 31, 143, -1,
      143, 31, 144, -1,
      87, 145, 33, -1,
      33, 145, 144, -1,
      33, 144, 32, -1,
      32, 144, 31, -1,
      145, 87, 146, -1,
      146, 87, 1, -1,
      1, 0, 146, -1,
      146, 0, 51, -1,
      146, 51, 147, -1,
      147, 51, 50, -1,
      147, 50, 148, -1,
      148, 50, 42, -1,
      148, 42, 149, -1,
      149, 42, 41, -1,
      149, 41, 150, -1,
      150, 41, 40, -1,
      150, 40, 151, -1,
      151, 40, 49, -1,
      151, 49, 152, -1,
      152, 49, 48, -1,
      152, 48, 153, -1,
      153, 48, 47, -1,
      153, 47, 154, -1,
      154, 47, 46, -1,
      154, 46, 155, -1,
      155, 46, 66, -1,
      155, 66, 156, -1,
      156, 66, 65, -1,
      156, 65, 157, -1,
      157, 65, 63, -1,
      157, 63, 158, -1,
      158, 63, 61, -1,
      158, 61, 159, -1,
      159, 61, 60, -1,
      159, 60, 160, -1,
      160, 60, 59, -1,
      160, 59, 161, -1,
      161, 59, 58, -1,
      161, 58, 162, -1,
      162, 58, 57, -1,
      162, 57, 163, -1,
      163, 57, 54, -1,
      163, 54, 164, -1,
      164, 54, 69, -1,
      164, 69, 165, -1,
      165, 69, 68, -1,
      165, 68, 166, -1,
      166, 68, 67, -1,
      166, 67, 167, -1,
      167, 67, 56, -1,
      167, 56, 168, -1,
      168, 56, 55, -1,
      168, 55, 169, -1,
      169, 55, 53, -1,
      169, 53, 170, -1,
      170, 53, 52, -1,
      170, 52, 171, -1,
      171, 52, 62, -1,
      171, 62, 172, -1,
      172, 62, 64, -1,
      172, 64, 173, -1,
      173, 64, 35, -1,
      173, 35, 174, -1,
      175, 174, 34, -1,
      34, 174, 35, -1,
      175, 34, 45, -1,
      175, 45, 176, -1,
      176, 45, 44, -1,
      176, 44, 177, -1,
      177, 44, 43, -1,
      177, 43, 178, -1,
      178, 43, 39, -1,
      178, 39, 179, -1,
      179, 39, 38, -1,
      179, 38, 180, -1,
      38, 37, 180, -1,
      180, 37, 181, -1,
      37, 36, 181, -1,
      181, 36, 21, -1,
      181, 21, 182, -1,
      182, 21, 25, -1,
      182, 25, 183, -1,
      183, 25, 27, -1,
      183, 27, 184, -1,
      184, 27, 26, -1,
      184, 26, 185, -1,
      185, 26, 30, -1,
      185, 30, 186, -1,
      186, 30, 29, -1,
      186, 29, 187, -1,
      71, 188, 189, -1,
      187, 29, 28, -1,
      187, 28, 190, -1,
      190, 28, 24, -1,
      190, 24, 189, -1,
      189, 24, 72, -1,
      189, 72, 71, -1,
      188, 71, 75, -1,
      188, 75, 191, -1,
      191, 75, 86, -1,
      191, 86, 192, -1,
      192, 86, 85, -1,
      192, 85, 193, -1,
      193, 85, 84, -1,
      193, 84, 194, -1,
      194, 84, 78, -1,
      194, 78, 195, -1,
      195, 78, 77, -1,
      195, 77, 196, -1,
      196, 77, 83, -1,
      196, 83, 197, -1,
      197, 83, 82, -1,
      197, 82, 198, -1,
      198, 82, 81, -1,
      198, 81, 199, -1,
      199, 81, 80, -1,
      199, 80, 200, -1,
      200, 80, 79, -1,
      200, 79, 201, -1,
      201, 79, 76, -1,
      201, 76, 202, -1,
      202, 76, 74, -1,
      202, 74, 203, -1,
      203, 74, 73, -1,
      203, 73, 141, -1,
      167, 168, 179, -1,
      179, 168, 178, -1,
      191, 158, 188, -1,
      188, 158, 159, -1,
      147, 148, 199, -1,
      199, 148, 149, -1,
      199, 149, 198, -1,
      198, 149, 150, -1,
      198, 150, 197, -1,
      197, 150, 151, -1,
      197, 151, 196, -1,
      196, 151, 152, -1,
      196, 152, 195, -1,
      195, 152, 153, -1,
      195, 153, 194, -1,
      194, 153, 154, -1,
      194, 154, 193, -1,
      193, 154, 155, -1,
      193, 155, 192, -1,
      192, 155, 156, -1,
      192, 156, 191, -1,
      191, 156, 157, -1,
      191, 157, 158, -1,
      145, 141, 144, -1,
      144, 141, 142, -1,
      144, 142, 143, -1,
      143, 142, 140, -1,
      143, 140, 139, -1,
      168, 169, 178, -1,
      178, 169, 170, -1,
      178, 170, 177, -1,
      177, 170, 171, -1,
      177, 171, 176, -1,
      176, 171, 172, -1,
      176, 172, 175, -1,
      175, 172, 173, -1,
      175, 173, 174, -1,
      199, 200, 147, -1,
      147, 200, 201, -1,
      147, 201, 146, -1,
      146, 201, 202, -1,
      146, 202, 145, -1,
      145, 202, 203, -1,
      145, 203, 141, -1,
      179, 180, 167, -1,
      167, 180, 181, -1,
      167, 181, 166, -1,
      166, 181, 182, -1,
      166, 182, 165, -1,
      165, 182, 183, -1,
      165, 183, 164, -1,
      164, 183, 184, -1,
      164, 184, 163, -1,
      163, 184, 185, -1,
      163, 185, 162, -1,
      162, 185, 186, -1,
      162, 186, 161, -1,
      161, 186, 187, -1,
      161, 187, 160, -1,
      160, 187, 190, -1,
      160, 190, 159, -1,
      159, 190, 189, -1,
      159, 189, 188, -1,
      204, 205, 88, -1,
      88, 205, 89, -1,
      206, 204, 96, -1,
      96, 204, 88, -1,
      206, 96, 97, -1,
      206, 97, 207, -1,
      207, 97, 94, -1,
      207, 94, 208, -1,
      209, 208, 93, -1,
      93, 208, 94, -1,
      210, 209, 92, -1,
      92, 209, 93, -1,
      100, 211, 95, -1,
      95, 211, 210, -1,
      95, 210, 92, -1,
      212, 211, 99, -1,
      99, 211, 100, -1,
      101, 213, 98, -1,
      98, 213, 212, -1,
      98, 212, 99, -1,
      103, 214, 102, -1,
      102, 214, 213, -1,
      102, 213, 101, -1,
      214, 103, 215, -1,
      215, 103, 108, -1,
      108, 107, 215, -1,
      215, 107, 106, -1,
      215, 106, 216, -1,
      216, 106, 116, -1,
      216, 116, 217, -1,
      217, 116, 115, -1,
      217, 115, 218, -1,
      218, 115, 110, -1,
      218, 110, 219, -1,
      219, 110, 109, -1,
      219, 109, 220, -1,
      220, 109, 105, -1,
      220, 105, 221, -1,
      222, 221, 104, -1,
      104, 221, 105, -1,
      222, 104, 114, -1,
      222, 114, 223, -1,
      223, 114, 113, -1,
      223, 113, 224, -1,
      224, 113, 112, -1,
      224, 112, 225, -1,
      225, 112, 111, -1,
      225, 111, 226, -1,
      111, 121, 226, -1,
      226, 121, 120, -1,
      226, 120, 227, -1,
      227, 120, 119, -1,
      227, 119, 228, -1,
      228, 119, 118, -1,
      228, 118, 229, -1,
      229, 118, 117, -1,
      229, 117, 230, -1,
      89, 205, 91, -1,
      91, 205, 230, -1,
      91, 230, 117, -1,
      207, 208, 230, -1,
      205, 204, 230, -1,
      230, 204, 206, -1,
      230, 206, 207, -1,
      211, 212, 210, -1,
      210, 212, 213, -1,
      210, 213, 209, -1,
      221, 222, 220, -1,
      220, 222, 223, -1,
      220, 223, 219, -1,
      219, 223, 224, -1,
      219, 224, 218, -1,
      218, 224, 225, -1,
      218, 225, 217, -1,
      217, 225, 226, -1,
      217, 226, 216, -1,
      208, 209, 230, -1,
      230, 209, 213, -1,
      230, 213, 229, -1,
      213, 214, 229, -1,
      229, 214, 215, -1,
      229, 215, 228, -1,
      228, 215, 216, -1,
      228, 216, 227, -1,
      227, 216, 226, -1,
      231, 232, 7, -1,
      7, 232, 8, -1,
      9, 233, 10, -1,
      10, 233, 231, -1,
      10, 231, 7, -1,
      234, 233, 11, -1,
      11, 233, 9, -1,
      234, 11, 235, -1,
      235, 11, 12, -1,
      235, 12, 13, -1,
      236, 235, 14, -1,
      14, 235, 13, -1,
      3, 237, 4, -1,
      4, 237, 236, -1,
      4, 236, 14, -1,
      238, 237, 2, -1,
      2, 237, 3, -1,
      6, 239, 15, -1,
      15, 239, 238, -1,
      15, 238, 2, -1,
      240, 239, 5, -1,
      5, 239, 6, -1,
      18, 241, 90, -1,
      90, 241, 240, -1,
      90, 240, 5, -1,
      242, 241, 17, -1,
      17, 241, 18, -1,
      8, 232, 16, -1,
      16, 232, 242, -1,
      16, 242, 17, -1,
      242, 232, 231, -1,
      231, 233, 242, -1,
      242, 233, 234, -1,
      242, 234, 241, -1,
      239, 240, 238, -1,
      238, 240, 241, -1,
      238, 241, 237, -1,
      237, 241, 234, -1,
      237, 234, 236, -1,
      236, 234, 235, -1,
      243, 244, 245, -1,
      245, 244, 246, -1,
      245, 246, 247, -1,
      247, 246, 248, -1,
      247, 248, 249, -1,
      249, 248, 250, -1,
      249, 250, 251, -1,
      251, 250, 252, -1,
      251, 252, 253, -1,
      253, 252, 254, -1,
      253, 254, 255, -1,
      254, 256, 255, -1,
      255, 256, 257, -1,
      255, 257, 258, -1,
      258, 257, 259, -1,
      258, 259, 260, -1,
      260, 259, 261, -1,
      260, 261, 262, -1,
      262, 261, 263, -1,
      262, 263, 264, -1,
      264, 263, 265, -1,
      264, 265, 266, -1,
      266, 265, 267, -1,
      266, 267, 268, -1,
      268, 267, 269, -1,
      268, 269, 270, -1,
      270, 269, 271, -1,
      270, 271, 272, -1,
      272, 271, 273, -1,
      272, 273, 274, -1,
      274, 273, 275, -1,
      274, 275, 276, -1,
      276, 275, 277, -1,
      276, 277, 243, -1,
      243, 277, 278, -1,
      243, 278, 244, -1,
      249, 251, 129, -1,
      129, 251, 128, -1,
      249, 129, 130, -1,
      249, 130, 247, -1,
      247, 130, 126, -1,
      247, 126, 245, -1,
      245, 126, 125, -1,
      245, 125, 243, -1,
      243, 125, 124, -1,
      243, 124, 276, -1,
      276, 124, 123, -1,
      276, 123, 274, -1,
      274, 123, 122, -1,
      274, 122, 272, -1,
      272, 122, 131, -1,
      272, 131, 270, -1,
      270, 131, 132, -1,
      270, 132, 268, -1,
      268, 132, 135, -1,
      268, 135, 266, -1,
      266, 135, 134, -1,
      266, 134, 264, -1,
      264, 134, 133, -1,
      264, 133, 262, -1,
      262, 133, 138, -1,
      262, 138, 260, -1,
      260, 138, 137, -1,
      260, 137, 258, -1,
      258, 137, 136, -1,
      258, 136, 255, -1,
      253, 255, 127, -1,
      127, 255, 136, -1,
      251, 253, 128, -1,
      128, 253, 127, -1,
      256, 254, 279, -1,
      279, 254, 280, -1,
      254, 252, 280, -1,
      280, 252, 281, -1,
      252, 250, 281, -1,
      281, 250, 282, -1,
      278, 283, 284, -1,
      278, 284, 244, -1,
      244, 284, 285, -1,
      244, 285, 246, -1,
      246, 285, 286, -1,
      246, 286, 248, -1,
      248, 286, 282, -1,
      248, 282, 250, -1,
      271, 287, 288, -1,
      271, 288, 273, -1,
      273, 288, 289, -1,
      273, 289, 275, -1,
      275, 289, 290, -1,
      275, 290, 277, -1,
      277, 290, 283, -1,
      277, 283, 278, -1,
      263, 291, 292, -1,
      263, 292, 265, -1,
      265, 292, 293, -1,
      265, 293, 267, -1,
      267, 293, 294, -1,
      267, 294, 269, -1,
      269, 294, 287, -1,
      269, 287, 271, -1,
      256, 279, 295, -1,
      256, 295, 257, -1,
      257, 295, 296, -1,
      257, 296, 259, -1,
      259, 296, 297, -1,
      259, 297, 261, -1,
      261, 297, 291, -1,
      261, 291, 263, -1,
    ]
  }
}

Shape {
  appearance Appearance {
    material Material {
      diffuseColor 0.2510 0.2510 0.2510
      specularColor 0.1255 0.1255 0.1255
      ambientIntensity 0.2
      transparency 0.0000
      shininess 0.5
    }
  }
  geometry IndexedFaceSet {
    ccw TRUE
    solid FALSE
    coord DEF co Coordinate {
      point [
        1.748107 0.654856 0.261381,
        1.758187 0.654856 0.261381,
        1.758187 0.654856 0.209939,
        1.748499 0.654856 0.209939,
        1.728662 0.654856 0.216898,
        1.729449 0.654856 0.216164,
        1.733755 0.654856 0.213175,
        1.739269 0.654856 0.211039,
        1.721533 0.654856 0.236308,
        1.721793 0.654856 0.231731,
        1.723140 0.654856 0.225696,
        1.725486 0.654856 0.220789,
        1.728850 0.654856 0.255104,
        1.726981 0.654856 0.253261,
        1.724397 0.654856 0.249519,
        1.722518 0.654856 0.244642,
        1.747436 0.654856 0.261376,
        1.738894 0.654856 0.260276,
        1.733214 0.654856 0.258080,
      ]
    }
    coordIndex [
      6, 5, 16, -1,
      1, 2, 0, -1,
      0, 2, 3, -1,
      0, 3, 16, -1,
      16, 3, 7, -1,
      16, 7, 6, -1,
      5, 4, 16, -1,
      16, 4, 11, -1,
      16, 11, 10, -1,
      8, 12, 18, -1,
      15, 14, 8, -1,
      8, 14, 13, -1,
      8, 13, 12, -1,
      10, 9, 16, -1,
      16, 9, 8, -1,
      16, 8, 17, -1,
      17, 8, 18, -1,
    ]
  }
}

Shape {
  appearance Appearance {
    material Material {
      diffuseColor 1.0000 1.0000 1.0000
      specularColor 0.5020 0.5020 0.5020
      ambientIntensity 0.2
      transparency 0.0000
      shininess 0.5
    }
  }
  geometry IndexedFaceSet {
    ccw TRUE
    solid FALSE
    coord DEF co Coordinate {
      point [
        1.699257 0.654856 0.202331,
        1.708774 0.654856 0.202331,
        1.674150 0.654856 0.269056,
        1.648736 0.654856 0.202331,
        1.658254 0.654856 0.202331,
        1.665059 0.654856 0.220582,
        1.692844 0.654856 0.220582,
        1.683360 0.654856 0.269056,
        1.690115 0.658793 0.228121,
        1.692844 0.658793 0.220582,
        1.667720 0.658793 0.228121,
        1.665059 0.658793 0.220582,
        1.680137 0.658793 0.255854,
        1.683360 0.658793 0.269056,
        1.708774 0.658793 0.202331,
        1.699257 0.658793 0.202331,
        1.679559 0.658793 0.257846,
        1.679045 0.658793 0.260528,
        1.674150 0.658793 0.269056,
        1.678841 0.658793 0.260528,
        1.678301 0.658793 0.257705,
        1.677800 0.658793 0.255854,
        1.648736 0.658793 0.202331,
        1.658254 0.658793 0.202331,
        1.690115 0.654856 0.228121,
        1.667720 0.654856 0.228121,
        1.677800 0.654856 0.255854,
        1.678841 0.654856 0.260528,
        1.678301 0.654856 0.257705,
        1.679045 0.654856 0.260528,
        1.680137 0.654856 0.255854,
        1.679559 0.654856 0.257846,
      ]
    }
    coordIndex [
      8, 9, 10, -1,
      10, 9, 11, -1,
      12, 13, 8, -1,
      8, 13, 14, -1,
      8, 14, 9, -1,
      9, 14, 15, -1,
      12, 16, 13, -1,
      13, 16, 17, -1,
      13, 17, 18, -1,
      18, 17, 19, -1,
      18, 19, 20, -1,
      20, 21, 18, -1,
      18, 21, 10, -1,
      18, 10, 22, -1,
      22, 10, 11, -1,
      22, 11, 23, -1,
      18, 22, 2, -1,
      2, 22, 3, -1,
      13, 18, 7, -1,
      7, 18, 2, -1,
      14, 13, 1, -1,
      1, 13, 7, -1,
      15, 14, 0, -1,
      0, 14, 1, -1,
      9, 15, 6, -1,
      6, 15, 0, -1,
      11, 9, 5, -1,
      5, 9, 6, -1,
      23, 11, 4, -1,
      4, 11, 5, -1,
      22, 23, 3, -1,
      3, 23, 4, -1,
      8, 10, 24, -1,
      24, 10, 25, -1,
      10, 21, 25, -1,
      25, 21, 26, -1,
      19, 27, 28, -1,
      19, 28, 20, -1,
      20, 28, 26, -1,
      20, 26, 21, -1,
      19, 17, 27, -1,
      27, 17, 29, -1,
      12, 30, 31, -1,
      12, 31, 16, -1,
      16, 31, 29, -1,
      16, 29, 17, -1,
      12, 8, 30, -1,
      30, 8, 24, -1,
    ]
  }
}

Shape {
  appearance Appearance {
    material Material {
      diffuseColor 0.2510 0.2510 0.2510
      specularColor 0.1255 0.1255 0.1255
      ambientIntensity 0.2
      transparency 0.0000
      shininess 0.5
    }
  }
  geometry IndexedFaceSet {
    ccw TRUE
    solid FALSE
    coord DEF co Coordinate {
      point [
        1.690115 0.654856 0.228121,
        1.667720 0.654856 0.228121,
        1.677800 0.654856 0.255854,
        1.678841 0.654856 0.260528,
        1.678301 0.654856 0.257705,
        1.679045 0.654856 0.260528,
        1.680137 0.654856 0.255854,
        1.679559 0.654856 0.257846,
      ]
    }
    coordIndex [
      3, 5, 4, -1,
      4, 5, 7, -1,
      4, 7, 2, -1,
      2, 7, 6, -1,
      2, 6, 1, -1,
      1, 6, 0, -1,
    ]
  }
}

Shape {
  appearance Appearance {
    material Material {
      diffuseColor 1.0000 1.0000 1.0000
      specularColor 0.5020 0.5020 0.5020
      ambientIntensity 0.2
      transparency 0.0000
      shininess 0.5
    }
  }
  geometry IndexedFaceSet {
    ccw TRUE
    solid FALSE
    coord DEF co Coordinate {
      point [
        2.085237 0.654856 0.322869,
        2.072372 0.654856 0.311983,
        2.137875 0.654856 0.375471,
        2.127311 0.654856 0.368142,
        2.110900 0.654856 0.348906,
        2.101693 0.654856 0.330664,
        2.099354 0.654856 0.329877,
        2.235259 0.654856 0.382475,
        2.213250 0.654856 0.390411,
        2.169361 0.654856 0.390092,
        2.145820 0.654856 0.380983,
        2.191830 0.654856 0.392811,
        2.299228 0.654856 0.352076,
        2.280544 0.654856 0.354384,
        2.350661 0.654856 0.307620,
        2.346501 0.654856 0.317000,
        2.335100 0.654856 0.331613,
        2.246838 0.654856 0.375471,
        2.248759 0.654856 0.374309,
        2.259907 0.654856 0.364762,
        2.275088 0.654856 0.354088,
        2.269632 0.654856 0.353435,
        2.331893 0.654856 0.334649,
        2.316802 0.654856 0.345255,
        2.299520 0.654856 0.203049,
        2.305505 0.654856 0.204839,
        2.322653 0.654856 0.213187,
        2.337472 0.654856 0.225820,
        2.348311 0.654856 0.241298,
        2.355105 0.654856 0.258960,
        2.357398 0.654856 0.277531,
        2.357263 0.654856 0.282094,
        2.356196 0.654856 0.288057,
        2.354074 0.654856 0.299923,
        2.278426 0.654856 0.177169,
        2.287707 0.654856 0.184163,
        2.294763 0.654856 0.192870,
        2.298922 0.654856 0.201769,
        2.254452 0.654856 0.170789,
        2.242969 0.654856 0.172204,
        2.234810 0.654856 0.175337,
        2.256280 0.654856 0.170823,
        2.267481 0.654856 0.172570,
        2.274068 0.654856 0.175337,
        2.209998 0.654856 0.201769,
        2.210041 0.654856 0.201589,
        2.215652 0.654856 0.191015,
        2.222939 0.654856 0.182843,
        2.232389 0.654856 0.176267,
        2.056895 0.654856 0.283996,
        2.054727 0.654856 0.268517,
        2.149424 0.654856 0.229756,
        2.146168 0.654856 0.231041,
        2.140594 0.654856 0.258080,
        2.072280 0.654856 0.223448,
        2.085191 0.654856 0.212519,
        2.218871 0.654856 0.250015,
        2.155301 0.654856 0.283223,
        2.227161 0.654856 0.257563,
        2.237228 0.654856 0.262959,
        2.152341 0.654856 0.227688,
        2.062867 0.654856 0.236560,
        2.084372 0.654856 0.272196,
        2.086599 0.654856 0.281308,
        2.090236 0.654856 0.288057,
        2.326330 0.654856 0.288057,
        2.056906 0.654856 0.251578,
        2.142492 0.654856 0.231513,
        2.142030 0.654856 0.231480,
        2.140607 0.654856 0.231165,
        2.323544 0.654856 0.259564,
        2.317888 0.654856 0.249938,
        2.293800 0.654856 0.245036,
        2.309382 0.654856 0.241200,
        2.299046 0.654856 0.234834,
        2.276256 0.654856 0.260742,
        2.285956 0.654856 0.254003,
        2.327510 0.654856 0.278479,
        2.326944 0.654856 0.271175,
        2.265777 0.654856 0.264750,
        2.254452 0.654856 0.266145,
        2.248679 0.654856 0.265802,
        2.157198 0.654856 0.216807,
        2.157078 0.654856 0.218679,
        2.207011 0.654856 0.222974,
        2.156125 0.654856 0.222290,
        2.154301 0.654856 0.225526,
        2.093769 0.654856 0.242951,
        2.088549 0.654856 0.250350,
        2.085279 0.654856 0.258806,
        2.084140 0.654856 0.268043,
        2.146113 0.654856 0.202531,
        2.149251 0.654856 0.203766,
        2.152328 0.654856 0.205954,
        2.153431 0.654856 0.207076,
        2.155499 0.654856 0.210056,
        2.156748 0.654856 0.213273,
        2.207267 0.654856 0.213301,
        2.207011 0.654856 0.218230,
        2.099667 0.654856 0.205437,
        2.115451 0.654856 0.202100,
        2.143441 0.654856 0.202100,
        2.139646 0.654856 0.231039,
        2.118297 0.654856 0.231039,
        2.109785 0.654856 0.232669,
        2.101414 0.654856 0.236546,
        2.094399 0.654856 0.242274,
        2.124939 0.654856 0.305046,
        2.322032 0.654856 0.300542,
        2.326096 0.654856 0.289961,
        2.121144 0.654856 0.305046,
        2.091010 0.654856 0.289494,
        2.096484 0.654856 0.295606,
        2.103842 0.654856 0.300744,
        2.112121 0.654856 0.303933,
        2.135159 0.654856 0.333537,
        2.145858 0.654856 0.346322,
        2.254926 0.654856 0.318804,
        2.147066 0.654856 0.347422,
        2.160395 0.654856 0.356671,
        2.247681 0.654856 0.333806,
        2.317106 0.654856 0.307620,
        2.258319 0.654856 0.320659,
        2.125505 0.654856 0.307620,
        2.127841 0.654856 0.318251,
        2.268956 0.654856 0.324544,
        2.280069 0.654856 0.325920,
        2.284998 0.654856 0.325664,
        2.237042 0.654856 0.346519,
        2.175272 0.654856 0.362370,
        2.224315 0.654856 0.355818,
        2.191356 0.654856 0.364346,
        2.208816 0.654856 0.362098,
        2.296710 0.654856 0.322890,
        2.307285 0.654856 0.317279,
        2.315457 0.654856 0.309991,
        2.069243 0.654856 0.307620,
        2.062692 0.654856 0.298485,
        2.058520 0.654856 0.288057,
        2.294763 0.658793 0.192870,
        2.287707 0.658793 0.184163,
        2.299046 0.658793 0.234834,
        2.307285 0.658793 0.317279,
        2.296710 0.658793 0.322890,
        2.299228 0.658793 0.352076,
        2.269632 0.658793 0.353435,
        2.254926 0.658793 0.318804,
        2.247681 0.658793 0.333806,
        2.207011 0.658793 0.218230,
        2.207011 0.658793 0.222974,
        2.247244 0.658793 0.234576,
        2.251716 0.658793 0.235975,
        2.309382 0.658793 0.241200,
        2.305505 0.658793 0.204839,
        2.299520 0.658793 0.203049,
        2.280544 0.658793 0.354384,
        2.240130 0.658793 0.228860,
        2.237913 0.658793 0.225048,
        2.207267 0.658793 0.213301,
        2.140594 0.658793 0.258080,
        2.155301 0.658793 0.283223,
        2.218871 0.658793 0.250015,
        2.254926 0.658793 0.236257,
        2.259429 0.658793 0.235697,
        2.265777 0.658793 0.264750,
        2.263581 0.658793 0.234095,
        2.276256 0.658793 0.260742,
        2.267308 0.658793 0.231489,
        2.285956 0.658793 0.254003,
        2.269570 0.658793 0.229059,
        2.293800 0.658793 0.245036,
        2.271931 0.658793 0.225066,
        2.273217 0.658793 0.220565,
        2.273340 0.658793 0.215936,
        2.237228 0.658793 0.262959,
        2.248679 0.658793 0.265802,
        2.254452 0.658793 0.266145,
        2.243315 0.658793 0.232144,
        2.124939 0.658793 0.305046,
        2.121144 0.658793 0.305046,
        2.101693 0.658793 0.330664,
        2.112121 0.658793 0.303933,
        2.099354 0.658793 0.329877,
        2.103842 0.658793 0.300744,
        2.085237 0.658793 0.322869,
        2.072372 0.658793 0.311983,
        2.259907 0.658793 0.364762,
        2.237042 0.658793 0.346519,
        2.248759 0.658793 0.374309,
        2.224315 0.658793 0.355818,
        2.235259 0.658793 0.382475,
        2.284998 0.658793 0.325664,
        2.280069 0.658793 0.325920,
        2.275088 0.658793 0.354088,
        2.268956 0.658793 0.324544,
        2.258319 0.658793 0.320659,
        2.272358 0.658793 0.211531,
        2.270387 0.658793 0.207591,
        2.227161 0.658793 0.257563,
        2.072280 0.658793 0.223448,
        2.094399 0.658793 0.242274,
        2.085191 0.658793 0.212519,
        2.101414 0.658793 0.236546,
        2.099667 0.658793 0.205437,
        2.109785 0.658793 0.232669,
        2.115451 0.658793 0.202100,
        2.118297 0.658793 0.231039,
        2.143441 0.658793 0.202100,
        2.139646 0.658793 0.231039,
        2.146113 0.658793 0.202531,
        2.096484 0.658793 0.295606,
        2.091010 0.658793 0.289494,
        2.062692 0.658793 0.298485,
        2.086599 0.658793 0.281308,
        2.056895 0.658793 0.283996,
        2.084372 0.658793 0.272196,
        2.054727 0.658793 0.268517,
        2.084140 0.658793 0.268043,
        2.056906 0.658793 0.251578,
        2.085279 0.658793 0.258806,
        2.062867 0.658793 0.236560,
        2.088549 0.658793 0.250350,
        2.093769 0.658793 0.242951,
        2.127311 0.658793 0.368142,
        2.145858 0.658793 0.346322,
        2.110900 0.658793 0.348906,
        2.135159 0.658793 0.333537,
        2.127841 0.658793 0.318251,
        2.326096 0.658793 0.289961,
        2.357263 0.658793 0.282094,
        2.327510 0.658793 0.278479,
        2.357398 0.658793 0.277531,
        2.326944 0.658793 0.271175,
        2.355105 0.658793 0.258960,
        2.323544 0.658793 0.259564,
        2.348311 0.658793 0.241298,
        2.317888 0.658793 0.249938,
        2.337472 0.658793 0.225820,
        2.322653 0.658793 0.213187,
        2.213250 0.658793 0.390411,
        2.208816 0.658793 0.362098,
        2.191830 0.658793 0.392811,
        2.191356 0.658793 0.364346,
        2.169361 0.658793 0.390092,
        2.175272 0.658793 0.362370,
        2.145820 0.658793 0.380983,
        2.160395 0.658793 0.356671,
        2.147066 0.658793 0.347422,
        2.316802 0.658793 0.345255,
        2.331893 0.658793 0.334649,
        2.315457 0.658793 0.309991,
        2.335100 0.658793 0.331613,
        2.322032 0.658793 0.300542,
        2.346501 0.658793 0.317000,
        2.354074 0.658793 0.299923,
        2.236661 0.658793 0.220732,
        2.236495 0.658793 0.216135,
        2.210041 0.658793 0.201589,
        2.237503 0.658793 0.211550,
        2.215652 0.658793 0.191015,
        2.239607 0.658793 0.207402,
        2.222939 0.658793 0.182843,
        2.242626 0.658793 0.203943,
        2.232389 0.658793 0.176267,
        2.246257 0.658793 0.201404,
        2.242969 0.658793 0.172204,
        2.250385 0.658793 0.199812,
        2.254452 0.658793 0.170789,
        2.254926 0.658793 0.199254,
        2.256280 0.658793 0.170823,
        2.255736 0.658793 0.199271,
        2.267481 0.658793 0.172570,
        2.259995 0.658793 0.199966,
        2.278426 0.658793 0.177169,
        2.264283 0.658793 0.201808,
        2.267913 0.658793 0.204591,
        2.142030 0.658793 0.231480,
        2.153431 0.658793 0.207076,
        2.152328 0.658793 0.205954,
        2.140607 0.658793 0.231165,
        2.149251 0.658793 0.203766,
        2.157198 0.658793 0.216807,
        2.156748 0.658793 0.213273,
        2.155499 0.658793 0.210056,
        2.146168 0.658793 0.231041,
        2.149424 0.658793 0.229756,
        2.157078 0.658793 0.218679,
        2.152341 0.658793 0.227688,
        2.154301 0.658793 0.225526,
        2.156125 0.658793 0.222290,
        2.142492 0.658793 0.231513,
        2.254926 0.654856 0.236257,
        2.251716 0.654856 0.235975,
        2.247244 0.654856 0.234576,
        2.243315 0.654856 0.232144,
        2.240130 0.654856 0.228860,
        2.237913 0.654856 0.225048,
        2.236661 0.654856 0.220732,
        2.236495 0.654856 0.216135,
        2.237503 0.654856 0.211550,
        2.239607 0.654856 0.207402,
        2.242626 0.654856 0.203943,
        2.246257 0.654856 0.201404,
        2.250385 0.654856 0.199812,
        2.254926 0.654856 0.199254,
        2.255736 0.654856 0.199271,
        2.259995 0.654856 0.199966,
        2.264283 0.654856 0.201808,
        2.267913 0.654856 0.204591,
        2.270387 0.654856 0.207591,
        2.272358 0.654856 0.211531,
        2.273340 0.654856 0.215936,
        2.273217 0.654856 0.220565,
        2.271931 0.654856 0.225066,
        2.269570 0.654856 0.229059,
        2.267308 0.654856 0.231489,
        2.263581 0.654856 0.234095,
        2.259429 0.654856 0.235697,
      ]
    }
    coordIndex [
      139, 140, 141, -1,
      142, 143, 144, -1,
      145, 146, 147, -1,
      148, 149, 150, -1,
      150, 149, 151, -1,
      152, 153, 141, -1,
      141, 153, 154, -1,
      141, 154, 139, -1,
      144, 143, 155, -1,
      156, 157, 158, -1,
      159, 160, 149, -1,
      149, 160, 161, -1,
      149, 161, 151, -1,
      151, 161, 162, -1,
      163, 164, 165, -1,
      165, 164, 166, -1,
      165, 166, 167, -1,
      167, 166, 168, -1,
      167, 168, 169, -1,
      169, 168, 170, -1,
      169, 170, 171, -1,
      171, 170, 141, -1,
      171, 141, 172, -1,
      172, 141, 173, -1,
      174, 175, 163, -1,
      163, 175, 176, -1,
      163, 176, 164, -1,
      148, 150, 158, -1,
      158, 150, 177, -1,
      158, 177, 156, -1,
      178, 179, 180, -1,
      180, 179, 181, -1,
      180, 181, 182, -1,
      182, 181, 183, -1,
      182, 183, 184, -1,
      184, 183, 185, -1,
      145, 147, 186, -1,
      186, 147, 187, -1,
      186, 187, 188, -1,
      188, 187, 189, -1,
      188, 189, 190, -1,
      143, 191, 155, -1,
      155, 191, 192, -1,
      155, 192, 193, -1,
      193, 192, 194, -1,
      193, 194, 145, -1,
      145, 194, 195, -1,
      145, 195, 146, -1,
      173, 141, 196, -1,
      196, 141, 140, -1,
      196, 140, 197, -1,
      162, 161, 163, -1,
      163, 161, 198, -1,
      163, 198, 174, -1,
      199, 200, 201, -1,
      201, 200, 202, -1,
      201, 202, 203, -1,
      203, 202, 204, -1,
      203, 204, 205, -1,
      205, 204, 206, -1,
      205, 206, 207, -1,
      207, 206, 208, -1,
      207, 208, 209, -1,
      183, 210, 185, -1,
      185, 210, 211, -1,
      185, 211, 212, -1,
      212, 211, 213, -1,
      212, 213, 214, -1,
      214, 213, 215, -1,
      214, 215, 216, -1,
      216, 215, 217, -1,
      216, 217, 218, -1,
      218, 217, 219, -1,
      218, 219, 220, -1,
      220, 219, 221, -1,
      220, 221, 199, -1,
      199, 221, 222, -1,
      199, 222, 200, -1,
      223, 224, 225, -1,
      225, 224, 226, -1,
      225, 226, 180, -1,
      180, 226, 227, -1,
      180, 227, 178, -1,
      228, 229, 230, -1,
      230, 229, 231, -1,
      230, 231, 232, -1,
      232, 231, 233, -1,
      232, 233, 234, -1,
      234, 233, 235, -1,
      234, 235, 236, -1,
      236, 235, 237, -1,
      236, 237, 152, -1,
      152, 237, 238, -1,
      152, 238, 153, -1,
      190, 189, 239, -1,
      239, 189, 240, -1,
      239, 240, 241, -1,
      241, 240, 242, -1,
      241, 242, 243, -1,
      243, 242, 244, -1,
      243, 244, 245, -1,
      245, 244, 246, -1,
      245, 246, 223, -1,
      223, 246, 247, -1,
      223, 247, 224, -1,
      144, 248, 142, -1,
      142, 248, 249, -1,
      142, 249, 250, -1,
      250, 249, 251, -1,
      250, 251, 252, -1,
      252, 251, 253, -1,
      252, 253, 228, -1,
      228, 253, 254, -1,
      228, 254, 229, -1,
      157, 255, 158, -1,
      158, 255, 256, -1,
      158, 256, 257, -1,
      257, 256, 258, -1,
      257, 258, 259, -1,
      259, 258, 260, -1,
      259, 260, 261, -1,
      261, 260, 262, -1,
      261, 262, 263, -1,
      263, 262, 264, -1,
      263, 264, 265, -1,
      265, 264, 266, -1,
      265, 266, 267, -1,
      267, 266, 268, -1,
      267, 268, 269, -1,
      269, 268, 270, -1,
      269, 270, 271, -1,
      271, 270, 272, -1,
      271, 272, 273, -1,
      273, 272, 274, -1,
      273, 274, 140, -1,
      140, 274, 275, -1,
      140, 275, 197, -1,
      276, 277, 278, -1,
      208, 279, 209, -1,
      209, 279, 276, -1,
      209, 276, 280, -1,
      280, 276, 278, -1,
      281, 282, 276, -1,
      276, 282, 283, -1,
      276, 283, 277, -1,
      284, 285, 286, -1,
      285, 287, 286, -1,
      286, 287, 288, -1,
      286, 288, 289, -1,
      281, 276, 286, -1,
      286, 276, 290, -1,
      286, 290, 284, -1,
      136, 185, 137, -1,
      137, 185, 212, -1,
      137, 212, 138, -1,
      138, 212, 214, -1,
      138, 214, 49, -1,
      49, 214, 216, -1,
      49, 216, 50, -1,
      136, 1, 185, -1,
      185, 1, 0, -1,
      185, 0, 184, -1,
      184, 0, 6, -1,
      184, 6, 182, -1,
      182, 6, 5, -1,
      182, 5, 180, -1,
      180, 5, 4, -1,
      180, 4, 225, -1,
      225, 4, 3, -1,
      225, 3, 223, -1,
      223, 3, 245, -1,
      245, 3, 2, -1,
      2, 10, 245, -1,
      245, 10, 9, -1,
      245, 9, 243, -1,
      243, 9, 11, -1,
      243, 11, 241, -1,
      18, 188, 17, -1,
      17, 188, 190, -1,
      17, 190, 7, -1,
      7, 190, 239, -1,
      7, 239, 8, -1,
      8, 239, 241, -1,
      8, 241, 11, -1,
      188, 18, 19, -1,
      188, 19, 186, -1,
      186, 19, 21, -1,
      186, 21, 145, -1,
      145, 21, 20, -1,
      145, 20, 193, -1,
      193, 20, 13, -1,
      193, 13, 155, -1,
      155, 13, 12, -1,
      155, 12, 144, -1,
      144, 12, 23, -1,
      144, 23, 248, -1,
      248, 23, 22, -1,
      248, 22, 249, -1,
      249, 22, 16, -1,
      249, 16, 251, -1,
      254, 253, 15, -1,
      15, 253, 251, -1,
      15, 251, 16, -1,
      15, 14, 254, -1,
      254, 14, 33, -1,
      254, 33, 229, -1,
      229, 33, 32, -1,
      32, 31, 229, -1,
      229, 31, 30, -1,
      229, 30, 231, -1,
      231, 30, 29, -1,
      231, 29, 233, -1,
      233, 29, 28, -1,
      233, 28, 235, -1,
      235, 28, 27, -1,
      235, 27, 237, -1,
      237, 27, 26, -1,
      237, 26, 238, -1,
      238, 26, 25, -1,
      238, 25, 153, -1,
      153, 25, 24, -1,
      153, 24, 154, -1,
      154, 24, 37, -1,
      154, 37, 139, -1,
      37, 36, 139, -1,
      139, 36, 35, -1,
      139, 35, 140, -1,
      140, 35, 34, -1,
      140, 34, 273, -1,
      273, 34, 43, -1,
      273, 43, 271, -1,
      43, 42, 271, -1,
      271, 42, 41, -1,
      271, 41, 269, -1,
      269, 41, 38, -1,
      269, 38, 267, -1,
      98, 148, 158, -1,
      267, 38, 39, -1,
      40, 263, 39, -1,
      39, 263, 265, -1,
      39, 265, 267, -1,
      40, 48, 263, -1,
      263, 48, 47, -1,
      263, 47, 261, -1,
      261, 47, 46, -1,
      261, 46, 259, -1,
      259, 46, 45, -1,
      259, 45, 257, -1,
      257, 45, 44, -1,
      257, 44, 158, -1,
      158, 44, 97, -1,
      158, 97, 98, -1,
      149, 148, 84, -1,
      84, 148, 98, -1,
      159, 149, 53, -1,
      53, 149, 84, -1,
      160, 159, 57, -1,
      57, 159, 53, -1,
      161, 160, 56, -1,
      56, 160, 57, -1,
      161, 56, 58, -1,
      161, 58, 198, -1,
      198, 58, 59, -1,
      198, 59, 174, -1,
      174, 59, 81, -1,
      174, 81, 175, -1,
      175, 81, 80, -1,
      175, 80, 176, -1,
      176, 80, 79, -1,
      176, 79, 164, -1,
      164, 79, 75, -1,
      164, 75, 166, -1,
      166, 75, 76, -1,
      166, 76, 168, -1,
      168, 76, 72, -1,
      168, 72, 170, -1,
      170, 72, 74, -1,
      170, 74, 141, -1,
      141, 74, 73, -1,
      141, 73, 152, -1,
      152, 73, 71, -1,
      152, 71, 236, -1,
      236, 71, 70, -1,
      236, 70, 234, -1,
      234, 70, 78, -1,
      234, 78, 232, -1,
      232, 78, 77, -1,
      232, 77, 230, -1,
      230, 77, 65, -1,
      230, 65, 228, -1,
      228, 65, 109, -1,
      228, 109, 108, -1,
      121, 250, 108, -1,
      108, 250, 252, -1,
      108, 252, 228, -1,
      121, 135, 250, -1,
      250, 135, 134, -1,
      250, 134, 142, -1,
      142, 134, 133, -1,
      142, 133, 143, -1,
      143, 133, 127, -1,
      143, 127, 191, -1,
      191, 127, 126, -1,
      191, 126, 192, -1,
      192, 126, 125, -1,
      192, 125, 194, -1,
      194, 125, 122, -1,
      194, 122, 195, -1,
      195, 122, 117, -1,
      195, 117, 146, -1,
      146, 117, 120, -1,
      146, 120, 147, -1,
      147, 120, 128, -1,
      147, 128, 187, -1,
      187, 128, 130, -1,
      187, 130, 189, -1,
      189, 130, 132, -1,
      189, 132, 240, -1,
      240, 132, 131, -1,
      240, 131, 242, -1,
      242, 131, 129, -1,
      242, 129, 244, -1,
      244, 129, 119, -1,
      244, 119, 246, -1,
      246, 119, 118, -1,
      246, 118, 247, -1,
      247, 118, 116, -1,
      247, 116, 224, -1,
      224, 116, 115, -1,
      224, 115, 226, -1,
      226, 115, 124, -1,
      226, 124, 227, -1,
      227, 124, 178, -1,
      178, 124, 123, -1,
      178, 123, 107, -1,
      179, 178, 110, -1,
      110, 178, 107, -1,
      179, 110, 114, -1,
      179, 114, 181, -1,
      181, 114, 113, -1,
      181, 113, 183, -1,
      183, 113, 112, -1,
      183, 112, 210, -1,
      210, 112, 111, -1,
      210, 111, 211, -1,
      211, 111, 64, -1,
      211, 64, 213, -1,
      64, 63, 213, -1,
      213, 63, 62, -1,
      213, 62, 215, -1,
      215, 62, 90, -1,
      215, 90, 217, -1,
      217, 90, 89, -1,
      217, 89, 219, -1,
      219, 89, 88, -1,
      219, 88, 221, -1,
      221, 88, 87, -1,
      221, 87, 222, -1,
      222, 87, 106, -1,
      222, 106, 200, -1,
      200, 106, 105, -1,
      200, 105, 202, -1,
      202, 105, 104, -1,
      202, 104, 204, -1,
      204, 104, 103, -1,
      204, 103, 206, -1,
      208, 206, 102, -1,
      102, 206, 103, -1,
      208, 102, 69, -1,
      208, 69, 279, -1,
      279, 69, 68, -1,
      279, 68, 276, -1,
      276, 68, 67, -1,
      276, 67, 290, -1,
      290, 67, 52, -1,
      290, 52, 284, -1,
      284, 52, 51, -1,
      284, 51, 285, -1,
      285, 51, 60, -1,
      285, 60, 287, -1,
      287, 60, 86, -1,
      287, 86, 288, -1,
      288, 86, 85, -1,
      288, 85, 289, -1,
      289, 85, 83, -1,
      289, 83, 286, -1,
      286, 83, 82, -1,
      286, 82, 281, -1,
      281, 82, 96, -1,
      281, 96, 282, -1,
      282, 96, 95, -1,
      282, 95, 283, -1,
      283, 95, 94, -1,
      283, 94, 277, -1,
      277, 94, 93, -1,
      277, 93, 278, -1,
      278, 93, 92, -1,
      278, 92, 280, -1,
      280, 92, 91, -1,
      280, 91, 209, -1,
      209, 91, 101, -1,
      209, 101, 207, -1,
      205, 207, 100, -1,
      100, 207, 101, -1,
      205, 100, 99, -1,
      205, 99, 203, -1,
      203, 99, 55, -1,
      203, 55, 201, -1,
      201, 55, 54, -1,
      201, 54, 199, -1,
      199, 54, 61, -1,
      199, 61, 220, -1,
      220, 61, 66, -1,
      220, 66, 218, -1,
      218, 66, 50, -1,
      218, 50, 216, -1,
      162, 291, 292, -1,
      162, 292, 151, -1,
      151, 292, 293, -1,
      151, 293, 150, -1,
      150, 293, 294, -1,
      150, 294, 177, -1,
      177, 294, 295, -1,
      177, 295, 156, -1,
      156, 295, 296, -1,
      156, 296, 157, -1,
      157, 296, 297, -1,
      157, 297, 255, -1,
      255, 297, 298, -1,
      255, 298, 256, -1,
      256, 298, 299, -1,
      256, 299, 258, -1,
      258, 299, 300, -1,
      258, 300, 260, -1,
      260, 300, 301, -1,
      260, 301, 262, -1,
      262, 301, 302, -1,
      262, 302, 264, -1,
      264, 302, 303, -1,
      264, 303, 266, -1,
      266, 303, 304, -1,
      266, 304, 268, -1,
      268, 304, 305, -1,
      268, 305, 270, -1,
      270, 305, 306, -1,
      270, 306, 272, -1,
      272, 306, 307, -1,
      272, 307, 274, -1,
      274, 307, 308, -1,
      274, 308, 275, -1,
      275, 308, 309, -1,
      275, 309, 197, -1,
      197, 309, 310, -1,
      197, 310, 196, -1,
      196, 310, 311, -1,
      196, 311, 173, -1,
      173, 311, 312, -1,
      173, 312, 172, -1,
      172, 312, 313, -1,
      172, 313, 171, -1,
      171, 313, 314, -1,
      171, 314, 169, -1,
      169, 314, 315, -1,
      169, 315, 167, -1,
      167, 315, 316, -1,
      167, 316, 165, -1,
      165, 316, 317, -1,
      165, 317, 163, -1,
      163, 317, 291, -1,
      163, 291, 162, -1,
    ]
  }
}

Shape {
  appearance Appearance {
    material Material {
      diffuseColor 0.2510 0.2510 0.2510
      specularColor 0.1255 0.1255 0.1255
      ambientIntensity 0.2
      transparency 0.0000
      shininess 0.5
    }
  }
  geometry IndexedFaceSet {
    ccw TRUE
    solid FALSE
    coord DEF co Coordinate {
      point [
        2.254926 0.654856 0.236257,
        2.251716 0.654856 0.235975,
        2.247244 0.654856 0.234576,
        2.243315 0.654856 0.232144,
        2.240130 0.654856 0.228860,
        2.237913 0.654856 0.225048,
        2.236661 0.654856 0.220732,
        2.236495 0.654856 0.216135,
        2.237503 0.654856 0.211550,
        2.239607 0.654856 0.207402,
        2.242626 0.654856 0.203943,
        2.246257 0.654856 0.201404,
        2.250385 0.654856 0.199812,
        2.254926 0.654856 0.199254,
        2.255736 0.654856 0.199271,
        2.259995 0.654856 0.199966,
        2.264283 0.654856 0.201808,
        2.267913 0.654856 0.204591,
        2.270387 0.654856 0.207591,
        2.272358 0.654856 0.211531,
        2.273340 0.654856 0.215936,
        2.273217 0.654856 0.220565,
        2.271931 0.654856 0.225066,
        2.269570 0.654856 0.229059,
        2.267308 0.654856 0.231489,
        2.263581 0.654856 0.234095,
        2.259429 0.654856 0.235697,
      ]
    }
    coordIndex [
      26, 25, 14, -1,
      14, 25, 24, -1,
      14, 24, 23, -1,
      1, 13, 12, -1,
      13, 1, 14, -1,
      14, 1, 0, -1,
      14, 0, 26, -1,
      19, 18, 23, -1,
      23, 18, 17, -1,
      10, 4, 3, -1,
      22, 21, 23, -1,
      23, 21, 20, -1,
      23, 20, 19, -1,
      17, 16, 23, -1,
      23, 16, 15, -1,
      23, 15, 14, -1,
      12, 11, 1, -1,
      1, 11, 10, -1,
      1, 10, 2, -1,
      2, 10, 3, -1,
      8, 7, 9, -1,
      9, 7, 6, -1,
      9, 6, 10, -1,
      10, 6, 5, -1,
      10, 5, 4, -1,
    ]
  }
}

Shape {
  appearance Appearance {
    material Material {
      diffuseColor 1.0000 1.0000 0.5020
      specularColor 0.5020 0.5020 0.2510
      ambientIntensity 0.2
      transparency 0.0000
      shininess 0.5
    }
  }
  geometry IndexedFaceSet {
    ccw TRUE
    solid FALSE
    coord DEF co Coordinate {
      point [
        0.500000 0.536745 0.000000,
        -0.500000 0.536745 0.000000,
        -0.381890 0.654856 0.000000,
        0.381890 0.654856 0.000000,
      ]
    }
    coordIndex [
      1, 2, 0, -1,
      0, 2, 3, -1,
    ]
  }
}

Shape {
  appearance Appearance {
    material Material {
      diffuseColor 0.2510 0.2510 0.2510
      specularColor 0.1255 0.1255 0.1255
      ambientIntensity 0.2
      transparency 0.0000
      shininess 0.5
    }
  }
  geometry IndexedFaceSet {
    ccw TRUE
    solid FALSE
    coord DEF co Coordinate {
      point [
        0.500000 0.536745 0.000000,
        0.500000 -0.211286 0.984252,
        0.500000 -0.211286 0.118110,
        0.500000 -0.211286 0.000000,
        0.500000 0.536745 0.984252,
        0.500000 0.536745 0.118110,
        -0.500000 0.536745 0.000000,
        -0.381890 0.654856 0.000000,
        0.381890 0.654856 0.000000,
        -0.500000 -0.211286 0.118110,
        -0.500000 -0.211286 0.984252,
        -0.500000 0.536745 0.118110,
        -0.500000 0.536745 0.984252,
        0.381890 -0.329396 0.984252,
        -0.381890 -0.329396 0.984252,
        0.381890 -0.329396 0.000000,
        -0.381890 -0.329396 0.000000,
        -0.381890 0.654856 0.984252,
        0.381890 0.654856 0.984252,
        -0.125984 0.288714 0.984252,
        0.125984 0.288714 0.984252,
        0.125984 0.036745 0.984252,
        -0.125984 0.036745 0.984252,
        -0.500000 -0.211286 0.000000,
        0.125984 0.288714 0.118110,
        0.125984 0.036745 0.118110,
        -0.125984 0.036745 0.118110,
        -0.125984 0.288714 0.118110,
      ]
    }
    coordIndex [
      9, 10, 11, -1,
      11, 10, 12, -1,
      13, 14, 15, -1,
      15, 14, 16, -1,
      5, 4, 2, -1,
      2, 4, 1, -1,
      17, 18, 7, -1,
      7, 18, 8, -1,
      17, 19, 18, -1,
      18, 19, 20, -1,
      18, 20, 4, -1,
      4, 20, 21, -1,
      4, 21, 1, -1,
      17, 12, 19, -1,
      19, 12, 10, -1,
      19, 10, 22, -1,
      22, 10, 14, -1,
      22, 14, 21, -1,
      21, 14, 13, -1,
      21, 13, 1, -1,
      3, 15, 23, -1,
      23, 15, 16, -1,
      12, 17, 11, -1,
      11, 17, 7, -1,
      11, 7, 6, -1,
      18, 4, 8, -1,
      8, 4, 5, -1,
      8, 5, 0, -1,
      1, 13, 2, -1,
      2, 13, 15, -1,
      2, 15, 3, -1,
      14, 10, 16, -1,
      16, 10, 9, -1,
      16, 9, 23, -1,
      5, 11, 0, -1,
      0, 11, 6, -1,
      9, 2, 23, -1,
      23, 2, 3, -1,
      24, 5, 25, -1,
      25, 5, 2, -1,
      25, 2, 26, -1,
      26, 2, 9, -1,
      26, 9, 27, -1,
      27, 9, 11, -1,
      27, 11, 24, -1,
      24, 11, 5, -1,
    ]
  }
}

Shape {
  appearance Appearance {
    material Material {
      diffuseColor 1.0000 1.0000 0.5020
      specularColor 0.5020 0.5020 0.2510
      ambientIntensity 0.2
      transparency 0.0000
      shininess 0.5
    }
  }
  geometry IndexedFaceSet {
    ccw TRUE
    solid FALSE
    coord DEF co Coordinate {
      point [
        -0.125984 0.288714 0.984252,
        0.125984 0.288714 0.984252,
        0.125984 0.036745 0.984252,
        -0.125984 0.036745 0.984252,
        0.125984 0.288714 0.118110,
        0.125984 0.036745 0.118110,
        -0.125984 0.036745 0.118110,
        -0.125984 0.288714 0.118110,
        -0.125984 0.288714 -0.011811,
        0.125984 0.288714 -0.011811,
        0.125984 0.279726 -0.080082,
        -0.125984 0.279726 -0.080082,
        0.125984 0.253374 -0.143701,
        -0.125984 0.253374 -0.143701,
        0.125984 0.211455 -0.198331,
        -0.125984 0.211455 -0.198331,
        0.125984 0.156824 -0.240251,
        -0.125984 0.156824 -0.240251,
        0.125984 0.093206 -0.266602,
        -0.125984 0.093206 -0.266602,
        0.125984 0.024934 -0.275591,
        -0.125984 0.024934 -0.275591,
        -0.125984 -0.703412 -0.275591,
        0.125984 -0.703412 -0.275591,
        0.057793 -0.821522 -0.207400,
        0.057793 -0.821522 -0.091813,
        -0.057793 -0.821522 -0.207400,
        -0.057793 -0.821522 -0.091813,
        0.125984 -0.703412 -0.023622,
        0.125984 0.024934 -0.023622,
        -0.125984 -0.703412 -0.023622,
        -0.125984 0.024934 -0.023622,
        -0.125984 0.027991 -0.023220,
        0.125984 0.027991 -0.023220,
        -0.125984 0.030840 -0.022040,
        0.125984 0.030840 -0.022040,
        -0.125984 0.033286 -0.020163,
        0.125984 0.033286 -0.020163,
        -0.125984 0.035163 -0.017717,
        0.125984 0.035163 -0.017717,
        -0.125984 0.036343 -0.014868,
        0.125984 0.036343 -0.014868,
        -0.125984 0.036745 -0.011811,
        0.125984 0.036745 -0.011811,
        -0.125984 0.036745 3.228346,
        0.125984 0.036745 3.228346,
        0.057793 0.104936 3.346457,
        0.057793 0.220523 3.346457,
        -0.057793 0.104936 3.346457,
        -0.057793 0.220523 3.346457,
        0.125984 0.288714 3.228346,
        -0.125984 0.288714 3.228346,
      ]
    }
    coordIndex [
      8, 9, 10, -1,
      8, 10, 11, -1,
      11, 10, 12, -1,
      11, 12, 13, -1,
      13, 12, 14, -1,
      13, 14, 15, -1,
      15, 14, 16, -1,
      15, 16, 17, -1,
      17, 16, 18, -1,
      17, 18, 19, -1,
      19, 18, 20, -1,
      19, 20, 21, -1,
      22, 21, 23, -1,
      23, 21, 20, -1,
      24, 25, 26, -1,
      26, 25, 27, -1,
      28, 29, 30, -1,
      30, 29, 31, -1,
      31, 29, 32, -1,
      32, 29, 33, -1,
      32, 33, 34, -1,
      34, 33, 35, -1,
      34, 35, 36, -1,
      36, 35, 37, -1,
      36, 37, 38, -1,
      38, 37, 39, -1,
      38, 39, 40, -1,
      40, 39, 41, -1,
      40, 41, 42, -1,
      42, 41, 43, -1,
      28, 23, 29, -1,
      29, 23, 20, -1,
      29, 20, 33, -1,
      33, 20, 18, -1,
      33, 18, 35, -1,
      35, 18, 16, -1,
      35, 16, 37, -1,
      37, 16, 14, -1,
      37, 14, 39, -1,
      39, 14, 12, -1,
      39, 12, 41, -1,
      41, 12, 10, -1,
      41, 10, 43, -1,
      43, 10, 9, -1,
      43, 9, 5, -1,
      5, 9, 4, -1,
      6, 7, 42, -1,
      42, 7, 8, -1,
      42, 8, 40, -1,
      40, 8, 11, -1,
      40, 11, 38, -1,
      38, 11, 13, -1,
      38, 13, 36, -1,
      36, 13, 15, -1,
      36, 15, 34, -1,
      34, 15, 17, -1,
      34, 17, 32, -1,
      32, 17, 19, -1,
      32, 19, 31, -1,
      31, 19, 21, -1,
      31, 21, 30, -1,
      30, 21, 22, -1,
      4, 9, 7, -1,
      7, 9, 8, -1,
      42, 43, 6, -1,
      6, 43, 5, -1,
      44, 3, 45, -1,
      45, 3, 2, -1,
      46, 47, 48, -1,
      48, 47, 49, -1,
      50, 1, 51, -1,
      51, 1, 0, -1,
      51, 0, 44, -1,
      44, 0, 3, -1,
      45, 2, 50, -1,
      50, 2, 1, -1,
      30, 27, 28, -1,
      28, 27, 25, -1,
      22, 26, 30, -1,
      30, 26, 27, -1,
      24, 23, 25, -1,
      25, 23, 28, -1,
      23, 24, 22, -1,
      22, 24, 26, -1,
      51, 49, 50, -1,
      50, 49, 47, -1,
      44, 48, 51, -1,
      51, 48, 49, -1,
      46, 45, 47, -1,
      47, 45, 50, -1,
      45, 46, 44, -1,
      44, 46, 48, -1,
    ]
  }
}

Shape {
  appearance Appearance {
    material Material {
      diffuseColor 0.2510 0.2510 0.2510
      specularColor 0.1255 0.1255 0.1255
      ambientIntensity 0.2
      transparency 0.0000
      shininess 0.5
    }
  }
  geometry IndexedFaceSet {
    ccw TRUE
    solid FALSE
    coord DEF co Coordinate {
      point [
        2.500000 0.536745 0.000000,
        2.500000 0.536745 0.118110,
        2.500000 0.536745 0.984252,
        2.500000 -0.211286 0.118110,
        2.500000 -0.211286 0.984252,
        2.500000 -0.211286 0.000000,
        2.618110 0.654856 0.000000,
        3.500000 0.536745 0.000000,
        3.381890 0.654856 0.000000,
        3.381890 0.654856 0.984252,
        3.500000 0.536745 0.984252,
        3.500000 0.536745 0.118110,
        3.500000 -0.211286 0.984252,
        3.500000 -0.211286 0.118110,
        3.381890 -0.329396 0.984252,
        3.381890 -0.329396 0.000000,
        3.500000 -0.211286 0.000000,
        2.618110 -0.329396 0.000000,
        2.618110 -0.329396 0.984252,
        2.618110 0.654856 0.984252,
        3.125984 0.288714 0.984252,
        2.874016 0.288714 0.984252,
        2.874016 0.036745 0.984252,
        3.125984 0.036745 0.984252,
        3.125984 0.036745 0.118110,
        2.874016 0.036745 0.118110,
        2.874016 0.288714 0.118110,
        3.125984 0.288714 0.118110,
      ]
    }
    coordIndex [
      0, 6, 7, -1,
      7, 6, 8, -1,
      9, 10, 8, -1,
      8, 10, 11, -1,
      8, 11, 7, -1,
      10, 12, 11, -1,
      11, 12, 13, -1,
      12, 14, 13, -1,
      13, 14, 15, -1,
      13, 15, 16, -1,
      17, 15, 18, -1,
      18, 15, 14, -1,
      18, 4, 17, -1,
      17, 4, 3, -1,
      17, 3, 5, -1,
      4, 2, 3, -1,
      3, 2, 1, -1,
      2, 19, 1, -1,
      1, 19, 6, -1,
      1, 6, 0, -1,
      8, 6, 9, -1,
      9, 6, 19, -1,
      16, 15, 5, -1,
      5, 15, 17, -1,
      20, 9, 21, -1,
      21, 9, 19, -1,
      19, 2, 21, -1,
      21, 2, 4, -1,
      21, 4, 22, -1,
      22, 4, 18, -1,
      22, 18, 23, -1,
      23, 18, 14, -1,
      23, 14, 20, -1,
      20, 14, 12, -1,
      20, 12, 9, -1,
      9, 12, 10, -1,
      11, 1, 7, -1,
      7, 1, 0, -1,
      3, 13, 5, -1,
      5, 13, 16, -1,
      24, 13, 25, -1,
      25, 13, 3, -1,
      25, 3, 26, -1,
      26, 3, 1, -1,
      26, 1, 27, -1,
      27, 1, 11, -1,
      27, 11, 24, -1,
      24, 11, 13, -1,
    ]
  }
}

Shape {
  appearance Appearance {
    material Material {
      diffuseColor 1.0000 1.0000 0.5020
      specularColor 0.5020 0.5020 0.2510
      ambientIntensity 0.2
      transparency 0.0000
      shininess 0.5
    }
  }
  geometry IndexedFaceSet {
    ccw TRUE
    solid FALSE
    coord DEF co Coordinate {
      point [
        3.125984 0.288714 0.984252,
        2.874016 0.288714 0.984252,
        2.874016 0.036745 0.984252,
        3.125984 0.036745 0.984252,
        3.125984 0.036745 0.118110,
        2.874016 0.036745 0.118110,
        2.874016 0.288714 0.118110,
        3.125984 0.288714 0.118110,
        2.874016 0.288714 -0.011811,
        3.125984 0.288714 -0.011811,
        2.874016 0.289117 -0.014868,
        3.125984 0.289117 -0.014868,
        2.874016 0.290296 -0.017717,
        3.125984 0.290296 -0.017717,
        2.874016 0.292173 -0.020163,
        3.125984 0.292173 -0.020163,
        2.874016 0.294619 -0.022040,
        3.125984 0.294619 -0.022040,
        2.874016 0.297468 -0.023220,
        3.125984 0.297468 -0.023220,
        2.874016 0.300525 -0.023622,
        3.125984 0.300525 -0.023622,
        2.874016 1.028871 -0.023622,
        3.125984 1.028871 -0.023622,
        3.057793 1.146981 -0.091813,
        3.057793 1.146981 -0.207400,
        2.942207 1.146981 -0.091813,
        2.942207 1.146981 -0.207400,
        3.125984 1.028871 -0.275591,
        3.125984 0.300525 -0.275591,
        2.874016 1.028871 -0.275591,
        2.874016 0.300525 -0.275591,
        3.125984 0.232254 -0.266602,
        2.874016 0.232254 -0.266602,
        3.125984 0.168635 -0.240251,
        2.874016 0.168635 -0.240251,
        3.125984 0.114005 -0.198331,
        2.874016 0.114005 -0.198331,
        3.125984 0.072085 -0.143701,
        2.874016 0.072085 -0.143701,
        3.125984 0.045733 -0.080082,
        2.874016 0.045733 -0.080082,
        3.125984 0.036745 -0.011811,
        2.874016 0.036745 -0.011811,
        2.874016 0.036745 3.228346,
        3.125984 0.036745 3.228346,
        3.057793 0.104936 3.346457,
        3.057793 0.220523 3.346457,
        2.942207 0.104936 3.346457,
        2.942207 0.220523 3.346457,
        3.125984 0.288714 3.228346,
        2.874016 0.288714 3.228346,
      ]
    }
    coordIndex [
      8, 9, 10, -1,
      10, 9, 11, -1,
      10, 11, 12, -1,
      12, 11, 13, -1,
      12, 13, 14, -1,
      14, 13, 15, -1,
      14, 15, 16, -1,
      16, 15, 17, -1,
      16, 17, 18, -1,
      18, 17, 19, -1,
      18, 19, 20, -1,
      20, 19, 21, -1,
      22, 20, 23, -1,
      23, 20, 21, -1,
      24, 25, 26, -1,
      26, 25, 27, -1,
      28, 29, 30, -1,
      30, 29, 31, -1,
      31, 29, 32, -1,
      31, 32, 33, -1,
      33, 32, 34, -1,
      33, 34, 35, -1,
      35, 34, 36, -1,
      35, 36, 37, -1,
      37, 36, 38, -1,
      37, 38, 39, -1,
      39, 38, 40, -1,
      39, 40, 41, -1,
      41, 40, 42, -1,
      41, 42, 43, -1,
      7, 4, 9, -1,
      9, 4, 42, -1,
      9, 42, 11, -1,
      11, 42, 40, -1,
      11, 40, 13, -1,
      13, 40, 38, -1,
      13, 38, 15, -1,
      15, 38, 36, -1,
      15, 36, 17, -1,
      17, 36, 34, -1,
      17, 34, 19, -1,
      19, 34, 32, -1,
      19, 32, 21, -1,
      21, 32, 29, -1,
      21, 29, 23, -1,
      23, 29, 28, -1,
      22, 30, 20, -1,
      20, 30, 31, -1,
      20, 31, 18, -1,
      18, 31, 33, -1,
      18, 33, 16, -1,
      16, 33, 35, -1,
      16, 35, 14, -1,
      14, 35, 37, -1,
      14, 37, 12, -1,
      12, 37, 39, -1,
      12, 39, 10, -1,
      10, 39, 41, -1,
      10, 41, 8, -1,
      8, 41, 43, -1,
      8, 43, 6, -1,
      6, 43, 5, -1,
      7, 9, 6, -1,
      6, 9, 8, -1,
      43, 42, 5, -1,
      5, 42, 4, -1,
      44, 2, 45, -1,
      45, 2, 3, -1,
      46, 47, 48, -1,
      48, 47, 49, -1,
      50, 0, 51, -1,
      51, 0, 1, -1,
      51, 1, 44, -1,
      44, 1, 2, -1,
      45, 3, 50, -1,
      50, 3, 0, -1,
      30, 27, 28, -1,
      28, 27, 25, -1,
      22, 26, 30, -1,
      30, 26, 27, -1,
      24, 23, 25, -1,
      25, 23, 28, -1,
      23, 24, 22, -1,
      22, 24, 26, -1,
      51, 49, 50, -1,
      50, 49, 47, -1,
      44, 48, 51, -1,
      51, 48, 49, -1,
      46, 45, 47, -1,
      47, 45, 50, -1,
      45, 46, 44, -1,
      44, 46, 48, -1,
    ]
  }
}

Shape {
  appearance Appearance {
    material Material {
      diffuseColor 0.2510 0.2510 0.2510
      specularColor 0.1255 0.1255 0.1255
      ambientIntensity 0.2
      transparency 0.0000
      shininess 0.5
    }
  }
  geometry IndexedFaceSet {
    ccw TRUE
    solid FALSE
    coord DEF co Coordinate {
      point [
        -0.500000 0.536745 0.000000,
        -0.500000 -0.211286 0.118110,
        -0.500000 -0.211286 0.984252,
        -0.500000 0.536745 0.118110,
        -0.500000 0.536745 0.984252,
        -0.500000 -0.211286 0.000000,
        -1.500000 0.536745 0.000000,
        -1.381890 0.654856 0.000000,
        -0.618110 0.654856 0.000000,
        -0.618110 0.654856 0.984252,
        -0.618110 -0.329396 0.984252,
        -0.618110 -0.329396 0.000000,
        -1.381890 -0.329396 0.000000,
        -1.381890 -0.329396 0.984252,
        -1.500000 -0.211286 0.984252,
        -1.500000 -0.211286 0.118110,
        -1.500000 -0.211286 0.000000,
        -1.500000 0.536745 0.984252,
        -1.500000 0.536745 0.118110,
        -1.381890 0.654856 0.984252,
        -1.125984 0.036745 0.984252,
        -0.874016 0.036745 0.984252,
        -0.874016 0.288714 0.984252,
        -1.125984 0.288714 0.984252,
        -0.874016 0.288714 0.118110,
        -0.874016 0.036745 0.118110,
        -1.125984 0.036745 0.118110,
        -1.125984 0.288714 0.118110,
      ]
    }
    coordIndex [
      6, 7, 0, -1,
      0, 7, 8, -1,
      9, 4, 8, -1,
      8, 4, 3, -1,
      8, 3, 0, -1,
      4, 2, 3, -1,
      3, 2, 1, -1,
      2, 10, 1, -1,
      1, 10, 11, -1,
      1, 11, 5, -1,
      12, 11, 13, -1,
      13, 11, 10, -1,
      13, 14, 12, -1,
      12, 14, 15, -1,
      12, 15, 16, -1,
      14, 17, 15, -1,
      15, 17, 18, -1,
      17, 19, 18, -1,
      18, 19, 7, -1,
      18, 7, 6, -1,
      8, 7, 9, -1,
      9, 7, 19, -1,
      5, 11, 16, -1,
      16, 11, 12, -1,
      20, 13, 21, -1,
      21, 13, 10, -1,
      10, 2, 21, -1,
      21, 2, 4, -1,
      21, 4, 22, -1,
      22, 4, 9, -1,
      22, 9, 23, -1,
      23, 9, 19, -1,
      23, 19, 20, -1,
      20, 19, 17, -1,
      20, 17, 13, -1,
      13, 17, 14, -1,
      3, 18, 0, -1,
      0, 18, 6, -1,
      15, 1, 16, -1,
      16, 1, 5, -1,
      24, 3, 25, -1,
      25, 3, 1, -1,
      25, 1, 26, -1,
      26, 1, 15, -1,
      26, 15, 27, -1,
      27, 15, 18, -1,
      27, 18, 24, -1,
      24, 18, 3, -1,
    ]
  }
}

Shape {
  appearance Appearance {
    material Material {
      diffuseColor 1.0000 1.0000 0.5020
      specularColor 0.5020 0.5020 0.2510
      ambientIntensity 0.2
      transparency 0.0000
      shininess 0.5
    }
  }
  geometry IndexedFaceSet {
    ccw TRUE
    solid FALSE
    coord DEF co Coordinate {
      point [
        -1.125984 0.036745 0.984252,
        -0.874016 0.036745 0.984252,
        -0.874016 0.288714 0.984252,
        -1.125984 0.288714 0.984252,
        -0.874016 0.288714 0.118110,
        -0.874016 0.036745 0.118110,
        -1.125984 0.036745 0.118110,
        -1.125984 0.288714 0.118110,
        -1.125984 0.288714 -0.011811,
        -0.874016 0.288714 -0.011811,
        -1.125984 0.289117 -0.014868,
        -0.874016 0.289117 -0.014868,
        -1.125984 0.290296 -0.017717,
        -0.874016 0.290296 -0.017717,
        -1.125984 0.292173 -0.020163,
        -0.874016 0.292173 -0.020163,
        -1.125984 0.294619 -0.022040,
        -0.874016 0.294619 -0.022040,
        -1.125984 0.297468 -0.023220,
        -0.874016 0.297468 -0.023220,
        -1.125984 0.300525 -0.023622,
        -0.874016 0.300525 -0.023622,
        -1.125984 1.028871 -0.023622,
        -0.874016 1.028871 -0.023622,
        -0.942207 1.146981 -0.091813,
        -0.942207 1.146981 -0.207400,
        -1.057793 1.146981 -0.091813,
        -1.057793 1.146981 -0.207400,
        -0.874016 1.028871 -0.275591,
        -0.874016 0.300525 -0.275591,
        -1.125984 1.028871 -0.275591,
        -1.125984 0.300525 -0.275591,
        -0.874016 0.232254 -0.266602,
        -1.125984 0.232254 -0.266602,
        -0.874016 0.168635 -0.240251,
        -1.125984 0.168635 -0.240251,
        -0.874016 0.114005 -0.198331,
        -1.125984 0.114005 -0.198331,
        -0.874016 0.072085 -0.143701,
        -1.125984 0.072085 -0.143701,
        -0.874016 0.045733 -0.080082,
        -1.125984 0.045733 -0.080082,
        -0.874016 0.036745 -0.011811,
        -1.125984 0.036745 -0.011811,
        -1.125984 0.036745 3.228346,
        -0.874016 0.036745 3.228346,
        -0.942207 0.104936 3.346457,
        -0.942207 0.220523 3.346457,
        -1.057793 0.104936 3.346457,
        -1.057793 0.220523 3.346457,
        -0.874016 0.288714 3.228346,
        -1.125984 0.288714 3.228346,
      ]
    }
    coordIndex [
      8, 9, 10, -1,
      10, 9, 11, -1,
      10, 11, 12, -1,
      12, 11, 13, -1,
      12, 13, 14, -1,
      14, 13, 15, -1,
      14, 15, 16, -1,
      16, 15, 17, -1,
      16, 17, 18, -1,
      18, 17, 19, -1,
      18, 19, 20, -1,
      20, 19, 21, -1,
      22, 20, 23, -1,
      23, 20, 21, -1,
      24, 25, 26, -1,
      26, 25, 27, -1,
      28, 29, 30, -1,
      30, 29, 31, -1,
      31, 29, 32, -1,
      31, 32, 33, -1,
      33, 32, 34, -1,
      33, 34, 35, -1,
      35, 34, 36, -1,
      35, 36, 37, -1,
      37, 36, 38, -1,
      37, 38, 39, -1,
      39, 38, 40, -1,
      39, 40, 41, -1,
      41, 40, 42, -1,
      41, 42, 43, -1,
      4, 5, 9, -1,
      9, 5, 42, -1,
      9, 42, 11, -1,
      11, 42, 40, -1,
      11, 40, 13, -1,
      13, 40, 38, -1,
      13, 38, 15, -1,
      15, 38, 36, -1,
      15, 36, 17, -1,
      17, 36, 34, -1,
      17, 34, 19, -1,
      19, 34, 32, -1,
      19, 32, 21, -1,
      21, 32, 29, -1,
      21, 29, 23, -1,
      23, 29, 28, -1,
      22, 30, 20, -1,
      20, 30, 31, -1,
      20, 31, 18, -1,
      18, 31, 33, -1,
      18, 33, 16, -1,
      16, 33, 35, -1,
      16, 35, 14, -1,
      14, 35, 37, -1,
      14, 37, 12, -1,
      12, 37, 39, -1,
      12, 39, 10, -1,
      10, 39, 41, -1,
      10, 41, 8, -1,
      8, 41, 43, -1,
      8, 43, 7, -1,
      7, 43, 6, -1,
      4, 9, 7, -1,
      7, 9, 8, -1,
      43, 42, 6, -1,
      6, 42, 5, -1,
      44, 0, 45, -1,
      45, 0, 1, -1,
      46, 47, 48, -1,
      48, 47, 49, -1,
      50, 2, 51, -1,
      51, 2, 3, -1,
      51, 3, 44, -1,
      44, 3, 0, -1,
      45, 1, 50, -1,
      50, 1, 2, -1,
      30, 27, 28, -1,
      28, 27, 25, -1,
      22, 26, 30, -1,
      30, 26, 27, -1,
      24, 23, 25, -1,
      25, 23, 28, -1,
      23, 24, 22, -1,
      22, 24, 26, -1,
      51, 49, 50, -1,
      50, 49, 47, -1,
      44, 48, 51, -1,
      51, 48, 49, -1,
      46, 45, 47, -1,
      47, 45, 50, -1,
      45, 46, 44, -1,
      44, 46, 48, -1,
    ]
  }
}
