#VRML V2.0 utf8

Shape {
  appearance Appearance {
    material Material {
      diffuseColor 1.0000 0.9608 0.9059
      specularColor 0.8784 0.8471 0.7961
      ambientIntensity 0.2
      transparency 0.0000
      shininess 0.5
    }
  }
  geometry IndexedFaceSet {
    ccw TRUE
    solid FALSE
    coord DEF co Coordinate {
      point [
        1.964567 -0.322071 0.669656,
        1.964567 -0.322071 0.613797,
        1.964567 -0.296962 0.613797,
        1.964567 -0.138443 0.647554,
        1.964567 -0.137411 0.638939,
        1.964567 -0.135662 0.670188,
        1.964567 0.072233 0.587592,
        1.964567 0.072233 0.670188,
        1.964567 -0.056708 0.670188,
        1.964567 0.142696 0.118110,
        1.964567 0.142696 0.481085,
        1.964567 0.072233 0.481085,
        1.964567 -0.271171 0.669628,
        1.964567 -0.266529 0.670188,
        1.964567 -0.291563 0.670188,
        1.964567 -0.223135 0.506220,
        1.964567 -0.224644 0.506060,
        1.964567 -0.209394 0.506060,
        1.964567 -0.236537 0.506273,
        1.964567 -0.238210 0.506869,
        1.964567 -0.238210 0.506060,
        1.964567 -0.469885 0.676433,
        1.964567 -0.460658 0.670188,
        1.964567 -0.356027 0.670188,
        1.964567 -0.450427 0.663263,
        1.964567 -0.435537 0.646017,
        1.964567 -0.385426 0.587592,
        1.964567 -0.356027 0.587592,
        1.964567 -0.389383 0.597470,
        1.964567 -0.398535 0.610220,
        1.964567 -0.410696 0.620500,
        1.964567 -0.426221 0.627851,
        1.964567 -0.424037 0.627117,
        1.964567 -0.533556 0.683843,
        1.964567 -0.511390 0.686572,
        1.964567 -0.356027 0.884854,
        1.964567 -0.492327 0.684505,
        1.964567 -0.554226 0.675875,
        1.964567 -0.772472 0.884854,
        1.964567 -0.563409 0.670188,
        1.964567 -0.772472 0.670188,
        1.964567 -0.565181 0.669090,
        1.964567 -0.657546 0.614923,
        1.964567 -0.646764 0.628747,
        1.964567 -0.612879 0.648080,
        1.964567 -0.595214 0.650263,
        1.964567 -0.575715 0.660069,
        1.964567 -0.590059 0.649983,
        1.964567 -0.584904 0.649367,
        1.964567 -0.643741 0.631608,
        1.964567 -0.629483 0.641632,
        1.964567 -0.635020 0.516861,
        1.964567 -0.649005 0.528786,
        1.964567 -0.772472 0.506060,
        1.964567 -0.618821 0.508968,
        1.964567 -0.659235 0.543388,
        1.964567 -0.665660 0.560076,
        1.964567 -0.772472 0.587592,
        1.964567 -0.667832 0.577646,
        1.964567 -0.667706 0.581937,
        1.964567 -0.666696 0.587592,
        1.964567 -0.664698 0.598784,
        1.964567 -0.613144 0.507270,
        1.964567 -0.612579 0.506060,
        1.964567 -0.608638 0.497634,
        1.964567 -0.772472 0.481085,
        1.964567 -0.601967 0.489410,
        1.964567 -0.593195 0.482805,
        1.964567 -0.356027 0.118110,
        1.964567 -0.559694 0.478128,
        1.964567 -0.570560 0.476788,
        1.964567 -0.772472 0.118110,
        1.964567 -0.572266 0.476820,
        1.964567 -0.582850 0.478465,
        1.964567 -0.589096 0.481085,
        1.964567 -0.528564 0.506060,
        1.964567 -0.528617 0.505838,
        1.964567 -0.356027 0.481085,
        1.964567 -0.533930 0.495854,
        1.964567 -0.540772 0.488189,
        1.964567 -0.549698 0.481972,
        1.964567 -0.552004 0.481085,
        1.964567 -0.471321 0.532504,
        1.964567 -0.468245 0.533719,
        1.964567 -0.462978 0.559267,
        1.964567 -0.536941 0.551647,
        1.964567 -0.476874 0.583025,
        1.964567 -0.544787 0.558789,
        1.964567 -0.554301 0.563883,
        1.964567 -0.474077 0.530551,
        1.964567 -0.389526 0.538951,
        1.964567 -0.398429 0.526544,
        1.964567 -0.356027 0.506060,
        1.964567 -0.409860 0.572656,
        1.964567 -0.411978 0.581262,
        1.964567 -0.415400 0.587592,
        1.964567 -0.638475 0.587592,
        1.964567 -0.383899 0.583780,
        1.964567 -0.381844 0.569129,
        1.964567 -0.383897 0.553144,
        1.964567 -0.464771 0.534165,
        1.964567 -0.464335 0.534133,
        1.964567 -0.462990 0.533835,
        1.964567 -0.635822 0.560621,
        1.964567 -0.630510 0.551588,
        1.964567 -0.607752 0.546924,
        1.964567 -0.622476 0.543329,
        1.964567 -0.612696 0.537303,
        1.964567 -0.591181 0.561773,
        1.964567 -0.600344 0.555401,
        1.964567 -0.639591 0.578543,
        1.964567 -0.639048 0.571587,
        1.964567 -0.581281 0.565565,
        1.964567 -0.570560 0.566888,
        1.964567 -0.565122 0.566566,
        1.964567 -0.410620 0.516224,
        1.964567 -0.424296 0.509530,
        1.964567 -0.439221 0.506373,
        1.964567 -0.478667 0.520269,
        1.964567 -0.478554 0.522038,
        1.964567 -0.525734 0.526096,
        1.964567 -0.477653 0.525450,
        1.964567 -0.475930 0.528508,
        1.964567 -0.418743 0.544963,
        1.964567 -0.413808 0.551953,
        1.964567 -0.410715 0.559941,
        1.964567 -0.409636 0.568681,
        1.964567 -0.465668 0.506373,
        1.964567 -0.468193 0.506780,
        1.964567 -0.471158 0.507947,
        1.964567 -0.474065 0.510014,
        1.964567 -0.475107 0.511075,
        1.964567 -0.477061 0.513891,
        1.964567 -0.478242 0.516930,
        1.964567 -0.525982 0.516900,
        1.964567 -0.525734 0.521614,
        1.964567 -0.462082 0.533717,
        1.964567 -0.441910 0.533717,
        1.964567 -0.433830 0.535269,
        1.964567 -0.425924 0.538942,
        1.964567 -0.419302 0.544361,
        1.964567 -0.457876 0.630617,
        1.964567 -0.467996 0.642687,
        1.964567 -0.571008 0.616644,
        1.964567 -0.469078 0.643672,
        1.964567 -0.481670 0.652415,
        1.964567 -0.564155 0.630832,
        1.964567 -0.574148 0.618364,
        1.964567 -0.584197 0.622052,
        1.964567 -0.416156 0.588989,
        1.964567 -0.421287 0.594714,
        1.964567 -0.444600 0.603645,
        1.964567 -0.428237 0.599573,
        1.964567 -0.436060 0.602589,
        1.964567 -0.448186 0.603645,
        1.964567 -0.450947 0.616180,
        1.964567 -0.610542 0.620485,
        1.964567 -0.620526 0.615172,
        1.964567 -0.599480 0.623120,
        1.964567 -0.628191 0.608331,
        1.964567 -0.634407 0.599405,
        1.964567 -0.554099 0.642842,
        1.964567 -0.495726 0.657805,
        1.964567 -0.542097 0.651611,
        1.964567 -0.510942 0.659677,
        1.964567 -0.527455 0.657548,
        1.964567 -0.594766 0.623368,
        1.964567 -0.638251 0.589408,
        1.964567 -0.121697 0.513780,
        1.964567 -0.121697 0.506592,
        1.964567 -0.115742 0.506060,
        1.964567 -0.135662 0.506060,
        1.964567 -0.123131 0.562386,
        1.964567 -0.115742 0.587592,
        1.964567 -0.135662 0.513780,
        1.964567 -0.124920 0.534989,
        1.964567 -0.124920 0.542209,
        1.964567 -0.135662 0.542209,
        1.964567 -0.135662 0.534989,
        1.964567 -0.147467 0.534989,
        1.964567 -0.147467 0.513780,
        1.964567 -0.135662 0.562386,
        1.964567 -0.147467 0.562386,
        1.964567 -0.147467 0.542209,
        1.964567 -0.135662 0.506592,
        1.964567 -0.155606 0.506592,
        1.964567 -0.182079 0.506060,
        1.964567 -0.164115 0.551620,
        1.964567 -0.186743 0.517776,
        1.964567 -0.185776 0.514070,
        1.964567 -0.185566 0.514070,
        1.964567 -0.194696 0.587592,
        1.964567 -0.155606 0.569639,
        1.964567 -0.135662 0.587592,
        1.964567 -0.135662 0.569639,
        1.964567 -0.123131 0.569639,
        1.964567 -0.185204 0.515613,
        1.964567 -0.184599 0.517712,
        1.964567 -0.194696 0.540656,
        1.964567 -0.172302 0.551620,
        1.964567 -0.241860 0.516326,
        1.964567 -0.249870 0.587592,
        1.964567 -0.249870 0.506060,
        1.964567 -0.241860 0.508171,
        1.964567 -0.239139 0.514611,
        1.964567 -0.238210 0.514242,
        1.964567 -0.238210 0.530948,
        1.964567 -0.239572 0.532346,
        1.964567 -0.240602 0.533991,
        1.964567 -0.241472 0.536403,
        1.964567 -0.241812 0.539469,
        1.964567 -0.241500 0.542293,
        1.964567 -0.238280 0.530994,
        1.964567 -0.238210 0.481085,
        1.964567 -0.229644 0.505528,
        1.964567 -0.234567 0.506060,
        1.964567 -0.209394 0.481085,
        1.964567 -0.213608 0.550654,
        1.964567 -0.213608 0.542982,
        1.964567 -0.236751 0.549074,
        1.964567 -0.234599 0.550377,
        1.964567 -0.238210 0.587592,
        1.964567 -0.211824 0.515667,
        1.964567 -0.212794 0.513165,
        1.964567 -0.214266 0.511082,
        1.964567 -0.240560 0.544835,
        1.964567 -0.239093 0.546970,
        1.964567 -0.238210 0.547763,
        1.964567 -0.230315 0.551965,
        1.964567 -0.224277 0.552652,
        1.964567 -0.209394 0.587592,
        1.964567 -0.219254 0.552252,
        1.964567 -0.214092 0.526286,
        1.964567 -0.212618 0.524111,
        1.964567 -0.211775 0.521782,
        1.964567 -0.211449 0.518840,
        1.964567 -0.216526 0.509106,
        1.964567 -0.218830 0.507737,
        1.964567 -0.225051 0.546238,
        1.964567 -0.227389 0.546063,
        1.964567 -0.233673 0.540178,
        1.964567 -0.229501 0.545503,
        1.964567 -0.231272 0.544562,
        1.964567 -0.233601 0.539128,
        1.964567 -0.233288 0.537901,
        1.964567 -0.232719 0.536835,
        1.964567 -0.231949 0.535988,
        1.964567 -0.229165 0.534247,
        1.964567 -0.219513 0.545561,
        1.964567 -0.224277 0.532120,
        1.964567 -0.215047 0.543826,
        1.964567 -0.221220 0.530883,
        1.964567 -0.215975 0.527966,
        1.964567 -0.232463 0.543509,
        1.964567 -0.233140 0.542504,
        1.964567 -0.233530 0.541437,
        1.964567 -0.234205 0.512649,
        1.964567 -0.229854 0.526383,
        1.964567 -0.234561 0.528540,
        1.964567 -0.228870 0.511974,
        1.964567 -0.228522 0.511977,
        1.964567 -0.224668 0.524211,
        1.964567 -0.224474 0.512430,
        1.964567 -0.219555 0.518067,
        1.964567 -0.219633 0.519049,
        1.964567 -0.222436 0.513176,
        1.964567 -0.221716 0.513613,
        1.964567 -0.220809 0.514417,
        1.964567 -0.220120 0.515437,
        1.964567 -0.219719 0.516560,
        1.964567 -0.219991 0.520282,
        1.964567 -0.220602 0.521329,
        1.964567 -0.221586 0.522354,
        1.964567 -0.092607 0.623854,
        1.964567 -0.115742 0.623854,
        1.964567 -0.086177 0.606609,
        1.964567 -0.077184 0.606609,
        1.964567 -0.056708 0.587592,
        1.964567 -0.101197 0.669656,
        1.964567 -0.133913 0.606609,
        1.964567 -0.124920 0.606609,
        1.964567 -0.118861 0.623854,
        1.964567 -0.209394 0.670188,
        1.964567 -0.202085 0.669656,
        1.964567 -0.194696 0.670188,
        1.964567 -0.202085 0.662404,
        1.964567 -0.203874 0.642226,
        1.964567 -0.203874 0.635006,
        1.964567 -0.200651 0.613797,
        1.964567 -0.209394 0.613797,
        1.964567 -0.209394 0.635006,
        1.964567 -0.226421 0.635006,
        1.964567 -0.226421 0.613797,
        1.964567 -0.209394 0.662404,
        1.964567 -0.209394 0.642226,
        1.964567 -0.226421 0.662404,
        1.964567 -0.226421 0.642226,
        1.964567 -0.234559 0.606609,
        1.964567 -0.209394 0.606609,
        1.964567 -0.200651 0.606609,
        1.964567 -0.238210 0.670188,
        1.964567 -0.234559 0.669656,
        1.964567 -0.209394 0.669656,
        1.964567 -0.772472 0.925656,
        1.964567 -0.356027 0.925656,
        1.964567 -0.295342 0.884854,
        1.964567 -0.295342 0.925656,
        1.964567 -0.291563 0.884854,
        1.964567 -0.291563 0.925656,
        1.964567 -0.249870 0.884854,
        1.964567 -0.249870 0.925656,
        1.964567 -0.238210 0.884854,
        1.964567 -0.238210 0.925656,
        1.964567 -0.209394 0.884854,
        1.964567 -0.209394 0.925656,
        1.964567 -0.194696 0.884854,
        1.964567 -0.194696 0.925656,
        1.964567 -0.135662 0.884854,
        1.964567 -0.135662 0.925656,
        1.964567 -0.115742 0.884854,
        1.964567 -0.115742 0.925656,
        1.964567 -0.074998 0.925656,
        1.964567 -0.056708 0.884854,
        1.964567 -0.074998 1.083136,
        1.964567 -0.249870 0.608154,
        1.964567 -0.248254 0.608684,
        1.964567 -0.247179 0.609220,
        1.964567 -0.247179 0.617020,
        1.964567 -0.263456 0.612798,
        1.964567 -0.259731 0.612976,
        1.964567 -0.249870 0.660831,
        1.964567 -0.252723 0.614448,
        1.964567 -0.249870 0.615772,
        1.964567 -0.248758 0.660451,
        1.964567 -0.247179 0.659632,
        1.964567 -0.269960 0.662219,
        1.964567 -0.274919 0.659924,
        1.964567 -0.279218 0.656376,
        1.964567 -0.279693 0.655854,
        1.964567 -0.282728 0.651461,
        1.964567 -0.284826 0.645996,
        1.964567 -0.285841 0.637424,
        1.964567 -0.285831 0.636527,
        1.964567 -0.284792 0.628892,
        1.964567 -0.278206 0.618025,
        1.964567 -0.274031 0.615162,
        1.964567 -0.269484 0.613483,
        1.964567 -0.255262 0.662674,
        1.964567 -0.262038 0.663371,
        1.964567 -0.264474 0.663274,
        1.964567 -0.282772 0.623790,
        1.964567 -0.279653 0.619438,
        1.964567 -0.255817 0.670188,
        1.964567 -0.252920 0.669895,
        1.964567 -0.249870 0.670188,
        1.964567 -0.249870 0.668963,
        1.964567 -0.247179 0.668141,
        1.964567 -0.262119 0.670720,
        1.964567 -0.260974 0.670709,
        1.964567 -0.277769 0.667083,
        1.964567 -0.289321 0.656335,
        1.964567 -0.285278 0.661437,
        1.964567 -0.283870 0.662789,
        1.964567 -0.290612 0.620172,
        1.964567 -0.291563 0.622630,
        1.964567 -0.291563 0.587592,
        1.964567 -0.295342 0.587592,
        1.964567 -0.291563 0.506060,
        1.964567 -0.295342 0.670188,
        1.964567 -0.292527 0.649479,
        1.964567 -0.291563 0.651541,
        1.964567 -0.293165 0.626771,
        1.964567 -0.294383 0.636940,
        1.964567 -0.294169 0.641479,
        1.964567 -0.275769 0.607301,
        1.964567 -0.281650 0.610217,
        1.964567 -0.286293 0.614152,
        1.964567 -0.286865 0.614778,
        1.964567 -0.255023 0.606464,
        1.964567 -0.264633 0.605546,
        1.964567 -0.269036 0.605789,
        1.964567 -0.285662 0.527933,
        1.964567 -0.284343 0.540791,
        1.964567 -0.287346 0.525377,
        1.964567 -0.288338 0.522513,
        1.964567 -0.264402 0.508988,
        1.964567 -0.267186 0.507137,
        1.964567 -0.260458 0.506592,
        1.964567 -0.270166 0.506060,
        1.964567 -0.282215 0.507218,
        1.964567 -0.279187 0.506077,
        1.964567 -0.279043 0.506060,
        1.964567 -0.256166 0.547870,
        1.964567 -0.254523 0.545378,
        1.964567 -0.253254 0.541894,
        1.964567 -0.252561 0.535569,
        1.964567 -0.252561 0.506592,
        1.964567 -0.283290 0.530046,
        1.964567 -0.280009 0.531782,
        1.964567 -0.279214 0.544065,
        1.964567 -0.273803 0.533345,
        1.964567 -0.266905 0.545957,
        1.964567 -0.269580 0.546238,
        1.964567 -0.274278 0.545750,
        1.964567 -0.284874 0.509074,
        1.964567 -0.285757 0.509969,
        1.964567 -0.287398 0.512396,
        1.964567 -0.260458 0.513554,
        1.964567 -0.260668 0.513554,
        1.964567 -0.261907 0.511670,
        1.964567 -0.288354 0.515067,
        1.964567 -0.288743 0.518647,
        1.964567 -0.284343 0.548462,
        1.964567 -0.264199 0.552245,
        1.964567 -0.260841 0.551250,
        1.964567 -0.258205 0.549768,
        1.964567 -0.260458 0.535214,
        1.964567 -0.260733 0.538706,
        1.964567 -0.261550 0.541518,
        1.964567 -0.262478 0.543144,
        1.964567 -0.281734 0.549901,
        1.964567 -0.275677 0.551957,
        1.964567 -0.268839 0.552652,
        1.964567 -0.263671 0.544414,
        1.964567 -0.265073 0.545318,
        1.964567 -0.274463 0.505528,
        1.964567 -0.291563 0.481085,
        1.964567 -0.270387 0.505980,
        1.964567 -0.249870 0.481085,
        1.964567 -0.194696 0.519459,
        1.964567 -0.207339 0.551620,
        1.964567 -0.198507 0.551620,
        1.964567 -0.189942 0.506060,
        1.964567 -0.189676 0.506689,
        1.964567 -0.194696 0.495655,
        1.964567 -0.194685 0.495667,
        1.964567 -0.194696 0.506060,
        1.964567 -0.193141 0.498502,
        1.964567 -0.205711 0.493054,
        1.964567 -0.205711 0.486027,
        1.964567 -0.204096 0.492525,
        1.964567 -0.201231 0.492152,
        1.964567 -0.199335 0.492364,
        1.964567 -0.194696 0.486791,
        1.964567 -0.197428 0.485750,
        1.964567 -0.194696 0.481085,
        1.964567 -0.200619 0.485383,
        1.964567 -0.202362 0.485445,
        1.964567 -0.197606 0.493013,
        1.964567 -0.196156 0.494019,
        1.964567 -0.184551 0.499791,
        1.964567 -0.188126 0.492828,
        1.964567 -0.135662 0.481085,
        1.964567 -0.191015 0.489358,
        1.964567 -0.191554 0.488865,
        1.964567 -0.194312 0.486937,
        1.964567 0.142696 0.670188,
        1.964567 0.142696 0.587592,
        1.964567 0.142696 0.506060,
        1.964567 0.072233 0.506060,
        1.964567 -0.045967 0.506592,
        1.964567 -0.054960 0.506592,
        1.964567 -0.056708 0.506060,
        1.964567 -0.007223 0.506592,
        1.964567 -0.013654 0.523836,
        1.964567 -0.039907 0.523836,
        1.964567 -0.030946 0.569639,
        1.964567 -0.022244 0.569639,
        1.964567 0.001770 0.506592,
        1.964567 -0.115742 0.670188,
        1.964567 -0.109900 0.669656,
        1.964567 -0.115742 0.654318,
        1.964567 -0.056708 1.083136,
        1.964567 0.072233 0.884854,
        1.964567 0.072233 1.083136,
        1.964567 0.142696 0.884854,
        1.964567 0.142696 1.083136,
        1.964567 -0.061809 0.553561,
        1.964567 -0.059489 0.547536,
        1.964567 -0.058457 0.538921,
        1.964567 -0.058754 0.533928,
        1.964567 -0.060461 0.526698,
        1.964567 -0.063757 0.520283,
        1.964567 -0.067965 0.515423,
        1.964567 -0.074624 0.510663,
        1.964567 -0.081829 0.507872,
        1.964567 -0.092446 0.506592,
        1.964567 -0.109787 0.506592,
        1.964567 -0.109787 0.569639,
        1.964567 -0.091802 0.569639,
        1.964567 -0.082175 0.568576,
        1.964567 -0.074566 0.565796,
        1.964567 -0.067965 0.561291,
        1.964567 -0.065701 0.559071,
        1.964567 -0.115742 0.481085,
        1.964567 -0.056708 0.481085,
        1.964567 -0.188741 0.606609,
        1.964567 -0.140762 0.653579,
        1.964567 -0.137707 0.633946,
        1.964567 -0.139415 0.626715,
        1.964567 -0.142711 0.620301,
        1.964567 -0.146919 0.615441,
        1.964567 -0.153578 0.610680,
        1.964567 -0.160782 0.607889,
        1.964567 -0.171400 0.606609,
        1.964567 -0.188741 0.669656,
        1.964567 -0.170755 0.669656,
        1.964567 -0.161129 0.668593,
        1.964567 -0.153520 0.665814,
        1.964567 -0.146919 0.661308,
        1.964567 -0.144655 0.659088,
        1.964567 0.072233 0.118110,
        1.964567 -0.056708 0.118110,
        1.964567 -0.115742 0.118110,
        1.964567 -0.135662 0.118110,
        1.964567 -0.194696 0.118110,
        1.964567 -0.209394 0.118110,
        1.964567 -0.238210 0.118110,
        1.964567 -0.249870 0.118110,
        1.964567 -0.291563 0.118110,
        1.964567 -0.295342 0.481085,
        1.964567 -0.295342 0.118110,
        1.964567 -0.296301 0.513780,
        1.964567 -0.296301 0.506592,
        1.964567 -0.295342 0.506060,
        1.964567 -0.330209 0.506592,
        1.964567 -0.297735 0.562386,
        1.964567 -0.330209 0.569639,
        1.964567 -0.297735 0.569639,
        1.964567 -0.322071 0.534989,
        1.964567 -0.322071 0.513780,
        1.964567 -0.299524 0.534989,
        1.964567 -0.299524 0.542209,
        1.964567 -0.322071 0.542209,
        1.964567 -0.322071 0.562386,
        1.964567 -0.330209 0.606609,
        1.964567 -0.330209 0.669656,
        1.964567 -0.296962 0.606609,
        1.334646 0.472441 0.000000,
        1.118110 0.472441 0.000000,
        1.118110 0.472441 0.118110,
        0.836614 0.472441 0.118110,
        0.836614 0.472441 1.417323,
        1.334646 0.472441 1.417323,
        -0.352362 0.472441 0.354331,
        -0.639764 0.472441 0.354331,
        -0.352362 0.472441 1.417323,
        -0.639764 0.472441 1.417323,
        0.139764 0.472441 0.118110,
        -0.147638 0.472441 0.118110,
        0.139764 0.472441 1.417323,
        -0.147638 0.472441 1.417323,
        0.631890 0.472441 0.354331,
        0.344488 0.472441 0.354331,
        0.631890 0.472441 1.417323,
        0.344488 0.472441 1.417323,
        -0.407082 -1.220472 0.202022,
        -0.407082 -1.220472 0.118110,
        0.399208 -1.220472 0.202022,
        0.399208 -1.220472 0.118110,
        -1.224409 -1.220472 1.259843,
        -1.342520 -1.220472 1.259843,
        -1.224409 -1.220472 0.202022,
        -1.342520 -1.220472 0.000000,
        -0.585044 -1.220472 0.118110,
        -0.585044 -1.220472 0.202022,
        -1.125984 -1.220472 0.118110,
        -1.125984 -1.220472 0.000000,
        0.399208 -0.643134 0.118110,
        0.202763 -0.643134 0.118110,
        -0.187008 0.347861 0.118110,
        -0.210637 0.347861 0.118110,
        -0.210637 -0.643134 0.118110,
        -0.407082 -0.643134 0.118110,
        -0.187008 0.433071 0.118110,
        0.202763 0.347861 0.118110,
        0.179134 0.347861 0.118110,
        0.179134 0.433071 0.118110,
        -0.844488 0.472441 0.118110,
        -0.805118 0.433071 0.118110,
        -1.125984 0.472441 0.118110,
        -0.805118 0.347861 0.118110,
        -0.585044 -0.643134 0.118110,
        -0.781489 -0.643134 0.118110,
        -0.781489 0.347861 0.118110,
        0.399208 -1.122047 0.300447,
        0.399208 -0.643134 0.300447,
        -0.407082 -1.122047 0.300447,
        0.202763 -0.643134 0.300447,
        -0.407082 -0.643134 0.300447,
        -0.210637 -0.643134 0.300447,
        -0.210637 -0.039370 0.300447,
        0.202763 -0.039370 0.300447,
        -0.781489 -0.039370 0.300447,
        -1.125984 -0.039370 0.300447,
        -0.781489 -0.643134 0.300447,
        -1.125984 -1.122047 0.300447,
        -0.585044 -0.643134 0.300447,
        -0.585044 -1.122047 0.300447,
        -1.342520 -0.114368 0.915813,
        -1.342520 -0.739159 1.259843,
        -1.342520 -0.739159 1.417323,
        -1.342520 -0.114368 0.098425,
        -1.342520 0.472441 0.000000,
        -1.342520 -0.792157 0.915813,
        -1.342520 -0.792157 0.098425,
        -1.342520 -0.074998 0.118110,
        -1.342520 -0.074998 1.083136,
        -1.342520 0.339546 1.083136,
        -1.342520 0.472441 1.417323,
        -1.342520 0.339546 0.118110,
        -1.440945 -0.074998 0.118110,
        -1.440945 -0.074998 0.925656,
        -1.440945 -0.114368 0.118110,
        -1.440945 -0.114368 0.925656,
        -1.706809 -0.172729 0.925656,
        -1.698942 -0.153738 0.925656,
        -1.972441 -0.074998 0.925656,
        -1.686429 -0.137430 0.925656,
        -1.670121 -0.124917 0.925656,
        -1.698942 -0.752787 0.925656,
        -1.972441 -0.772472 0.925656,
        -1.686429 -0.769094 0.925656,
        -1.682833 -0.772472 0.925656,
        -1.630751 -0.114368 0.925656,
        -1.651131 -0.117051 0.925656,
        -1.706809 -0.733796 0.925656,
        -1.709492 -0.713417 0.925656,
        -1.709492 -0.193108 0.925656,
        1.334646 -0.114368 0.098425,
        1.334646 -1.220472 0.000000,
        1.334646 -0.792157 0.098425,
        1.334646 -1.220472 1.259843,
        1.334646 -0.792157 0.915813,
        1.334646 -0.739159 1.259843,
        1.334646 -0.114368 0.915813,
        1.334646 -0.739159 1.417323,
        1.334646 -0.074998 1.083136,
        1.334646 -0.074998 0.118110,
        1.334646 0.339546 0.118110,
        1.334646 0.339546 1.083136,
        1.433071 -0.074998 0.925656,
        1.433071 -0.074998 0.118110,
        1.433071 -0.114368 0.925656,
        1.433071 -0.114368 0.118110,
        1.674959 -0.772472 0.925656,
        1.433071 -0.772472 0.118110,
        1.433071 -0.772472 0.915813,
        1.442913 -0.772472 0.925656,
        1.437992 -0.772472 0.924337,
        1.435954 -0.772472 0.922773,
        1.434389 -0.772472 0.920734,
        1.440366 -0.772472 0.925320,
        1.433406 -0.772472 0.918361,
        1.701617 -0.713417 0.925656,
        1.698934 -0.733796 0.925656,
        1.643257 -0.117051 0.925656,
        1.662247 -0.124917 0.925656,
        1.691068 -0.752787 0.925656,
        1.678555 -0.769094 0.925656,
        1.622877 -0.114368 0.925656,
        1.678555 -0.137430 0.925656,
        1.691068 -0.153738 0.925656,
        1.698934 -0.172729 0.925656,
        1.701617 -0.193108 0.925656,
        -0.966931 -0.739159 1.417323,
        -1.125984 -0.739159 1.259843,
        -0.966931 -0.739159 1.259843,
        1.216535 -1.220472 1.259843,
        1.118110 -1.122047 1.259843,
        1.118110 -0.739159 1.259843,
        1.118110 -1.220472 0.000000,
        -1.972441 -0.074998 1.083136,
        -1.972441 0.142696 1.083136,
        -1.972441 0.142696 0.118110,
        -1.972441 -0.772472 0.118110,
        1.216535 -1.220472 0.202022,
        1.118110 -1.220472 0.118110,
        0.577170 -1.220472 0.118110,
        0.577170 -1.220472 0.202022,
        -1.125984 0.472441 0.000000,
        -0.844488 0.472441 1.417323,
        -0.805118 0.347861 1.417323,
        -0.805118 0.433071 1.417323,
        0.305118 0.433071 1.417323,
        0.305118 0.347861 1.417323,
        0.671260 0.347861 1.417323,
        -0.966931 -0.597543 1.417323,
        0.797244 0.347861 1.417323,
        0.959057 -0.597543 1.417323,
        0.797244 0.433071 1.417323,
        0.959057 -0.739159 1.417323,
        0.671260 0.433071 1.417323,
        0.179134 0.433071 1.417323,
        -0.679134 0.347861 1.417323,
        -0.312992 0.347861 1.417323,
        -0.312992 0.433071 1.417323,
        -0.679134 0.433071 1.417323,
        -0.187008 0.433071 1.417323,
        -0.187008 0.347861 1.417323,
        0.179134 0.347861 1.417323,
        -1.125984 -1.122047 1.259843,
        0.959057 -0.739159 1.259843,
        1.767717 0.339546 1.083136,
        -1.775591 0.339546 1.083136,
        1.767717 0.339546 0.118110,
        0.797244 0.347861 0.118110,
        0.797244 0.433071 0.118110,
        0.577170 -0.643134 0.118110,
        0.773615 -0.643134 0.118110,
        0.773615 0.347861 0.118110,
        -1.440945 -0.772472 0.118110,
        -1.775591 0.339546 0.118110,
        0.959057 -0.597543 1.259843,
        -0.966931 -0.597543 1.259843,
        -1.125984 -0.039370 1.259843,
        1.118110 -0.039370 1.259843,
        1.118110 -0.039370 0.934813,
        1.118110 -1.122047 0.934813,
        1.161054 -1.164991 0.934813,
        1.161054 -0.039370 0.934813,
        1.161054 -1.164991 0.625476,
        1.161054 -0.039370 0.625476,
        1.118110 -1.122047 0.625476,
        1.118110 -0.039370 0.625476,
        1.118110 -1.122047 0.300447,
        1.118110 -0.039370 0.300447,
        0.577170 -0.643134 0.300447,
        0.577170 -1.122047 0.300447,
        0.773615 -0.643134 0.300447,
        0.773615 -0.039370 0.300447,
        -1.125984 -1.122047 0.625476,
        -1.125984 -0.039370 0.625476,
        -1.168928 -1.164991 0.625476,
        -1.168928 -0.039370 0.625476,
        -1.168928 -1.164991 0.934813,
        -1.168928 -0.039370 0.934813,
        -1.125984 -1.122047 0.934813,
        -1.125984 -0.039370 0.934813,
        0.183071 -0.039370 0.492457,
        0.202763 -0.039370 0.354331,
        -0.309055 -0.039370 0.492457,
        -0.190945 -0.039370 0.492457,
        -0.190945 -0.039370 0.804682,
        0.773615 -0.039370 0.354331,
        -0.801181 -0.039370 0.492457,
        -0.801181 -0.039370 0.804682,
        -0.683071 -0.039370 0.804682,
        -0.781489 -0.039370 0.354331,
        -0.683071 -0.039370 0.492457,
        -0.210637 -0.039370 0.354331,
        0.301181 -0.039370 0.492457,
        0.675197 -0.039370 0.492457,
        0.301181 -0.039370 0.804682,
        0.675197 -0.039370 0.804682,
        0.183071 -0.039370 0.804682,
        -0.309055 -0.039370 0.804682,
        0.793307 -0.039370 0.804682,
        0.793307 -0.039370 0.492457,
        -1.440945 -0.772472 0.915813,
        -1.450787 -0.772472 0.925656,
        -1.448240 -0.772472 0.925320,
        -1.441280 -0.772472 0.918361,
        -1.442263 -0.772472 0.920734,
        -1.445866 -0.772472 0.924337,
        -1.443828 -0.772472 0.922773,
      ]
    }
    coordIndex [
      0, 1, 2, -1,
      3, 4, 5, -1,
      6, 7, 8, -1,
      9, 10, 11, -1,
      12, 13, 14, -1,
      15, 16, 17, -1,
      18, 19, 20, -1,
      21, 22, 23, -1,
      23, 22, 24, -1,
      23, 24, 25, -1,
      26, 27, 28, -1,
      28, 27, 23, -1,
      28, 23, 29, -1,
      29, 23, 30, -1,
      25, 31, 23, -1,
      23, 31, 32, -1,
      23, 32, 30, -1,
      33, 34, 35, -1,
      35, 34, 36, -1,
      35, 36, 21, -1,
      37, 38, 39, -1,
      39, 38, 40, -1,
      39, 40, 41, -1,
      40, 42, 43, -1,
      40, 44, 41, -1,
      41, 44, 45, -1,
      41, 45, 46, -1,
      46, 45, 47, -1,
      46, 47, 48, -1,
      43, 49, 40, -1,
      40, 49, 50, -1,
      40, 50, 44, -1,
      51, 52, 53, -1,
      51, 53, 54, -1,
      52, 55, 53, -1,
      53, 55, 56, -1,
      53, 56, 57, -1,
      57, 56, 58, -1,
      58, 59, 57, -1,
      57, 59, 60, -1,
      57, 60, 40, -1,
      40, 60, 61, -1,
      40, 61, 42, -1,
      62, 54, 63, -1,
      63, 54, 53, -1,
      63, 53, 64, -1,
      64, 53, 65, -1,
      64, 65, 66, -1,
      66, 65, 67, -1,
      68, 69, 70, -1,
      68, 70, 71, -1,
      70, 72, 71, -1,
      71, 72, 73, -1,
      71, 73, 65, -1,
      65, 73, 74, -1,
      65, 74, 67, -1,
      75, 76, 77, -1,
      77, 76, 78, -1,
      78, 79, 77, -1,
      77, 79, 80, -1,
      77, 80, 81, -1,
      82, 83, 84, -1,
      85, 86, 87, -1,
      87, 86, 88, -1,
      82, 84, 89, -1,
      90, 91, 92, -1,
      93, 94, 86, -1,
      86, 94, 95, -1,
      86, 95, 96, -1,
      26, 97, 27, -1,
      27, 97, 98, -1,
      27, 98, 92, -1,
      92, 98, 99, -1,
      92, 99, 90, -1,
      83, 100, 84, -1,
      84, 100, 101, -1,
      84, 101, 102, -1,
      103, 104, 105, -1,
      105, 104, 106, -1,
      105, 106, 107, -1,
      108, 96, 109, -1,
      109, 96, 110, -1,
      109, 110, 105, -1,
      105, 110, 111, -1,
      105, 111, 103, -1,
      108, 112, 96, -1,
      96, 112, 113, -1,
      96, 113, 86, -1,
      86, 113, 114, -1,
      86, 114, 88, -1,
      91, 115, 92, -1,
      92, 115, 116, -1,
      92, 116, 117, -1,
      118, 119, 120, -1,
      120, 119, 121, -1,
      120, 121, 84, -1,
      84, 121, 122, -1,
      84, 122, 89, -1,
      123, 124, 84, -1,
      84, 124, 125, -1,
      84, 125, 86, -1,
      86, 125, 126, -1,
      86, 126, 93, -1,
      127, 128, 75, -1,
      128, 129, 75, -1,
      75, 129, 130, -1,
      75, 130, 131, -1,
      131, 132, 75, -1,
      75, 132, 133, -1,
      75, 133, 134, -1,
      134, 133, 118, -1,
      134, 118, 135, -1,
      135, 118, 120, -1,
      102, 136, 84, -1,
      84, 136, 137, -1,
      84, 137, 138, -1,
      138, 139, 84, -1,
      84, 139, 140, -1,
      84, 140, 123, -1,
      141, 142, 143, -1,
      142, 144, 143, -1,
      143, 144, 145, -1,
      143, 145, 146, -1,
      95, 143, 96, -1,
      96, 143, 147, -1,
      96, 147, 148, -1,
      149, 150, 151, -1,
      151, 150, 152, -1,
      151, 152, 153, -1,
      149, 151, 95, -1,
      95, 151, 154, -1,
      95, 154, 143, -1,
      143, 154, 155, -1,
      143, 155, 141, -1,
      156, 157, 158, -1,
      158, 157, 159, -1,
      158, 159, 160, -1,
      146, 145, 161, -1,
      161, 145, 162, -1,
      161, 162, 163, -1,
      163, 162, 164, -1,
      163, 164, 165, -1,
      148, 166, 96, -1,
      96, 166, 158, -1,
      96, 158, 167, -1,
      167, 158, 160, -1,
      168, 169, 170, -1,
      170, 169, 171, -1,
      172, 170, 173, -1,
      174, 168, 175, -1,
      175, 168, 170, -1,
      175, 170, 176, -1,
      176, 170, 172, -1,
      176, 172, 177, -1,
      175, 178, 174, -1,
      174, 178, 179, -1,
      174, 179, 180, -1,
      172, 181, 177, -1,
      177, 181, 182, -1,
      177, 182, 183, -1,
      169, 184, 171, -1,
      171, 184, 185, -1,
      171, 185, 186, -1,
      186, 185, 187, -1,
      188, 189, 190, -1,
      191, 192, 193, -1,
      193, 192, 194, -1,
      193, 194, 173, -1,
      173, 194, 195, -1,
      173, 195, 172, -1,
      190, 196, 188, -1,
      188, 196, 197, -1,
      188, 197, 198, -1,
      198, 197, 199, -1,
      198, 199, 191, -1,
      191, 199, 187, -1,
      191, 187, 192, -1,
      192, 187, 185, -1,
      200, 201, 202, -1,
      20, 19, 202, -1,
      202, 19, 203, -1,
      202, 203, 200, -1,
      204, 205, 206, -1,
      207, 208, 200, -1,
      208, 209, 200, -1,
      200, 209, 210, -1,
      200, 210, 201, -1,
      201, 210, 211, -1,
      204, 206, 200, -1,
      200, 206, 212, -1,
      200, 212, 207, -1,
      213, 214, 215, -1,
      214, 213, 16, -1,
      16, 213, 216, -1,
      16, 216, 17, -1,
      217, 218, 17, -1,
      219, 220, 221, -1,
      222, 223, 17, -1,
      17, 223, 224, -1,
      211, 225, 201, -1,
      201, 225, 226, -1,
      201, 226, 221, -1,
      221, 226, 227, -1,
      221, 227, 219, -1,
      220, 228, 221, -1,
      221, 228, 229, -1,
      221, 229, 230, -1,
      230, 229, 231, -1,
      230, 231, 217, -1,
      232, 233, 218, -1,
      218, 233, 234, -1,
      218, 234, 17, -1,
      17, 234, 235, -1,
      17, 235, 222, -1,
      224, 236, 17, -1,
      17, 236, 237, -1,
      17, 237, 15, -1,
      238, 239, 240, -1,
      240, 239, 241, -1,
      240, 241, 242, -1,
      240, 243, 238, -1,
      238, 243, 244, -1,
      238, 244, 245, -1,
      245, 246, 238, -1,
      238, 246, 247, -1,
      238, 247, 248, -1,
      248, 247, 249, -1,
      248, 249, 250, -1,
      250, 249, 251, -1,
      250, 251, 218, -1,
      218, 251, 252, -1,
      218, 252, 232, -1,
      253, 254, 242, -1,
      242, 254, 255, -1,
      242, 255, 240, -1,
      256, 257, 205, -1,
      205, 257, 258, -1,
      205, 258, 206, -1,
      256, 259, 257, -1,
      257, 259, 260, -1,
      257, 260, 261, -1,
      261, 260, 262, -1,
      261, 263, 264, -1,
      262, 265, 261, -1,
      261, 265, 266, -1,
      261, 266, 267, -1,
      267, 268, 261, -1,
      261, 268, 269, -1,
      261, 269, 263, -1,
      264, 270, 261, -1,
      261, 270, 271, -1,
      261, 271, 272, -1,
      273, 274, 275, -1,
      275, 274, 173, -1,
      275, 173, 276, -1,
      276, 173, 277, -1,
      276, 277, 278, -1,
      279, 193, 280, -1,
      280, 193, 173, -1,
      280, 173, 281, -1,
      281, 173, 274, -1,
      282, 283, 284, -1,
      284, 283, 285, -1,
      286, 287, 288, -1,
      288, 287, 289, -1,
      287, 290, 289, -1,
      289, 290, 291, -1,
      289, 291, 292, -1,
      285, 293, 294, -1,
      294, 293, 295, -1,
      294, 295, 296, -1,
      297, 221, 298, -1,
      298, 221, 230, -1,
      298, 230, 299, -1,
      299, 230, 191, -1,
      299, 191, 288, -1,
      300, 301, 282, -1,
      282, 301, 302, -1,
      282, 302, 283, -1,
      37, 33, 38, -1,
      38, 33, 35, -1,
      38, 35, 303, -1,
      303, 35, 304, -1,
      304, 35, 305, -1,
      304, 305, 306, -1,
      306, 305, 307, -1,
      306, 307, 308, -1,
      308, 307, 309, -1,
      308, 309, 310, -1,
      310, 309, 311, -1,
      310, 311, 312, -1,
      312, 311, 313, -1,
      312, 313, 314, -1,
      314, 313, 315, -1,
      314, 315, 316, -1,
      316, 315, 317, -1,
      316, 317, 318, -1,
      318, 317, 319, -1,
      318, 319, 320, -1,
      320, 319, 321, -1,
      321, 319, 322, -1,
      321, 322, 323, -1,
      324, 201, 325, -1,
      325, 201, 221, -1,
      325, 221, 326, -1,
      326, 221, 327, -1,
      328, 329, 330, -1,
      329, 331, 330, -1,
      330, 331, 332, -1,
      330, 332, 333, -1,
      333, 332, 327, -1,
      333, 327, 334, -1,
      334, 327, 221, -1,
      334, 221, 300, -1,
      300, 221, 297, -1,
      300, 297, 301, -1,
      335, 336, 337, -1,
      338, 339, 330, -1,
      330, 339, 340, -1,
      340, 341, 330, -1,
      330, 341, 342, -1,
      330, 342, 343, -1,
      344, 345, 330, -1,
      330, 345, 346, -1,
      330, 346, 328, -1,
      330, 347, 338, -1,
      338, 347, 348, -1,
      338, 348, 337, -1,
      337, 348, 349, -1,
      337, 349, 335, -1,
      343, 350, 330, -1,
      330, 350, 351, -1,
      330, 351, 344, -1,
      352, 353, 354, -1,
      354, 353, 355, -1,
      354, 355, 300, -1,
      300, 355, 356, -1,
      300, 356, 334, -1,
      307, 357, 309, -1,
      309, 357, 358, -1,
      309, 358, 352, -1,
      12, 14, 359, -1,
      360, 361, 14, -1,
      14, 361, 362, -1,
      14, 362, 359, -1,
      363, 364, 365, -1,
      365, 364, 366, -1,
      365, 366, 367, -1,
      368, 369, 14, -1,
      14, 369, 370, -1,
      14, 370, 360, -1,
      364, 371, 366, -1,
      366, 371, 372, -1,
      366, 372, 368, -1,
      368, 372, 373, -1,
      368, 373, 369, -1,
      374, 375, 365, -1,
      375, 376, 365, -1,
      365, 376, 377, -1,
      365, 377, 363, -1,
      324, 378, 201, -1,
      201, 378, 379, -1,
      201, 379, 365, -1,
      365, 379, 380, -1,
      365, 380, 374, -1,
      381, 382, 383, -1,
      383, 382, 384, -1,
      385, 386, 387, -1,
      387, 386, 388, -1,
      387, 388, 202, -1,
      389, 367, 390, -1,
      390, 367, 391, -1,
      201, 392, 393, -1,
      393, 394, 201, -1,
      201, 394, 395, -1,
      201, 395, 202, -1,
      202, 395, 396, -1,
      202, 396, 387, -1,
      381, 397, 382, -1,
      382, 397, 398, -1,
      382, 398, 399, -1,
      399, 398, 400, -1,
      401, 402, 400, -1,
      400, 402, 403, -1,
      400, 403, 399, -1,
      389, 404, 367, -1,
      367, 404, 405, -1,
      367, 405, 406, -1,
      407, 408, 387, -1,
      387, 408, 409, -1,
      387, 409, 385, -1,
      406, 410, 367, -1,
      367, 410, 411, -1,
      367, 411, 365, -1,
      365, 411, 384, -1,
      365, 384, 412, -1,
      412, 384, 382, -1,
      413, 414, 201, -1,
      201, 414, 415, -1,
      201, 415, 392, -1,
      416, 417, 400, -1,
      400, 417, 418, -1,
      400, 418, 419, -1,
      412, 420, 365, -1,
      365, 420, 421, -1,
      365, 421, 201, -1,
      201, 421, 422, -1,
      201, 422, 413, -1,
      419, 423, 400, -1,
      400, 423, 424, -1,
      400, 424, 401, -1,
      425, 426, 427, -1,
      427, 426, 428, -1,
      427, 428, 388, -1,
      429, 430, 17, -1,
      217, 17, 230, -1,
      230, 17, 430, -1,
      230, 430, 191, -1,
      191, 430, 431, -1,
      191, 431, 198, -1,
      432, 433, 429, -1,
      434, 435, 436, -1,
      436, 435, 437, -1,
      436, 437, 432, -1,
      432, 429, 436, -1,
      436, 429, 17, -1,
      436, 17, 438, -1,
      438, 17, 216, -1,
      438, 216, 439, -1,
      438, 440, 436, -1,
      436, 440, 441, -1,
      436, 441, 442, -1,
      443, 444, 445, -1,
      445, 444, 446, -1,
      445, 446, 216, -1,
      216, 446, 447, -1,
      216, 447, 439, -1,
      442, 448, 436, -1,
      436, 448, 449, -1,
      436, 449, 434, -1,
      450, 451, 452, -1,
      450, 452, 186, -1,
      451, 453, 452, -1,
      452, 453, 454, -1,
      452, 454, 445, -1,
      445, 454, 455, -1,
      445, 455, 443, -1,
      456, 7, 457, -1,
      457, 7, 6, -1,
      457, 6, 458, -1,
      458, 6, 459, -1,
      460, 461, 462, -1,
      463, 464, 465, -1,
      462, 461, 277, -1,
      277, 461, 466, -1,
      277, 466, 467, -1,
      465, 460, 463, -1,
      463, 460, 462, -1,
      463, 462, 468, -1,
      468, 462, 459, -1,
      468, 459, 467, -1,
      467, 459, 6, -1,
      467, 6, 277, -1,
      277, 6, 8, -1,
      277, 8, 278, -1,
      278, 8, 469, -1,
      278, 469, 470, -1,
      470, 469, 471, -1,
      323, 322, 472, -1,
      472, 322, 473, -1,
      472, 473, 474, -1,
      474, 473, 475, -1,
      474, 475, 476, -1,
      477, 478, 277, -1,
      277, 478, 479, -1,
      277, 479, 462, -1,
      462, 479, 480, -1,
      462, 480, 481, -1,
      481, 482, 462, -1,
      462, 482, 483, -1,
      462, 483, 484, -1,
      484, 485, 462, -1,
      462, 485, 486, -1,
      462, 486, 170, -1,
      170, 486, 487, -1,
      170, 487, 173, -1,
      487, 488, 173, -1,
      173, 488, 489, -1,
      173, 489, 277, -1,
      277, 489, 490, -1,
      277, 490, 491, -1,
      491, 492, 277, -1,
      277, 492, 493, -1,
      277, 493, 477, -1,
      186, 452, 171, -1,
      171, 452, 494, -1,
      171, 494, 170, -1,
      170, 494, 495, -1,
      170, 495, 462, -1,
      462, 495, 11, -1,
      462, 11, 459, -1,
      459, 11, 10, -1,
      459, 10, 458, -1,
      294, 286, 285, -1,
      285, 286, 288, -1,
      285, 288, 284, -1,
      284, 288, 191, -1,
      284, 191, 496, -1,
      3, 5, 497, -1,
      471, 469, 279, -1,
      279, 469, 5, -1,
      279, 5, 193, -1,
      193, 5, 4, -1,
      193, 4, 498, -1,
      498, 499, 193, -1,
      193, 499, 500, -1,
      193, 500, 501, -1,
      501, 502, 193, -1,
      193, 502, 503, -1,
      193, 503, 191, -1,
      191, 503, 504, -1,
      191, 504, 496, -1,
      496, 505, 284, -1,
      284, 505, 506, -1,
      284, 506, 5, -1,
      5, 506, 507, -1,
      5, 507, 508, -1,
      508, 509, 5, -1,
      5, 509, 510, -1,
      5, 510, 497, -1,
      388, 428, 202, -1,
      202, 428, 213, -1,
      202, 213, 20, -1,
      20, 213, 215, -1,
      20, 215, 18, -1,
      352, 354, 309, -1,
      309, 354, 300, -1,
      309, 300, 311, -1,
      311, 300, 282, -1,
      311, 282, 313, -1,
      313, 282, 284, -1,
      313, 284, 315, -1,
      315, 284, 5, -1,
      315, 5, 317, -1,
      317, 5, 469, -1,
      317, 469, 319, -1,
      319, 469, 8, -1,
      319, 8, 322, -1,
      322, 8, 7, -1,
      322, 7, 473, -1,
      473, 7, 456, -1,
      473, 456, 475, -1,
      9, 11, 511, -1,
      511, 11, 495, -1,
      511, 495, 512, -1,
      512, 495, 494, -1,
      512, 494, 513, -1,
      513, 494, 452, -1,
      513, 452, 514, -1,
      514, 452, 445, -1,
      514, 445, 515, -1,
      515, 445, 216, -1,
      515, 216, 516, -1,
      516, 216, 213, -1,
      516, 213, 517, -1,
      517, 213, 428, -1,
      517, 428, 518, -1,
      518, 428, 426, -1,
      518, 426, 519, -1,
      520, 521, 519, -1,
      521, 77, 68, -1,
      68, 77, 81, -1,
      68, 81, 69, -1,
      521, 520, 77, -1,
      77, 520, 92, -1,
      77, 92, 75, -1,
      75, 92, 117, -1,
      75, 117, 127, -1,
      522, 523, 524, -1,
      524, 523, 525, -1,
      425, 391, 426, -1,
      426, 391, 367, -1,
      426, 367, 524, -1,
      524, 367, 366, -1,
      524, 366, 522, -1,
      522, 366, 526, -1,
      519, 426, 520, -1,
      520, 426, 524, -1,
      520, 524, 92, -1,
      92, 524, 525, -1,
      92, 525, 27, -1,
      27, 525, 527, -1,
      27, 527, 366, -1,
      366, 527, 528, -1,
      366, 528, 526, -1,
      529, 530, 531, -1,
      531, 530, 522, -1,
      531, 522, 532, -1,
      532, 522, 526, -1,
      532, 526, 533, -1,
      533, 526, 534, -1,
      535, 536, 23, -1,
      23, 536, 0, -1,
      23, 0, 368, -1,
      368, 0, 2, -1,
      368, 2, 366, -1,
      366, 2, 537, -1,
      366, 537, 27, -1,
      27, 537, 535, -1,
      27, 535, 23, -1,
      21, 23, 35, -1,
      35, 23, 368, -1,
      35, 368, 305, -1,
      305, 368, 14, -1,
      305, 14, 307, -1,
      307, 14, 13, -1,
      307, 13, 357, -1,
      538, 539, 540, -1,
      541, 542, 540, -1,
      540, 542, 543, -1,
      540, 543, 538, -1,
      544, 545, 546, -1,
      546, 545, 547, -1,
      548, 549, 550, -1,
      550, 549, 551, -1,
      552, 553, 554, -1,
      554, 553, 555, -1,
      556, 557, 558, -1,
      558, 557, 559, -1,
      560, 561, 562, -1,
      562, 561, 563, -1,
      564, 565, 566, -1,
      566, 565, 562, -1,
      566, 562, 567, -1,
      567, 562, 563, -1,
      568, 559, 569, -1,
      569, 559, 570, -1,
      571, 570, 572, -1,
      572, 570, 559, -1,
      572, 559, 573, -1,
      573, 559, 557, -1,
      570, 574, 549, -1,
      575, 569, 576, -1,
      576, 569, 570, -1,
      576, 570, 577, -1,
      577, 570, 549, -1,
      577, 549, 548, -1,
      578, 579, 580, -1,
      580, 579, 581, -1,
      580, 581, 566, -1,
      582, 564, 583, -1,
      583, 564, 566, -1,
      583, 566, 584, -1,
      584, 566, 581, -1,
      585, 586, 587, -1,
      587, 586, 588, -1,
      589, 587, 590, -1,
      590, 587, 588, -1,
      590, 588, 591, -1,
      591, 588, 592, -1,
      593, 594, 595, -1,
      595, 594, 596, -1,
      595, 596, 597, -1,
      597, 596, 598, -1,
      599, 600, 601, -1,
      602, 603, 563, -1,
      600, 599, 561, -1,
      561, 599, 604, -1,
      561, 604, 563, -1,
      563, 604, 605, -1,
      563, 605, 602, -1,
      606, 599, 607, -1,
      607, 599, 601, -1,
      607, 601, 608, -1,
      608, 601, 609, -1,
      608, 609, 610, -1,
      610, 609, 603, -1,
      610, 603, 606, -1,
      606, 603, 602, -1,
      606, 602, 599, -1,
      611, 612, 613, -1,
      613, 612, 614, -1,
      615, 616, 617, -1,
      617, 616, 618, -1,
      617, 618, 619, -1,
      620, 621, 622, -1,
      622, 621, 623, -1,
      614, 612, 624, -1,
      624, 612, 617, -1,
      624, 617, 625, -1,
      625, 617, 619, -1,
      620, 626, 621, -1,
      621, 626, 627, -1,
      621, 627, 617, -1,
      617, 627, 628, -1,
      617, 628, 615, -1,
      538, 629, 630, -1,
      630, 629, 631, -1,
      630, 631, 632, -1,
      632, 631, 633, -1,
      632, 633, 634, -1,
      634, 633, 635, -1,
      636, 634, 637, -1,
      637, 634, 635, -1,
      637, 635, 638, -1,
      638, 635, 629, -1,
      638, 629, 639, -1,
      639, 629, 538, -1,
      639, 538, 640, -1,
      640, 538, 543, -1,
      640, 543, 637, -1,
      637, 543, 636, -1,
      641, 642, 643, -1,
      643, 642, 644, -1,
      38, 303, 645, -1,
      646, 71, 65, -1,
      646, 645, 647, -1,
      647, 645, 648, -1,
      649, 650, 651, -1,
      65, 53, 646, -1,
      646, 53, 57, -1,
      646, 57, 645, -1,
      645, 57, 40, -1,
      645, 40, 38, -1,
      648, 652, 647, -1,
      647, 652, 649, -1,
      647, 649, 653, -1,
      653, 649, 651, -1,
      654, 655, 303, -1,
      321, 656, 657, -1,
      655, 658, 303, -1,
      303, 658, 659, -1,
      303, 659, 645, -1,
      656, 321, 660, -1,
      660, 321, 641, -1,
      660, 641, 643, -1,
      657, 661, 321, -1,
      321, 661, 662, -1,
      321, 662, 320, -1,
      320, 662, 663, -1,
      320, 663, 318, -1,
      318, 663, 664, -1,
      312, 314, 664, -1,
      664, 314, 316, -1,
      664, 316, 318, -1,
      306, 308, 664, -1,
      664, 308, 310, -1,
      664, 310, 312, -1,
      654, 303, 664, -1,
      664, 303, 304, -1,
      664, 304, 306, -1,
      601, 600, 665, -1,
      665, 600, 666, -1,
      665, 666, 667, -1,
      668, 632, 669, -1,
      669, 632, 634, -1,
      669, 634, 670, -1,
      538, 630, 539, -1,
      539, 630, 671, -1,
      672, 673, 617, -1,
      617, 673, 674, -1,
      617, 674, 621, -1,
      621, 674, 675, -1,
      632, 668, 630, -1,
      630, 668, 676, -1,
      671, 630, 677, -1,
      677, 630, 676, -1,
      677, 676, 678, -1,
      678, 676, 679, -1,
      680, 603, 580, -1,
      580, 603, 609, -1,
      580, 609, 578, -1,
      578, 609, 681, -1,
      682, 683, 681, -1,
      555, 684, 685, -1,
      686, 687, 688, -1,
      688, 687, 689, -1,
      542, 690, 543, -1,
      543, 690, 688, -1,
      543, 688, 636, -1,
      636, 688, 689, -1,
      636, 689, 691, -1,
      686, 692, 554, -1,
      693, 550, 551, -1,
      694, 695, 696, -1,
      601, 665, 687, -1,
      696, 546, 694, -1,
      694, 546, 547, -1,
      694, 547, 697, -1,
      551, 698, 693, -1,
      693, 698, 699, -1,
      693, 699, 700, -1,
      700, 699, 687, -1,
      700, 687, 685, -1,
      685, 687, 686, -1,
      685, 686, 555, -1,
      555, 686, 554, -1,
      681, 609, 682, -1,
      682, 609, 601, -1,
      682, 601, 694, -1,
      694, 601, 687, -1,
      694, 687, 695, -1,
      695, 687, 699, -1,
      680, 567, 603, -1,
      603, 567, 563, -1,
      701, 666, 560, -1,
      560, 666, 600, -1,
      560, 600, 561, -1,
      634, 636, 670, -1,
      670, 636, 691, -1,
      670, 691, 702, -1,
      637, 323, 472, -1,
      703, 640, 476, -1,
      476, 640, 637, -1,
      476, 637, 474, -1,
      474, 637, 472, -1,
      673, 672, 704, -1,
      704, 672, 607, -1,
      704, 607, 608, -1,
      642, 638, 639, -1,
      71, 646, 68, -1,
      68, 646, 644, -1,
      68, 644, 521, -1,
      521, 644, 519, -1,
      515, 516, 644, -1,
      639, 705, 642, -1,
      642, 705, 9, -1,
      642, 9, 511, -1,
      516, 517, 644, -1,
      644, 517, 518, -1,
      644, 518, 519, -1,
      511, 512, 642, -1,
      642, 512, 513, -1,
      642, 513, 644, -1,
      644, 513, 514, -1,
      644, 514, 515, -1,
      706, 707, 541, -1,
      678, 708, 677, -1,
      677, 708, 709, -1,
      709, 710, 677, -1,
      677, 710, 706, -1,
      677, 706, 540, -1,
      540, 706, 541, -1,
      539, 671, 540, -1,
      540, 671, 677, -1,
      580, 566, 680, -1,
      680, 566, 567, -1,
      711, 675, 613, -1,
      613, 675, 674, -1,
      613, 674, 611, -1,
      611, 674, 712, -1,
      611, 712, 606, -1,
      606, 712, 610, -1,
      670, 702, 713, -1,
      667, 666, 714, -1,
      714, 666, 715, -1,
      714, 715, 713, -1,
      713, 715, 716, -1,
      713, 716, 670, -1,
      716, 717, 670, -1,
      670, 717, 718, -1,
      670, 718, 669, -1,
      718, 717, 719, -1,
      719, 717, 720, -1,
      719, 720, 721, -1,
      721, 720, 722, -1,
      721, 722, 723, -1,
      723, 722, 724, -1,
      723, 724, 725, -1,
      725, 724, 726, -1,
      727, 728, 729, -1,
      729, 728, 725, -1,
      729, 725, 730, -1,
      730, 725, 726, -1,
      596, 594, 731, -1,
      731, 594, 732, -1,
      731, 732, 733, -1,
      733, 732, 734, -1,
      733, 734, 735, -1,
      735, 734, 736, -1,
      735, 736, 737, -1,
      737, 736, 738, -1,
      738, 715, 737, -1,
      737, 715, 666, -1,
      737, 666, 701, -1,
      739, 592, 740, -1,
      724, 722, 720, -1,
      741, 592, 742, -1,
      742, 592, 739, -1,
      742, 739, 743, -1,
      730, 726, 744, -1,
      744, 726, 724, -1,
      744, 724, 717, -1,
      717, 724, 720, -1,
      738, 745, 715, -1,
      715, 745, 746, -1,
      715, 746, 747, -1,
      745, 748, 749, -1,
      749, 748, 750, -1,
      593, 748, 594, -1,
      594, 748, 745, -1,
      594, 745, 732, -1,
      732, 745, 738, -1,
      732, 738, 734, -1,
      734, 738, 736, -1,
      751, 752, 753, -1,
      753, 752, 754, -1,
      739, 755, 743, -1,
      743, 755, 715, -1,
      743, 715, 756, -1,
      756, 715, 747, -1,
      756, 747, 741, -1,
      741, 747, 749, -1,
      741, 749, 592, -1,
      592, 749, 750, -1,
      592, 750, 591, -1,
      755, 753, 715, -1,
      715, 753, 754, -1,
      715, 754, 716, -1,
      716, 754, 757, -1,
      716, 757, 717, -1,
      717, 757, 758, -1,
      717, 758, 744, -1,
      744, 758, 752, -1,
      744, 752, 740, -1,
      740, 752, 751, -1,
      740, 751, 739, -1,
      687, 665, 714, -1,
      714, 665, 667, -1,
      713, 702, 689, -1,
      689, 702, 691, -1,
      689, 687, 713, -1,
      713, 687, 714, -1,
      704, 712, 673, -1,
      673, 712, 674, -1,
      608, 610, 704, -1,
      704, 610, 712, -1,
      623, 621, 675, -1,
      675, 711, 623, -1,
      623, 711, 759, -1,
      623, 759, 760, -1,
      760, 759, 761, -1,
      759, 762, 761, -1,
      761, 762, 763, -1,
      761, 763, 764, -1,
      764, 763, 765, -1,
      611, 606, 612, -1,
      612, 606, 607, -1,
      612, 607, 617, -1,
      617, 607, 672, -1,
      703, 705, 640, -1,
      640, 705, 639, -1,
      476, 475, 703, -1,
      703, 475, 456, -1,
      703, 456, 705, -1,
      705, 456, 457, -1,
      457, 458, 705, -1,
      705, 458, 10, -1,
      705, 10, 9, -1,
      321, 323, 641, -1,
      641, 323, 637, -1,
      641, 637, 642, -1,
      642, 637, 638, -1,
    ]
  }
}

Shape {
  appearance Appearance {
    material Material {
      diffuseColor 0.7529 0.7529 0.7529
      specularColor 0.6627 0.6627 0.6627
      ambientIntensity 0.2
      transparency 0.0000
      shininess 0.5
    }
  }
  geometry IndexedFaceSet {
    ccw TRUE
    solid FALSE
    coord DEF co Coordinate {
      point [
        -1.342520 -0.114368 0.915813,
        -1.342520 -0.114368 0.098425,
        -1.342520 -0.792157 0.915813,
        -1.342520 -0.792157 0.098425,
        -1.440945 -0.114368 0.118110,
        -1.440945 -0.114368 0.925656,
        -1.682833 -0.772472 0.925656,
        -1.630751 -0.114368 0.925656,
        -1.709492 -0.713417 0.925656,
        -1.709492 -0.193108 0.925656,
        1.334646 -0.114368 0.098425,
        1.334646 -0.792157 0.098425,
        1.334646 -0.792157 0.915813,
        1.334646 -0.114368 0.915813,
        1.433071 -0.114368 0.925656,
        1.433071 -0.114368 0.118110,
        1.674959 -0.772472 0.925656,
        1.433071 -0.772472 0.118110,
        1.433071 -0.772472 0.915813,
        1.442913 -0.772472 0.925656,
        1.437992 -0.772472 0.924337,
        1.435954 -0.772472 0.922773,
        1.434389 -0.772472 0.920734,
        1.440366 -0.772472 0.925320,
        1.433406 -0.772472 0.918361,
        1.701617 -0.713417 0.925656,
        1.622877 -0.114368 0.925656,
        1.701617 -0.193108 0.925656,
        -1.440945 -0.772472 0.118110,
        -1.440945 -0.772472 0.915813,
        -1.450787 -0.772472 0.925656,
        -1.448240 -0.772472 0.925320,
        -1.441280 -0.772472 0.918361,
        -1.442263 -0.772472 0.920734,
        -1.445866 -0.772472 0.924337,
        -1.443828 -0.772472 0.922773,
        1.433071 -0.792157 0.915813,
        1.433071 -0.792157 0.098425,
        1.433071 -0.114368 0.098425,
        1.662247 -0.781607 0.925656,
        1.643257 -0.789474 0.925656,
        1.622877 -0.792157 0.925656,
        1.442913 -0.792157 0.925656,
        1.622877 -0.114368 1.024081,
        1.442913 -0.114368 1.024081,
        1.414892 -0.114368 1.020392,
        1.388780 -0.114368 1.009576,
        1.823657 -0.114368 0.088583,
        1.823657 -0.114368 -0.009843,
        1.442913 -0.114368 0.088583,
        1.442913 -0.114368 -0.009843,
        1.440366 -0.114368 0.088918,
        1.414892 -0.114368 -0.006154,
        1.437992 -0.114368 0.089901,
        1.388780 -0.114368 0.004663,
        1.435954 -0.114368 0.091465,
        1.366357 -0.114368 0.021869,
        1.434389 -0.114368 0.093504,
        1.349151 -0.114368 0.044291,
        1.433406 -0.114368 0.095878,
        1.338335 -0.114368 0.070404,
        1.338335 -0.114368 0.943835,
        1.349151 -0.114368 0.969947,
        1.366357 -0.114368 0.992370,
        1.433406 -0.792157 0.918361,
        1.434389 -0.792157 0.920734,
        1.435954 -0.792157 0.922773,
        1.437992 -0.792157 0.924337,
        1.440366 -0.792157 0.925320,
        1.442913 -0.792157 0.088583,
        1.440366 -0.792157 0.088918,
        1.437992 -0.792157 0.089901,
        1.435954 -0.792157 0.091465,
        1.434389 -0.792157 0.093504,
        1.433406 -0.792157 0.095878,
        1.823657 -0.792157 0.088583,
        1.902397 -0.713417 0.088583,
        1.844037 -0.789474 0.088583,
        1.863027 -0.781607 0.088583,
        1.879335 -0.769094 0.088583,
        1.891848 -0.752787 0.088583,
        1.899714 -0.733796 0.088583,
        1.879335 -0.137430 0.088583,
        1.863027 -0.124917 0.088583,
        1.891848 -0.153738 0.088583,
        1.899714 -0.172729 0.088583,
        1.902397 -0.193108 0.088583,
        1.844037 -0.117051 0.088583,
        1.902397 -0.193108 -0.009843,
        1.902397 -0.713417 -0.009843,
        1.823657 -0.792157 -0.009843,
        1.899714 -0.172729 -0.009843,
        1.442913 -0.792157 -0.009843,
        1.879335 -0.769094 -0.009843,
        1.891848 -0.752787 -0.009843,
        1.899714 -0.733796 -0.009843,
        1.863027 -0.781607 -0.009843,
        1.844037 -0.789474 -0.009843,
        1.844037 -0.117051 -0.009843,
        1.863027 -0.124917 -0.009843,
        1.891848 -0.153738 -0.009843,
        1.879335 -0.137430 -0.009843,
        1.338335 -0.792157 0.070404,
        1.349151 -0.792157 0.044291,
        1.366357 -0.792157 0.021869,
        1.388780 -0.792157 0.004663,
        1.414892 -0.792157 -0.006154,
        1.442913 -0.792157 1.024081,
        1.414892 -0.792157 1.020392,
        1.388780 -0.792157 1.009576,
        1.366357 -0.792157 0.992370,
        1.349151 -0.792157 0.969947,
        1.338335 -0.792157 0.943835,
        1.622877 -0.792157 1.024081,
        1.691068 -0.752787 1.024081,
        1.698934 -0.733796 1.024081,
        1.701617 -0.713417 1.024081,
        1.678555 -0.137430 1.024081,
        1.662247 -0.124917 1.024081,
        1.691068 -0.153738 1.024081,
        1.698934 -0.172729 1.024081,
        1.701617 -0.193108 1.024081,
        1.643257 -0.117051 1.024081,
        1.678555 -0.769094 1.024081,
        1.643257 -0.789474 1.024081,
        1.662247 -0.781607 1.024081,
        -1.440945 -0.114368 0.098425,
        -1.440945 -0.792157 0.098425,
        -1.440945 -0.792157 0.915813,
        -1.450787 -0.792157 0.925656,
        -1.630751 -0.792157 0.925656,
        -1.670121 -0.781607 0.925656,
        -1.651131 -0.789474 0.925656,
        -1.630751 -0.114368 1.024081,
        -1.450787 -0.114368 1.024081,
        -1.422766 -0.114368 1.020392,
        -1.831531 -0.114368 -0.009843,
        -1.831531 -0.114368 0.088583,
        -1.450787 -0.114368 -0.009843,
        -1.450787 -0.114368 0.088583,
        -1.422766 -0.114368 -0.006154,
        -1.448240 -0.114368 0.088918,
        -1.396654 -0.114368 0.004663,
        -1.445866 -0.114368 0.089901,
        -1.374231 -0.114368 0.021869,
        -1.443828 -0.114368 0.091465,
        -1.357025 -0.114368 0.044291,
        -1.442263 -0.114368 0.093504,
        -1.346209 -0.114368 0.070404,
        -1.441280 -0.114368 0.095878,
        -1.396654 -0.114368 1.009576,
        -1.374231 -0.114368 0.992370,
        -1.357025 -0.114368 0.969947,
        -1.346209 -0.114368 0.943835,
        -1.448240 -0.792157 0.925320,
        -1.445866 -0.792157 0.924337,
        -1.443828 -0.792157 0.922773,
        -1.442263 -0.792157 0.920734,
        -1.441280 -0.792157 0.918361,
        -1.709492 -0.193108 1.024081,
        -1.709492 -0.713417 1.024081,
        -1.651131 -0.789474 1.024081,
        -1.630751 -0.792157 1.024081,
        -1.450787 -0.792157 1.024081,
        -1.651131 -0.117051 1.024081,
        -1.706809 -0.733796 1.024081,
        -1.698942 -0.752787 1.024081,
        -1.670121 -0.781607 1.024081,
        -1.686429 -0.769094 1.024081,
        -1.698942 -0.153738 1.024081,
        -1.706809 -0.172729 1.024081,
        -1.686429 -0.137430 1.024081,
        -1.670121 -0.124917 1.024081,
        -1.346209 -0.792157 0.943835,
        -1.357025 -0.792157 0.969947,
        -1.374231 -0.792157 0.992370,
        -1.396654 -0.792157 1.009576,
        -1.422766 -0.792157 1.020392,
        -1.450787 -0.792157 -0.009843,
        -1.422766 -0.792157 -0.006154,
        -1.396654 -0.792157 0.004663,
        -1.374231 -0.792157 0.021869,
        -1.357025 -0.792157 0.044291,
        -1.346209 -0.792157 0.070404,
        -1.865695 -0.784359 -0.009843,
        -1.880625 -0.774978 -0.009843,
        -1.910271 -0.713417 -0.009843,
        -1.910271 -0.193108 -0.009843,
        -1.907588 -0.172729 -0.009843,
        -1.831531 -0.792157 -0.009843,
        -1.849052 -0.790183 -0.009843,
        -1.893093 -0.762510 -0.009843,
        -1.902474 -0.747581 -0.009843,
        -1.908297 -0.730938 -0.009843,
        -1.899722 -0.153738 -0.009843,
        -1.887209 -0.137430 -0.009843,
        -1.851911 -0.117051 -0.009843,
        -1.870901 -0.124917 -0.009843,
        -1.910271 -0.193108 0.088583,
        -1.910271 -0.713417 0.088583,
        -1.831531 -0.792157 0.088583,
        -1.450787 -0.792157 0.088583,
        -1.851911 -0.117051 0.088583,
        -1.908297 -0.730938 0.088583,
        -1.902474 -0.747581 0.088583,
        -1.893093 -0.762510 0.088583,
        -1.880625 -0.774978 0.088583,
        -1.865695 -0.784359 0.088583,
        -1.849052 -0.790183 0.088583,
        -1.899722 -0.153738 0.088583,
        -1.907588 -0.172729 0.088583,
        -1.887209 -0.137430 0.088583,
        -1.870901 -0.124917 0.088583,
        -1.441280 -0.792157 0.095878,
        -1.442263 -0.792157 0.093504,
        -1.443828 -0.792157 0.091465,
        -1.445866 -0.792157 0.089901,
        -1.448240 -0.792157 0.088918,
      ]
    }
    coordIndex [
      18, 36, 17, -1,
      17, 36, 37, -1,
      17, 37, 15, -1,
      15, 37, 38, -1,
      39, 40, 41, -1,
      42, 19, 41, -1,
      41, 19, 16, -1,
      41, 16, 39, -1,
      43, 26, 44, -1,
      44, 26, 14, -1,
      44, 14, 45, -1,
      45, 14, 46, -1,
      47, 48, 49, -1,
      49, 48, 50, -1,
      49, 50, 51, -1,
      51, 50, 52, -1,
      51, 52, 53, -1,
      53, 52, 54, -1,
      53, 54, 55, -1,
      55, 54, 56, -1,
      55, 56, 57, -1,
      57, 56, 58, -1,
      57, 58, 59, -1,
      59, 58, 60, -1,
      59, 60, 38, -1,
      38, 60, 10, -1,
      38, 10, 15, -1,
      15, 10, 14, -1,
      14, 10, 13, -1,
      14, 13, 61, -1,
      61, 62, 14, -1,
      14, 62, 63, -1,
      14, 63, 46, -1,
      36, 18, 64, -1,
      64, 18, 24, -1,
      64, 24, 65, -1,
      65, 24, 22, -1,
      65, 22, 66, -1,
      66, 22, 21, -1,
      66, 21, 67, -1,
      67, 21, 20, -1,
      67, 20, 68, -1,
      68, 20, 23, -1,
      68, 23, 42, -1,
      42, 23, 19, -1,
      69, 49, 70, -1,
      70, 49, 51, -1,
      70, 51, 71, -1,
      71, 51, 53, -1,
      71, 53, 72, -1,
      72, 53, 55, -1,
      72, 55, 73, -1,
      73, 55, 57, -1,
      73, 57, 74, -1,
      74, 57, 59, -1,
      74, 59, 37, -1,
      37, 59, 38, -1,
      49, 69, 47, -1,
      47, 69, 75, -1,
      47, 75, 76, -1,
      76, 75, 77, -1,
      76, 77, 78, -1,
      78, 79, 76, -1,
      76, 79, 80, -1,
      76, 80, 81, -1,
      82, 83, 84, -1,
      84, 83, 85, -1,
      76, 86, 47, -1,
      47, 86, 85, -1,
      47, 85, 87, -1,
      87, 85, 83, -1,
      86, 76, 88, -1,
      88, 76, 89, -1,
      88, 89, 90, -1,
      91, 88, 48, -1,
      48, 88, 90, -1,
      48, 90, 50, -1,
      50, 90, 92, -1,
      93, 89, 94, -1,
      94, 89, 95, -1,
      93, 96, 89, -1,
      89, 96, 97, -1,
      89, 97, 90, -1,
      48, 98, 91, -1,
      91, 98, 99, -1,
      91, 99, 100, -1,
      100, 99, 101, -1,
      11, 10, 60, -1,
      11, 60, 102, -1,
      102, 60, 58, -1,
      102, 58, 103, -1,
      103, 58, 56, -1,
      103, 56, 104, -1,
      104, 56, 54, -1,
      104, 54, 105, -1,
      105, 54, 52, -1,
      105, 52, 106, -1,
      106, 52, 50, -1,
      106, 50, 92, -1,
      107, 44, 45, -1,
      107, 45, 108, -1,
      108, 45, 46, -1,
      108, 46, 109, -1,
      109, 46, 63, -1,
      109, 63, 110, -1,
      110, 63, 62, -1,
      110, 62, 111, -1,
      111, 62, 61, -1,
      111, 61, 112, -1,
      112, 61, 13, -1,
      112, 13, 12, -1,
      44, 107, 43, -1,
      43, 107, 113, -1,
      114, 115, 113, -1,
      113, 115, 116, -1,
      113, 116, 43, -1,
      117, 118, 119, -1,
      119, 118, 120, -1,
      116, 121, 43, -1,
      43, 121, 120, -1,
      43, 120, 122, -1,
      122, 120, 118, -1,
      114, 113, 123, -1,
      123, 113, 124, -1,
      123, 124, 125, -1,
      121, 116, 27, -1,
      27, 116, 25, -1,
      41, 113, 42, -1,
      42, 113, 107, -1,
      42, 107, 68, -1,
      68, 107, 108, -1,
      68, 108, 67, -1,
      67, 108, 109, -1,
      67, 109, 66, -1,
      66, 109, 110, -1,
      66, 110, 65, -1,
      65, 110, 111, -1,
      65, 111, 64, -1,
      64, 111, 112, -1,
      64, 112, 36, -1,
      36, 112, 12, -1,
      36, 12, 37, -1,
      37, 12, 11, -1,
      37, 11, 74, -1,
      74, 11, 102, -1,
      74, 102, 73, -1,
      73, 102, 103, -1,
      73, 103, 72, -1,
      72, 103, 104, -1,
      72, 104, 71, -1,
      71, 104, 105, -1,
      71, 105, 70, -1,
      70, 105, 106, -1,
      70, 106, 69, -1,
      69, 106, 92, -1,
      69, 92, 75, -1,
      75, 92, 90, -1,
      4, 126, 28, -1,
      28, 126, 127, -1,
      28, 127, 29, -1,
      29, 127, 128, -1,
      30, 129, 6, -1,
      6, 129, 130, -1,
      6, 130, 131, -1,
      131, 130, 132, -1,
      7, 133, 5, -1,
      5, 133, 134, -1,
      5, 134, 135, -1,
      136, 137, 138, -1,
      138, 137, 139, -1,
      138, 139, 140, -1,
      140, 139, 141, -1,
      140, 141, 142, -1,
      142, 141, 143, -1,
      142, 143, 144, -1,
      144, 143, 145, -1,
      144, 145, 146, -1,
      146, 145, 147, -1,
      146, 147, 148, -1,
      148, 147, 149, -1,
      148, 149, 1, -1,
      135, 150, 5, -1,
      5, 150, 151, -1,
      5, 151, 152, -1,
      149, 126, 1, -1,
      1, 126, 4, -1,
      1, 4, 0, -1,
      0, 4, 5, -1,
      0, 5, 153, -1,
      153, 5, 152, -1,
      129, 30, 154, -1,
      154, 30, 31, -1,
      154, 31, 155, -1,
      155, 31, 34, -1,
      155, 34, 156, -1,
      156, 34, 35, -1,
      156, 35, 157, -1,
      157, 35, 33, -1,
      157, 33, 158, -1,
      158, 33, 32, -1,
      158, 32, 128, -1,
      128, 32, 29, -1,
      9, 8, 159, -1,
      159, 8, 160, -1,
      161, 162, 160, -1,
      160, 162, 163, -1,
      160, 163, 159, -1,
      163, 134, 159, -1,
      159, 134, 133, -1,
      159, 133, 164, -1,
      160, 165, 161, -1,
      161, 165, 166, -1,
      161, 166, 167, -1,
      167, 166, 168, -1,
      169, 170, 171, -1,
      171, 170, 159, -1,
      171, 159, 172, -1,
      172, 159, 164, -1,
      2, 0, 153, -1,
      2, 153, 173, -1,
      173, 153, 152, -1,
      173, 152, 174, -1,
      174, 152, 151, -1,
      174, 151, 175, -1,
      175, 151, 150, -1,
      175, 150, 176, -1,
      176, 150, 135, -1,
      176, 135, 177, -1,
      177, 135, 134, -1,
      177, 134, 163, -1,
      178, 138, 140, -1,
      178, 140, 179, -1,
      179, 140, 142, -1,
      179, 142, 180, -1,
      180, 142, 144, -1,
      180, 144, 181, -1,
      181, 144, 146, -1,
      181, 146, 182, -1,
      182, 146, 148, -1,
      182, 148, 183, -1,
      183, 148, 1, -1,
      183, 1, 3, -1,
      184, 185, 186, -1,
      186, 187, 136, -1,
      136, 187, 188, -1,
      138, 178, 136, -1,
      136, 178, 189, -1,
      136, 189, 186, -1,
      186, 189, 190, -1,
      186, 190, 184, -1,
      185, 191, 186, -1,
      186, 191, 192, -1,
      186, 192, 193, -1,
      188, 194, 136, -1,
      136, 194, 195, -1,
      136, 195, 196, -1,
      196, 195, 197, -1,
      187, 186, 198, -1,
      198, 186, 199, -1,
      200, 201, 199, -1,
      199, 201, 198, -1,
      201, 139, 198, -1,
      198, 139, 137, -1,
      198, 137, 202, -1,
      203, 204, 199, -1,
      199, 204, 205, -1,
      199, 205, 206, -1,
      206, 207, 199, -1,
      199, 207, 208, -1,
      199, 208, 200, -1,
      209, 210, 211, -1,
      211, 210, 198, -1,
      211, 198, 212, -1,
      212, 198, 202, -1,
      127, 126, 213, -1,
      213, 126, 149, -1,
      213, 149, 214, -1,
      214, 149, 147, -1,
      214, 147, 215, -1,
      215, 147, 145, -1,
      215, 145, 216, -1,
      216, 145, 143, -1,
      216, 143, 217, -1,
      217, 143, 141, -1,
      217, 141, 201, -1,
      201, 141, 139, -1,
      200, 189, 201, -1,
      201, 189, 178, -1,
      201, 178, 217, -1,
      217, 178, 179, -1,
      217, 179, 216, -1,
      216, 179, 180, -1,
      216, 180, 215, -1,
      215, 180, 181, -1,
      215, 181, 214, -1,
      214, 181, 182, -1,
      214, 182, 213, -1,
      213, 182, 183, -1,
      213, 183, 127, -1,
      127, 183, 3, -1,
      127, 3, 128, -1,
      128, 3, 2, -1,
      128, 2, 158, -1,
      158, 2, 173, -1,
      158, 173, 157, -1,
      157, 173, 174, -1,
      157, 174, 156, -1,
      156, 174, 175, -1,
      156, 175, 155, -1,
      155, 175, 176, -1,
      155, 176, 154, -1,
      154, 176, 177, -1,
      154, 177, 129, -1,
      129, 177, 163, -1,
      129, 163, 130, -1,
      130, 163, 162, -1,
    ]
  }
}

Shape {
  appearance Appearance {
    material Material {
      diffuseColor 1.0000 0.9608 0.9059
      specularColor 0.8784 0.8471 0.7961
      ambientIntensity 0.2
      transparency 0.0000
      shininess 0.5
    }
  }
  geometry IndexedFaceSet {
    ccw TRUE
    solid FALSE
    coord DEF co Coordinate {
      point [
        0.836614 0.472441 0.118110,
        0.836614 0.472441 1.417323,
        -0.352362 0.472441 0.354331,
        -0.639764 0.472441 0.354331,
        -0.352362 0.472441 1.417323,
        -0.639764 0.472441 1.417323,
        0.139764 0.472441 0.118110,
        -0.147638 0.472441 0.118110,
        0.139764 0.472441 1.417323,
        -0.147638 0.472441 1.417323,
        0.631890 0.472441 0.354331,
        0.344488 0.472441 0.354331,
        0.631890 0.472441 1.417323,
        0.344488 0.472441 1.417323,
        -0.407082 -1.220472 0.202022,
        -0.407082 -1.220472 0.118110,
        0.399208 -1.220472 0.202022,
        0.399208 -1.220472 0.118110,
        -0.585044 -1.220472 0.118110,
        -0.585044 -1.220472 0.202022,
        0.399208 -0.643134 0.118110,
        0.202763 -0.643134 0.118110,
        -0.187008 0.347861 0.118110,
        -0.210637 0.347861 0.118110,
        -0.210637 -0.643134 0.118110,
        -0.407082 -0.643134 0.118110,
        -0.187008 0.433071 0.118110,
        0.202763 0.347861 0.118110,
        0.179134 0.347861 0.118110,
        0.179134 0.433071 0.118110,
        -0.844488 0.472441 0.118110,
        -0.805118 0.433071 0.118110,
        -0.805118 0.347861 0.118110,
        -0.585044 -0.643134 0.118110,
        -0.781489 -0.643134 0.118110,
        -0.781489 0.347861 0.118110,
        0.399208 -1.122047 0.300447,
        0.399208 -0.643134 0.300447,
        -0.407082 -1.122047 0.300447,
        0.202763 -0.643134 0.300447,
        -0.407082 -0.643134 0.300447,
        -0.210637 -0.643134 0.300447,
        -0.210637 -0.039370 0.300447,
        0.202763 -0.039370 0.300447,
        -0.781489 -0.039370 0.300447,
        -0.781489 -0.643134 0.300447,
        -0.585044 -0.643134 0.300447,
        -0.585044 -1.122047 0.300447,
        0.577170 -1.220472 0.118110,
        0.577170 -1.220472 0.202022,
        -0.844488 0.472441 1.417323,
        -0.805118 0.347861 1.417323,
        -0.805118 0.433071 1.417323,
        0.305118 0.433071 1.417323,
        0.305118 0.347861 1.417323,
        0.671260 0.347861 1.417323,
        0.797244 0.347861 1.417323,
        0.797244 0.433071 1.417323,
        0.671260 0.433071 1.417323,
        0.179134 0.433071 1.417323,
        -0.679134 0.347861 1.417323,
        -0.312992 0.347861 1.417323,
        -0.312992 0.433071 1.417323,
        -0.679134 0.433071 1.417323,
        -0.187008 0.433071 1.417323,
        -0.187008 0.347861 1.417323,
        0.179134 0.347861 1.417323,
        0.797244 0.347861 0.118110,
        0.797244 0.433071 0.118110,
        0.577170 -0.643134 0.118110,
        0.773615 -0.643134 0.118110,
        0.773615 0.347861 0.118110,
        0.577170 -0.643134 0.300447,
        0.577170 -1.122047 0.300447,
        0.773615 -0.643134 0.300447,
        0.773615 -0.039370 0.300447,
        0.202763 -0.039370 0.354331,
        0.773615 -0.039370 0.354331,
        -0.781489 -0.039370 0.354331,
        -0.210637 -0.039370 0.354331,
        -0.781489 0.347861 0.354331,
        -0.210637 0.347861 0.354331,
        -0.679134 0.347861 0.354331,
        -0.679134 0.433071 0.354331,
        -0.312992 0.347861 0.354331,
        -0.312992 0.433071 0.354331,
        0.202763 0.347861 0.354331,
        0.773615 0.347861 0.354331,
        0.671260 0.433071 0.354331,
        0.671260 0.347861 0.354331,
        0.305118 0.347861 0.354331,
        0.305118 0.433071 0.354331,
        0.183071 0.347861 0.492457,
        0.183071 0.347861 1.132362,
        0.301181 0.347861 0.492457,
        0.301181 0.347861 1.132362,
        0.793307 0.347861 0.492457,
        0.793307 0.347861 1.132362,
        0.675197 0.347861 1.132362,
        0.675197 0.347861 0.492457,
        -0.190945 0.347861 0.492457,
        -0.190945 0.347861 1.132362,
        -0.309055 0.347861 1.132362,
        -0.309055 0.347861 0.492457,
        -0.801181 0.347861 0.492457,
        -0.801181 0.347861 1.132362,
        -0.683071 0.347861 0.492457,
        -0.683071 0.347861 1.132362,
      ]
    }
    coordIndex [
      34, 45, 33, -1,
      33, 45, 46, -1,
      19, 18, 47, -1,
      47, 18, 33, -1,
      47, 33, 46, -1,
      15, 14, 25, -1,
      25, 14, 38, -1,
      25, 38, 40, -1,
      25, 40, 24, -1,
      24, 40, 41, -1,
      45, 34, 44, -1,
      44, 34, 35, -1,
      44, 35, 78, -1,
      78, 35, 80, -1,
      79, 81, 42, -1,
      42, 81, 23, -1,
      42, 23, 41, -1,
      41, 23, 24, -1,
      78, 80, 79, -1,
      79, 80, 82, -1,
      83, 3, 82, -1,
      82, 3, 2, -1,
      81, 79, 84, -1,
      84, 79, 82, -1,
      84, 82, 85, -1,
      85, 82, 2, -1,
      21, 39, 20, -1,
      20, 39, 37, -1,
      16, 17, 36, -1,
      36, 17, 20, -1,
      36, 20, 37, -1,
      48, 49, 69, -1,
      69, 49, 73, -1,
      69, 73, 72, -1,
      69, 72, 70, -1,
      70, 72, 74, -1,
      39, 21, 43, -1,
      43, 21, 27, -1,
      43, 27, 76, -1,
      76, 27, 86, -1,
      77, 87, 75, -1,
      75, 87, 71, -1,
      75, 71, 74, -1,
      74, 71, 70, -1,
      10, 88, 89, -1,
      87, 77, 89, -1,
      89, 77, 76, -1,
      89, 76, 90, -1,
      90, 76, 86, -1,
      10, 89, 11, -1,
      11, 89, 90, -1,
      11, 90, 91, -1,
      59, 66, 29, -1,
      29, 66, 28, -1,
      91, 90, 53, -1,
      53, 90, 54, -1,
      28, 66, 92, -1,
      92, 66, 93, -1,
      27, 28, 86, -1,
      86, 28, 92, -1,
      86, 92, 90, -1,
      90, 92, 94, -1,
      90, 94, 95, -1,
      93, 66, 95, -1,
      95, 66, 54, -1,
      95, 54, 90, -1,
      68, 67, 57, -1,
      57, 67, 56, -1,
      71, 87, 67, -1,
      67, 87, 96, -1,
      67, 96, 56, -1,
      56, 96, 97, -1,
      56, 97, 55, -1,
      55, 97, 98, -1,
      55, 98, 89, -1,
      89, 98, 99, -1,
      89, 99, 87, -1,
      87, 99, 96, -1,
      58, 55, 88, -1,
      88, 55, 89, -1,
      26, 22, 64, -1,
      64, 22, 65, -1,
      23, 81, 22, -1,
      22, 81, 100, -1,
      22, 100, 65, -1,
      65, 100, 101, -1,
      65, 101, 61, -1,
      61, 101, 102, -1,
      61, 102, 84, -1,
      84, 102, 103, -1,
      84, 103, 81, -1,
      81, 103, 100, -1,
      62, 61, 85, -1,
      85, 61, 84, -1,
      52, 51, 31, -1,
      31, 51, 32, -1,
      83, 82, 63, -1,
      63, 82, 60, -1,
      32, 51, 104, -1,
      104, 51, 105, -1,
      35, 32, 80, -1,
      80, 32, 104, -1,
      80, 104, 82, -1,
      82, 104, 106, -1,
      82, 106, 107, -1,
      105, 51, 107, -1,
      107, 51, 60, -1,
      107, 60, 82, -1,
      57, 1, 68, -1,
      68, 1, 0, -1,
      12, 58, 10, -1,
      10, 58, 88, -1,
      8, 59, 6, -1,
      6, 59, 29, -1,
      53, 13, 91, -1,
      91, 13, 11, -1,
      4, 62, 2, -1,
      2, 62, 85, -1,
      64, 9, 26, -1,
      26, 9, 7, -1,
      50, 52, 30, -1,
      30, 52, 31, -1,
      63, 5, 83, -1,
      83, 5, 3, -1,
    ]
  }
}

Shape {
  appearance Appearance {
    material Material {
      diffuseColor 0.7529 0.7529 0.7529
      specularColor 0.6627 0.6627 0.6627
      ambientIntensity 0.2
      transparency 0.0000
      shininess 0.5
    }
  }
  geometry IndexedFaceSet {
    ccw TRUE
    solid FALSE
    coord DEF co Coordinate {
      point [
        0.183071 -0.039370 0.492457,
        -0.309055 -0.039370 0.492457,
        -0.190945 -0.039370 0.492457,
        -0.190945 -0.039370 0.804682,
        -0.801181 -0.039370 0.492457,
        -0.801181 -0.039370 0.804682,
        -0.683071 -0.039370 0.804682,
        -0.683071 -0.039370 0.492457,
        0.301181 -0.039370 0.492457,
        0.675197 -0.039370 0.492457,
        0.301181 -0.039370 0.804682,
        0.675197 -0.039370 0.804682,
        0.183071 -0.039370 0.804682,
        -0.309055 -0.039370 0.804682,
        0.793307 -0.039370 0.804682,
        0.793307 -0.039370 0.492457,
        0.183071 0.347861 0.492457,
        0.183071 0.347861 1.132362,
        0.301181 0.347861 0.492457,
        0.301181 0.347861 1.132362,
        0.793307 0.347861 0.492457,
        0.793307 0.347861 1.132362,
        0.675197 0.347861 1.132362,
        0.675197 0.347861 0.492457,
        -0.190945 0.347861 0.492457,
        -0.190945 0.347861 1.132362,
        -0.309055 0.347861 1.132362,
        -0.309055 0.347861 0.492457,
        -0.801181 0.347861 0.492457,
        -0.801181 0.347861 1.132362,
        -0.683071 0.347861 0.492457,
        -0.683071 0.347861 1.132362,
        0.301181 0.393151 0.049213,
        0.301181 0.393151 0.492457,
        0.183071 0.393151 0.049213,
        0.183071 0.393151 0.492457,
        0.183071 0.395163 0.033928,
        0.301181 0.395163 0.033928,
        0.183071 0.401063 0.019685,
        0.301181 0.401063 0.019685,
        0.183071 0.410448 0.007454,
        0.301181 0.410448 0.007454,
        0.183071 0.422678 -0.001931,
        0.301181 0.422678 -0.001931,
        0.183071 0.436921 -0.007830,
        0.301181 0.436921 -0.007830,
        0.183071 0.452206 -0.009843,
        0.301181 0.452206 -0.009843,
        0.301181 0.787402 -0.009843,
        0.183071 0.787402 -0.009843,
        0.183071 0.802686 -0.007830,
        0.301181 0.802686 -0.007830,
        0.183071 0.816929 -0.001931,
        0.301181 0.816929 -0.001931,
        0.183071 0.829160 0.007454,
        0.301181 0.829160 0.007454,
        0.183071 0.838545 0.019685,
        0.301181 0.838545 0.019685,
        0.183071 0.844444 0.033928,
        0.301181 0.844444 0.033928,
        0.183071 0.846457 0.049213,
        0.301181 0.846457 0.049213,
        0.301181 0.846457 0.162876,
        0.183071 0.846457 0.162876,
        0.183071 0.844444 0.178161,
        0.301181 0.844444 0.178161,
        0.183071 0.838545 0.192404,
        0.301181 0.838545 0.192404,
        0.183071 0.829160 0.204635,
        0.301181 0.829160 0.204635,
        0.183071 0.816929 0.214020,
        0.301181 0.816929 0.214020,
        0.183071 0.802686 0.219919,
        0.301181 0.802686 0.219919,
        0.183071 0.787402 0.221931,
        0.301181 0.787402 0.221931,
        0.301181 0.567261 0.221931,
        0.183071 0.567261 0.221931,
        0.301181 0.551976 0.223944,
        0.183071 0.551976 0.223944,
        0.301181 0.537733 0.229844,
        0.183071 0.537733 0.229844,
        0.301181 0.525503 0.239228,
        0.183071 0.525503 0.239228,
        0.301181 0.516118 0.251459,
        0.183071 0.516118 0.251459,
        0.301181 0.510218 0.265702,
        0.183071 0.510218 0.265702,
        0.301181 0.508206 0.280987,
        0.183071 0.508206 0.280987,
        0.301181 0.508206 1.073307,
        0.183071 0.508206 1.073307,
        0.183071 0.506194 1.088591,
        0.301181 0.506194 1.088591,
        0.183071 0.500294 1.102834,
        0.301181 0.500294 1.102834,
        0.183071 0.490909 1.115065,
        0.301181 0.490909 1.115065,
        0.183071 0.478678 1.124450,
        0.301181 0.478678 1.124450,
        0.183071 0.464435 1.130350,
        0.301181 0.464435 1.130350,
        0.183071 0.449151 1.132362,
        0.301181 0.449151 1.132362,
        0.183071 -0.640580 0.804682,
        0.301181 -0.640580 0.804682,
        0.301181 -0.640580 0.492457,
        0.183071 -0.640580 0.492457,
        0.301181 -0.679280 0.800840,
        0.301181 -0.716469 0.507673,
        0.301181 -0.679280 0.496298,
        0.301181 -0.893269 0.698093,
        0.301181 -0.894352 0.688926,
        0.301181 -0.894352 0.608213,
        0.301181 -0.870159 0.571887,
        0.301181 -0.893269 0.599046,
        0.301181 -0.890082 0.590383,
        0.301181 -0.878201 0.576419,
        0.301181 -0.884966 0.582700,
        0.301181 -0.716469 0.789466,
        0.301181 -0.870159 0.725252,
        0.301181 -0.878201 0.720720,
        0.301181 -0.884966 0.714439,
        0.301181 -0.890082 0.706756,
        0.183071 -0.679280 0.496298,
        0.183071 -0.716469 0.507673,
        0.183071 -0.679280 0.800840,
        0.183071 -0.870159 0.571887,
        0.183071 -0.870159 0.725252,
        0.183071 -0.716469 0.789466,
        0.183071 -0.884966 0.582700,
        0.183071 -0.890082 0.590383,
        0.183071 -0.878201 0.576419,
        0.183071 -0.893269 0.599046,
        0.183071 -0.894352 0.608213,
        0.183071 -0.894352 0.688926,
        0.183071 -0.893269 0.698093,
        0.183071 -0.890082 0.706756,
        0.183071 -0.878201 0.720720,
        0.183071 -0.884966 0.714439,
        -0.190945 0.393151 0.049213,
        -0.190945 0.393151 0.492457,
        -0.309055 0.393151 0.049213,
        -0.309055 0.393151 0.492457,
        -0.309055 0.395163 0.033928,
        -0.190945 0.395163 0.033928,
        -0.309055 0.401063 0.019685,
        -0.190945 0.401063 0.019685,
        -0.309055 0.410448 0.007454,
        -0.190945 0.410448 0.007454,
        -0.309055 0.422678 -0.001931,
        -0.190945 0.422678 -0.001931,
        -0.309055 0.436921 -0.007830,
        -0.190945 0.436921 -0.007830,
        -0.309055 0.452206 -0.009843,
        -0.190945 0.452206 -0.009843,
        -0.190945 0.787402 -0.009843,
        -0.309055 0.787402 -0.009843,
        -0.309055 0.802686 -0.007830,
        -0.190945 0.802686 -0.007830,
        -0.309055 0.816929 -0.001931,
        -0.190945 0.816929 -0.001931,
        -0.309055 0.829160 0.007454,
        -0.190945 0.829160 0.007454,
        -0.309055 0.838545 0.019685,
        -0.190945 0.838545 0.019685,
        -0.309055 0.844444 0.033928,
        -0.190945 0.844444 0.033928,
        -0.309055 0.846457 0.049213,
        -0.190945 0.846457 0.049213,
        -0.190945 0.846457 0.162876,
        -0.309055 0.846457 0.162876,
        -0.309055 0.844444 0.178161,
        -0.190945 0.844444 0.178161,
        -0.309055 0.838545 0.192404,
        -0.190945 0.838545 0.192404,
        -0.309055 0.829160 0.204635,
        -0.190945 0.829160 0.204635,
        -0.309055 0.816929 0.214020,
        -0.190945 0.816929 0.214020,
        -0.309055 0.802686 0.219919,
        -0.190945 0.802686 0.219919,
        -0.309055 0.787402 0.221931,
        -0.190945 0.787402 0.221931,
        -0.190945 0.567261 0.221931,
        -0.309055 0.567261 0.221931,
        -0.190945 0.551976 0.223944,
        -0.309055 0.551976 0.223944,
        -0.190945 0.537733 0.229844,
        -0.309055 0.537733 0.229844,
        -0.190945 0.525503 0.239228,
        -0.309055 0.525503 0.239228,
        -0.190945 0.516118 0.251459,
        -0.309055 0.516118 0.251459,
        -0.190945 0.510218 0.265702,
        -0.309055 0.510218 0.265702,
        -0.190945 0.508206 0.280987,
        -0.309055 0.508206 0.280987,
        -0.190945 0.508206 1.073307,
        -0.309055 0.508206 1.073307,
        -0.309055 0.506194 1.088591,
        -0.190945 0.506194 1.088591,
        -0.309055 0.500294 1.102834,
        -0.190945 0.500294 1.102834,
        -0.309055 0.490909 1.115065,
        -0.190945 0.490909 1.115065,
        -0.309055 0.478678 1.124450,
        -0.190945 0.478678 1.124450,
        -0.309055 0.464435 1.130350,
        -0.190945 0.464435 1.130350,
        -0.309055 0.449151 1.132362,
        -0.190945 0.449151 1.132362,
        -0.309055 -0.640580 0.804682,
        -0.190945 -0.640580 0.804682,
        -0.190945 -0.640580 0.492457,
        -0.309055 -0.640580 0.492457,
        -0.190945 -0.679280 0.800840,
        -0.190945 -0.716469 0.789466,
        -0.190945 -0.679280 0.496298,
        -0.190945 -0.893269 0.698093,
        -0.190945 -0.894352 0.688926,
        -0.190945 -0.716469 0.507673,
        -0.190945 -0.894352 0.608213,
        -0.190945 -0.870159 0.571887,
        -0.190945 -0.893269 0.599046,
        -0.190945 -0.890082 0.590383,
        -0.190945 -0.878201 0.576419,
        -0.190945 -0.884966 0.582700,
        -0.190945 -0.870159 0.725252,
        -0.190945 -0.878201 0.720720,
        -0.190945 -0.884966 0.714439,
        -0.190945 -0.890082 0.706756,
        -0.309055 -0.679280 0.800840,
        -0.309055 -0.716469 0.789466,
        -0.309055 -0.679280 0.496298,
        -0.309055 -0.716469 0.507673,
        -0.309055 -0.870159 0.725252,
        -0.309055 -0.870159 0.571887,
        -0.309055 -0.884966 0.582700,
        -0.309055 -0.890082 0.590383,
        -0.309055 -0.878201 0.576419,
        -0.309055 -0.893269 0.599046,
        -0.309055 -0.894352 0.608213,
        -0.309055 -0.894352 0.688926,
        -0.309055 -0.893269 0.698093,
        -0.309055 -0.890082 0.706756,
        -0.309055 -0.878201 0.720720,
        -0.309055 -0.884966 0.714439,
        -0.683071 0.393151 0.049213,
        -0.683071 0.393151 0.492457,
        -0.801181 0.393151 0.049213,
        -0.801181 0.393151 0.492457,
        -0.801181 0.395163 0.033928,
        -0.683071 0.395163 0.033928,
        -0.801181 0.401063 0.019685,
        -0.683071 0.401063 0.019685,
        -0.801181 0.410448 0.007454,
        -0.683071 0.410448 0.007454,
        -0.801181 0.422678 -0.001931,
        -0.683071 0.422678 -0.001931,
        -0.801181 0.436921 -0.007830,
        -0.683071 0.436921 -0.007830,
        -0.801181 0.452206 -0.009843,
        -0.683071 0.452206 -0.009843,
        -0.683071 0.787402 -0.009843,
        -0.801181 0.787402 -0.009843,
        -0.801181 0.802686 -0.007830,
        -0.683071 0.802686 -0.007830,
        -0.801181 0.816929 -0.001931,
        -0.683071 0.816929 -0.001931,
        -0.801181 0.829160 0.007454,
        -0.683071 0.829160 0.007454,
        -0.801181 0.838545 0.019685,
        -0.683071 0.838545 0.019685,
        -0.801181 0.844444 0.033928,
        -0.683071 0.844444 0.033928,
        -0.801181 0.846457 0.049213,
        -0.683071 0.846457 0.049213,
        -0.683071 0.846457 0.162876,
        -0.801181 0.846457 0.162876,
        -0.801181 0.844444 0.178161,
        -0.683071 0.844444 0.178161,
        -0.801181 0.838545 0.192404,
        -0.683071 0.838545 0.192404,
        -0.801181 0.829160 0.204635,
        -0.683071 0.829160 0.204635,
        -0.801181 0.816929 0.214020,
        -0.683071 0.816929 0.214020,
        -0.801181 0.802686 0.219919,
        -0.683071 0.802686 0.219919,
        -0.801181 0.787402 0.221931,
        -0.683071 0.787402 0.221931,
        -0.683071 0.567261 0.221931,
        -0.801181 0.567261 0.221931,
        -0.683071 0.551976 0.223944,
        -0.801181 0.551976 0.223944,
        -0.683071 0.537733 0.229844,
        -0.801181 0.537733 0.229844,
        -0.683071 0.525503 0.239228,
        -0.801181 0.525503 0.239228,
        -0.683071 0.516118 0.251459,
        -0.801181 0.516118 0.251459,
        -0.683071 0.510218 0.265702,
        -0.801181 0.510218 0.265702,
        -0.683071 0.508206 0.280987,
        -0.801181 0.508206 0.280987,
        -0.683071 0.508206 1.073307,
        -0.801181 0.508206 1.073307,
        -0.801181 0.506194 1.088591,
        -0.683071 0.506194 1.088591,
        -0.801181 0.500294 1.102834,
        -0.683071 0.500294 1.102834,
        -0.801181 0.490909 1.115065,
        -0.683071 0.490909 1.115065,
        -0.801181 0.478678 1.124450,
        -0.683071 0.478678 1.124450,
        -0.801181 0.464435 1.130350,
        -0.683071 0.464435 1.130350,
        -0.801181 0.449151 1.132362,
        -0.683071 0.449151 1.132362,
        -0.801181 -0.640580 0.804682,
        -0.683071 -0.640580 0.804682,
        -0.683071 -0.640580 0.492457,
        -0.801181 -0.640580 0.492457,
        -0.683071 -0.679280 0.800840,
        -0.683071 -0.716469 0.789466,
        -0.683071 -0.679280 0.496298,
        -0.683071 -0.893269 0.698093,
        -0.683071 -0.894352 0.688926,
        -0.683071 -0.716469 0.507673,
        -0.683071 -0.894352 0.608213,
        -0.683071 -0.870159 0.571887,
        -0.683071 -0.893269 0.599046,
        -0.683071 -0.890082 0.590383,
        -0.683071 -0.878201 0.576419,
        -0.683071 -0.884966 0.582700,
        -0.683071 -0.870159 0.725252,
        -0.683071 -0.878201 0.720720,
        -0.683071 -0.884966 0.714439,
        -0.683071 -0.890082 0.706756,
        -0.801181 -0.679280 0.496298,
        -0.801181 -0.716469 0.507673,
        -0.801181 -0.679280 0.800840,
        -0.801181 -0.870159 0.571887,
        -0.801181 -0.870159 0.725252,
        -0.801181 -0.716469 0.789466,
        -0.801181 -0.884966 0.582700,
        -0.801181 -0.890082 0.590383,
        -0.801181 -0.878201 0.576419,
        -0.801181 -0.893269 0.599046,
        -0.801181 -0.894352 0.608213,
        -0.801181 -0.894352 0.688926,
        -0.801181 -0.893269 0.698093,
        -0.801181 -0.890082 0.706756,
        -0.801181 -0.878201 0.720720,
        -0.801181 -0.884966 0.714439,
        0.793307 0.393151 0.049213,
        0.793307 0.393151 0.492457,
        0.675197 0.393151 0.049213,
        0.675197 0.393151 0.492457,
        0.675197 0.395163 0.033928,
        0.793307 0.395163 0.033928,
        0.675197 0.401063 0.019685,
        0.793307 0.401063 0.019685,
        0.675197 0.410448 0.007454,
        0.793307 0.410448 0.007454,
        0.675197 0.422678 -0.001931,
        0.793307 0.422678 -0.001931,
        0.675197 0.436921 -0.007830,
        0.793307 0.436921 -0.007830,
        0.675197 0.452206 -0.009843,
        0.793307 0.452206 -0.009843,
        0.793307 0.787402 -0.009843,
        0.675197 0.787402 -0.009843,
        0.675197 0.802686 -0.007830,
        0.793307 0.802686 -0.007830,
        0.675197 0.816929 -0.001931,
        0.793307 0.816929 -0.001931,
        0.675197 0.829160 0.007454,
        0.793307 0.829160 0.007454,
        0.675197 0.838545 0.019685,
        0.793307 0.838545 0.019685,
        0.675197 0.844444 0.033928,
        0.793307 0.844444 0.033928,
        0.675197 0.846457 0.049213,
        0.793307 0.846457 0.049213,
        0.793307 0.846457 0.162876,
        0.675197 0.846457 0.162876,
        0.675197 0.844444 0.178161,
        0.793307 0.844444 0.178161,
        0.675197 0.838545 0.192404,
        0.793307 0.838545 0.192404,
        0.675197 0.829160 0.204635,
        0.793307 0.829160 0.204635,
        0.675197 0.816929 0.214020,
        0.793307 0.816929 0.214020,
        0.675197 0.802686 0.219919,
        0.793307 0.802686 0.219919,
        0.675197 0.787402 0.221931,
        0.793307 0.787402 0.221931,
        0.793307 0.567261 0.221931,
        0.675197 0.567261 0.221931,
        0.793307 0.551976 0.223944,
        0.675197 0.551976 0.223944,
        0.793307 0.537733 0.229844,
        0.675197 0.537733 0.229844,
        0.793307 0.525503 0.239228,
        0.675197 0.525503 0.239228,
        0.793307 0.516118 0.251459,
        0.675197 0.516118 0.251459,
        0.793307 0.510218 0.265702,
        0.675197 0.510218 0.265702,
        0.793307 0.508206 0.280987,
        0.675197 0.508206 0.280987,
        0.793307 0.508206 1.073307,
        0.675197 0.508206 1.073307,
        0.675197 0.506194 1.088591,
        0.793307 0.506194 1.088591,
        0.675197 0.500294 1.102834,
        0.793307 0.500294 1.102834,
        0.675197 0.490909 1.115065,
        0.793307 0.490909 1.115065,
        0.675197 0.478678 1.124450,
        0.793307 0.478678 1.124450,
        0.675197 0.464435 1.130350,
        0.793307 0.464435 1.130350,
        0.675197 0.449151 1.132362,
        0.793307 0.449151 1.132362,
        0.675197 -0.640580 0.804682,
        0.793307 -0.640580 0.804682,
        0.793307 -0.640580 0.492457,
        0.675197 -0.640580 0.492457,
        0.793307 -0.716469 0.507673,
        0.793307 -0.679280 0.800840,
        0.793307 -0.679280 0.496298,
        0.793307 -0.893269 0.698093,
        0.793307 -0.894352 0.688926,
        0.793307 -0.894352 0.608213,
        0.793307 -0.870159 0.571887,
        0.793307 -0.893269 0.599046,
        0.793307 -0.890082 0.590383,
        0.793307 -0.878201 0.576419,
        0.793307 -0.884966 0.582700,
        0.793307 -0.716469 0.789466,
        0.793307 -0.870159 0.725252,
        0.793307 -0.878201 0.720720,
        0.793307 -0.884966 0.714439,
        0.793307 -0.890082 0.706756,
        0.675197 -0.679280 0.496298,
        0.675197 -0.716469 0.507673,
        0.675197 -0.679280 0.800840,
        0.675197 -0.870159 0.571887,
        0.675197 -0.870159 0.725252,
        0.675197 -0.716469 0.789466,
        0.675197 -0.884966 0.582700,
        0.675197 -0.890082 0.590383,
        0.675197 -0.878201 0.576419,
        0.675197 -0.893269 0.599046,
        0.675197 -0.894352 0.608213,
        0.675197 -0.894352 0.688926,
        0.675197 -0.893269 0.698093,
        0.675197 -0.890082 0.706756,
        0.675197 -0.878201 0.720720,
        0.675197 -0.884966 0.714439,
      ]
    }
    coordIndex [
      32, 33, 34, -1,
      34, 33, 35, -1,
      32, 34, 36, -1,
      32, 36, 37, -1,
      37, 36, 38, -1,
      37, 38, 39, -1,
      39, 38, 40, -1,
      39, 40, 41, -1,
      41, 40, 42, -1,
      41, 42, 43, -1,
      43, 42, 44, -1,
      43, 44, 45, -1,
      45, 44, 46, -1,
      45, 46, 47, -1,
      48, 47, 49, -1,
      49, 47, 46, -1,
      48, 49, 50, -1,
      48, 50, 51, -1,
      51, 50, 52, -1,
      51, 52, 53, -1,
      53, 52, 54, -1,
      53, 54, 55, -1,
      55, 54, 56, -1,
      55, 56, 57, -1,
      57, 56, 58, -1,
      57, 58, 59, -1,
      59, 58, 60, -1,
      59, 60, 61, -1,
      62, 61, 63, -1,
      63, 61, 60, -1,
      62, 63, 64, -1,
      62, 64, 65, -1,
      65, 64, 66, -1,
      65, 66, 67, -1,
      67, 66, 68, -1,
      67, 68, 69, -1,
      69, 68, 70, -1,
      69, 70, 71, -1,
      71, 70, 72, -1,
      71, 72, 73, -1,
      73, 72, 74, -1,
      73, 74, 75, -1,
      76, 75, 77, -1,
      77, 75, 74, -1,
      76, 77, 78, -1,
      78, 77, 79, -1,
      78, 79, 80, -1,
      80, 79, 81, -1,
      80, 81, 82, -1,
      82, 81, 83, -1,
      82, 83, 84, -1,
      84, 83, 85, -1,
      84, 85, 86, -1,
      86, 85, 87, -1,
      86, 87, 88, -1,
      88, 87, 89, -1,
      90, 88, 91, -1,
      91, 88, 89, -1,
      90, 91, 92, -1,
      90, 92, 93, -1,
      93, 92, 94, -1,
      93, 94, 95, -1,
      95, 94, 96, -1,
      95, 96, 97, -1,
      97, 96, 98, -1,
      97, 98, 99, -1,
      99, 98, 100, -1,
      99, 100, 101, -1,
      101, 100, 102, -1,
      101, 102, 103, -1,
      16, 17, 35, -1,
      35, 17, 102, -1,
      46, 44, 81, -1,
      81, 44, 42, -1,
      81, 42, 40, -1,
      96, 102, 98, -1,
      98, 102, 100, -1,
      96, 94, 102, -1,
      102, 94, 92, -1,
      102, 92, 35, -1,
      87, 34, 89, -1,
      89, 34, 35, -1,
      89, 35, 91, -1,
      91, 35, 92, -1,
      87, 85, 34, -1,
      34, 85, 83, -1,
      34, 83, 36, -1,
      36, 83, 81, -1,
      36, 81, 38, -1,
      38, 81, 40, -1,
      64, 63, 74, -1,
      74, 63, 49, -1,
      74, 49, 77, -1,
      77, 49, 46, -1,
      77, 46, 79, -1,
      79, 46, 81, -1,
      54, 52, 56, -1,
      56, 52, 58, -1,
      63, 60, 49, -1,
      49, 60, 58, -1,
      49, 58, 50, -1,
      50, 58, 52, -1,
      74, 72, 64, -1,
      64, 72, 70, -1,
      64, 70, 66, -1,
      66, 70, 68, -1,
      82, 84, 32, -1,
      39, 41, 80, -1,
      93, 95, 33, -1,
      33, 95, 97, -1,
      33, 97, 99, -1,
      19, 18, 103, -1,
      103, 18, 33, -1,
      103, 33, 101, -1,
      101, 33, 99, -1,
      47, 78, 45, -1,
      45, 78, 80, -1,
      45, 80, 43, -1,
      43, 80, 41, -1,
      82, 32, 80, -1,
      80, 32, 37, -1,
      80, 37, 39, -1,
      84, 86, 32, -1,
      32, 86, 88, -1,
      32, 88, 33, -1,
      33, 88, 90, -1,
      33, 90, 93, -1,
      59, 61, 48, -1,
      48, 61, 75, -1,
      48, 75, 47, -1,
      47, 75, 76, -1,
      47, 76, 78, -1,
      48, 51, 59, -1,
      59, 51, 53, -1,
      59, 53, 57, -1,
      57, 53, 55, -1,
      61, 62, 75, -1,
      75, 62, 65, -1,
      75, 65, 73, -1,
      73, 65, 67, -1,
      73, 67, 71, -1,
      71, 67, 69, -1,
      16, 35, 18, -1,
      18, 35, 33, -1,
      19, 103, 17, -1,
      17, 103, 102, -1,
      12, 104, 10, -1,
      10, 104, 105, -1,
      8, 106, 0, -1,
      0, 106, 107, -1,
      8, 10, 106, -1,
      106, 10, 105, -1,
      108, 109, 105, -1,
      105, 109, 110, -1,
      105, 110, 106, -1,
      111, 112, 109, -1,
      109, 112, 113, -1,
      109, 113, 114, -1,
      113, 115, 114, -1,
      114, 115, 116, -1,
      114, 116, 117, -1,
      117, 116, 118, -1,
      108, 119, 109, -1,
      109, 119, 120, -1,
      109, 120, 121, -1,
      121, 122, 109, -1,
      109, 122, 123, -1,
      109, 123, 111, -1,
      12, 0, 104, -1,
      104, 0, 107, -1,
      107, 124, 104, -1,
      104, 124, 125, -1,
      104, 125, 126, -1,
      127, 128, 125, -1,
      125, 128, 129, -1,
      125, 129, 126, -1,
      130, 131, 132, -1,
      132, 131, 127, -1,
      131, 133, 127, -1,
      127, 133, 134, -1,
      127, 134, 128, -1,
      128, 134, 135, -1,
      135, 136, 128, -1,
      128, 136, 137, -1,
      128, 137, 138, -1,
      138, 137, 139, -1,
      105, 104, 126, -1,
      105, 126, 108, -1,
      108, 126, 129, -1,
      108, 129, 119, -1,
      120, 119, 128, -1,
      128, 119, 129, -1,
      120, 128, 138, -1,
      120, 138, 121, -1,
      121, 138, 139, -1,
      121, 139, 122, -1,
      122, 139, 137, -1,
      122, 137, 123, -1,
      123, 137, 136, -1,
      123, 136, 111, -1,
      111, 136, 135, -1,
      111, 135, 112, -1,
      113, 112, 134, -1,
      134, 112, 135, -1,
      113, 134, 133, -1,
      113, 133, 115, -1,
      115, 133, 131, -1,
      115, 131, 116, -1,
      116, 131, 130, -1,
      116, 130, 118, -1,
      118, 130, 132, -1,
      118, 132, 117, -1,
      117, 132, 127, -1,
      117, 127, 114, -1,
      109, 114, 125, -1,
      125, 114, 127, -1,
      109, 125, 124, -1,
      109, 124, 110, -1,
      110, 124, 107, -1,
      110, 107, 106, -1,
      140, 141, 142, -1,
      142, 141, 143, -1,
      140, 142, 144, -1,
      140, 144, 145, -1,
      145, 144, 146, -1,
      145, 146, 147, -1,
      147, 146, 148, -1,
      147, 148, 149, -1,
      149, 148, 150, -1,
      149, 150, 151, -1,
      151, 150, 152, -1,
      151, 152, 153, -1,
      153, 152, 154, -1,
      153, 154, 155, -1,
      156, 155, 157, -1,
      157, 155, 154, -1,
      156, 157, 158, -1,
      156, 158, 159, -1,
      159, 158, 160, -1,
      159, 160, 161, -1,
      161, 160, 162, -1,
      161, 162, 163, -1,
      163, 162, 164, -1,
      163, 164, 165, -1,
      165, 164, 166, -1,
      165, 166, 167, -1,
      167, 166, 168, -1,
      167, 168, 169, -1,
      170, 169, 171, -1,
      171, 169, 168, -1,
      170, 171, 172, -1,
      170, 172, 173, -1,
      173, 172, 174, -1,
      173, 174, 175, -1,
      175, 174, 176, -1,
      175, 176, 177, -1,
      177, 176, 178, -1,
      177, 178, 179, -1,
      179, 178, 180, -1,
      179, 180, 181, -1,
      181, 180, 182, -1,
      181, 182, 183, -1,
      184, 183, 185, -1,
      185, 183, 182, -1,
      184, 185, 186, -1,
      186, 185, 187, -1,
      186, 187, 188, -1,
      188, 187, 189, -1,
      188, 189, 190, -1,
      190, 189, 191, -1,
      190, 191, 192, -1,
      192, 191, 193, -1,
      192, 193, 194, -1,
      194, 193, 195, -1,
      194, 195, 196, -1,
      196, 195, 197, -1,
      198, 196, 199, -1,
      199, 196, 197, -1,
      198, 199, 200, -1,
      198, 200, 201, -1,
      201, 200, 202, -1,
      201, 202, 203, -1,
      203, 202, 204, -1,
      203, 204, 205, -1,
      205, 204, 206, -1,
      205, 206, 207, -1,
      207, 206, 208, -1,
      207, 208, 209, -1,
      209, 208, 210, -1,
      209, 210, 211, -1,
      27, 26, 143, -1,
      143, 26, 210, -1,
      154, 152, 189, -1,
      189, 152, 150, -1,
      189, 150, 148, -1,
      204, 210, 206, -1,
      206, 210, 208, -1,
      204, 202, 210, -1,
      210, 202, 200, -1,
      210, 200, 143, -1,
      195, 142, 197, -1,
      197, 142, 143, -1,
      197, 143, 199, -1,
      199, 143, 200, -1,
      195, 193, 142, -1,
      142, 193, 191, -1,
      142, 191, 144, -1,
      144, 191, 189, -1,
      144, 189, 146, -1,
      146, 189, 148, -1,
      172, 171, 182, -1,
      182, 171, 157, -1,
      182, 157, 185, -1,
      185, 157, 154, -1,
      185, 154, 187, -1,
      187, 154, 189, -1,
      162, 160, 164, -1,
      164, 160, 166, -1,
      171, 168, 157, -1,
      157, 168, 166, -1,
      157, 166, 158, -1,
      158, 166, 160, -1,
      182, 180, 172, -1,
      172, 180, 178, -1,
      172, 178, 174, -1,
      174, 178, 176, -1,
      190, 192, 140, -1,
      147, 149, 188, -1,
      201, 203, 141, -1,
      141, 203, 205, -1,
      141, 205, 207, -1,
      25, 24, 211, -1,
      211, 24, 141, -1,
      211, 141, 209, -1,
      209, 141, 207, -1,
      155, 186, 153, -1,
      153, 186, 188, -1,
      153, 188, 151, -1,
      151, 188, 149, -1,
      190, 140, 188, -1,
      188, 140, 145, -1,
      188, 145, 147, -1,
      192, 194, 140, -1,
      140, 194, 196, -1,
      140, 196, 141, -1,
      141, 196, 198, -1,
      141, 198, 201, -1,
      167, 169, 156, -1,
      156, 169, 183, -1,
      156, 183, 155, -1,
      155, 183, 184, -1,
      155, 184, 186, -1,
      156, 159, 167, -1,
      167, 159, 161, -1,
      167, 161, 165, -1,
      165, 161, 163, -1,
      169, 170, 183, -1,
      183, 170, 173, -1,
      183, 173, 181, -1,
      181, 173, 175, -1,
      181, 175, 179, -1,
      179, 175, 177, -1,
      27, 143, 24, -1,
      24, 143, 141, -1,
      25, 211, 26, -1,
      26, 211, 210, -1,
      13, 212, 3, -1,
      3, 212, 213, -1,
      2, 214, 1, -1,
      1, 214, 215, -1,
      2, 3, 214, -1,
      214, 3, 213, -1,
      213, 216, 214, -1,
      214, 216, 217, -1,
      214, 217, 218, -1,
      219, 220, 221, -1,
      221, 220, 222, -1,
      221, 222, 223, -1,
      222, 224, 223, -1,
      223, 224, 225, -1,
      223, 225, 226, -1,
      226, 225, 227, -1,
      218, 217, 221, -1,
      221, 217, 228, -1,
      221, 228, 229, -1,
      229, 230, 221, -1,
      221, 230, 231, -1,
      221, 231, 219, -1,
      13, 1, 212, -1,
      212, 1, 215, -1,
      212, 215, 232, -1,
      232, 215, 233, -1,
      215, 234, 233, -1,
      233, 234, 235, -1,
      233, 235, 236, -1,
      236, 235, 237, -1,
      238, 239, 240, -1,
      240, 239, 237, -1,
      239, 241, 237, -1,
      237, 241, 242, -1,
      237, 242, 236, -1,
      236, 242, 243, -1,
      243, 244, 236, -1,
      236, 244, 245, -1,
      236, 245, 246, -1,
      246, 245, 247, -1,
      213, 212, 232, -1,
      213, 232, 216, -1,
      216, 232, 233, -1,
      216, 233, 217, -1,
      228, 217, 236, -1,
      236, 217, 233, -1,
      228, 236, 246, -1,
      228, 246, 229, -1,
      229, 246, 247, -1,
      229, 247, 230, -1,
      230, 247, 245, -1,
      230, 245, 231, -1,
      231, 245, 244, -1,
      231, 244, 219, -1,
      219, 244, 243, -1,
      219, 243, 220, -1,
      222, 220, 242, -1,
      242, 220, 243, -1,
      222, 242, 241, -1,
      222, 241, 224, -1,
      224, 241, 239, -1,
      224, 239, 225, -1,
      225, 239, 238, -1,
      225, 238, 227, -1,
      227, 238, 240, -1,
      227, 240, 226, -1,
      226, 240, 237, -1,
      226, 237, 223, -1,
      221, 223, 235, -1,
      235, 223, 237, -1,
      221, 235, 234, -1,
      221, 234, 218, -1,
      218, 234, 215, -1,
      218, 215, 214, -1,
      248, 249, 250, -1,
      250, 249, 251, -1,
      248, 250, 252, -1,
      248, 252, 253, -1,
      253, 252, 254, -1,
      253, 254, 255, -1,
      255, 254, 256, -1,
      255, 256, 257, -1,
      257, 256, 258, -1,
      257, 258, 259, -1,
      259, 258, 260, -1,
      259, 260, 261, -1,
      261, 260, 262, -1,
      261, 262, 263, -1,
      264, 263, 265, -1,
      265, 263, 262, -1,
      264, 265, 266, -1,
      264, 266, 267, -1,
      267, 266, 268, -1,
      267, 268, 269, -1,
      269, 268, 270, -1,
      269, 270, 271, -1,
      271, 270, 272, -1,
      271, 272, 273, -1,
      273, 272, 274, -1,
      273, 274, 275, -1,
      275, 274, 276, -1,
      275, 276, 277, -1,
      278, 277, 279, -1,
      279, 277, 276, -1,
      278, 279, 280, -1,
      278, 280, 281, -1,
      281, 280, 282, -1,
      281, 282, 283, -1,
      283, 282, 284, -1,
      283, 284, 285, -1,
      285, 284, 286, -1,
      285, 286, 287, -1,
      287, 286, 288, -1,
      287, 288, 289, -1,
      289, 288, 290, -1,
      289, 290, 291, -1,
      292, 291, 293, -1,
      293, 291, 290, -1,
      292, 293, 294, -1,
      294, 293, 295, -1,
      294, 295, 296, -1,
      296, 295, 297, -1,
      296, 297, 298, -1,
      298, 297, 299, -1,
      298, 299, 300, -1,
      300, 299, 301, -1,
      300, 301, 302, -1,
      302, 301, 303, -1,
      302, 303, 304, -1,
      304, 303, 305, -1,
      306, 304, 307, -1,
      307, 304, 305, -1,
      306, 307, 308, -1,
      306, 308, 309, -1,
      309, 308, 310, -1,
      309, 310, 311, -1,
      311, 310, 312, -1,
      311, 312, 313, -1,
      313, 312, 314, -1,
      313, 314, 315, -1,
      315, 314, 316, -1,
      315, 316, 317, -1,
      317, 316, 318, -1,
      317, 318, 319, -1,
      251, 28, 29, -1,
      262, 260, 297, -1,
      297, 260, 258, -1,
      297, 258, 256, -1,
      29, 318, 251, -1,
      251, 318, 316, -1,
      251, 316, 314, -1,
      314, 312, 251, -1,
      251, 312, 310, -1,
      251, 310, 308, -1,
      303, 250, 305, -1,
      305, 250, 251, -1,
      305, 251, 307, -1,
      307, 251, 308, -1,
      303, 301, 250, -1,
      250, 301, 299, -1,
      250, 299, 252, -1,
      252, 299, 297, -1,
      252, 297, 254, -1,
      254, 297, 256, -1,
      280, 279, 290, -1,
      290, 279, 265, -1,
      290, 265, 293, -1,
      293, 265, 262, -1,
      293, 262, 295, -1,
      295, 262, 297, -1,
      290, 288, 280, -1,
      280, 288, 286, -1,
      280, 286, 282, -1,
      282, 286, 284, -1,
      270, 268, 272, -1,
      272, 268, 274, -1,
      279, 276, 265, -1,
      265, 276, 274, -1,
      265, 274, 266, -1,
      266, 274, 268, -1,
      298, 300, 248, -1,
      255, 257, 296, -1,
      309, 311, 249, -1,
      249, 311, 313, -1,
      249, 313, 315, -1,
      31, 30, 319, -1,
      319, 30, 249, -1,
      319, 249, 317, -1,
      317, 249, 315, -1,
      263, 294, 261, -1,
      261, 294, 296, -1,
      261, 296, 259, -1,
      259, 296, 257, -1,
      298, 248, 296, -1,
      296, 248, 253, -1,
      296, 253, 255, -1,
      300, 302, 248, -1,
      248, 302, 304, -1,
      248, 304, 249, -1,
      249, 304, 306, -1,
      249, 306, 309, -1,
      275, 277, 264, -1,
      264, 277, 291, -1,
      264, 291, 263, -1,
      263, 291, 292, -1,
      263, 292, 294, -1,
      264, 267, 275, -1,
      275, 267, 269, -1,
      275, 269, 273, -1,
      273, 269, 271, -1,
      277, 278, 291, -1,
      291, 278, 281, -1,
      291, 281, 289, -1,
      289, 281, 283, -1,
      289, 283, 287, -1,
      287, 283, 285, -1,
      28, 251, 30, -1,
      30, 251, 249, -1,
      31, 319, 29, -1,
      29, 319, 318, -1,
      5, 320, 6, -1,
      6, 320, 321, -1,
      7, 322, 4, -1,
      4, 322, 323, -1,
      7, 6, 322, -1,
      322, 6, 321, -1,
      321, 324, 322, -1,
      322, 324, 325, -1,
      322, 325, 326, -1,
      327, 328, 329, -1,
      329, 328, 330, -1,
      329, 330, 331, -1,
      330, 332, 331, -1,
      331, 332, 333, -1,
      331, 333, 334, -1,
      334, 333, 335, -1,
      326, 325, 329, -1,
      329, 325, 336, -1,
      329, 336, 337, -1,
      337, 338, 329, -1,
      329, 338, 339, -1,
      329, 339, 327, -1,
      5, 4, 320, -1,
      320, 4, 323, -1,
      323, 340, 320, -1,
      320, 340, 341, -1,
      320, 341, 342, -1,
      343, 344, 341, -1,
      341, 344, 345, -1,
      341, 345, 342, -1,
      346, 347, 348, -1,
      348, 347, 343, -1,
      347, 349, 343, -1,
      343, 349, 350, -1,
      343, 350, 344, -1,
      344, 350, 351, -1,
      351, 352, 344, -1,
      344, 352, 353, -1,
      344, 353, 354, -1,
      354, 353, 355, -1,
      321, 320, 342, -1,
      321, 342, 324, -1,
      324, 342, 345, -1,
      324, 345, 325, -1,
      336, 325, 344, -1,
      344, 325, 345, -1,
      336, 344, 354, -1,
      336, 354, 337, -1,
      337, 354, 355, -1,
      337, 355, 338, -1,
      338, 355, 353, -1,
      338, 353, 339, -1,
      339, 353, 352, -1,
      339, 352, 327, -1,
      327, 352, 351, -1,
      327, 351, 328, -1,
      330, 328, 350, -1,
      350, 328, 351, -1,
      330, 350, 349, -1,
      330, 349, 332, -1,
      332, 349, 347, -1,
      332, 347, 333, -1,
      333, 347, 346, -1,
      333, 346, 335, -1,
      335, 346, 348, -1,
      335, 348, 334, -1,
      334, 348, 343, -1,
      334, 343, 331, -1,
      329, 331, 341, -1,
      341, 331, 343, -1,
      329, 341, 340, -1,
      329, 340, 326, -1,
      326, 340, 323, -1,
      326, 323, 322, -1,
      356, 357, 358, -1,
      358, 357, 359, -1,
      356, 358, 360, -1,
      356, 360, 361, -1,
      361, 360, 362, -1,
      361, 362, 363, -1,
      363, 362, 364, -1,
      363, 364, 365, -1,
      365, 364, 366, -1,
      365, 366, 367, -1,
      367, 366, 368, -1,
      367, 368, 369, -1,
      369, 368, 370, -1,
      369, 370, 371, -1,
      372, 371, 373, -1,
      373, 371, 370, -1,
      372, 373, 374, -1,
      372, 374, 375, -1,
      375, 374, 376, -1,
      375, 376, 377, -1,
      377, 376, 378, -1,
      377, 378, 379, -1,
      379, 378, 380, -1,
      379, 380, 381, -1,
      381, 380, 382, -1,
      381, 382, 383, -1,
      383, 382, 384, -1,
      383, 384, 385, -1,
      386, 385, 387, -1,
      387, 385, 384, -1,
      386, 387, 388, -1,
      386, 388, 389, -1,
      389, 388, 390, -1,
      389, 390, 391, -1,
      391, 390, 392, -1,
      391, 392, 393, -1,
      393, 392, 394, -1,
      393, 394, 395, -1,
      395, 394, 396, -1,
      395, 396, 397, -1,
      397, 396, 398, -1,
      397, 398, 399, -1,
      400, 399, 401, -1,
      401, 399, 398, -1,
      400, 401, 402, -1,
      402, 401, 403, -1,
      402, 403, 404, -1,
      404, 403, 405, -1,
      404, 405, 406, -1,
      406, 405, 407, -1,
      406, 407, 408, -1,
      408, 407, 409, -1,
      408, 409, 410, -1,
      410, 409, 411, -1,
      410, 411, 412, -1,
      412, 411, 413, -1,
      414, 412, 415, -1,
      415, 412, 413, -1,
      414, 415, 416, -1,
      414, 416, 417, -1,
      417, 416, 418, -1,
      417, 418, 419, -1,
      419, 418, 420, -1,
      419, 420, 421, -1,
      421, 420, 422, -1,
      421, 422, 423, -1,
      423, 422, 424, -1,
      423, 424, 425, -1,
      425, 424, 426, -1,
      425, 426, 427, -1,
      359, 23, 22, -1,
      370, 368, 405, -1,
      405, 368, 366, -1,
      405, 366, 364, -1,
      22, 426, 359, -1,
      359, 426, 424, -1,
      359, 424, 422, -1,
      422, 420, 359, -1,
      359, 420, 418, -1,
      359, 418, 416, -1,
      411, 358, 413, -1,
      413, 358, 359, -1,
      413, 359, 415, -1,
      415, 359, 416, -1,
      411, 409, 358, -1,
      358, 409, 407, -1,
      358, 407, 360, -1,
      360, 407, 405, -1,
      360, 405, 362, -1,
      362, 405, 364, -1,
      388, 387, 398, -1,
      398, 387, 373, -1,
      398, 373, 401, -1,
      401, 373, 370, -1,
      401, 370, 403, -1,
      403, 370, 405, -1,
      398, 396, 388, -1,
      388, 396, 394, -1,
      388, 394, 390, -1,
      390, 394, 392, -1,
      378, 376, 380, -1,
      380, 376, 382, -1,
      387, 384, 373, -1,
      373, 384, 382, -1,
      373, 382, 374, -1,
      374, 382, 376, -1,
      406, 408, 356, -1,
      363, 365, 404, -1,
      417, 419, 357, -1,
      357, 419, 421, -1,
      357, 421, 423, -1,
      21, 20, 427, -1,
      427, 20, 357, -1,
      427, 357, 425, -1,
      425, 357, 423, -1,
      371, 402, 369, -1,
      369, 402, 404, -1,
      369, 404, 367, -1,
      367, 404, 365, -1,
      406, 356, 404, -1,
      404, 356, 361, -1,
      404, 361, 363, -1,
      408, 410, 356, -1,
      356, 410, 412, -1,
      356, 412, 357, -1,
      357, 412, 414, -1,
      357, 414, 417, -1,
      383, 385, 372, -1,
      372, 385, 399, -1,
      372, 399, 371, -1,
      371, 399, 400, -1,
      371, 400, 402, -1,
      372, 375, 383, -1,
      383, 375, 377, -1,
      383, 377, 381, -1,
      381, 377, 379, -1,
      385, 386, 399, -1,
      399, 386, 389, -1,
      399, 389, 397, -1,
      397, 389, 391, -1,
      397, 391, 395, -1,
      395, 391, 393, -1,
      23, 359, 20, -1,
      20, 359, 357, -1,
      21, 427, 22, -1,
      22, 427, 426, -1,
      11, 428, 14, -1,
      14, 428, 429, -1,
      15, 430, 9, -1,
      9, 430, 431, -1,
      432, 429, 433, -1,
      15, 14, 430, -1,
      430, 14, 429, -1,
      430, 429, 434, -1,
      434, 429, 432, -1,
      435, 436, 432, -1,
      432, 436, 437, -1,
      432, 437, 438, -1,
      437, 439, 438, -1,
      438, 439, 440, -1,
      438, 440, 441, -1,
      441, 440, 442, -1,
      433, 443, 432, -1,
      432, 443, 444, -1,
      432, 444, 445, -1,
      445, 446, 432, -1,
      432, 446, 447, -1,
      432, 447, 435, -1,
      11, 9, 428, -1,
      428, 9, 431, -1,
      431, 448, 428, -1,
      428, 448, 449, -1,
      428, 449, 450, -1,
      451, 452, 449, -1,
      449, 452, 453, -1,
      449, 453, 450, -1,
      454, 455, 456, -1,
      456, 455, 451, -1,
      455, 457, 451, -1,
      451, 457, 458, -1,
      451, 458, 452, -1,
      452, 458, 459, -1,
      459, 460, 452, -1,
      452, 460, 461, -1,
      452, 461, 462, -1,
      462, 461, 463, -1,
      429, 428, 450, -1,
      429, 450, 433, -1,
      433, 450, 453, -1,
      433, 453, 443, -1,
      444, 443, 452, -1,
      452, 443, 453, -1,
      444, 452, 462, -1,
      444, 462, 445, -1,
      445, 462, 463, -1,
      445, 463, 446, -1,
      446, 463, 461, -1,
      446, 461, 447, -1,
      447, 461, 460, -1,
      447, 460, 435, -1,
      435, 460, 459, -1,
      435, 459, 436, -1,
      437, 436, 458, -1,
      458, 436, 459, -1,
      437, 458, 457, -1,
      437, 457, 439, -1,
      439, 457, 455, -1,
      439, 455, 440, -1,
      440, 455, 454, -1,
      440, 454, 442, -1,
      442, 454, 456, -1,
      442, 456, 441, -1,
      441, 456, 451, -1,
      441, 451, 438, -1,
      432, 438, 449, -1,
      449, 438, 451, -1,
      432, 449, 448, -1,
      432, 448, 434, -1,
      434, 448, 431, -1,
      434, 431, 430, -1,
    ]
  }
}

Shape {
  appearance Appearance {
    material Material {
      diffuseColor 1.0000 0.9608 0.9059
      specularColor 0.8784 0.8471 0.7961
      ambientIntensity 0.2
      transparency 0.0000
      shininess 0.5
    }
  }
  geometry IndexedFaceSet {
    ccw TRUE
    solid FALSE
    coord DEF co Coordinate {
      point [
        -0.407082 -1.220472 0.202022,
        0.399208 -1.220472 0.202022,
        -1.224409 -1.220472 1.259843,
        -1.224409 -1.220472 0.202022,
        -0.585044 -1.220472 0.202022,
        0.399208 -1.122047 0.300447,
        -0.407082 -1.122047 0.300447,
        -1.125984 -1.122047 0.300447,
        -0.585044 -1.122047 0.300447,
        1.216535 -1.220472 1.259843,
        1.118110 -1.122047 1.259843,
        1.216535 -1.220472 0.202022,
        0.577170 -1.220472 0.202022,
        -1.125984 -1.122047 1.259843,
        1.118110 -1.122047 0.934813,
        1.161054 -1.164991 0.934813,
        1.161054 -1.164991 0.625476,
        1.118110 -1.122047 0.625476,
        1.118110 -1.122047 0.300447,
        0.577170 -1.122047 0.300447,
        -1.125984 -1.122047 0.625476,
        -1.168928 -1.164991 0.625476,
        -1.168928 -1.164991 0.934813,
        -1.125984 -1.122047 0.934813,
      ]
    }
    coordIndex [
      7, 3, 8, -1,
      8, 3, 4, -1,
      23, 13, 22, -1,
      22, 13, 2, -1,
      22, 2, 21, -1,
      21, 2, 3, -1,
      21, 3, 20, -1,
      20, 3, 7, -1,
      1, 5, 0, -1,
      0, 5, 6, -1,
      16, 17, 18, -1,
      9, 10, 14, -1,
      14, 15, 9, -1,
      9, 15, 16, -1,
      9, 16, 11, -1,
      11, 16, 18, -1,
      11, 18, 12, -1,
      12, 18, 19, -1,
    ]
  }
}

Shape {
  appearance Appearance {
    material Material {
      diffuseColor 0.0000 0.0000 0.0000
      specularColor 0.0000 0.0000 0.0000
      ambientIntensity 0.2
      transparency 0.0000
      shininess 0.5
    }
  }
  geometry IndexedFaceSet {
    ccw TRUE
    solid FALSE
    coord DEF co Coordinate {
      point [
        1.964567 -0.322071 0.669656,
        1.964567 -0.322071 0.613797,
        1.964567 -0.296962 0.613797,
        1.964567 -0.138443 0.647554,
        1.964567 -0.137411 0.638939,
        1.964567 -0.271171 0.669628,
        1.964567 -0.266529 0.670188,
        1.964567 -0.202085 0.669656,
        1.964567 -0.202085 0.662404,
        1.964567 -0.203874 0.642226,
        1.964567 -0.203874 0.635006,
        1.964567 -0.200651 0.613797,
        1.964567 -0.209394 0.613797,
        1.964567 -0.209394 0.635006,
        1.964567 -0.226421 0.635006,
        1.964567 -0.226421 0.613797,
        1.964567 -0.209394 0.662404,
        1.964567 -0.209394 0.642226,
        1.964567 -0.226421 0.662404,
        1.964567 -0.226421 0.642226,
        1.964567 -0.234559 0.606609,
        1.964567 -0.209394 0.606609,
        1.964567 -0.200651 0.606609,
        1.964567 -0.234559 0.669656,
        1.964567 -0.209394 0.669656,
        1.964567 -0.249870 0.608154,
        1.964567 -0.248254 0.608684,
        1.964567 -0.247179 0.609220,
        1.964567 -0.247179 0.617020,
        1.964567 -0.263456 0.612798,
        1.964567 -0.259731 0.612976,
        1.964567 -0.249870 0.660831,
        1.964567 -0.252723 0.614448,
        1.964567 -0.249870 0.615772,
        1.964567 -0.248758 0.660451,
        1.964567 -0.247179 0.659632,
        1.964567 -0.269960 0.662219,
        1.964567 -0.274919 0.659924,
        1.964567 -0.279218 0.656376,
        1.964567 -0.279693 0.655854,
        1.964567 -0.282728 0.651461,
        1.964567 -0.284826 0.645996,
        1.964567 -0.285841 0.637424,
        1.964567 -0.285831 0.636527,
        1.964567 -0.284792 0.628892,
        1.964567 -0.278206 0.618025,
        1.964567 -0.274031 0.615162,
        1.964567 -0.269484 0.613483,
        1.964567 -0.255262 0.662674,
        1.964567 -0.262038 0.663371,
        1.964567 -0.264474 0.663274,
        1.964567 -0.282772 0.623790,
        1.964567 -0.279653 0.619438,
        1.964567 -0.255817 0.670188,
        1.964567 -0.252920 0.669895,
        1.964567 -0.249870 0.668963,
        1.964567 -0.247179 0.668141,
        1.964567 -0.262119 0.670720,
        1.964567 -0.260974 0.670709,
        1.964567 -0.277769 0.667083,
        1.964567 -0.289321 0.656335,
        1.964567 -0.285278 0.661437,
        1.964567 -0.283870 0.662789,
        1.964567 -0.290612 0.620172,
        1.964567 -0.291563 0.622630,
        1.964567 -0.292527 0.649479,
        1.964567 -0.291563 0.651541,
        1.964567 -0.293165 0.626771,
        1.964567 -0.294383 0.636940,
        1.964567 -0.294169 0.641479,
        1.964567 -0.275769 0.607301,
        1.964567 -0.281650 0.610217,
        1.964567 -0.286293 0.614152,
        1.964567 -0.286865 0.614778,
        1.964567 -0.255023 0.606464,
        1.964567 -0.264633 0.605546,
        1.964567 -0.269036 0.605789,
        1.964567 -0.188741 0.606609,
        1.964567 -0.140762 0.653579,
        1.964567 -0.137707 0.633946,
        1.964567 -0.139415 0.626715,
        1.964567 -0.142711 0.620301,
        1.964567 -0.146919 0.615441,
        1.964567 -0.153578 0.610680,
        1.964567 -0.160782 0.607889,
        1.964567 -0.171400 0.606609,
        1.964567 -0.188741 0.669656,
        1.964567 -0.170755 0.669656,
        1.964567 -0.161129 0.668593,
        1.964567 -0.153520 0.665814,
        1.964567 -0.146919 0.661308,
        1.964567 -0.144655 0.659088,
        1.964567 -0.330209 0.606609,
        1.964567 -0.330209 0.669656,
        1.964567 -0.296962 0.606609,
        1.968504 -0.296962 0.613797,
        1.968504 -0.296962 0.606609,
        1.968504 -0.322071 0.613797,
        1.968504 -0.322071 0.669656,
        1.968504 -0.330209 0.669656,
        1.968504 -0.330209 0.606609,
        1.968504 -0.247179 0.609220,
        1.968504 -0.248254 0.608684,
        1.968504 -0.264633 0.605546,
        1.968504 -0.255023 0.606464,
        1.968504 -0.247179 0.617020,
        1.968504 -0.252723 0.614448,
        1.968504 -0.259731 0.612976,
        1.968504 -0.263456 0.612798,
        1.968504 -0.269484 0.613483,
        1.968504 -0.274031 0.615162,
        1.968504 -0.278206 0.618025,
        1.968504 -0.279653 0.619438,
        1.968504 -0.282772 0.623790,
        1.968504 -0.284792 0.628892,
        1.968504 -0.285831 0.636527,
        1.968504 -0.285841 0.637424,
        1.968504 -0.284826 0.645996,
        1.968504 -0.282728 0.651461,
        1.968504 -0.279693 0.655854,
        1.968504 -0.279218 0.656376,
        1.968504 -0.274919 0.659924,
        1.968504 -0.269960 0.662219,
        1.968504 -0.264474 0.663274,
        1.968504 -0.262038 0.663371,
        1.968504 -0.247179 0.659632,
        1.968504 -0.248758 0.660451,
        1.968504 -0.255262 0.662674,
        1.968504 -0.247179 0.668141,
        1.968504 -0.262119 0.670720,
        1.968504 -0.260974 0.670709,
        1.968504 -0.252920 0.669895,
        1.968504 -0.271171 0.669628,
        1.968504 -0.277769 0.667083,
        1.968504 -0.283870 0.662789,
        1.968504 -0.285278 0.661437,
        1.968504 -0.292527 0.649479,
        1.968504 -0.289321 0.656335,
        1.968504 -0.294169 0.641479,
        1.968504 -0.294383 0.636940,
        1.968504 -0.290612 0.620172,
        1.968504 -0.293165 0.626771,
        1.968504 -0.286865 0.614778,
        1.968504 -0.286293 0.614152,
        1.968504 -0.281650 0.610217,
        1.968504 -0.275769 0.607301,
        1.968504 -0.269036 0.605789,
        1.968504 -0.200651 0.613797,
        1.968504 -0.200651 0.606609,
        1.968504 -0.226421 0.613797,
        1.968504 -0.226421 0.635006,
        1.968504 -0.203874 0.635006,
        1.968504 -0.203874 0.642226,
        1.968504 -0.226421 0.642226,
        1.968504 -0.226421 0.662404,
        1.968504 -0.202085 0.662404,
        1.968504 -0.202085 0.669656,
        1.968504 -0.234559 0.669656,
        1.968504 -0.234559 0.606609,
        1.968504 -0.149454 0.624451,
        1.968504 -0.152705 0.620373,
        1.968504 -0.146919 0.615441,
        1.968504 -0.153501 0.619633,
        1.968504 -0.153578 0.610680,
        1.968504 -0.157583 0.616820,
        1.968504 -0.160782 0.607889,
        1.968504 -0.162815 0.614814,
        1.968504 -0.171400 0.606609,
        1.968504 -0.171448 0.613797,
        1.968504 -0.188741 0.606609,
        1.968504 -0.180602 0.613797,
        1.968504 -0.188741 0.669656,
        1.968504 -0.180602 0.662404,
        1.968504 -0.170755 0.669656,
        1.968504 -0.171078 0.662404,
        1.968504 -0.161129 0.668593,
        1.968504 -0.162915 0.661497,
        1.968504 -0.153520 0.665814,
        1.968504 -0.157454 0.659517,
        1.968504 -0.146919 0.661308,
        1.968504 -0.152882 0.656473,
        1.968504 -0.144655 0.659088,
        1.968504 -0.150640 0.654170,
        1.968504 -0.140762 0.653579,
        1.968504 -0.148316 0.650485,
        1.968504 -0.138443 0.647554,
        1.968504 -0.146664 0.645611,
        1.968504 -0.137411 0.638939,
        1.968504 -0.145969 0.638713,
        1.968504 -0.137707 0.633946,
        1.968504 -0.146146 0.635018,
        1.968504 -0.139415 0.626715,
        1.968504 -0.147325 0.629174,
        1.968504 -0.142711 0.620301,
        1.964567 -0.171078 0.662404,
        1.964567 -0.180602 0.662404,
        1.964567 -0.180602 0.613797,
        1.964567 -0.171448 0.613797,
        1.964567 -0.152705 0.620373,
        1.964567 -0.153501 0.619633,
        1.964567 -0.157583 0.616820,
        1.964567 -0.162815 0.614814,
        1.964567 -0.145969 0.638713,
        1.964567 -0.146146 0.635018,
        1.964567 -0.147325 0.629174,
        1.964567 -0.149454 0.624451,
        1.964567 -0.152882 0.656473,
        1.964567 -0.150640 0.654170,
        1.964567 -0.148316 0.650485,
        1.964567 -0.146664 0.645611,
        1.964567 -0.162915 0.661497,
        1.964567 -0.157454 0.659517,
      ]
    }
    coordIndex [
      95, 96, 2, -1,
      2, 96, 94, -1,
      97, 95, 1, -1,
      1, 95, 2, -1,
      98, 97, 0, -1,
      0, 97, 1, -1,
      99, 98, 93, -1,
      93, 98, 0, -1,
      100, 99, 92, -1,
      92, 99, 93, -1,
      96, 100, 94, -1,
      94, 100, 92, -1,
      98, 99, 97, -1,
      97, 99, 100, -1,
      97, 100, 95, -1,
      95, 100, 96, -1,
      27, 101, 102, -1,
      103, 75, 74, -1,
      103, 74, 104, -1,
      104, 74, 25, -1,
      104, 25, 102, -1,
      102, 25, 26, -1,
      102, 26, 27, -1,
      105, 101, 28, -1,
      28, 101, 27, -1,
      105, 28, 33, -1,
      105, 33, 106, -1,
      33, 32, 106, -1,
      106, 32, 30, -1,
      106, 30, 107, -1,
      107, 30, 29, -1,
      107, 29, 108, -1,
      108, 29, 47, -1,
      108, 47, 109, -1,
      109, 47, 46, -1,
      109, 46, 110, -1,
      110, 46, 45, -1,
      110, 45, 111, -1,
      111, 45, 52, -1,
      111, 52, 112, -1,
      112, 52, 51, -1,
      112, 51, 113, -1,
      113, 51, 44, -1,
      113, 44, 114, -1,
      114, 44, 43, -1,
      114, 43, 115, -1,
      115, 43, 42, -1,
      115, 42, 116, -1,
      116, 42, 41, -1,
      116, 41, 117, -1,
      117, 41, 40, -1,
      117, 40, 118, -1,
      118, 40, 39, -1,
      118, 39, 119, -1,
      119, 39, 38, -1,
      119, 38, 120, -1,
      120, 38, 37, -1,
      120, 37, 121, -1,
      121, 37, 36, -1,
      121, 36, 122, -1,
      122, 36, 50, -1,
      122, 50, 123, -1,
      123, 50, 49, -1,
      123, 49, 124, -1,
      35, 125, 126, -1,
      124, 49, 48, -1,
      124, 48, 127, -1,
      127, 48, 31, -1,
      127, 31, 126, -1,
      126, 31, 34, -1,
      126, 34, 35, -1,
      128, 125, 56, -1,
      56, 125, 35, -1,
      57, 129, 130, -1,
      128, 56, 55, -1,
      128, 55, 131, -1,
      55, 54, 131, -1,
      131, 54, 53, -1,
      131, 53, 130, -1,
      130, 53, 58, -1,
      130, 58, 57, -1,
      129, 57, 6, -1,
      129, 6, 132, -1,
      6, 5, 132, -1,
      132, 5, 59, -1,
      132, 59, 133, -1,
      133, 59, 62, -1,
      133, 62, 134, -1,
      134, 62, 61, -1,
      134, 61, 135, -1,
      135, 61, 60, -1,
      66, 136, 60, -1,
      60, 136, 137, -1,
      60, 137, 135, -1,
      66, 65, 136, -1,
      136, 65, 69, -1,
      136, 69, 138, -1,
      138, 69, 68, -1,
      138, 68, 139, -1,
      139, 68, 67, -1,
      64, 140, 67, -1,
      67, 140, 141, -1,
      67, 141, 139, -1,
      64, 63, 140, -1,
      140, 63, 73, -1,
      140, 73, 142, -1,
      142, 73, 72, -1,
      142, 72, 143, -1,
      143, 72, 71, -1,
      143, 71, 144, -1,
      144, 71, 70, -1,
      144, 70, 145, -1,
      145, 70, 76, -1,
      145, 76, 146, -1,
      146, 76, 75, -1,
      146, 75, 103, -1,
      126, 125, 128, -1,
      121, 122, 132, -1,
      117, 118, 137, -1,
      132, 122, 129, -1,
      137, 118, 135, -1,
      126, 128, 127, -1,
      132, 133, 121, -1,
      121, 133, 134, -1,
      121, 134, 120, -1,
      120, 134, 135, -1,
      120, 135, 119, -1,
      119, 135, 118, -1,
      122, 123, 129, -1,
      129, 123, 124, -1,
      129, 124, 130, -1,
      130, 124, 127, -1,
      130, 127, 131, -1,
      131, 127, 128, -1,
      139, 116, 138, -1,
      138, 116, 117, -1,
      138, 117, 136, -1,
      136, 117, 137, -1,
      101, 105, 102, -1,
      102, 105, 106, -1,
      102, 106, 104, -1,
      104, 106, 107, -1,
      104, 107, 103, -1,
      103, 107, 108, -1,
      103, 108, 146, -1,
      146, 108, 109, -1,
      146, 109, 145, -1,
      145, 109, 110, -1,
      145, 110, 144, -1,
      144, 110, 111, -1,
      144, 111, 143, -1,
      143, 111, 112, -1,
      143, 112, 142, -1,
      142, 112, 113, -1,
      142, 113, 140, -1,
      140, 113, 141, -1,
      141, 113, 114, -1,
      141, 114, 139, -1,
      139, 114, 115, -1,
      139, 115, 116, -1,
      147, 148, 11, -1,
      11, 148, 22, -1,
      15, 149, 12, -1,
      12, 149, 147, -1,
      12, 147, 11, -1,
      150, 149, 14, -1,
      14, 149, 15, -1,
      150, 14, 151, -1,
      151, 14, 13, -1,
      151, 13, 10, -1,
      152, 151, 9, -1,
      9, 151, 10, -1,
      19, 153, 17, -1,
      17, 153, 152, -1,
      17, 152, 9, -1,
      154, 153, 18, -1,
      18, 153, 19, -1,
      154, 18, 155, -1,
      155, 18, 16, -1,
      155, 16, 8, -1,
      156, 155, 7, -1,
      7, 155, 8, -1,
      23, 157, 24, -1,
      24, 157, 156, -1,
      24, 156, 7, -1,
      158, 157, 20, -1,
      20, 157, 23, -1,
      158, 20, 148, -1,
      148, 20, 21, -1,
      148, 21, 22, -1,
      158, 148, 147, -1,
      147, 149, 158, -1,
      158, 149, 150, -1,
      158, 150, 157, -1,
      155, 156, 154, -1,
      154, 156, 157, -1,
      154, 157, 153, -1,
      153, 157, 150, -1,
      153, 150, 152, -1,
      152, 150, 151, -1,
      159, 160, 161, -1,
      161, 160, 162, -1,
      161, 162, 163, -1,
      163, 162, 164, -1,
      163, 164, 165, -1,
      165, 164, 166, -1,
      165, 166, 167, -1,
      167, 166, 168, -1,
      167, 168, 169, -1,
      169, 168, 170, -1,
      169, 170, 171, -1,
      171, 170, 172, -1,
      171, 172, 173, -1,
      173, 172, 174, -1,
      173, 174, 175, -1,
      175, 174, 176, -1,
      175, 176, 177, -1,
      177, 176, 178, -1,
      177, 178, 179, -1,
      179, 178, 180, -1,
      179, 180, 181, -1,
      181, 180, 182, -1,
      181, 182, 183, -1,
      183, 182, 184, -1,
      183, 184, 185, -1,
      185, 184, 186, -1,
      185, 186, 187, -1,
      187, 186, 188, -1,
      187, 188, 189, -1,
      189, 188, 190, -1,
      189, 190, 191, -1,
      191, 190, 192, -1,
      191, 192, 193, -1,
      193, 192, 159, -1,
      193, 159, 161, -1,
      167, 169, 85, -1,
      85, 169, 77, -1,
      167, 85, 84, -1,
      167, 84, 165, -1,
      165, 84, 83, -1,
      165, 83, 163, -1,
      163, 83, 82, -1,
      163, 82, 161, -1,
      161, 82, 81, -1,
      161, 81, 193, -1,
      193, 81, 80, -1,
      193, 80, 191, -1,
      191, 80, 79, -1,
      191, 79, 189, -1,
      189, 79, 4, -1,
      189, 4, 187, -1,
      187, 4, 3, -1,
      187, 3, 185, -1,
      185, 3, 78, -1,
      185, 78, 183, -1,
      183, 78, 91, -1,
      183, 91, 181, -1,
      181, 91, 90, -1,
      181, 90, 179, -1,
      179, 90, 89, -1,
      179, 89, 177, -1,
      177, 89, 88, -1,
      177, 88, 175, -1,
      175, 88, 87, -1,
      175, 87, 173, -1,
      171, 173, 86, -1,
      86, 173, 87, -1,
      169, 171, 77, -1,
      77, 171, 86, -1,
      174, 172, 194, -1,
      194, 172, 195, -1,
      172, 170, 195, -1,
      195, 170, 196, -1,
      170, 168, 196, -1,
      196, 168, 197, -1,
      160, 198, 199, -1,
      160, 199, 162, -1,
      162, 199, 200, -1,
      162, 200, 164, -1,
      164, 200, 201, -1,
      164, 201, 166, -1,
      166, 201, 197, -1,
      166, 197, 168, -1,
      188, 202, 203, -1,
      188, 203, 190, -1,
      190, 203, 204, -1,
      190, 204, 192, -1,
      192, 204, 205, -1,
      192, 205, 159, -1,
      159, 205, 198, -1,
      159, 198, 160, -1,
      180, 206, 207, -1,
      180, 207, 182, -1,
      182, 207, 208, -1,
      182, 208, 184, -1,
      184, 208, 209, -1,
      184, 209, 186, -1,
      186, 209, 202, -1,
      186, 202, 188, -1,
      174, 194, 210, -1,
      174, 210, 176, -1,
      176, 210, 211, -1,
      176, 211, 178, -1,
      178, 211, 206, -1,
      178, 206, 180, -1,
    ]
  }
}

Shape {
  appearance Appearance {
    material Material {
      diffuseColor 1.0000 0.9608 0.9059
      specularColor 0.8784 0.8471 0.7961
      ambientIntensity 0.2
      transparency 0.0000
      shininess 0.5
    }
  }
  geometry IndexedFaceSet {
    ccw TRUE
    solid FALSE
    coord DEF co Coordinate {
      point [
        1.964567 -0.171078 0.662404,
        1.964567 -0.180602 0.662404,
        1.964567 -0.180602 0.613797,
        1.964567 -0.171448 0.613797,
        1.964567 -0.152705 0.620373,
        1.964567 -0.153501 0.619633,
        1.964567 -0.157583 0.616820,
        1.964567 -0.162815 0.614814,
        1.964567 -0.145969 0.638713,
        1.964567 -0.146146 0.635018,
        1.964567 -0.147325 0.629174,
        1.964567 -0.149454 0.624451,
        1.964567 -0.152882 0.656473,
        1.964567 -0.150640 0.654170,
        1.964567 -0.148316 0.650485,
        1.964567 -0.146664 0.645611,
        1.964567 -0.162915 0.661497,
        1.964567 -0.157454 0.659517,
      ]
    }
    coordIndex [
      1, 2, 0, -1,
      0, 2, 3, -1,
      0, 3, 7, -1,
      7, 6, 0, -1,
      0, 6, 5, -1,
      0, 5, 4, -1,
      9, 8, 0, -1,
      0, 8, 15, -1,
      0, 15, 14, -1,
      14, 13, 0, -1,
      0, 13, 12, -1,
      0, 12, 16, -1,
      16, 12, 17, -1,
      4, 11, 0, -1,
      0, 11, 10, -1,
      0, 10, 9, -1,
    ]
  }
}

Shape {
  appearance Appearance {
    material Material {
      diffuseColor 0.0000 0.0000 0.0000
      specularColor 0.0000 0.0000 0.0000
      ambientIntensity 0.2
      transparency 0.0000
      shininess 0.5
    }
  }
  geometry IndexedFaceSet {
    ccw TRUE
    solid FALSE
    coord DEF co Coordinate {
      point [
        1.964567 -0.092607 0.623854,
        1.964567 -0.115742 0.623854,
        1.964567 -0.086177 0.606609,
        1.964567 -0.077184 0.606609,
        1.964567 -0.101197 0.669656,
        1.964567 -0.133913 0.606609,
        1.964567 -0.124920 0.606609,
        1.964567 -0.118861 0.623854,
        1.964567 -0.109900 0.669656,
        1.964567 -0.115742 0.654318,
        1.968504 -0.116282 0.630977,
        1.968504 -0.118861 0.623854,
        1.968504 -0.095122 0.630977,
        1.968504 -0.092607 0.623854,
        1.968504 -0.106854 0.657182,
        1.968504 -0.109900 0.669656,
        1.968504 -0.133913 0.606609,
        1.968504 -0.124920 0.606609,
        1.968504 -0.106308 0.659064,
        1.968504 -0.105823 0.661598,
        1.968504 -0.101197 0.669656,
        1.968504 -0.105629 0.661598,
        1.968504 -0.105120 0.658931,
        1.968504 -0.104646 0.657182,
        1.968504 -0.077184 0.606609,
        1.968504 -0.086177 0.606609,
        1.964567 -0.116282 0.630977,
        1.964567 -0.095122 0.630977,
        1.964567 -0.104646 0.657182,
        1.964567 -0.105629 0.661598,
        1.964567 -0.105120 0.658931,
        1.964567 -0.105823 0.661598,
        1.964567 -0.106854 0.657182,
        1.964567 -0.106308 0.659064,
      ]
    }
    coordIndex [
      10, 11, 12, -1,
      12, 11, 13, -1,
      14, 15, 10, -1,
      10, 15, 16, -1,
      10, 16, 11, -1,
      11, 16, 17, -1,
      14, 18, 15, -1,
      15, 18, 19, -1,
      15, 19, 20, -1,
      20, 19, 21, -1,
      20, 21, 22, -1,
      22, 23, 20, -1,
      20, 23, 12, -1,
      20, 12, 24, -1,
      24, 12, 13, -1,
      24, 13, 25, -1,
      20, 24, 4, -1,
      4, 24, 3, -1,
      15, 20, 8, -1,
      8, 20, 4, -1,
      5, 16, 9, -1,
      9, 16, 15, -1,
      9, 15, 8, -1,
      17, 16, 6, -1,
      6, 16, 5, -1,
      11, 17, 7, -1,
      7, 17, 6, -1,
      0, 13, 1, -1,
      1, 13, 11, -1,
      1, 11, 7, -1,
      25, 13, 2, -1,
      2, 13, 0, -1,
      24, 25, 3, -1,
      3, 25, 2, -1,
      10, 12, 26, -1,
      26, 12, 27, -1,
      12, 23, 27, -1,
      27, 23, 28, -1,
      21, 29, 30, -1,
      21, 30, 22, -1,
      22, 30, 28, -1,
      22, 28, 23, -1,
      21, 19, 29, -1,
      29, 19, 31, -1,
      14, 32, 33, -1,
      14, 33, 18, -1,
      18, 33, 31, -1,
      18, 31, 19, -1,
      14, 10, 32, -1,
      32, 10, 26, -1,
    ]
  }
}

Shape {
  appearance Appearance {
    material Material {
      diffuseColor 1.0000 0.9608 0.9059
      specularColor 0.8784 0.8471 0.7961
      ambientIntensity 0.2
      transparency 0.0000
      shininess 0.5
    }
  }
  geometry IndexedFaceSet {
    ccw TRUE
    solid FALSE
    coord DEF co Coordinate {
      point [
        1.964567 -0.116282 0.630977,
        1.964567 -0.095122 0.630977,
        1.964567 -0.104646 0.657182,
        1.964567 -0.105629 0.661598,
        1.964567 -0.105120 0.658931,
        1.964567 -0.105823 0.661598,
        1.964567 -0.106854 0.657182,
        1.964567 -0.106308 0.659064,
      ]
    }
    coordIndex [
      3, 5, 4, -1,
      4, 5, 7, -1,
      4, 7, 2, -1,
      2, 7, 6, -1,
      2, 6, 1, -1,
      1, 6, 0, -1,
    ]
  }
}

Shape {
  appearance Appearance {
    material Material {
      diffuseColor 0.0000 0.0000 0.0000
      specularColor 0.0000 0.0000 0.0000
      ambientIntensity 0.2
      transparency 0.0000
      shininess 0.5
    }
  }
  geometry IndexedFaceSet {
    ccw TRUE
    solid FALSE
    coord DEF co Coordinate {
      point [
        1.964567 -0.285662 0.527933,
        1.964567 -0.284343 0.540791,
        1.964567 -0.287346 0.525377,
        1.964567 -0.288338 0.522513,
        1.964567 -0.264402 0.508988,
        1.964567 -0.267186 0.507137,
        1.964567 -0.260458 0.506592,
        1.964567 -0.270166 0.506060,
        1.964567 -0.282215 0.507218,
        1.964567 -0.279187 0.506077,
        1.964567 -0.279043 0.506060,
        1.964567 -0.256166 0.547870,
        1.964567 -0.254523 0.545378,
        1.964567 -0.253254 0.541894,
        1.964567 -0.252561 0.535569,
        1.964567 -0.252561 0.506592,
        1.964567 -0.283290 0.530046,
        1.964567 -0.280009 0.531782,
        1.964567 -0.279214 0.544065,
        1.964567 -0.273803 0.533345,
        1.964567 -0.266905 0.545957,
        1.964567 -0.269580 0.546238,
        1.964567 -0.274278 0.545750,
        1.964567 -0.284874 0.509074,
        1.964567 -0.285757 0.509969,
        1.964567 -0.287398 0.512396,
        1.964567 -0.260458 0.513554,
        1.964567 -0.260668 0.513554,
        1.964567 -0.261907 0.511670,
        1.964567 -0.288354 0.515067,
        1.964567 -0.288743 0.518647,
        1.964567 -0.284343 0.548462,
        1.964567 -0.264199 0.552245,
        1.964567 -0.260841 0.551250,
        1.964567 -0.258205 0.549768,
        1.964567 -0.260458 0.535214,
        1.964567 -0.260733 0.538706,
        1.964567 -0.261550 0.541518,
        1.964567 -0.262478 0.543144,
        1.964567 -0.281734 0.549901,
        1.964567 -0.275677 0.551957,
        1.964567 -0.268839 0.552652,
        1.964567 -0.263671 0.544414,
        1.964567 -0.265073 0.545318,
        1.964567 -0.274463 0.505528,
        1.964567 -0.270387 0.505980,
        1.964567 -0.296301 0.513780,
        1.964567 -0.296301 0.506592,
        1.964567 -0.330209 0.506592,
        1.964567 -0.297735 0.562386,
        1.964567 -0.330209 0.569639,
        1.964567 -0.297735 0.569639,
        1.964567 -0.322071 0.534989,
        1.964567 -0.322071 0.513780,
        1.964567 -0.299524 0.534989,
        1.964567 -0.299524 0.542209,
        1.964567 -0.322071 0.542209,
        1.964567 -0.322071 0.562386,
        1.968504 -0.296301 0.513780,
        1.968504 -0.296301 0.506592,
        1.968504 -0.322071 0.513780,
        1.968504 -0.322071 0.534989,
        1.968504 -0.299524 0.534989,
        1.968504 -0.299524 0.542209,
        1.968504 -0.322071 0.542209,
        1.968504 -0.322071 0.562386,
        1.968504 -0.297735 0.562386,
        1.968504 -0.297735 0.569639,
        1.968504 -0.330209 0.569639,
        1.968504 -0.330209 0.506592,
        1.968504 -0.260458 0.506592,
        1.968504 -0.252561 0.506592,
        1.968504 -0.260458 0.513554,
        1.968504 -0.252561 0.535569,
        1.968504 -0.260458 0.535214,
        1.968504 -0.277589 0.525798,
        1.968504 -0.275705 0.526686,
        1.968504 -0.260668 0.513554,
        1.968504 -0.264833 0.514713,
        1.968504 -0.261907 0.511670,
        1.968504 -0.267065 0.513208,
        1.968504 -0.270998 0.527769,
        1.968504 -0.260458 0.529187,
        1.968504 -0.260458 0.524868,
        1.968504 -0.260466 0.524344,
        1.968504 -0.260974 0.520820,
        1.968504 -0.262133 0.518003,
        1.968504 -0.263843 0.515681,
        1.968504 -0.260733 0.538706,
        1.968504 -0.253254 0.541894,
        1.968504 -0.261550 0.541518,
        1.968504 -0.254523 0.545378,
        1.968504 -0.262478 0.543144,
        1.968504 -0.256166 0.547870,
        1.968504 -0.263671 0.544414,
        1.968504 -0.258205 0.549768,
        1.968504 -0.265073 0.545318,
        1.968504 -0.260841 0.551250,
        1.968504 -0.266905 0.545957,
        1.968504 -0.264199 0.552245,
        1.968504 -0.269580 0.546238,
        1.968504 -0.268839 0.552652,
        1.968504 -0.274278 0.545750,
        1.968504 -0.275677 0.551957,
        1.968504 -0.279214 0.544065,
        1.968504 -0.281734 0.549901,
        1.968504 -0.284343 0.540791,
        1.968504 -0.284343 0.548462,
        1.968504 -0.279116 0.514713,
        1.968504 -0.284874 0.509074,
        1.968504 -0.278444 0.514037,
        1.968504 -0.282215 0.507218,
        1.968504 -0.276870 0.512963,
        1.968504 -0.279187 0.506077,
        1.968504 -0.275084 0.512307,
        1.968504 -0.274463 0.505528,
        1.968504 -0.272417 0.512007,
        1.968504 -0.270387 0.505980,
        1.968504 -0.269461 0.512337,
        1.968504 -0.267186 0.507137,
        1.968504 -0.264402 0.508988,
        1.968504 -0.273803 0.533345,
        1.968504 -0.280009 0.531782,
        1.968504 -0.278637 0.524996,
        1.968504 -0.283290 0.530046,
        1.968504 -0.279583 0.523826,
        1.968504 -0.285662 0.527933,
        1.968504 -0.280276 0.522353,
        1.968504 -0.287346 0.525377,
        1.968504 -0.280666 0.520545,
        1.968504 -0.288338 0.522513,
        1.968504 -0.280733 0.519291,
        1.968504 -0.288743 0.518647,
        1.968504 -0.280532 0.517478,
        1.968504 -0.288354 0.515067,
        1.968504 -0.280013 0.516044,
        1.968504 -0.287398 0.512396,
        1.968504 -0.285757 0.509969,
        1.964567 -0.278637 0.524996,
        1.964567 -0.277589 0.525798,
        1.964567 -0.275705 0.526686,
        1.964567 -0.270998 0.527769,
        1.964567 -0.280733 0.519291,
        1.964567 -0.280666 0.520545,
        1.964567 -0.280276 0.522353,
        1.964567 -0.279583 0.523826,
        1.964567 -0.278444 0.514037,
        1.964567 -0.279116 0.514713,
        1.964567 -0.280013 0.516044,
        1.964567 -0.280532 0.517478,
        1.964567 -0.272417 0.512007,
        1.964567 -0.275084 0.512307,
        1.964567 -0.276870 0.512963,
        1.964567 -0.263843 0.515681,
        1.964567 -0.264833 0.514713,
        1.964567 -0.267065 0.513208,
        1.964567 -0.269461 0.512337,
        1.964567 -0.260458 0.524868,
        1.964567 -0.260466 0.524344,
        1.964567 -0.260974 0.520820,
        1.964567 -0.262133 0.518003,
        1.964567 -0.260458 0.529187,
      ]
    }
    coordIndex [
      58, 59, 46, -1,
      46, 59, 47, -1,
      60, 58, 53, -1,
      53, 58, 46, -1,
      61, 60, 52, -1,
      52, 60, 53, -1,
      62, 61, 54, -1,
      54, 61, 52, -1,
      63, 62, 55, -1,
      55, 62, 54, -1,
      64, 63, 56, -1,
      56, 63, 55, -1,
      65, 64, 57, -1,
      57, 64, 56, -1,
      66, 65, 49, -1,
      49, 65, 57, -1,
      67, 66, 51, -1,
      51, 66, 49, -1,
      68, 67, 50, -1,
      50, 67, 51, -1,
      69, 68, 48, -1,
      48, 68, 50, -1,
      59, 69, 47, -1,
      47, 69, 48, -1,
      62, 63, 61, -1,
      61, 63, 64, -1,
      59, 58, 69, -1,
      69, 58, 60, -1,
      66, 67, 65, -1,
      65, 67, 68, -1,
      65, 68, 64, -1,
      64, 68, 69, -1,
      64, 69, 61, -1,
      61, 69, 60, -1,
      70, 71, 72, -1,
      72, 71, 73, -1,
      74, 75, 76, -1,
      77, 78, 79, -1,
      79, 78, 80, -1,
      81, 82, 73, -1,
      73, 82, 83, -1,
      83, 84, 73, -1,
      73, 84, 85, -1,
      73, 85, 72, -1,
      72, 85, 86, -1,
      72, 86, 77, -1,
      77, 86, 87, -1,
      77, 87, 78, -1,
      76, 81, 74, -1,
      74, 81, 73, -1,
      74, 73, 88, -1,
      88, 73, 89, -1,
      88, 89, 90, -1,
      90, 89, 91, -1,
      90, 91, 92, -1,
      92, 91, 93, -1,
      92, 93, 94, -1,
      94, 93, 95, -1,
      94, 95, 96, -1,
      96, 95, 97, -1,
      96, 97, 98, -1,
      98, 97, 99, -1,
      98, 99, 100, -1,
      100, 99, 101, -1,
      100, 101, 102, -1,
      102, 101, 103, -1,
      102, 103, 104, -1,
      104, 103, 105, -1,
      104, 105, 106, -1,
      106, 105, 107, -1,
      108, 109, 110, -1,
      110, 109, 111, -1,
      110, 111, 112, -1,
      112, 111, 113, -1,
      112, 113, 114, -1,
      114, 113, 115, -1,
      114, 115, 116, -1,
      116, 115, 117, -1,
      116, 117, 118, -1,
      118, 117, 119, -1,
      118, 119, 80, -1,
      80, 119, 120, -1,
      80, 120, 79, -1,
      74, 121, 75, -1,
      75, 121, 122, -1,
      75, 122, 123, -1,
      123, 122, 124, -1,
      123, 124, 125, -1,
      125, 124, 126, -1,
      125, 126, 127, -1,
      127, 126, 128, -1,
      127, 128, 129, -1,
      129, 128, 130, -1,
      129, 130, 131, -1,
      131, 130, 132, -1,
      131, 132, 133, -1,
      133, 132, 134, -1,
      133, 134, 135, -1,
      135, 134, 136, -1,
      135, 136, 108, -1,
      108, 136, 137, -1,
      108, 137, 109, -1,
      101, 41, 40, -1,
      101, 40, 103, -1,
      103, 40, 39, -1,
      103, 39, 105, -1,
      105, 39, 31, -1,
      105, 31, 107, -1,
      106, 107, 1, -1,
      1, 107, 31, -1,
      106, 1, 18, -1,
      106, 18, 104, -1,
      104, 18, 22, -1,
      104, 22, 102, -1,
      102, 22, 21, -1,
      102, 21, 100, -1,
      100, 21, 20, -1,
      100, 20, 98, -1,
      98, 20, 43, -1,
      98, 43, 96, -1,
      96, 43, 42, -1,
      96, 42, 94, -1,
      94, 42, 38, -1,
      94, 38, 92, -1,
      92, 38, 37, -1,
      92, 37, 90, -1,
      90, 37, 36, -1,
      90, 36, 88, -1,
      88, 36, 35, -1,
      88, 35, 74, -1,
      121, 74, 19, -1,
      19, 74, 35, -1,
      121, 19, 17, -1,
      121, 17, 122, -1,
      122, 17, 16, -1,
      122, 16, 124, -1,
      124, 16, 0, -1,
      124, 0, 126, -1,
      126, 0, 2, -1,
      126, 2, 128, -1,
      128, 2, 3, -1,
      128, 3, 130, -1,
      130, 3, 30, -1,
      130, 30, 132, -1,
      132, 30, 29, -1,
      132, 29, 134, -1,
      134, 29, 25, -1,
      134, 25, 136, -1,
      136, 25, 24, -1,
      136, 24, 137, -1,
      137, 24, 23, -1,
      137, 23, 109, -1,
      44, 115, 10, -1,
      10, 115, 113, -1,
      10, 113, 9, -1,
      9, 113, 111, -1,
      9, 111, 8, -1,
      8, 111, 109, -1,
      8, 109, 23, -1,
      115, 44, 45, -1,
      115, 45, 117, -1,
      117, 45, 7, -1,
      117, 7, 119, -1,
      7, 5, 119, -1,
      119, 5, 4, -1,
      119, 4, 120, -1,
      120, 4, 28, -1,
      120, 28, 79, -1,
      79, 28, 27, -1,
      79, 27, 77, -1,
      72, 77, 26, -1,
      26, 77, 27, -1,
      70, 72, 6, -1,
      6, 72, 26, -1,
      71, 70, 15, -1,
      15, 70, 6, -1,
      73, 71, 14, -1,
      14, 71, 15, -1,
      73, 14, 13, -1,
      73, 13, 89, -1,
      89, 13, 12, -1,
      89, 12, 91, -1,
      91, 12, 11, -1,
      91, 11, 93, -1,
      93, 11, 34, -1,
      93, 34, 95, -1,
      95, 34, 33, -1,
      95, 33, 97, -1,
      97, 33, 32, -1,
      97, 32, 99, -1,
      99, 32, 41, -1,
      99, 41, 101, -1,
      123, 138, 139, -1,
      123, 139, 75, -1,
      75, 139, 140, -1,
      75, 140, 76, -1,
      76, 140, 141, -1,
      76, 141, 81, -1,
      131, 142, 143, -1,
      131, 143, 129, -1,
      129, 143, 144, -1,
      129, 144, 127, -1,
      127, 144, 145, -1,
      127, 145, 125, -1,
      125, 145, 138, -1,
      125, 138, 123, -1,
      110, 146, 147, -1,
      110, 147, 108, -1,
      108, 147, 148, -1,
      108, 148, 135, -1,
      135, 148, 149, -1,
      135, 149, 133, -1,
      133, 149, 142, -1,
      133, 142, 131, -1,
      116, 150, 151, -1,
      116, 151, 114, -1,
      114, 151, 152, -1,
      114, 152, 112, -1,
      112, 152, 146, -1,
      112, 146, 110, -1,
      87, 153, 154, -1,
      87, 154, 78, -1,
      78, 154, 155, -1,
      78, 155, 80, -1,
      80, 155, 156, -1,
      80, 156, 118, -1,
      118, 156, 150, -1,
      118, 150, 116, -1,
      83, 157, 158, -1,
      83, 158, 84, -1,
      84, 158, 159, -1,
      84, 159, 85, -1,
      85, 159, 160, -1,
      85, 160, 86, -1,
      86, 160, 153, -1,
      86, 153, 87, -1,
      83, 82, 157, -1,
      157, 82, 161, -1,
      82, 81, 161, -1,
      161, 81, 141, -1,
    ]
  }
}

Shape {
  appearance Appearance {
    material Material {
      diffuseColor 1.0000 0.9608 0.9059
      specularColor 0.8784 0.8471 0.7961
      ambientIntensity 0.2
      transparency 0.0000
      shininess 0.5
    }
  }
  geometry IndexedFaceSet {
    ccw TRUE
    solid FALSE
    coord DEF co Coordinate {
      point [
        1.964567 -0.278637 0.524996,
        1.964567 -0.277589 0.525798,
        1.964567 -0.275705 0.526686,
        1.964567 -0.270998 0.527769,
        1.964567 -0.280733 0.519291,
        1.964567 -0.280666 0.520545,
        1.964567 -0.280276 0.522353,
        1.964567 -0.279583 0.523826,
        1.964567 -0.278444 0.514037,
        1.964567 -0.279116 0.514713,
        1.964567 -0.280013 0.516044,
        1.964567 -0.280532 0.517478,
        1.964567 -0.272417 0.512007,
        1.964567 -0.275084 0.512307,
        1.964567 -0.276870 0.512963,
        1.964567 -0.263843 0.515681,
        1.964567 -0.264833 0.514713,
        1.964567 -0.267065 0.513208,
        1.964567 -0.269461 0.512337,
        1.964567 -0.260458 0.524868,
        1.964567 -0.260466 0.524344,
        1.964567 -0.260974 0.520820,
        1.964567 -0.262133 0.518003,
        1.964567 -0.260458 0.529187,
      ]
    }
    coordIndex [
      20, 19, 0, -1,
      19, 23, 3, -1,
      3, 2, 19, -1,
      19, 2, 1, -1,
      19, 1, 0, -1,
      20, 0, 21, -1,
      21, 0, 7, -1,
      21, 7, 22, -1,
      9, 8, 16, -1,
      9, 16, 10, -1,
      17, 16, 18, -1,
      18, 16, 12, -1,
      7, 6, 22, -1,
      22, 6, 5, -1,
      22, 5, 15, -1,
      15, 5, 4, -1,
      15, 4, 16, -1,
      16, 4, 11, -1,
      16, 11, 10, -1,
      8, 14, 16, -1,
      16, 14, 13, -1,
      16, 13, 12, -1,
    ]
  }
}

Shape {
  appearance Appearance {
    material Material {
      diffuseColor 0.0000 0.0000 0.0000
      specularColor 0.0000 0.0000 0.0000
      ambientIntensity 0.2
      transparency 0.0000
      shininess 0.5
    }
  }
  geometry IndexedFaceSet {
    ccw TRUE
    solid FALSE
    coord DEF co Coordinate {
      point [
        1.964567 -0.223135 0.506220,
        1.964567 -0.224644 0.506060,
        1.964567 -0.236537 0.506273,
        1.964567 -0.238210 0.506869,
        1.964567 -0.121697 0.513780,
        1.964567 -0.121697 0.506592,
        1.964567 -0.123131 0.562386,
        1.964567 -0.135662 0.513780,
        1.964567 -0.124920 0.534989,
        1.964567 -0.124920 0.542209,
        1.964567 -0.135662 0.542209,
        1.964567 -0.135662 0.534989,
        1.964567 -0.147467 0.534989,
        1.964567 -0.147467 0.513780,
        1.964567 -0.135662 0.562386,
        1.964567 -0.147467 0.562386,
        1.964567 -0.147467 0.542209,
        1.964567 -0.135662 0.506592,
        1.964567 -0.155606 0.506592,
        1.964567 -0.182079 0.506060,
        1.964567 -0.164115 0.551620,
        1.964567 -0.186743 0.517776,
        1.964567 -0.185776 0.514070,
        1.964567 -0.185566 0.514070,
        1.964567 -0.155606 0.569639,
        1.964567 -0.135662 0.569639,
        1.964567 -0.123131 0.569639,
        1.964567 -0.185204 0.515613,
        1.964567 -0.184599 0.517712,
        1.964567 -0.194696 0.540656,
        1.964567 -0.172302 0.551620,
        1.964567 -0.241860 0.516326,
        1.964567 -0.241860 0.508171,
        1.964567 -0.239139 0.514611,
        1.964567 -0.238210 0.514242,
        1.964567 -0.238210 0.530948,
        1.964567 -0.239572 0.532346,
        1.964567 -0.240602 0.533991,
        1.964567 -0.241472 0.536403,
        1.964567 -0.241812 0.539469,
        1.964567 -0.241500 0.542293,
        1.964567 -0.238280 0.530994,
        1.964567 -0.229644 0.505528,
        1.964567 -0.234567 0.506060,
        1.964567 -0.213608 0.550654,
        1.964567 -0.213608 0.542982,
        1.964567 -0.236751 0.549074,
        1.964567 -0.234599 0.550377,
        1.964567 -0.211824 0.515667,
        1.964567 -0.212794 0.513165,
        1.964567 -0.214266 0.511082,
        1.964567 -0.240560 0.544835,
        1.964567 -0.239093 0.546970,
        1.964567 -0.238210 0.547763,
        1.964567 -0.230315 0.551965,
        1.964567 -0.224277 0.552652,
        1.964567 -0.219254 0.552252,
        1.964567 -0.214092 0.526286,
        1.964567 -0.212618 0.524111,
        1.964567 -0.211775 0.521782,
        1.964567 -0.211449 0.518840,
        1.964567 -0.216526 0.509106,
        1.964567 -0.218830 0.507737,
        1.964567 -0.225051 0.546238,
        1.964567 -0.227389 0.546063,
        1.964567 -0.233673 0.540178,
        1.964567 -0.229501 0.545503,
        1.964567 -0.231272 0.544562,
        1.964567 -0.233601 0.539128,
        1.964567 -0.233288 0.537901,
        1.964567 -0.232719 0.536835,
        1.964567 -0.231949 0.535988,
        1.964567 -0.229165 0.534247,
        1.964567 -0.219513 0.545561,
        1.964567 -0.224277 0.532120,
        1.964567 -0.215047 0.543826,
        1.964567 -0.221220 0.530883,
        1.964567 -0.215975 0.527966,
        1.964567 -0.232463 0.543509,
        1.964567 -0.233140 0.542504,
        1.964567 -0.233530 0.541437,
        1.964567 -0.234205 0.512649,
        1.964567 -0.229854 0.526383,
        1.964567 -0.234561 0.528540,
        1.964567 -0.228870 0.511974,
        1.964567 -0.228522 0.511977,
        1.964567 -0.224668 0.524211,
        1.964567 -0.224474 0.512430,
        1.964567 -0.219555 0.518067,
        1.964567 -0.219633 0.519049,
        1.964567 -0.222436 0.513176,
        1.964567 -0.221716 0.513613,
        1.964567 -0.220809 0.514417,
        1.964567 -0.220120 0.515437,
        1.964567 -0.219719 0.516560,
        1.964567 -0.219991 0.520282,
        1.964567 -0.220602 0.521329,
        1.964567 -0.221586 0.522354,
        1.964567 -0.194696 0.519459,
        1.964567 -0.207339 0.551620,
        1.964567 -0.198507 0.551620,
        1.964567 -0.189942 0.506060,
        1.964567 -0.189676 0.506689,
        1.964567 -0.194696 0.495655,
        1.964567 -0.194685 0.495667,
        1.964567 -0.193141 0.498502,
        1.964567 -0.205711 0.493054,
        1.964567 -0.205711 0.486027,
        1.964567 -0.204096 0.492525,
        1.964567 -0.201231 0.492152,
        1.964567 -0.199335 0.492364,
        1.964567 -0.194696 0.486791,
        1.964567 -0.197428 0.485750,
        1.964567 -0.200619 0.485383,
        1.964567 -0.202362 0.485445,
        1.964567 -0.197606 0.493013,
        1.964567 -0.196156 0.494019,
        1.964567 -0.184551 0.499791,
        1.964567 -0.188126 0.492828,
        1.964567 -0.191015 0.489358,
        1.964567 -0.191554 0.488865,
        1.964567 -0.194312 0.486937,
        1.964567 -0.061809 0.553561,
        1.964567 -0.059489 0.547536,
        1.964567 -0.058457 0.538921,
        1.964567 -0.058754 0.533928,
        1.964567 -0.060461 0.526698,
        1.964567 -0.063757 0.520283,
        1.964567 -0.067965 0.515423,
        1.964567 -0.074624 0.510663,
        1.964567 -0.081829 0.507872,
        1.964567 -0.092446 0.506592,
        1.964567 -0.109787 0.506592,
        1.964567 -0.109787 0.569639,
        1.964567 -0.091802 0.569639,
        1.964567 -0.082175 0.568576,
        1.964567 -0.074566 0.565796,
        1.964567 -0.067965 0.561291,
        1.964567 -0.065701 0.559071,
        1.968504 -0.241860 0.516326,
        1.968504 -0.239139 0.514611,
        1.968504 -0.228870 0.511974,
        1.968504 -0.234205 0.512649,
        1.968504 -0.241860 0.508171,
        1.968504 -0.236537 0.506273,
        1.968504 -0.229644 0.505528,
        1.968504 -0.223135 0.506220,
        1.968504 -0.218830 0.507737,
        1.968504 -0.216526 0.509106,
        1.968504 -0.214266 0.511082,
        1.968504 -0.212794 0.513165,
        1.968504 -0.211824 0.515667,
        1.968504 -0.211449 0.518840,
        1.968504 -0.211775 0.521782,
        1.968504 -0.212618 0.524111,
        1.968504 -0.214092 0.526286,
        1.968504 -0.215975 0.527966,
        1.968504 -0.221220 0.530883,
        1.968504 -0.224277 0.532120,
        1.968504 -0.229165 0.534247,
        1.968504 -0.231949 0.535988,
        1.968504 -0.232719 0.536835,
        1.968504 -0.233288 0.537901,
        1.968504 -0.233601 0.539128,
        1.968504 -0.233673 0.540178,
        1.968504 -0.233530 0.541437,
        1.968504 -0.233140 0.542504,
        1.968504 -0.232463 0.543509,
        1.968504 -0.231272 0.544562,
        1.968504 -0.229501 0.545503,
        1.968504 -0.227389 0.546063,
        1.968504 -0.225051 0.546238,
        1.968504 -0.219513 0.545561,
        1.968504 -0.215047 0.543826,
        1.968504 -0.213608 0.542982,
        1.968504 -0.213608 0.550654,
        1.968504 -0.219254 0.552252,
        1.968504 -0.224277 0.552652,
        1.968504 -0.230315 0.551965,
        1.968504 -0.234599 0.550377,
        1.968504 -0.236751 0.549074,
        1.968504 -0.239093 0.546970,
        1.968504 -0.240560 0.544835,
        1.968504 -0.241500 0.542293,
        1.968504 -0.241812 0.539469,
        1.968504 -0.241472 0.536403,
        1.968504 -0.240602 0.533991,
        1.968504 -0.239572 0.532346,
        1.968504 -0.229854 0.526383,
        1.968504 -0.234561 0.528540,
        1.968504 -0.238280 0.530994,
        1.968504 -0.224668 0.524211,
        1.968504 -0.221586 0.522354,
        1.968504 -0.220602 0.521329,
        1.968504 -0.219991 0.520282,
        1.968504 -0.219633 0.519049,
        1.968504 -0.219555 0.518067,
        1.968504 -0.219719 0.516560,
        1.968504 -0.220120 0.515437,
        1.968504 -0.220809 0.514417,
        1.968504 -0.221716 0.513613,
        1.968504 -0.222436 0.513176,
        1.968504 -0.224474 0.512430,
        1.968504 -0.228522 0.511977,
        1.968504 -0.172302 0.551620,
        1.968504 -0.164115 0.551620,
        1.968504 -0.184599 0.517712,
        1.968504 -0.185204 0.515613,
        1.968504 -0.185566 0.514070,
        1.968504 -0.185776 0.514070,
        1.968504 -0.186743 0.517776,
        1.968504 -0.198507 0.551620,
        1.968504 -0.207339 0.551620,
        1.968504 -0.189676 0.506689,
        1.968504 -0.193141 0.498502,
        1.968504 -0.196156 0.494019,
        1.968504 -0.194685 0.495667,
        1.968504 -0.197606 0.493013,
        1.968504 -0.199335 0.492364,
        1.968504 -0.201231 0.492152,
        1.968504 -0.204096 0.492525,
        1.968504 -0.205711 0.493054,
        1.968504 -0.205711 0.486027,
        1.968504 -0.202362 0.485445,
        1.968504 -0.200619 0.485383,
        1.968504 -0.197428 0.485750,
        1.968504 -0.194312 0.486937,
        1.968504 -0.191554 0.488865,
        1.968504 -0.191015 0.489358,
        1.968504 -0.188126 0.492828,
        1.968504 -0.184551 0.499791,
        1.968504 -0.121697 0.513780,
        1.968504 -0.121697 0.506592,
        1.968504 -0.147467 0.513780,
        1.968504 -0.147467 0.534989,
        1.968504 -0.124920 0.534989,
        1.968504 -0.124920 0.542209,
        1.968504 -0.147467 0.542209,
        1.968504 -0.147467 0.562386,
        1.968504 -0.123131 0.562386,
        1.968504 -0.123131 0.569639,
        1.968504 -0.155606 0.569639,
        1.968504 -0.155606 0.506592,
        1.968504 -0.070500 0.524434,
        1.968504 -0.073751 0.520355,
        1.968504 -0.067965 0.515423,
        1.968504 -0.074548 0.519615,
        1.968504 -0.074624 0.510663,
        1.968504 -0.078629 0.516803,
        1.968504 -0.081829 0.507872,
        1.968504 -0.083861 0.514796,
        1.968504 -0.092446 0.506592,
        1.968504 -0.092494 0.513780,
        1.968504 -0.109787 0.506592,
        1.968504 -0.101648 0.513780,
        1.968504 -0.109787 0.569639,
        1.968504 -0.101648 0.562386,
        1.968504 -0.091802 0.569639,
        1.968504 -0.092124 0.562386,
        1.968504 -0.082175 0.568576,
        1.968504 -0.083961 0.561480,
        1.968504 -0.074566 0.565796,
        1.968504 -0.078500 0.559499,
        1.968504 -0.067965 0.561291,
        1.968504 -0.073929 0.556456,
        1.968504 -0.065701 0.559071,
        1.968504 -0.071687 0.554152,
        1.968504 -0.061809 0.553561,
        1.968504 -0.069362 0.550468,
        1.968504 -0.059489 0.547536,
        1.968504 -0.067710 0.545593,
        1.968504 -0.058457 0.538921,
        1.968504 -0.067015 0.538695,
        1.968504 -0.058754 0.533928,
        1.968504 -0.067192 0.535000,
        1.968504 -0.060461 0.526698,
        1.968504 -0.068371 0.529156,
        1.968504 -0.063757 0.520283,
        1.964567 -0.092124 0.562386,
        1.964567 -0.101648 0.562386,
        1.964567 -0.101648 0.513780,
        1.964567 -0.092494 0.513780,
        1.964567 -0.073751 0.520355,
        1.964567 -0.074548 0.519615,
        1.964567 -0.078629 0.516803,
        1.964567 -0.083861 0.514796,
        1.964567 -0.067015 0.538695,
        1.964567 -0.067192 0.535000,
        1.964567 -0.068371 0.529156,
        1.964567 -0.070500 0.524434,
        1.964567 -0.073929 0.556456,
        1.964567 -0.071687 0.554152,
        1.964567 -0.069362 0.550468,
        1.964567 -0.067710 0.545593,
        1.964567 -0.083961 0.561480,
        1.964567 -0.078500 0.559499,
      ]
    }
    coordIndex [
      31, 139, 140, -1,
      141, 84, 81, -1,
      141, 81, 142, -1,
      142, 81, 34, -1,
      142, 34, 140, -1,
      140, 34, 33, -1,
      140, 33, 31, -1,
      143, 139, 32, -1,
      32, 139, 31, -1,
      32, 3, 143, -1,
      143, 3, 144, -1,
      42, 145, 43, -1,
      43, 145, 144, -1,
      43, 144, 2, -1,
      2, 144, 3, -1,
      42, 1, 145, -1,
      145, 1, 146, -1,
      1, 0, 146, -1,
      146, 0, 62, -1,
      146, 62, 147, -1,
      147, 62, 61, -1,
      147, 61, 148, -1,
      148, 61, 50, -1,
      148, 50, 149, -1,
      149, 50, 49, -1,
      149, 49, 150, -1,
      150, 49, 48, -1,
      150, 48, 151, -1,
      151, 48, 60, -1,
      151, 60, 152, -1,
      152, 60, 59, -1,
      152, 59, 153, -1,
      153, 59, 58, -1,
      153, 58, 154, -1,
      154, 58, 57, -1,
      154, 57, 155, -1,
      155, 57, 77, -1,
      155, 77, 156, -1,
      156, 77, 76, -1,
      156, 76, 157, -1,
      157, 76, 74, -1,
      157, 74, 158, -1,
      158, 74, 72, -1,
      158, 72, 159, -1,
      159, 72, 71, -1,
      159, 71, 160, -1,
      160, 71, 70, -1,
      160, 70, 161, -1,
      161, 70, 69, -1,
      161, 69, 162, -1,
      162, 69, 68, -1,
      162, 68, 163, -1,
      163, 68, 65, -1,
      163, 65, 164, -1,
      164, 65, 80, -1,
      164, 80, 165, -1,
      165, 80, 79, -1,
      165, 79, 166, -1,
      166, 79, 78, -1,
      166, 78, 167, -1,
      167, 78, 67, -1,
      167, 67, 168, -1,
      168, 67, 66, -1,
      168, 66, 169, -1,
      169, 66, 64, -1,
      169, 64, 170, -1,
      170, 64, 63, -1,
      170, 63, 171, -1,
      171, 63, 73, -1,
      171, 73, 172, -1,
      172, 73, 75, -1,
      172, 75, 173, -1,
      173, 75, 45, -1,
      173, 45, 174, -1,
      175, 174, 44, -1,
      44, 174, 45, -1,
      175, 44, 56, -1,
      175, 56, 176, -1,
      176, 56, 55, -1,
      176, 55, 177, -1,
      177, 55, 54, -1,
      177, 54, 178, -1,
      178, 54, 47, -1,
      178, 47, 179, -1,
      179, 47, 46, -1,
      179, 46, 180, -1,
      46, 53, 180, -1,
      180, 53, 181, -1,
      53, 52, 181, -1,
      181, 52, 51, -1,
      181, 51, 182, -1,
      182, 51, 40, -1,
      182, 40, 183, -1,
      183, 40, 39, -1,
      183, 39, 184, -1,
      184, 39, 38, -1,
      184, 38, 185, -1,
      185, 38, 37, -1,
      185, 37, 186, -1,
      186, 37, 36, -1,
      186, 36, 187, -1,
      82, 188, 189, -1,
      187, 36, 41, -1,
      187, 41, 190, -1,
      190, 41, 35, -1,
      190, 35, 189, -1,
      189, 35, 83, -1,
      189, 83, 82, -1,
      188, 82, 86, -1,
      188, 86, 191, -1,
      191, 86, 97, -1,
      191, 97, 192, -1,
      192, 97, 96, -1,
      192, 96, 193, -1,
      193, 96, 95, -1,
      193, 95, 194, -1,
      194, 95, 89, -1,
      194, 89, 195, -1,
      195, 89, 88, -1,
      195, 88, 196, -1,
      196, 88, 94, -1,
      196, 94, 197, -1,
      197, 94, 93, -1,
      197, 93, 198, -1,
      198, 93, 92, -1,
      198, 92, 199, -1,
      199, 92, 91, -1,
      199, 91, 200, -1,
      200, 91, 90, -1,
      200, 90, 201, -1,
      201, 90, 87, -1,
      201, 87, 202, -1,
      202, 87, 85, -1,
      202, 85, 203, -1,
      203, 85, 84, -1,
      203, 84, 141, -1,
      167, 168, 179, -1,
      179, 168, 178, -1,
      191, 158, 188, -1,
      188, 158, 159, -1,
      145, 141, 144, -1,
      144, 141, 142, -1,
      144, 142, 143, -1,
      143, 142, 140, -1,
      143, 140, 139, -1,
      168, 169, 178, -1,
      178, 169, 170, -1,
      178, 170, 177, -1,
      177, 170, 171, -1,
      177, 171, 176, -1,
      176, 171, 172, -1,
      176, 172, 175, -1,
      175, 172, 173, -1,
      175, 173, 174, -1,
      147, 148, 199, -1,
      199, 148, 149, -1,
      199, 149, 198, -1,
      198, 149, 150, -1,
      198, 150, 197, -1,
      197, 150, 151, -1,
      197, 151, 196, -1,
      196, 151, 152, -1,
      196, 152, 195, -1,
      195, 152, 153, -1,
      195, 153, 194, -1,
      194, 153, 154, -1,
      194, 154, 193, -1,
      193, 154, 155, -1,
      193, 155, 192, -1,
      192, 155, 156, -1,
      192, 156, 191, -1,
      191, 156, 157, -1,
      191, 157, 158, -1,
      199, 200, 147, -1,
      147, 200, 201, -1,
      147, 201, 146, -1,
      146, 201, 202, -1,
      146, 202, 145, -1,
      145, 202, 203, -1,
      145, 203, 141, -1,
      179, 180, 167, -1,
      167, 180, 181, -1,
      167, 181, 166, -1,
      166, 181, 182, -1,
      166, 182, 165, -1,
      165, 182, 183, -1,
      165, 183, 164, -1,
      164, 183, 184, -1,
      164, 184, 163, -1,
      163, 184, 185, -1,
      163, 185, 162, -1,
      162, 185, 186, -1,
      162, 186, 161, -1,
      161, 186, 187, -1,
      161, 187, 160, -1,
      160, 187, 190, -1,
      160, 190, 159, -1,
      159, 190, 189, -1,
      159, 189, 188, -1,
      204, 205, 30, -1,
      30, 205, 20, -1,
      206, 204, 28, -1,
      28, 204, 30, -1,
      206, 28, 27, -1,
      206, 27, 207, -1,
      207, 27, 23, -1,
      207, 23, 208, -1,
      209, 208, 22, -1,
      22, 208, 23, -1,
      210, 209, 21, -1,
      21, 209, 22, -1,
      210, 21, 211, -1,
      211, 21, 29, -1,
      211, 29, 100, -1,
      212, 211, 99, -1,
      99, 211, 100, -1,
      102, 213, 98, -1,
      98, 213, 212, -1,
      98, 212, 99, -1,
      105, 214, 101, -1,
      101, 214, 213, -1,
      101, 213, 102, -1,
      214, 105, 104, -1,
      103, 215, 104, -1,
      104, 215, 216, -1,
      104, 216, 214, -1,
      103, 116, 215, -1,
      215, 116, 115, -1,
      215, 115, 217, -1,
      217, 115, 110, -1,
      217, 110, 218, -1,
      218, 110, 109, -1,
      218, 109, 219, -1,
      219, 109, 108, -1,
      219, 108, 220, -1,
      220, 108, 106, -1,
      220, 106, 221, -1,
      222, 221, 107, -1,
      107, 221, 106, -1,
      222, 107, 114, -1,
      222, 114, 223, -1,
      223, 114, 113, -1,
      223, 113, 224, -1,
      224, 113, 112, -1,
      224, 112, 225, -1,
      225, 112, 111, -1,
      225, 111, 226, -1,
      111, 121, 226, -1,
      226, 121, 120, -1,
      226, 120, 227, -1,
      227, 120, 119, -1,
      227, 119, 228, -1,
      228, 119, 118, -1,
      228, 118, 229, -1,
      229, 118, 117, -1,
      229, 117, 230, -1,
      20, 205, 19, -1,
      19, 205, 230, -1,
      19, 230, 117, -1,
      207, 208, 230, -1,
      205, 204, 230, -1,
      230, 204, 206, -1,
      230, 206, 207, -1,
      211, 212, 210, -1,
      210, 212, 213, -1,
      210, 213, 209, -1,
      229, 216, 228, -1,
      228, 216, 215, -1,
      221, 222, 220, -1,
      220, 222, 223, -1,
      220, 223, 219, -1,
      219, 223, 224, -1,
      219, 224, 218, -1,
      218, 224, 225, -1,
      218, 225, 217, -1,
      217, 225, 226, -1,
      217, 226, 215, -1,
      215, 226, 227, -1,
      215, 227, 228, -1,
      208, 209, 230, -1,
      230, 209, 213, -1,
      230, 213, 229, -1,
      229, 213, 214, -1,
      229, 214, 216, -1,
      231, 232, 4, -1,
      4, 232, 5, -1,
      231, 4, 233, -1,
      233, 4, 7, -1,
      233, 7, 13, -1,
      234, 233, 12, -1,
      12, 233, 13, -1,
      234, 12, 235, -1,
      235, 12, 11, -1,
      235, 11, 8, -1,
      236, 235, 9, -1,
      9, 235, 8, -1,
      16, 237, 10, -1,
      10, 237, 236, -1,
      10, 236, 9, -1,
      238, 237, 15, -1,
      15, 237, 16, -1,
      6, 239, 14, -1,
      14, 239, 238, -1,
      14, 238, 15, -1,
      240, 239, 26, -1,
      26, 239, 6, -1,
      24, 241, 25, -1,
      25, 241, 240, -1,
      25, 240, 26, -1,
      242, 241, 18, -1,
      18, 241, 24, -1,
      5, 232, 17, -1,
      17, 232, 242, -1,
      17, 242, 18, -1,
      239, 240, 238, -1,
      238, 240, 241, -1,
      238, 241, 237, -1,
      232, 231, 242, -1,
      242, 231, 233, -1,
      242, 233, 234, -1,
      235, 236, 234, -1,
      234, 236, 237, -1,
      234, 237, 242, -1,
      242, 237, 241, -1,
      243, 244, 245, -1,
      245, 244, 246, -1,
      245, 246, 247, -1,
      247, 246, 248, -1,
      247, 248, 249, -1,
      249, 248, 250, -1,
      249, 250, 251, -1,
      251, 250, 252, -1,
      251, 252, 253, -1,
      253, 252, 254, -1,
      253, 254, 255, -1,
      255, 254, 256, -1,
      255, 256, 257, -1,
      257, 256, 258, -1,
      257, 258, 259, -1,
      259, 258, 260, -1,
      259, 260, 261, -1,
      261, 260, 262, -1,
      261, 262, 263, -1,
      263, 262, 264, -1,
      263, 264, 265, -1,
      265, 264, 266, -1,
      265, 266, 267, -1,
      267, 266, 268, -1,
      267, 268, 269, -1,
      269, 268, 270, -1,
      269, 270, 271, -1,
      271, 270, 272, -1,
      271, 272, 273, -1,
      273, 272, 274, -1,
      273, 274, 275, -1,
      275, 274, 276, -1,
      275, 276, 277, -1,
      277, 276, 243, -1,
      277, 243, 245, -1,
      251, 253, 131, -1,
      131, 253, 132, -1,
      251, 131, 130, -1,
      251, 130, 249, -1,
      249, 130, 129, -1,
      249, 129, 247, -1,
      247, 129, 128, -1,
      247, 128, 245, -1,
      245, 128, 127, -1,
      245, 127, 277, -1,
      277, 127, 126, -1,
      277, 126, 275, -1,
      275, 126, 125, -1,
      275, 125, 273, -1,
      273, 125, 124, -1,
      273, 124, 271, -1,
      271, 124, 123, -1,
      271, 123, 269, -1,
      269, 123, 122, -1,
      269, 122, 267, -1,
      267, 122, 138, -1,
      267, 138, 265, -1,
      265, 138, 137, -1,
      265, 137, 263, -1,
      263, 137, 136, -1,
      263, 136, 261, -1,
      261, 136, 135, -1,
      261, 135, 259, -1,
      259, 135, 134, -1,
      259, 134, 257, -1,
      255, 257, 133, -1,
      133, 257, 134, -1,
      253, 255, 132, -1,
      132, 255, 133, -1,
      258, 256, 278, -1,
      278, 256, 279, -1,
      256, 254, 279, -1,
      279, 254, 280, -1,
      254, 252, 280, -1,
      280, 252, 281, -1,
      244, 282, 283, -1,
      244, 283, 246, -1,
      246, 283, 284, -1,
      246, 284, 248, -1,
      248, 284, 285, -1,
      248, 285, 250, -1,
      250, 285, 281, -1,
      250, 281, 252, -1,
      272, 286, 287, -1,
      272, 287, 274, -1,
      274, 287, 288, -1,
      274, 288, 276, -1,
      276, 288, 289, -1,
      276, 289, 243, -1,
      243, 289, 282, -1,
      243, 282, 244, -1,
      264, 290, 291, -1,
      264, 291, 266, -1,
      266, 291, 292, -1,
      266, 292, 268, -1,
      268, 292, 293, -1,
      268, 293, 270, -1,
      270, 293, 286, -1,
      270, 286, 272, -1,
      258, 278, 294, -1,
      258, 294, 260, -1,
      260, 294, 295, -1,
      260, 295, 262, -1,
      262, 295, 290, -1,
      262, 290, 264, -1,
    ]
  }
}

Shape {
  appearance Appearance {
    material Material {
      diffuseColor 1.0000 0.9608 0.9059
      specularColor 0.8784 0.8471 0.7961
      ambientIntensity 0.2
      transparency 0.0000
      shininess 0.5
    }
  }
  geometry IndexedFaceSet {
    ccw TRUE
    solid FALSE
    coord DEF co Coordinate {
      point [
        1.964567 -0.092124 0.562386,
        1.964567 -0.101648 0.562386,
        1.964567 -0.101648 0.513780,
        1.964567 -0.092494 0.513780,
        1.964567 -0.073751 0.520355,
        1.964567 -0.074548 0.519615,
        1.964567 -0.078629 0.516803,
        1.964567 -0.083861 0.514796,
        1.964567 -0.067015 0.538695,
        1.964567 -0.067192 0.535000,
        1.964567 -0.068371 0.529156,
        1.964567 -0.070500 0.524434,
        1.964567 -0.073929 0.556456,
        1.964567 -0.071687 0.554152,
        1.964567 -0.069362 0.550468,
        1.964567 -0.067710 0.545593,
        1.964567 -0.083961 0.561480,
        1.964567 -0.078500 0.559499,
      ]
    }
    coordIndex [
      1, 2, 0, -1,
      0, 2, 3, -1,
      0, 3, 7, -1,
      7, 6, 0, -1,
      0, 6, 5, -1,
      0, 5, 4, -1,
      9, 8, 0, -1,
      0, 8, 15, -1,
      0, 15, 14, -1,
      14, 13, 0, -1,
      0, 13, 12, -1,
      0, 12, 16, -1,
      16, 12, 17, -1,
      4, 11, 0, -1,
      0, 11, 10, -1,
      0, 10, 9, -1,
    ]
  }
}

Shape {
  appearance Appearance {
    material Material {
      diffuseColor 0.0000 0.0000 0.0000
      specularColor 0.0000 0.0000 0.0000
      ambientIntensity 0.2
      transparency 0.0000
      shininess 0.5
    }
  }
  geometry IndexedFaceSet {
    ccw TRUE
    solid FALSE
    coord DEF co Coordinate {
      point [
        1.964567 -0.045967 0.506592,
        1.964567 -0.054960 0.506592,
        1.964567 -0.007223 0.506592,
        1.964567 -0.013654 0.523836,
        1.964567 -0.039907 0.523836,
        1.964567 -0.030946 0.569639,
        1.964567 -0.022244 0.569639,
        1.964567 0.001770 0.506592,
        1.968504 -0.037328 0.530959,
        1.968504 -0.039907 0.523836,
        1.968504 -0.016168 0.530959,
        1.968504 -0.013654 0.523836,
        1.968504 -0.027900 0.557165,
        1.968504 -0.030946 0.569639,
        1.968504 -0.054960 0.506592,
        1.968504 -0.045967 0.506592,
        1.968504 -0.027354 0.559046,
        1.968504 -0.026869 0.561580,
        1.968504 -0.022244 0.569639,
        1.968504 -0.026676 0.561580,
        1.968504 -0.026166 0.558913,
        1.968504 -0.025693 0.557165,
        1.968504 0.001770 0.506592,
        1.968504 -0.007223 0.506592,
        1.964567 -0.037328 0.530959,
        1.964567 -0.016168 0.530959,
        1.964567 -0.025693 0.557165,
        1.964567 -0.026676 0.561580,
        1.964567 -0.026166 0.558913,
        1.964567 -0.026869 0.561580,
        1.964567 -0.027900 0.557165,
        1.964567 -0.027354 0.559046,
      ]
    }
    coordIndex [
      8, 9, 10, -1,
      10, 9, 11, -1,
      12, 13, 8, -1,
      8, 13, 14, -1,
      8, 14, 9, -1,
      9, 14, 15, -1,
      12, 16, 13, -1,
      13, 16, 17, -1,
      13, 17, 18, -1,
      18, 17, 19, -1,
      18, 19, 20, -1,
      20, 21, 18, -1,
      18, 21, 10, -1,
      18, 10, 22, -1,
      22, 10, 11, -1,
      22, 11, 23, -1,
      18, 22, 6, -1,
      6, 22, 7, -1,
      13, 18, 5, -1,
      5, 18, 6, -1,
      14, 13, 1, -1,
      1, 13, 5, -1,
      15, 14, 0, -1,
      0, 14, 1, -1,
      9, 15, 4, -1,
      4, 15, 0, -1,
      11, 9, 3, -1,
      3, 9, 4, -1,
      23, 11, 2, -1,
      2, 11, 3, -1,
      22, 23, 7, -1,
      7, 23, 2, -1,
      8, 10, 24, -1,
      24, 10, 25, -1,
      10, 21, 25, -1,
      25, 21, 26, -1,
      19, 27, 28, -1,
      19, 28, 20, -1,
      20, 28, 26, -1,
      20, 26, 21, -1,
      19, 17, 27, -1,
      27, 17, 29, -1,
      12, 30, 31, -1,
      12, 31, 16, -1,
      16, 31, 29, -1,
      16, 29, 17, -1,
      12, 8, 30, -1,
      30, 8, 24, -1,
    ]
  }
}

Shape {
  appearance Appearance {
    material Material {
      diffuseColor 1.0000 0.9608 0.9059
      specularColor 0.8784 0.8471 0.7961
      ambientIntensity 0.2
      transparency 0.0000
      shininess 0.5
    }
  }
  geometry IndexedFaceSet {
    ccw TRUE
    solid FALSE
    coord DEF co Coordinate {
      point [
        1.964567 -0.037328 0.530959,
        1.964567 -0.016168 0.530959,
        1.964567 -0.025693 0.557165,
        1.964567 -0.026676 0.561580,
        1.964567 -0.026166 0.558913,
        1.964567 -0.026869 0.561580,
        1.964567 -0.027900 0.557165,
        1.964567 -0.027354 0.559046,
      ]
    }
    coordIndex [
      3, 5, 4, -1,
      4, 5, 7, -1,
      4, 7, 2, -1,
      2, 7, 6, -1,
      2, 6, 1, -1,
      1, 6, 0, -1,
    ]
  }
}

Shape {
  appearance Appearance {
    material Material {
      diffuseColor 0.0000 0.0000 0.0000
      specularColor 0.0000 0.0000 0.0000
      ambientIntensity 0.2
      transparency 0.0000
      shininess 0.5
    }
  }
  geometry IndexedFaceSet {
    ccw TRUE
    solid FALSE
    coord DEF co Coordinate {
      point [
        1.964567 -0.469885 0.676433,
        1.964567 -0.460658 0.670188,
        1.964567 -0.450427 0.663263,
        1.964567 -0.435537 0.646017,
        1.964567 -0.385426 0.587592,
        1.964567 -0.389383 0.597470,
        1.964567 -0.398535 0.610220,
        1.964567 -0.410696 0.620500,
        1.964567 -0.426221 0.627851,
        1.964567 -0.424037 0.627117,
        1.964567 -0.533556 0.683843,
        1.964567 -0.511390 0.686572,
        1.964567 -0.492327 0.684505,
        1.964567 -0.554226 0.675875,
        1.964567 -0.563409 0.670188,
        1.964567 -0.565181 0.669090,
        1.964567 -0.657546 0.614923,
        1.964567 -0.646764 0.628747,
        1.964567 -0.612879 0.648080,
        1.964567 -0.595214 0.650263,
        1.964567 -0.575715 0.660069,
        1.964567 -0.590059 0.649983,
        1.964567 -0.584904 0.649367,
        1.964567 -0.643741 0.631608,
        1.964567 -0.629483 0.641632,
        1.964567 -0.635020 0.516861,
        1.964567 -0.649005 0.528786,
        1.964567 -0.618821 0.508968,
        1.964567 -0.659235 0.543388,
        1.964567 -0.665660 0.560076,
        1.964567 -0.667832 0.577646,
        1.964567 -0.667706 0.581937,
        1.964567 -0.666696 0.587592,
        1.964567 -0.664698 0.598784,
        1.964567 -0.613144 0.507270,
        1.964567 -0.612579 0.506060,
        1.964567 -0.608638 0.497634,
        1.964567 -0.601967 0.489410,
        1.964567 -0.593195 0.482805,
        1.964567 -0.559694 0.478128,
        1.964567 -0.570560 0.476788,
        1.964567 -0.572266 0.476820,
        1.964567 -0.582850 0.478465,
        1.964567 -0.589096 0.481085,
        1.964567 -0.528564 0.506060,
        1.964567 -0.528617 0.505838,
        1.964567 -0.533930 0.495854,
        1.964567 -0.540772 0.488189,
        1.964567 -0.549698 0.481972,
        1.964567 -0.552004 0.481085,
        1.964567 -0.471321 0.532504,
        1.964567 -0.468245 0.533719,
        1.964567 -0.462978 0.559267,
        1.964567 -0.536941 0.551647,
        1.964567 -0.476874 0.583025,
        1.964567 -0.544787 0.558789,
        1.964567 -0.554301 0.563883,
        1.964567 -0.474077 0.530551,
        1.964567 -0.389526 0.538951,
        1.964567 -0.398429 0.526544,
        1.964567 -0.409860 0.572656,
        1.964567 -0.411978 0.581262,
        1.964567 -0.415400 0.587592,
        1.964567 -0.638475 0.587592,
        1.964567 -0.383899 0.583780,
        1.964567 -0.381844 0.569129,
        1.964567 -0.383897 0.553144,
        1.964567 -0.464771 0.534165,
        1.964567 -0.464335 0.534133,
        1.964567 -0.462990 0.533835,
        1.964567 -0.635822 0.560621,
        1.964567 -0.630510 0.551588,
        1.964567 -0.607752 0.546924,
        1.964567 -0.622476 0.543329,
        1.964567 -0.612696 0.537303,
        1.964567 -0.591181 0.561773,
        1.964567 -0.600344 0.555401,
        1.964567 -0.639591 0.578543,
        1.964567 -0.639048 0.571587,
        1.964567 -0.581281 0.565565,
        1.964567 -0.570560 0.566888,
        1.964567 -0.565122 0.566566,
        1.964567 -0.410620 0.516224,
        1.964567 -0.424296 0.509530,
        1.964567 -0.439221 0.506373,
        1.964567 -0.478667 0.520269,
        1.964567 -0.478554 0.522038,
        1.964567 -0.525734 0.526096,
        1.964567 -0.477653 0.525450,
        1.964567 -0.475930 0.528508,
        1.964567 -0.418743 0.544963,
        1.964567 -0.413808 0.551953,
        1.964567 -0.410715 0.559941,
        1.964567 -0.409636 0.568681,
        1.964567 -0.465668 0.506373,
        1.964567 -0.468193 0.506780,
        1.964567 -0.471158 0.507947,
        1.964567 -0.474065 0.510014,
        1.964567 -0.475107 0.511075,
        1.964567 -0.477061 0.513891,
        1.964567 -0.478242 0.516930,
        1.964567 -0.525982 0.516900,
        1.964567 -0.525734 0.521614,
        1.964567 -0.462082 0.533717,
        1.964567 -0.441910 0.533717,
        1.964567 -0.433830 0.535269,
        1.964567 -0.425924 0.538942,
        1.964567 -0.419302 0.544361,
        1.964567 -0.457876 0.630617,
        1.964567 -0.467996 0.642687,
        1.964567 -0.571008 0.616644,
        1.964567 -0.469078 0.643672,
        1.964567 -0.481670 0.652415,
        1.964567 -0.564155 0.630832,
        1.964567 -0.574148 0.618364,
        1.964567 -0.584197 0.622052,
        1.964567 -0.416156 0.588989,
        1.964567 -0.421287 0.594714,
        1.964567 -0.444600 0.603645,
        1.964567 -0.428237 0.599573,
        1.964567 -0.436060 0.602589,
        1.964567 -0.448186 0.603645,
        1.964567 -0.450947 0.616180,
        1.964567 -0.610542 0.620485,
        1.964567 -0.620526 0.615172,
        1.964567 -0.599480 0.623120,
        1.964567 -0.628191 0.608331,
        1.964567 -0.634407 0.599405,
        1.964567 -0.554099 0.642842,
        1.964567 -0.495726 0.657805,
        1.964567 -0.542097 0.651611,
        1.964567 -0.510942 0.659677,
        1.964567 -0.527455 0.657548,
        1.964567 -0.594766 0.623368,
        1.964567 -0.638251 0.589408,
        1.968504 -0.608638 0.497634,
        1.968504 -0.601967 0.489410,
        1.968504 -0.612696 0.537303,
        1.968504 -0.620526 0.615172,
        1.968504 -0.610542 0.620485,
        1.968504 -0.612879 0.648080,
        1.968504 -0.584904 0.649367,
        1.968504 -0.571008 0.616644,
        1.968504 -0.564155 0.630832,
        1.968504 -0.622476 0.543329,
        1.968504 -0.618821 0.508968,
        1.968504 -0.613144 0.507270,
        1.968504 -0.595214 0.650263,
        1.968504 -0.567276 0.538242,
        1.968504 -0.563114 0.536752,
        1.968504 -0.525734 0.526096,
        1.968504 -0.559507 0.534318,
        1.968504 -0.556620 0.531094,
        1.968504 -0.462978 0.559267,
        1.968504 -0.476874 0.583025,
        1.968504 -0.536941 0.551647,
        1.968504 -0.571008 0.538648,
        1.968504 -0.575392 0.538085,
        1.968504 -0.581281 0.565565,
        1.968504 -0.579307 0.536540,
        1.968504 -0.591181 0.561773,
        1.968504 -0.582811 0.534048,
        1.968504 -0.600344 0.555401,
        1.968504 -0.584583 0.532174,
        1.968504 -0.607752 0.546924,
        1.968504 -0.586900 0.528467,
        1.968504 -0.588221 0.524248,
        1.968504 -0.588444 0.519879,
        1.968504 -0.554301 0.563883,
        1.968504 -0.565122 0.566566,
        1.968504 -0.570560 0.566888,
        1.968504 -0.554673 0.527414,
        1.968504 -0.553649 0.523258,
        1.968504 -0.525734 0.521614,
        1.968504 -0.553643 0.519156,
        1.968504 -0.525982 0.516900,
        1.968504 -0.448186 0.603645,
        1.968504 -0.444600 0.603645,
        1.968504 -0.426221 0.627851,
        1.968504 -0.436060 0.602589,
        1.968504 -0.424037 0.627117,
        1.968504 -0.428237 0.599573,
        1.968504 -0.410696 0.620500,
        1.968504 -0.398535 0.610220,
        1.968504 -0.575715 0.660069,
        1.968504 -0.554099 0.642842,
        1.968504 -0.565181 0.669090,
        1.968504 -0.542097 0.651611,
        1.968504 -0.554226 0.675875,
        1.968504 -0.599480 0.623120,
        1.968504 -0.594766 0.623368,
        1.968504 -0.590059 0.649983,
        1.968504 -0.584197 0.622052,
        1.968504 -0.574148 0.618364,
        1.968504 -0.544787 0.558789,
        1.968504 -0.398429 0.526544,
        1.968504 -0.419302 0.544361,
        1.968504 -0.410620 0.516224,
        1.968504 -0.425924 0.538942,
        1.968504 -0.424296 0.509530,
        1.968504 -0.433830 0.535269,
        1.968504 -0.439221 0.506373,
        1.968504 -0.441910 0.533717,
        1.968504 -0.465668 0.506373,
        1.968504 -0.462082 0.533717,
        1.968504 -0.468193 0.506780,
        1.968504 -0.587614 0.515675,
        1.968504 -0.585840 0.511907,
        1.968504 -0.421287 0.594714,
        1.968504 -0.416156 0.588989,
        1.968504 -0.389383 0.597470,
        1.968504 -0.411978 0.581262,
        1.968504 -0.383899 0.583780,
        1.968504 -0.409860 0.572656,
        1.968504 -0.381844 0.569129,
        1.968504 -0.409636 0.568681,
        1.968504 -0.383897 0.553144,
        1.968504 -0.410715 0.559941,
        1.968504 -0.389526 0.538951,
        1.968504 -0.413808 0.551953,
        1.968504 -0.418743 0.544963,
        1.968504 -0.450427 0.663263,
        1.968504 -0.467996 0.642687,
        1.968504 -0.435537 0.646017,
        1.968504 -0.457876 0.630617,
        1.968504 -0.450947 0.616180,
        1.968504 -0.638251 0.589408,
        1.968504 -0.667706 0.581937,
        1.968504 -0.639591 0.578543,
        1.968504 -0.667832 0.577646,
        1.968504 -0.639048 0.571587,
        1.968504 -0.665660 0.560076,
        1.968504 -0.635822 0.560621,
        1.968504 -0.659235 0.543388,
        1.968504 -0.630510 0.551588,
        1.968504 -0.649005 0.528786,
        1.968504 -0.635020 0.516861,
        1.968504 -0.528617 0.505838,
        1.968504 -0.554713 0.514854,
        1.968504 -0.533930 0.495854,
        1.968504 -0.556798 0.511004,
        1.968504 -0.540772 0.488189,
        1.968504 -0.559231 0.508256,
        1.968504 -0.549698 0.481972,
        1.968504 -0.562636 0.505813,
        1.968504 -0.559694 0.478128,
        1.968504 -0.566519 0.504263,
        1.968504 -0.570560 0.476788,
        1.968504 -0.571008 0.503683,
        1.968504 -0.572266 0.476820,
        1.968504 -0.571772 0.503700,
        1.968504 -0.582850 0.478465,
        1.968504 -0.575796 0.504356,
        1.968504 -0.593195 0.482805,
        1.968504 -0.579848 0.506096,
        1.968504 -0.583279 0.508726,
        1.968504 -0.533556 0.683843,
        1.968504 -0.527455 0.657548,
        1.968504 -0.511390 0.686572,
        1.968504 -0.510942 0.659677,
        1.968504 -0.492327 0.684505,
        1.968504 -0.495726 0.657805,
        1.968504 -0.469885 0.676433,
        1.968504 -0.481670 0.652415,
        1.968504 -0.469078 0.643672,
        1.968504 -0.629483 0.641632,
        1.968504 -0.643741 0.631608,
        1.968504 -0.628191 0.608331,
        1.968504 -0.646764 0.628747,
        1.968504 -0.634407 0.599405,
        1.968504 -0.657546 0.614923,
        1.968504 -0.664698 0.598784,
        1.968504 -0.464335 0.534133,
        1.968504 -0.475107 0.511075,
        1.968504 -0.474065 0.510014,
        1.968504 -0.462990 0.533835,
        1.968504 -0.471158 0.507947,
        1.968504 -0.478667 0.520269,
        1.968504 -0.478242 0.516930,
        1.968504 -0.477061 0.513891,
        1.968504 -0.468245 0.533719,
        1.968504 -0.471321 0.532504,
        1.968504 -0.478554 0.522038,
        1.968504 -0.474077 0.530551,
        1.968504 -0.475930 0.528508,
        1.968504 -0.477653 0.525450,
        1.968504 -0.464771 0.534165,
        1.964567 -0.571008 0.538648,
        1.964567 -0.567276 0.538242,
        1.964567 -0.563114 0.536752,
        1.964567 -0.559507 0.534318,
        1.964567 -0.556620 0.531094,
        1.964567 -0.554673 0.527414,
        1.964567 -0.553649 0.523258,
        1.964567 -0.553643 0.519156,
        1.964567 -0.554713 0.514854,
        1.964567 -0.556798 0.511004,
        1.964567 -0.559231 0.508256,
        1.964567 -0.562636 0.505813,
        1.964567 -0.566519 0.504263,
        1.964567 -0.571008 0.503683,
        1.964567 -0.571772 0.503700,
        1.964567 -0.575796 0.504356,
        1.964567 -0.579848 0.506096,
        1.964567 -0.583279 0.508726,
        1.964567 -0.585840 0.511907,
        1.964567 -0.587614 0.515675,
        1.964567 -0.588444 0.519879,
        1.964567 -0.588221 0.524248,
        1.964567 -0.586900 0.528467,
        1.964567 -0.584583 0.532174,
        1.964567 -0.582811 0.534048,
        1.964567 -0.579307 0.536540,
        1.964567 -0.575392 0.538085,
      ]
    }
    coordIndex [
      135, 136, 137, -1,
      138, 139, 140, -1,
      141, 142, 143, -1,
      144, 145, 137, -1,
      137, 145, 146, -1,
      137, 146, 135, -1,
      140, 139, 147, -1,
      148, 149, 150, -1,
      150, 149, 151, -1,
      150, 151, 152, -1,
      153, 154, 150, -1,
      150, 154, 155, -1,
      150, 155, 148, -1,
      148, 155, 156, -1,
      157, 158, 159, -1,
      159, 158, 160, -1,
      159, 160, 161, -1,
      161, 160, 162, -1,
      161, 162, 163, -1,
      163, 162, 164, -1,
      163, 164, 165, -1,
      165, 164, 137, -1,
      165, 137, 166, -1,
      166, 137, 167, -1,
      168, 169, 157, -1,
      157, 169, 170, -1,
      157, 170, 158, -1,
      152, 171, 150, -1,
      150, 171, 172, -1,
      150, 172, 173, -1,
      173, 172, 174, -1,
      173, 174, 175, -1,
      176, 177, 178, -1,
      178, 177, 179, -1,
      178, 179, 180, -1,
      180, 179, 181, -1,
      180, 181, 182, -1,
      182, 181, 183, -1,
      141, 143, 184, -1,
      184, 143, 185, -1,
      184, 185, 186, -1,
      186, 185, 187, -1,
      186, 187, 188, -1,
      139, 189, 147, -1,
      147, 189, 190, -1,
      147, 190, 191, -1,
      191, 190, 192, -1,
      191, 192, 141, -1,
      141, 192, 193, -1,
      141, 193, 142, -1,
      156, 155, 157, -1,
      157, 155, 194, -1,
      157, 194, 168, -1,
      195, 196, 197, -1,
      197, 196, 198, -1,
      197, 198, 199, -1,
      199, 198, 200, -1,
      199, 200, 201, -1,
      201, 200, 202, -1,
      201, 202, 203, -1,
      203, 202, 204, -1,
      203, 204, 205, -1,
      167, 137, 206, -1,
      206, 137, 136, -1,
      206, 136, 207, -1,
      181, 208, 183, -1,
      183, 208, 209, -1,
      183, 209, 210, -1,
      210, 209, 211, -1,
      210, 211, 212, -1,
      212, 211, 213, -1,
      212, 213, 214, -1,
      214, 213, 215, -1,
      214, 215, 216, -1,
      216, 215, 217, -1,
      216, 217, 218, -1,
      218, 217, 219, -1,
      218, 219, 195, -1,
      195, 219, 220, -1,
      195, 220, 196, -1,
      221, 222, 223, -1,
      223, 222, 224, -1,
      223, 224, 178, -1,
      178, 224, 225, -1,
      178, 225, 176, -1,
      226, 227, 228, -1,
      228, 227, 229, -1,
      228, 229, 230, -1,
      230, 229, 231, -1,
      230, 231, 232, -1,
      232, 231, 233, -1,
      232, 233, 234, -1,
      234, 233, 235, -1,
      234, 235, 144, -1,
      144, 235, 236, -1,
      144, 236, 145, -1,
      175, 174, 237, -1,
      237, 174, 238, -1,
      237, 238, 239, -1,
      239, 238, 240, -1,
      239, 240, 241, -1,
      241, 240, 242, -1,
      241, 242, 243, -1,
      243, 242, 244, -1,
      243, 244, 245, -1,
      245, 244, 246, -1,
      245, 246, 247, -1,
      247, 246, 248, -1,
      247, 248, 249, -1,
      249, 248, 250, -1,
      249, 250, 251, -1,
      251, 250, 252, -1,
      251, 252, 253, -1,
      253, 252, 254, -1,
      253, 254, 136, -1,
      136, 254, 255, -1,
      136, 255, 207, -1,
      188, 187, 256, -1,
      256, 187, 257, -1,
      256, 257, 258, -1,
      258, 257, 259, -1,
      258, 259, 260, -1,
      260, 259, 261, -1,
      260, 261, 262, -1,
      262, 261, 263, -1,
      262, 263, 221, -1,
      221, 263, 264, -1,
      221, 264, 222, -1,
      140, 265, 138, -1,
      138, 265, 266, -1,
      138, 266, 267, -1,
      267, 266, 268, -1,
      267, 268, 269, -1,
      269, 268, 270, -1,
      269, 270, 226, -1,
      226, 270, 271, -1,
      226, 271, 227, -1,
      272, 273, 274, -1,
      204, 275, 205, -1,
      205, 275, 272, -1,
      205, 272, 276, -1,
      276, 272, 274, -1,
      277, 278, 272, -1,
      272, 278, 279, -1,
      272, 279, 273, -1,
      280, 281, 282, -1,
      281, 283, 282, -1,
      282, 283, 284, -1,
      282, 284, 285, -1,
      277, 272, 282, -1,
      282, 272, 286, -1,
      282, 286, 280, -1,
      214, 65, 64, -1,
      214, 64, 212, -1,
      212, 64, 4, -1,
      212, 4, 210, -1,
      4, 5, 210, -1,
      210, 5, 6, -1,
      210, 6, 183, -1,
      183, 6, 7, -1,
      183, 7, 182, -1,
      182, 7, 9, -1,
      182, 9, 180, -1,
      180, 9, 8, -1,
      180, 8, 178, -1,
      178, 8, 3, -1,
      178, 3, 223, -1,
      223, 3, 2, -1,
      223, 2, 221, -1,
      221, 2, 262, -1,
      262, 2, 1, -1,
      1, 0, 262, -1,
      262, 0, 12, -1,
      262, 12, 260, -1,
      260, 12, 11, -1,
      260, 11, 258, -1,
      15, 186, 14, -1,
      14, 186, 188, -1,
      14, 188, 13, -1,
      13, 188, 256, -1,
      13, 256, 10, -1,
      10, 256, 258, -1,
      10, 258, 11, -1,
      186, 15, 20, -1,
      186, 20, 184, -1,
      184, 20, 22, -1,
      184, 22, 141, -1,
      141, 22, 21, -1,
      141, 21, 191, -1,
      191, 21, 19, -1,
      191, 19, 147, -1,
      147, 19, 18, -1,
      147, 18, 140, -1,
      140, 18, 24, -1,
      140, 24, 265, -1,
      265, 24, 23, -1,
      265, 23, 266, -1,
      266, 23, 17, -1,
      266, 17, 268, -1,
      33, 270, 16, -1,
      16, 270, 268, -1,
      16, 268, 17, -1,
      32, 227, 33, -1,
      33, 227, 271, -1,
      33, 271, 270, -1,
      32, 31, 227, -1,
      227, 31, 30, -1,
      227, 30, 229, -1,
      229, 30, 29, -1,
      229, 29, 231, -1,
      231, 29, 28, -1,
      231, 28, 233, -1,
      233, 28, 26, -1,
      233, 26, 235, -1,
      235, 26, 25, -1,
      235, 25, 236, -1,
      236, 25, 27, -1,
      236, 27, 145, -1,
      145, 27, 34, -1,
      145, 34, 146, -1,
      146, 34, 35, -1,
      146, 35, 135, -1,
      35, 36, 135, -1,
      135, 36, 37, -1,
      135, 37, 136, -1,
      136, 37, 38, -1,
      136, 38, 253, -1,
      253, 38, 43, -1,
      253, 43, 251, -1,
      43, 42, 251, -1,
      251, 42, 41, -1,
      251, 41, 249, -1,
      249, 41, 40, -1,
      249, 40, 247, -1,
      102, 173, 175, -1,
      247, 40, 39, -1,
      49, 243, 39, -1,
      39, 243, 245, -1,
      39, 245, 247, -1,
      49, 48, 243, -1,
      243, 48, 47, -1,
      243, 47, 241, -1,
      241, 47, 46, -1,
      241, 46, 239, -1,
      239, 46, 45, -1,
      239, 45, 237, -1,
      237, 45, 44, -1,
      237, 44, 175, -1,
      175, 44, 101, -1,
      175, 101, 102, -1,
      150, 173, 87, -1,
      87, 173, 102, -1,
      153, 150, 52, -1,
      52, 150, 87, -1,
      154, 153, 54, -1,
      54, 153, 52, -1,
      155, 154, 53, -1,
      53, 154, 54, -1,
      155, 53, 55, -1,
      155, 55, 194, -1,
      194, 55, 56, -1,
      194, 56, 168, -1,
      168, 56, 81, -1,
      168, 81, 169, -1,
      169, 81, 80, -1,
      169, 80, 170, -1,
      170, 80, 79, -1,
      170, 79, 158, -1,
      158, 79, 75, -1,
      158, 75, 160, -1,
      160, 75, 76, -1,
      160, 76, 162, -1,
      162, 76, 72, -1,
      162, 72, 164, -1,
      164, 72, 74, -1,
      164, 74, 137, -1,
      137, 74, 73, -1,
      137, 73, 144, -1,
      144, 73, 71, -1,
      144, 71, 234, -1,
      234, 71, 70, -1,
      234, 70, 232, -1,
      232, 70, 78, -1,
      232, 78, 230, -1,
      230, 78, 77, -1,
      230, 77, 228, -1,
      77, 63, 228, -1,
      228, 63, 226, -1,
      63, 134, 226, -1,
      226, 134, 127, -1,
      226, 127, 269, -1,
      269, 127, 126, -1,
      269, 126, 267, -1,
      267, 126, 124, -1,
      267, 124, 138, -1,
      138, 124, 123, -1,
      138, 123, 139, -1,
      139, 123, 125, -1,
      139, 125, 189, -1,
      189, 125, 133, -1,
      189, 133, 190, -1,
      190, 133, 115, -1,
      190, 115, 192, -1,
      192, 115, 114, -1,
      192, 114, 193, -1,
      193, 114, 110, -1,
      193, 110, 142, -1,
      142, 110, 113, -1,
      142, 113, 143, -1,
      143, 113, 128, -1,
      143, 128, 185, -1,
      185, 128, 130, -1,
      185, 130, 187, -1,
      187, 130, 132, -1,
      187, 132, 257, -1,
      257, 132, 131, -1,
      257, 131, 259, -1,
      259, 131, 129, -1,
      259, 129, 261, -1,
      261, 129, 112, -1,
      261, 112, 263, -1,
      263, 112, 111, -1,
      263, 111, 264, -1,
      264, 111, 109, -1,
      264, 109, 222, -1,
      222, 109, 108, -1,
      222, 108, 224, -1,
      224, 108, 122, -1,
      224, 122, 225, -1,
      225, 122, 121, -1,
      225, 121, 176, -1,
      177, 176, 118, -1,
      118, 176, 121, -1,
      177, 118, 120, -1,
      177, 120, 179, -1,
      179, 120, 119, -1,
      179, 119, 181, -1,
      181, 119, 117, -1,
      181, 117, 208, -1,
      208, 117, 116, -1,
      208, 116, 209, -1,
      209, 116, 62, -1,
      209, 62, 211, -1,
      62, 61, 211, -1,
      211, 61, 60, -1,
      211, 60, 213, -1,
      213, 60, 93, -1,
      213, 93, 215, -1,
      215, 93, 92, -1,
      215, 92, 217, -1,
      217, 92, 91, -1,
      217, 91, 219, -1,
      219, 91, 90, -1,
      219, 90, 220, -1,
      220, 90, 107, -1,
      220, 107, 196, -1,
      196, 107, 106, -1,
      196, 106, 198, -1,
      198, 106, 105, -1,
      198, 105, 200, -1,
      200, 105, 104, -1,
      200, 104, 202, -1,
      204, 202, 103, -1,
      103, 202, 104, -1,
      204, 103, 69, -1,
      204, 69, 275, -1,
      275, 69, 68, -1,
      275, 68, 272, -1,
      272, 68, 67, -1,
      272, 67, 286, -1,
      286, 67, 51, -1,
      286, 51, 280, -1,
      280, 51, 50, -1,
      280, 50, 281, -1,
      281, 50, 57, -1,
      281, 57, 283, -1,
      283, 57, 89, -1,
      283, 89, 284, -1,
      284, 89, 88, -1,
      284, 88, 285, -1,
      285, 88, 86, -1,
      285, 86, 282, -1,
      282, 86, 85, -1,
      282, 85, 277, -1,
      277, 85, 100, -1,
      277, 100, 278, -1,
      278, 100, 99, -1,
      278, 99, 279, -1,
      279, 99, 98, -1,
      279, 98, 273, -1,
      273, 98, 97, -1,
      273, 97, 274, -1,
      274, 97, 96, -1,
      274, 96, 276, -1,
      276, 96, 95, -1,
      276, 95, 205, -1,
      205, 95, 94, -1,
      205, 94, 203, -1,
      201, 203, 84, -1,
      84, 203, 94, -1,
      201, 84, 83, -1,
      201, 83, 199, -1,
      199, 83, 82, -1,
      199, 82, 197, -1,
      197, 82, 59, -1,
      197, 59, 195, -1,
      195, 59, 58, -1,
      195, 58, 218, -1,
      218, 58, 66, -1,
      218, 66, 216, -1,
      216, 66, 65, -1,
      216, 65, 214, -1,
      156, 287, 288, -1,
      156, 288, 148, -1,
      148, 288, 289, -1,
      148, 289, 149, -1,
      149, 289, 290, -1,
      149, 290, 151, -1,
      151, 290, 291, -1,
      151, 291, 152, -1,
      152, 291, 292, -1,
      152, 292, 171, -1,
      171, 292, 293, -1,
      171, 293, 172, -1,
      172, 293, 294, -1,
      172, 294, 174, -1,
      174, 294, 295, -1,
      174, 295, 238, -1,
      238, 295, 296, -1,
      238, 296, 240, -1,
      240, 296, 297, -1,
      240, 297, 242, -1,
      242, 297, 298, -1,
      242, 298, 244, -1,
      244, 298, 299, -1,
      244, 299, 246, -1,
      246, 299, 300, -1,
      246, 300, 248, -1,
      248, 300, 301, -1,
      248, 301, 250, -1,
      250, 301, 302, -1,
      250, 302, 252, -1,
      252, 302, 303, -1,
      252, 303, 254, -1,
      254, 303, 304, -1,
      254, 304, 255, -1,
      255, 304, 305, -1,
      255, 305, 207, -1,
      207, 305, 306, -1,
      207, 306, 206, -1,
      206, 306, 307, -1,
      206, 307, 167, -1,
      167, 307, 308, -1,
      167, 308, 166, -1,
      166, 308, 309, -1,
      166, 309, 165, -1,
      165, 309, 310, -1,
      165, 310, 163, -1,
      163, 310, 311, -1,
      163, 311, 161, -1,
      161, 311, 312, -1,
      161, 312, 159, -1,
      159, 312, 313, -1,
      159, 313, 157, -1,
      157, 313, 287, -1,
      157, 287, 156, -1,
    ]
  }
}

Shape {
  appearance Appearance {
    material Material {
      diffuseColor 1.0000 0.9608 0.9059
      specularColor 0.8784 0.8471 0.7961
      ambientIntensity 0.2
      transparency 0.0000
      shininess 0.5
    }
  }
  geometry IndexedFaceSet {
    ccw TRUE
    solid FALSE
    coord DEF co Coordinate {
      point [
        1.964567 -0.571008 0.538648,
        1.964567 -0.567276 0.538242,
        1.964567 -0.563114 0.536752,
        1.964567 -0.559507 0.534318,
        1.964567 -0.556620 0.531094,
        1.964567 -0.554673 0.527414,
        1.964567 -0.553649 0.523258,
        1.964567 -0.553643 0.519156,
        1.964567 -0.554713 0.514854,
        1.964567 -0.556798 0.511004,
        1.964567 -0.559231 0.508256,
        1.964567 -0.562636 0.505813,
        1.964567 -0.566519 0.504263,
        1.964567 -0.571008 0.503683,
        1.964567 -0.571772 0.503700,
        1.964567 -0.575796 0.504356,
        1.964567 -0.579848 0.506096,
        1.964567 -0.583279 0.508726,
        1.964567 -0.585840 0.511907,
        1.964567 -0.587614 0.515675,
        1.964567 -0.588444 0.519879,
        1.964567 -0.588221 0.524248,
        1.964567 -0.586900 0.528467,
        1.964567 -0.584583 0.532174,
        1.964567 -0.582811 0.534048,
        1.964567 -0.579307 0.536540,
        1.964567 -0.575392 0.538085,
      ]
    }
    coordIndex [
      14, 24, 23, -1,
      12, 11, 1, -1,
      0, 26, 14, -1,
      14, 26, 25, -1,
      14, 25, 24, -1,
      19, 18, 23, -1,
      23, 18, 17, -1,
      0, 14, 1, -1,
      1, 14, 13, -1,
      1, 13, 12, -1,
      22, 21, 23, -1,
      23, 21, 20, -1,
      23, 20, 19, -1,
      17, 16, 23, -1,
      23, 16, 15, -1,
      23, 15, 14, -1,
      11, 10, 1, -1,
      1, 10, 9, -1,
      1, 9, 8, -1,
      8, 7, 1, -1,
      1, 7, 6, -1,
      1, 6, 5, -1,
      5, 4, 1, -1,
      1, 4, 3, -1,
      1, 3, 2, -1,
    ]
  }
}

Shape {
  appearance Appearance {
    material Material {
      diffuseColor 0.7529 0.7529 0.7529
      specularColor 0.6627 0.6627 0.6627
      ambientIntensity 0.2
      transparency 0.0000
      shininess 0.5
    }
  }
  geometry IndexedFaceSet {
    ccw TRUE
    solid FALSE
    coord DEF co Coordinate {
      point [
        -1.706809 -0.172729 0.925656,
        -1.698942 -0.153738 0.925656,
        -1.686429 -0.137430 0.925656,
        -1.670121 -0.124917 0.925656,
        -1.698942 -0.752787 0.925656,
        -1.686429 -0.769094 0.925656,
        -1.682833 -0.772472 0.925656,
        -1.630751 -0.114368 0.925656,
        -1.651131 -0.117051 0.925656,
        -1.706809 -0.733796 0.925656,
        -1.709492 -0.713417 0.925656,
        -1.709492 -0.193108 0.925656,
        1.674959 -0.772472 0.925656,
        1.701617 -0.713417 0.925656,
        1.698934 -0.733796 0.925656,
        1.643257 -0.117051 0.925656,
        1.662247 -0.124917 0.925656,
        1.691068 -0.752787 0.925656,
        1.678555 -0.769094 0.925656,
        1.622877 -0.114368 0.925656,
        1.678555 -0.137430 0.925656,
        1.691068 -0.153738 0.925656,
        1.698934 -0.172729 0.925656,
        1.701617 -0.193108 0.925656,
        1.662247 -0.781607 0.925656,
        1.643257 -0.789474 0.925656,
        1.622877 -0.792157 0.925656,
        1.622877 -0.114368 1.024081,
        1.823657 -0.114368 0.088583,
        1.823657 -0.114368 -0.009843,
        1.823657 -0.792157 0.088583,
        1.902397 -0.713417 0.088583,
        1.844037 -0.789474 0.088583,
        1.863027 -0.781607 0.088583,
        1.879335 -0.769094 0.088583,
        1.891848 -0.752787 0.088583,
        1.899714 -0.733796 0.088583,
        1.879335 -0.137430 0.088583,
        1.863027 -0.124917 0.088583,
        1.891848 -0.153738 0.088583,
        1.899714 -0.172729 0.088583,
        1.902397 -0.193108 0.088583,
        1.844037 -0.117051 0.088583,
        1.902397 -0.193108 -0.009843,
        1.902397 -0.713417 -0.009843,
        1.823657 -0.792157 -0.009843,
        1.899714 -0.172729 -0.009843,
        1.879335 -0.769094 -0.009843,
        1.891848 -0.752787 -0.009843,
        1.899714 -0.733796 -0.009843,
        1.863027 -0.781607 -0.009843,
        1.844037 -0.789474 -0.009843,
        1.844037 -0.117051 -0.009843,
        1.863027 -0.124917 -0.009843,
        1.891848 -0.153738 -0.009843,
        1.879335 -0.137430 -0.009843,
        1.622877 -0.792157 1.024081,
        1.691068 -0.752787 1.024081,
        1.698934 -0.733796 1.024081,
        1.701617 -0.713417 1.024081,
        1.678555 -0.137430 1.024081,
        1.662247 -0.124917 1.024081,
        1.691068 -0.153738 1.024081,
        1.698934 -0.172729 1.024081,
        1.701617 -0.193108 1.024081,
        1.643257 -0.117051 1.024081,
        1.678555 -0.769094 1.024081,
        1.643257 -0.789474 1.024081,
        1.662247 -0.781607 1.024081,
        -1.630751 -0.792157 0.925656,
        -1.670121 -0.781607 0.925656,
        -1.651131 -0.789474 0.925656,
        -1.630751 -0.114368 1.024081,
        -1.831531 -0.114368 -0.009843,
        -1.831531 -0.114368 0.088583,
        -1.709492 -0.193108 1.024081,
        -1.709492 -0.713417 1.024081,
        -1.651131 -0.789474 1.024081,
        -1.630751 -0.792157 1.024081,
        -1.651131 -0.117051 1.024081,
        -1.706809 -0.733796 1.024081,
        -1.698942 -0.752787 1.024081,
        -1.670121 -0.781607 1.024081,
        -1.686429 -0.769094 1.024081,
        -1.698942 -0.153738 1.024081,
        -1.706809 -0.172729 1.024081,
        -1.686429 -0.137430 1.024081,
        -1.670121 -0.124917 1.024081,
        -1.865695 -0.784359 -0.009843,
        -1.880625 -0.774978 -0.009843,
        -1.910271 -0.713417 -0.009843,
        -1.910271 -0.193108 -0.009843,
        -1.907588 -0.172729 -0.009843,
        -1.831531 -0.792157 -0.009843,
        -1.849052 -0.790183 -0.009843,
        -1.893093 -0.762510 -0.009843,
        -1.902474 -0.747581 -0.009843,
        -1.908297 -0.730938 -0.009843,
        -1.899722 -0.153738 -0.009843,
        -1.887209 -0.137430 -0.009843,
        -1.851911 -0.117051 -0.009843,
        -1.870901 -0.124917 -0.009843,
        -1.910271 -0.193108 0.088583,
        -1.910271 -0.713417 0.088583,
        -1.831531 -0.792157 0.088583,
        -1.851911 -0.117051 0.088583,
        -1.908297 -0.730938 0.088583,
        -1.902474 -0.747581 0.088583,
        -1.893093 -0.762510 0.088583,
        -1.880625 -0.774978 0.088583,
        -1.865695 -0.784359 0.088583,
        -1.849052 -0.790183 0.088583,
        -1.899722 -0.153738 0.088583,
        -1.907588 -0.172729 0.088583,
        -1.887209 -0.137430 0.088583,
        -1.870901 -0.124917 0.088583,
      ]
    }
    coordIndex [
      74, 73, 100, -1,
      74, 100, 105, -1,
      105, 100, 101, -1,
      105, 101, 115, -1,
      115, 101, 99, -1,
      115, 99, 114, -1,
      114, 99, 98, -1,
      114, 98, 112, -1,
      112, 98, 92, -1,
      112, 92, 113, -1,
      113, 92, 91, -1,
      113, 91, 102, -1,
      93, 104, 111, -1,
      93, 111, 94, -1,
      94, 111, 110, -1,
      94, 110, 88, -1,
      88, 110, 109, -1,
      88, 109, 89, -1,
      89, 109, 108, -1,
      89, 108, 95, -1,
      95, 108, 107, -1,
      95, 107, 96, -1,
      96, 107, 106, -1,
      96, 106, 97, -1,
      97, 106, 103, -1,
      97, 103, 90, -1,
      72, 7, 8, -1,
      72, 8, 79, -1,
      79, 8, 3, -1,
      79, 3, 87, -1,
      87, 3, 2, -1,
      87, 2, 86, -1,
      86, 2, 1, -1,
      86, 1, 84, -1,
      84, 1, 0, -1,
      84, 0, 85, -1,
      85, 0, 11, -1,
      85, 11, 75, -1,
      69, 78, 77, -1,
      69, 77, 71, -1,
      71, 77, 82, -1,
      71, 82, 70, -1,
      70, 82, 6, -1,
      6, 82, 83, -1,
      6, 83, 5, -1,
      5, 83, 81, -1,
      5, 81, 4, -1,
      4, 81, 80, -1,
      4, 80, 9, -1,
      9, 80, 76, -1,
      9, 76, 10, -1,
      19, 27, 65, -1,
      19, 65, 15, -1,
      15, 65, 61, -1,
      15, 61, 16, -1,
      16, 61, 60, -1,
      16, 60, 20, -1,
      20, 60, 62, -1,
      20, 62, 21, -1,
      21, 62, 63, -1,
      21, 63, 22, -1,
      22, 63, 64, -1,
      22, 64, 23, -1,
      29, 28, 42, -1,
      29, 42, 52, -1,
      52, 42, 38, -1,
      52, 38, 53, -1,
      53, 38, 37, -1,
      53, 37, 55, -1,
      55, 37, 39, -1,
      55, 39, 54, -1,
      54, 39, 40, -1,
      54, 40, 46, -1,
      46, 40, 41, -1,
      46, 41, 43, -1,
      30, 45, 51, -1,
      30, 51, 32, -1,
      32, 51, 50, -1,
      32, 50, 33, -1,
      33, 50, 47, -1,
      33, 47, 34, -1,
      34, 47, 48, -1,
      34, 48, 35, -1,
      35, 48, 49, -1,
      35, 49, 36, -1,
      36, 49, 44, -1,
      36, 44, 31, -1,
      56, 26, 25, -1,
      56, 25, 67, -1,
      67, 25, 24, -1,
      67, 24, 68, -1,
      68, 24, 12, -1,
      68, 12, 66, -1,
      12, 18, 66, -1,
      66, 18, 17, -1,
      66, 17, 57, -1,
      57, 17, 14, -1,
      57, 14, 58, -1,
      58, 14, 13, -1,
      58, 13, 59, -1,
    ]
  }
}
