#VRML V2.0 utf8

Shape {
  appearance Appearance {
    material Material {
      diffuseColor 0.6471 0.5176 0.0000
      specularColor 0.4510 0.3608 0.0000
      ambientIntensity 0.2
      transparency 0.0000
      shininess 0.5
    }
  }
  geometry IndexedFaceSet {
    ccw TRUE
    solid FALSE
    coord DEF co Coordinate {
      point [
        -2.606299 0.244094 0.137795,
        -2.685039 0.244094 0.137795,
        -2.606299 0.716535 0.137795,
        -2.685039 0.657480 0.137795,
        -2.686026 0.666241 0.137795,
        -2.688938 0.674562 0.137795,
        -2.608273 0.734057 0.137795,
        -2.693629 0.682027 0.137795,
        -2.699863 0.688261 0.137795,
        -2.623478 0.765629 0.137795,
        -2.614097 0.750700 0.137795,
        -2.707328 0.692952 0.137795,
        -2.650875 0.787478 0.137795,
        -2.635946 0.778097 0.137795,
        -2.724409 0.696850 0.137795,
        -2.724409 0.795276 0.137795,
        -2.715649 0.695863 0.137795,
        -2.685039 0.795276 0.137795,
        -2.667518 0.793302 0.137795,
        -2.881890 0.795276 0.059055,
        -2.881890 0.696850 0.059055,
        -2.881890 0.795276 0.039370,
        -2.881890 0.696850 0.019685,
        -2.881890 0.797959 0.018991,
        -2.881890 0.702217 -0.021074,
        -2.881890 0.805825 -0.000000,
        -2.881890 0.717949 -0.059055,
        -2.881890 0.818338 -0.016307,
        -2.881890 0.742975 -0.091670,
        -2.881890 0.834646 -0.028821,
        -2.881890 0.775591 -0.116697,
        -2.881890 0.853636 -0.036687,
        -2.881890 0.813572 -0.132429,
        -2.881890 0.874016 -0.039370,
        -2.881890 0.854331 -0.137795,
        -2.881890 1.279528 -0.039370,
        -2.881890 1.279528 -0.137795,
        -3.118110 1.279528 -0.039370,
        -3.118110 1.279528 -0.137795,
        -3.118110 0.874016 -0.039370,
        -3.118110 0.854331 -0.137795,
        -3.118110 0.853636 -0.036687,
        -3.118110 0.813572 -0.132429,
        -3.118110 0.834646 -0.028821,
        -3.118110 0.775591 -0.116697,
        -3.118110 0.818338 -0.016307,
        -3.118110 0.742975 -0.091670,
        -3.118110 0.805825 -0.000000,
        -3.118110 0.717949 -0.059055,
        -3.118110 0.797959 0.018991,
        -3.118110 0.702217 -0.021074,
        -3.118110 0.795276 0.039370,
        -3.118110 0.696850 0.019685,
        -3.118110 0.795276 0.059055,
        -3.118110 0.696850 0.059055,
        -3.314961 0.244094 0.137795,
        -3.393701 0.244094 0.137795,
        -3.314961 0.657480 0.137795,
        -3.393701 0.716535 0.137795,
        -3.313974 0.666241 0.137795,
        -3.311062 0.674562 0.137795,
        -3.391726 0.734057 0.137795,
        -3.306371 0.682027 0.137795,
        -3.385903 0.750700 0.137795,
        -3.376522 0.765629 0.137795,
        -3.300137 0.688261 0.137795,
        -3.275591 0.795276 0.137795,
        -3.275591 0.696850 0.137795,
        -3.314961 0.795276 0.137795,
        -3.284351 0.695863 0.137795,
        -3.332482 0.793302 0.137795,
        -3.292672 0.692952 0.137795,
        -3.349125 0.787478 0.137795,
        -3.364055 0.778097 0.137795,
        -2.807097 0.244094 2.246254,
        -2.881890 0.244094 2.027559,
        -2.807097 0.637795 2.246254,
        -2.881890 0.637795 2.027559,
        -2.881600 0.244094 2.271734,
        -2.881600 0.637795 2.271734,
        -2.956393 0.244094 2.053039,
        -2.956393 0.637795 2.053039,
        -2.975421 0.637795 1.977608,
        -2.975421 0.244094 1.977608,
        -2.981813 0.637795 1.900077,
        -2.981813 0.244094 1.900077,
        -2.975394 0.637795 1.822548,
        -2.975394 0.244094 1.822548,
        -2.956340 0.637795 1.747124,
        -2.956340 0.244094 1.747124,
        -2.702021 0.244094 1.004336,
        -2.702021 0.637795 1.004336,
        -2.689314 0.244094 0.954026,
        -2.689314 0.637795 0.954026,
        -2.685039 0.244094 0.902313,
        -2.685039 0.637795 0.902313,
        -2.685039 0.657480 0.688976,
        -2.685039 0.637795 0.688976,
        -2.606299 0.637795 0.902313,
        -2.606299 0.244094 0.902313,
        -2.606299 0.637795 0.688976,
        -2.606299 0.716535 0.688976,
        -2.611642 0.637795 0.966955,
        -2.611642 0.244094 0.966955,
        -2.627526 0.637795 1.029842,
        -2.627526 0.244094 1.029842,
        -2.881846 0.244094 1.772630,
        -2.881846 0.637795 1.772630,
        -2.897724 0.244094 1.835483,
        -2.897724 0.637795 1.835483,
        -2.903072 0.244094 1.900091,
        -2.903072 0.637795 1.900091,
        -2.897746 0.244094 1.964700,
        -2.897746 0.637795 1.964700,
        -3.118110 0.795276 0.688976,
        -3.118110 0.696850 0.688976,
        -3.118110 0.795276 2.322835,
        -3.118110 0.696850 2.027559,
        -3.118110 0.736220 2.322835,
        -3.114086 1.310097 -0.039370,
        -3.102286 1.338583 -0.039370,
        -2.885914 1.310097 -0.039370,
        -2.897713 1.338583 -0.039370,
        -2.940945 1.381814 -0.039370,
        -2.969431 1.393613 -0.039370,
        -3.000000 1.397638 -0.039370,
        -2.916483 1.363044 -0.039370,
        -3.083517 1.363044 -0.039370,
        -3.030569 1.393613 -0.039370,
        -3.059055 1.381814 -0.039370,
        -3.314961 0.795276 0.688976,
        -2.685039 0.795276 0.688976,
        -2.881890 0.795276 0.688976,
        -2.881890 0.795276 2.322835,
        -2.724409 0.795276 0.059055,
        -3.275591 0.795276 0.059055,
        -2.881890 0.736220 2.322835,
        -2.881890 0.696850 2.027559,
        -3.275591 0.696850 0.059055,
        -2.724409 0.696850 0.688976,
        -2.881890 0.696850 0.688976,
        -2.724409 0.696850 0.059055,
        -3.275591 0.696850 0.688976,
        -3.114086 1.310097 -0.137795,
        -3.102286 1.338583 -0.137795,
        -2.885914 1.310097 -0.137795,
        -3.083517 1.363044 -0.137795,
        -3.059055 1.381814 -0.137795,
        -3.030569 1.393613 -0.137795,
        -3.000000 1.397638 -0.137795,
        -2.969431 1.393613 -0.137795,
        -2.940945 1.381814 -0.137795,
        -2.897713 1.338583 -0.137795,
        -2.916483 1.363044 -0.137795,
        -3.314961 0.637795 0.902313,
        -3.314961 0.244094 0.902313,
        -3.314961 0.637795 0.688976,
        -3.314961 0.657480 0.688976,
        -3.313974 0.666241 0.688976,
        -3.311062 0.674562 0.688976,
        -3.306371 0.682027 0.688976,
        -3.300137 0.688261 0.688976,
        -3.292672 0.692952 0.688976,
        -3.284351 0.695863 0.688976,
        -3.332482 0.793302 0.688976,
        -3.349125 0.787478 0.688976,
        -3.364055 0.778097 0.688976,
        -3.376522 0.765629 0.688976,
        -3.385903 0.750700 0.688976,
        -3.391726 0.734057 0.688976,
        -3.393701 0.716535 0.688976,
        -3.393701 0.637795 0.688976,
        -3.393701 0.637795 0.902313,
        -3.393701 0.244094 0.902313,
        -2.608273 0.734057 0.688976,
        -2.614097 0.750700 0.688976,
        -2.623478 0.765629 0.688976,
        -2.635946 0.778097 0.688976,
        -2.650875 0.787478 0.688976,
        -2.667518 0.793302 0.688976,
        -2.715649 0.695863 0.688976,
        -2.707328 0.692952 0.688976,
        -2.699863 0.688261 0.688976,
        -2.693629 0.682027 0.688976,
        -2.688938 0.674562 0.688976,
        -2.686026 0.666241 0.688976,
        -3.192903 0.637795 2.246254,
        -3.118399 0.637795 2.271734,
        -3.118110 0.637795 2.027559,
        -3.043607 0.637795 2.053039,
        -3.102254 0.637795 1.964700,
        -3.024579 0.637795 1.977608,
        -3.096927 0.637795 1.900091,
        -3.018187 0.637795 1.900077,
        -3.102276 0.637795 1.835483,
        -3.024606 0.637795 1.822548,
        -3.118155 0.637795 1.772630,
        -3.043660 0.637795 1.747124,
        -3.372474 0.637795 1.029842,
        -3.297979 0.637795 1.004336,
        -3.388357 0.637795 0.966955,
        -3.310686 0.637795 0.954026,
        -3.118399 0.244094 2.271734,
        -3.043607 0.244094 2.053039,
        -3.192903 0.244094 2.246254,
        -3.118110 0.244094 2.027559,
        -3.102254 0.244094 1.964700,
        -3.096927 0.244094 1.900091,
        -3.102276 0.244094 1.835483,
        -3.118155 0.244094 1.772630,
        -3.372474 0.244094 1.029842,
        -3.388357 0.244094 0.966955,
        -3.310686 0.244094 0.954026,
        -3.297979 0.244094 1.004336,
        -3.043660 0.244094 1.747124,
        -3.024606 0.244094 1.822548,
        -3.018187 0.244094 1.900077,
        -3.024579 0.244094 1.977608,
        -1.606299 0.244094 0.137795,
        -1.685039 0.244094 0.137795,
        -1.606299 0.716535 0.137795,
        -1.685039 0.657480 0.137795,
        -1.686026 0.666241 0.137795,
        -1.688938 0.674562 0.137795,
        -1.608273 0.734057 0.137795,
        -1.693628 0.682027 0.137795,
        -1.699863 0.688261 0.137795,
        -1.623478 0.765629 0.137795,
        -1.614097 0.750700 0.137795,
        -1.707328 0.692952 0.137795,
        -1.650875 0.787478 0.137795,
        -1.635946 0.778097 0.137795,
        -1.724409 0.696850 0.137795,
        -1.724409 0.795276 0.137795,
        -1.715649 0.695863 0.137795,
        -1.685039 0.795276 0.137795,
        -1.667518 0.793302 0.137795,
        -1.881890 0.795276 0.059055,
        -1.881890 0.696850 0.059055,
        -1.881890 0.795276 0.039370,
        -1.881890 0.696850 0.019685,
        -1.881890 0.797959 0.018991,
        -1.881890 0.702217 -0.021074,
        -1.881890 0.805825 -0.000000,
        -1.881890 0.717949 -0.059055,
        -1.881890 0.818338 -0.016307,
        -1.881890 0.742975 -0.091670,
        -1.881890 0.834646 -0.028821,
        -1.881890 0.775591 -0.116697,
        -1.881890 0.853636 -0.036687,
        -1.881890 0.813572 -0.132429,
        -1.881890 0.874016 -0.039370,
        -1.881890 0.854331 -0.137795,
        -1.881890 1.279528 -0.039370,
        -1.881890 1.279528 -0.137795,
        -2.118110 1.279528 -0.039370,
        -2.118110 1.279528 -0.137795,
        -2.118110 0.874016 -0.039370,
        -2.118110 0.854331 -0.137795,
        -2.118110 0.853636 -0.036687,
        -2.118110 0.813572 -0.132429,
        -2.118110 0.834646 -0.028821,
        -2.118110 0.775591 -0.116697,
        -2.118110 0.818338 -0.016307,
        -2.118110 0.742975 -0.091670,
        -2.118110 0.805825 -0.000000,
        -2.118110 0.717949 -0.059055,
        -2.118110 0.797959 0.018991,
        -2.118110 0.702217 -0.021074,
        -2.118110 0.795276 0.039370,
        -2.118110 0.696850 0.019685,
        -2.118110 0.795276 0.059055,
        -2.118110 0.696850 0.059055,
        -2.314961 0.244094 0.137795,
        -2.393701 0.244094 0.137795,
        -2.314961 0.657480 0.137795,
        -2.393701 0.716535 0.137795,
        -2.313974 0.666241 0.137795,
        -2.311062 0.674562 0.137795,
        -2.391727 0.734057 0.137795,
        -2.306371 0.682027 0.137795,
        -2.385903 0.750700 0.137795,
        -2.376522 0.765629 0.137795,
        -2.300137 0.688261 0.137795,
        -2.275591 0.795276 0.137795,
        -2.275591 0.696850 0.137795,
        -2.314961 0.795276 0.137795,
        -2.284351 0.695863 0.137795,
        -2.332482 0.793302 0.137795,
        -2.292672 0.692952 0.137795,
        -2.349124 0.787478 0.137795,
        -2.364054 0.778097 0.137795,
        -1.807097 0.244094 2.246254,
        -1.881890 0.244094 2.027559,
        -1.807097 0.637795 2.246254,
        -1.881890 0.637795 2.027559,
        -1.881600 0.244094 2.271734,
        -1.881600 0.637795 2.271734,
        -1.956393 0.244094 2.053039,
        -1.956393 0.637795 2.053039,
        -1.975421 0.637795 1.977608,
        -1.975421 0.244094 1.977608,
        -1.981813 0.637795 1.900077,
        -1.981813 0.244094 1.900077,
        -1.975394 0.637795 1.822548,
        -1.975394 0.244094 1.822548,
        -1.956340 0.637795 1.747124,
        -1.956340 0.244094 1.747124,
        -1.702021 0.244094 1.004336,
        -1.702021 0.637795 1.004336,
        -1.689314 0.244094 0.954026,
        -1.689314 0.637795 0.954026,
        -1.685039 0.244094 0.902313,
        -1.685039 0.637795 0.902313,
        -1.685039 0.657480 0.688976,
        -1.685039 0.637795 0.688976,
        -1.606299 0.637795 0.902313,
        -1.606299 0.244094 0.902313,
        -1.606299 0.637795 0.688976,
        -1.606299 0.716535 0.688976,
        -1.611642 0.637795 0.966955,
        -1.611642 0.244094 0.966955,
        -1.627526 0.637795 1.029842,
        -1.627526 0.244094 1.029842,
        -1.881845 0.244094 1.772630,
        -1.881845 0.637795 1.772630,
        -1.897724 0.244094 1.835483,
        -1.897724 0.637795 1.835483,
        -1.903073 0.244094 1.900091,
        -1.903073 0.637795 1.900091,
        -1.897746 0.244094 1.964700,
        -1.897746 0.637795 1.964700,
        -2.118110 0.795276 0.688976,
        -2.118110 0.696850 0.688976,
        -2.118110 0.795276 2.322835,
        -2.118110 0.696850 2.027559,
        -2.118110 0.736220 2.322835,
        -2.114086 1.310097 -0.039370,
        -2.102287 1.338583 -0.039370,
        -1.885914 1.310097 -0.039370,
        -1.897713 1.338583 -0.039370,
        -1.940945 1.381814 -0.039370,
        -1.969431 1.393613 -0.039370,
        -2.000000 1.397638 -0.039370,
        -1.916483 1.363044 -0.039370,
        -2.083517 1.363044 -0.039370,
        -2.030569 1.393613 -0.039370,
        -2.059055 1.381814 -0.039370,
        -2.314961 0.795276 0.688976,
        -1.685039 0.795276 0.688976,
        -1.881890 0.795276 0.688976,
        -1.881890 0.795276 2.322835,
        -1.724409 0.795276 0.059055,
        -2.275591 0.795276 0.059055,
        -1.881890 0.736220 2.322835,
        -1.881890 0.696850 2.027559,
        -2.275591 0.696850 0.059055,
        -1.724409 0.696850 0.688976,
        -1.881890 0.696850 0.688976,
        -1.724409 0.696850 0.059055,
        -2.275591 0.696850 0.688976,
        -2.114086 1.310097 -0.137795,
        -2.102287 1.338583 -0.137795,
        -1.885914 1.310097 -0.137795,
        -2.083517 1.363044 -0.137795,
        -2.059055 1.381814 -0.137795,
        -2.030569 1.393613 -0.137795,
        -2.000000 1.397638 -0.137795,
        -1.969431 1.393613 -0.137795,
        -1.940945 1.381814 -0.137795,
        -1.897713 1.338583 -0.137795,
        -1.916483 1.363044 -0.137795,
        -2.314961 0.637795 0.902313,
        -2.314961 0.244094 0.902313,
        -2.314961 0.637795 0.688976,
        -2.314961 0.657480 0.688976,
        -2.313974 0.666241 0.688976,
        -2.311062 0.674562 0.688976,
        -2.306371 0.682027 0.688976,
        -2.300137 0.688261 0.688976,
        -2.292672 0.692952 0.688976,
        -2.284351 0.695863 0.688976,
        -2.332482 0.793302 0.688976,
        -2.349124 0.787478 0.688976,
        -2.364054 0.778097 0.688976,
        -2.376522 0.765629 0.688976,
        -2.385903 0.750700 0.688976,
        -2.391727 0.734057 0.688976,
        -2.393701 0.716535 0.688976,
        -2.393701 0.637795 0.688976,
        -2.393701 0.637795 0.902313,
        -2.393701 0.244094 0.902313,
        -1.608273 0.734057 0.688976,
        -1.614097 0.750700 0.688976,
        -1.623478 0.765629 0.688976,
        -1.635946 0.778097 0.688976,
        -1.650875 0.787478 0.688976,
        -1.667518 0.793302 0.688976,
        -1.715649 0.695863 0.688976,
        -1.707328 0.692952 0.688976,
        -1.699863 0.688261 0.688976,
        -1.693628 0.682027 0.688976,
        -1.688938 0.674562 0.688976,
        -1.686026 0.666241 0.688976,
        -2.192903 0.637795 2.246254,
        -2.118400 0.637795 2.271734,
        -2.118110 0.637795 2.027559,
        -2.043607 0.637795 2.053039,
        -2.102254 0.637795 1.964700,
        -2.024579 0.637795 1.977608,
        -2.096928 0.637795 1.900091,
        -2.018187 0.637795 1.900077,
        -2.102276 0.637795 1.835483,
        -2.024606 0.637795 1.822548,
        -2.118155 0.637795 1.772630,
        -2.043660 0.637795 1.747124,
        -2.372474 0.637795 1.029842,
        -2.297979 0.637795 1.004336,
        -2.388358 0.637795 0.966955,
        -2.310686 0.637795 0.954026,
        -2.118400 0.244094 2.271734,
        -2.043607 0.244094 2.053039,
        -2.192903 0.244094 2.246254,
        -2.118110 0.244094 2.027559,
        -2.102254 0.244094 1.964700,
        -2.096928 0.244094 1.900091,
        -2.102276 0.244094 1.835483,
        -2.118155 0.244094 1.772630,
        -2.372474 0.244094 1.029842,
        -2.388358 0.244094 0.966955,
        -2.310686 0.244094 0.954026,
        -2.297979 0.244094 1.004336,
        -2.043660 0.244094 1.747124,
        -2.024606 0.244094 1.822548,
        -2.018187 0.244094 1.900077,
        -2.024579 0.244094 1.977608,
        -0.606299 0.244094 0.137795,
        -0.685039 0.244094 0.137795,
        -0.606299 0.716535 0.137795,
        -0.685039 0.657480 0.137795,
        -0.724409 0.696850 0.137795,
        -0.724409 0.795276 0.137795,
        -0.715649 0.695863 0.137795,
        -0.685039 0.795276 0.137795,
        -0.707328 0.692952 0.137795,
        -0.686026 0.666241 0.137795,
        -0.688938 0.674562 0.137795,
        -0.608274 0.734057 0.137795,
        -0.693629 0.682027 0.137795,
        -0.667518 0.793302 0.137795,
        -0.650875 0.787478 0.137795,
        -0.699863 0.688261 0.137795,
        -0.635946 0.778097 0.137795,
        -0.623478 0.765629 0.137795,
        -0.614097 0.750700 0.137795,
        -0.881890 0.795276 0.059055,
        -0.881890 0.696850 0.059055,
        -0.881890 0.795276 0.039370,
        -0.881890 0.696850 0.019685,
        -0.881890 0.797959 0.018991,
        -0.881890 0.702217 -0.021074,
        -0.881890 0.805825 -0.000000,
        -0.881890 0.717949 -0.059055,
        -0.881890 0.818338 -0.016307,
        -0.881890 0.742975 -0.091670,
        -0.881890 0.834646 -0.028821,
        -0.881890 0.775591 -0.116697,
        -0.881890 0.853636 -0.036687,
        -0.881890 0.813572 -0.132429,
        -0.881890 0.874016 -0.039370,
        -0.881890 0.854331 -0.137795,
        -0.881890 1.279528 -0.039370,
        -0.881890 1.279528 -0.137795,
        -1.118110 1.279528 -0.039370,
        -1.118110 1.279528 -0.137795,
        -1.118110 0.874016 -0.039370,
        -1.118110 0.854331 -0.137795,
        -1.118110 0.853636 -0.036687,
        -1.118110 0.813572 -0.132429,
        -1.118110 0.834646 -0.028821,
        -1.118110 0.775591 -0.116697,
        -1.118110 0.818338 -0.016307,
        -1.118110 0.742975 -0.091670,
        -1.118110 0.805825 -0.000000,
        -1.118110 0.717949 -0.059055,
        -1.118110 0.797959 0.018991,
        -1.118110 0.702217 -0.021074,
        -1.118110 0.795276 0.039370,
        -1.118110 0.696850 0.019685,
        -1.118110 0.795276 0.059055,
        -1.118110 0.696850 0.059055,
        -1.314961 0.244094 0.137795,
        -1.393701 0.244094 0.137795,
        -1.314961 0.657480 0.137795,
        -1.393701 0.716535 0.137795,
        -1.313974 0.666241 0.137795,
        -1.311062 0.674562 0.137795,
        -1.391727 0.734057 0.137795,
        -1.306371 0.682027 0.137795,
        -1.385903 0.750700 0.137795,
        -1.376522 0.765629 0.137795,
        -1.300137 0.688261 0.137795,
        -1.275591 0.795276 0.137795,
        -1.275591 0.696850 0.137795,
        -1.314961 0.795276 0.137795,
        -1.284351 0.695863 0.137795,
        -1.332482 0.793302 0.137795,
        -1.292672 0.692952 0.137795,
        -1.349125 0.787478 0.137795,
        -1.364054 0.778097 0.137795,
        -0.807097 0.244094 2.246254,
        -0.881890 0.244094 2.027559,
        -0.807097 0.637795 2.246254,
        -0.881890 0.637795 2.027559,
        -0.881600 0.244094 2.271734,
        -0.881600 0.637795 2.271734,
        -0.956393 0.244094 2.053039,
        -0.956393 0.637795 2.053039,
        -0.975421 0.637795 1.977608,
        -0.975421 0.244094 1.977608,
        -0.981813 0.637795 1.900077,
        -0.981813 0.244094 1.900077,
        -0.975394 0.637795 1.822548,
        -0.975394 0.244094 1.822548,
        -0.956340 0.637795 1.747124,
        -0.956340 0.244094 1.747124,
        -0.702021 0.244094 1.004336,
        -0.702021 0.637795 1.004336,
        -0.689314 0.244094 0.954026,
        -0.689314 0.637795 0.954026,
        -0.685039 0.244094 0.902313,
        -0.685039 0.637795 0.902313,
        -0.685039 0.657480 0.688976,
        -0.685039 0.637795 0.688976,
        -0.606299 0.637795 0.902313,
        -0.606299 0.244094 0.902313,
        -0.606299 0.637795 0.688976,
        -0.606299 0.716535 0.688976,
        -0.611642 0.637795 0.966955,
        -0.611642 0.244094 0.966955,
        -0.627526 0.637795 1.029842,
        -0.627526 0.244094 1.029842,
        -0.881845 0.244094 1.772630,
        -0.881845 0.637795 1.772630,
        -0.897724 0.244094 1.835483,
        -0.897724 0.637795 1.835483,
        -0.903072 0.244094 1.900091,
        -0.903072 0.637795 1.900091,
        -0.897746 0.244094 1.964700,
        -0.897746 0.637795 1.964700,
        -1.118110 0.795276 0.688976,
        -1.118110 0.696850 0.688976,
        -1.118110 0.795276 2.322835,
        -1.118110 0.696850 2.027559,
        -1.118110 0.736220 2.322835,
        -1.114086 1.310097 -0.039370,
        -1.030569 1.393613 -0.039370,
        -1.059055 1.381814 -0.039370,
        -0.940945 1.381814 -0.039370,
        -0.969431 1.393613 -0.039370,
        -1.000000 1.397638 -0.039370,
        -1.083517 1.363044 -0.039370,
        -1.102287 1.338583 -0.039370,
        -0.885914 1.310097 -0.039370,
        -0.897713 1.338583 -0.039370,
        -0.916483 1.363044 -0.039370,
        -1.314961 0.795276 0.688976,
        -0.685039 0.795276 0.688976,
        -0.881890 0.795276 0.688976,
        -0.881890 0.795276 2.322835,
        -0.724409 0.795276 0.059055,
        -1.275591 0.795276 0.059055,
        -0.881890 0.736220 2.322835,
        -0.881890 0.696850 2.027559,
        -1.275591 0.696850 0.059055,
        -0.724409 0.696850 0.688976,
        -0.881890 0.696850 0.688976,
        -0.724409 0.696850 0.059055,
        -1.275591 0.696850 0.688976,
        -1.114086 1.310097 -0.137795,
        -1.102287 1.338583 -0.137795,
        -1.083517 1.363044 -0.137795,
        -0.897713 1.338583 -0.137795,
        -0.885914 1.310097 -0.137795,
        -1.059055 1.381814 -0.137795,
        -1.030569 1.393613 -0.137795,
        -1.000000 1.397638 -0.137795,
        -0.969431 1.393613 -0.137795,
        -0.940945 1.381814 -0.137795,
        -0.916483 1.363044 -0.137795,
        -1.314961 0.637795 0.902313,
        -1.314961 0.244094 0.902313,
        -1.314961 0.637795 0.688976,
        -1.314961 0.657480 0.688976,
        -1.313974 0.666241 0.688976,
        -1.311062 0.674562 0.688976,
        -1.306371 0.682027 0.688976,
        -1.300137 0.688261 0.688976,
        -1.292672 0.692952 0.688976,
        -1.284351 0.695863 0.688976,
        -1.332482 0.793302 0.688976,
        -1.349125 0.787478 0.688976,
        -1.364054 0.778097 0.688976,
        -1.376522 0.765629 0.688976,
        -1.385903 0.750700 0.688976,
        -1.391727 0.734057 0.688976,
        -1.393701 0.716535 0.688976,
        -1.393701 0.637795 0.688976,
        -1.393701 0.637795 0.902313,
        -1.393701 0.244094 0.902313,
        -0.608274 0.734057 0.688976,
        -0.614097 0.750700 0.688976,
        -0.623478 0.765629 0.688976,
        -0.635946 0.778097 0.688976,
        -0.650875 0.787478 0.688976,
        -0.667518 0.793302 0.688976,
        -0.715649 0.695863 0.688976,
        -0.707328 0.692952 0.688976,
        -0.699863 0.688261 0.688976,
        -0.693629 0.682027 0.688976,
        -0.688938 0.674562 0.688976,
        -0.686026 0.666241 0.688976,
        -1.192903 0.637795 2.246254,
        -1.118400 0.637795 2.271734,
        -1.118110 0.637795 2.027559,
        -1.043607 0.637795 2.053039,
        -1.102254 0.637795 1.964700,
        -1.024579 0.637795 1.977608,
        -1.096928 0.637795 1.900091,
        -1.018187 0.637795 1.900077,
        -1.102276 0.637795 1.835483,
        -1.024606 0.637795 1.822548,
        -1.118154 0.637795 1.772630,
        -1.043660 0.637795 1.747124,
        -1.372474 0.637795 1.029842,
        -1.297979 0.637795 1.004336,
        -1.388358 0.637795 0.966955,
        -1.310686 0.637795 0.954026,
        -1.118400 0.244094 2.271734,
        -1.043607 0.244094 2.053039,
        -1.192903 0.244094 2.246254,
        -1.118110 0.244094 2.027559,
        -1.102254 0.244094 1.964700,
        -1.096928 0.244094 1.900091,
        -1.102276 0.244094 1.835483,
        -1.118154 0.244094 1.772630,
        -1.372474 0.244094 1.029842,
        -1.388358 0.244094 0.966955,
        -1.310686 0.244094 0.954026,
        -1.297979 0.244094 1.004336,
        -1.043660 0.244094 1.747124,
        -1.024606 0.244094 1.822548,
        -1.018187 0.244094 1.900077,
        -1.024579 0.244094 1.977608,
        0.393701 0.244094 0.137795,
        0.314961 0.244094 0.137795,
        0.393701 0.716535 0.137795,
        0.314961 0.657480 0.137795,
        0.275591 0.696850 0.137795,
        0.275591 0.795276 0.137795,
        0.284351 0.695863 0.137795,
        0.314961 0.795276 0.137795,
        0.292672 0.692952 0.137795,
        0.313974 0.666241 0.137795,
        0.311062 0.674562 0.137795,
        0.391727 0.734057 0.137795,
        0.306371 0.682027 0.137795,
        0.332482 0.793302 0.137795,
        0.349125 0.787478 0.137795,
        0.300137 0.688261 0.137795,
        0.364054 0.778097 0.137795,
        0.376522 0.765629 0.137795,
        0.385903 0.750700 0.137795,
        0.118110 0.795276 0.059055,
        0.118110 0.696850 0.059055,
        0.118110 0.795276 0.039370,
        0.118110 0.696850 0.019685,
        0.118110 0.797959 0.018991,
        0.118110 0.702217 -0.021074,
        0.118110 0.805825 -0.000000,
        0.118110 0.717949 -0.059055,
        0.118110 0.818338 -0.016307,
        0.118110 0.742975 -0.091670,
        0.118110 0.834646 -0.028821,
        0.118110 0.775591 -0.116697,
        0.118110 0.853636 -0.036687,
        0.118110 0.813572 -0.132429,
        0.118110 0.874016 -0.039370,
        0.118110 0.854331 -0.137795,
        0.118110 1.279528 -0.039370,
        0.118110 1.279528 -0.137795,
        -0.118110 1.279528 -0.039370,
        -0.118110 1.279528 -0.137795,
        -0.118110 0.874016 -0.039370,
        -0.118110 0.854331 -0.137795,
        -0.118110 0.853636 -0.036687,
        -0.118110 0.813572 -0.132429,
        -0.118110 0.834646 -0.028821,
        -0.118110 0.775591 -0.116697,
        -0.118110 0.818338 -0.016307,
        -0.118110 0.742975 -0.091670,
        -0.118110 0.805825 -0.000000,
        -0.118110 0.717949 -0.059055,
        -0.118110 0.797959 0.018991,
        -0.118110 0.702217 -0.021074,
        -0.118110 0.795276 0.039370,
        -0.118110 0.696850 0.019685,
        -0.118110 0.795276 0.059055,
        -0.118110 0.696850 0.059055,
        -0.314961 0.244094 0.137795,
        -0.393701 0.244094 0.137795,
        -0.314961 0.657480 0.137795,
        -0.393701 0.716535 0.137795,
        -0.313974 0.666241 0.137795,
        -0.311062 0.674562 0.137795,
        -0.391727 0.734057 0.137795,
        -0.306371 0.682027 0.137795,
        -0.385903 0.750700 0.137795,
        -0.376522 0.765629 0.137795,
        -0.300137 0.688261 0.137795,
        -0.275591 0.795276 0.137795,
        -0.275591 0.696850 0.137795,
        -0.314961 0.795276 0.137795,
        -0.284351 0.695863 0.137795,
        -0.332482 0.793302 0.137795,
        -0.292672 0.692952 0.137795,
        -0.349125 0.787478 0.137795,
        -0.364054 0.778097 0.137795,
        0.192903 0.244094 2.246254,
        0.118110 0.244094 2.027559,
        0.192903 0.637795 2.246254,
        0.118110 0.637795 2.027559,
        0.118400 0.244094 2.271734,
        0.118400 0.637795 2.271734,
        0.043607 0.244094 2.053039,
        0.043607 0.637795 2.053039,
        0.024579 0.637795 1.977608,
        0.024579 0.244094 1.977608,
        0.018187 0.637795 1.900077,
        0.018187 0.244094 1.900077,
        0.024606 0.637795 1.822548,
        0.024606 0.244094 1.822548,
        0.043660 0.637795 1.747124,
        0.043660 0.244094 1.747124,
        0.297979 0.244094 1.004336,
        0.297979 0.637795 1.004336,
        0.310686 0.244094 0.954026,
        0.310686 0.637795 0.954026,
        0.314961 0.244094 0.902313,
        0.314961 0.637795 0.902313,
        0.314961 0.657480 0.688976,
        0.314961 0.637795 0.688976,
        0.393701 0.637795 0.902313,
        0.393701 0.244094 0.902313,
        0.393701 0.637795 0.688976,
        0.393701 0.716535 0.688976,
        0.388358 0.637795 0.966955,
        0.388358 0.244094 0.966955,
        0.372474 0.637795 1.029842,
        0.372474 0.244094 1.029842,
        0.118155 0.244094 1.772630,
        0.118155 0.637795 1.772630,
        0.102276 0.244094 1.835483,
        0.102276 0.637795 1.835483,
        0.096928 0.244094 1.900091,
        0.096928 0.637795 1.900091,
        0.102254 0.244094 1.964700,
        0.102254 0.637795 1.964700,
        -0.118110 0.795276 0.688976,
        -0.118110 0.696850 0.688976,
        -0.118110 0.795276 2.322835,
        -0.118110 0.696850 2.027559,
        -0.118110 0.736220 2.322835,
        -0.114086 1.310097 -0.039370,
        -0.059055 1.381814 -0.039370,
        -0.030569 1.393613 -0.039370,
        -0.000000 1.397638 -0.039370,
        0.102287 1.338583 -0.039370,
        0.083517 1.363044 -0.039370,
        0.114086 1.310097 -0.039370,
        0.059055 1.381814 -0.039370,
        0.030569 1.393613 -0.039370,
        -0.083517 1.363044 -0.039370,
        -0.102287 1.338583 -0.039370,
        -0.314961 0.795276 0.688976,
        0.314961 0.795276 0.688976,
        0.118110 0.795276 0.688976,
        0.118110 0.795276 2.322835,
        0.275591 0.795276 0.059055,
        -0.275591 0.795276 0.059055,
        0.118110 0.736220 2.322835,
        0.118110 0.696850 2.027559,
        -0.275591 0.696850 0.059055,
        0.275591 0.696850 0.688976,
        0.118110 0.696850 0.688976,
        0.275591 0.696850 0.059055,
        -0.275591 0.696850 0.688976,
        -0.030569 1.393613 -0.137795,
        0.000000 1.397638 -0.137795,
        -0.102287 1.338583 -0.137795,
        -0.083517 1.363044 -0.137795,
        -0.059055 1.381814 -0.137795,
        0.030569 1.393613 -0.137795,
        0.059055 1.381814 -0.137795,
        0.083517 1.363044 -0.137795,
        -0.114086 1.310097 -0.137795,
        0.102287 1.338583 -0.137795,
        0.114086 1.310097 -0.137795,
        -0.314961 0.637795 0.902313,
        -0.314961 0.244094 0.902313,
        -0.314961 0.637795 0.688976,
        -0.314961 0.657480 0.688976,
        -0.313974 0.666241 0.688976,
        -0.311062 0.674562 0.688976,
        -0.306371 0.682027 0.688976,
        -0.300137 0.688261 0.688976,
        -0.292672 0.692952 0.688976,
        -0.284351 0.695863 0.688976,
        -0.332482 0.793302 0.688976,
        -0.349125 0.787478 0.688976,
        -0.364054 0.778097 0.688976,
        -0.376522 0.765629 0.688976,
        -0.385903 0.750700 0.688976,
        -0.391727 0.734057 0.688976,
        -0.393701 0.716535 0.688976,
        -0.393701 0.637795 0.688976,
        -0.393701 0.637795 0.902313,
        -0.393701 0.244094 0.902313,
        0.391727 0.734057 0.688976,
        0.385903 0.750700 0.688976,
        0.376522 0.765629 0.688976,
        0.364054 0.778097 0.688976,
        0.349125 0.787478 0.688976,
        0.332482 0.793302 0.688976,
        0.284351 0.695863 0.688976,
        0.292672 0.692952 0.688976,
        0.300137 0.688261 0.688976,
        0.306371 0.682027 0.688976,
        0.311062 0.674562 0.688976,
        0.313974 0.666241 0.688976,
        -0.192903 0.637795 2.246254,
        -0.118400 0.637795 2.271734,
        -0.118110 0.637795 2.027559,
        -0.043607 0.637795 2.053039,
        -0.102254 0.637795 1.964700,
        -0.024579 0.637795 1.977608,
        -0.096928 0.637795 1.900091,
        -0.018187 0.637795 1.900077,
        -0.102276 0.637795 1.835483,
        -0.024606 0.637795 1.822548,
        -0.118155 0.637795 1.772630,
        -0.043660 0.637795 1.747124,
        -0.372474 0.637795 1.029842,
        -0.297979 0.637795 1.004336,
        -0.388358 0.637795 0.966955,
        -0.310686 0.637795 0.954026,
        -0.118400 0.244094 2.271734,
        -0.043607 0.244094 2.053039,
        -0.192903 0.244094 2.246254,
        -0.118110 0.244094 2.027559,
        -0.102254 0.244094 1.964700,
        -0.096928 0.244094 1.900091,
        -0.102276 0.244094 1.835483,
        -0.118155 0.244094 1.772630,
        -0.372474 0.244094 1.029842,
        -0.388358 0.244094 0.966955,
        -0.310686 0.244094 0.954026,
        -0.297979 0.244094 1.004336,
        -0.043660 0.244094 1.747124,
        -0.024606 0.244094 1.822548,
        -0.018187 0.244094 1.900077,
        -0.024579 0.244094 1.977608,
        1.393701 0.244094 0.137795,
        1.314961 0.244094 0.137795,
        1.393701 0.716535 0.137795,
        1.314961 0.657480 0.137795,
        1.349125 0.787478 0.137795,
        1.300137 0.688261 0.137795,
        1.292672 0.692952 0.137795,
        1.364054 0.778097 0.137795,
        1.376522 0.765629 0.137795,
        1.306371 0.682027 0.137795,
        1.275591 0.696850 0.137795,
        1.275591 0.795276 0.137795,
        1.284351 0.695863 0.137795,
        1.314961 0.795276 0.137795,
        1.332482 0.793302 0.137795,
        1.313974 0.666241 0.137795,
        1.311062 0.674562 0.137795,
        1.391727 0.734057 0.137795,
        1.385903 0.750700 0.137795,
        1.118110 0.795276 0.059055,
        1.118110 0.696850 0.059055,
        1.118110 0.795276 0.039370,
        1.118110 0.696850 0.019685,
        1.118110 0.797959 0.018991,
        1.118110 0.702217 -0.021074,
        1.118110 0.805825 -0.000000,
        1.118110 0.717949 -0.059055,
        1.118110 0.818338 -0.016307,
        1.118110 0.742975 -0.091670,
        1.118110 0.834646 -0.028821,
        1.118110 0.775591 -0.116697,
        1.118110 0.853636 -0.036687,
        1.118110 0.813572 -0.132429,
        1.118110 0.874016 -0.039370,
        1.118110 0.854331 -0.137795,
        1.118110 1.279528 -0.039370,
        1.118110 1.279528 -0.137795,
        0.881890 1.279528 -0.039370,
        0.881890 1.279528 -0.137795,
        0.881890 0.874016 -0.039370,
        0.881890 0.854331 -0.137795,
        0.881890 0.853636 -0.036687,
        0.881890 0.813572 -0.132429,
        0.881890 0.834646 -0.028821,
        0.881890 0.775591 -0.116697,
        0.881890 0.818338 -0.016307,
        0.881890 0.742975 -0.091670,
        0.881890 0.805825 -0.000000,
        0.881890 0.717949 -0.059055,
        0.881890 0.797959 0.018991,
        0.881890 0.702217 -0.021074,
        0.881890 0.795276 0.039370,
        0.881890 0.696850 0.019685,
        0.881890 0.795276 0.059055,
        0.881890 0.696850 0.059055,
        0.685039 0.244094 0.137795,
        0.606299 0.244094 0.137795,
        0.685039 0.657480 0.137795,
        0.606299 0.716535 0.137795,
        0.686026 0.666241 0.137795,
        0.688938 0.674562 0.137795,
        0.608274 0.734057 0.137795,
        0.693629 0.682027 0.137795,
        0.614097 0.750700 0.137795,
        0.623478 0.765629 0.137795,
        0.699863 0.688261 0.137795,
        0.724409 0.795276 0.137795,
        0.724409 0.696850 0.137795,
        0.685039 0.795276 0.137795,
        0.715649 0.695863 0.137795,
        0.667518 0.793302 0.137795,
        0.707328 0.692952 0.137795,
        0.650875 0.787478 0.137795,
        0.635946 0.778097 0.137795,
        1.192903 0.244094 2.246254,
        1.118110 0.244094 2.027559,
        1.192903 0.637795 2.246254,
        1.118110 0.637795 2.027559,
        1.118400 0.244094 2.271734,
        1.118400 0.637795 2.271734,
        1.043607 0.244094 2.053039,
        1.043607 0.637795 2.053039,
        1.024579 0.637795 1.977608,
        1.024579 0.244094 1.977608,
        1.018187 0.637795 1.900077,
        1.018187 0.244094 1.900077,
        1.024606 0.637795 1.822548,
        1.024606 0.244094 1.822548,
        1.043660 0.637795 1.747124,
        1.043660 0.244094 1.747124,
        1.297979 0.244094 1.004336,
        1.297979 0.637795 1.004336,
        1.310686 0.244094 0.954026,
        1.310686 0.637795 0.954026,
        1.314961 0.244094 0.902313,
        1.314961 0.637795 0.902313,
        1.314961 0.657480 0.688976,
        1.314961 0.637795 0.688976,
        1.393701 0.637795 0.902313,
        1.393701 0.244094 0.902313,
        1.393701 0.637795 0.688976,
        1.393701 0.716535 0.688976,
        1.388358 0.637795 0.966955,
        1.388358 0.244094 0.966955,
        1.372474 0.637795 1.029842,
        1.372474 0.244094 1.029842,
        1.118154 0.244094 1.772630,
        1.118154 0.637795 1.772630,
        1.102276 0.244094 1.835483,
        1.102276 0.637795 1.835483,
        1.096928 0.244094 1.900091,
        1.096928 0.637795 1.900091,
        1.102254 0.244094 1.964700,
        1.102254 0.637795 1.964700,
        0.881890 0.795276 0.688976,
        0.881890 0.696850 0.688976,
        0.881890 0.795276 2.322835,
        0.881890 0.696850 2.027559,
        0.881890 0.736220 2.322835,
        0.885914 1.310097 -0.039370,
        0.969431 1.393613 -0.039370,
        0.940945 1.381814 -0.039370,
        1.059055 1.381814 -0.039370,
        1.030569 1.393613 -0.039370,
        1.000000 1.397638 -0.039370,
        0.916483 1.363044 -0.039370,
        0.897713 1.338583 -0.039370,
        1.114086 1.310097 -0.039370,
        1.102287 1.338583 -0.039370,
        1.083517 1.363044 -0.039370,
        0.685039 0.795276 0.688976,
        1.314961 0.795276 0.688976,
        1.118110 0.795276 0.688976,
        1.118110 0.795276 2.322835,
        1.275591 0.795276 0.059055,
        0.724409 0.795276 0.059055,
        1.118110 0.736220 2.322835,
        1.118110 0.696850 2.027559,
        0.724409 0.696850 0.059055,
        1.275591 0.696850 0.688976,
        1.118110 0.696850 0.688976,
        1.275591 0.696850 0.059055,
        0.724409 0.696850 0.688976,
        0.885914 1.310097 -0.137795,
        0.897713 1.338583 -0.137795,
        0.916483 1.363044 -0.137795,
        1.102287 1.338583 -0.137795,
        1.114086 1.310097 -0.137795,
        0.940945 1.381814 -0.137795,
        0.969431 1.393613 -0.137795,
        1.000000 1.397638 -0.137795,
        1.030569 1.393613 -0.137795,
        1.059055 1.381814 -0.137795,
        1.083517 1.363044 -0.137795,
        0.685039 0.637795 0.902313,
        0.685039 0.244094 0.902313,
        0.685039 0.637795 0.688976,
        0.685039 0.657480 0.688976,
        0.686026 0.666241 0.688976,
        0.688938 0.674562 0.688976,
        0.693629 0.682027 0.688976,
        0.699863 0.688261 0.688976,
        0.707328 0.692952 0.688976,
        0.715649 0.695863 0.688976,
        0.667518 0.793302 0.688976,
        0.650875 0.787478 0.688976,
        0.635946 0.778097 0.688976,
        0.623478 0.765629 0.688976,
        0.614097 0.750700 0.688976,
        0.608274 0.734057 0.688976,
        0.606299 0.716535 0.688976,
        0.606299 0.637795 0.688976,
        0.606299 0.637795 0.902313,
        0.606299 0.244094 0.902313,
        1.391727 0.734057 0.688976,
        1.385903 0.750700 0.688976,
        1.376522 0.765629 0.688976,
        1.364054 0.778097 0.688976,
        1.349125 0.787478 0.688976,
        1.332482 0.793302 0.688976,
        1.284351 0.695863 0.688976,
        1.292672 0.692952 0.688976,
        1.300137 0.688261 0.688976,
        1.306371 0.682027 0.688976,
        1.311062 0.674562 0.688976,
        1.313974 0.666241 0.688976,
        0.807097 0.637795 2.246254,
        0.881600 0.637795 2.271734,
        0.881890 0.637795 2.027559,
        0.956393 0.637795 2.053039,
        0.897746 0.637795 1.964700,
        0.975421 0.637795 1.977608,
        0.903072 0.637795 1.900091,
        0.981813 0.637795 1.900077,
        0.897724 0.637795 1.835483,
        0.975394 0.637795 1.822548,
        0.881845 0.637795 1.772630,
        0.956340 0.637795 1.747124,
        0.627526 0.637795 1.029842,
        0.702021 0.637795 1.004336,
        0.611642 0.637795 0.966955,
        0.689314 0.637795 0.954026,
        0.881600 0.244094 2.271734,
        0.956393 0.244094 2.053039,
        0.807097 0.244094 2.246254,
        0.881890 0.244094 2.027559,
        0.897746 0.244094 1.964700,
        0.903072 0.244094 1.900091,
        0.897724 0.244094 1.835483,
        0.881845 0.244094 1.772630,
        0.627526 0.244094 1.029842,
        0.611642 0.244094 0.966955,
        0.689314 0.244094 0.954026,
        0.702021 0.244094 1.004336,
        0.956340 0.244094 1.747124,
        0.975394 0.244094 1.822548,
        0.981813 0.244094 1.900077,
        0.975421 0.244094 1.977608,
        2.393701 0.244094 0.137795,
        2.314961 0.244094 0.137795,
        2.393701 0.716535 0.137795,
        2.314961 0.657480 0.137795,
        2.313974 0.666241 0.137795,
        2.311062 0.674562 0.137795,
        2.391727 0.734057 0.137795,
        2.306371 0.682027 0.137795,
        2.300137 0.688261 0.137795,
        2.376522 0.765629 0.137795,
        2.385903 0.750700 0.137795,
        2.292672 0.692952 0.137795,
        2.349124 0.787478 0.137795,
        2.364054 0.778097 0.137795,
        2.275591 0.696850 0.137795,
        2.275591 0.795276 0.137795,
        2.284351 0.695863 0.137795,
        2.314961 0.795276 0.137795,
        2.332482 0.793302 0.137795,
        2.118110 0.795276 0.059055,
        2.118110 0.696850 0.059055,
        2.118110 0.795276 0.039370,
        2.118110 0.696850 0.019685,
        2.118110 0.797959 0.018991,
        2.118110 0.702217 -0.021074,
        2.118110 0.805825 -0.000000,
        2.118110 0.717949 -0.059055,
        2.118110 0.818338 -0.016307,
        2.118110 0.742975 -0.091670,
        2.118110 0.834646 -0.028821,
        2.118110 0.775591 -0.116697,
        2.118110 0.853636 -0.036687,
        2.118110 0.813572 -0.132429,
        2.118110 0.874016 -0.039370,
        2.118110 0.854331 -0.137795,
        2.118110 1.279528 -0.039370,
        2.118110 1.279528 -0.137795,
        1.881890 1.279528 -0.039370,
        1.881890 1.279528 -0.137795,
        1.881890 0.874016 -0.039370,
        1.881890 0.854331 -0.137795,
        1.881890 0.853636 -0.036687,
        1.881890 0.813572 -0.132429,
        1.881890 0.834646 -0.028821,
        1.881890 0.775591 -0.116697,
        1.881890 0.818338 -0.016307,
        1.881890 0.742975 -0.091670,
        1.881890 0.805825 -0.000000,
        1.881890 0.717949 -0.059055,
        1.881890 0.797959 0.018991,
        1.881890 0.702217 -0.021074,
        1.881890 0.795276 0.039370,
        1.881890 0.696850 0.019685,
        1.881890 0.795276 0.059055,
        1.881890 0.696850 0.059055,
        1.685039 0.244094 0.137795,
        1.606299 0.244094 0.137795,
        1.685039 0.657480 0.137795,
        1.606299 0.716535 0.137795,
        1.686026 0.666241 0.137795,
        1.688938 0.674562 0.137795,
        1.608273 0.734057 0.137795,
        1.693628 0.682027 0.137795,
        1.614097 0.750700 0.137795,
        1.623478 0.765629 0.137795,
        1.699863 0.688261 0.137795,
        1.724409 0.795276 0.137795,
        1.724409 0.696850 0.137795,
        1.685039 0.795276 0.137795,
        1.715649 0.695863 0.137795,
        1.667518 0.793302 0.137795,
        1.707328 0.692952 0.137795,
        1.650875 0.787478 0.137795,
        1.635946 0.778097 0.137795,
        2.192903 0.244094 2.246254,
        2.118110 0.244094 2.027559,
        2.192903 0.637795 2.246254,
        2.118110 0.637795 2.027559,
        2.118400 0.244094 2.271734,
        2.118400 0.637795 2.271734,
        2.043607 0.244094 2.053039,
        2.043607 0.637795 2.053039,
        2.024579 0.637795 1.977608,
        2.024579 0.244094 1.977608,
        2.018187 0.637795 1.900077,
        2.018187 0.244094 1.900077,
        2.024606 0.637795 1.822548,
        2.024606 0.244094 1.822548,
        2.043660 0.637795 1.747124,
        2.043660 0.244094 1.747124,
        2.297979 0.244094 1.004336,
        2.297979 0.637795 1.004336,
        2.310686 0.244094 0.954026,
        2.310686 0.637795 0.954026,
        2.314961 0.244094 0.902313,
        2.314961 0.637795 0.902313,
        2.314961 0.657480 0.688976,
        2.314961 0.637795 0.688976,
        2.393701 0.637795 0.902313,
        2.393701 0.244094 0.902313,
        2.393701 0.637795 0.688976,
        2.393701 0.716535 0.688976,
        2.388358 0.637795 0.966955,
        2.388358 0.244094 0.966955,
        2.372474 0.637795 1.029842,
        2.372474 0.244094 1.029842,
        2.118155 0.244094 1.772630,
        2.118155 0.637795 1.772630,
        2.102276 0.244094 1.835483,
        2.102276 0.637795 1.835483,
        2.096928 0.244094 1.900091,
        2.096928 0.637795 1.900091,
        2.102254 0.244094 1.964700,
        2.102254 0.637795 1.964700,
        1.881890 0.795276 0.688976,
        1.881890 0.696850 0.688976,
        1.881890 0.795276 2.322835,
        1.881890 0.696850 2.027559,
        1.881890 0.736220 2.322835,
        1.885914 1.310097 -0.039370,
        1.897713 1.338583 -0.039370,
        2.114086 1.310097 -0.039370,
        2.102287 1.338583 -0.039370,
        2.059055 1.381814 -0.039370,
        2.030569 1.393613 -0.039370,
        2.000000 1.397638 -0.039370,
        2.083517 1.363044 -0.039370,
        1.916483 1.363044 -0.039370,
        1.969431 1.393613 -0.039370,
        1.940945 1.381814 -0.039370,
        1.685039 0.795276 0.688976,
        2.314961 0.795276 0.688976,
        2.118110 0.795276 0.688976,
        2.118110 0.795276 2.322835,
        2.275591 0.795276 0.059055,
        1.724409 0.795276 0.059055,
        2.118110 0.736220 2.322835,
        2.118110 0.696850 2.027559,
        1.724409 0.696850 0.059055,
        2.275591 0.696850 0.688976,
        2.118110 0.696850 0.688976,
        2.275591 0.696850 0.059055,
        1.724409 0.696850 0.688976,
        1.885914 1.310097 -0.137795,
        1.897713 1.338583 -0.137795,
        2.114086 1.310097 -0.137795,
        1.916483 1.363044 -0.137795,
        1.940945 1.381814 -0.137795,
        1.969431 1.393613 -0.137795,
        2.000000 1.397638 -0.137795,
        2.030569 1.393613 -0.137795,
        2.059055 1.381814 -0.137795,
        2.102287 1.338583 -0.137795,
        2.083517 1.363044 -0.137795,
        1.685039 0.637795 0.902313,
        1.685039 0.244094 0.902313,
        1.685039 0.637795 0.688976,
        1.685039 0.657480 0.688976,
        1.686026 0.666241 0.688976,
        1.688938 0.674562 0.688976,
        1.693628 0.682027 0.688976,
        1.699863 0.688261 0.688976,
        1.707328 0.692952 0.688976,
        1.715649 0.695863 0.688976,
        1.667518 0.793302 0.688976,
        1.650875 0.787478 0.688976,
        1.635946 0.778097 0.688976,
        1.623478 0.765629 0.688976,
        1.614097 0.750700 0.688976,
        1.608273 0.734057 0.688976,
        1.606299 0.716535 0.688976,
        1.606299 0.637795 0.688976,
        1.606299 0.637795 0.902313,
        1.606299 0.244094 0.902313,
        2.391727 0.734057 0.688976,
        2.385903 0.750700 0.688976,
        2.376522 0.765629 0.688976,
        2.364054 0.778097 0.688976,
        2.349124 0.787478 0.688976,
        2.332482 0.793302 0.688976,
        2.284351 0.695863 0.688976,
        2.292672 0.692952 0.688976,
        2.300137 0.688261 0.688976,
        2.306371 0.682027 0.688976,
        2.311062 0.674562 0.688976,
        2.313974 0.666241 0.688976,
        1.807097 0.637795 2.246254,
        1.881600 0.637795 2.271734,
        1.881890 0.637795 2.027559,
        1.956393 0.637795 2.053039,
        1.897746 0.637795 1.964700,
        1.975421 0.637795 1.977608,
        1.903073 0.637795 1.900091,
        1.981813 0.637795 1.900077,
        1.897724 0.637795 1.835483,
        1.975394 0.637795 1.822548,
        1.881845 0.637795 1.772630,
        1.956340 0.637795 1.747124,
        1.627526 0.637795 1.029842,
        1.702021 0.637795 1.004336,
        1.611642 0.637795 0.966955,
        1.689314 0.637795 0.954026,
        1.881600 0.244094 2.271734,
        1.956393 0.244094 2.053039,
        1.807097 0.244094 2.246254,
        1.881890 0.244094 2.027559,
        1.897746 0.244094 1.964700,
        1.903073 0.244094 1.900091,
        1.897724 0.244094 1.835483,
        1.881845 0.244094 1.772630,
        1.627526 0.244094 1.029842,
        1.611642 0.244094 0.966955,
        1.689314 0.244094 0.954026,
        1.702021 0.244094 1.004336,
        1.956340 0.244094 1.747124,
        1.975394 0.244094 1.822548,
        1.981813 0.244094 1.900077,
        1.975421 0.244094 1.977608,
        3.393701 0.244094 0.137795,
        3.314961 0.244094 0.137795,
        3.393701 0.716535 0.137795,
        3.314961 0.657480 0.137795,
        3.349125 0.787478 0.137795,
        3.300137 0.688261 0.137795,
        3.292672 0.692952 0.137795,
        3.275591 0.696850 0.137795,
        3.275591 0.795276 0.137795,
        3.284351 0.695863 0.137795,
        3.314961 0.795276 0.137795,
        3.332482 0.793302 0.137795,
        3.313974 0.666241 0.137795,
        3.311062 0.674562 0.137795,
        3.391726 0.734057 0.137795,
        3.306371 0.682027 0.137795,
        3.364055 0.778097 0.137795,
        3.376522 0.765629 0.137795,
        3.385903 0.750700 0.137795,
        3.118110 0.795276 0.059055,
        3.118110 0.696850 0.059055,
        3.118110 0.795276 0.039370,
        3.118110 0.696850 0.019685,
        3.118110 0.797959 0.018991,
        3.118110 0.702217 -0.021074,
        3.118110 0.805825 -0.000000,
        3.118110 0.717949 -0.059055,
        3.118110 0.818338 -0.016307,
        3.118110 0.742975 -0.091670,
        3.118110 0.834646 -0.028821,
        3.118110 0.775591 -0.116697,
        3.118110 0.853636 -0.036687,
        3.118110 0.813572 -0.132429,
        3.118110 0.874016 -0.039370,
        3.118110 0.854331 -0.137795,
        3.118110 1.279528 -0.039370,
        3.118110 1.279528 -0.137795,
        2.881890 1.279528 -0.039370,
        2.881890 1.279528 -0.137795,
        2.881890 0.874016 -0.039370,
        2.881890 0.854331 -0.137795,
        2.881890 0.853636 -0.036687,
        2.881890 0.813572 -0.132429,
        2.881890 0.834646 -0.028821,
        2.881890 0.775591 -0.116697,
        2.881890 0.818338 -0.016307,
        2.881890 0.742975 -0.091670,
        2.881890 0.805825 -0.000000,
        2.881890 0.717949 -0.059055,
        2.881890 0.797959 0.018991,
        2.881890 0.702217 -0.021074,
        2.881890 0.795276 0.039370,
        2.881890 0.696850 0.019685,
        2.881890 0.795276 0.059055,
        2.881890 0.696850 0.059055,
        2.685039 0.244094 0.137795,
        2.606299 0.244094 0.137795,
        2.685039 0.657480 0.137795,
        2.606299 0.716535 0.137795,
        2.686026 0.666241 0.137795,
        2.688938 0.674562 0.137795,
        2.608273 0.734057 0.137795,
        2.693629 0.682027 0.137795,
        2.614097 0.750700 0.137795,
        2.623478 0.765629 0.137795,
        2.699863 0.688261 0.137795,
        2.724409 0.795276 0.137795,
        2.724409 0.696850 0.137795,
        2.685039 0.795276 0.137795,
        2.715649 0.695863 0.137795,
        2.667518 0.793302 0.137795,
        2.707328 0.692952 0.137795,
        2.650875 0.787478 0.137795,
        2.635946 0.778097 0.137795,
        3.192903 0.244094 2.246254,
        3.118110 0.244094 2.027559,
        3.192903 0.637795 2.246254,
        3.118110 0.637795 2.027559,
        3.118399 0.244094 2.271734,
        3.118399 0.637795 2.271734,
        3.043607 0.244094 2.053039,
        3.043607 0.637795 2.053039,
        3.024579 0.637795 1.977608,
        3.024579 0.244094 1.977608,
        3.018187 0.637795 1.900077,
        3.018187 0.244094 1.900077,
        3.024606 0.637795 1.822548,
        3.024606 0.244094 1.822548,
        3.043660 0.637795 1.747124,
        3.043660 0.244094 1.747124,
        3.297979 0.244094 1.004336,
        3.297979 0.637795 1.004336,
        3.310686 0.244094 0.954026,
        3.310686 0.637795 0.954026,
        3.314961 0.244094 0.902313,
        3.314961 0.637795 0.902313,
        3.314961 0.657480 0.688976,
        3.314961 0.637795 0.688976,
        3.393701 0.637795 0.902313,
        3.393701 0.244094 0.902313,
        3.393701 0.637795 0.688976,
        3.393701 0.716535 0.688976,
        3.388357 0.637795 0.966955,
        3.388357 0.244094 0.966955,
        3.372474 0.637795 1.029842,
        3.372474 0.244094 1.029842,
        3.118155 0.244094 1.772630,
        3.118155 0.637795 1.772630,
        3.102276 0.244094 1.835483,
        3.102276 0.637795 1.835483,
        3.096927 0.244094 1.900091,
        3.096927 0.637795 1.900091,
        3.102254 0.244094 1.964700,
        3.102254 0.637795 1.964700,
        2.881890 0.795276 0.688976,
        2.881890 0.696850 0.688976,
        2.881890 0.795276 2.322835,
        2.881890 0.696850 2.027559,
        2.881890 0.736220 2.322835,
        2.885914 1.310097 -0.039370,
        2.897713 1.338583 -0.039370,
        3.114086 1.310097 -0.039370,
        3.102286 1.338583 -0.039370,
        3.083517 1.363044 -0.039370,
        3.059055 1.381814 -0.039370,
        2.916483 1.363044 -0.039370,
        3.030569 1.393613 -0.039370,
        3.000000 1.397638 -0.039370,
        2.969431 1.393613 -0.039370,
        2.940945 1.381814 -0.039370,
        2.685039 0.795276 0.688976,
        3.314961 0.795276 0.688976,
        3.118110 0.795276 0.688976,
        3.118110 0.795276 2.322835,
        3.275591 0.795276 0.059055,
        2.724409 0.795276 0.059055,
        3.118110 0.736220 2.322835,
        3.118110 0.696850 2.027559,
        2.724409 0.696850 0.059055,
        3.275591 0.696850 0.688976,
        3.118110 0.696850 0.688976,
        3.275591 0.696850 0.059055,
        2.724409 0.696850 0.688976,
        2.885914 1.310097 -0.137795,
        2.897713 1.338583 -0.137795,
        2.916483 1.363044 -0.137795,
        3.102286 1.338583 -0.137795,
        3.114086 1.310097 -0.137795,
        2.940945 1.381814 -0.137795,
        2.969431 1.393613 -0.137795,
        3.000000 1.397638 -0.137795,
        3.030569 1.393613 -0.137795,
        3.059055 1.381814 -0.137795,
        3.083517 1.363044 -0.137795,
        2.685039 0.637795 0.902313,
        2.685039 0.244094 0.902313,
        2.685039 0.637795 0.688976,
        2.685039 0.657480 0.688976,
        2.686026 0.666241 0.688976,
        2.688938 0.674562 0.688976,
        2.693629 0.682027 0.688976,
        2.699863 0.688261 0.688976,
        2.707328 0.692952 0.688976,
        2.715649 0.695863 0.688976,
        2.667518 0.793302 0.688976,
        2.650875 0.787478 0.688976,
        2.635946 0.778097 0.688976,
        2.623478 0.765629 0.688976,
        2.614097 0.750700 0.688976,
        2.608273 0.734057 0.688976,
        2.606299 0.716535 0.688976,
        2.606299 0.637795 0.688976,
        2.606299 0.637795 0.902313,
        2.606299 0.244094 0.902313,
        3.391726 0.734057 0.688976,
        3.385903 0.750700 0.688976,
        3.376522 0.765629 0.688976,
        3.364055 0.778097 0.688976,
        3.349125 0.787478 0.688976,
        3.332482 0.793302 0.688976,
        3.284351 0.695863 0.688976,
        3.292672 0.692952 0.688976,
        3.300137 0.688261 0.688976,
        3.306371 0.682027 0.688976,
        3.311062 0.674562 0.688976,
        3.313974 0.666241 0.688976,
        2.807097 0.637795 2.246254,
        2.881600 0.637795 2.271734,
        2.881890 0.637795 2.027559,
        2.956393 0.637795 2.053039,
        2.897746 0.637795 1.964700,
        2.975421 0.637795 1.977608,
        2.903072 0.637795 1.900091,
        2.981813 0.637795 1.900077,
        2.897724 0.637795 1.835483,
        2.975394 0.637795 1.822548,
        2.881846 0.637795 1.772630,
        2.956340 0.637795 1.747124,
        2.627526 0.637795 1.029842,
        2.702021 0.637795 1.004336,
        2.611642 0.637795 0.966955,
        2.689314 0.637795 0.954026,
        2.881600 0.244094 2.271734,
        2.956393 0.244094 2.053039,
        2.807097 0.244094 2.246254,
        2.881890 0.244094 2.027559,
        2.897746 0.244094 1.964700,
        2.903072 0.244094 1.900091,
        2.897724 0.244094 1.835483,
        2.881846 0.244094 1.772630,
        2.627526 0.244094 1.029842,
        2.611642 0.244094 0.966955,
        2.689314 0.244094 0.954026,
        2.702021 0.244094 1.004336,
        2.956340 0.244094 1.747124,
        2.975394 0.244094 1.822548,
        2.981813 0.244094 1.900077,
        2.975421 0.244094 1.977608,
        3.314961 -0.244094 0.137795,
        3.393701 -0.244094 0.137795,
        3.314961 -0.657480 0.137795,
        3.393701 -0.716535 0.137795,
        3.313974 -0.666241 0.137795,
        3.311062 -0.674562 0.137795,
        3.391726 -0.734057 0.137795,
        3.306371 -0.682027 0.137795,
        3.385903 -0.750700 0.137795,
        3.376522 -0.765629 0.137795,
        3.300137 -0.688261 0.137795,
        3.275591 -0.795276 0.137795,
        3.275591 -0.696850 0.137795,
        3.314961 -0.795276 0.137795,
        3.284351 -0.695863 0.137795,
        3.332482 -0.793302 0.137795,
        3.292672 -0.692952 0.137795,
        3.349125 -0.787478 0.137795,
        3.364055 -0.778097 0.137795,
        3.118110 -1.279528 -0.039370,
        3.118110 -1.279528 -0.137795,
        3.118110 -0.874016 -0.039370,
        3.118110 -0.854331 -0.137795,
        3.118110 -0.853636 -0.036687,
        3.118110 -0.813572 -0.132429,
        3.118110 -0.834646 -0.028821,
        3.118110 -0.775591 -0.116697,
        3.118110 -0.818338 -0.016307,
        3.118110 -0.742975 -0.091670,
        3.118110 -0.805825 -0.000000,
        3.118110 -0.717949 -0.059055,
        3.118110 -0.797959 0.018991,
        3.118110 -0.702217 -0.021074,
        3.118110 -0.795276 0.039370,
        3.118110 -0.696850 0.019685,
        3.118110 -0.795276 0.059055,
        3.118110 -0.696850 0.059055,
        2.881890 -0.795276 0.059055,
        2.881890 -0.696850 0.059055,
        2.881890 -0.795276 0.039370,
        2.881890 -0.696850 0.019685,
        2.881890 -0.797959 0.018991,
        2.881890 -0.702217 -0.021074,
        2.881890 -0.805825 -0.000000,
        2.881890 -0.717949 -0.059055,
        2.881890 -0.818338 -0.016307,
        2.881890 -0.742975 -0.091670,
        2.881890 -0.834646 -0.028821,
        2.881890 -0.775591 -0.116697,
        2.881890 -0.853636 -0.036687,
        2.881890 -0.813572 -0.132429,
        2.881890 -0.874016 -0.039370,
        2.881890 -0.854331 -0.137795,
        2.881890 -1.279528 -0.039370,
        2.881890 -1.279528 -0.137795,
        2.606299 -0.244094 0.137795,
        2.685039 -0.244094 0.137795,
        2.606299 -0.716535 0.137795,
        2.685039 -0.657480 0.137795,
        2.686026 -0.666241 0.137795,
        2.688938 -0.674562 0.137795,
        2.608273 -0.734057 0.137795,
        2.693629 -0.682027 0.137795,
        2.699863 -0.688261 0.137795,
        2.623478 -0.765629 0.137795,
        2.614097 -0.750700 0.137795,
        2.707328 -0.692952 0.137795,
        2.650875 -0.787478 0.137795,
        2.635946 -0.778097 0.137795,
        2.724409 -0.696850 0.137795,
        2.724409 -0.795276 0.137795,
        2.715649 -0.695863 0.137795,
        2.685039 -0.795276 0.137795,
        2.667518 -0.793302 0.137795,
        3.118110 -0.244094 2.027559,
        3.192903 -0.244094 2.246254,
        3.118110 -0.637795 2.027559,
        3.192903 -0.637795 2.246254,
        3.118399 -0.244094 2.271734,
        3.118399 -0.637795 2.271734,
        3.043607 -0.244094 2.053039,
        3.043607 -0.637795 2.053039,
        3.043660 -0.244094 1.747124,
        3.043660 -0.637795 1.747124,
        3.024606 -0.637795 1.822548,
        3.024606 -0.244094 1.822548,
        3.018187 -0.637795 1.900077,
        3.018187 -0.244094 1.900077,
        3.024579 -0.637795 1.977608,
        3.024579 -0.244094 1.977608,
        3.297979 -0.244094 1.004336,
        3.297979 -0.637795 1.004336,
        3.314961 -0.244094 0.902313,
        3.314961 -0.637795 0.902313,
        3.310686 -0.244094 0.954026,
        3.310686 -0.637795 0.954026,
        3.314961 -0.637795 0.688976,
        3.314961 -0.657480 0.688976,
        3.393701 -0.716535 0.688976,
        3.393701 -0.637795 0.688976,
        3.393701 -0.637795 0.902313,
        3.393701 -0.244094 0.902313,
        3.372474 -0.244094 1.029842,
        3.372474 -0.637795 1.029842,
        3.388357 -0.637795 0.966955,
        3.388357 -0.244094 0.966955,
        3.118155 -0.244094 1.772630,
        3.118155 -0.637795 1.772630,
        3.102254 -0.244094 1.964700,
        3.102254 -0.637795 1.964700,
        3.096927 -0.244094 1.900091,
        3.096927 -0.637795 1.900091,
        3.102276 -0.244094 1.835483,
        3.102276 -0.637795 1.835483,
        2.881890 -0.696850 0.688976,
        2.881890 -0.795276 0.688976,
        2.881890 -0.696850 2.027559,
        2.881890 -0.795276 2.322835,
        2.881890 -0.736220 2.322835,
        3.114086 -1.310097 -0.039370,
        3.102286 -1.338583 -0.039370,
        2.885914 -1.310097 -0.039370,
        2.897713 -1.338583 -0.039370,
        2.940945 -1.381814 -0.039370,
        2.969431 -1.393613 -0.039370,
        3.000000 -1.397638 -0.039370,
        2.916483 -1.363044 -0.039370,
        3.083517 -1.363044 -0.039370,
        3.030569 -1.393613 -0.039370,
        3.059055 -1.381814 -0.039370,
        3.314961 -0.795276 0.688976,
        3.118110 -0.795276 0.688976,
        2.685039 -0.795276 0.688976,
        3.118110 -0.795276 2.322835,
        2.724409 -0.795276 0.059055,
        3.275591 -0.795276 0.059055,
        3.118110 -0.736220 2.322835,
        3.118110 -0.696850 2.027559,
        3.275591 -0.696850 0.059055,
        2.724409 -0.696850 0.688976,
        2.724409 -0.696850 0.059055,
        3.118110 -0.696850 0.688976,
        3.275591 -0.696850 0.688976,
        3.114086 -1.310097 -0.137795,
        3.102286 -1.338583 -0.137795,
        3.083517 -1.363044 -0.137795,
        3.059055 -1.381814 -0.137795,
        2.885914 -1.310097 -0.137795,
        3.000000 -1.397638 -0.137795,
        2.969431 -1.393613 -0.137795,
        2.897713 -1.338583 -0.137795,
        2.940945 -1.381814 -0.137795,
        2.916483 -1.363044 -0.137795,
        3.030569 -1.393613 -0.137795,
        2.685039 -0.657480 0.688976,
        2.685039 -0.637795 0.688976,
        2.685039 -0.637795 0.902313,
        2.685039 -0.244094 0.902313,
        2.715649 -0.695863 0.688976,
        2.707328 -0.692952 0.688976,
        2.699863 -0.688261 0.688976,
        2.693629 -0.682027 0.688976,
        2.688938 -0.674562 0.688976,
        2.686026 -0.666241 0.688976,
        2.606299 -0.716535 0.688976,
        2.608273 -0.734057 0.688976,
        2.614097 -0.750700 0.688976,
        2.623478 -0.765629 0.688976,
        2.635946 -0.778097 0.688976,
        2.650875 -0.787478 0.688976,
        2.667518 -0.793302 0.688976,
        2.606299 -0.637795 0.902313,
        2.606299 -0.244094 0.902313,
        2.606299 -0.637795 0.688976,
        3.332482 -0.793302 0.688976,
        3.349125 -0.787478 0.688976,
        3.364055 -0.778097 0.688976,
        3.376522 -0.765629 0.688976,
        3.385903 -0.750700 0.688976,
        3.391726 -0.734057 0.688976,
        3.313974 -0.666241 0.688976,
        3.311062 -0.674562 0.688976,
        3.306371 -0.682027 0.688976,
        3.300137 -0.688261 0.688976,
        3.292672 -0.692952 0.688976,
        3.284351 -0.695863 0.688976,
        2.611642 -0.637795 0.966955,
        2.689314 -0.637795 0.954026,
        2.627526 -0.637795 1.029842,
        2.702021 -0.637795 1.004336,
        2.881846 -0.637795 1.772630,
        2.956340 -0.637795 1.747124,
        2.897724 -0.637795 1.835483,
        2.975394 -0.637795 1.822548,
        2.903072 -0.637795 1.900091,
        2.981813 -0.637795 1.900077,
        2.897746 -0.637795 1.964700,
        2.975421 -0.637795 1.977608,
        2.881890 -0.637795 2.027559,
        2.956393 -0.637795 2.053039,
        2.807097 -0.637795 2.246254,
        2.881600 -0.637795 2.271734,
        2.956393 -0.244094 2.053039,
        2.881600 -0.244094 2.271734,
        2.807097 -0.244094 2.246254,
        2.881890 -0.244094 2.027559,
        2.881846 -0.244094 1.772630,
        2.897724 -0.244094 1.835483,
        2.903072 -0.244094 1.900091,
        2.897746 -0.244094 1.964700,
        2.627526 -0.244094 1.029842,
        2.611642 -0.244094 0.966955,
        2.702021 -0.244094 1.004336,
        2.689314 -0.244094 0.954026,
        2.956340 -0.244094 1.747124,
        2.975421 -0.244094 1.977608,
        2.981813 -0.244094 1.900077,
        2.975394 -0.244094 1.822548,
        2.314961 -0.244094 0.137795,
        2.393701 -0.244094 0.137795,
        2.314961 -0.657480 0.137795,
        2.393701 -0.716535 0.137795,
        2.313974 -0.666241 0.137795,
        2.311062 -0.674562 0.137795,
        2.391727 -0.734057 0.137795,
        2.306371 -0.682027 0.137795,
        2.385903 -0.750700 0.137795,
        2.376522 -0.765629 0.137795,
        2.300137 -0.688261 0.137795,
        2.275591 -0.795276 0.137795,
        2.275591 -0.696850 0.137795,
        2.314961 -0.795276 0.137795,
        2.284351 -0.695863 0.137795,
        2.332482 -0.793302 0.137795,
        2.292672 -0.692952 0.137795,
        2.349124 -0.787478 0.137795,
        2.364054 -0.778097 0.137795,
        2.118110 -1.279528 -0.039370,
        2.118110 -1.279528 -0.137795,
        2.118110 -0.874016 -0.039370,
        2.118110 -0.854331 -0.137795,
        2.118110 -0.853636 -0.036687,
        2.118110 -0.813572 -0.132429,
        2.118110 -0.834646 -0.028821,
        2.118110 -0.775591 -0.116697,
        2.118110 -0.818338 -0.016307,
        2.118110 -0.742975 -0.091670,
        2.118110 -0.805825 -0.000000,
        2.118110 -0.717949 -0.059055,
        2.118110 -0.797959 0.018991,
        2.118110 -0.702217 -0.021074,
        2.118110 -0.795276 0.039370,
        2.118110 -0.696850 0.019685,
        2.118110 -0.795276 0.059055,
        2.118110 -0.696850 0.059055,
        1.881890 -0.795276 0.059055,
        1.881890 -0.696850 0.059055,
        1.881890 -0.795276 0.039370,
        1.881890 -0.696850 0.019685,
        1.881890 -0.797959 0.018991,
        1.881890 -0.702217 -0.021074,
        1.881890 -0.805825 -0.000000,
        1.881890 -0.717949 -0.059055,
        1.881890 -0.818338 -0.016307,
        1.881890 -0.742975 -0.091670,
        1.881890 -0.834646 -0.028821,
        1.881890 -0.775591 -0.116697,
        1.881890 -0.853636 -0.036687,
        1.881890 -0.813572 -0.132429,
        1.881890 -0.874016 -0.039370,
        1.881890 -0.854331 -0.137795,
        1.881890 -1.279528 -0.039370,
        1.881890 -1.279528 -0.137795,
        1.606299 -0.244094 0.137795,
        1.685039 -0.244094 0.137795,
        1.606299 -0.716535 0.137795,
        1.685039 -0.657480 0.137795,
        1.686026 -0.666241 0.137795,
        1.688938 -0.674562 0.137795,
        1.608273 -0.734057 0.137795,
        1.693628 -0.682027 0.137795,
        1.699863 -0.688261 0.137795,
        1.623478 -0.765629 0.137795,
        1.614097 -0.750700 0.137795,
        1.707328 -0.692952 0.137795,
        1.650875 -0.787478 0.137795,
        1.635946 -0.778097 0.137795,
        1.724409 -0.696850 0.137795,
        1.724409 -0.795276 0.137795,
        1.715649 -0.695863 0.137795,
        1.685039 -0.795276 0.137795,
        1.667518 -0.793302 0.137795,
        2.118110 -0.244094 2.027559,
        2.192903 -0.244094 2.246254,
        2.118110 -0.637795 2.027559,
        2.192903 -0.637795 2.246254,
        2.118400 -0.244094 2.271734,
        2.118400 -0.637795 2.271734,
        2.043607 -0.244094 2.053039,
        2.043607 -0.637795 2.053039,
        2.043660 -0.244094 1.747124,
        2.043660 -0.637795 1.747124,
        2.024606 -0.637795 1.822548,
        2.024606 -0.244094 1.822548,
        2.018187 -0.637795 1.900077,
        2.018187 -0.244094 1.900077,
        2.024579 -0.637795 1.977608,
        2.024579 -0.244094 1.977608,
        2.297979 -0.244094 1.004336,
        2.297979 -0.637795 1.004336,
        2.314961 -0.244094 0.902313,
        2.314961 -0.637795 0.902313,
        2.310686 -0.244094 0.954026,
        2.310686 -0.637795 0.954026,
        2.314961 -0.637795 0.688976,
        2.314961 -0.657480 0.688976,
        2.393701 -0.716535 0.688976,
        2.393701 -0.637795 0.688976,
        2.393701 -0.637795 0.902313,
        2.393701 -0.244094 0.902313,
        2.372474 -0.244094 1.029842,
        2.372474 -0.637795 1.029842,
        2.388358 -0.637795 0.966955,
        2.388358 -0.244094 0.966955,
        2.118155 -0.244094 1.772630,
        2.118155 -0.637795 1.772630,
        2.102254 -0.244094 1.964700,
        2.102254 -0.637795 1.964700,
        2.096928 -0.244094 1.900091,
        2.096928 -0.637795 1.900091,
        2.102276 -0.244094 1.835483,
        2.102276 -0.637795 1.835483,
        1.881890 -0.696850 0.688976,
        1.881890 -0.795276 0.688976,
        1.881890 -0.696850 2.027559,
        1.881890 -0.795276 2.322835,
        1.881890 -0.736220 2.322835,
        1.885914 -1.310097 -0.039370,
        1.897713 -1.338583 -0.039370,
        1.916483 -1.363044 -0.039370,
        1.940945 -1.381814 -0.039370,
        2.114086 -1.310097 -0.039370,
        1.969431 -1.393613 -0.039370,
        2.000000 -1.397638 -0.039370,
        2.030569 -1.393613 -0.039370,
        2.059055 -1.381814 -0.039370,
        2.083517 -1.363044 -0.039370,
        2.102287 -1.338583 -0.039370,
        2.314961 -0.795276 0.688976,
        2.118110 -0.795276 0.688976,
        1.685039 -0.795276 0.688976,
        2.118110 -0.795276 2.322835,
        1.724409 -0.795276 0.059055,
        2.275591 -0.795276 0.059055,
        2.118110 -0.736220 2.322835,
        2.118110 -0.696850 2.027559,
        2.275591 -0.696850 0.059055,
        1.724409 -0.696850 0.688976,
        1.724409 -0.696850 0.059055,
        2.118110 -0.696850 0.688976,
        2.275591 -0.696850 0.688976,
        2.114086 -1.310097 -0.137795,
        2.102287 -1.338583 -0.137795,
        2.083517 -1.363044 -0.137795,
        2.059055 -1.381814 -0.137795,
        1.885914 -1.310097 -0.137795,
        2.000000 -1.397638 -0.137795,
        1.969431 -1.393613 -0.137795,
        1.897713 -1.338583 -0.137795,
        1.940945 -1.381814 -0.137795,
        1.916483 -1.363044 -0.137795,
        2.030569 -1.393613 -0.137795,
        1.685039 -0.657480 0.688976,
        1.685039 -0.637795 0.688976,
        1.685039 -0.637795 0.902313,
        1.685039 -0.244094 0.902313,
        1.715649 -0.695863 0.688976,
        1.707328 -0.692952 0.688976,
        1.699863 -0.688261 0.688976,
        1.693628 -0.682027 0.688976,
        1.688938 -0.674562 0.688976,
        1.686026 -0.666241 0.688976,
        1.606299 -0.716535 0.688976,
        1.608273 -0.734057 0.688976,
        1.614097 -0.750700 0.688976,
        1.623478 -0.765629 0.688976,
        1.635946 -0.778097 0.688976,
        1.650875 -0.787478 0.688976,
        1.667518 -0.793302 0.688976,
        1.606299 -0.637795 0.902313,
        1.606299 -0.244094 0.902313,
        1.606299 -0.637795 0.688976,
        2.332482 -0.793302 0.688976,
        2.349124 -0.787478 0.688976,
        2.364054 -0.778097 0.688976,
        2.376522 -0.765629 0.688976,
        2.385903 -0.750700 0.688976,
        2.391727 -0.734057 0.688976,
        2.313974 -0.666241 0.688976,
        2.311062 -0.674562 0.688976,
        2.306371 -0.682027 0.688976,
        2.300137 -0.688261 0.688976,
        2.292672 -0.692952 0.688976,
        2.284351 -0.695863 0.688976,
        1.611642 -0.637795 0.966955,
        1.689314 -0.637795 0.954026,
        1.627526 -0.637795 1.029842,
        1.702021 -0.637795 1.004336,
        1.881845 -0.637795 1.772630,
        1.956340 -0.637795 1.747124,
        1.897724 -0.637795 1.835483,
        1.975394 -0.637795 1.822548,
        1.903073 -0.637795 1.900091,
        1.981813 -0.637795 1.900077,
        1.897746 -0.637795 1.964700,
        1.975421 -0.637795 1.977608,
        1.881890 -0.637795 2.027559,
        1.956393 -0.637795 2.053039,
        1.807097 -0.637795 2.246254,
        1.881600 -0.637795 2.271734,
        1.956393 -0.244094 2.053039,
        1.881600 -0.244094 2.271734,
        1.807097 -0.244094 2.246254,
        1.881890 -0.244094 2.027559,
        1.881845 -0.244094 1.772630,
        1.897724 -0.244094 1.835483,
        1.903073 -0.244094 1.900091,
        1.897746 -0.244094 1.964700,
        1.627526 -0.244094 1.029842,
        1.611642 -0.244094 0.966955,
        1.702021 -0.244094 1.004336,
        1.689314 -0.244094 0.954026,
        1.956340 -0.244094 1.747124,
        1.975421 -0.244094 1.977608,
        1.981813 -0.244094 1.900077,
        1.975394 -0.244094 1.822548,
        1.314961 -0.244094 0.137795,
        1.393701 -0.244094 0.137795,
        1.314961 -0.657480 0.137795,
        1.393701 -0.716535 0.137795,
        1.313974 -0.666241 0.137795,
        1.311062 -0.674562 0.137795,
        1.391727 -0.734057 0.137795,
        1.306371 -0.682027 0.137795,
        1.385903 -0.750700 0.137795,
        1.376522 -0.765629 0.137795,
        1.300137 -0.688261 0.137795,
        1.275591 -0.795276 0.137795,
        1.275591 -0.696850 0.137795,
        1.314961 -0.795276 0.137795,
        1.284351 -0.695863 0.137795,
        1.332482 -0.793302 0.137795,
        1.292672 -0.692952 0.137795,
        1.349125 -0.787478 0.137795,
        1.364054 -0.778097 0.137795,
        1.118110 -1.279528 -0.039370,
        1.118110 -1.279528 -0.137795,
        1.118110 -0.874016 -0.039370,
        1.118110 -0.854331 -0.137795,
        1.118110 -0.853636 -0.036687,
        1.118110 -0.813572 -0.132429,
        1.118110 -0.834646 -0.028821,
        1.118110 -0.775591 -0.116697,
        1.118110 -0.818338 -0.016307,
        1.118110 -0.742975 -0.091670,
        1.118110 -0.805825 -0.000000,
        1.118110 -0.717949 -0.059055,
        1.118110 -0.797959 0.018991,
        1.118110 -0.702217 -0.021074,
        1.118110 -0.795276 0.039370,
        1.118110 -0.696850 0.019685,
        1.118110 -0.795276 0.059055,
        1.118110 -0.696850 0.059055,
        0.881890 -0.795276 0.059055,
        0.881890 -0.696850 0.059055,
        0.881890 -0.795276 0.039370,
        0.881890 -0.696850 0.019685,
        0.881890 -0.797959 0.018991,
        0.881890 -0.702217 -0.021074,
        0.881890 -0.805825 -0.000000,
        0.881890 -0.717949 -0.059055,
        0.881890 -0.818338 -0.016307,
        0.881890 -0.742975 -0.091670,
        0.881890 -0.834646 -0.028821,
        0.881890 -0.775591 -0.116697,
        0.881890 -0.853636 -0.036687,
        0.881890 -0.813572 -0.132429,
        0.881890 -0.874016 -0.039370,
        0.881890 -0.854331 -0.137795,
        0.881890 -1.279528 -0.039370,
        0.881890 -1.279528 -0.137795,
        0.724409 -0.696850 0.137795,
        0.724409 -0.795276 0.137795,
        0.715649 -0.695863 0.137795,
        0.685039 -0.795276 0.137795,
        0.707328 -0.692952 0.137795,
        0.667518 -0.793302 0.137795,
        0.650875 -0.787478 0.137795,
        0.699863 -0.688261 0.137795,
        0.606299 -0.244094 0.137795,
        0.685039 -0.244094 0.137795,
        0.606299 -0.716535 0.137795,
        0.685039 -0.657480 0.137795,
        0.635946 -0.778097 0.137795,
        0.623478 -0.765629 0.137795,
        0.693629 -0.682027 0.137795,
        0.686026 -0.666241 0.137795,
        0.688938 -0.674562 0.137795,
        0.608274 -0.734057 0.137795,
        0.614097 -0.750700 0.137795,
        1.118110 -0.244094 2.027559,
        1.192903 -0.244094 2.246254,
        1.118110 -0.637795 2.027559,
        1.192903 -0.637795 2.246254,
        1.118400 -0.244094 2.271734,
        1.118400 -0.637795 2.271734,
        1.043607 -0.244094 2.053039,
        1.043607 -0.637795 2.053039,
        1.043660 -0.244094 1.747124,
        1.043660 -0.637795 1.747124,
        1.024606 -0.637795 1.822548,
        1.024606 -0.244094 1.822548,
        1.018187 -0.637795 1.900077,
        1.018187 -0.244094 1.900077,
        1.024579 -0.637795 1.977608,
        1.024579 -0.244094 1.977608,
        1.297979 -0.244094 1.004336,
        1.297979 -0.637795 1.004336,
        1.314961 -0.244094 0.902313,
        1.314961 -0.637795 0.902313,
        1.310686 -0.244094 0.954026,
        1.310686 -0.637795 0.954026,
        1.314961 -0.637795 0.688976,
        1.314961 -0.657480 0.688976,
        1.393701 -0.716535 0.688976,
        1.393701 -0.637795 0.688976,
        1.393701 -0.637795 0.902313,
        1.393701 -0.244094 0.902313,
        1.372474 -0.244094 1.029842,
        1.372474 -0.637795 1.029842,
        1.388358 -0.637795 0.966955,
        1.388358 -0.244094 0.966955,
        1.118154 -0.244094 1.772630,
        1.118154 -0.637795 1.772630,
        1.102254 -0.244094 1.964700,
        1.102254 -0.637795 1.964700,
        1.096928 -0.244094 1.900091,
        1.096928 -0.637795 1.900091,
        1.102276 -0.244094 1.835483,
        1.102276 -0.637795 1.835483,
        0.881890 -0.696850 0.688976,
        0.881890 -0.795276 0.688976,
        0.881890 -0.696850 2.027559,
        0.881890 -0.795276 2.322835,
        0.881890 -0.736220 2.322835,
        1.059055 -1.381814 -0.039370,
        1.083517 -1.363044 -0.039370,
        1.102287 -1.338583 -0.039370,
        0.885914 -1.310097 -0.039370,
        0.897713 -1.338583 -0.039370,
        0.916483 -1.363044 -0.039370,
        0.940945 -1.381814 -0.039370,
        0.969431 -1.393613 -0.039370,
        1.000000 -1.397638 -0.039370,
        1.030569 -1.393613 -0.039370,
        1.114086 -1.310097 -0.039370,
        1.314961 -0.795276 0.688976,
        1.118110 -0.795276 0.688976,
        0.685039 -0.795276 0.688976,
        1.118110 -0.795276 2.322835,
        0.724409 -0.795276 0.059055,
        1.275591 -0.795276 0.059055,
        1.118110 -0.736220 2.322835,
        1.118110 -0.696850 2.027559,
        1.275591 -0.696850 0.059055,
        0.724409 -0.696850 0.688976,
        0.724409 -0.696850 0.059055,
        1.118110 -0.696850 0.688976,
        1.275591 -0.696850 0.688976,
        1.114086 -1.310097 -0.137795,
        1.102287 -1.338583 -0.137795,
        1.083517 -1.363044 -0.137795,
        1.059055 -1.381814 -0.137795,
        0.969431 -1.393613 -0.137795,
        0.940945 -1.381814 -0.137795,
        1.030569 -1.393613 -0.137795,
        1.000000 -1.397638 -0.137795,
        0.916483 -1.363044 -0.137795,
        0.897713 -1.338583 -0.137795,
        0.885914 -1.310097 -0.137795,
        0.685039 -0.657480 0.688976,
        0.685039 -0.637795 0.688976,
        0.685039 -0.637795 0.902313,
        0.685039 -0.244094 0.902313,
        0.715649 -0.695863 0.688976,
        0.707328 -0.692952 0.688976,
        0.699863 -0.688261 0.688976,
        0.693629 -0.682027 0.688976,
        0.688938 -0.674562 0.688976,
        0.686026 -0.666241 0.688976,
        0.606299 -0.716535 0.688976,
        0.608274 -0.734057 0.688976,
        0.614097 -0.750700 0.688976,
        0.623478 -0.765629 0.688976,
        0.635946 -0.778097 0.688976,
        0.650875 -0.787478 0.688976,
        0.667518 -0.793302 0.688976,
        0.606299 -0.637795 0.902313,
        0.606299 -0.244094 0.902313,
        0.606299 -0.637795 0.688976,
        1.332482 -0.793302 0.688976,
        1.349125 -0.787478 0.688976,
        1.364054 -0.778097 0.688976,
        1.376522 -0.765629 0.688976,
        1.385903 -0.750700 0.688976,
        1.391727 -0.734057 0.688976,
        1.313974 -0.666241 0.688976,
        1.311062 -0.674562 0.688976,
        1.306371 -0.682027 0.688976,
        1.300137 -0.688261 0.688976,
        1.292672 -0.692952 0.688976,
        1.284351 -0.695863 0.688976,
        0.611642 -0.637795 0.966955,
        0.689314 -0.637795 0.954026,
        0.627526 -0.637795 1.029842,
        0.702021 -0.637795 1.004336,
        0.881845 -0.637795 1.772630,
        0.956340 -0.637795 1.747124,
        0.897724 -0.637795 1.835483,
        0.975394 -0.637795 1.822548,
        0.903072 -0.637795 1.900091,
        0.981813 -0.637795 1.900077,
        0.897746 -0.637795 1.964700,
        0.975421 -0.637795 1.977608,
        0.881890 -0.637795 2.027559,
        0.956393 -0.637795 2.053039,
        0.807097 -0.637795 2.246254,
        0.881600 -0.637795 2.271734,
        0.956393 -0.244094 2.053039,
        0.881600 -0.244094 2.271734,
        0.807097 -0.244094 2.246254,
        0.881890 -0.244094 2.027559,
        0.881845 -0.244094 1.772630,
        0.897724 -0.244094 1.835483,
        0.903072 -0.244094 1.900091,
        0.897746 -0.244094 1.964700,
        0.627526 -0.244094 1.029842,
        0.611642 -0.244094 0.966955,
        0.702021 -0.244094 1.004336,
        0.689314 -0.244094 0.954026,
        0.956340 -0.244094 1.747124,
        0.975421 -0.244094 1.977608,
        0.981813 -0.244094 1.900077,
        0.975394 -0.244094 1.822548,
        0.314961 -0.244094 0.137795,
        0.393701 -0.244094 0.137795,
        0.314961 -0.657480 0.137795,
        0.393701 -0.716535 0.137795,
        0.313974 -0.666241 0.137795,
        0.311062 -0.674562 0.137795,
        0.391727 -0.734057 0.137795,
        0.306371 -0.682027 0.137795,
        0.385903 -0.750700 0.137795,
        0.376522 -0.765629 0.137795,
        0.300137 -0.688261 0.137795,
        0.275591 -0.795276 0.137795,
        0.275591 -0.696850 0.137795,
        0.314961 -0.795276 0.137795,
        0.284351 -0.695863 0.137795,
        0.332482 -0.793302 0.137795,
        0.292672 -0.692952 0.137795,
        0.349125 -0.787478 0.137795,
        0.364054 -0.778097 0.137795,
        0.118110 -1.279528 -0.039370,
        0.118110 -1.279528 -0.137795,
        0.118110 -0.874016 -0.039370,
        0.118110 -0.854331 -0.137795,
        0.118110 -0.853636 -0.036687,
        0.118110 -0.813572 -0.132429,
        0.118110 -0.834646 -0.028821,
        0.118110 -0.775591 -0.116697,
        0.118110 -0.818338 -0.016307,
        0.118110 -0.742975 -0.091670,
        0.118110 -0.805825 -0.000000,
        0.118110 -0.717949 -0.059055,
        0.118110 -0.797959 0.018991,
        0.118110 -0.702217 -0.021074,
        0.118110 -0.795276 0.039370,
        0.118110 -0.696850 0.019685,
        0.118110 -0.795276 0.059055,
        0.118110 -0.696850 0.059055,
        -0.118110 -0.795276 0.059055,
        -0.118110 -0.696850 0.059055,
        -0.118110 -0.795276 0.039370,
        -0.118110 -0.696850 0.019685,
        -0.118110 -0.797959 0.018991,
        -0.118110 -0.702217 -0.021074,
        -0.118110 -0.805825 -0.000000,
        -0.118110 -0.717949 -0.059055,
        -0.118110 -0.818338 -0.016307,
        -0.118110 -0.742975 -0.091670,
        -0.118110 -0.834646 -0.028821,
        -0.118110 -0.775591 -0.116697,
        -0.118110 -0.853636 -0.036687,
        -0.118110 -0.813572 -0.132429,
        -0.118110 -0.874016 -0.039370,
        -0.118110 -0.854331 -0.137795,
        -0.118110 -1.279528 -0.039370,
        -0.118110 -1.279528 -0.137795,
        -0.275591 -0.696850 0.137795,
        -0.275591 -0.795276 0.137795,
        -0.284351 -0.695863 0.137795,
        -0.314961 -0.795276 0.137795,
        -0.292672 -0.692952 0.137795,
        -0.393701 -0.244094 0.137795,
        -0.314961 -0.244094 0.137795,
        -0.393701 -0.716535 0.137795,
        -0.314961 -0.657480 0.137795,
        -0.313974 -0.666241 0.137795,
        -0.311062 -0.674562 0.137795,
        -0.391727 -0.734057 0.137795,
        -0.306371 -0.682027 0.137795,
        -0.332482 -0.793302 0.137795,
        -0.349125 -0.787478 0.137795,
        -0.300137 -0.688261 0.137795,
        -0.364054 -0.778097 0.137795,
        -0.376522 -0.765629 0.137795,
        -0.385903 -0.750700 0.137795,
        0.118110 -0.244094 2.027559,
        0.192903 -0.244094 2.246254,
        0.118110 -0.637795 2.027559,
        0.192903 -0.637795 2.246254,
        0.118400 -0.244094 2.271734,
        0.118400 -0.637795 2.271734,
        0.043607 -0.244094 2.053039,
        0.043607 -0.637795 2.053039,
        0.043660 -0.244094 1.747124,
        0.043660 -0.637795 1.747124,
        0.024606 -0.637795 1.822548,
        0.024606 -0.244094 1.822548,
        0.018187 -0.637795 1.900077,
        0.018187 -0.244094 1.900077,
        0.024579 -0.637795 1.977608,
        0.024579 -0.244094 1.977608,
        0.297979 -0.244094 1.004336,
        0.297979 -0.637795 1.004336,
        0.314961 -0.244094 0.902313,
        0.314961 -0.637795 0.902313,
        0.310686 -0.244094 0.954026,
        0.310686 -0.637795 0.954026,
        0.314961 -0.637795 0.688976,
        0.314961 -0.657480 0.688976,
        0.393701 -0.716535 0.688976,
        0.393701 -0.637795 0.688976,
        0.393701 -0.637795 0.902313,
        0.393701 -0.244094 0.902313,
        0.372474 -0.244094 1.029842,
        0.372474 -0.637795 1.029842,
        0.388358 -0.637795 0.966955,
        0.388358 -0.244094 0.966955,
        0.118155 -0.244094 1.772630,
        0.118155 -0.637795 1.772630,
        0.102254 -0.244094 1.964700,
        0.102254 -0.637795 1.964700,
        0.096928 -0.244094 1.900091,
        0.096928 -0.637795 1.900091,
        0.102276 -0.244094 1.835483,
        0.102276 -0.637795 1.835483,
        -0.118110 -0.696850 0.688976,
        -0.118110 -0.795276 0.688976,
        -0.118110 -0.696850 2.027559,
        -0.118110 -0.795276 2.322835,
        -0.118110 -0.736220 2.322835,
        -0.030569 -1.393613 -0.039370,
        -0.000000 -1.397638 -0.039370,
        -0.102287 -1.338583 -0.039370,
        -0.083517 -1.363044 -0.039370,
        -0.059055 -1.381814 -0.039370,
        -0.114086 -1.310097 -0.039370,
        0.030569 -1.393613 -0.039370,
        0.059055 -1.381814 -0.039370,
        0.083517 -1.363044 -0.039370,
        0.102287 -1.338583 -0.039370,
        0.114086 -1.310097 -0.039370,
        0.314961 -0.795276 0.688976,
        0.118110 -0.795276 0.688976,
        -0.314961 -0.795276 0.688976,
        0.118110 -0.795276 2.322835,
        -0.275591 -0.795276 0.059055,
        0.275591 -0.795276 0.059055,
        0.118110 -0.736220 2.322835,
        0.118110 -0.696850 2.027559,
        0.275591 -0.696850 0.059055,
        -0.275591 -0.696850 0.688976,
        -0.275591 -0.696850 0.059055,
        0.118110 -0.696850 0.688976,
        0.275591 -0.696850 0.688976,
        0.030569 -1.393613 -0.137795,
        -0.000000 -1.397638 -0.137795,
        0.114086 -1.310097 -0.137795,
        0.102287 -1.338583 -0.137795,
        -0.030569 -1.393613 -0.137795,
        -0.059055 -1.381814 -0.137795,
        -0.114086 -1.310097 -0.137795,
        -0.083517 -1.363044 -0.137795,
        -0.102287 -1.338583 -0.137795,
        0.083517 -1.363044 -0.137795,
        0.059055 -1.381814 -0.137795,
        -0.314961 -0.657480 0.688976,
        -0.314961 -0.637795 0.688976,
        -0.314961 -0.637795 0.902313,
        -0.314961 -0.244094 0.902313,
        -0.284351 -0.695863 0.688976,
        -0.292672 -0.692952 0.688976,
        -0.300137 -0.688261 0.688976,
        -0.306371 -0.682027 0.688976,
        -0.311062 -0.674562 0.688976,
        -0.313974 -0.666241 0.688976,
        -0.393701 -0.716535 0.688976,
        -0.391727 -0.734057 0.688976,
        -0.385903 -0.750700 0.688976,
        -0.376522 -0.765629 0.688976,
        -0.364054 -0.778097 0.688976,
        -0.349125 -0.787478 0.688976,
        -0.332482 -0.793302 0.688976,
        -0.393701 -0.637795 0.902313,
        -0.393701 -0.244094 0.902313,
        -0.393701 -0.637795 0.688976,
        0.332482 -0.793302 0.688976,
        0.349125 -0.787478 0.688976,
        0.364054 -0.778097 0.688976,
        0.376522 -0.765629 0.688976,
        0.385903 -0.750700 0.688976,
        0.391727 -0.734057 0.688976,
        0.313974 -0.666241 0.688976,
        0.311062 -0.674562 0.688976,
        0.306371 -0.682027 0.688976,
        0.300137 -0.688261 0.688976,
        0.292672 -0.692952 0.688976,
        0.284351 -0.695863 0.688976,
        -0.388358 -0.637795 0.966955,
        -0.310686 -0.637795 0.954026,
        -0.372474 -0.637795 1.029842,
        -0.297979 -0.637795 1.004336,
        -0.118155 -0.637795 1.772630,
        -0.043660 -0.637795 1.747124,
        -0.102276 -0.637795 1.835483,
        -0.024606 -0.637795 1.822548,
        -0.096928 -0.637795 1.900091,
        -0.018187 -0.637795 1.900077,
        -0.102254 -0.637795 1.964700,
        -0.024579 -0.637795 1.977608,
        -0.118110 -0.637795 2.027559,
        -0.043607 -0.637795 2.053039,
        -0.192903 -0.637795 2.246254,
        -0.118400 -0.637795 2.271734,
        -0.043607 -0.244094 2.053039,
        -0.118400 -0.244094 2.271734,
        -0.192903 -0.244094 2.246254,
        -0.118110 -0.244094 2.027559,
        -0.118155 -0.244094 1.772630,
        -0.102276 -0.244094 1.835483,
        -0.096928 -0.244094 1.900091,
        -0.102254 -0.244094 1.964700,
        -0.372474 -0.244094 1.029842,
        -0.388358 -0.244094 0.966955,
        -0.297979 -0.244094 1.004336,
        -0.310686 -0.244094 0.954026,
        -0.043660 -0.244094 1.747124,
        -0.024579 -0.244094 1.977608,
        -0.018187 -0.244094 1.900077,
        -0.024606 -0.244094 1.822548,
        -0.685039 -0.244094 0.137795,
        -0.606299 -0.244094 0.137795,
        -0.685039 -0.657480 0.137795,
        -0.606299 -0.716535 0.137795,
        -0.686026 -0.666241 0.137795,
        -0.688938 -0.674562 0.137795,
        -0.608274 -0.734057 0.137795,
        -0.693629 -0.682027 0.137795,
        -0.614097 -0.750700 0.137795,
        -0.623478 -0.765629 0.137795,
        -0.699863 -0.688261 0.137795,
        -0.724409 -0.795276 0.137795,
        -0.724409 -0.696850 0.137795,
        -0.685039 -0.795276 0.137795,
        -0.715649 -0.695863 0.137795,
        -0.667518 -0.793302 0.137795,
        -0.707328 -0.692952 0.137795,
        -0.650875 -0.787478 0.137795,
        -0.635946 -0.778097 0.137795,
        -0.881890 -1.279528 -0.039370,
        -0.881890 -1.279528 -0.137795,
        -0.881890 -0.874016 -0.039370,
        -0.881890 -0.854331 -0.137795,
        -0.881890 -0.853636 -0.036687,
        -0.881890 -0.813572 -0.132429,
        -0.881890 -0.834646 -0.028821,
        -0.881890 -0.775591 -0.116697,
        -0.881890 -0.818338 -0.016307,
        -0.881890 -0.742975 -0.091670,
        -0.881890 -0.805825 -0.000000,
        -0.881890 -0.717949 -0.059055,
        -0.881890 -0.797959 0.018991,
        -0.881890 -0.702217 -0.021074,
        -0.881890 -0.795276 0.039370,
        -0.881890 -0.696850 0.019685,
        -0.881890 -0.795276 0.059055,
        -0.881890 -0.696850 0.059055,
        -1.118110 -0.795276 0.059055,
        -1.118110 -0.696850 0.059055,
        -1.118110 -0.795276 0.039370,
        -1.118110 -0.696850 0.019685,
        -1.118110 -0.797959 0.018991,
        -1.118110 -0.702217 -0.021074,
        -1.118110 -0.805825 -0.000000,
        -1.118110 -0.717949 -0.059055,
        -1.118110 -0.818338 -0.016307,
        -1.118110 -0.742975 -0.091670,
        -1.118110 -0.834646 -0.028821,
        -1.118110 -0.775591 -0.116697,
        -1.118110 -0.853636 -0.036687,
        -1.118110 -0.813572 -0.132429,
        -1.118110 -0.874016 -0.039370,
        -1.118110 -0.854331 -0.137795,
        -1.118110 -1.279528 -0.039370,
        -1.118110 -1.279528 -0.137795,
        -1.393701 -0.244094 0.137795,
        -1.314961 -0.244094 0.137795,
        -1.393701 -0.716535 0.137795,
        -1.314961 -0.657480 0.137795,
        -1.349125 -0.787478 0.137795,
        -1.300137 -0.688261 0.137795,
        -1.292672 -0.692952 0.137795,
        -1.275591 -0.696850 0.137795,
        -1.275591 -0.795276 0.137795,
        -1.284351 -0.695863 0.137795,
        -1.314961 -0.795276 0.137795,
        -1.332482 -0.793302 0.137795,
        -1.313974 -0.666241 0.137795,
        -1.311062 -0.674562 0.137795,
        -1.391727 -0.734057 0.137795,
        -1.306371 -0.682027 0.137795,
        -1.364054 -0.778097 0.137795,
        -1.376522 -0.765629 0.137795,
        -1.385903 -0.750700 0.137795,
        -0.881890 -0.244094 2.027559,
        -0.807097 -0.244094 2.246254,
        -0.881890 -0.637795 2.027559,
        -0.807097 -0.637795 2.246254,
        -0.881600 -0.244094 2.271734,
        -0.881600 -0.637795 2.271734,
        -0.956393 -0.244094 2.053039,
        -0.956393 -0.637795 2.053039,
        -0.956340 -0.244094 1.747124,
        -0.956340 -0.637795 1.747124,
        -0.975394 -0.637795 1.822548,
        -0.975394 -0.244094 1.822548,
        -0.981813 -0.637795 1.900077,
        -0.981813 -0.244094 1.900077,
        -0.975421 -0.637795 1.977608,
        -0.975421 -0.244094 1.977608,
        -0.702021 -0.244094 1.004336,
        -0.702021 -0.637795 1.004336,
        -0.685039 -0.244094 0.902313,
        -0.685039 -0.637795 0.902313,
        -0.689314 -0.244094 0.954026,
        -0.689314 -0.637795 0.954026,
        -0.685039 -0.637795 0.688976,
        -0.685039 -0.657480 0.688976,
        -0.606299 -0.716535 0.688976,
        -0.606299 -0.637795 0.688976,
        -0.606299 -0.637795 0.902313,
        -0.606299 -0.244094 0.902313,
        -0.627526 -0.244094 1.029842,
        -0.627526 -0.637795 1.029842,
        -0.611642 -0.637795 0.966955,
        -0.611642 -0.244094 0.966955,
        -0.881845 -0.244094 1.772630,
        -0.881845 -0.637795 1.772630,
        -0.897746 -0.244094 1.964700,
        -0.897746 -0.637795 1.964700,
        -0.903072 -0.244094 1.900091,
        -0.903072 -0.637795 1.900091,
        -0.897724 -0.244094 1.835483,
        -0.897724 -0.637795 1.835483,
        -1.118110 -0.696850 0.688976,
        -1.118110 -0.795276 0.688976,
        -1.118110 -0.696850 2.027559,
        -1.118110 -0.795276 2.322835,
        -1.118110 -0.736220 2.322835,
        -0.940945 -1.381814 -0.039370,
        -0.916483 -1.363044 -0.039370,
        -0.897713 -1.338583 -0.039370,
        -1.114086 -1.310097 -0.039370,
        -1.102287 -1.338583 -0.039370,
        -1.083517 -1.363044 -0.039370,
        -1.059055 -1.381814 -0.039370,
        -1.030569 -1.393613 -0.039370,
        -1.000000 -1.397638 -0.039370,
        -0.969431 -1.393613 -0.039370,
        -0.885914 -1.310097 -0.039370,
        -0.685039 -0.795276 0.688976,
        -0.881890 -0.795276 0.688976,
        -1.314961 -0.795276 0.688976,
        -0.881890 -0.795276 2.322835,
        -1.275591 -0.795276 0.059055,
        -0.724409 -0.795276 0.059055,
        -0.881890 -0.736220 2.322835,
        -0.881890 -0.696850 2.027559,
        -0.724409 -0.696850 0.059055,
        -1.275591 -0.696850 0.688976,
        -1.275591 -0.696850 0.059055,
        -0.881890 -0.696850 0.688976,
        -0.724409 -0.696850 0.688976,
        -0.885914 -1.310097 -0.137795,
        -0.897713 -1.338583 -0.137795,
        -0.916483 -1.363044 -0.137795,
        -0.940945 -1.381814 -0.137795,
        -1.030569 -1.393613 -0.137795,
        -1.059055 -1.381814 -0.137795,
        -0.969431 -1.393613 -0.137795,
        -1.000000 -1.397638 -0.137795,
        -1.083517 -1.363044 -0.137795,
        -1.102287 -1.338583 -0.137795,
        -1.114086 -1.310097 -0.137795,
        -1.314961 -0.657480 0.688976,
        -1.314961 -0.637795 0.688976,
        -1.314961 -0.637795 0.902313,
        -1.314961 -0.244094 0.902313,
        -1.284351 -0.695863 0.688976,
        -1.292672 -0.692952 0.688976,
        -1.300137 -0.688261 0.688976,
        -1.306371 -0.682027 0.688976,
        -1.311062 -0.674562 0.688976,
        -1.313974 -0.666241 0.688976,
        -1.393701 -0.716535 0.688976,
        -1.391727 -0.734057 0.688976,
        -1.385903 -0.750700 0.688976,
        -1.376522 -0.765629 0.688976,
        -1.364054 -0.778097 0.688976,
        -1.349125 -0.787478 0.688976,
        -1.332482 -0.793302 0.688976,
        -1.393701 -0.637795 0.902313,
        -1.393701 -0.244094 0.902313,
        -1.393701 -0.637795 0.688976,
        -0.667518 -0.793302 0.688976,
        -0.650875 -0.787478 0.688976,
        -0.635946 -0.778097 0.688976,
        -0.623478 -0.765629 0.688976,
        -0.614097 -0.750700 0.688976,
        -0.608274 -0.734057 0.688976,
        -0.686026 -0.666241 0.688976,
        -0.688938 -0.674562 0.688976,
        -0.693629 -0.682027 0.688976,
        -0.699863 -0.688261 0.688976,
        -0.707328 -0.692952 0.688976,
        -0.715649 -0.695863 0.688976,
        -1.388358 -0.637795 0.966955,
        -1.310686 -0.637795 0.954026,
        -1.372474 -0.637795 1.029842,
        -1.297979 -0.637795 1.004336,
        -1.118154 -0.637795 1.772630,
        -1.043660 -0.637795 1.747124,
        -1.102276 -0.637795 1.835483,
        -1.024606 -0.637795 1.822548,
        -1.096928 -0.637795 1.900091,
        -1.018187 -0.637795 1.900077,
        -1.102254 -0.637795 1.964700,
        -1.024579 -0.637795 1.977608,
        -1.118110 -0.637795 2.027559,
        -1.043607 -0.637795 2.053039,
        -1.192903 -0.637795 2.246254,
        -1.118400 -0.637795 2.271734,
        -1.043607 -0.244094 2.053039,
        -1.118400 -0.244094 2.271734,
        -1.192903 -0.244094 2.246254,
        -1.118110 -0.244094 2.027559,
        -1.118154 -0.244094 1.772630,
        -1.102276 -0.244094 1.835483,
        -1.096928 -0.244094 1.900091,
        -1.102254 -0.244094 1.964700,
        -1.372474 -0.244094 1.029842,
        -1.388358 -0.244094 0.966955,
        -1.297979 -0.244094 1.004336,
        -1.310686 -0.244094 0.954026,
        -1.043660 -0.244094 1.747124,
        -1.024579 -0.244094 1.977608,
        -1.018187 -0.244094 1.900077,
        -1.024606 -0.244094 1.822548,
        -1.685039 -0.244094 0.137795,
        -1.606299 -0.244094 0.137795,
        -1.685039 -0.657480 0.137795,
        -1.606299 -0.716535 0.137795,
        -1.686026 -0.666241 0.137795,
        -1.688938 -0.674562 0.137795,
        -1.608273 -0.734057 0.137795,
        -1.693628 -0.682027 0.137795,
        -1.614097 -0.750700 0.137795,
        -1.623478 -0.765629 0.137795,
        -1.699863 -0.688261 0.137795,
        -1.724409 -0.795276 0.137795,
        -1.724409 -0.696850 0.137795,
        -1.685039 -0.795276 0.137795,
        -1.715649 -0.695863 0.137795,
        -1.667518 -0.793302 0.137795,
        -1.707328 -0.692952 0.137795,
        -1.650875 -0.787478 0.137795,
        -1.635946 -0.778097 0.137795,
        -1.881890 -1.279528 -0.039370,
        -1.881890 -1.279528 -0.137795,
        -1.881890 -0.874016 -0.039370,
        -1.881890 -0.854331 -0.137795,
        -1.881890 -0.853636 -0.036687,
        -1.881890 -0.813572 -0.132429,
        -1.881890 -0.834646 -0.028821,
        -1.881890 -0.775591 -0.116697,
        -1.881890 -0.818338 -0.016307,
        -1.881890 -0.742975 -0.091670,
        -1.881890 -0.805825 -0.000000,
        -1.881890 -0.717949 -0.059055,
        -1.881890 -0.797959 0.018991,
        -1.881890 -0.702217 -0.021074,
        -1.881890 -0.795276 0.039370,
        -1.881890 -0.696850 0.019685,
        -1.881890 -0.795276 0.059055,
        -1.881890 -0.696850 0.059055,
        -2.118110 -0.795276 0.059055,
        -2.118110 -0.696850 0.059055,
        -2.118110 -0.795276 0.039370,
        -2.118110 -0.696850 0.019685,
        -2.118110 -0.797959 0.018991,
        -2.118110 -0.702217 -0.021074,
        -2.118110 -0.805825 -0.000000,
        -2.118110 -0.717949 -0.059055,
        -2.118110 -0.818338 -0.016307,
        -2.118110 -0.742975 -0.091670,
        -2.118110 -0.834646 -0.028821,
        -2.118110 -0.775591 -0.116697,
        -2.118110 -0.853636 -0.036687,
        -2.118110 -0.813572 -0.132429,
        -2.118110 -0.874016 -0.039370,
        -2.118110 -0.854331 -0.137795,
        -2.118110 -1.279528 -0.039370,
        -2.118110 -1.279528 -0.137795,
        -2.393701 -0.244094 0.137795,
        -2.314961 -0.244094 0.137795,
        -2.393701 -0.716535 0.137795,
        -2.314961 -0.657480 0.137795,
        -2.313974 -0.666241 0.137795,
        -2.311062 -0.674562 0.137795,
        -2.391727 -0.734057 0.137795,
        -2.306371 -0.682027 0.137795,
        -2.300137 -0.688261 0.137795,
        -2.376522 -0.765629 0.137795,
        -2.385903 -0.750700 0.137795,
        -2.292672 -0.692952 0.137795,
        -2.349124 -0.787478 0.137795,
        -2.364054 -0.778097 0.137795,
        -2.275591 -0.696850 0.137795,
        -2.275591 -0.795276 0.137795,
        -2.284351 -0.695863 0.137795,
        -2.314961 -0.795276 0.137795,
        -2.332482 -0.793302 0.137795,
        -1.881890 -0.244094 2.027559,
        -1.807097 -0.244094 2.246254,
        -1.881890 -0.637795 2.027559,
        -1.807097 -0.637795 2.246254,
        -1.881600 -0.244094 2.271734,
        -1.881600 -0.637795 2.271734,
        -1.956393 -0.244094 2.053039,
        -1.956393 -0.637795 2.053039,
        -1.956340 -0.244094 1.747124,
        -1.956340 -0.637795 1.747124,
        -1.975394 -0.637795 1.822548,
        -1.975394 -0.244094 1.822548,
        -1.981813 -0.637795 1.900077,
        -1.981813 -0.244094 1.900077,
        -1.975421 -0.637795 1.977608,
        -1.975421 -0.244094 1.977608,
        -1.702021 -0.244094 1.004336,
        -1.702021 -0.637795 1.004336,
        -1.685039 -0.244094 0.902313,
        -1.685039 -0.637795 0.902313,
        -1.689314 -0.244094 0.954026,
        -1.689314 -0.637795 0.954026,
        -1.685039 -0.637795 0.688976,
        -1.685039 -0.657480 0.688976,
        -1.606299 -0.716535 0.688976,
        -1.606299 -0.637795 0.688976,
        -1.606299 -0.637795 0.902313,
        -1.606299 -0.244094 0.902313,
        -1.627526 -0.244094 1.029842,
        -1.627526 -0.637795 1.029842,
        -1.611642 -0.637795 0.966955,
        -1.611642 -0.244094 0.966955,
        -1.881845 -0.244094 1.772630,
        -1.881845 -0.637795 1.772630,
        -1.897746 -0.244094 1.964700,
        -1.897746 -0.637795 1.964700,
        -1.903073 -0.244094 1.900091,
        -1.903073 -0.637795 1.900091,
        -1.897724 -0.244094 1.835483,
        -1.897724 -0.637795 1.835483,
        -2.118110 -0.696850 0.688976,
        -2.118110 -0.795276 0.688976,
        -2.118110 -0.696850 2.027559,
        -2.118110 -0.795276 2.322835,
        -2.118110 -0.736220 2.322835,
        -2.114086 -1.310097 -0.039370,
        -2.102287 -1.338583 -0.039370,
        -2.083517 -1.363044 -0.039370,
        -2.059055 -1.381814 -0.039370,
        -1.885914 -1.310097 -0.039370,
        -2.030569 -1.393613 -0.039370,
        -2.000000 -1.397638 -0.039370,
        -1.969431 -1.393613 -0.039370,
        -1.940945 -1.381814 -0.039370,
        -1.916483 -1.363044 -0.039370,
        -1.897713 -1.338583 -0.039370,
        -1.685039 -0.795276 0.688976,
        -1.881890 -0.795276 0.688976,
        -2.314961 -0.795276 0.688976,
        -1.881890 -0.795276 2.322835,
        -2.275591 -0.795276 0.059055,
        -1.724409 -0.795276 0.059055,
        -1.881890 -0.736220 2.322835,
        -1.881890 -0.696850 2.027559,
        -1.724409 -0.696850 0.059055,
        -2.275591 -0.696850 0.688976,
        -2.275591 -0.696850 0.059055,
        -1.881890 -0.696850 0.688976,
        -1.724409 -0.696850 0.688976,
        -1.885914 -1.310097 -0.137795,
        -1.897713 -1.338583 -0.137795,
        -1.916483 -1.363044 -0.137795,
        -1.940945 -1.381814 -0.137795,
        -2.114086 -1.310097 -0.137795,
        -2.000000 -1.397638 -0.137795,
        -2.030569 -1.393613 -0.137795,
        -2.102287 -1.338583 -0.137795,
        -2.059055 -1.381814 -0.137795,
        -2.083517 -1.363044 -0.137795,
        -1.969431 -1.393613 -0.137795,
        -2.314961 -0.657480 0.688976,
        -2.314961 -0.637795 0.688976,
        -2.314961 -0.637795 0.902313,
        -2.314961 -0.244094 0.902313,
        -2.284351 -0.695863 0.688976,
        -2.292672 -0.692952 0.688976,
        -2.300137 -0.688261 0.688976,
        -2.306371 -0.682027 0.688976,
        -2.311062 -0.674562 0.688976,
        -2.313974 -0.666241 0.688976,
        -2.393701 -0.716535 0.688976,
        -2.391727 -0.734057 0.688976,
        -2.385903 -0.750700 0.688976,
        -2.376522 -0.765629 0.688976,
        -2.364054 -0.778097 0.688976,
        -2.349124 -0.787478 0.688976,
        -2.332482 -0.793302 0.688976,
        -2.393701 -0.637795 0.902313,
        -2.393701 -0.244094 0.902313,
        -2.393701 -0.637795 0.688976,
        -1.667518 -0.793302 0.688976,
        -1.650875 -0.787478 0.688976,
        -1.635946 -0.778097 0.688976,
        -1.623478 -0.765629 0.688976,
        -1.614097 -0.750700 0.688976,
        -1.608273 -0.734057 0.688976,
        -1.686026 -0.666241 0.688976,
        -1.688938 -0.674562 0.688976,
        -1.693628 -0.682027 0.688976,
        -1.699863 -0.688261 0.688976,
        -1.707328 -0.692952 0.688976,
        -1.715649 -0.695863 0.688976,
        -2.388358 -0.637795 0.966955,
        -2.310686 -0.637795 0.954026,
        -2.372474 -0.637795 1.029842,
        -2.297979 -0.637795 1.004336,
        -2.118155 -0.637795 1.772630,
        -2.043660 -0.637795 1.747124,
        -2.102276 -0.637795 1.835483,
        -2.024606 -0.637795 1.822548,
        -2.096928 -0.637795 1.900091,
        -2.018187 -0.637795 1.900077,
        -2.102254 -0.637795 1.964700,
        -2.024579 -0.637795 1.977608,
        -2.118110 -0.637795 2.027559,
        -2.043607 -0.637795 2.053039,
        -2.192903 -0.637795 2.246254,
        -2.118400 -0.637795 2.271734,
        -2.043607 -0.244094 2.053039,
        -2.118400 -0.244094 2.271734,
        -2.192903 -0.244094 2.246254,
        -2.118110 -0.244094 2.027559,
        -2.118155 -0.244094 1.772630,
        -2.102276 -0.244094 1.835483,
        -2.096928 -0.244094 1.900091,
        -2.102254 -0.244094 1.964700,
        -2.372474 -0.244094 1.029842,
        -2.388358 -0.244094 0.966955,
        -2.297979 -0.244094 1.004336,
        -2.310686 -0.244094 0.954026,
        -2.043660 -0.244094 1.747124,
        -2.024579 -0.244094 1.977608,
        -2.018187 -0.244094 1.900077,
        -2.024606 -0.244094 1.822548,
        -2.685039 -0.244094 0.137795,
        -2.606299 -0.244094 0.137795,
        -2.685039 -0.657480 0.137795,
        -2.606299 -0.716535 0.137795,
        -2.686026 -0.666241 0.137795,
        -2.688938 -0.674562 0.137795,
        -2.608273 -0.734057 0.137795,
        -2.693629 -0.682027 0.137795,
        -2.614097 -0.750700 0.137795,
        -2.623478 -0.765629 0.137795,
        -2.699863 -0.688261 0.137795,
        -2.724409 -0.795276 0.137795,
        -2.724409 -0.696850 0.137795,
        -2.685039 -0.795276 0.137795,
        -2.715649 -0.695863 0.137795,
        -2.667518 -0.793302 0.137795,
        -2.707328 -0.692952 0.137795,
        -2.650875 -0.787478 0.137795,
        -2.635946 -0.778097 0.137795,
        -2.881890 -1.279528 -0.039370,
        -2.881890 -1.279528 -0.137795,
        -2.881890 -0.874016 -0.039370,
        -2.881890 -0.854331 -0.137795,
        -2.881890 -0.853636 -0.036687,
        -2.881890 -0.813572 -0.132429,
        -2.881890 -0.834646 -0.028821,
        -2.881890 -0.775591 -0.116697,
        -2.881890 -0.818338 -0.016307,
        -2.881890 -0.742975 -0.091670,
        -2.881890 -0.805825 -0.000000,
        -2.881890 -0.717949 -0.059055,
        -2.881890 -0.797959 0.018991,
        -2.881890 -0.702217 -0.021074,
        -2.881890 -0.795276 0.039370,
        -2.881890 -0.696850 0.019685,
        -2.881890 -0.795276 0.059055,
        -2.881890 -0.696850 0.059055,
        -3.118110 -0.795276 0.059055,
        -3.118110 -0.696850 0.059055,
        -3.118110 -0.795276 0.039370,
        -3.118110 -0.696850 0.019685,
        -3.118110 -0.797959 0.018991,
        -3.118110 -0.702217 -0.021074,
        -3.118110 -0.805825 -0.000000,
        -3.118110 -0.717949 -0.059055,
        -3.118110 -0.818338 -0.016307,
        -3.118110 -0.742975 -0.091670,
        -3.118110 -0.834646 -0.028821,
        -3.118110 -0.775591 -0.116697,
        -3.118110 -0.853636 -0.036687,
        -3.118110 -0.813572 -0.132429,
        -3.118110 -0.874016 -0.039370,
        -3.118110 -0.854331 -0.137795,
        -3.118110 -1.279528 -0.039370,
        -3.118110 -1.279528 -0.137795,
        -3.393701 -0.244094 0.137795,
        -3.314961 -0.244094 0.137795,
        -3.393701 -0.716535 0.137795,
        -3.314961 -0.657480 0.137795,
        -3.313974 -0.666241 0.137795,
        -3.311062 -0.674562 0.137795,
        -3.391726 -0.734057 0.137795,
        -3.306371 -0.682027 0.137795,
        -3.349125 -0.787478 0.137795,
        -3.300137 -0.688261 0.137795,
        -3.292672 -0.692952 0.137795,
        -3.275591 -0.696850 0.137795,
        -3.275591 -0.795276 0.137795,
        -3.284351 -0.695863 0.137795,
        -3.314961 -0.795276 0.137795,
        -3.332482 -0.793302 0.137795,
        -3.364055 -0.778097 0.137795,
        -3.376522 -0.765629 0.137795,
        -3.385903 -0.750700 0.137795,
        -2.881890 -0.244094 2.027559,
        -2.807097 -0.244094 2.246254,
        -2.881890 -0.637795 2.027559,
        -2.807097 -0.637795 2.246254,
        -2.881600 -0.244094 2.271734,
        -2.881600 -0.637795 2.271734,
        -2.956393 -0.244094 2.053039,
        -2.956393 -0.637795 2.053039,
        -2.956340 -0.244094 1.747124,
        -2.956340 -0.637795 1.747124,
        -2.975394 -0.637795 1.822548,
        -2.975394 -0.244094 1.822548,
        -2.981813 -0.637795 1.900077,
        -2.981813 -0.244094 1.900077,
        -2.975421 -0.637795 1.977608,
        -2.975421 -0.244094 1.977608,
        -2.702021 -0.244094 1.004336,
        -2.702021 -0.637795 1.004336,
        -2.685039 -0.244094 0.902313,
        -2.685039 -0.637795 0.902313,
        -2.689314 -0.244094 0.954026,
        -2.689314 -0.637795 0.954026,
        -2.685039 -0.637795 0.688976,
        -2.685039 -0.657480 0.688976,
        -2.606299 -0.716535 0.688976,
        -2.606299 -0.637795 0.688976,
        -2.606299 -0.637795 0.902313,
        -2.606299 -0.244094 0.902313,
        -2.627526 -0.244094 1.029842,
        -2.627526 -0.637795 1.029842,
        -2.611642 -0.637795 0.966955,
        -2.611642 -0.244094 0.966955,
        -2.881846 -0.244094 1.772630,
        -2.881846 -0.637795 1.772630,
        -2.897746 -0.244094 1.964700,
        -2.897746 -0.637795 1.964700,
        -2.903072 -0.244094 1.900091,
        -2.903072 -0.637795 1.900091,
        -2.897724 -0.244094 1.835483,
        -2.897724 -0.637795 1.835483,
        -3.118110 -0.696850 0.688976,
        -3.118110 -0.795276 0.688976,
        -3.118110 -0.696850 2.027559,
        -3.118110 -0.795276 2.322835,
        -3.118110 -0.736220 2.322835,
        -3.114086 -1.310097 -0.039370,
        -3.102286 -1.338583 -0.039370,
        -3.083517 -1.363044 -0.039370,
        -3.059055 -1.381814 -0.039370,
        -2.885914 -1.310097 -0.039370,
        -3.030569 -1.393613 -0.039370,
        -3.000000 -1.397638 -0.039370,
        -2.969431 -1.393613 -0.039370,
        -2.940945 -1.381814 -0.039370,
        -2.916483 -1.363044 -0.039370,
        -2.897713 -1.338583 -0.039370,
        -2.685039 -0.795276 0.688976,
        -2.881890 -0.795276 0.688976,
        -3.314961 -0.795276 0.688976,
        -2.881890 -0.795276 2.322835,
        -3.275591 -0.795276 0.059055,
        -2.724409 -0.795276 0.059055,
        -2.881890 -0.736220 2.322835,
        -2.881890 -0.696850 2.027559,
        -2.724409 -0.696850 0.059055,
        -3.275591 -0.696850 0.688976,
        -3.275591 -0.696850 0.059055,
        -2.881890 -0.696850 0.688976,
        -2.724409 -0.696850 0.688976,
        -2.885914 -1.310097 -0.137795,
        -3.102286 -1.338583 -0.137795,
        -3.114086 -1.310097 -0.137795,
        -3.083517 -1.363044 -0.137795,
        -3.059055 -1.381814 -0.137795,
        -3.030569 -1.393613 -0.137795,
        -2.897713 -1.338583 -0.137795,
        -2.916483 -1.363044 -0.137795,
        -2.940945 -1.381814 -0.137795,
        -2.969431 -1.393613 -0.137795,
        -3.000000 -1.397638 -0.137795,
        -3.314961 -0.657480 0.688976,
        -3.314961 -0.637795 0.688976,
        -3.314961 -0.637795 0.902313,
        -3.314961 -0.244094 0.902313,
        -3.284351 -0.695863 0.688976,
        -3.292672 -0.692952 0.688976,
        -3.300137 -0.688261 0.688976,
        -3.306371 -0.682027 0.688976,
        -3.311062 -0.674562 0.688976,
        -3.313974 -0.666241 0.688976,
        -3.393701 -0.716535 0.688976,
        -3.391726 -0.734057 0.688976,
        -3.385903 -0.750700 0.688976,
        -3.376522 -0.765629 0.688976,
        -3.364055 -0.778097 0.688976,
        -3.349125 -0.787478 0.688976,
        -3.332482 -0.793302 0.688976,
        -3.393701 -0.637795 0.902313,
        -3.393701 -0.244094 0.902313,
        -3.393701 -0.637795 0.688976,
        -2.667518 -0.793302 0.688976,
        -2.650875 -0.787478 0.688976,
        -2.635946 -0.778097 0.688976,
        -2.623478 -0.765629 0.688976,
        -2.614097 -0.750700 0.688976,
        -2.608273 -0.734057 0.688976,
        -2.686026 -0.666241 0.688976,
        -2.688938 -0.674562 0.688976,
        -2.693629 -0.682027 0.688976,
        -2.699863 -0.688261 0.688976,
        -2.707328 -0.692952 0.688976,
        -2.715649 -0.695863 0.688976,
        -3.388357 -0.637795 0.966955,
        -3.310686 -0.637795 0.954026,
        -3.372474 -0.637795 1.029842,
        -3.297979 -0.637795 1.004336,
        -3.118155 -0.637795 1.772630,
        -3.043660 -0.637795 1.747124,
        -3.102276 -0.637795 1.835483,
        -3.024606 -0.637795 1.822548,
        -3.096927 -0.637795 1.900091,
        -3.018187 -0.637795 1.900077,
        -3.102254 -0.637795 1.964700,
        -3.024579 -0.637795 1.977608,
        -3.118110 -0.637795 2.027559,
        -3.043607 -0.637795 2.053039,
        -3.192903 -0.637795 2.246254,
        -3.118399 -0.637795 2.271734,
        -3.043607 -0.244094 2.053039,
        -3.118399 -0.244094 2.271734,
        -3.192903 -0.244094 2.246254,
        -3.118110 -0.244094 2.027559,
        -3.118155 -0.244094 1.772630,
        -3.102276 -0.244094 1.835483,
        -3.096927 -0.244094 1.900091,
        -3.102254 -0.244094 1.964700,
        -3.372474 -0.244094 1.029842,
        -3.388357 -0.244094 0.966955,
        -3.297979 -0.244094 1.004336,
        -3.310686 -0.244094 0.954026,
        -3.043660 -0.244094 1.747124,
        -3.024579 -0.244094 1.977608,
        -3.018187 -0.244094 1.900077,
        -3.024606 -0.244094 1.822548,
      ]
    }
    coordIndex [
      0, 1, 2, -1,
      2, 1, 3, -1,
      3, 4, 2, -1,
      2, 4, 5, -1,
      2, 5, 6, -1,
      6, 5, 7, -1,
      8, 9, 7, -1,
      7, 9, 10, -1,
      7, 10, 6, -1,
      11, 12, 8, -1,
      8, 12, 13, -1,
      8, 13, 9, -1,
      14, 15, 16, -1,
      16, 15, 17, -1,
      16, 17, 11, -1,
      11, 17, 18, -1,
      11, 18, 12, -1,
      19, 20, 21, -1,
      21, 20, 22, -1,
      21, 22, 23, -1,
      23, 22, 24, -1,
      23, 24, 25, -1,
      25, 24, 26, -1,
      25, 26, 27, -1,
      27, 26, 28, -1,
      27, 28, 29, -1,
      29, 28, 30, -1,
      29, 30, 31, -1,
      31, 30, 32, -1,
      31, 32, 33, -1,
      33, 32, 34, -1,
      33, 34, 35, -1,
      35, 34, 36, -1,
      37, 38, 39, -1,
      39, 38, 40, -1,
      39, 40, 41, -1,
      41, 40, 42, -1,
      41, 42, 43, -1,
      43, 42, 44, -1,
      43, 44, 45, -1,
      45, 44, 46, -1,
      45, 46, 47, -1,
      47, 46, 48, -1,
      47, 48, 49, -1,
      49, 48, 50, -1,
      49, 50, 51, -1,
      51, 50, 52, -1,
      51, 52, 53, -1,
      53, 52, 54, -1,
      55, 56, 57, -1,
      57, 56, 58, -1,
      57, 58, 59, -1,
      59, 58, 60, -1,
      60, 58, 61, -1,
      60, 61, 62, -1,
      61, 63, 62, -1,
      62, 63, 64, -1,
      62, 64, 65, -1,
      66, 67, 68, -1,
      68, 67, 69, -1,
      68, 69, 70, -1,
      70, 69, 71, -1,
      70, 71, 72, -1,
      72, 71, 65, -1,
      72, 65, 73, -1,
      73, 65, 64, -1,
      74, 75, 76, -1,
      76, 75, 77, -1,
      78, 74, 79, -1,
      79, 74, 76, -1,
      80, 78, 81, -1,
      81, 78, 79, -1,
      80, 81, 82, -1,
      80, 82, 83, -1,
      83, 82, 84, -1,
      83, 84, 85, -1,
      85, 84, 86, -1,
      85, 86, 87, -1,
      87, 86, 88, -1,
      87, 88, 89, -1,
      90, 89, 91, -1,
      91, 89, 88, -1,
      90, 91, 92, -1,
      92, 91, 93, -1,
      92, 93, 94, -1,
      94, 93, 95, -1,
      96, 3, 97, -1,
      97, 3, 1, -1,
      97, 1, 95, -1,
      95, 1, 94, -1,
      98, 99, 100, -1,
      100, 99, 0, -1,
      100, 0, 101, -1,
      101, 0, 2, -1,
      99, 98, 102, -1,
      99, 102, 103, -1,
      103, 102, 104, -1,
      103, 104, 105, -1,
      106, 105, 107, -1,
      107, 105, 104, -1,
      106, 107, 108, -1,
      108, 107, 109, -1,
      108, 109, 110, -1,
      110, 109, 111, -1,
      110, 111, 112, -1,
      112, 111, 113, -1,
      112, 113, 75, -1,
      75, 113, 77, -1,
      74, 78, 75, -1,
      75, 78, 80, -1,
      75, 80, 112, -1,
      112, 80, 83, -1,
      112, 83, 110, -1,
      110, 83, 85, -1,
      110, 85, 108, -1,
      108, 85, 87, -1,
      108, 87, 106, -1,
      106, 87, 89, -1,
      106, 89, 105, -1,
      105, 89, 90, -1,
      105, 90, 103, -1,
      103, 90, 92, -1,
      103, 92, 99, -1,
      99, 92, 94, -1,
      99, 94, 0, -1,
      0, 94, 1, -1,
      100, 97, 98, -1,
      98, 97, 95, -1,
      98, 95, 102, -1,
      102, 95, 93, -1,
      102, 93, 104, -1,
      104, 93, 91, -1,
      104, 91, 107, -1,
      107, 91, 88, -1,
      107, 88, 109, -1,
      109, 88, 86, -1,
      109, 86, 111, -1,
      111, 86, 84, -1,
      111, 84, 113, -1,
      113, 84, 82, -1,
      113, 82, 77, -1,
      77, 82, 81, -1,
      77, 81, 76, -1,
      76, 81, 79, -1,
      114, 115, 116, -1,
      116, 115, 117, -1,
      116, 117, 118, -1,
      39, 33, 37, -1,
      37, 33, 35, -1,
      37, 35, 119, -1,
      119, 35, 120, -1,
      120, 35, 121, -1,
      120, 121, 122, -1,
      123, 124, 125, -1,
      122, 126, 120, -1,
      120, 126, 123, -1,
      120, 123, 127, -1,
      125, 128, 123, -1,
      123, 128, 129, -1,
      123, 129, 127, -1,
      33, 39, 31, -1,
      31, 39, 41, -1,
      31, 41, 29, -1,
      29, 41, 43, -1,
      29, 43, 27, -1,
      27, 43, 45, -1,
      27, 45, 25, -1,
      25, 45, 47, -1,
      25, 47, 23, -1,
      23, 47, 49, -1,
      23, 49, 21, -1,
      21, 49, 51, -1,
      66, 68, 130, -1,
      15, 130, 17, -1,
      17, 130, 114, -1,
      131, 17, 132, -1,
      132, 17, 114, -1,
      132, 114, 133, -1,
      133, 114, 116, -1,
      21, 51, 19, -1,
      19, 51, 53, -1,
      15, 134, 130, -1,
      130, 134, 19, -1,
      130, 19, 66, -1,
      66, 19, 53, -1,
      66, 53, 135, -1,
      136, 133, 118, -1,
      118, 133, 116, -1,
      137, 136, 117, -1,
      117, 136, 118, -1,
      54, 52, 22, -1,
      22, 20, 54, -1,
      54, 20, 67, -1,
      54, 67, 138, -1,
      139, 140, 14, -1,
      14, 140, 20, -1,
      14, 20, 141, -1,
      137, 117, 140, -1,
      140, 117, 115, -1,
      140, 115, 20, -1,
      20, 115, 142, -1,
      20, 142, 67, -1,
      22, 52, 50, -1,
      22, 50, 24, -1,
      24, 50, 48, -1,
      24, 48, 26, -1,
      26, 48, 46, -1,
      26, 46, 28, -1,
      28, 46, 44, -1,
      28, 44, 30, -1,
      30, 44, 42, -1,
      30, 42, 32, -1,
      32, 42, 40, -1,
      32, 40, 34, -1,
      34, 40, 36, -1,
      36, 40, 38, -1,
      38, 143, 36, -1,
      36, 143, 144, -1,
      36, 144, 145, -1,
      145, 144, 146, -1,
      146, 147, 145, -1,
      145, 147, 148, -1,
      145, 148, 149, -1,
      149, 150, 145, -1,
      145, 150, 151, -1,
      145, 151, 152, -1,
      152, 151, 153, -1,
      140, 132, 137, -1,
      137, 132, 133, -1,
      137, 133, 136, -1,
      154, 155, 156, -1,
      156, 155, 55, -1,
      156, 55, 157, -1,
      157, 55, 57, -1,
      157, 57, 158, -1,
      158, 57, 59, -1,
      158, 59, 159, -1,
      159, 59, 60, -1,
      159, 60, 160, -1,
      160, 60, 62, -1,
      160, 62, 161, -1,
      161, 62, 65, -1,
      161, 65, 162, -1,
      162, 65, 71, -1,
      162, 71, 163, -1,
      163, 71, 69, -1,
      163, 69, 142, -1,
      142, 69, 67, -1,
      130, 68, 70, -1,
      130, 70, 164, -1,
      164, 70, 72, -1,
      164, 72, 165, -1,
      165, 72, 73, -1,
      165, 73, 166, -1,
      166, 73, 64, -1,
      166, 64, 167, -1,
      167, 64, 63, -1,
      167, 63, 168, -1,
      168, 63, 61, -1,
      168, 61, 169, -1,
      169, 61, 58, -1,
      169, 58, 170, -1,
      170, 58, 171, -1,
      171, 58, 56, -1,
      171, 56, 172, -1,
      172, 56, 173, -1,
      171, 156, 157, -1,
      171, 157, 170, -1,
      157, 158, 170, -1,
      170, 158, 159, -1,
      170, 159, 169, -1,
      169, 159, 160, -1,
      130, 164, 162, -1,
      162, 164, 165, -1,
      162, 165, 161, -1,
      165, 166, 161, -1,
      161, 166, 167, -1,
      161, 167, 160, -1,
      160, 167, 168, -1,
      160, 168, 169, -1,
      115, 114, 142, -1,
      142, 114, 130, -1,
      142, 130, 163, -1,
      163, 130, 162, -1,
      101, 2, 6, -1,
      101, 6, 174, -1,
      174, 6, 10, -1,
      174, 10, 175, -1,
      175, 10, 9, -1,
      175, 9, 176, -1,
      176, 9, 13, -1,
      176, 13, 177, -1,
      177, 13, 12, -1,
      177, 12, 178, -1,
      178, 12, 18, -1,
      178, 18, 179, -1,
      179, 18, 17, -1,
      179, 17, 131, -1,
      139, 14, 180, -1,
      180, 14, 16, -1,
      180, 16, 181, -1,
      181, 16, 11, -1,
      181, 11, 182, -1,
      182, 11, 8, -1,
      182, 8, 183, -1,
      183, 8, 7, -1,
      183, 7, 184, -1,
      184, 7, 5, -1,
      184, 5, 185, -1,
      185, 5, 4, -1,
      185, 4, 96, -1,
      96, 4, 3, -1,
      175, 176, 183, -1,
      183, 176, 182, -1,
      175, 183, 174, -1,
      174, 183, 184, -1,
      174, 184, 101, -1,
      101, 184, 185, -1,
      101, 185, 100, -1,
      100, 185, 96, -1,
      100, 96, 97, -1,
      131, 132, 140, -1,
      140, 139, 131, -1,
      131, 139, 180, -1,
      131, 180, 179, -1,
      179, 180, 181, -1,
      179, 181, 178, -1,
      178, 181, 182, -1,
      178, 182, 177, -1,
      177, 182, 176, -1,
      125, 149, 148, -1,
      125, 148, 128, -1,
      128, 148, 147, -1,
      128, 147, 129, -1,
      129, 147, 146, -1,
      129, 146, 127, -1,
      127, 146, 144, -1,
      127, 144, 120, -1,
      120, 144, 143, -1,
      120, 143, 119, -1,
      119, 143, 38, -1,
      119, 38, 37, -1,
      149, 125, 124, -1,
      149, 124, 150, -1,
      150, 124, 123, -1,
      150, 123, 151, -1,
      151, 123, 126, -1,
      151, 126, 153, -1,
      153, 126, 122, -1,
      153, 122, 152, -1,
      152, 122, 121, -1,
      152, 121, 145, -1,
      145, 121, 35, -1,
      145, 35, 36, -1,
      186, 187, 188, -1,
      188, 187, 189, -1,
      188, 189, 190, -1,
      190, 189, 191, -1,
      190, 191, 192, -1,
      192, 191, 193, -1,
      192, 193, 194, -1,
      194, 193, 195, -1,
      194, 195, 196, -1,
      196, 195, 197, -1,
      196, 197, 198, -1,
      198, 197, 199, -1,
      198, 199, 200, -1,
      200, 199, 201, -1,
      200, 201, 172, -1,
      172, 201, 154, -1,
      172, 154, 171, -1,
      171, 154, 156, -1,
      202, 203, 187, -1,
      187, 203, 189, -1,
      204, 202, 186, -1,
      186, 202, 187, -1,
      205, 204, 188, -1,
      188, 204, 186, -1,
      205, 188, 206, -1,
      206, 188, 190, -1,
      206, 190, 207, -1,
      207, 190, 192, -1,
      207, 192, 208, -1,
      208, 192, 194, -1,
      208, 194, 209, -1,
      209, 194, 196, -1,
      210, 209, 198, -1,
      198, 209, 196, -1,
      210, 198, 200, -1,
      210, 200, 211, -1,
      211, 200, 172, -1,
      211, 172, 173, -1,
      155, 154, 212, -1,
      212, 154, 201, -1,
      212, 201, 213, -1,
      213, 201, 199, -1,
      214, 213, 197, -1,
      197, 213, 199, -1,
      214, 197, 195, -1,
      214, 195, 215, -1,
      215, 195, 193, -1,
      215, 193, 216, -1,
      216, 193, 191, -1,
      216, 191, 217, -1,
      217, 191, 189, -1,
      217, 189, 203, -1,
      56, 55, 173, -1,
      173, 55, 155, -1,
      173, 155, 211, -1,
      211, 155, 212, -1,
      211, 212, 210, -1,
      210, 212, 213, -1,
      210, 213, 209, -1,
      209, 213, 214, -1,
      209, 214, 208, -1,
      208, 214, 215, -1,
      208, 215, 207, -1,
      207, 215, 216, -1,
      207, 216, 206, -1,
      206, 216, 217, -1,
      206, 217, 205, -1,
      205, 217, 203, -1,
      205, 203, 204, -1,
      204, 203, 202, -1,
      135, 138, 66, -1,
      66, 138, 67, -1,
      138, 135, 54, -1,
      54, 135, 53, -1,
      19, 134, 20, -1,
      20, 134, 141, -1,
      141, 134, 14, -1,
      14, 134, 15, -1,
      218, 219, 220, -1,
      220, 219, 221, -1,
      221, 222, 220, -1,
      220, 222, 223, -1,
      220, 223, 224, -1,
      224, 223, 225, -1,
      226, 227, 225, -1,
      225, 227, 228, -1,
      225, 228, 224, -1,
      229, 230, 226, -1,
      226, 230, 231, -1,
      226, 231, 227, -1,
      232, 233, 234, -1,
      234, 233, 235, -1,
      234, 235, 229, -1,
      229, 235, 236, -1,
      229, 236, 230, -1,
      237, 238, 239, -1,
      239, 238, 240, -1,
      239, 240, 241, -1,
      241, 240, 242, -1,
      241, 242, 243, -1,
      243, 242, 244, -1,
      243, 244, 245, -1,
      245, 244, 246, -1,
      245, 246, 247, -1,
      247, 246, 248, -1,
      247, 248, 249, -1,
      249, 248, 250, -1,
      249, 250, 251, -1,
      251, 250, 252, -1,
      251, 252, 253, -1,
      253, 252, 254, -1,
      255, 256, 257, -1,
      257, 256, 258, -1,
      257, 258, 259, -1,
      259, 258, 260, -1,
      259, 260, 261, -1,
      261, 260, 262, -1,
      261, 262, 263, -1,
      263, 262, 264, -1,
      263, 264, 265, -1,
      265, 264, 266, -1,
      265, 266, 267, -1,
      267, 266, 268, -1,
      267, 268, 269, -1,
      269, 268, 270, -1,
      269, 270, 271, -1,
      271, 270, 272, -1,
      273, 274, 275, -1,
      275, 274, 276, -1,
      275, 276, 277, -1,
      277, 276, 278, -1,
      278, 276, 279, -1,
      278, 279, 280, -1,
      279, 281, 280, -1,
      280, 281, 282, -1,
      280, 282, 283, -1,
      284, 285, 286, -1,
      286, 285, 287, -1,
      286, 287, 288, -1,
      288, 287, 289, -1,
      288, 289, 290, -1,
      290, 289, 283, -1,
      290, 283, 291, -1,
      291, 283, 282, -1,
      292, 293, 294, -1,
      294, 293, 295, -1,
      296, 292, 297, -1,
      297, 292, 294, -1,
      298, 296, 299, -1,
      299, 296, 297, -1,
      298, 299, 300, -1,
      298, 300, 301, -1,
      301, 300, 302, -1,
      301, 302, 303, -1,
      303, 302, 304, -1,
      303, 304, 305, -1,
      305, 304, 306, -1,
      305, 306, 307, -1,
      308, 307, 309, -1,
      309, 307, 306, -1,
      308, 309, 310, -1,
      310, 309, 311, -1,
      310, 311, 312, -1,
      312, 311, 313, -1,
      314, 221, 315, -1,
      315, 221, 219, -1,
      315, 219, 313, -1,
      313, 219, 312, -1,
      316, 317, 318, -1,
      318, 317, 218, -1,
      318, 218, 319, -1,
      319, 218, 220, -1,
      317, 316, 320, -1,
      317, 320, 321, -1,
      321, 320, 322, -1,
      321, 322, 323, -1,
      324, 323, 325, -1,
      325, 323, 322, -1,
      324, 325, 326, -1,
      326, 325, 327, -1,
      326, 327, 328, -1,
      328, 327, 329, -1,
      328, 329, 330, -1,
      330, 329, 331, -1,
      330, 331, 293, -1,
      293, 331, 295, -1,
      292, 296, 293, -1,
      293, 296, 298, -1,
      293, 298, 330, -1,
      330, 298, 301, -1,
      330, 301, 328, -1,
      328, 301, 303, -1,
      328, 303, 326, -1,
      326, 303, 305, -1,
      326, 305, 324, -1,
      324, 305, 307, -1,
      324, 307, 323, -1,
      323, 307, 308, -1,
      323, 308, 321, -1,
      321, 308, 310, -1,
      321, 310, 317, -1,
      317, 310, 312, -1,
      317, 312, 218, -1,
      218, 312, 219, -1,
      318, 315, 316, -1,
      316, 315, 313, -1,
      316, 313, 320, -1,
      320, 313, 311, -1,
      320, 311, 322, -1,
      322, 311, 309, -1,
      322, 309, 325, -1,
      325, 309, 306, -1,
      325, 306, 327, -1,
      327, 306, 304, -1,
      327, 304, 329, -1,
      329, 304, 302, -1,
      329, 302, 331, -1,
      331, 302, 300, -1,
      331, 300, 295, -1,
      295, 300, 299, -1,
      295, 299, 294, -1,
      294, 299, 297, -1,
      332, 333, 334, -1,
      334, 333, 335, -1,
      334, 335, 336, -1,
      257, 251, 255, -1,
      255, 251, 253, -1,
      255, 253, 337, -1,
      337, 253, 338, -1,
      338, 253, 339, -1,
      338, 339, 340, -1,
      341, 342, 343, -1,
      340, 344, 338, -1,
      338, 344, 341, -1,
      338, 341, 345, -1,
      343, 346, 341, -1,
      341, 346, 347, -1,
      341, 347, 345, -1,
      251, 257, 249, -1,
      249, 257, 259, -1,
      249, 259, 247, -1,
      247, 259, 261, -1,
      247, 261, 245, -1,
      245, 261, 263, -1,
      245, 263, 243, -1,
      243, 263, 265, -1,
      243, 265, 241, -1,
      241, 265, 267, -1,
      241, 267, 239, -1,
      239, 267, 269, -1,
      284, 286, 348, -1,
      233, 348, 235, -1,
      235, 348, 332, -1,
      349, 235, 350, -1,
      350, 235, 332, -1,
      350, 332, 351, -1,
      351, 332, 334, -1,
      239, 269, 237, -1,
      237, 269, 271, -1,
      233, 352, 348, -1,
      348, 352, 237, -1,
      348, 237, 284, -1,
      284, 237, 271, -1,
      284, 271, 353, -1,
      354, 351, 336, -1,
      336, 351, 334, -1,
      355, 354, 335, -1,
      335, 354, 336, -1,
      272, 270, 240, -1,
      240, 238, 272, -1,
      272, 238, 285, -1,
      272, 285, 356, -1,
      357, 358, 232, -1,
      232, 358, 238, -1,
      232, 238, 359, -1,
      355, 335, 358, -1,
      358, 335, 333, -1,
      358, 333, 238, -1,
      238, 333, 360, -1,
      238, 360, 285, -1,
      240, 270, 268, -1,
      240, 268, 242, -1,
      242, 268, 266, -1,
      242, 266, 244, -1,
      244, 266, 264, -1,
      244, 264, 246, -1,
      246, 264, 262, -1,
      246, 262, 248, -1,
      248, 262, 260, -1,
      248, 260, 250, -1,
      250, 260, 258, -1,
      250, 258, 252, -1,
      252, 258, 254, -1,
      254, 258, 256, -1,
      256, 361, 254, -1,
      254, 361, 362, -1,
      254, 362, 363, -1,
      363, 362, 364, -1,
      364, 365, 363, -1,
      363, 365, 366, -1,
      363, 366, 367, -1,
      367, 368, 363, -1,
      363, 368, 369, -1,
      363, 369, 370, -1,
      370, 369, 371, -1,
      358, 350, 355, -1,
      355, 350, 351, -1,
      355, 351, 354, -1,
      372, 373, 374, -1,
      374, 373, 273, -1,
      374, 273, 375, -1,
      375, 273, 275, -1,
      375, 275, 376, -1,
      376, 275, 277, -1,
      376, 277, 377, -1,
      377, 277, 278, -1,
      377, 278, 378, -1,
      378, 278, 280, -1,
      378, 280, 379, -1,
      379, 280, 283, -1,
      379, 283, 380, -1,
      380, 283, 289, -1,
      380, 289, 381, -1,
      381, 289, 287, -1,
      381, 287, 360, -1,
      360, 287, 285, -1,
      348, 286, 288, -1,
      348, 288, 382, -1,
      382, 288, 290, -1,
      382, 290, 383, -1,
      383, 290, 291, -1,
      383, 291, 384, -1,
      384, 291, 282, -1,
      384, 282, 385, -1,
      385, 282, 281, -1,
      385, 281, 386, -1,
      386, 281, 279, -1,
      386, 279, 387, -1,
      387, 279, 276, -1,
      387, 276, 388, -1,
      388, 276, 389, -1,
      389, 276, 274, -1,
      389, 274, 390, -1,
      390, 274, 391, -1,
      389, 374, 375, -1,
      389, 375, 388, -1,
      375, 376, 388, -1,
      388, 376, 377, -1,
      388, 377, 387, -1,
      387, 377, 378, -1,
      348, 382, 380, -1,
      380, 382, 383, -1,
      380, 383, 379, -1,
      383, 384, 379, -1,
      379, 384, 385, -1,
      379, 385, 378, -1,
      378, 385, 386, -1,
      378, 386, 387, -1,
      333, 332, 360, -1,
      360, 332, 348, -1,
      360, 348, 381, -1,
      381, 348, 380, -1,
      319, 220, 224, -1,
      319, 224, 392, -1,
      392, 224, 228, -1,
      392, 228, 393, -1,
      393, 228, 227, -1,
      393, 227, 394, -1,
      394, 227, 231, -1,
      394, 231, 395, -1,
      395, 231, 230, -1,
      395, 230, 396, -1,
      396, 230, 236, -1,
      396, 236, 397, -1,
      397, 236, 235, -1,
      397, 235, 349, -1,
      357, 232, 398, -1,
      398, 232, 234, -1,
      398, 234, 399, -1,
      399, 234, 229, -1,
      399, 229, 400, -1,
      400, 229, 226, -1,
      400, 226, 401, -1,
      401, 226, 225, -1,
      401, 225, 402, -1,
      402, 225, 223, -1,
      402, 223, 403, -1,
      403, 223, 222, -1,
      403, 222, 314, -1,
      314, 222, 221, -1,
      393, 394, 401, -1,
      401, 394, 400, -1,
      393, 401, 392, -1,
      392, 401, 402, -1,
      392, 402, 319, -1,
      319, 402, 403, -1,
      319, 403, 318, -1,
      318, 403, 314, -1,
      318, 314, 315, -1,
      349, 350, 358, -1,
      358, 357, 349, -1,
      349, 357, 398, -1,
      349, 398, 397, -1,
      397, 398, 399, -1,
      397, 399, 396, -1,
      396, 399, 400, -1,
      396, 400, 395, -1,
      395, 400, 394, -1,
      343, 367, 366, -1,
      343, 366, 346, -1,
      346, 366, 365, -1,
      346, 365, 347, -1,
      347, 365, 364, -1,
      347, 364, 345, -1,
      345, 364, 362, -1,
      345, 362, 338, -1,
      338, 362, 361, -1,
      338, 361, 337, -1,
      337, 361, 256, -1,
      337, 256, 255, -1,
      367, 343, 342, -1,
      367, 342, 368, -1,
      368, 342, 341, -1,
      368, 341, 369, -1,
      369, 341, 344, -1,
      369, 344, 371, -1,
      371, 344, 340, -1,
      371, 340, 370, -1,
      370, 340, 339, -1,
      370, 339, 363, -1,
      363, 339, 253, -1,
      363, 253, 254, -1,
      404, 405, 406, -1,
      406, 405, 407, -1,
      406, 407, 408, -1,
      408, 407, 409, -1,
      408, 409, 410, -1,
      410, 409, 411, -1,
      410, 411, 412, -1,
      412, 411, 413, -1,
      412, 413, 414, -1,
      414, 413, 415, -1,
      414, 415, 416, -1,
      416, 415, 417, -1,
      416, 417, 418, -1,
      418, 417, 419, -1,
      418, 419, 390, -1,
      390, 419, 372, -1,
      390, 372, 389, -1,
      389, 372, 374, -1,
      420, 421, 405, -1,
      405, 421, 407, -1,
      422, 420, 404, -1,
      404, 420, 405, -1,
      423, 422, 406, -1,
      406, 422, 404, -1,
      423, 406, 424, -1,
      424, 406, 408, -1,
      424, 408, 425, -1,
      425, 408, 410, -1,
      425, 410, 426, -1,
      426, 410, 412, -1,
      426, 412, 427, -1,
      427, 412, 414, -1,
      428, 427, 416, -1,
      416, 427, 414, -1,
      428, 416, 418, -1,
      428, 418, 429, -1,
      429, 418, 390, -1,
      429, 390, 391, -1,
      373, 372, 430, -1,
      430, 372, 419, -1,
      430, 419, 431, -1,
      431, 419, 417, -1,
      432, 431, 415, -1,
      415, 431, 417, -1,
      432, 415, 413, -1,
      432, 413, 433, -1,
      433, 413, 411, -1,
      433, 411, 434, -1,
      434, 411, 409, -1,
      434, 409, 435, -1,
      435, 409, 407, -1,
      435, 407, 421, -1,
      274, 273, 391, -1,
      391, 273, 373, -1,
      391, 373, 429, -1,
      429, 373, 430, -1,
      429, 430, 428, -1,
      428, 430, 431, -1,
      428, 431, 427, -1,
      427, 431, 432, -1,
      427, 432, 426, -1,
      426, 432, 433, -1,
      426, 433, 425, -1,
      425, 433, 434, -1,
      425, 434, 424, -1,
      424, 434, 435, -1,
      424, 435, 423, -1,
      423, 435, 421, -1,
      423, 421, 422, -1,
      422, 421, 420, -1,
      353, 356, 284, -1,
      284, 356, 285, -1,
      356, 353, 272, -1,
      272, 353, 271, -1,
      237, 352, 238, -1,
      238, 352, 359, -1,
      359, 352, 232, -1,
      232, 352, 233, -1,
      436, 437, 438, -1,
      438, 437, 439, -1,
      440, 441, 442, -1,
      442, 441, 443, -1,
      442, 443, 444, -1,
      439, 445, 438, -1,
      438, 445, 446, -1,
      438, 446, 447, -1,
      447, 446, 448, -1,
      443, 449, 444, -1,
      444, 449, 450, -1,
      444, 450, 451, -1,
      450, 452, 451, -1,
      451, 452, 453, -1,
      451, 453, 448, -1,
      448, 453, 454, -1,
      448, 454, 447, -1,
      455, 456, 457, -1,
      457, 456, 458, -1,
      457, 458, 459, -1,
      459, 458, 460, -1,
      459, 460, 461, -1,
      461, 460, 462, -1,
      461, 462, 463, -1,
      463, 462, 464, -1,
      463, 464, 465, -1,
      465, 464, 466, -1,
      465, 466, 467, -1,
      467, 466, 468, -1,
      467, 468, 469, -1,
      469, 468, 470, -1,
      469, 470, 471, -1,
      471, 470, 472, -1,
      473, 474, 475, -1,
      475, 474, 476, -1,
      475, 476, 477, -1,
      477, 476, 478, -1,
      477, 478, 479, -1,
      479, 478, 480, -1,
      479, 480, 481, -1,
      481, 480, 482, -1,
      481, 482, 483, -1,
      483, 482, 484, -1,
      483, 484, 485, -1,
      485, 484, 486, -1,
      485, 486, 487, -1,
      487, 486, 488, -1,
      487, 488, 489, -1,
      489, 488, 490, -1,
      491, 492, 493, -1,
      493, 492, 494, -1,
      493, 494, 495, -1,
      495, 494, 496, -1,
      496, 494, 497, -1,
      496, 497, 498, -1,
      497, 499, 498, -1,
      498, 499, 500, -1,
      498, 500, 501, -1,
      502, 503, 504, -1,
      504, 503, 505, -1,
      504, 505, 506, -1,
      506, 505, 507, -1,
      506, 507, 508, -1,
      508, 507, 501, -1,
      508, 501, 509, -1,
      509, 501, 500, -1,
      510, 511, 512, -1,
      512, 511, 513, -1,
      514, 510, 515, -1,
      515, 510, 512, -1,
      516, 514, 517, -1,
      517, 514, 515, -1,
      516, 517, 518, -1,
      516, 518, 519, -1,
      519, 518, 520, -1,
      519, 520, 521, -1,
      521, 520, 522, -1,
      521, 522, 523, -1,
      523, 522, 524, -1,
      523, 524, 525, -1,
      526, 525, 527, -1,
      527, 525, 524, -1,
      526, 527, 528, -1,
      528, 527, 529, -1,
      528, 529, 530, -1,
      530, 529, 531, -1,
      532, 439, 533, -1,
      533, 439, 437, -1,
      533, 437, 531, -1,
      531, 437, 530, -1,
      534, 535, 536, -1,
      536, 535, 436, -1,
      536, 436, 537, -1,
      537, 436, 438, -1,
      535, 534, 538, -1,
      535, 538, 539, -1,
      539, 538, 540, -1,
      539, 540, 541, -1,
      542, 541, 543, -1,
      543, 541, 540, -1,
      542, 543, 544, -1,
      544, 543, 545, -1,
      544, 545, 546, -1,
      546, 545, 547, -1,
      546, 547, 548, -1,
      548, 547, 549, -1,
      548, 549, 511, -1,
      511, 549, 513, -1,
      510, 514, 511, -1,
      511, 514, 516, -1,
      511, 516, 548, -1,
      548, 516, 519, -1,
      548, 519, 546, -1,
      546, 519, 521, -1,
      546, 521, 544, -1,
      544, 521, 523, -1,
      544, 523, 542, -1,
      542, 523, 525, -1,
      542, 525, 541, -1,
      541, 525, 526, -1,
      541, 526, 539, -1,
      539, 526, 528, -1,
      539, 528, 535, -1,
      535, 528, 530, -1,
      535, 530, 436, -1,
      436, 530, 437, -1,
      536, 533, 534, -1,
      534, 533, 531, -1,
      534, 531, 538, -1,
      538, 531, 529, -1,
      538, 529, 540, -1,
      540, 529, 527, -1,
      540, 527, 543, -1,
      543, 527, 524, -1,
      543, 524, 545, -1,
      545, 524, 522, -1,
      545, 522, 547, -1,
      547, 522, 520, -1,
      547, 520, 549, -1,
      549, 520, 518, -1,
      549, 518, 513, -1,
      513, 518, 517, -1,
      513, 517, 512, -1,
      512, 517, 515, -1,
      550, 551, 552, -1,
      552, 551, 553, -1,
      552, 553, 554, -1,
      475, 469, 473, -1,
      473, 469, 471, -1,
      473, 471, 555, -1,
      556, 557, 471, -1,
      558, 559, 471, -1,
      471, 559, 560, -1,
      471, 560, 556, -1,
      557, 561, 471, -1,
      471, 561, 562, -1,
      471, 562, 555, -1,
      563, 564, 471, -1,
      471, 564, 565, -1,
      471, 565, 558, -1,
      469, 475, 467, -1,
      467, 475, 477, -1,
      467, 477, 465, -1,
      465, 477, 479, -1,
      465, 479, 463, -1,
      463, 479, 481, -1,
      463, 481, 461, -1,
      461, 481, 483, -1,
      461, 483, 459, -1,
      459, 483, 485, -1,
      459, 485, 457, -1,
      457, 485, 487, -1,
      502, 504, 566, -1,
      441, 566, 443, -1,
      443, 566, 550, -1,
      567, 443, 568, -1,
      568, 443, 550, -1,
      568, 550, 569, -1,
      569, 550, 552, -1,
      457, 487, 455, -1,
      455, 487, 489, -1,
      441, 570, 566, -1,
      566, 570, 455, -1,
      566, 455, 502, -1,
      502, 455, 489, -1,
      502, 489, 571, -1,
      572, 569, 554, -1,
      554, 569, 552, -1,
      573, 572, 553, -1,
      553, 572, 554, -1,
      490, 488, 458, -1,
      458, 456, 490, -1,
      490, 456, 503, -1,
      490, 503, 574, -1,
      575, 576, 440, -1,
      440, 576, 456, -1,
      440, 456, 577, -1,
      573, 553, 576, -1,
      576, 553, 551, -1,
      576, 551, 456, -1,
      456, 551, 578, -1,
      456, 578, 503, -1,
      458, 488, 486, -1,
      458, 486, 460, -1,
      460, 486, 484, -1,
      460, 484, 462, -1,
      462, 484, 482, -1,
      462, 482, 464, -1,
      464, 482, 480, -1,
      464, 480, 466, -1,
      466, 480, 478, -1,
      466, 478, 468, -1,
      468, 478, 476, -1,
      468, 476, 470, -1,
      472, 470, 476, -1,
      476, 474, 472, -1,
      472, 474, 579, -1,
      472, 579, 580, -1,
      581, 582, 580, -1,
      580, 582, 583, -1,
      580, 583, 472, -1,
      581, 584, 582, -1,
      582, 584, 585, -1,
      582, 585, 586, -1,
      586, 587, 582, -1,
      582, 587, 588, -1,
      582, 588, 589, -1,
      576, 568, 573, -1,
      573, 568, 569, -1,
      573, 569, 572, -1,
      590, 591, 592, -1,
      592, 591, 491, -1,
      592, 491, 593, -1,
      593, 491, 493, -1,
      593, 493, 594, -1,
      594, 493, 495, -1,
      594, 495, 595, -1,
      595, 495, 496, -1,
      595, 496, 596, -1,
      596, 496, 498, -1,
      596, 498, 597, -1,
      597, 498, 501, -1,
      597, 501, 598, -1,
      598, 501, 507, -1,
      598, 507, 599, -1,
      599, 507, 505, -1,
      599, 505, 578, -1,
      578, 505, 503, -1,
      566, 504, 506, -1,
      566, 506, 600, -1,
      600, 506, 508, -1,
      600, 508, 601, -1,
      601, 508, 509, -1,
      601, 509, 602, -1,
      602, 509, 500, -1,
      602, 500, 603, -1,
      603, 500, 499, -1,
      603, 499, 604, -1,
      604, 499, 497, -1,
      604, 497, 605, -1,
      605, 497, 494, -1,
      605, 494, 606, -1,
      606, 494, 607, -1,
      607, 494, 492, -1,
      607, 492, 608, -1,
      608, 492, 609, -1,
      607, 592, 593, -1,
      607, 593, 606, -1,
      566, 600, 598, -1,
      598, 600, 601, -1,
      598, 601, 597, -1,
      593, 594, 606, -1,
      606, 594, 595, -1,
      606, 595, 605, -1,
      605, 595, 596, -1,
      601, 602, 597, -1,
      597, 602, 603, -1,
      597, 603, 596, -1,
      596, 603, 604, -1,
      596, 604, 605, -1,
      551, 550, 578, -1,
      578, 550, 566, -1,
      578, 566, 599, -1,
      599, 566, 598, -1,
      537, 438, 447, -1,
      537, 447, 610, -1,
      610, 447, 454, -1,
      610, 454, 611, -1,
      611, 454, 453, -1,
      611, 453, 612, -1,
      612, 453, 452, -1,
      612, 452, 613, -1,
      613, 452, 450, -1,
      613, 450, 614, -1,
      614, 450, 449, -1,
      614, 449, 615, -1,
      615, 449, 443, -1,
      615, 443, 567, -1,
      575, 440, 616, -1,
      616, 440, 442, -1,
      616, 442, 617, -1,
      617, 442, 444, -1,
      617, 444, 618, -1,
      618, 444, 451, -1,
      618, 451, 619, -1,
      619, 451, 448, -1,
      619, 448, 620, -1,
      620, 448, 446, -1,
      620, 446, 621, -1,
      621, 446, 445, -1,
      621, 445, 532, -1,
      532, 445, 439, -1,
      532, 533, 536, -1,
      567, 568, 576, -1,
      532, 536, 621, -1,
      621, 536, 537, -1,
      621, 537, 620, -1,
      620, 537, 610, -1,
      620, 610, 619, -1,
      610, 611, 619, -1,
      619, 611, 612, -1,
      619, 612, 618, -1,
      576, 575, 567, -1,
      567, 575, 616, -1,
      567, 616, 615, -1,
      615, 616, 617, -1,
      615, 617, 614, -1,
      614, 617, 618, -1,
      614, 618, 613, -1,
      613, 618, 612, -1,
      560, 586, 585, -1,
      560, 585, 556, -1,
      556, 585, 584, -1,
      556, 584, 557, -1,
      557, 584, 581, -1,
      557, 581, 561, -1,
      561, 581, 580, -1,
      561, 580, 562, -1,
      562, 580, 579, -1,
      562, 579, 555, -1,
      555, 579, 474, -1,
      555, 474, 473, -1,
      586, 560, 559, -1,
      586, 559, 587, -1,
      587, 559, 558, -1,
      587, 558, 588, -1,
      588, 558, 565, -1,
      588, 565, 589, -1,
      589, 565, 564, -1,
      589, 564, 582, -1,
      582, 564, 563, -1,
      582, 563, 583, -1,
      583, 563, 471, -1,
      583, 471, 472, -1,
      622, 623, 624, -1,
      624, 623, 625, -1,
      624, 625, 626, -1,
      626, 625, 627, -1,
      626, 627, 628, -1,
      628, 627, 629, -1,
      628, 629, 630, -1,
      630, 629, 631, -1,
      630, 631, 632, -1,
      632, 631, 633, -1,
      632, 633, 634, -1,
      634, 633, 635, -1,
      634, 635, 636, -1,
      636, 635, 637, -1,
      636, 637, 608, -1,
      608, 637, 590, -1,
      608, 590, 607, -1,
      607, 590, 592, -1,
      638, 639, 623, -1,
      623, 639, 625, -1,
      640, 638, 622, -1,
      622, 638, 623, -1,
      641, 640, 624, -1,
      624, 640, 622, -1,
      641, 624, 642, -1,
      642, 624, 626, -1,
      642, 626, 643, -1,
      643, 626, 628, -1,
      643, 628, 644, -1,
      644, 628, 630, -1,
      644, 630, 645, -1,
      645, 630, 632, -1,
      646, 645, 634, -1,
      634, 645, 632, -1,
      646, 634, 636, -1,
      646, 636, 647, -1,
      647, 636, 608, -1,
      647, 608, 609, -1,
      591, 590, 648, -1,
      648, 590, 637, -1,
      648, 637, 649, -1,
      649, 637, 635, -1,
      650, 649, 633, -1,
      633, 649, 635, -1,
      650, 633, 631, -1,
      650, 631, 651, -1,
      651, 631, 629, -1,
      651, 629, 652, -1,
      652, 629, 627, -1,
      652, 627, 653, -1,
      653, 627, 625, -1,
      653, 625, 639, -1,
      492, 491, 609, -1,
      609, 491, 591, -1,
      609, 591, 647, -1,
      647, 591, 648, -1,
      647, 648, 646, -1,
      646, 648, 649, -1,
      646, 649, 645, -1,
      645, 649, 650, -1,
      645, 650, 644, -1,
      644, 650, 651, -1,
      644, 651, 643, -1,
      643, 651, 652, -1,
      643, 652, 642, -1,
      642, 652, 653, -1,
      642, 653, 641, -1,
      641, 653, 639, -1,
      641, 639, 640, -1,
      640, 639, 638, -1,
      571, 574, 502, -1,
      502, 574, 503, -1,
      574, 571, 490, -1,
      490, 571, 489, -1,
      455, 570, 456, -1,
      456, 570, 577, -1,
      577, 570, 440, -1,
      440, 570, 441, -1,
      654, 655, 656, -1,
      656, 655, 657, -1,
      658, 659, 660, -1,
      660, 659, 661, -1,
      660, 661, 662, -1,
      657, 663, 656, -1,
      656, 663, 664, -1,
      656, 664, 665, -1,
      665, 664, 666, -1,
      661, 667, 662, -1,
      662, 667, 668, -1,
      662, 668, 669, -1,
      668, 670, 669, -1,
      669, 670, 671, -1,
      669, 671, 666, -1,
      666, 671, 672, -1,
      666, 672, 665, -1,
      673, 674, 675, -1,
      675, 674, 676, -1,
      675, 676, 677, -1,
      677, 676, 678, -1,
      677, 678, 679, -1,
      679, 678, 680, -1,
      679, 680, 681, -1,
      681, 680, 682, -1,
      681, 682, 683, -1,
      683, 682, 684, -1,
      683, 684, 685, -1,
      685, 684, 686, -1,
      685, 686, 687, -1,
      687, 686, 688, -1,
      687, 688, 689, -1,
      689, 688, 690, -1,
      691, 692, 693, -1,
      693, 692, 694, -1,
      693, 694, 695, -1,
      695, 694, 696, -1,
      695, 696, 697, -1,
      697, 696, 698, -1,
      697, 698, 699, -1,
      699, 698, 700, -1,
      699, 700, 701, -1,
      701, 700, 702, -1,
      701, 702, 703, -1,
      703, 702, 704, -1,
      703, 704, 705, -1,
      705, 704, 706, -1,
      705, 706, 707, -1,
      707, 706, 708, -1,
      709, 710, 711, -1,
      711, 710, 712, -1,
      711, 712, 713, -1,
      713, 712, 714, -1,
      714, 712, 715, -1,
      714, 715, 716, -1,
      715, 717, 716, -1,
      716, 717, 718, -1,
      716, 718, 719, -1,
      720, 721, 722, -1,
      722, 721, 723, -1,
      722, 723, 724, -1,
      724, 723, 725, -1,
      724, 725, 726, -1,
      726, 725, 719, -1,
      726, 719, 727, -1,
      727, 719, 718, -1,
      728, 729, 730, -1,
      730, 729, 731, -1,
      732, 728, 733, -1,
      733, 728, 730, -1,
      734, 732, 735, -1,
      735, 732, 733, -1,
      734, 735, 736, -1,
      734, 736, 737, -1,
      737, 736, 738, -1,
      737, 738, 739, -1,
      739, 738, 740, -1,
      739, 740, 741, -1,
      741, 740, 742, -1,
      741, 742, 743, -1,
      744, 743, 745, -1,
      745, 743, 742, -1,
      744, 745, 746, -1,
      746, 745, 747, -1,
      746, 747, 748, -1,
      748, 747, 749, -1,
      750, 657, 751, -1,
      751, 657, 655, -1,
      751, 655, 749, -1,
      749, 655, 748, -1,
      752, 753, 754, -1,
      754, 753, 654, -1,
      754, 654, 755, -1,
      755, 654, 656, -1,
      753, 752, 756, -1,
      753, 756, 757, -1,
      757, 756, 758, -1,
      757, 758, 759, -1,
      760, 759, 761, -1,
      761, 759, 758, -1,
      760, 761, 762, -1,
      762, 761, 763, -1,
      762, 763, 764, -1,
      764, 763, 765, -1,
      764, 765, 766, -1,
      766, 765, 767, -1,
      766, 767, 729, -1,
      729, 767, 731, -1,
      728, 732, 729, -1,
      729, 732, 734, -1,
      729, 734, 766, -1,
      766, 734, 737, -1,
      766, 737, 764, -1,
      764, 737, 739, -1,
      764, 739, 762, -1,
      762, 739, 741, -1,
      762, 741, 760, -1,
      760, 741, 743, -1,
      760, 743, 759, -1,
      759, 743, 744, -1,
      759, 744, 757, -1,
      757, 744, 746, -1,
      757, 746, 753, -1,
      753, 746, 748, -1,
      753, 748, 654, -1,
      654, 748, 655, -1,
      754, 751, 752, -1,
      752, 751, 749, -1,
      752, 749, 756, -1,
      756, 749, 747, -1,
      756, 747, 758, -1,
      758, 747, 745, -1,
      758, 745, 761, -1,
      761, 745, 742, -1,
      761, 742, 763, -1,
      763, 742, 740, -1,
      763, 740, 765, -1,
      765, 740, 738, -1,
      765, 738, 767, -1,
      767, 738, 736, -1,
      767, 736, 731, -1,
      731, 736, 735, -1,
      731, 735, 730, -1,
      730, 735, 733, -1,
      768, 769, 770, -1,
      770, 769, 771, -1,
      770, 771, 772, -1,
      693, 687, 691, -1,
      691, 687, 689, -1,
      691, 689, 773, -1,
      774, 689, 775, -1,
      775, 689, 776, -1,
      777, 778, 779, -1,
      779, 778, 780, -1,
      779, 780, 689, -1,
      689, 780, 781, -1,
      689, 781, 776, -1,
      774, 782, 689, -1,
      689, 782, 783, -1,
      689, 783, 773, -1,
      687, 693, 685, -1,
      685, 693, 695, -1,
      685, 695, 683, -1,
      683, 695, 697, -1,
      683, 697, 681, -1,
      681, 697, 699, -1,
      681, 699, 679, -1,
      679, 699, 701, -1,
      679, 701, 677, -1,
      677, 701, 703, -1,
      677, 703, 675, -1,
      675, 703, 705, -1,
      720, 722, 784, -1,
      659, 784, 661, -1,
      661, 784, 768, -1,
      785, 661, 786, -1,
      786, 661, 768, -1,
      786, 768, 787, -1,
      787, 768, 770, -1,
      675, 705, 673, -1,
      673, 705, 707, -1,
      659, 788, 784, -1,
      784, 788, 673, -1,
      784, 673, 720, -1,
      720, 673, 707, -1,
      720, 707, 789, -1,
      790, 787, 772, -1,
      772, 787, 770, -1,
      791, 790, 771, -1,
      771, 790, 772, -1,
      708, 706, 676, -1,
      676, 674, 708, -1,
      708, 674, 721, -1,
      708, 721, 792, -1,
      793, 794, 658, -1,
      658, 794, 674, -1,
      658, 674, 795, -1,
      791, 771, 794, -1,
      794, 771, 769, -1,
      794, 769, 674, -1,
      674, 769, 796, -1,
      674, 796, 721, -1,
      676, 706, 704, -1,
      676, 704, 678, -1,
      678, 704, 702, -1,
      678, 702, 680, -1,
      680, 702, 700, -1,
      680, 700, 682, -1,
      682, 700, 698, -1,
      682, 698, 684, -1,
      684, 698, 696, -1,
      684, 696, 686, -1,
      686, 696, 694, -1,
      686, 694, 688, -1,
      688, 694, 690, -1,
      690, 694, 692, -1,
      797, 798, 692, -1,
      799, 800, 801, -1,
      798, 802, 692, -1,
      692, 802, 803, -1,
      692, 803, 804, -1,
      797, 692, 801, -1,
      801, 692, 805, -1,
      801, 805, 799, -1,
      804, 806, 692, -1,
      692, 806, 807, -1,
      692, 807, 690, -1,
      794, 786, 791, -1,
      791, 786, 787, -1,
      791, 787, 790, -1,
      808, 809, 810, -1,
      810, 809, 709, -1,
      810, 709, 811, -1,
      811, 709, 711, -1,
      811, 711, 812, -1,
      812, 711, 713, -1,
      812, 713, 813, -1,
      813, 713, 714, -1,
      813, 714, 814, -1,
      814, 714, 716, -1,
      814, 716, 815, -1,
      815, 716, 719, -1,
      815, 719, 816, -1,
      816, 719, 725, -1,
      816, 725, 817, -1,
      817, 725, 723, -1,
      817, 723, 796, -1,
      796, 723, 721, -1,
      784, 722, 724, -1,
      784, 724, 818, -1,
      818, 724, 726, -1,
      818, 726, 819, -1,
      819, 726, 727, -1,
      819, 727, 820, -1,
      820, 727, 718, -1,
      820, 718, 821, -1,
      821, 718, 717, -1,
      821, 717, 822, -1,
      822, 717, 715, -1,
      822, 715, 823, -1,
      823, 715, 712, -1,
      823, 712, 824, -1,
      824, 712, 825, -1,
      825, 712, 710, -1,
      825, 710, 826, -1,
      826, 710, 827, -1,
      825, 810, 811, -1,
      769, 768, 796, -1,
      796, 768, 784, -1,
      796, 784, 817, -1,
      817, 784, 816, -1,
      825, 811, 824, -1,
      811, 812, 824, -1,
      824, 812, 813, -1,
      824, 813, 823, -1,
      823, 813, 814, -1,
      784, 818, 816, -1,
      816, 818, 819, -1,
      816, 819, 815, -1,
      819, 820, 815, -1,
      815, 820, 821, -1,
      815, 821, 814, -1,
      814, 821, 822, -1,
      814, 822, 823, -1,
      755, 656, 665, -1,
      755, 665, 828, -1,
      828, 665, 672, -1,
      828, 672, 829, -1,
      829, 672, 671, -1,
      829, 671, 830, -1,
      830, 671, 670, -1,
      830, 670, 831, -1,
      831, 670, 668, -1,
      831, 668, 832, -1,
      832, 668, 667, -1,
      832, 667, 833, -1,
      833, 667, 661, -1,
      833, 661, 785, -1,
      793, 658, 834, -1,
      834, 658, 660, -1,
      834, 660, 835, -1,
      835, 660, 662, -1,
      835, 662, 836, -1,
      836, 662, 669, -1,
      836, 669, 837, -1,
      837, 669, 666, -1,
      837, 666, 838, -1,
      838, 666, 664, -1,
      838, 664, 839, -1,
      839, 664, 663, -1,
      839, 663, 750, -1,
      750, 663, 657, -1,
      750, 751, 754, -1,
      785, 786, 794, -1,
      750, 754, 839, -1,
      839, 754, 755, -1,
      839, 755, 838, -1,
      838, 755, 828, -1,
      838, 828, 837, -1,
      828, 829, 837, -1,
      837, 829, 830, -1,
      837, 830, 836, -1,
      794, 793, 785, -1,
      785, 793, 834, -1,
      785, 834, 833, -1,
      833, 834, 835, -1,
      833, 835, 832, -1,
      832, 835, 836, -1,
      832, 836, 831, -1,
      831, 836, 830, -1,
      776, 798, 797, -1,
      776, 797, 775, -1,
      775, 797, 801, -1,
      775, 801, 774, -1,
      774, 801, 800, -1,
      774, 800, 782, -1,
      782, 800, 799, -1,
      782, 799, 783, -1,
      783, 799, 805, -1,
      783, 805, 773, -1,
      773, 805, 692, -1,
      773, 692, 691, -1,
      798, 776, 781, -1,
      798, 781, 802, -1,
      802, 781, 780, -1,
      802, 780, 803, -1,
      803, 780, 778, -1,
      803, 778, 804, -1,
      804, 778, 777, -1,
      804, 777, 806, -1,
      806, 777, 779, -1,
      806, 779, 807, -1,
      807, 779, 689, -1,
      807, 689, 690, -1,
      840, 841, 842, -1,
      842, 841, 843, -1,
      842, 843, 844, -1,
      844, 843, 845, -1,
      844, 845, 846, -1,
      846, 845, 847, -1,
      846, 847, 848, -1,
      848, 847, 849, -1,
      848, 849, 850, -1,
      850, 849, 851, -1,
      850, 851, 852, -1,
      852, 851, 853, -1,
      852, 853, 854, -1,
      854, 853, 855, -1,
      854, 855, 826, -1,
      826, 855, 808, -1,
      826, 808, 825, -1,
      825, 808, 810, -1,
      856, 857, 841, -1,
      841, 857, 843, -1,
      858, 856, 840, -1,
      840, 856, 841, -1,
      859, 858, 842, -1,
      842, 858, 840, -1,
      859, 842, 860, -1,
      860, 842, 844, -1,
      860, 844, 861, -1,
      861, 844, 846, -1,
      861, 846, 862, -1,
      862, 846, 848, -1,
      862, 848, 863, -1,
      863, 848, 850, -1,
      864, 863, 852, -1,
      852, 863, 850, -1,
      864, 852, 854, -1,
      864, 854, 865, -1,
      865, 854, 826, -1,
      865, 826, 827, -1,
      809, 808, 866, -1,
      866, 808, 855, -1,
      866, 855, 867, -1,
      867, 855, 853, -1,
      868, 867, 851, -1,
      851, 867, 853, -1,
      868, 851, 849, -1,
      868, 849, 869, -1,
      869, 849, 847, -1,
      869, 847, 870, -1,
      870, 847, 845, -1,
      870, 845, 871, -1,
      871, 845, 843, -1,
      871, 843, 857, -1,
      710, 709, 827, -1,
      827, 709, 809, -1,
      827, 809, 865, -1,
      865, 809, 866, -1,
      865, 866, 864, -1,
      864, 866, 867, -1,
      864, 867, 863, -1,
      863, 867, 868, -1,
      863, 868, 862, -1,
      862, 868, 869, -1,
      862, 869, 861, -1,
      861, 869, 870, -1,
      861, 870, 860, -1,
      860, 870, 871, -1,
      860, 871, 859, -1,
      859, 871, 857, -1,
      859, 857, 858, -1,
      858, 857, 856, -1,
      789, 792, 720, -1,
      720, 792, 721, -1,
      792, 789, 708, -1,
      708, 789, 707, -1,
      673, 788, 674, -1,
      674, 788, 795, -1,
      795, 788, 658, -1,
      658, 788, 659, -1,
      872, 873, 874, -1,
      874, 873, 875, -1,
      876, 877, 878, -1,
      876, 879, 877, -1,
      877, 879, 880, -1,
      877, 880, 881, -1,
      882, 883, 884, -1,
      884, 883, 885, -1,
      884, 885, 878, -1,
      878, 885, 886, -1,
      878, 886, 876, -1,
      875, 887, 874, -1,
      874, 887, 888, -1,
      874, 888, 889, -1,
      889, 888, 881, -1,
      889, 881, 890, -1,
      890, 881, 880, -1,
      891, 892, 893, -1,
      893, 892, 894, -1,
      893, 894, 895, -1,
      895, 894, 896, -1,
      895, 896, 897, -1,
      897, 896, 898, -1,
      897, 898, 899, -1,
      899, 898, 900, -1,
      899, 900, 901, -1,
      901, 900, 902, -1,
      901, 902, 903, -1,
      903, 902, 904, -1,
      903, 904, 905, -1,
      905, 904, 906, -1,
      905, 906, 907, -1,
      907, 906, 908, -1,
      909, 910, 911, -1,
      911, 910, 912, -1,
      911, 912, 913, -1,
      913, 912, 914, -1,
      913, 914, 915, -1,
      915, 914, 916, -1,
      915, 916, 917, -1,
      917, 916, 918, -1,
      917, 918, 919, -1,
      919, 918, 920, -1,
      919, 920, 921, -1,
      921, 920, 922, -1,
      921, 922, 923, -1,
      923, 922, 924, -1,
      923, 924, 925, -1,
      925, 924, 926, -1,
      927, 928, 929, -1,
      929, 928, 930, -1,
      929, 930, 931, -1,
      931, 930, 932, -1,
      932, 930, 933, -1,
      932, 933, 934, -1,
      933, 935, 934, -1,
      934, 935, 936, -1,
      934, 936, 937, -1,
      938, 939, 940, -1,
      940, 939, 941, -1,
      940, 941, 942, -1,
      942, 941, 943, -1,
      942, 943, 944, -1,
      944, 943, 937, -1,
      944, 937, 945, -1,
      945, 937, 936, -1,
      946, 947, 948, -1,
      948, 947, 949, -1,
      950, 946, 951, -1,
      951, 946, 948, -1,
      952, 950, 953, -1,
      953, 950, 951, -1,
      952, 953, 954, -1,
      952, 954, 955, -1,
      955, 954, 956, -1,
      955, 956, 957, -1,
      957, 956, 958, -1,
      957, 958, 959, -1,
      959, 958, 960, -1,
      959, 960, 961, -1,
      962, 961, 963, -1,
      963, 961, 960, -1,
      962, 963, 964, -1,
      964, 963, 965, -1,
      964, 965, 966, -1,
      966, 965, 967, -1,
      968, 875, 969, -1,
      969, 875, 873, -1,
      969, 873, 967, -1,
      967, 873, 966, -1,
      970, 971, 972, -1,
      972, 971, 872, -1,
      972, 872, 973, -1,
      973, 872, 874, -1,
      971, 970, 974, -1,
      971, 974, 975, -1,
      975, 974, 976, -1,
      975, 976, 977, -1,
      978, 977, 979, -1,
      979, 977, 976, -1,
      978, 979, 980, -1,
      980, 979, 981, -1,
      980, 981, 982, -1,
      982, 981, 983, -1,
      982, 983, 984, -1,
      984, 983, 985, -1,
      984, 985, 947, -1,
      947, 985, 949, -1,
      946, 950, 947, -1,
      947, 950, 952, -1,
      947, 952, 984, -1,
      984, 952, 955, -1,
      984, 955, 982, -1,
      982, 955, 957, -1,
      982, 957, 980, -1,
      980, 957, 959, -1,
      980, 959, 978, -1,
      978, 959, 961, -1,
      978, 961, 977, -1,
      977, 961, 962, -1,
      977, 962, 975, -1,
      975, 962, 964, -1,
      975, 964, 971, -1,
      971, 964, 966, -1,
      971, 966, 872, -1,
      872, 966, 873, -1,
      972, 969, 970, -1,
      970, 969, 967, -1,
      970, 967, 974, -1,
      974, 967, 965, -1,
      974, 965, 976, -1,
      976, 965, 963, -1,
      976, 963, 979, -1,
      979, 963, 960, -1,
      979, 960, 981, -1,
      981, 960, 958, -1,
      981, 958, 983, -1,
      983, 958, 956, -1,
      983, 956, 985, -1,
      985, 956, 954, -1,
      985, 954, 949, -1,
      949, 954, 953, -1,
      949, 953, 948, -1,
      948, 953, 951, -1,
      986, 987, 988, -1,
      988, 987, 989, -1,
      988, 989, 990, -1,
      911, 905, 909, -1,
      909, 905, 907, -1,
      909, 907, 991, -1,
      992, 993, 907, -1,
      994, 995, 907, -1,
      907, 995, 996, -1,
      907, 996, 992, -1,
      993, 997, 907, -1,
      907, 997, 998, -1,
      907, 998, 991, -1,
      999, 1000, 907, -1,
      907, 1000, 1001, -1,
      907, 1001, 994, -1,
      905, 911, 903, -1,
      903, 911, 913, -1,
      903, 913, 901, -1,
      901, 913, 915, -1,
      901, 915, 899, -1,
      899, 915, 917, -1,
      899, 917, 897, -1,
      897, 917, 919, -1,
      897, 919, 895, -1,
      895, 919, 921, -1,
      895, 921, 893, -1,
      893, 921, 923, -1,
      938, 940, 1002, -1,
      883, 1002, 885, -1,
      885, 1002, 986, -1,
      1003, 885, 1004, -1,
      1004, 885, 986, -1,
      1004, 986, 1005, -1,
      1005, 986, 988, -1,
      893, 923, 891, -1,
      891, 923, 925, -1,
      883, 1006, 1002, -1,
      1002, 1006, 891, -1,
      1002, 891, 938, -1,
      938, 891, 925, -1,
      938, 925, 1007, -1,
      1008, 1005, 990, -1,
      990, 1005, 988, -1,
      1009, 1008, 989, -1,
      989, 1008, 990, -1,
      926, 924, 894, -1,
      894, 892, 926, -1,
      926, 892, 939, -1,
      926, 939, 1010, -1,
      1011, 1012, 882, -1,
      882, 1012, 892, -1,
      882, 892, 1013, -1,
      1009, 989, 1012, -1,
      1012, 989, 987, -1,
      1012, 987, 892, -1,
      892, 987, 1014, -1,
      892, 1014, 939, -1,
      894, 924, 922, -1,
      894, 922, 896, -1,
      896, 922, 920, -1,
      896, 920, 898, -1,
      898, 920, 918, -1,
      898, 918, 900, -1,
      900, 918, 916, -1,
      900, 916, 902, -1,
      902, 916, 914, -1,
      902, 914, 904, -1,
      904, 914, 912, -1,
      904, 912, 906, -1,
      908, 906, 912, -1,
      912, 910, 908, -1,
      908, 910, 1015, -1,
      908, 1015, 1016, -1,
      1017, 1018, 1016, -1,
      1016, 1018, 1019, -1,
      1016, 1019, 908, -1,
      1017, 1020, 1018, -1,
      1018, 1020, 1021, -1,
      1018, 1021, 1022, -1,
      1022, 1023, 1018, -1,
      1018, 1023, 1024, -1,
      1018, 1024, 1025, -1,
      1012, 1004, 1009, -1,
      1009, 1004, 1005, -1,
      1009, 1005, 1008, -1,
      1026, 1027, 1028, -1,
      1028, 1027, 927, -1,
      1028, 927, 1029, -1,
      1029, 927, 929, -1,
      1029, 929, 1030, -1,
      1030, 929, 931, -1,
      1030, 931, 1031, -1,
      1031, 931, 932, -1,
      1031, 932, 1032, -1,
      1032, 932, 934, -1,
      1032, 934, 1033, -1,
      1033, 934, 937, -1,
      1033, 937, 1034, -1,
      1034, 937, 943, -1,
      1034, 943, 1035, -1,
      1035, 943, 941, -1,
      1035, 941, 1014, -1,
      1014, 941, 939, -1,
      1002, 940, 942, -1,
      1002, 942, 1036, -1,
      1036, 942, 944, -1,
      1036, 944, 1037, -1,
      1037, 944, 945, -1,
      1037, 945, 1038, -1,
      1038, 945, 936, -1,
      1038, 936, 1039, -1,
      1039, 936, 935, -1,
      1039, 935, 1040, -1,
      1040, 935, 933, -1,
      1040, 933, 1041, -1,
      1041, 933, 930, -1,
      1041, 930, 1042, -1,
      1042, 930, 1043, -1,
      1043, 930, 928, -1,
      1043, 928, 1044, -1,
      1044, 928, 1045, -1,
      1043, 1028, 1029, -1,
      987, 986, 1014, -1,
      1014, 986, 1002, -1,
      1014, 1002, 1035, -1,
      1035, 1002, 1034, -1,
      1043, 1029, 1042, -1,
      1029, 1030, 1042, -1,
      1042, 1030, 1031, -1,
      1042, 1031, 1041, -1,
      1041, 1031, 1032, -1,
      1002, 1036, 1034, -1,
      1034, 1036, 1037, -1,
      1034, 1037, 1033, -1,
      1037, 1038, 1033, -1,
      1033, 1038, 1039, -1,
      1033, 1039, 1032, -1,
      1032, 1039, 1040, -1,
      1032, 1040, 1041, -1,
      973, 874, 889, -1,
      973, 889, 1046, -1,
      1046, 889, 890, -1,
      1046, 890, 1047, -1,
      1047, 890, 880, -1,
      1047, 880, 1048, -1,
      1048, 880, 879, -1,
      1048, 879, 1049, -1,
      1049, 879, 876, -1,
      1049, 876, 1050, -1,
      1050, 876, 886, -1,
      1050, 886, 1051, -1,
      1051, 886, 885, -1,
      1051, 885, 1003, -1,
      1011, 882, 1052, -1,
      1052, 882, 884, -1,
      1052, 884, 1053, -1,
      1053, 884, 878, -1,
      1053, 878, 1054, -1,
      1054, 878, 877, -1,
      1054, 877, 1055, -1,
      1055, 877, 881, -1,
      1055, 881, 1056, -1,
      1056, 881, 888, -1,
      1056, 888, 1057, -1,
      1057, 888, 887, -1,
      1057, 887, 968, -1,
      968, 887, 875, -1,
      1003, 1004, 1012, -1,
      1047, 1048, 1055, -1,
      1055, 1048, 1054, -1,
      1047, 1055, 1046, -1,
      1046, 1055, 1056, -1,
      1046, 1056, 973, -1,
      973, 1056, 1057, -1,
      973, 1057, 972, -1,
      972, 1057, 968, -1,
      972, 968, 969, -1,
      1012, 1011, 1003, -1,
      1003, 1011, 1052, -1,
      1003, 1052, 1051, -1,
      1051, 1052, 1053, -1,
      1051, 1053, 1050, -1,
      1050, 1053, 1054, -1,
      1050, 1054, 1049, -1,
      1049, 1054, 1048, -1,
      996, 1022, 1021, -1,
      996, 1021, 992, -1,
      992, 1021, 1020, -1,
      992, 1020, 993, -1,
      993, 1020, 1017, -1,
      993, 1017, 997, -1,
      997, 1017, 1016, -1,
      997, 1016, 998, -1,
      998, 1016, 1015, -1,
      998, 1015, 991, -1,
      991, 1015, 910, -1,
      991, 910, 909, -1,
      1022, 996, 995, -1,
      1022, 995, 1023, -1,
      1023, 995, 994, -1,
      1023, 994, 1024, -1,
      1024, 994, 1001, -1,
      1024, 1001, 1025, -1,
      1025, 1001, 1000, -1,
      1025, 1000, 1018, -1,
      1018, 1000, 999, -1,
      1018, 999, 1019, -1,
      1019, 999, 907, -1,
      1019, 907, 908, -1,
      1058, 1059, 1060, -1,
      1060, 1059, 1061, -1,
      1060, 1061, 1062, -1,
      1062, 1061, 1063, -1,
      1062, 1063, 1064, -1,
      1064, 1063, 1065, -1,
      1064, 1065, 1066, -1,
      1066, 1065, 1067, -1,
      1066, 1067, 1068, -1,
      1068, 1067, 1069, -1,
      1068, 1069, 1070, -1,
      1070, 1069, 1071, -1,
      1070, 1071, 1072, -1,
      1072, 1071, 1073, -1,
      1072, 1073, 1044, -1,
      1044, 1073, 1026, -1,
      1044, 1026, 1043, -1,
      1043, 1026, 1028, -1,
      1074, 1075, 1059, -1,
      1059, 1075, 1061, -1,
      1076, 1074, 1058, -1,
      1058, 1074, 1059, -1,
      1077, 1076, 1060, -1,
      1060, 1076, 1058, -1,
      1077, 1060, 1078, -1,
      1078, 1060, 1062, -1,
      1078, 1062, 1079, -1,
      1079, 1062, 1064, -1,
      1079, 1064, 1080, -1,
      1080, 1064, 1066, -1,
      1080, 1066, 1081, -1,
      1081, 1066, 1068, -1,
      1082, 1081, 1070, -1,
      1070, 1081, 1068, -1,
      1082, 1070, 1072, -1,
      1082, 1072, 1083, -1,
      1083, 1072, 1044, -1,
      1083, 1044, 1045, -1,
      1027, 1026, 1084, -1,
      1084, 1026, 1073, -1,
      1084, 1073, 1085, -1,
      1085, 1073, 1071, -1,
      1086, 1085, 1069, -1,
      1069, 1085, 1071, -1,
      1086, 1069, 1067, -1,
      1086, 1067, 1087, -1,
      1087, 1067, 1065, -1,
      1087, 1065, 1088, -1,
      1088, 1065, 1063, -1,
      1088, 1063, 1089, -1,
      1089, 1063, 1061, -1,
      1089, 1061, 1075, -1,
      928, 927, 1045, -1,
      1045, 927, 1027, -1,
      1045, 1027, 1083, -1,
      1083, 1027, 1084, -1,
      1083, 1084, 1082, -1,
      1082, 1084, 1085, -1,
      1082, 1085, 1081, -1,
      1081, 1085, 1086, -1,
      1081, 1086, 1080, -1,
      1080, 1086, 1087, -1,
      1080, 1087, 1079, -1,
      1079, 1087, 1088, -1,
      1079, 1088, 1078, -1,
      1078, 1088, 1089, -1,
      1078, 1089, 1077, -1,
      1077, 1089, 1075, -1,
      1077, 1075, 1076, -1,
      1076, 1075, 1074, -1,
      1007, 1010, 938, -1,
      938, 1010, 939, -1,
      1010, 1007, 926, -1,
      926, 1007, 925, -1,
      891, 1006, 892, -1,
      892, 1006, 1013, -1,
      1013, 1006, 882, -1,
      882, 1006, 883, -1,
      1090, 1091, 1092, -1,
      1092, 1091, 1093, -1,
      1093, 1094, 1092, -1,
      1092, 1094, 1095, -1,
      1092, 1095, 1096, -1,
      1096, 1095, 1097, -1,
      1098, 1099, 1097, -1,
      1097, 1099, 1100, -1,
      1097, 1100, 1096, -1,
      1101, 1102, 1098, -1,
      1098, 1102, 1103, -1,
      1098, 1103, 1099, -1,
      1104, 1105, 1106, -1,
      1106, 1105, 1107, -1,
      1106, 1107, 1101, -1,
      1101, 1107, 1108, -1,
      1101, 1108, 1102, -1,
      1109, 1110, 1111, -1,
      1111, 1110, 1112, -1,
      1111, 1112, 1113, -1,
      1113, 1112, 1114, -1,
      1113, 1114, 1115, -1,
      1115, 1114, 1116, -1,
      1115, 1116, 1117, -1,
      1117, 1116, 1118, -1,
      1117, 1118, 1119, -1,
      1119, 1118, 1120, -1,
      1119, 1120, 1121, -1,
      1121, 1120, 1122, -1,
      1121, 1122, 1123, -1,
      1123, 1122, 1124, -1,
      1123, 1124, 1125, -1,
      1125, 1124, 1126, -1,
      1127, 1128, 1129, -1,
      1129, 1128, 1130, -1,
      1129, 1130, 1131, -1,
      1131, 1130, 1132, -1,
      1131, 1132, 1133, -1,
      1133, 1132, 1134, -1,
      1133, 1134, 1135, -1,
      1135, 1134, 1136, -1,
      1135, 1136, 1137, -1,
      1137, 1136, 1138, -1,
      1137, 1138, 1139, -1,
      1139, 1138, 1140, -1,
      1139, 1140, 1141, -1,
      1141, 1140, 1142, -1,
      1141, 1142, 1143, -1,
      1143, 1142, 1144, -1,
      1145, 1146, 1147, -1,
      1147, 1146, 1148, -1,
      1147, 1148, 1149, -1,
      1149, 1148, 1150, -1,
      1150, 1148, 1151, -1,
      1150, 1151, 1152, -1,
      1151, 1153, 1152, -1,
      1152, 1153, 1154, -1,
      1152, 1154, 1155, -1,
      1156, 1157, 1158, -1,
      1158, 1157, 1159, -1,
      1158, 1159, 1160, -1,
      1160, 1159, 1161, -1,
      1160, 1161, 1162, -1,
      1162, 1161, 1155, -1,
      1162, 1155, 1163, -1,
      1163, 1155, 1154, -1,
      1164, 1165, 1166, -1,
      1166, 1165, 1167, -1,
      1168, 1164, 1169, -1,
      1169, 1164, 1166, -1,
      1170, 1168, 1171, -1,
      1171, 1168, 1169, -1,
      1170, 1171, 1172, -1,
      1170, 1172, 1173, -1,
      1173, 1172, 1174, -1,
      1173, 1174, 1175, -1,
      1175, 1174, 1176, -1,
      1175, 1176, 1177, -1,
      1177, 1176, 1178, -1,
      1177, 1178, 1179, -1,
      1180, 1179, 1181, -1,
      1181, 1179, 1178, -1,
      1180, 1181, 1182, -1,
      1182, 1181, 1183, -1,
      1182, 1183, 1184, -1,
      1184, 1183, 1185, -1,
      1186, 1093, 1187, -1,
      1187, 1093, 1091, -1,
      1187, 1091, 1185, -1,
      1185, 1091, 1184, -1,
      1188, 1189, 1190, -1,
      1190, 1189, 1090, -1,
      1190, 1090, 1191, -1,
      1191, 1090, 1092, -1,
      1189, 1188, 1192, -1,
      1189, 1192, 1193, -1,
      1193, 1192, 1194, -1,
      1193, 1194, 1195, -1,
      1196, 1195, 1197, -1,
      1197, 1195, 1194, -1,
      1196, 1197, 1198, -1,
      1198, 1197, 1199, -1,
      1198, 1199, 1200, -1,
      1200, 1199, 1201, -1,
      1200, 1201, 1202, -1,
      1202, 1201, 1203, -1,
      1202, 1203, 1165, -1,
      1165, 1203, 1167, -1,
      1164, 1168, 1165, -1,
      1165, 1168, 1170, -1,
      1165, 1170, 1202, -1,
      1202, 1170, 1173, -1,
      1202, 1173, 1200, -1,
      1200, 1173, 1175, -1,
      1200, 1175, 1198, -1,
      1198, 1175, 1177, -1,
      1198, 1177, 1196, -1,
      1196, 1177, 1179, -1,
      1196, 1179, 1195, -1,
      1195, 1179, 1180, -1,
      1195, 1180, 1193, -1,
      1193, 1180, 1182, -1,
      1193, 1182, 1189, -1,
      1189, 1182, 1184, -1,
      1189, 1184, 1090, -1,
      1090, 1184, 1091, -1,
      1190, 1187, 1188, -1,
      1188, 1187, 1185, -1,
      1188, 1185, 1192, -1,
      1192, 1185, 1183, -1,
      1192, 1183, 1194, -1,
      1194, 1183, 1181, -1,
      1194, 1181, 1197, -1,
      1197, 1181, 1178, -1,
      1197, 1178, 1199, -1,
      1199, 1178, 1176, -1,
      1199, 1176, 1201, -1,
      1201, 1176, 1174, -1,
      1201, 1174, 1203, -1,
      1203, 1174, 1172, -1,
      1203, 1172, 1167, -1,
      1167, 1172, 1171, -1,
      1167, 1171, 1166, -1,
      1166, 1171, 1169, -1,
      1204, 1205, 1206, -1,
      1206, 1205, 1207, -1,
      1206, 1207, 1208, -1,
      1129, 1123, 1127, -1,
      1127, 1123, 1125, -1,
      1127, 1125, 1209, -1,
      1209, 1125, 1210, -1,
      1210, 1125, 1211, -1,
      1210, 1211, 1212, -1,
      1213, 1214, 1215, -1,
      1212, 1216, 1210, -1,
      1210, 1216, 1213, -1,
      1210, 1213, 1217, -1,
      1215, 1218, 1213, -1,
      1213, 1218, 1219, -1,
      1213, 1219, 1217, -1,
      1123, 1129, 1121, -1,
      1121, 1129, 1131, -1,
      1121, 1131, 1119, -1,
      1119, 1131, 1133, -1,
      1119, 1133, 1117, -1,
      1117, 1133, 1135, -1,
      1117, 1135, 1115, -1,
      1115, 1135, 1137, -1,
      1115, 1137, 1113, -1,
      1113, 1137, 1139, -1,
      1113, 1139, 1111, -1,
      1111, 1139, 1141, -1,
      1156, 1158, 1220, -1,
      1105, 1220, 1107, -1,
      1107, 1220, 1204, -1,
      1221, 1107, 1222, -1,
      1222, 1107, 1204, -1,
      1222, 1204, 1223, -1,
      1223, 1204, 1206, -1,
      1111, 1141, 1109, -1,
      1109, 1141, 1143, -1,
      1105, 1224, 1220, -1,
      1220, 1224, 1109, -1,
      1220, 1109, 1156, -1,
      1156, 1109, 1143, -1,
      1156, 1143, 1225, -1,
      1226, 1223, 1208, -1,
      1208, 1223, 1206, -1,
      1227, 1226, 1207, -1,
      1207, 1226, 1208, -1,
      1144, 1142, 1112, -1,
      1112, 1110, 1144, -1,
      1144, 1110, 1157, -1,
      1144, 1157, 1228, -1,
      1229, 1230, 1104, -1,
      1104, 1230, 1110, -1,
      1104, 1110, 1231, -1,
      1227, 1207, 1230, -1,
      1230, 1207, 1205, -1,
      1230, 1205, 1110, -1,
      1110, 1205, 1232, -1,
      1110, 1232, 1157, -1,
      1112, 1142, 1140, -1,
      1112, 1140, 1114, -1,
      1114, 1140, 1138, -1,
      1114, 1138, 1116, -1,
      1116, 1138, 1136, -1,
      1116, 1136, 1118, -1,
      1118, 1136, 1134, -1,
      1118, 1134, 1120, -1,
      1120, 1134, 1132, -1,
      1120, 1132, 1122, -1,
      1122, 1132, 1130, -1,
      1122, 1130, 1124, -1,
      1124, 1130, 1126, -1,
      1126, 1130, 1128, -1,
      1128, 1233, 1126, -1,
      1126, 1233, 1234, -1,
      1126, 1234, 1235, -1,
      1235, 1234, 1236, -1,
      1236, 1237, 1235, -1,
      1235, 1237, 1238, -1,
      1235, 1238, 1239, -1,
      1239, 1240, 1235, -1,
      1235, 1240, 1241, -1,
      1235, 1241, 1242, -1,
      1242, 1241, 1243, -1,
      1230, 1222, 1227, -1,
      1227, 1222, 1223, -1,
      1227, 1223, 1226, -1,
      1244, 1245, 1246, -1,
      1246, 1245, 1145, -1,
      1246, 1145, 1247, -1,
      1247, 1145, 1147, -1,
      1247, 1147, 1248, -1,
      1248, 1147, 1149, -1,
      1248, 1149, 1249, -1,
      1249, 1149, 1150, -1,
      1249, 1150, 1250, -1,
      1250, 1150, 1152, -1,
      1250, 1152, 1251, -1,
      1251, 1152, 1155, -1,
      1251, 1155, 1252, -1,
      1252, 1155, 1161, -1,
      1252, 1161, 1253, -1,
      1253, 1161, 1159, -1,
      1253, 1159, 1232, -1,
      1232, 1159, 1157, -1,
      1220, 1158, 1160, -1,
      1220, 1160, 1254, -1,
      1254, 1160, 1162, -1,
      1254, 1162, 1255, -1,
      1255, 1162, 1163, -1,
      1255, 1163, 1256, -1,
      1256, 1163, 1154, -1,
      1256, 1154, 1257, -1,
      1257, 1154, 1153, -1,
      1257, 1153, 1258, -1,
      1258, 1153, 1151, -1,
      1258, 1151, 1259, -1,
      1259, 1151, 1148, -1,
      1259, 1148, 1260, -1,
      1260, 1148, 1261, -1,
      1261, 1148, 1146, -1,
      1261, 1146, 1262, -1,
      1262, 1146, 1263, -1,
      1261, 1246, 1247, -1,
      1261, 1247, 1260, -1,
      1247, 1248, 1260, -1,
      1260, 1248, 1249, -1,
      1260, 1249, 1259, -1,
      1259, 1249, 1250, -1,
      1220, 1254, 1252, -1,
      1252, 1254, 1255, -1,
      1252, 1255, 1251, -1,
      1255, 1256, 1251, -1,
      1251, 1256, 1257, -1,
      1251, 1257, 1250, -1,
      1250, 1257, 1258, -1,
      1250, 1258, 1259, -1,
      1205, 1204, 1232, -1,
      1232, 1204, 1220, -1,
      1232, 1220, 1253, -1,
      1253, 1220, 1252, -1,
      1191, 1092, 1096, -1,
      1191, 1096, 1264, -1,
      1264, 1096, 1100, -1,
      1264, 1100, 1265, -1,
      1265, 1100, 1099, -1,
      1265, 1099, 1266, -1,
      1266, 1099, 1103, -1,
      1266, 1103, 1267, -1,
      1267, 1103, 1102, -1,
      1267, 1102, 1268, -1,
      1268, 1102, 1108, -1,
      1268, 1108, 1269, -1,
      1269, 1108, 1107, -1,
      1269, 1107, 1221, -1,
      1229, 1104, 1270, -1,
      1270, 1104, 1106, -1,
      1270, 1106, 1271, -1,
      1271, 1106, 1101, -1,
      1271, 1101, 1272, -1,
      1272, 1101, 1098, -1,
      1272, 1098, 1273, -1,
      1273, 1098, 1097, -1,
      1273, 1097, 1274, -1,
      1274, 1097, 1095, -1,
      1274, 1095, 1275, -1,
      1275, 1095, 1094, -1,
      1275, 1094, 1186, -1,
      1186, 1094, 1093, -1,
      1265, 1266, 1273, -1,
      1273, 1266, 1272, -1,
      1265, 1273, 1264, -1,
      1264, 1273, 1274, -1,
      1264, 1274, 1191, -1,
      1191, 1274, 1275, -1,
      1191, 1275, 1190, -1,
      1190, 1275, 1186, -1,
      1190, 1186, 1187, -1,
      1221, 1222, 1230, -1,
      1230, 1229, 1221, -1,
      1221, 1229, 1270, -1,
      1221, 1270, 1269, -1,
      1269, 1270, 1271, -1,
      1269, 1271, 1268, -1,
      1268, 1271, 1272, -1,
      1268, 1272, 1267, -1,
      1267, 1272, 1266, -1,
      1215, 1239, 1238, -1,
      1215, 1238, 1218, -1,
      1218, 1238, 1237, -1,
      1218, 1237, 1219, -1,
      1219, 1237, 1236, -1,
      1219, 1236, 1217, -1,
      1217, 1236, 1234, -1,
      1217, 1234, 1210, -1,
      1210, 1234, 1233, -1,
      1210, 1233, 1209, -1,
      1209, 1233, 1128, -1,
      1209, 1128, 1127, -1,
      1239, 1215, 1214, -1,
      1239, 1214, 1240, -1,
      1240, 1214, 1213, -1,
      1240, 1213, 1241, -1,
      1241, 1213, 1216, -1,
      1241, 1216, 1243, -1,
      1243, 1216, 1212, -1,
      1243, 1212, 1242, -1,
      1242, 1212, 1211, -1,
      1242, 1211, 1235, -1,
      1235, 1211, 1125, -1,
      1235, 1125, 1126, -1,
      1276, 1277, 1278, -1,
      1278, 1277, 1279, -1,
      1278, 1279, 1280, -1,
      1280, 1279, 1281, -1,
      1280, 1281, 1282, -1,
      1282, 1281, 1283, -1,
      1282, 1283, 1284, -1,
      1284, 1283, 1285, -1,
      1284, 1285, 1286, -1,
      1286, 1285, 1287, -1,
      1286, 1287, 1288, -1,
      1288, 1287, 1289, -1,
      1288, 1289, 1290, -1,
      1290, 1289, 1291, -1,
      1290, 1291, 1262, -1,
      1262, 1291, 1244, -1,
      1262, 1244, 1261, -1,
      1261, 1244, 1246, -1,
      1292, 1293, 1277, -1,
      1277, 1293, 1279, -1,
      1294, 1292, 1276, -1,
      1276, 1292, 1277, -1,
      1295, 1294, 1278, -1,
      1278, 1294, 1276, -1,
      1295, 1278, 1296, -1,
      1296, 1278, 1280, -1,
      1296, 1280, 1297, -1,
      1297, 1280, 1282, -1,
      1297, 1282, 1298, -1,
      1298, 1282, 1284, -1,
      1298, 1284, 1299, -1,
      1299, 1284, 1286, -1,
      1300, 1299, 1288, -1,
      1288, 1299, 1286, -1,
      1300, 1288, 1290, -1,
      1300, 1290, 1301, -1,
      1301, 1290, 1262, -1,
      1301, 1262, 1263, -1,
      1245, 1244, 1302, -1,
      1302, 1244, 1291, -1,
      1302, 1291, 1303, -1,
      1303, 1291, 1289, -1,
      1304, 1303, 1287, -1,
      1287, 1303, 1289, -1,
      1304, 1287, 1285, -1,
      1304, 1285, 1305, -1,
      1305, 1285, 1283, -1,
      1305, 1283, 1306, -1,
      1306, 1283, 1281, -1,
      1306, 1281, 1307, -1,
      1307, 1281, 1279, -1,
      1307, 1279, 1293, -1,
      1146, 1145, 1263, -1,
      1263, 1145, 1245, -1,
      1263, 1245, 1301, -1,
      1301, 1245, 1302, -1,
      1301, 1302, 1300, -1,
      1300, 1302, 1303, -1,
      1300, 1303, 1299, -1,
      1299, 1303, 1304, -1,
      1299, 1304, 1298, -1,
      1298, 1304, 1305, -1,
      1298, 1305, 1297, -1,
      1297, 1305, 1306, -1,
      1297, 1306, 1296, -1,
      1296, 1306, 1307, -1,
      1296, 1307, 1295, -1,
      1295, 1307, 1293, -1,
      1295, 1293, 1294, -1,
      1294, 1293, 1292, -1,
      1225, 1228, 1156, -1,
      1156, 1228, 1157, -1,
      1228, 1225, 1144, -1,
      1144, 1225, 1143, -1,
      1109, 1224, 1110, -1,
      1110, 1224, 1231, -1,
      1231, 1224, 1104, -1,
      1104, 1224, 1105, -1,
      1308, 1309, 1310, -1,
      1310, 1309, 1311, -1,
      1312, 1313, 1314, -1,
      1315, 1316, 1317, -1,
      1317, 1316, 1318, -1,
      1317, 1318, 1314, -1,
      1314, 1318, 1319, -1,
      1314, 1319, 1312, -1,
      1311, 1320, 1310, -1,
      1310, 1320, 1321, -1,
      1310, 1321, 1322, -1,
      1322, 1321, 1323, -1,
      1312, 1324, 1313, -1,
      1313, 1324, 1325, -1,
      1313, 1325, 1323, -1,
      1323, 1325, 1326, -1,
      1323, 1326, 1322, -1,
      1327, 1328, 1329, -1,
      1329, 1328, 1330, -1,
      1329, 1330, 1331, -1,
      1331, 1330, 1332, -1,
      1331, 1332, 1333, -1,
      1333, 1332, 1334, -1,
      1333, 1334, 1335, -1,
      1335, 1334, 1336, -1,
      1335, 1336, 1337, -1,
      1337, 1336, 1338, -1,
      1337, 1338, 1339, -1,
      1339, 1338, 1340, -1,
      1339, 1340, 1341, -1,
      1341, 1340, 1342, -1,
      1341, 1342, 1343, -1,
      1343, 1342, 1344, -1,
      1345, 1346, 1347, -1,
      1347, 1346, 1348, -1,
      1347, 1348, 1349, -1,
      1349, 1348, 1350, -1,
      1349, 1350, 1351, -1,
      1351, 1350, 1352, -1,
      1351, 1352, 1353, -1,
      1353, 1352, 1354, -1,
      1353, 1354, 1355, -1,
      1355, 1354, 1356, -1,
      1355, 1356, 1357, -1,
      1357, 1356, 1358, -1,
      1357, 1358, 1359, -1,
      1359, 1358, 1360, -1,
      1359, 1360, 1361, -1,
      1361, 1360, 1362, -1,
      1363, 1364, 1365, -1,
      1365, 1364, 1366, -1,
      1365, 1366, 1367, -1,
      1367, 1366, 1368, -1,
      1368, 1366, 1369, -1,
      1368, 1369, 1370, -1,
      1369, 1371, 1370, -1,
      1370, 1371, 1372, -1,
      1370, 1372, 1373, -1,
      1374, 1375, 1376, -1,
      1376, 1375, 1377, -1,
      1376, 1377, 1378, -1,
      1378, 1377, 1379, -1,
      1378, 1379, 1380, -1,
      1380, 1379, 1373, -1,
      1380, 1373, 1381, -1,
      1381, 1373, 1372, -1,
      1382, 1383, 1384, -1,
      1384, 1383, 1385, -1,
      1386, 1382, 1387, -1,
      1387, 1382, 1384, -1,
      1388, 1386, 1389, -1,
      1389, 1386, 1387, -1,
      1388, 1389, 1390, -1,
      1388, 1390, 1391, -1,
      1391, 1390, 1392, -1,
      1391, 1392, 1393, -1,
      1393, 1392, 1394, -1,
      1393, 1394, 1395, -1,
      1395, 1394, 1396, -1,
      1395, 1396, 1397, -1,
      1398, 1397, 1399, -1,
      1399, 1397, 1396, -1,
      1398, 1399, 1400, -1,
      1400, 1399, 1401, -1,
      1400, 1401, 1402, -1,
      1402, 1401, 1403, -1,
      1404, 1311, 1405, -1,
      1405, 1311, 1309, -1,
      1405, 1309, 1403, -1,
      1403, 1309, 1402, -1,
      1406, 1407, 1408, -1,
      1408, 1407, 1308, -1,
      1408, 1308, 1409, -1,
      1409, 1308, 1310, -1,
      1407, 1406, 1410, -1,
      1407, 1410, 1411, -1,
      1411, 1410, 1412, -1,
      1411, 1412, 1413, -1,
      1414, 1413, 1415, -1,
      1415, 1413, 1412, -1,
      1414, 1415, 1416, -1,
      1416, 1415, 1417, -1,
      1416, 1417, 1418, -1,
      1418, 1417, 1419, -1,
      1418, 1419, 1420, -1,
      1420, 1419, 1421, -1,
      1420, 1421, 1383, -1,
      1383, 1421, 1385, -1,
      1382, 1386, 1383, -1,
      1383, 1386, 1388, -1,
      1383, 1388, 1420, -1,
      1420, 1388, 1391, -1,
      1420, 1391, 1418, -1,
      1418, 1391, 1393, -1,
      1418, 1393, 1416, -1,
      1416, 1393, 1395, -1,
      1416, 1395, 1414, -1,
      1414, 1395, 1397, -1,
      1414, 1397, 1413, -1,
      1413, 1397, 1398, -1,
      1413, 1398, 1411, -1,
      1411, 1398, 1400, -1,
      1411, 1400, 1407, -1,
      1407, 1400, 1402, -1,
      1407, 1402, 1308, -1,
      1308, 1402, 1309, -1,
      1408, 1405, 1406, -1,
      1406, 1405, 1403, -1,
      1406, 1403, 1410, -1,
      1410, 1403, 1401, -1,
      1410, 1401, 1412, -1,
      1412, 1401, 1399, -1,
      1412, 1399, 1415, -1,
      1415, 1399, 1396, -1,
      1415, 1396, 1417, -1,
      1417, 1396, 1394, -1,
      1417, 1394, 1419, -1,
      1419, 1394, 1392, -1,
      1419, 1392, 1421, -1,
      1421, 1392, 1390, -1,
      1421, 1390, 1385, -1,
      1385, 1390, 1389, -1,
      1385, 1389, 1384, -1,
      1384, 1389, 1387, -1,
      1422, 1423, 1424, -1,
      1424, 1423, 1425, -1,
      1424, 1425, 1426, -1,
      1347, 1341, 1345, -1,
      1345, 1341, 1343, -1,
      1345, 1343, 1427, -1,
      1427, 1343, 1428, -1,
      1428, 1343, 1429, -1,
      1428, 1429, 1430, -1,
      1430, 1431, 1428, -1,
      1428, 1431, 1432, -1,
      1428, 1432, 1433, -1,
      1432, 1434, 1435, -1,
      1435, 1436, 1432, -1,
      1432, 1436, 1437, -1,
      1432, 1437, 1433, -1,
      1341, 1347, 1339, -1,
      1339, 1347, 1349, -1,
      1339, 1349, 1337, -1,
      1337, 1349, 1351, -1,
      1337, 1351, 1335, -1,
      1335, 1351, 1353, -1,
      1335, 1353, 1333, -1,
      1333, 1353, 1355, -1,
      1333, 1355, 1331, -1,
      1331, 1355, 1357, -1,
      1331, 1357, 1329, -1,
      1329, 1357, 1359, -1,
      1374, 1376, 1438, -1,
      1316, 1438, 1318, -1,
      1318, 1438, 1422, -1,
      1439, 1318, 1440, -1,
      1440, 1318, 1422, -1,
      1440, 1422, 1441, -1,
      1441, 1422, 1424, -1,
      1329, 1359, 1327, -1,
      1327, 1359, 1361, -1,
      1316, 1442, 1438, -1,
      1438, 1442, 1327, -1,
      1438, 1327, 1374, -1,
      1374, 1327, 1361, -1,
      1374, 1361, 1443, -1,
      1444, 1441, 1426, -1,
      1426, 1441, 1424, -1,
      1445, 1444, 1425, -1,
      1425, 1444, 1426, -1,
      1362, 1360, 1330, -1,
      1330, 1328, 1362, -1,
      1362, 1328, 1375, -1,
      1362, 1375, 1446, -1,
      1447, 1448, 1315, -1,
      1315, 1448, 1328, -1,
      1315, 1328, 1449, -1,
      1445, 1425, 1448, -1,
      1448, 1425, 1423, -1,
      1448, 1423, 1328, -1,
      1328, 1423, 1450, -1,
      1328, 1450, 1375, -1,
      1330, 1360, 1358, -1,
      1330, 1358, 1332, -1,
      1332, 1358, 1356, -1,
      1332, 1356, 1334, -1,
      1334, 1356, 1354, -1,
      1334, 1354, 1336, -1,
      1336, 1354, 1352, -1,
      1336, 1352, 1338, -1,
      1338, 1352, 1350, -1,
      1338, 1350, 1340, -1,
      1340, 1350, 1348, -1,
      1340, 1348, 1342, -1,
      1344, 1342, 1348, -1,
      1348, 1346, 1344, -1,
      1344, 1346, 1451, -1,
      1344, 1451, 1452, -1,
      1453, 1454, 1452, -1,
      1452, 1454, 1455, -1,
      1452, 1455, 1344, -1,
      1453, 1456, 1454, -1,
      1454, 1456, 1457, -1,
      1454, 1457, 1458, -1,
      1458, 1459, 1454, -1,
      1454, 1459, 1460, -1,
      1454, 1460, 1461, -1,
      1448, 1440, 1445, -1,
      1445, 1440, 1441, -1,
      1445, 1441, 1444, -1,
      1462, 1463, 1464, -1,
      1464, 1463, 1363, -1,
      1464, 1363, 1465, -1,
      1465, 1363, 1365, -1,
      1465, 1365, 1466, -1,
      1466, 1365, 1367, -1,
      1466, 1367, 1467, -1,
      1467, 1367, 1368, -1,
      1467, 1368, 1468, -1,
      1468, 1368, 1370, -1,
      1468, 1370, 1469, -1,
      1469, 1370, 1373, -1,
      1469, 1373, 1470, -1,
      1470, 1373, 1379, -1,
      1470, 1379, 1471, -1,
      1471, 1379, 1377, -1,
      1471, 1377, 1450, -1,
      1450, 1377, 1375, -1,
      1438, 1376, 1378, -1,
      1438, 1378, 1472, -1,
      1472, 1378, 1380, -1,
      1472, 1380, 1473, -1,
      1473, 1380, 1381, -1,
      1473, 1381, 1474, -1,
      1474, 1381, 1372, -1,
      1474, 1372, 1475, -1,
      1475, 1372, 1371, -1,
      1475, 1371, 1476, -1,
      1476, 1371, 1369, -1,
      1476, 1369, 1477, -1,
      1477, 1369, 1366, -1,
      1477, 1366, 1478, -1,
      1478, 1366, 1479, -1,
      1479, 1366, 1364, -1,
      1479, 1364, 1480, -1,
      1480, 1364, 1481, -1,
      1479, 1464, 1465, -1,
      1479, 1465, 1478, -1,
      1465, 1466, 1478, -1,
      1478, 1466, 1467, -1,
      1478, 1467, 1477, -1,
      1477, 1467, 1468, -1,
      1438, 1472, 1470, -1,
      1470, 1472, 1473, -1,
      1470, 1473, 1469, -1,
      1473, 1474, 1469, -1,
      1469, 1474, 1475, -1,
      1469, 1475, 1468, -1,
      1468, 1475, 1476, -1,
      1468, 1476, 1477, -1,
      1423, 1422, 1450, -1,
      1450, 1422, 1438, -1,
      1450, 1438, 1471, -1,
      1471, 1438, 1470, -1,
      1409, 1310, 1322, -1,
      1409, 1322, 1482, -1,
      1482, 1322, 1326, -1,
      1482, 1326, 1483, -1,
      1483, 1326, 1325, -1,
      1483, 1325, 1484, -1,
      1484, 1325, 1324, -1,
      1484, 1324, 1485, -1,
      1485, 1324, 1312, -1,
      1485, 1312, 1486, -1,
      1486, 1312, 1319, -1,
      1486, 1319, 1487, -1,
      1487, 1319, 1318, -1,
      1487, 1318, 1439, -1,
      1447, 1315, 1488, -1,
      1488, 1315, 1317, -1,
      1488, 1317, 1489, -1,
      1489, 1317, 1314, -1,
      1489, 1314, 1490, -1,
      1490, 1314, 1313, -1,
      1490, 1313, 1491, -1,
      1491, 1313, 1323, -1,
      1491, 1323, 1492, -1,
      1492, 1323, 1321, -1,
      1492, 1321, 1493, -1,
      1493, 1321, 1320, -1,
      1493, 1320, 1404, -1,
      1404, 1320, 1311, -1,
      1439, 1440, 1448, -1,
      1483, 1484, 1491, -1,
      1491, 1484, 1490, -1,
      1483, 1491, 1482, -1,
      1482, 1491, 1492, -1,
      1482, 1492, 1409, -1,
      1409, 1492, 1493, -1,
      1409, 1493, 1408, -1,
      1408, 1493, 1404, -1,
      1408, 1404, 1405, -1,
      1448, 1447, 1439, -1,
      1439, 1447, 1488, -1,
      1439, 1488, 1487, -1,
      1487, 1488, 1489, -1,
      1487, 1489, 1486, -1,
      1486, 1489, 1490, -1,
      1486, 1490, 1485, -1,
      1485, 1490, 1484, -1,
      1435, 1458, 1457, -1,
      1435, 1457, 1436, -1,
      1436, 1457, 1456, -1,
      1436, 1456, 1437, -1,
      1437, 1456, 1453, -1,
      1437, 1453, 1433, -1,
      1433, 1453, 1452, -1,
      1433, 1452, 1428, -1,
      1428, 1452, 1451, -1,
      1428, 1451, 1427, -1,
      1427, 1451, 1346, -1,
      1427, 1346, 1345, -1,
      1458, 1435, 1434, -1,
      1458, 1434, 1459, -1,
      1459, 1434, 1432, -1,
      1459, 1432, 1460, -1,
      1460, 1432, 1431, -1,
      1460, 1431, 1461, -1,
      1461, 1431, 1430, -1,
      1461, 1430, 1454, -1,
      1454, 1430, 1429, -1,
      1454, 1429, 1455, -1,
      1455, 1429, 1343, -1,
      1455, 1343, 1344, -1,
      1494, 1495, 1496, -1,
      1496, 1495, 1497, -1,
      1496, 1497, 1498, -1,
      1498, 1497, 1499, -1,
      1498, 1499, 1500, -1,
      1500, 1499, 1501, -1,
      1500, 1501, 1502, -1,
      1502, 1501, 1503, -1,
      1502, 1503, 1504, -1,
      1504, 1503, 1505, -1,
      1504, 1505, 1506, -1,
      1506, 1505, 1507, -1,
      1506, 1507, 1508, -1,
      1508, 1507, 1509, -1,
      1508, 1509, 1480, -1,
      1480, 1509, 1462, -1,
      1480, 1462, 1479, -1,
      1479, 1462, 1464, -1,
      1510, 1511, 1495, -1,
      1495, 1511, 1497, -1,
      1512, 1510, 1494, -1,
      1494, 1510, 1495, -1,
      1513, 1512, 1496, -1,
      1496, 1512, 1494, -1,
      1513, 1496, 1514, -1,
      1514, 1496, 1498, -1,
      1514, 1498, 1515, -1,
      1515, 1498, 1500, -1,
      1515, 1500, 1516, -1,
      1516, 1500, 1502, -1,
      1516, 1502, 1517, -1,
      1517, 1502, 1504, -1,
      1518, 1517, 1506, -1,
      1506, 1517, 1504, -1,
      1518, 1506, 1508, -1,
      1518, 1508, 1519, -1,
      1519, 1508, 1480, -1,
      1519, 1480, 1481, -1,
      1463, 1462, 1520, -1,
      1520, 1462, 1509, -1,
      1520, 1509, 1521, -1,
      1521, 1509, 1507, -1,
      1522, 1521, 1505, -1,
      1505, 1521, 1507, -1,
      1522, 1505, 1503, -1,
      1522, 1503, 1523, -1,
      1523, 1503, 1501, -1,
      1523, 1501, 1524, -1,
      1524, 1501, 1499, -1,
      1524, 1499, 1525, -1,
      1525, 1499, 1497, -1,
      1525, 1497, 1511, -1,
      1364, 1363, 1481, -1,
      1481, 1363, 1463, -1,
      1481, 1463, 1519, -1,
      1519, 1463, 1520, -1,
      1519, 1520, 1518, -1,
      1518, 1520, 1521, -1,
      1518, 1521, 1517, -1,
      1517, 1521, 1522, -1,
      1517, 1522, 1516, -1,
      1516, 1522, 1523, -1,
      1516, 1523, 1515, -1,
      1515, 1523, 1524, -1,
      1515, 1524, 1514, -1,
      1514, 1524, 1525, -1,
      1514, 1525, 1513, -1,
      1513, 1525, 1511, -1,
      1513, 1511, 1512, -1,
      1512, 1511, 1510, -1,
      1443, 1446, 1374, -1,
      1374, 1446, 1375, -1,
      1446, 1443, 1362, -1,
      1362, 1443, 1361, -1,
      1327, 1442, 1328, -1,
      1328, 1442, 1449, -1,
      1449, 1442, 1315, -1,
      1315, 1442, 1316, -1,
      1526, 1527, 1528, -1,
      1528, 1527, 1529, -1,
      1528, 1529, 1530, -1,
      1530, 1529, 1531, -1,
      1531, 1529, 1532, -1,
      1531, 1532, 1533, -1,
      1532, 1534, 1533, -1,
      1533, 1534, 1535, -1,
      1533, 1535, 1536, -1,
      1537, 1538, 1539, -1,
      1539, 1538, 1540, -1,
      1539, 1540, 1541, -1,
      1541, 1540, 1542, -1,
      1541, 1542, 1543, -1,
      1543, 1542, 1536, -1,
      1543, 1536, 1544, -1,
      1544, 1536, 1535, -1,
      1545, 1546, 1547, -1,
      1547, 1546, 1548, -1,
      1547, 1548, 1549, -1,
      1549, 1548, 1550, -1,
      1549, 1550, 1551, -1,
      1551, 1550, 1552, -1,
      1551, 1552, 1553, -1,
      1553, 1552, 1554, -1,
      1553, 1554, 1555, -1,
      1555, 1554, 1556, -1,
      1555, 1556, 1557, -1,
      1557, 1556, 1558, -1,
      1557, 1558, 1559, -1,
      1559, 1558, 1560, -1,
      1559, 1560, 1561, -1,
      1561, 1560, 1562, -1,
      1563, 1564, 1565, -1,
      1565, 1564, 1566, -1,
      1565, 1566, 1567, -1,
      1567, 1566, 1568, -1,
      1567, 1568, 1569, -1,
      1569, 1568, 1570, -1,
      1569, 1570, 1571, -1,
      1571, 1570, 1572, -1,
      1571, 1572, 1573, -1,
      1573, 1572, 1574, -1,
      1573, 1574, 1575, -1,
      1575, 1574, 1576, -1,
      1575, 1576, 1577, -1,
      1577, 1576, 1578, -1,
      1577, 1578, 1579, -1,
      1579, 1578, 1580, -1,
      1581, 1582, 1583, -1,
      1583, 1582, 1584, -1,
      1584, 1585, 1583, -1,
      1583, 1585, 1586, -1,
      1583, 1586, 1587, -1,
      1587, 1586, 1588, -1,
      1589, 1590, 1588, -1,
      1588, 1590, 1591, -1,
      1588, 1591, 1587, -1,
      1592, 1593, 1589, -1,
      1589, 1593, 1594, -1,
      1589, 1594, 1590, -1,
      1595, 1596, 1597, -1,
      1597, 1596, 1598, -1,
      1597, 1598, 1592, -1,
      1592, 1598, 1599, -1,
      1592, 1599, 1593, -1,
      1600, 1601, 1602, -1,
      1602, 1601, 1603, -1,
      1601, 1604, 1603, -1,
      1603, 1604, 1605, -1,
      1604, 1606, 1605, -1,
      1605, 1606, 1607, -1,
      1608, 1609, 1610, -1,
      1608, 1610, 1611, -1,
      1611, 1610, 1612, -1,
      1611, 1612, 1613, -1,
      1613, 1612, 1614, -1,
      1613, 1614, 1615, -1,
      1615, 1614, 1607, -1,
      1615, 1607, 1606, -1,
      1608, 1616, 1609, -1,
      1609, 1616, 1617, -1,
      1618, 1619, 1620, -1,
      1620, 1619, 1621, -1,
      1620, 1621, 1616, -1,
      1616, 1621, 1617, -1,
      1619, 1618, 1622, -1,
      1622, 1618, 1526, -1,
      1622, 1526, 1623, -1,
      1623, 1526, 1528, -1,
      1624, 1529, 1625, -1,
      1625, 1529, 1527, -1,
      1625, 1527, 1626, -1,
      1626, 1527, 1627, -1,
      1628, 1629, 1630, -1,
      1628, 1630, 1631, -1,
      1631, 1630, 1626, -1,
      1631, 1626, 1627, -1,
      1628, 1632, 1629, -1,
      1629, 1632, 1633, -1,
      1600, 1602, 1634, -1,
      1634, 1602, 1635, -1,
      1634, 1635, 1636, -1,
      1636, 1635, 1637, -1,
      1636, 1637, 1638, -1,
      1638, 1637, 1639, -1,
      1638, 1639, 1632, -1,
      1632, 1639, 1633, -1,
      1527, 1526, 1627, -1,
      1627, 1526, 1618, -1,
      1627, 1618, 1631, -1,
      1631, 1618, 1620, -1,
      1631, 1620, 1628, -1,
      1628, 1620, 1616, -1,
      1628, 1616, 1632, -1,
      1632, 1616, 1608, -1,
      1632, 1608, 1638, -1,
      1638, 1608, 1611, -1,
      1638, 1611, 1636, -1,
      1636, 1611, 1613, -1,
      1636, 1613, 1634, -1,
      1634, 1613, 1615, -1,
      1634, 1615, 1600, -1,
      1600, 1615, 1606, -1,
      1600, 1606, 1601, -1,
      1601, 1606, 1604, -1,
      1603, 1605, 1602, -1,
      1602, 1605, 1607, -1,
      1602, 1607, 1635, -1,
      1635, 1607, 1614, -1,
      1635, 1614, 1637, -1,
      1637, 1614, 1612, -1,
      1637, 1612, 1639, -1,
      1639, 1612, 1610, -1,
      1639, 1610, 1633, -1,
      1633, 1610, 1609, -1,
      1633, 1609, 1629, -1,
      1629, 1609, 1617, -1,
      1629, 1617, 1630, -1,
      1630, 1617, 1621, -1,
      1630, 1621, 1626, -1,
      1626, 1621, 1619, -1,
      1626, 1619, 1625, -1,
      1625, 1619, 1622, -1,
      1640, 1641, 1642, -1,
      1642, 1641, 1643, -1,
      1642, 1643, 1644, -1,
      1547, 1577, 1545, -1,
      1545, 1577, 1579, -1,
      1545, 1579, 1645, -1,
      1645, 1579, 1646, -1,
      1646, 1579, 1647, -1,
      1646, 1647, 1648, -1,
      1649, 1650, 1651, -1,
      1648, 1652, 1646, -1,
      1646, 1652, 1649, -1,
      1646, 1649, 1653, -1,
      1651, 1654, 1649, -1,
      1649, 1654, 1655, -1,
      1649, 1655, 1653, -1,
      1559, 1565, 1557, -1,
      1557, 1565, 1567, -1,
      1557, 1567, 1555, -1,
      1555, 1567, 1569, -1,
      1555, 1569, 1553, -1,
      1553, 1569, 1571, -1,
      1553, 1571, 1551, -1,
      1551, 1571, 1573, -1,
      1551, 1573, 1549, -1,
      1549, 1573, 1575, -1,
      1549, 1575, 1547, -1,
      1547, 1575, 1577, -1,
      1537, 1539, 1656, -1,
      1657, 1598, 1656, -1,
      1656, 1598, 1596, -1,
      1658, 1598, 1641, -1,
      1641, 1598, 1657, -1,
      1641, 1657, 1643, -1,
      1643, 1657, 1659, -1,
      1565, 1559, 1563, -1,
      1563, 1559, 1561, -1,
      1596, 1660, 1656, -1,
      1656, 1660, 1563, -1,
      1656, 1563, 1537, -1,
      1537, 1563, 1561, -1,
      1537, 1561, 1661, -1,
      1659, 1662, 1643, -1,
      1643, 1662, 1644, -1,
      1662, 1663, 1644, -1,
      1644, 1663, 1642, -1,
      1562, 1560, 1566, -1,
      1566, 1564, 1562, -1,
      1562, 1564, 1538, -1,
      1562, 1538, 1664, -1,
      1665, 1640, 1595, -1,
      1595, 1640, 1564, -1,
      1595, 1564, 1666, -1,
      1642, 1663, 1640, -1,
      1640, 1663, 1667, -1,
      1640, 1667, 1564, -1,
      1564, 1667, 1668, -1,
      1564, 1668, 1538, -1,
      1548, 1578, 1576, -1,
      1548, 1576, 1550, -1,
      1550, 1576, 1574, -1,
      1550, 1574, 1552, -1,
      1552, 1574, 1572, -1,
      1552, 1572, 1554, -1,
      1554, 1572, 1570, -1,
      1554, 1570, 1556, -1,
      1556, 1570, 1568, -1,
      1556, 1568, 1558, -1,
      1558, 1568, 1566, -1,
      1558, 1566, 1560, -1,
      1580, 1578, 1548, -1,
      1548, 1546, 1580, -1,
      1580, 1546, 1669, -1,
      1580, 1669, 1670, -1,
      1670, 1671, 1580, -1,
      1580, 1671, 1672, -1,
      1580, 1672, 1673, -1,
      1674, 1675, 1676, -1,
      1676, 1675, 1677, -1,
      1676, 1677, 1678, -1,
      1673, 1672, 1676, -1,
      1676, 1672, 1679, -1,
      1676, 1679, 1674, -1,
      1657, 1667, 1659, -1,
      1659, 1667, 1663, -1,
      1659, 1663, 1662, -1,
      1680, 1584, 1681, -1,
      1681, 1584, 1582, -1,
      1681, 1582, 1682, -1,
      1682, 1582, 1683, -1,
      1665, 1595, 1684, -1,
      1684, 1595, 1597, -1,
      1684, 1597, 1685, -1,
      1685, 1597, 1592, -1,
      1685, 1592, 1686, -1,
      1686, 1592, 1589, -1,
      1686, 1589, 1687, -1,
      1687, 1589, 1588, -1,
      1687, 1588, 1688, -1,
      1688, 1588, 1586, -1,
      1688, 1586, 1689, -1,
      1689, 1586, 1585, -1,
      1689, 1585, 1680, -1,
      1680, 1585, 1584, -1,
      1690, 1583, 1587, -1,
      1690, 1587, 1691, -1,
      1691, 1587, 1591, -1,
      1691, 1591, 1692, -1,
      1692, 1591, 1590, -1,
      1692, 1590, 1693, -1,
      1693, 1590, 1594, -1,
      1693, 1594, 1694, -1,
      1694, 1594, 1593, -1,
      1694, 1593, 1695, -1,
      1695, 1593, 1599, -1,
      1695, 1599, 1696, -1,
      1696, 1599, 1598, -1,
      1696, 1598, 1658, -1,
      1697, 1698, 1699, -1,
      1699, 1698, 1581, -1,
      1699, 1581, 1690, -1,
      1690, 1581, 1583, -1,
      1692, 1693, 1687, -1,
      1687, 1693, 1686, -1,
      1692, 1687, 1691, -1,
      1691, 1687, 1688, -1,
      1691, 1688, 1690, -1,
      1690, 1688, 1689, -1,
      1690, 1689, 1699, -1,
      1699, 1689, 1680, -1,
      1699, 1680, 1681, -1,
      1658, 1641, 1640, -1,
      1640, 1665, 1658, -1,
      1658, 1665, 1684, -1,
      1658, 1684, 1696, -1,
      1696, 1684, 1685, -1,
      1696, 1685, 1695, -1,
      1695, 1685, 1686, -1,
      1695, 1686, 1694, -1,
      1694, 1686, 1693, -1,
      1656, 1539, 1541, -1,
      1656, 1541, 1700, -1,
      1700, 1541, 1543, -1,
      1700, 1543, 1701, -1,
      1701, 1543, 1544, -1,
      1701, 1544, 1702, -1,
      1702, 1544, 1535, -1,
      1702, 1535, 1703, -1,
      1703, 1535, 1534, -1,
      1703, 1534, 1704, -1,
      1704, 1534, 1532, -1,
      1704, 1532, 1705, -1,
      1705, 1532, 1529, -1,
      1705, 1529, 1624, -1,
      1623, 1528, 1706, -1,
      1706, 1528, 1530, -1,
      1706, 1530, 1707, -1,
      1707, 1530, 1531, -1,
      1707, 1531, 1708, -1,
      1708, 1531, 1533, -1,
      1708, 1533, 1709, -1,
      1709, 1533, 1536, -1,
      1709, 1536, 1710, -1,
      1710, 1536, 1542, -1,
      1710, 1542, 1711, -1,
      1711, 1542, 1540, -1,
      1711, 1540, 1668, -1,
      1668, 1540, 1538, -1,
      1625, 1622, 1623, -1,
      1625, 1623, 1624, -1,
      1623, 1706, 1624, -1,
      1624, 1706, 1707, -1,
      1624, 1707, 1705, -1,
      1705, 1707, 1708, -1,
      1656, 1700, 1710, -1,
      1710, 1700, 1701, -1,
      1710, 1701, 1709, -1,
      1701, 1702, 1709, -1,
      1709, 1702, 1703, -1,
      1709, 1703, 1708, -1,
      1708, 1703, 1704, -1,
      1708, 1704, 1705, -1,
      1667, 1657, 1668, -1,
      1668, 1657, 1656, -1,
      1668, 1656, 1711, -1,
      1711, 1656, 1710, -1,
      1579, 1580, 1673, -1,
      1579, 1673, 1647, -1,
      1647, 1673, 1676, -1,
      1647, 1676, 1648, -1,
      1648, 1676, 1678, -1,
      1648, 1678, 1652, -1,
      1652, 1678, 1677, -1,
      1652, 1677, 1649, -1,
      1649, 1677, 1675, -1,
      1649, 1675, 1650, -1,
      1650, 1675, 1674, -1,
      1650, 1674, 1651, -1,
      1546, 1545, 1645, -1,
      1546, 1645, 1669, -1,
      1669, 1645, 1646, -1,
      1669, 1646, 1670, -1,
      1670, 1646, 1653, -1,
      1670, 1653, 1671, -1,
      1671, 1653, 1655, -1,
      1671, 1655, 1672, -1,
      1672, 1655, 1654, -1,
      1672, 1654, 1679, -1,
      1679, 1654, 1651, -1,
      1679, 1651, 1674, -1,
      1699, 1681, 1697, -1,
      1697, 1681, 1682, -1,
      1697, 1682, 1712, -1,
      1712, 1682, 1713, -1,
      1712, 1713, 1714, -1,
      1714, 1713, 1715, -1,
      1714, 1715, 1716, -1,
      1716, 1715, 1717, -1,
      1716, 1717, 1718, -1,
      1718, 1717, 1719, -1,
      1718, 1719, 1720, -1,
      1720, 1719, 1721, -1,
      1720, 1721, 1722, -1,
      1722, 1721, 1723, -1,
      1722, 1723, 1724, -1,
      1724, 1723, 1725, -1,
      1724, 1725, 1726, -1,
      1726, 1725, 1727, -1,
      1728, 1729, 1725, -1,
      1725, 1729, 1727, -1,
      1729, 1730, 1727, -1,
      1727, 1730, 1726, -1,
      1730, 1731, 1726, -1,
      1726, 1731, 1724, -1,
      1732, 1716, 1733, -1,
      1733, 1716, 1718, -1,
      1733, 1718, 1734, -1,
      1734, 1718, 1720, -1,
      1734, 1720, 1735, -1,
      1735, 1720, 1722, -1,
      1735, 1722, 1731, -1,
      1731, 1722, 1724, -1,
      1732, 1736, 1716, -1,
      1716, 1736, 1714, -1,
      1698, 1697, 1712, -1,
      1698, 1712, 1737, -1,
      1737, 1712, 1714, -1,
      1737, 1714, 1736, -1,
      1738, 1715, 1739, -1,
      1739, 1715, 1713, -1,
      1739, 1713, 1683, -1,
      1683, 1713, 1682, -1,
      1738, 1740, 1715, -1,
      1715, 1740, 1717, -1,
      1728, 1725, 1723, -1,
      1728, 1723, 1741, -1,
      1741, 1723, 1721, -1,
      1741, 1721, 1742, -1,
      1742, 1721, 1719, -1,
      1742, 1719, 1743, -1,
      1743, 1719, 1717, -1,
      1743, 1717, 1740, -1,
      1730, 1729, 1731, -1,
      1731, 1729, 1728, -1,
      1731, 1728, 1735, -1,
      1735, 1728, 1741, -1,
      1735, 1741, 1734, -1,
      1734, 1741, 1742, -1,
      1734, 1742, 1733, -1,
      1733, 1742, 1743, -1,
      1733, 1743, 1732, -1,
      1732, 1743, 1740, -1,
      1732, 1740, 1736, -1,
      1736, 1740, 1738, -1,
      1736, 1738, 1737, -1,
      1737, 1738, 1739, -1,
      1737, 1739, 1698, -1,
      1698, 1739, 1683, -1,
      1698, 1683, 1581, -1,
      1581, 1683, 1582, -1,
      1666, 1660, 1595, -1,
      1595, 1660, 1596, -1,
      1660, 1666, 1563, -1,
      1563, 1666, 1564, -1,
      1661, 1561, 1664, -1,
      1664, 1561, 1562, -1,
      1661, 1664, 1537, -1,
      1537, 1664, 1538, -1,
      1744, 1745, 1746, -1,
      1746, 1745, 1747, -1,
      1746, 1747, 1748, -1,
      1748, 1747, 1749, -1,
      1749, 1747, 1750, -1,
      1749, 1750, 1751, -1,
      1750, 1752, 1751, -1,
      1751, 1752, 1753, -1,
      1751, 1753, 1754, -1,
      1755, 1756, 1757, -1,
      1757, 1756, 1758, -1,
      1757, 1758, 1759, -1,
      1759, 1758, 1760, -1,
      1759, 1760, 1761, -1,
      1761, 1760, 1754, -1,
      1761, 1754, 1762, -1,
      1762, 1754, 1753, -1,
      1763, 1764, 1765, -1,
      1765, 1764, 1766, -1,
      1765, 1766, 1767, -1,
      1767, 1766, 1768, -1,
      1767, 1768, 1769, -1,
      1769, 1768, 1770, -1,
      1769, 1770, 1771, -1,
      1771, 1770, 1772, -1,
      1771, 1772, 1773, -1,
      1773, 1772, 1774, -1,
      1773, 1774, 1775, -1,
      1775, 1774, 1776, -1,
      1775, 1776, 1777, -1,
      1777, 1776, 1778, -1,
      1777, 1778, 1779, -1,
      1779, 1778, 1780, -1,
      1781, 1782, 1783, -1,
      1783, 1782, 1784, -1,
      1783, 1784, 1785, -1,
      1785, 1784, 1786, -1,
      1785, 1786, 1787, -1,
      1787, 1786, 1788, -1,
      1787, 1788, 1789, -1,
      1789, 1788, 1790, -1,
      1789, 1790, 1791, -1,
      1791, 1790, 1792, -1,
      1791, 1792, 1793, -1,
      1793, 1792, 1794, -1,
      1793, 1794, 1795, -1,
      1795, 1794, 1796, -1,
      1795, 1796, 1797, -1,
      1797, 1796, 1798, -1,
      1799, 1800, 1801, -1,
      1801, 1800, 1802, -1,
      1802, 1803, 1801, -1,
      1801, 1803, 1804, -1,
      1801, 1804, 1805, -1,
      1805, 1804, 1806, -1,
      1807, 1808, 1806, -1,
      1806, 1808, 1809, -1,
      1806, 1809, 1805, -1,
      1810, 1811, 1807, -1,
      1807, 1811, 1812, -1,
      1807, 1812, 1808, -1,
      1813, 1814, 1815, -1,
      1815, 1814, 1816, -1,
      1815, 1816, 1810, -1,
      1810, 1816, 1817, -1,
      1810, 1817, 1811, -1,
      1818, 1819, 1820, -1,
      1820, 1819, 1821, -1,
      1819, 1822, 1821, -1,
      1821, 1822, 1823, -1,
      1822, 1824, 1823, -1,
      1823, 1824, 1825, -1,
      1826, 1827, 1828, -1,
      1826, 1828, 1829, -1,
      1829, 1828, 1830, -1,
      1829, 1830, 1831, -1,
      1831, 1830, 1832, -1,
      1831, 1832, 1833, -1,
      1833, 1832, 1825, -1,
      1833, 1825, 1824, -1,
      1826, 1834, 1827, -1,
      1827, 1834, 1835, -1,
      1836, 1837, 1838, -1,
      1838, 1837, 1839, -1,
      1838, 1839, 1834, -1,
      1834, 1839, 1835, -1,
      1837, 1836, 1840, -1,
      1840, 1836, 1744, -1,
      1840, 1744, 1841, -1,
      1841, 1744, 1746, -1,
      1842, 1747, 1843, -1,
      1843, 1747, 1745, -1,
      1843, 1745, 1844, -1,
      1844, 1745, 1845, -1,
      1846, 1847, 1848, -1,
      1846, 1848, 1849, -1,
      1849, 1848, 1844, -1,
      1849, 1844, 1845, -1,
      1846, 1850, 1847, -1,
      1847, 1850, 1851, -1,
      1818, 1820, 1852, -1,
      1852, 1820, 1853, -1,
      1852, 1853, 1854, -1,
      1854, 1853, 1855, -1,
      1854, 1855, 1856, -1,
      1856, 1855, 1857, -1,
      1856, 1857, 1850, -1,
      1850, 1857, 1851, -1,
      1745, 1744, 1845, -1,
      1845, 1744, 1836, -1,
      1845, 1836, 1849, -1,
      1849, 1836, 1838, -1,
      1849, 1838, 1846, -1,
      1846, 1838, 1834, -1,
      1846, 1834, 1850, -1,
      1850, 1834, 1826, -1,
      1850, 1826, 1856, -1,
      1856, 1826, 1829, -1,
      1856, 1829, 1854, -1,
      1854, 1829, 1831, -1,
      1854, 1831, 1852, -1,
      1852, 1831, 1833, -1,
      1852, 1833, 1818, -1,
      1818, 1833, 1824, -1,
      1818, 1824, 1819, -1,
      1819, 1824, 1822, -1,
      1821, 1823, 1820, -1,
      1820, 1823, 1825, -1,
      1820, 1825, 1853, -1,
      1853, 1825, 1832, -1,
      1853, 1832, 1855, -1,
      1855, 1832, 1830, -1,
      1855, 1830, 1857, -1,
      1857, 1830, 1828, -1,
      1857, 1828, 1851, -1,
      1851, 1828, 1827, -1,
      1851, 1827, 1847, -1,
      1847, 1827, 1835, -1,
      1847, 1835, 1848, -1,
      1848, 1835, 1839, -1,
      1848, 1839, 1844, -1,
      1844, 1839, 1837, -1,
      1844, 1837, 1843, -1,
      1843, 1837, 1840, -1,
      1858, 1859, 1860, -1,
      1860, 1859, 1861, -1,
      1860, 1861, 1862, -1,
      1763, 1765, 1795, -1,
      1795, 1797, 1763, -1,
      1763, 1797, 1863, -1,
      1763, 1863, 1864, -1,
      1864, 1865, 1763, -1,
      1763, 1865, 1866, -1,
      1763, 1866, 1867, -1,
      1868, 1869, 1866, -1,
      1866, 1869, 1870, -1,
      1866, 1870, 1871, -1,
      1871, 1872, 1866, -1,
      1866, 1872, 1873, -1,
      1866, 1873, 1867, -1,
      1777, 1783, 1775, -1,
      1775, 1783, 1785, -1,
      1775, 1785, 1773, -1,
      1773, 1785, 1787, -1,
      1773, 1787, 1771, -1,
      1771, 1787, 1789, -1,
      1771, 1789, 1769, -1,
      1769, 1789, 1791, -1,
      1769, 1791, 1767, -1,
      1767, 1791, 1793, -1,
      1767, 1793, 1765, -1,
      1765, 1793, 1795, -1,
      1755, 1757, 1874, -1,
      1875, 1816, 1874, -1,
      1874, 1816, 1814, -1,
      1876, 1816, 1859, -1,
      1859, 1816, 1875, -1,
      1859, 1875, 1861, -1,
      1861, 1875, 1877, -1,
      1783, 1777, 1781, -1,
      1781, 1777, 1779, -1,
      1814, 1878, 1874, -1,
      1874, 1878, 1781, -1,
      1874, 1781, 1755, -1,
      1755, 1781, 1779, -1,
      1755, 1779, 1879, -1,
      1877, 1880, 1861, -1,
      1861, 1880, 1862, -1,
      1880, 1881, 1862, -1,
      1862, 1881, 1860, -1,
      1780, 1778, 1784, -1,
      1784, 1782, 1780, -1,
      1780, 1782, 1756, -1,
      1780, 1756, 1882, -1,
      1883, 1858, 1813, -1,
      1813, 1858, 1782, -1,
      1813, 1782, 1884, -1,
      1860, 1881, 1858, -1,
      1858, 1881, 1885, -1,
      1858, 1885, 1782, -1,
      1782, 1885, 1886, -1,
      1782, 1886, 1756, -1,
      1766, 1796, 1794, -1,
      1766, 1794, 1768, -1,
      1768, 1794, 1792, -1,
      1768, 1792, 1770, -1,
      1770, 1792, 1790, -1,
      1770, 1790, 1772, -1,
      1772, 1790, 1788, -1,
      1772, 1788, 1774, -1,
      1774, 1788, 1786, -1,
      1774, 1786, 1776, -1,
      1776, 1786, 1784, -1,
      1776, 1784, 1778, -1,
      1798, 1796, 1766, -1,
      1766, 1764, 1798, -1,
      1798, 1764, 1887, -1,
      1798, 1887, 1888, -1,
      1888, 1889, 1798, -1,
      1798, 1889, 1890, -1,
      1798, 1890, 1891, -1,
      1892, 1893, 1894, -1,
      1894, 1893, 1895, -1,
      1894, 1895, 1896, -1,
      1891, 1890, 1894, -1,
      1894, 1890, 1897, -1,
      1894, 1897, 1892, -1,
      1875, 1885, 1877, -1,
      1877, 1885, 1881, -1,
      1877, 1881, 1880, -1,
      1898, 1802, 1899, -1,
      1899, 1802, 1800, -1,
      1899, 1800, 1900, -1,
      1900, 1800, 1901, -1,
      1883, 1813, 1902, -1,
      1902, 1813, 1815, -1,
      1902, 1815, 1903, -1,
      1903, 1815, 1810, -1,
      1903, 1810, 1904, -1,
      1904, 1810, 1807, -1,
      1904, 1807, 1905, -1,
      1905, 1807, 1806, -1,
      1905, 1806, 1906, -1,
      1906, 1806, 1804, -1,
      1906, 1804, 1907, -1,
      1907, 1804, 1803, -1,
      1907, 1803, 1898, -1,
      1898, 1803, 1802, -1,
      1908, 1801, 1805, -1,
      1908, 1805, 1909, -1,
      1909, 1805, 1809, -1,
      1909, 1809, 1910, -1,
      1910, 1809, 1808, -1,
      1910, 1808, 1911, -1,
      1911, 1808, 1812, -1,
      1911, 1812, 1912, -1,
      1912, 1812, 1811, -1,
      1912, 1811, 1913, -1,
      1913, 1811, 1817, -1,
      1913, 1817, 1914, -1,
      1914, 1817, 1816, -1,
      1914, 1816, 1876, -1,
      1915, 1916, 1917, -1,
      1917, 1916, 1799, -1,
      1917, 1799, 1908, -1,
      1908, 1799, 1801, -1,
      1910, 1911, 1905, -1,
      1905, 1911, 1904, -1,
      1910, 1905, 1909, -1,
      1909, 1905, 1906, -1,
      1909, 1906, 1908, -1,
      1908, 1906, 1907, -1,
      1908, 1907, 1917, -1,
      1917, 1907, 1898, -1,
      1917, 1898, 1899, -1,
      1876, 1859, 1858, -1,
      1858, 1883, 1876, -1,
      1876, 1883, 1902, -1,
      1876, 1902, 1914, -1,
      1914, 1902, 1903, -1,
      1914, 1903, 1913, -1,
      1913, 1903, 1904, -1,
      1913, 1904, 1912, -1,
      1912, 1904, 1911, -1,
      1874, 1757, 1759, -1,
      1874, 1759, 1918, -1,
      1918, 1759, 1761, -1,
      1918, 1761, 1919, -1,
      1919, 1761, 1762, -1,
      1919, 1762, 1920, -1,
      1920, 1762, 1753, -1,
      1920, 1753, 1921, -1,
      1921, 1753, 1752, -1,
      1921, 1752, 1922, -1,
      1922, 1752, 1750, -1,
      1922, 1750, 1923, -1,
      1923, 1750, 1747, -1,
      1923, 1747, 1842, -1,
      1841, 1746, 1924, -1,
      1924, 1746, 1748, -1,
      1924, 1748, 1925, -1,
      1925, 1748, 1749, -1,
      1925, 1749, 1926, -1,
      1926, 1749, 1751, -1,
      1926, 1751, 1927, -1,
      1927, 1751, 1754, -1,
      1927, 1754, 1928, -1,
      1928, 1754, 1760, -1,
      1928, 1760, 1929, -1,
      1929, 1760, 1758, -1,
      1929, 1758, 1886, -1,
      1886, 1758, 1756, -1,
      1843, 1840, 1841, -1,
      1843, 1841, 1842, -1,
      1841, 1924, 1842, -1,
      1842, 1924, 1925, -1,
      1842, 1925, 1923, -1,
      1923, 1925, 1926, -1,
      1874, 1918, 1928, -1,
      1928, 1918, 1919, -1,
      1928, 1919, 1927, -1,
      1919, 1920, 1927, -1,
      1927, 1920, 1921, -1,
      1927, 1921, 1926, -1,
      1926, 1921, 1922, -1,
      1926, 1922, 1923, -1,
      1885, 1875, 1886, -1,
      1886, 1875, 1874, -1,
      1886, 1874, 1929, -1,
      1929, 1874, 1928, -1,
      1797, 1798, 1891, -1,
      1797, 1891, 1863, -1,
      1863, 1891, 1894, -1,
      1863, 1894, 1864, -1,
      1864, 1894, 1896, -1,
      1864, 1896, 1865, -1,
      1865, 1896, 1895, -1,
      1865, 1895, 1866, -1,
      1866, 1895, 1893, -1,
      1866, 1893, 1868, -1,
      1868, 1893, 1892, -1,
      1868, 1892, 1869, -1,
      1764, 1763, 1867, -1,
      1764, 1867, 1887, -1,
      1887, 1867, 1873, -1,
      1887, 1873, 1888, -1,
      1888, 1873, 1872, -1,
      1888, 1872, 1889, -1,
      1889, 1872, 1871, -1,
      1889, 1871, 1890, -1,
      1890, 1871, 1870, -1,
      1890, 1870, 1897, -1,
      1897, 1870, 1869, -1,
      1897, 1869, 1892, -1,
      1917, 1899, 1915, -1,
      1915, 1899, 1900, -1,
      1915, 1900, 1930, -1,
      1930, 1900, 1931, -1,
      1930, 1931, 1932, -1,
      1932, 1931, 1933, -1,
      1932, 1933, 1934, -1,
      1934, 1933, 1935, -1,
      1934, 1935, 1936, -1,
      1936, 1935, 1937, -1,
      1936, 1937, 1938, -1,
      1938, 1937, 1939, -1,
      1938, 1939, 1940, -1,
      1940, 1939, 1941, -1,
      1940, 1941, 1942, -1,
      1942, 1941, 1943, -1,
      1942, 1943, 1944, -1,
      1944, 1943, 1945, -1,
      1946, 1947, 1943, -1,
      1943, 1947, 1945, -1,
      1947, 1948, 1945, -1,
      1945, 1948, 1944, -1,
      1948, 1949, 1944, -1,
      1944, 1949, 1942, -1,
      1950, 1934, 1951, -1,
      1951, 1934, 1936, -1,
      1951, 1936, 1952, -1,
      1952, 1936, 1938, -1,
      1952, 1938, 1953, -1,
      1953, 1938, 1940, -1,
      1953, 1940, 1949, -1,
      1949, 1940, 1942, -1,
      1950, 1954, 1934, -1,
      1934, 1954, 1932, -1,
      1916, 1915, 1930, -1,
      1916, 1930, 1955, -1,
      1955, 1930, 1932, -1,
      1955, 1932, 1954, -1,
      1956, 1933, 1957, -1,
      1957, 1933, 1931, -1,
      1957, 1931, 1901, -1,
      1901, 1931, 1900, -1,
      1956, 1958, 1933, -1,
      1933, 1958, 1935, -1,
      1946, 1943, 1941, -1,
      1946, 1941, 1959, -1,
      1959, 1941, 1939, -1,
      1959, 1939, 1960, -1,
      1960, 1939, 1937, -1,
      1960, 1937, 1961, -1,
      1961, 1937, 1935, -1,
      1961, 1935, 1958, -1,
      1948, 1947, 1949, -1,
      1949, 1947, 1946, -1,
      1949, 1946, 1953, -1,
      1953, 1946, 1959, -1,
      1953, 1959, 1952, -1,
      1952, 1959, 1960, -1,
      1952, 1960, 1951, -1,
      1951, 1960, 1961, -1,
      1951, 1961, 1950, -1,
      1950, 1961, 1958, -1,
      1950, 1958, 1954, -1,
      1954, 1958, 1956, -1,
      1954, 1956, 1955, -1,
      1955, 1956, 1957, -1,
      1955, 1957, 1916, -1,
      1916, 1957, 1901, -1,
      1916, 1901, 1799, -1,
      1799, 1901, 1800, -1,
      1884, 1878, 1813, -1,
      1813, 1878, 1814, -1,
      1878, 1884, 1781, -1,
      1781, 1884, 1782, -1,
      1879, 1779, 1882, -1,
      1882, 1779, 1780, -1,
      1879, 1882, 1755, -1,
      1755, 1882, 1756, -1,
      1962, 1963, 1964, -1,
      1964, 1963, 1965, -1,
      1964, 1965, 1966, -1,
      1966, 1965, 1967, -1,
      1967, 1965, 1968, -1,
      1967, 1968, 1969, -1,
      1968, 1970, 1969, -1,
      1969, 1970, 1971, -1,
      1969, 1971, 1972, -1,
      1973, 1974, 1975, -1,
      1975, 1974, 1976, -1,
      1975, 1976, 1977, -1,
      1977, 1976, 1978, -1,
      1977, 1978, 1979, -1,
      1979, 1978, 1972, -1,
      1979, 1972, 1980, -1,
      1980, 1972, 1971, -1,
      1981, 1982, 1983, -1,
      1983, 1982, 1984, -1,
      1983, 1984, 1985, -1,
      1985, 1984, 1986, -1,
      1985, 1986, 1987, -1,
      1987, 1986, 1988, -1,
      1987, 1988, 1989, -1,
      1989, 1988, 1990, -1,
      1989, 1990, 1991, -1,
      1991, 1990, 1992, -1,
      1991, 1992, 1993, -1,
      1993, 1992, 1994, -1,
      1993, 1994, 1995, -1,
      1995, 1994, 1996, -1,
      1995, 1996, 1997, -1,
      1997, 1996, 1998, -1,
      1999, 2000, 2001, -1,
      2001, 2000, 2002, -1,
      2001, 2002, 2003, -1,
      2003, 2002, 2004, -1,
      2003, 2004, 2005, -1,
      2005, 2004, 2006, -1,
      2005, 2006, 2007, -1,
      2007, 2006, 2008, -1,
      2007, 2008, 2009, -1,
      2009, 2008, 2010, -1,
      2009, 2010, 2011, -1,
      2011, 2010, 2012, -1,
      2011, 2012, 2013, -1,
      2013, 2012, 2014, -1,
      2013, 2014, 2015, -1,
      2015, 2014, 2016, -1,
      2017, 2018, 2019, -1,
      2019, 2018, 2020, -1,
      2019, 2020, 2021, -1,
      2020, 2022, 2021, -1,
      2021, 2022, 2023, -1,
      2021, 2023, 2024, -1,
      2025, 2026, 2027, -1,
      2027, 2026, 2028, -1,
      2023, 2029, 2024, -1,
      2024, 2029, 2030, -1,
      2024, 2030, 2031, -1,
      2028, 2032, 2027, -1,
      2027, 2032, 2033, -1,
      2027, 2033, 2034, -1,
      2034, 2033, 2031, -1,
      2034, 2031, 2035, -1,
      2035, 2031, 2030, -1,
      2036, 2037, 2038, -1,
      2038, 2037, 2039, -1,
      2037, 2040, 2039, -1,
      2039, 2040, 2041, -1,
      2040, 2042, 2041, -1,
      2041, 2042, 2043, -1,
      2044, 2045, 2046, -1,
      2044, 2046, 2047, -1,
      2047, 2046, 2048, -1,
      2047, 2048, 2049, -1,
      2049, 2048, 2050, -1,
      2049, 2050, 2051, -1,
      2051, 2050, 2043, -1,
      2051, 2043, 2042, -1,
      2044, 2052, 2045, -1,
      2045, 2052, 2053, -1,
      2054, 2055, 2056, -1,
      2056, 2055, 2057, -1,
      2056, 2057, 2052, -1,
      2052, 2057, 2053, -1,
      2055, 2054, 2058, -1,
      2058, 2054, 1962, -1,
      2058, 1962, 2059, -1,
      2059, 1962, 1964, -1,
      2060, 1965, 2061, -1,
      2061, 1965, 1963, -1,
      2061, 1963, 2062, -1,
      2062, 1963, 2063, -1,
      2064, 2065, 2066, -1,
      2064, 2066, 2067, -1,
      2067, 2066, 2062, -1,
      2067, 2062, 2063, -1,
      2064, 2068, 2065, -1,
      2065, 2068, 2069, -1,
      2036, 2038, 2070, -1,
      2070, 2038, 2071, -1,
      2070, 2071, 2072, -1,
      2072, 2071, 2073, -1,
      2072, 2073, 2074, -1,
      2074, 2073, 2075, -1,
      2074, 2075, 2068, -1,
      2068, 2075, 2069, -1,
      1963, 1962, 2063, -1,
      2063, 1962, 2054, -1,
      2063, 2054, 2067, -1,
      2067, 2054, 2056, -1,
      2067, 2056, 2064, -1,
      2064, 2056, 2052, -1,
      2064, 2052, 2068, -1,
      2068, 2052, 2044, -1,
      2068, 2044, 2074, -1,
      2074, 2044, 2047, -1,
      2074, 2047, 2072, -1,
      2072, 2047, 2049, -1,
      2072, 2049, 2070, -1,
      2070, 2049, 2051, -1,
      2070, 2051, 2036, -1,
      2036, 2051, 2042, -1,
      2036, 2042, 2037, -1,
      2037, 2042, 2040, -1,
      2039, 2041, 2038, -1,
      2038, 2041, 2043, -1,
      2038, 2043, 2071, -1,
      2071, 2043, 2050, -1,
      2071, 2050, 2073, -1,
      2073, 2050, 2048, -1,
      2073, 2048, 2075, -1,
      2075, 2048, 2046, -1,
      2075, 2046, 2069, -1,
      2069, 2046, 2045, -1,
      2069, 2045, 2065, -1,
      2065, 2045, 2053, -1,
      2065, 2053, 2066, -1,
      2066, 2053, 2057, -1,
      2066, 2057, 2062, -1,
      2062, 2057, 2055, -1,
      2062, 2055, 2061, -1,
      2061, 2055, 2058, -1,
      2076, 2077, 2078, -1,
      2078, 2077, 2079, -1,
      2078, 2079, 2080, -1,
      1983, 2013, 1981, -1,
      1981, 2013, 2015, -1,
      2081, 2082, 2083, -1,
      2015, 2084, 1981, -1,
      1981, 2084, 2085, -1,
      1981, 2085, 2086, -1,
      2086, 2087, 1981, -1,
      1981, 2087, 2088, -1,
      1981, 2088, 2089, -1,
      2089, 2090, 1981, -1,
      1981, 2090, 2081, -1,
      1981, 2081, 2091, -1,
      2091, 2081, 2083, -1,
      1995, 2001, 1993, -1,
      1993, 2001, 2003, -1,
      1993, 2003, 1991, -1,
      1991, 2003, 2005, -1,
      1991, 2005, 1989, -1,
      1989, 2005, 2007, -1,
      1989, 2007, 1987, -1,
      1987, 2007, 2009, -1,
      1987, 2009, 1985, -1,
      1985, 2009, 2011, -1,
      1985, 2011, 1983, -1,
      1983, 2011, 2013, -1,
      1973, 1975, 2092, -1,
      2093, 2020, 2092, -1,
      2092, 2020, 2018, -1,
      2094, 2020, 2077, -1,
      2077, 2020, 2093, -1,
      2077, 2093, 2079, -1,
      2079, 2093, 2095, -1,
      2001, 1995, 1999, -1,
      1999, 1995, 1997, -1,
      2018, 2096, 2092, -1,
      2092, 2096, 1999, -1,
      2092, 1999, 1973, -1,
      1973, 1999, 1997, -1,
      1973, 1997, 2097, -1,
      2095, 2098, 2079, -1,
      2079, 2098, 2080, -1,
      2098, 2099, 2080, -1,
      2080, 2099, 2078, -1,
      1998, 1996, 2002, -1,
      2002, 2000, 1998, -1,
      1998, 2000, 1974, -1,
      1998, 1974, 2100, -1,
      2101, 2076, 2017, -1,
      2017, 2076, 2000, -1,
      2017, 2000, 2102, -1,
      2078, 2099, 2076, -1,
      2076, 2099, 2103, -1,
      2076, 2103, 2000, -1,
      2000, 2103, 2104, -1,
      2000, 2104, 1974, -1,
      1984, 2014, 2012, -1,
      1984, 2012, 1986, -1,
      1986, 2012, 2010, -1,
      1986, 2010, 1988, -1,
      1988, 2010, 2008, -1,
      1988, 2008, 1990, -1,
      1990, 2008, 2006, -1,
      1990, 2006, 1992, -1,
      1992, 2006, 2004, -1,
      1992, 2004, 1994, -1,
      1994, 2004, 2002, -1,
      1994, 2002, 1996, -1,
      2014, 1984, 2016, -1,
      2016, 1984, 1982, -1,
      2016, 1982, 2105, -1,
      2105, 2106, 2016, -1,
      2016, 2106, 2107, -1,
      2016, 2107, 2108, -1,
      2016, 2109, 2110, -1,
      2108, 2111, 2016, -1,
      2016, 2111, 2112, -1,
      2016, 2112, 2109, -1,
      2113, 2114, 2110, -1,
      2110, 2114, 2115, -1,
      2110, 2115, 2016, -1,
      2093, 2103, 2095, -1,
      2095, 2103, 2099, -1,
      2095, 2099, 2098, -1,
      2116, 2028, 2117, -1,
      2117, 2028, 2026, -1,
      2117, 2026, 2118, -1,
      2118, 2026, 2119, -1,
      2101, 2017, 2120, -1,
      2120, 2017, 2019, -1,
      2120, 2019, 2121, -1,
      2121, 2019, 2021, -1,
      2121, 2021, 2122, -1,
      2122, 2021, 2024, -1,
      2122, 2024, 2123, -1,
      2123, 2024, 2031, -1,
      2123, 2031, 2124, -1,
      2124, 2031, 2033, -1,
      2124, 2033, 2125, -1,
      2125, 2033, 2032, -1,
      2125, 2032, 2116, -1,
      2116, 2032, 2028, -1,
      2126, 2027, 2034, -1,
      2126, 2034, 2127, -1,
      2127, 2034, 2035, -1,
      2127, 2035, 2128, -1,
      2128, 2035, 2030, -1,
      2128, 2030, 2129, -1,
      2129, 2030, 2029, -1,
      2129, 2029, 2130, -1,
      2130, 2029, 2023, -1,
      2130, 2023, 2131, -1,
      2131, 2023, 2022, -1,
      2131, 2022, 2132, -1,
      2132, 2022, 2020, -1,
      2132, 2020, 2094, -1,
      2133, 2134, 2135, -1,
      2135, 2134, 2025, -1,
      2135, 2025, 2126, -1,
      2126, 2025, 2027, -1,
      2094, 2077, 2076, -1,
      2128, 2129, 2123, -1,
      2123, 2129, 2122, -1,
      2128, 2123, 2127, -1,
      2127, 2123, 2124, -1,
      2127, 2124, 2126, -1,
      2126, 2124, 2125, -1,
      2126, 2125, 2135, -1,
      2135, 2125, 2116, -1,
      2135, 2116, 2117, -1,
      2076, 2101, 2094, -1,
      2094, 2101, 2120, -1,
      2094, 2120, 2132, -1,
      2132, 2120, 2121, -1,
      2132, 2121, 2131, -1,
      2131, 2121, 2122, -1,
      2131, 2122, 2130, -1,
      2130, 2122, 2129, -1,
      2092, 1975, 1977, -1,
      2092, 1977, 2136, -1,
      2136, 1977, 1979, -1,
      2136, 1979, 2137, -1,
      2137, 1979, 1980, -1,
      2137, 1980, 2138, -1,
      2138, 1980, 1971, -1,
      2138, 1971, 2139, -1,
      2139, 1971, 1970, -1,
      2139, 1970, 2140, -1,
      2140, 1970, 1968, -1,
      2140, 1968, 2141, -1,
      2141, 1968, 1965, -1,
      2141, 1965, 2060, -1,
      2059, 1964, 2142, -1,
      2142, 1964, 1966, -1,
      2142, 1966, 2143, -1,
      2143, 1966, 1967, -1,
      2143, 1967, 2144, -1,
      2144, 1967, 1969, -1,
      2144, 1969, 2145, -1,
      2145, 1969, 1972, -1,
      2145, 1972, 2146, -1,
      2146, 1972, 1978, -1,
      2146, 1978, 2147, -1,
      2147, 1978, 1976, -1,
      2147, 1976, 2104, -1,
      2104, 1976, 1974, -1,
      2061, 2058, 2059, -1,
      2061, 2059, 2060, -1,
      2092, 2136, 2146, -1,
      2146, 2136, 2137, -1,
      2146, 2137, 2145, -1,
      2059, 2142, 2060, -1,
      2060, 2142, 2143, -1,
      2060, 2143, 2141, -1,
      2141, 2143, 2144, -1,
      2137, 2138, 2145, -1,
      2145, 2138, 2139, -1,
      2145, 2139, 2144, -1,
      2144, 2139, 2140, -1,
      2144, 2140, 2141, -1,
      2103, 2093, 2104, -1,
      2104, 2093, 2092, -1,
      2104, 2092, 2147, -1,
      2147, 2092, 2146, -1,
      2015, 2016, 2115, -1,
      2015, 2115, 2084, -1,
      2084, 2115, 2114, -1,
      2084, 2114, 2085, -1,
      2085, 2114, 2113, -1,
      2085, 2113, 2086, -1,
      2086, 2113, 2110, -1,
      2086, 2110, 2087, -1,
      2087, 2110, 2109, -1,
      2087, 2109, 2088, -1,
      2088, 2109, 2112, -1,
      2088, 2112, 2089, -1,
      1982, 1981, 2091, -1,
      1982, 2091, 2105, -1,
      2105, 2091, 2083, -1,
      2105, 2083, 2106, -1,
      2106, 2083, 2082, -1,
      2106, 2082, 2107, -1,
      2107, 2082, 2081, -1,
      2107, 2081, 2108, -1,
      2108, 2081, 2090, -1,
      2108, 2090, 2111, -1,
      2111, 2090, 2089, -1,
      2111, 2089, 2112, -1,
      2135, 2117, 2133, -1,
      2133, 2117, 2118, -1,
      2133, 2118, 2148, -1,
      2148, 2118, 2149, -1,
      2148, 2149, 2150, -1,
      2150, 2149, 2151, -1,
      2150, 2151, 2152, -1,
      2152, 2151, 2153, -1,
      2152, 2153, 2154, -1,
      2154, 2153, 2155, -1,
      2154, 2155, 2156, -1,
      2156, 2155, 2157, -1,
      2156, 2157, 2158, -1,
      2158, 2157, 2159, -1,
      2158, 2159, 2160, -1,
      2160, 2159, 2161, -1,
      2160, 2161, 2162, -1,
      2162, 2161, 2163, -1,
      2164, 2165, 2161, -1,
      2161, 2165, 2163, -1,
      2165, 2166, 2163, -1,
      2163, 2166, 2162, -1,
      2166, 2167, 2162, -1,
      2162, 2167, 2160, -1,
      2168, 2152, 2169, -1,
      2169, 2152, 2154, -1,
      2169, 2154, 2170, -1,
      2170, 2154, 2156, -1,
      2170, 2156, 2171, -1,
      2171, 2156, 2158, -1,
      2171, 2158, 2167, -1,
      2167, 2158, 2160, -1,
      2168, 2172, 2152, -1,
      2152, 2172, 2150, -1,
      2134, 2133, 2148, -1,
      2134, 2148, 2173, -1,
      2173, 2148, 2150, -1,
      2173, 2150, 2172, -1,
      2174, 2151, 2175, -1,
      2175, 2151, 2149, -1,
      2175, 2149, 2119, -1,
      2119, 2149, 2118, -1,
      2174, 2176, 2151, -1,
      2151, 2176, 2153, -1,
      2164, 2161, 2159, -1,
      2164, 2159, 2177, -1,
      2177, 2159, 2157, -1,
      2177, 2157, 2178, -1,
      2178, 2157, 2155, -1,
      2178, 2155, 2179, -1,
      2179, 2155, 2153, -1,
      2179, 2153, 2176, -1,
      2166, 2165, 2167, -1,
      2167, 2165, 2164, -1,
      2167, 2164, 2171, -1,
      2171, 2164, 2177, -1,
      2171, 2177, 2170, -1,
      2170, 2177, 2178, -1,
      2170, 2178, 2169, -1,
      2169, 2178, 2179, -1,
      2169, 2179, 2168, -1,
      2168, 2179, 2176, -1,
      2168, 2176, 2172, -1,
      2172, 2176, 2174, -1,
      2172, 2174, 2173, -1,
      2173, 2174, 2175, -1,
      2173, 2175, 2134, -1,
      2134, 2175, 2119, -1,
      2134, 2119, 2025, -1,
      2025, 2119, 2026, -1,
      2102, 2096, 2017, -1,
      2017, 2096, 2018, -1,
      2096, 2102, 1999, -1,
      1999, 2102, 2000, -1,
      2097, 1997, 2100, -1,
      2100, 1997, 1998, -1,
      2097, 2100, 1973, -1,
      1973, 2100, 1974, -1,
      2180, 2181, 2182, -1,
      2182, 2181, 2183, -1,
      2182, 2183, 2184, -1,
      2184, 2183, 2185, -1,
      2185, 2183, 2186, -1,
      2185, 2186, 2187, -1,
      2186, 2188, 2187, -1,
      2187, 2188, 2189, -1,
      2187, 2189, 2190, -1,
      2191, 2192, 2193, -1,
      2193, 2192, 2194, -1,
      2193, 2194, 2195, -1,
      2195, 2194, 2196, -1,
      2195, 2196, 2197, -1,
      2197, 2196, 2190, -1,
      2197, 2190, 2198, -1,
      2198, 2190, 2189, -1,
      2199, 2200, 2201, -1,
      2201, 2200, 2202, -1,
      2201, 2202, 2203, -1,
      2203, 2202, 2204, -1,
      2203, 2204, 2205, -1,
      2205, 2204, 2206, -1,
      2205, 2206, 2207, -1,
      2207, 2206, 2208, -1,
      2207, 2208, 2209, -1,
      2209, 2208, 2210, -1,
      2209, 2210, 2211, -1,
      2211, 2210, 2212, -1,
      2211, 2212, 2213, -1,
      2213, 2212, 2214, -1,
      2213, 2214, 2215, -1,
      2215, 2214, 2216, -1,
      2217, 2218, 2219, -1,
      2219, 2218, 2220, -1,
      2219, 2220, 2221, -1,
      2221, 2220, 2222, -1,
      2221, 2222, 2223, -1,
      2223, 2222, 2224, -1,
      2223, 2224, 2225, -1,
      2225, 2224, 2226, -1,
      2225, 2226, 2227, -1,
      2227, 2226, 2228, -1,
      2227, 2228, 2229, -1,
      2229, 2228, 2230, -1,
      2229, 2230, 2231, -1,
      2231, 2230, 2232, -1,
      2231, 2232, 2233, -1,
      2233, 2232, 2234, -1,
      2235, 2236, 2237, -1,
      2237, 2236, 2238, -1,
      2237, 2238, 2239, -1,
      2240, 2241, 2242, -1,
      2242, 2241, 2243, -1,
      2243, 2244, 2242, -1,
      2242, 2244, 2245, -1,
      2242, 2245, 2246, -1,
      2246, 2245, 2247, -1,
      2238, 2248, 2239, -1,
      2239, 2248, 2249, -1,
      2239, 2249, 2250, -1,
      2249, 2251, 2250, -1,
      2250, 2251, 2252, -1,
      2250, 2252, 2247, -1,
      2247, 2252, 2253, -1,
      2247, 2253, 2246, -1,
      2254, 2255, 2256, -1,
      2256, 2255, 2257, -1,
      2255, 2258, 2257, -1,
      2257, 2258, 2259, -1,
      2258, 2260, 2259, -1,
      2259, 2260, 2261, -1,
      2262, 2263, 2264, -1,
      2262, 2264, 2265, -1,
      2265, 2264, 2266, -1,
      2265, 2266, 2267, -1,
      2267, 2266, 2268, -1,
      2267, 2268, 2269, -1,
      2269, 2268, 2261, -1,
      2269, 2261, 2260, -1,
      2262, 2270, 2263, -1,
      2263, 2270, 2271, -1,
      2272, 2273, 2274, -1,
      2274, 2273, 2275, -1,
      2274, 2275, 2270, -1,
      2270, 2275, 2271, -1,
      2273, 2272, 2276, -1,
      2276, 2272, 2180, -1,
      2276, 2180, 2277, -1,
      2277, 2180, 2182, -1,
      2278, 2183, 2279, -1,
      2279, 2183, 2181, -1,
      2279, 2181, 2280, -1,
      2280, 2181, 2281, -1,
      2282, 2283, 2284, -1,
      2282, 2284, 2285, -1,
      2285, 2284, 2280, -1,
      2285, 2280, 2281, -1,
      2282, 2286, 2283, -1,
      2283, 2286, 2287, -1,
      2254, 2256, 2288, -1,
      2288, 2256, 2289, -1,
      2288, 2289, 2290, -1,
      2290, 2289, 2291, -1,
      2290, 2291, 2292, -1,
      2292, 2291, 2293, -1,
      2292, 2293, 2286, -1,
      2286, 2293, 2287, -1,
      2181, 2180, 2281, -1,
      2281, 2180, 2272, -1,
      2281, 2272, 2285, -1,
      2285, 2272, 2274, -1,
      2285, 2274, 2282, -1,
      2282, 2274, 2270, -1,
      2282, 2270, 2286, -1,
      2286, 2270, 2262, -1,
      2286, 2262, 2292, -1,
      2292, 2262, 2265, -1,
      2292, 2265, 2290, -1,
      2290, 2265, 2267, -1,
      2290, 2267, 2288, -1,
      2288, 2267, 2269, -1,
      2288, 2269, 2254, -1,
      2254, 2269, 2260, -1,
      2254, 2260, 2255, -1,
      2255, 2260, 2258, -1,
      2257, 2259, 2256, -1,
      2256, 2259, 2261, -1,
      2256, 2261, 2289, -1,
      2289, 2261, 2268, -1,
      2289, 2268, 2291, -1,
      2291, 2268, 2266, -1,
      2291, 2266, 2293, -1,
      2293, 2266, 2264, -1,
      2293, 2264, 2287, -1,
      2287, 2264, 2263, -1,
      2287, 2263, 2283, -1,
      2283, 2263, 2271, -1,
      2283, 2271, 2284, -1,
      2284, 2271, 2275, -1,
      2284, 2275, 2280, -1,
      2280, 2275, 2273, -1,
      2280, 2273, 2279, -1,
      2279, 2273, 2276, -1,
      2294, 2295, 2296, -1,
      2296, 2295, 2297, -1,
      2296, 2297, 2298, -1,
      2201, 2231, 2199, -1,
      2199, 2231, 2233, -1,
      2299, 2300, 2233, -1,
      2301, 2302, 2303, -1,
      2299, 2233, 2303, -1,
      2303, 2233, 2304, -1,
      2303, 2304, 2301, -1,
      2300, 2305, 2233, -1,
      2233, 2305, 2306, -1,
      2233, 2306, 2307, -1,
      2307, 2308, 2233, -1,
      2233, 2308, 2309, -1,
      2233, 2309, 2199, -1,
      2213, 2219, 2211, -1,
      2211, 2219, 2221, -1,
      2211, 2221, 2209, -1,
      2209, 2221, 2223, -1,
      2209, 2223, 2207, -1,
      2207, 2223, 2225, -1,
      2207, 2225, 2205, -1,
      2205, 2225, 2227, -1,
      2205, 2227, 2203, -1,
      2203, 2227, 2229, -1,
      2203, 2229, 2201, -1,
      2201, 2229, 2231, -1,
      2191, 2193, 2310, -1,
      2311, 2238, 2310, -1,
      2310, 2238, 2236, -1,
      2312, 2238, 2295, -1,
      2295, 2238, 2311, -1,
      2295, 2311, 2297, -1,
      2297, 2311, 2313, -1,
      2219, 2213, 2217, -1,
      2217, 2213, 2215, -1,
      2236, 2314, 2310, -1,
      2310, 2314, 2217, -1,
      2310, 2217, 2191, -1,
      2191, 2217, 2215, -1,
      2191, 2215, 2315, -1,
      2313, 2316, 2297, -1,
      2297, 2316, 2298, -1,
      2316, 2317, 2298, -1,
      2298, 2317, 2296, -1,
      2216, 2214, 2220, -1,
      2220, 2218, 2216, -1,
      2216, 2218, 2192, -1,
      2216, 2192, 2318, -1,
      2319, 2294, 2235, -1,
      2235, 2294, 2218, -1,
      2235, 2218, 2320, -1,
      2296, 2317, 2294, -1,
      2294, 2317, 2321, -1,
      2294, 2321, 2218, -1,
      2218, 2321, 2322, -1,
      2218, 2322, 2192, -1,
      2202, 2232, 2230, -1,
      2202, 2230, 2204, -1,
      2204, 2230, 2228, -1,
      2204, 2228, 2206, -1,
      2206, 2228, 2226, -1,
      2206, 2226, 2208, -1,
      2208, 2226, 2224, -1,
      2208, 2224, 2210, -1,
      2210, 2224, 2222, -1,
      2210, 2222, 2212, -1,
      2212, 2222, 2220, -1,
      2212, 2220, 2214, -1,
      2234, 2232, 2202, -1,
      2323, 2324, 2234, -1,
      2202, 2200, 2234, -1,
      2234, 2200, 2325, -1,
      2234, 2325, 2326, -1,
      2324, 2327, 2234, -1,
      2234, 2327, 2328, -1,
      2234, 2328, 2329, -1,
      2329, 2328, 2330, -1,
      2329, 2330, 2331, -1,
      2326, 2332, 2234, -1,
      2234, 2332, 2333, -1,
      2234, 2333, 2323, -1,
      2311, 2321, 2313, -1,
      2313, 2321, 2317, -1,
      2313, 2317, 2316, -1,
      2334, 2243, 2335, -1,
      2335, 2243, 2241, -1,
      2335, 2241, 2336, -1,
      2336, 2241, 2337, -1,
      2319, 2235, 2338, -1,
      2338, 2235, 2237, -1,
      2338, 2237, 2339, -1,
      2339, 2237, 2239, -1,
      2339, 2239, 2340, -1,
      2340, 2239, 2250, -1,
      2340, 2250, 2341, -1,
      2341, 2250, 2247, -1,
      2341, 2247, 2342, -1,
      2342, 2247, 2245, -1,
      2342, 2245, 2343, -1,
      2343, 2245, 2244, -1,
      2343, 2244, 2334, -1,
      2334, 2244, 2243, -1,
      2344, 2242, 2246, -1,
      2344, 2246, 2345, -1,
      2345, 2246, 2253, -1,
      2345, 2253, 2346, -1,
      2346, 2253, 2252, -1,
      2346, 2252, 2347, -1,
      2347, 2252, 2251, -1,
      2347, 2251, 2348, -1,
      2348, 2251, 2249, -1,
      2348, 2249, 2349, -1,
      2349, 2249, 2248, -1,
      2349, 2248, 2350, -1,
      2350, 2248, 2238, -1,
      2350, 2238, 2312, -1,
      2351, 2352, 2353, -1,
      2353, 2352, 2240, -1,
      2353, 2240, 2344, -1,
      2344, 2240, 2242, -1,
      2334, 2335, 2353, -1,
      2312, 2295, 2294, -1,
      2334, 2353, 2343, -1,
      2343, 2353, 2344, -1,
      2343, 2344, 2342, -1,
      2342, 2344, 2345, -1,
      2342, 2345, 2341, -1,
      2345, 2346, 2341, -1,
      2341, 2346, 2347, -1,
      2341, 2347, 2340, -1,
      2294, 2319, 2312, -1,
      2312, 2319, 2338, -1,
      2312, 2338, 2350, -1,
      2350, 2338, 2339, -1,
      2350, 2339, 2349, -1,
      2349, 2339, 2340, -1,
      2349, 2340, 2348, -1,
      2348, 2340, 2347, -1,
      2310, 2193, 2195, -1,
      2310, 2195, 2354, -1,
      2354, 2195, 2197, -1,
      2354, 2197, 2355, -1,
      2355, 2197, 2198, -1,
      2355, 2198, 2356, -1,
      2356, 2198, 2189, -1,
      2356, 2189, 2357, -1,
      2357, 2189, 2188, -1,
      2357, 2188, 2358, -1,
      2358, 2188, 2186, -1,
      2358, 2186, 2359, -1,
      2359, 2186, 2183, -1,
      2359, 2183, 2278, -1,
      2277, 2182, 2360, -1,
      2360, 2182, 2184, -1,
      2360, 2184, 2361, -1,
      2361, 2184, 2185, -1,
      2361, 2185, 2362, -1,
      2362, 2185, 2187, -1,
      2362, 2187, 2363, -1,
      2363, 2187, 2190, -1,
      2363, 2190, 2364, -1,
      2364, 2190, 2196, -1,
      2364, 2196, 2365, -1,
      2365, 2196, 2194, -1,
      2365, 2194, 2322, -1,
      2322, 2194, 2192, -1,
      2279, 2276, 2277, -1,
      2321, 2311, 2322, -1,
      2322, 2311, 2310, -1,
      2322, 2310, 2365, -1,
      2365, 2310, 2364, -1,
      2279, 2277, 2278, -1,
      2277, 2360, 2278, -1,
      2278, 2360, 2361, -1,
      2278, 2361, 2359, -1,
      2359, 2361, 2362, -1,
      2310, 2354, 2364, -1,
      2364, 2354, 2355, -1,
      2364, 2355, 2363, -1,
      2355, 2356, 2363, -1,
      2363, 2356, 2357, -1,
      2363, 2357, 2362, -1,
      2362, 2357, 2358, -1,
      2362, 2358, 2359, -1,
      2233, 2234, 2329, -1,
      2233, 2329, 2304, -1,
      2304, 2329, 2331, -1,
      2304, 2331, 2301, -1,
      2301, 2331, 2330, -1,
      2301, 2330, 2302, -1,
      2302, 2330, 2328, -1,
      2302, 2328, 2303, -1,
      2303, 2328, 2327, -1,
      2303, 2327, 2299, -1,
      2299, 2327, 2324, -1,
      2299, 2324, 2300, -1,
      2200, 2199, 2309, -1,
      2200, 2309, 2325, -1,
      2325, 2309, 2308, -1,
      2325, 2308, 2326, -1,
      2326, 2308, 2307, -1,
      2326, 2307, 2332, -1,
      2332, 2307, 2306, -1,
      2332, 2306, 2333, -1,
      2333, 2306, 2305, -1,
      2333, 2305, 2323, -1,
      2323, 2305, 2300, -1,
      2323, 2300, 2324, -1,
      2353, 2335, 2351, -1,
      2351, 2335, 2336, -1,
      2351, 2336, 2366, -1,
      2366, 2336, 2367, -1,
      2366, 2367, 2368, -1,
      2368, 2367, 2369, -1,
      2368, 2369, 2370, -1,
      2370, 2369, 2371, -1,
      2370, 2371, 2372, -1,
      2372, 2371, 2373, -1,
      2372, 2373, 2374, -1,
      2374, 2373, 2375, -1,
      2374, 2375, 2376, -1,
      2376, 2375, 2377, -1,
      2376, 2377, 2378, -1,
      2378, 2377, 2379, -1,
      2378, 2379, 2380, -1,
      2380, 2379, 2381, -1,
      2382, 2383, 2379, -1,
      2379, 2383, 2381, -1,
      2383, 2384, 2381, -1,
      2381, 2384, 2380, -1,
      2384, 2385, 2380, -1,
      2380, 2385, 2378, -1,
      2386, 2370, 2387, -1,
      2387, 2370, 2372, -1,
      2387, 2372, 2388, -1,
      2388, 2372, 2374, -1,
      2388, 2374, 2389, -1,
      2389, 2374, 2376, -1,
      2389, 2376, 2385, -1,
      2385, 2376, 2378, -1,
      2386, 2390, 2370, -1,
      2370, 2390, 2368, -1,
      2352, 2351, 2366, -1,
      2352, 2366, 2391, -1,
      2391, 2366, 2368, -1,
      2391, 2368, 2390, -1,
      2392, 2369, 2393, -1,
      2393, 2369, 2367, -1,
      2393, 2367, 2337, -1,
      2337, 2367, 2336, -1,
      2392, 2394, 2369, -1,
      2369, 2394, 2371, -1,
      2382, 2379, 2377, -1,
      2382, 2377, 2395, -1,
      2395, 2377, 2375, -1,
      2395, 2375, 2396, -1,
      2396, 2375, 2373, -1,
      2396, 2373, 2397, -1,
      2397, 2373, 2371, -1,
      2397, 2371, 2394, -1,
      2384, 2383, 2385, -1,
      2385, 2383, 2382, -1,
      2385, 2382, 2389, -1,
      2389, 2382, 2395, -1,
      2389, 2395, 2388, -1,
      2388, 2395, 2396, -1,
      2388, 2396, 2387, -1,
      2387, 2396, 2397, -1,
      2387, 2397, 2386, -1,
      2386, 2397, 2394, -1,
      2386, 2394, 2390, -1,
      2390, 2394, 2392, -1,
      2390, 2392, 2391, -1,
      2391, 2392, 2393, -1,
      2391, 2393, 2352, -1,
      2352, 2393, 2337, -1,
      2352, 2337, 2240, -1,
      2240, 2337, 2241, -1,
      2320, 2314, 2235, -1,
      2235, 2314, 2236, -1,
      2314, 2320, 2217, -1,
      2217, 2320, 2218, -1,
      2315, 2215, 2318, -1,
      2318, 2215, 2216, -1,
      2315, 2318, 2191, -1,
      2191, 2318, 2192, -1,
      2398, 2399, 2400, -1,
      2400, 2399, 2401, -1,
      2400, 2401, 2402, -1,
      2402, 2401, 2403, -1,
      2403, 2401, 2404, -1,
      2403, 2404, 2405, -1,
      2404, 2406, 2405, -1,
      2405, 2406, 2407, -1,
      2405, 2407, 2408, -1,
      2409, 2410, 2411, -1,
      2411, 2410, 2412, -1,
      2411, 2412, 2413, -1,
      2413, 2412, 2414, -1,
      2413, 2414, 2415, -1,
      2415, 2414, 2408, -1,
      2415, 2408, 2416, -1,
      2416, 2408, 2407, -1,
      2417, 2418, 2419, -1,
      2419, 2418, 2420, -1,
      2419, 2420, 2421, -1,
      2421, 2420, 2422, -1,
      2421, 2422, 2423, -1,
      2423, 2422, 2424, -1,
      2423, 2424, 2425, -1,
      2425, 2424, 2426, -1,
      2425, 2426, 2427, -1,
      2427, 2426, 2428, -1,
      2427, 2428, 2429, -1,
      2429, 2428, 2430, -1,
      2429, 2430, 2431, -1,
      2431, 2430, 2432, -1,
      2431, 2432, 2433, -1,
      2433, 2432, 2434, -1,
      2435, 2436, 2437, -1,
      2437, 2436, 2438, -1,
      2437, 2438, 2439, -1,
      2439, 2438, 2440, -1,
      2439, 2440, 2441, -1,
      2441, 2440, 2442, -1,
      2441, 2442, 2443, -1,
      2443, 2442, 2444, -1,
      2443, 2444, 2445, -1,
      2445, 2444, 2446, -1,
      2445, 2446, 2447, -1,
      2447, 2446, 2448, -1,
      2447, 2448, 2449, -1,
      2449, 2448, 2450, -1,
      2449, 2450, 2451, -1,
      2451, 2450, 2452, -1,
      2453, 2454, 2455, -1,
      2455, 2454, 2456, -1,
      2457, 2458, 2459, -1,
      2460, 2461, 2462, -1,
      2462, 2461, 2463, -1,
      2462, 2463, 2459, -1,
      2459, 2463, 2464, -1,
      2459, 2464, 2457, -1,
      2456, 2465, 2455, -1,
      2455, 2465, 2466, -1,
      2455, 2466, 2467, -1,
      2467, 2466, 2468, -1,
      2457, 2469, 2458, -1,
      2458, 2469, 2470, -1,
      2458, 2470, 2468, -1,
      2468, 2470, 2471, -1,
      2468, 2471, 2467, -1,
      2472, 2473, 2474, -1,
      2474, 2473, 2475, -1,
      2473, 2476, 2475, -1,
      2475, 2476, 2477, -1,
      2476, 2478, 2477, -1,
      2477, 2478, 2479, -1,
      2480, 2481, 2482, -1,
      2480, 2482, 2483, -1,
      2483, 2482, 2484, -1,
      2483, 2484, 2485, -1,
      2485, 2484, 2486, -1,
      2485, 2486, 2487, -1,
      2487, 2486, 2479, -1,
      2487, 2479, 2478, -1,
      2480, 2488, 2481, -1,
      2481, 2488, 2489, -1,
      2490, 2491, 2492, -1,
      2492, 2491, 2493, -1,
      2492, 2493, 2488, -1,
      2488, 2493, 2489, -1,
      2491, 2490, 2494, -1,
      2494, 2490, 2398, -1,
      2494, 2398, 2495, -1,
      2495, 2398, 2400, -1,
      2496, 2401, 2497, -1,
      2497, 2401, 2399, -1,
      2497, 2399, 2498, -1,
      2498, 2399, 2499, -1,
      2500, 2501, 2502, -1,
      2500, 2502, 2503, -1,
      2503, 2502, 2498, -1,
      2503, 2498, 2499, -1,
      2500, 2504, 2501, -1,
      2501, 2504, 2505, -1,
      2472, 2474, 2506, -1,
      2506, 2474, 2507, -1,
      2506, 2507, 2508, -1,
      2508, 2507, 2509, -1,
      2508, 2509, 2510, -1,
      2510, 2509, 2511, -1,
      2510, 2511, 2504, -1,
      2504, 2511, 2505, -1,
      2399, 2398, 2499, -1,
      2499, 2398, 2490, -1,
      2499, 2490, 2503, -1,
      2503, 2490, 2492, -1,
      2503, 2492, 2500, -1,
      2500, 2492, 2488, -1,
      2500, 2488, 2504, -1,
      2504, 2488, 2480, -1,
      2504, 2480, 2510, -1,
      2510, 2480, 2483, -1,
      2510, 2483, 2508, -1,
      2508, 2483, 2485, -1,
      2508, 2485, 2506, -1,
      2506, 2485, 2487, -1,
      2506, 2487, 2472, -1,
      2472, 2487, 2478, -1,
      2472, 2478, 2473, -1,
      2473, 2478, 2476, -1,
      2475, 2477, 2474, -1,
      2474, 2477, 2479, -1,
      2474, 2479, 2507, -1,
      2507, 2479, 2486, -1,
      2507, 2486, 2509, -1,
      2509, 2486, 2484, -1,
      2509, 2484, 2511, -1,
      2511, 2484, 2482, -1,
      2511, 2482, 2505, -1,
      2505, 2482, 2481, -1,
      2505, 2481, 2501, -1,
      2501, 2481, 2489, -1,
      2501, 2489, 2502, -1,
      2502, 2489, 2493, -1,
      2502, 2493, 2498, -1,
      2498, 2493, 2491, -1,
      2498, 2491, 2497, -1,
      2497, 2491, 2494, -1,
      2512, 2513, 2514, -1,
      2514, 2513, 2515, -1,
      2514, 2515, 2516, -1,
      2419, 2449, 2417, -1,
      2417, 2449, 2451, -1,
      2517, 2518, 2519, -1,
      2451, 2520, 2417, -1,
      2417, 2520, 2521, -1,
      2417, 2521, 2522, -1,
      2522, 2523, 2417, -1,
      2417, 2523, 2524, -1,
      2417, 2524, 2525, -1,
      2525, 2526, 2417, -1,
      2417, 2526, 2517, -1,
      2417, 2517, 2527, -1,
      2527, 2517, 2519, -1,
      2431, 2437, 2429, -1,
      2429, 2437, 2439, -1,
      2429, 2439, 2427, -1,
      2427, 2439, 2441, -1,
      2427, 2441, 2425, -1,
      2425, 2441, 2443, -1,
      2425, 2443, 2423, -1,
      2423, 2443, 2445, -1,
      2423, 2445, 2421, -1,
      2421, 2445, 2447, -1,
      2421, 2447, 2419, -1,
      2419, 2447, 2449, -1,
      2409, 2411, 2528, -1,
      2529, 2463, 2528, -1,
      2528, 2463, 2461, -1,
      2530, 2463, 2513, -1,
      2513, 2463, 2529, -1,
      2513, 2529, 2515, -1,
      2515, 2529, 2531, -1,
      2437, 2431, 2435, -1,
      2435, 2431, 2433, -1,
      2461, 2532, 2528, -1,
      2528, 2532, 2435, -1,
      2528, 2435, 2409, -1,
      2409, 2435, 2433, -1,
      2409, 2433, 2533, -1,
      2531, 2534, 2515, -1,
      2515, 2534, 2516, -1,
      2534, 2535, 2516, -1,
      2516, 2535, 2514, -1,
      2434, 2432, 2438, -1,
      2438, 2436, 2434, -1,
      2434, 2436, 2410, -1,
      2434, 2410, 2536, -1,
      2537, 2512, 2460, -1,
      2460, 2512, 2436, -1,
      2460, 2436, 2538, -1,
      2514, 2535, 2512, -1,
      2512, 2535, 2539, -1,
      2512, 2539, 2436, -1,
      2436, 2539, 2540, -1,
      2436, 2540, 2410, -1,
      2420, 2450, 2448, -1,
      2420, 2448, 2422, -1,
      2422, 2448, 2446, -1,
      2422, 2446, 2424, -1,
      2424, 2446, 2444, -1,
      2424, 2444, 2426, -1,
      2426, 2444, 2442, -1,
      2426, 2442, 2428, -1,
      2428, 2442, 2440, -1,
      2428, 2440, 2430, -1,
      2430, 2440, 2438, -1,
      2430, 2438, 2432, -1,
      2450, 2420, 2452, -1,
      2452, 2420, 2418, -1,
      2452, 2418, 2541, -1,
      2541, 2542, 2452, -1,
      2452, 2542, 2543, -1,
      2452, 2543, 2544, -1,
      2452, 2545, 2546, -1,
      2544, 2547, 2452, -1,
      2452, 2547, 2548, -1,
      2452, 2548, 2545, -1,
      2549, 2550, 2546, -1,
      2546, 2550, 2551, -1,
      2546, 2551, 2452, -1,
      2529, 2539, 2531, -1,
      2531, 2539, 2535, -1,
      2531, 2535, 2534, -1,
      2552, 2456, 2553, -1,
      2553, 2456, 2454, -1,
      2553, 2454, 2554, -1,
      2554, 2454, 2555, -1,
      2537, 2460, 2556, -1,
      2556, 2460, 2462, -1,
      2556, 2462, 2557, -1,
      2557, 2462, 2459, -1,
      2557, 2459, 2558, -1,
      2558, 2459, 2458, -1,
      2558, 2458, 2559, -1,
      2559, 2458, 2468, -1,
      2559, 2468, 2560, -1,
      2560, 2468, 2466, -1,
      2560, 2466, 2561, -1,
      2561, 2466, 2465, -1,
      2561, 2465, 2552, -1,
      2552, 2465, 2456, -1,
      2562, 2455, 2467, -1,
      2562, 2467, 2563, -1,
      2563, 2467, 2471, -1,
      2563, 2471, 2564, -1,
      2564, 2471, 2470, -1,
      2564, 2470, 2565, -1,
      2565, 2470, 2469, -1,
      2565, 2469, 2566, -1,
      2566, 2469, 2457, -1,
      2566, 2457, 2567, -1,
      2567, 2457, 2464, -1,
      2567, 2464, 2568, -1,
      2568, 2464, 2463, -1,
      2568, 2463, 2530, -1,
      2569, 2570, 2571, -1,
      2571, 2570, 2453, -1,
      2571, 2453, 2562, -1,
      2562, 2453, 2455, -1,
      2530, 2513, 2512, -1,
      2564, 2565, 2559, -1,
      2559, 2565, 2558, -1,
      2564, 2559, 2563, -1,
      2563, 2559, 2560, -1,
      2563, 2560, 2562, -1,
      2562, 2560, 2561, -1,
      2562, 2561, 2571, -1,
      2571, 2561, 2552, -1,
      2571, 2552, 2553, -1,
      2512, 2537, 2530, -1,
      2530, 2537, 2556, -1,
      2530, 2556, 2568, -1,
      2568, 2556, 2557, -1,
      2568, 2557, 2567, -1,
      2567, 2557, 2558, -1,
      2567, 2558, 2566, -1,
      2566, 2558, 2565, -1,
      2528, 2411, 2413, -1,
      2528, 2413, 2572, -1,
      2572, 2413, 2415, -1,
      2572, 2415, 2573, -1,
      2573, 2415, 2416, -1,
      2573, 2416, 2574, -1,
      2574, 2416, 2407, -1,
      2574, 2407, 2575, -1,
      2575, 2407, 2406, -1,
      2575, 2406, 2576, -1,
      2576, 2406, 2404, -1,
      2576, 2404, 2577, -1,
      2577, 2404, 2401, -1,
      2577, 2401, 2496, -1,
      2495, 2400, 2578, -1,
      2578, 2400, 2402, -1,
      2578, 2402, 2579, -1,
      2579, 2402, 2403, -1,
      2579, 2403, 2580, -1,
      2580, 2403, 2405, -1,
      2580, 2405, 2581, -1,
      2581, 2405, 2408, -1,
      2581, 2408, 2582, -1,
      2582, 2408, 2414, -1,
      2582, 2414, 2583, -1,
      2583, 2414, 2412, -1,
      2583, 2412, 2540, -1,
      2540, 2412, 2410, -1,
      2497, 2494, 2495, -1,
      2539, 2529, 2540, -1,
      2540, 2529, 2528, -1,
      2540, 2528, 2583, -1,
      2583, 2528, 2582, -1,
      2497, 2495, 2496, -1,
      2495, 2578, 2496, -1,
      2496, 2578, 2579, -1,
      2496, 2579, 2577, -1,
      2577, 2579, 2580, -1,
      2528, 2572, 2582, -1,
      2582, 2572, 2573, -1,
      2582, 2573, 2581, -1,
      2573, 2574, 2581, -1,
      2581, 2574, 2575, -1,
      2581, 2575, 2580, -1,
      2580, 2575, 2576, -1,
      2580, 2576, 2577, -1,
      2451, 2452, 2551, -1,
      2451, 2551, 2520, -1,
      2520, 2551, 2550, -1,
      2520, 2550, 2521, -1,
      2521, 2550, 2549, -1,
      2521, 2549, 2522, -1,
      2522, 2549, 2546, -1,
      2522, 2546, 2523, -1,
      2523, 2546, 2545, -1,
      2523, 2545, 2524, -1,
      2524, 2545, 2548, -1,
      2524, 2548, 2525, -1,
      2418, 2417, 2527, -1,
      2418, 2527, 2541, -1,
      2541, 2527, 2519, -1,
      2541, 2519, 2542, -1,
      2542, 2519, 2518, -1,
      2542, 2518, 2543, -1,
      2543, 2518, 2517, -1,
      2543, 2517, 2544, -1,
      2544, 2517, 2526, -1,
      2544, 2526, 2547, -1,
      2547, 2526, 2525, -1,
      2547, 2525, 2548, -1,
      2571, 2553, 2569, -1,
      2569, 2553, 2554, -1,
      2569, 2554, 2584, -1,
      2584, 2554, 2585, -1,
      2584, 2585, 2586, -1,
      2586, 2585, 2587, -1,
      2586, 2587, 2588, -1,
      2588, 2587, 2589, -1,
      2588, 2589, 2590, -1,
      2590, 2589, 2591, -1,
      2590, 2591, 2592, -1,
      2592, 2591, 2593, -1,
      2592, 2593, 2594, -1,
      2594, 2593, 2595, -1,
      2594, 2595, 2596, -1,
      2596, 2595, 2597, -1,
      2596, 2597, 2598, -1,
      2598, 2597, 2599, -1,
      2600, 2601, 2597, -1,
      2597, 2601, 2599, -1,
      2601, 2602, 2599, -1,
      2599, 2602, 2598, -1,
      2602, 2603, 2598, -1,
      2598, 2603, 2596, -1,
      2604, 2588, 2605, -1,
      2605, 2588, 2590, -1,
      2605, 2590, 2606, -1,
      2606, 2590, 2592, -1,
      2606, 2592, 2607, -1,
      2607, 2592, 2594, -1,
      2607, 2594, 2603, -1,
      2603, 2594, 2596, -1,
      2604, 2608, 2588, -1,
      2588, 2608, 2586, -1,
      2570, 2569, 2584, -1,
      2570, 2584, 2609, -1,
      2609, 2584, 2586, -1,
      2609, 2586, 2608, -1,
      2610, 2587, 2611, -1,
      2611, 2587, 2585, -1,
      2611, 2585, 2555, -1,
      2555, 2585, 2554, -1,
      2610, 2612, 2587, -1,
      2587, 2612, 2589, -1,
      2600, 2597, 2595, -1,
      2600, 2595, 2613, -1,
      2613, 2595, 2593, -1,
      2613, 2593, 2614, -1,
      2614, 2593, 2591, -1,
      2614, 2591, 2615, -1,
      2615, 2591, 2589, -1,
      2615, 2589, 2612, -1,
      2602, 2601, 2603, -1,
      2603, 2601, 2600, -1,
      2603, 2600, 2607, -1,
      2607, 2600, 2613, -1,
      2607, 2613, 2606, -1,
      2606, 2613, 2614, -1,
      2606, 2614, 2605, -1,
      2605, 2614, 2615, -1,
      2605, 2615, 2604, -1,
      2604, 2615, 2612, -1,
      2604, 2612, 2608, -1,
      2608, 2612, 2610, -1,
      2608, 2610, 2609, -1,
      2609, 2610, 2611, -1,
      2609, 2611, 2570, -1,
      2570, 2611, 2555, -1,
      2570, 2555, 2453, -1,
      2453, 2555, 2454, -1,
      2538, 2532, 2460, -1,
      2460, 2532, 2461, -1,
      2532, 2538, 2435, -1,
      2435, 2538, 2436, -1,
      2533, 2433, 2536, -1,
      2536, 2433, 2434, -1,
      2533, 2536, 2409, -1,
      2409, 2536, 2410, -1,
      2616, 2617, 2618, -1,
      2618, 2617, 2619, -1,
      2618, 2619, 2620, -1,
      2620, 2619, 2621, -1,
      2621, 2619, 2622, -1,
      2621, 2622, 2623, -1,
      2622, 2624, 2623, -1,
      2623, 2624, 2625, -1,
      2623, 2625, 2626, -1,
      2627, 2628, 2629, -1,
      2629, 2628, 2630, -1,
      2629, 2630, 2631, -1,
      2631, 2630, 2632, -1,
      2631, 2632, 2633, -1,
      2633, 2632, 2626, -1,
      2633, 2626, 2634, -1,
      2634, 2626, 2625, -1,
      2635, 2636, 2637, -1,
      2637, 2636, 2638, -1,
      2637, 2638, 2639, -1,
      2639, 2638, 2640, -1,
      2639, 2640, 2641, -1,
      2641, 2640, 2642, -1,
      2641, 2642, 2643, -1,
      2643, 2642, 2644, -1,
      2643, 2644, 2645, -1,
      2645, 2644, 2646, -1,
      2645, 2646, 2647, -1,
      2647, 2646, 2648, -1,
      2647, 2648, 2649, -1,
      2649, 2648, 2650, -1,
      2649, 2650, 2651, -1,
      2651, 2650, 2652, -1,
      2653, 2654, 2655, -1,
      2655, 2654, 2656, -1,
      2655, 2656, 2657, -1,
      2657, 2656, 2658, -1,
      2657, 2658, 2659, -1,
      2659, 2658, 2660, -1,
      2659, 2660, 2661, -1,
      2661, 2660, 2662, -1,
      2661, 2662, 2663, -1,
      2663, 2662, 2664, -1,
      2663, 2664, 2665, -1,
      2665, 2664, 2666, -1,
      2665, 2666, 2667, -1,
      2667, 2666, 2668, -1,
      2667, 2668, 2669, -1,
      2669, 2668, 2670, -1,
      2671, 2672, 2673, -1,
      2673, 2672, 2674, -1,
      2674, 2675, 2673, -1,
      2673, 2675, 2676, -1,
      2673, 2676, 2677, -1,
      2677, 2676, 2678, -1,
      2679, 2680, 2678, -1,
      2678, 2680, 2681, -1,
      2678, 2681, 2677, -1,
      2682, 2683, 2679, -1,
      2679, 2683, 2684, -1,
      2679, 2684, 2680, -1,
      2685, 2686, 2687, -1,
      2687, 2686, 2688, -1,
      2687, 2688, 2682, -1,
      2682, 2688, 2689, -1,
      2682, 2689, 2683, -1,
      2690, 2691, 2692, -1,
      2692, 2691, 2693, -1,
      2691, 2694, 2693, -1,
      2693, 2694, 2695, -1,
      2694, 2696, 2695, -1,
      2695, 2696, 2697, -1,
      2698, 2699, 2700, -1,
      2698, 2700, 2701, -1,
      2701, 2700, 2702, -1,
      2701, 2702, 2703, -1,
      2703, 2702, 2704, -1,
      2703, 2704, 2705, -1,
      2705, 2704, 2697, -1,
      2705, 2697, 2696, -1,
      2698, 2706, 2699, -1,
      2699, 2706, 2707, -1,
      2708, 2709, 2710, -1,
      2710, 2709, 2711, -1,
      2710, 2711, 2706, -1,
      2706, 2711, 2707, -1,
      2709, 2708, 2712, -1,
      2712, 2708, 2616, -1,
      2712, 2616, 2713, -1,
      2713, 2616, 2618, -1,
      2714, 2619, 2715, -1,
      2715, 2619, 2617, -1,
      2715, 2617, 2716, -1,
      2716, 2617, 2717, -1,
      2718, 2719, 2720, -1,
      2718, 2720, 2721, -1,
      2721, 2720, 2716, -1,
      2721, 2716, 2717, -1,
      2718, 2722, 2719, -1,
      2719, 2722, 2723, -1,
      2690, 2692, 2724, -1,
      2724, 2692, 2725, -1,
      2724, 2725, 2726, -1,
      2726, 2725, 2727, -1,
      2726, 2727, 2728, -1,
      2728, 2727, 2729, -1,
      2728, 2729, 2722, -1,
      2722, 2729, 2723, -1,
      2617, 2616, 2717, -1,
      2717, 2616, 2708, -1,
      2717, 2708, 2721, -1,
      2721, 2708, 2710, -1,
      2721, 2710, 2718, -1,
      2718, 2710, 2706, -1,
      2718, 2706, 2722, -1,
      2722, 2706, 2698, -1,
      2722, 2698, 2728, -1,
      2728, 2698, 2701, -1,
      2728, 2701, 2726, -1,
      2726, 2701, 2703, -1,
      2726, 2703, 2724, -1,
      2724, 2703, 2705, -1,
      2724, 2705, 2690, -1,
      2690, 2705, 2696, -1,
      2690, 2696, 2691, -1,
      2691, 2696, 2694, -1,
      2693, 2695, 2692, -1,
      2692, 2695, 2697, -1,
      2692, 2697, 2725, -1,
      2725, 2697, 2704, -1,
      2725, 2704, 2727, -1,
      2727, 2704, 2702, -1,
      2727, 2702, 2729, -1,
      2729, 2702, 2700, -1,
      2729, 2700, 2723, -1,
      2723, 2700, 2699, -1,
      2723, 2699, 2719, -1,
      2719, 2699, 2707, -1,
      2719, 2707, 2720, -1,
      2720, 2707, 2711, -1,
      2720, 2711, 2716, -1,
      2716, 2711, 2709, -1,
      2716, 2709, 2715, -1,
      2715, 2709, 2712, -1,
      2730, 2731, 2732, -1,
      2732, 2731, 2733, -1,
      2732, 2733, 2734, -1,
      2635, 2637, 2667, -1,
      2667, 2669, 2635, -1,
      2635, 2669, 2735, -1,
      2635, 2735, 2736, -1,
      2736, 2737, 2635, -1,
      2635, 2737, 2738, -1,
      2635, 2738, 2739, -1,
      2740, 2741, 2738, -1,
      2738, 2741, 2742, -1,
      2738, 2742, 2743, -1,
      2743, 2744, 2738, -1,
      2738, 2744, 2745, -1,
      2738, 2745, 2739, -1,
      2649, 2655, 2647, -1,
      2647, 2655, 2657, -1,
      2647, 2657, 2645, -1,
      2645, 2657, 2659, -1,
      2645, 2659, 2643, -1,
      2643, 2659, 2661, -1,
      2643, 2661, 2641, -1,
      2641, 2661, 2663, -1,
      2641, 2663, 2639, -1,
      2639, 2663, 2665, -1,
      2639, 2665, 2637, -1,
      2637, 2665, 2667, -1,
      2627, 2629, 2746, -1,
      2747, 2688, 2746, -1,
      2746, 2688, 2686, -1,
      2748, 2688, 2731, -1,
      2731, 2688, 2747, -1,
      2731, 2747, 2733, -1,
      2733, 2747, 2749, -1,
      2655, 2649, 2653, -1,
      2653, 2649, 2651, -1,
      2686, 2750, 2746, -1,
      2746, 2750, 2653, -1,
      2746, 2653, 2627, -1,
      2627, 2653, 2651, -1,
      2627, 2651, 2751, -1,
      2749, 2752, 2733, -1,
      2733, 2752, 2734, -1,
      2752, 2753, 2734, -1,
      2734, 2753, 2732, -1,
      2652, 2650, 2656, -1,
      2656, 2654, 2652, -1,
      2652, 2654, 2628, -1,
      2652, 2628, 2754, -1,
      2755, 2730, 2685, -1,
      2685, 2730, 2654, -1,
      2685, 2654, 2756, -1,
      2732, 2753, 2730, -1,
      2730, 2753, 2757, -1,
      2730, 2757, 2654, -1,
      2654, 2757, 2758, -1,
      2654, 2758, 2628, -1,
      2638, 2668, 2666, -1,
      2638, 2666, 2640, -1,
      2640, 2666, 2664, -1,
      2640, 2664, 2642, -1,
      2642, 2664, 2662, -1,
      2642, 2662, 2644, -1,
      2644, 2662, 2660, -1,
      2644, 2660, 2646, -1,
      2646, 2660, 2658, -1,
      2646, 2658, 2648, -1,
      2648, 2658, 2656, -1,
      2648, 2656, 2650, -1,
      2670, 2668, 2638, -1,
      2638, 2636, 2670, -1,
      2670, 2636, 2759, -1,
      2670, 2759, 2760, -1,
      2760, 2761, 2670, -1,
      2670, 2761, 2762, -1,
      2670, 2762, 2763, -1,
      2764, 2765, 2766, -1,
      2766, 2765, 2767, -1,
      2766, 2767, 2768, -1,
      2763, 2762, 2766, -1,
      2766, 2762, 2769, -1,
      2766, 2769, 2764, -1,
      2747, 2757, 2749, -1,
      2749, 2757, 2753, -1,
      2749, 2753, 2752, -1,
      2770, 2674, 2771, -1,
      2771, 2674, 2672, -1,
      2771, 2672, 2772, -1,
      2772, 2672, 2773, -1,
      2755, 2685, 2774, -1,
      2774, 2685, 2687, -1,
      2774, 2687, 2775, -1,
      2775, 2687, 2682, -1,
      2775, 2682, 2776, -1,
      2776, 2682, 2679, -1,
      2776, 2679, 2777, -1,
      2777, 2679, 2678, -1,
      2777, 2678, 2778, -1,
      2778, 2678, 2676, -1,
      2778, 2676, 2779, -1,
      2779, 2676, 2675, -1,
      2779, 2675, 2770, -1,
      2770, 2675, 2674, -1,
      2780, 2673, 2677, -1,
      2780, 2677, 2781, -1,
      2781, 2677, 2681, -1,
      2781, 2681, 2782, -1,
      2782, 2681, 2680, -1,
      2782, 2680, 2783, -1,
      2783, 2680, 2684, -1,
      2783, 2684, 2784, -1,
      2784, 2684, 2683, -1,
      2784, 2683, 2785, -1,
      2785, 2683, 2689, -1,
      2785, 2689, 2786, -1,
      2786, 2689, 2688, -1,
      2786, 2688, 2748, -1,
      2787, 2788, 2789, -1,
      2789, 2788, 2671, -1,
      2789, 2671, 2780, -1,
      2780, 2671, 2673, -1,
      2782, 2783, 2777, -1,
      2777, 2783, 2776, -1,
      2782, 2777, 2781, -1,
      2781, 2777, 2778, -1,
      2781, 2778, 2780, -1,
      2780, 2778, 2779, -1,
      2780, 2779, 2789, -1,
      2789, 2779, 2770, -1,
      2789, 2770, 2771, -1,
      2748, 2731, 2730, -1,
      2730, 2755, 2748, -1,
      2748, 2755, 2774, -1,
      2748, 2774, 2786, -1,
      2786, 2774, 2775, -1,
      2786, 2775, 2785, -1,
      2785, 2775, 2776, -1,
      2785, 2776, 2784, -1,
      2784, 2776, 2783, -1,
      2746, 2629, 2631, -1,
      2746, 2631, 2790, -1,
      2790, 2631, 2633, -1,
      2790, 2633, 2791, -1,
      2791, 2633, 2634, -1,
      2791, 2634, 2792, -1,
      2792, 2634, 2625, -1,
      2792, 2625, 2793, -1,
      2793, 2625, 2624, -1,
      2793, 2624, 2794, -1,
      2794, 2624, 2622, -1,
      2794, 2622, 2795, -1,
      2795, 2622, 2619, -1,
      2795, 2619, 2714, -1,
      2713, 2618, 2796, -1,
      2796, 2618, 2620, -1,
      2796, 2620, 2797, -1,
      2797, 2620, 2621, -1,
      2797, 2621, 2798, -1,
      2798, 2621, 2623, -1,
      2798, 2623, 2799, -1,
      2799, 2623, 2626, -1,
      2799, 2626, 2800, -1,
      2800, 2626, 2632, -1,
      2800, 2632, 2801, -1,
      2801, 2632, 2630, -1,
      2801, 2630, 2758, -1,
      2758, 2630, 2628, -1,
      2715, 2712, 2713, -1,
      2715, 2713, 2714, -1,
      2713, 2796, 2714, -1,
      2714, 2796, 2797, -1,
      2714, 2797, 2795, -1,
      2795, 2797, 2798, -1,
      2746, 2790, 2800, -1,
      2800, 2790, 2791, -1,
      2800, 2791, 2799, -1,
      2791, 2792, 2799, -1,
      2799, 2792, 2793, -1,
      2799, 2793, 2798, -1,
      2798, 2793, 2794, -1,
      2798, 2794, 2795, -1,
      2757, 2747, 2758, -1,
      2758, 2747, 2746, -1,
      2758, 2746, 2801, -1,
      2801, 2746, 2800, -1,
      2669, 2670, 2763, -1,
      2669, 2763, 2735, -1,
      2735, 2763, 2766, -1,
      2735, 2766, 2736, -1,
      2736, 2766, 2768, -1,
      2736, 2768, 2737, -1,
      2737, 2768, 2767, -1,
      2737, 2767, 2738, -1,
      2738, 2767, 2765, -1,
      2738, 2765, 2740, -1,
      2740, 2765, 2764, -1,
      2740, 2764, 2741, -1,
      2636, 2635, 2739, -1,
      2636, 2739, 2759, -1,
      2759, 2739, 2745, -1,
      2759, 2745, 2760, -1,
      2760, 2745, 2744, -1,
      2760, 2744, 2761, -1,
      2761, 2744, 2743, -1,
      2761, 2743, 2762, -1,
      2762, 2743, 2742, -1,
      2762, 2742, 2769, -1,
      2769, 2742, 2741, -1,
      2769, 2741, 2764, -1,
      2789, 2771, 2787, -1,
      2787, 2771, 2772, -1,
      2787, 2772, 2802, -1,
      2802, 2772, 2803, -1,
      2802, 2803, 2804, -1,
      2804, 2803, 2805, -1,
      2804, 2805, 2806, -1,
      2806, 2805, 2807, -1,
      2806, 2807, 2808, -1,
      2808, 2807, 2809, -1,
      2808, 2809, 2810, -1,
      2810, 2809, 2811, -1,
      2810, 2811, 2812, -1,
      2812, 2811, 2813, -1,
      2812, 2813, 2814, -1,
      2814, 2813, 2815, -1,
      2814, 2815, 2816, -1,
      2816, 2815, 2817, -1,
      2818, 2819, 2815, -1,
      2815, 2819, 2817, -1,
      2819, 2820, 2817, -1,
      2817, 2820, 2816, -1,
      2820, 2821, 2816, -1,
      2816, 2821, 2814, -1,
      2822, 2806, 2823, -1,
      2823, 2806, 2808, -1,
      2823, 2808, 2824, -1,
      2824, 2808, 2810, -1,
      2824, 2810, 2825, -1,
      2825, 2810, 2812, -1,
      2825, 2812, 2821, -1,
      2821, 2812, 2814, -1,
      2822, 2826, 2806, -1,
      2806, 2826, 2804, -1,
      2788, 2787, 2802, -1,
      2788, 2802, 2827, -1,
      2827, 2802, 2804, -1,
      2827, 2804, 2826, -1,
      2828, 2805, 2829, -1,
      2829, 2805, 2803, -1,
      2829, 2803, 2773, -1,
      2773, 2803, 2772, -1,
      2828, 2830, 2805, -1,
      2805, 2830, 2807, -1,
      2818, 2815, 2813, -1,
      2818, 2813, 2831, -1,
      2831, 2813, 2811, -1,
      2831, 2811, 2832, -1,
      2832, 2811, 2809, -1,
      2832, 2809, 2833, -1,
      2833, 2809, 2807, -1,
      2833, 2807, 2830, -1,
      2820, 2819, 2821, -1,
      2821, 2819, 2818, -1,
      2821, 2818, 2825, -1,
      2825, 2818, 2831, -1,
      2825, 2831, 2824, -1,
      2824, 2831, 2832, -1,
      2824, 2832, 2823, -1,
      2823, 2832, 2833, -1,
      2823, 2833, 2822, -1,
      2822, 2833, 2830, -1,
      2822, 2830, 2826, -1,
      2826, 2830, 2828, -1,
      2826, 2828, 2827, -1,
      2827, 2828, 2829, -1,
      2827, 2829, 2788, -1,
      2788, 2829, 2773, -1,
      2788, 2773, 2671, -1,
      2671, 2773, 2672, -1,
      2756, 2750, 2685, -1,
      2685, 2750, 2686, -1,
      2750, 2756, 2653, -1,
      2653, 2756, 2654, -1,
      2751, 2651, 2754, -1,
      2754, 2651, 2652, -1,
      2751, 2754, 2627, -1,
      2627, 2754, 2628, -1,
      2834, 2835, 2836, -1,
      2836, 2835, 2837, -1,
      2836, 2837, 2838, -1,
      2838, 2837, 2839, -1,
      2839, 2837, 2840, -1,
      2839, 2840, 2841, -1,
      2840, 2842, 2841, -1,
      2841, 2842, 2843, -1,
      2841, 2843, 2844, -1,
      2845, 2846, 2847, -1,
      2847, 2846, 2848, -1,
      2847, 2848, 2849, -1,
      2849, 2848, 2850, -1,
      2849, 2850, 2851, -1,
      2851, 2850, 2844, -1,
      2851, 2844, 2852, -1,
      2852, 2844, 2843, -1,
      2853, 2854, 2855, -1,
      2855, 2854, 2856, -1,
      2855, 2856, 2857, -1,
      2857, 2856, 2858, -1,
      2857, 2858, 2859, -1,
      2859, 2858, 2860, -1,
      2859, 2860, 2861, -1,
      2861, 2860, 2862, -1,
      2861, 2862, 2863, -1,
      2863, 2862, 2864, -1,
      2863, 2864, 2865, -1,
      2865, 2864, 2866, -1,
      2865, 2866, 2867, -1,
      2867, 2866, 2868, -1,
      2867, 2868, 2869, -1,
      2869, 2868, 2870, -1,
      2871, 2872, 2873, -1,
      2873, 2872, 2874, -1,
      2873, 2874, 2875, -1,
      2875, 2874, 2876, -1,
      2875, 2876, 2877, -1,
      2877, 2876, 2878, -1,
      2877, 2878, 2879, -1,
      2879, 2878, 2880, -1,
      2879, 2880, 2881, -1,
      2881, 2880, 2882, -1,
      2881, 2882, 2883, -1,
      2883, 2882, 2884, -1,
      2883, 2884, 2885, -1,
      2885, 2884, 2886, -1,
      2885, 2886, 2887, -1,
      2887, 2886, 2888, -1,
      2889, 2890, 2891, -1,
      2891, 2890, 2892, -1,
      2892, 2893, 2891, -1,
      2891, 2893, 2894, -1,
      2891, 2894, 2895, -1,
      2895, 2894, 2896, -1,
      2897, 2898, 2899, -1,
      2900, 2901, 2902, -1,
      2902, 2901, 2903, -1,
      2902, 2903, 2899, -1,
      2899, 2903, 2904, -1,
      2899, 2904, 2897, -1,
      2897, 2905, 2898, -1,
      2898, 2905, 2906, -1,
      2898, 2906, 2896, -1,
      2896, 2906, 2907, -1,
      2896, 2907, 2895, -1,
      2908, 2909, 2910, -1,
      2910, 2909, 2911, -1,
      2909, 2912, 2911, -1,
      2911, 2912, 2913, -1,
      2912, 2914, 2913, -1,
      2913, 2914, 2915, -1,
      2916, 2917, 2918, -1,
      2916, 2918, 2919, -1,
      2919, 2918, 2920, -1,
      2919, 2920, 2921, -1,
      2921, 2920, 2922, -1,
      2921, 2922, 2923, -1,
      2923, 2922, 2915, -1,
      2923, 2915, 2914, -1,
      2916, 2924, 2917, -1,
      2917, 2924, 2925, -1,
      2926, 2927, 2928, -1,
      2928, 2927, 2929, -1,
      2928, 2929, 2924, -1,
      2924, 2929, 2925, -1,
      2927, 2926, 2930, -1,
      2930, 2926, 2834, -1,
      2930, 2834, 2931, -1,
      2931, 2834, 2836, -1,
      2932, 2837, 2933, -1,
      2933, 2837, 2835, -1,
      2933, 2835, 2934, -1,
      2934, 2835, 2935, -1,
      2936, 2937, 2938, -1,
      2936, 2938, 2939, -1,
      2939, 2938, 2934, -1,
      2939, 2934, 2935, -1,
      2936, 2940, 2937, -1,
      2937, 2940, 2941, -1,
      2908, 2910, 2942, -1,
      2942, 2910, 2943, -1,
      2942, 2943, 2944, -1,
      2944, 2943, 2945, -1,
      2944, 2945, 2946, -1,
      2946, 2945, 2947, -1,
      2946, 2947, 2940, -1,
      2940, 2947, 2941, -1,
      2835, 2834, 2935, -1,
      2935, 2834, 2926, -1,
      2935, 2926, 2939, -1,
      2939, 2926, 2928, -1,
      2939, 2928, 2936, -1,
      2936, 2928, 2924, -1,
      2936, 2924, 2940, -1,
      2940, 2924, 2916, -1,
      2940, 2916, 2946, -1,
      2946, 2916, 2919, -1,
      2946, 2919, 2944, -1,
      2944, 2919, 2921, -1,
      2944, 2921, 2942, -1,
      2942, 2921, 2923, -1,
      2942, 2923, 2908, -1,
      2908, 2923, 2914, -1,
      2908, 2914, 2909, -1,
      2909, 2914, 2912, -1,
      2911, 2913, 2910, -1,
      2910, 2913, 2915, -1,
      2910, 2915, 2943, -1,
      2943, 2915, 2922, -1,
      2943, 2922, 2945, -1,
      2945, 2922, 2920, -1,
      2945, 2920, 2947, -1,
      2947, 2920, 2918, -1,
      2947, 2918, 2941, -1,
      2941, 2918, 2917, -1,
      2941, 2917, 2937, -1,
      2937, 2917, 2925, -1,
      2937, 2925, 2938, -1,
      2938, 2925, 2929, -1,
      2938, 2929, 2934, -1,
      2934, 2929, 2927, -1,
      2934, 2927, 2933, -1,
      2933, 2927, 2930, -1,
      2948, 2949, 2950, -1,
      2950, 2949, 2951, -1,
      2950, 2951, 2952, -1,
      2853, 2855, 2885, -1,
      2885, 2887, 2853, -1,
      2853, 2887, 2953, -1,
      2853, 2953, 2954, -1,
      2954, 2955, 2853, -1,
      2853, 2955, 2956, -1,
      2853, 2956, 2957, -1,
      2958, 2959, 2956, -1,
      2956, 2959, 2960, -1,
      2956, 2960, 2961, -1,
      2961, 2962, 2956, -1,
      2956, 2962, 2963, -1,
      2956, 2963, 2957, -1,
      2867, 2873, 2865, -1,
      2865, 2873, 2875, -1,
      2865, 2875, 2863, -1,
      2863, 2875, 2877, -1,
      2863, 2877, 2861, -1,
      2861, 2877, 2879, -1,
      2861, 2879, 2859, -1,
      2859, 2879, 2881, -1,
      2859, 2881, 2857, -1,
      2857, 2881, 2883, -1,
      2857, 2883, 2855, -1,
      2855, 2883, 2885, -1,
      2845, 2847, 2964, -1,
      2965, 2903, 2964, -1,
      2964, 2903, 2901, -1,
      2966, 2903, 2949, -1,
      2949, 2903, 2965, -1,
      2949, 2965, 2951, -1,
      2951, 2965, 2967, -1,
      2873, 2867, 2871, -1,
      2871, 2867, 2869, -1,
      2901, 2968, 2964, -1,
      2964, 2968, 2871, -1,
      2964, 2871, 2845, -1,
      2845, 2871, 2869, -1,
      2845, 2869, 2969, -1,
      2967, 2970, 2951, -1,
      2951, 2970, 2952, -1,
      2970, 2971, 2952, -1,
      2952, 2971, 2950, -1,
      2870, 2868, 2874, -1,
      2874, 2872, 2870, -1,
      2870, 2872, 2846, -1,
      2870, 2846, 2972, -1,
      2973, 2948, 2900, -1,
      2900, 2948, 2872, -1,
      2900, 2872, 2974, -1,
      2950, 2971, 2948, -1,
      2948, 2971, 2975, -1,
      2948, 2975, 2872, -1,
      2872, 2975, 2976, -1,
      2872, 2976, 2846, -1,
      2856, 2886, 2884, -1,
      2856, 2884, 2858, -1,
      2858, 2884, 2882, -1,
      2858, 2882, 2860, -1,
      2860, 2882, 2880, -1,
      2860, 2880, 2862, -1,
      2862, 2880, 2878, -1,
      2862, 2878, 2864, -1,
      2864, 2878, 2876, -1,
      2864, 2876, 2866, -1,
      2866, 2876, 2874, -1,
      2866, 2874, 2868, -1,
      2886, 2856, 2888, -1,
      2888, 2856, 2854, -1,
      2977, 2978, 2854, -1,
      2854, 2978, 2979, -1,
      2854, 2979, 2888, -1,
      2980, 2978, 2981, -1,
      2981, 2978, 2982, -1,
      2977, 2983, 2978, -1,
      2978, 2983, 2984, -1,
      2978, 2984, 2985, -1,
      2985, 2986, 2978, -1,
      2978, 2986, 2987, -1,
      2978, 2987, 2982, -1,
      2965, 2975, 2967, -1,
      2967, 2975, 2971, -1,
      2967, 2971, 2970, -1,
      2988, 2892, 2989, -1,
      2989, 2892, 2890, -1,
      2989, 2890, 2990, -1,
      2990, 2890, 2991, -1,
      2973, 2900, 2992, -1,
      2992, 2900, 2902, -1,
      2992, 2902, 2993, -1,
      2993, 2902, 2899, -1,
      2993, 2899, 2994, -1,
      2994, 2899, 2898, -1,
      2994, 2898, 2995, -1,
      2995, 2898, 2896, -1,
      2995, 2896, 2996, -1,
      2996, 2896, 2894, -1,
      2996, 2894, 2997, -1,
      2997, 2894, 2893, -1,
      2997, 2893, 2988, -1,
      2988, 2893, 2892, -1,
      2998, 2891, 2895, -1,
      2998, 2895, 2999, -1,
      2999, 2895, 2907, -1,
      2999, 2907, 3000, -1,
      3000, 2907, 2906, -1,
      3000, 2906, 3001, -1,
      3001, 2906, 2905, -1,
      3001, 2905, 3002, -1,
      3002, 2905, 2897, -1,
      3002, 2897, 3003, -1,
      3003, 2897, 2904, -1,
      3003, 2904, 3004, -1,
      3004, 2904, 2903, -1,
      3004, 2903, 2966, -1,
      3005, 3006, 3007, -1,
      3007, 3006, 2889, -1,
      3007, 2889, 2998, -1,
      2998, 2889, 2891, -1,
      2988, 2989, 3007, -1,
      2988, 3007, 2997, -1,
      2997, 3007, 2998, -1,
      2997, 2998, 2996, -1,
      2996, 2998, 2999, -1,
      2996, 2999, 2995, -1,
      2966, 2949, 2948, -1,
      2999, 3000, 2995, -1,
      2995, 3000, 3001, -1,
      2995, 3001, 2994, -1,
      2948, 2973, 2966, -1,
      2966, 2973, 2992, -1,
      2966, 2992, 3004, -1,
      3004, 2992, 2993, -1,
      3004, 2993, 3003, -1,
      3003, 2993, 2994, -1,
      3003, 2994, 3002, -1,
      3002, 2994, 3001, -1,
      2964, 2847, 2849, -1,
      2964, 2849, 3008, -1,
      3008, 2849, 2851, -1,
      3008, 2851, 3009, -1,
      3009, 2851, 2852, -1,
      3009, 2852, 3010, -1,
      3010, 2852, 2843, -1,
      3010, 2843, 3011, -1,
      3011, 2843, 2842, -1,
      3011, 2842, 3012, -1,
      3012, 2842, 2840, -1,
      3012, 2840, 3013, -1,
      3013, 2840, 2837, -1,
      3013, 2837, 2932, -1,
      2931, 2836, 3014, -1,
      3014, 2836, 2838, -1,
      3014, 2838, 3015, -1,
      3015, 2838, 2839, -1,
      3015, 2839, 3016, -1,
      3016, 2839, 2841, -1,
      3016, 2841, 3017, -1,
      3017, 2841, 2844, -1,
      3017, 2844, 3018, -1,
      3018, 2844, 2850, -1,
      3018, 2850, 3019, -1,
      3019, 2850, 2848, -1,
      3019, 2848, 2976, -1,
      2976, 2848, 2846, -1,
      2933, 2930, 2931, -1,
      2933, 2931, 2932, -1,
      2931, 3014, 2932, -1,
      2932, 3014, 3015, -1,
      2932, 3015, 3013, -1,
      3013, 3015, 3016, -1,
      2964, 3008, 3018, -1,
      3018, 3008, 3009, -1,
      3018, 3009, 3017, -1,
      3009, 3010, 3017, -1,
      3017, 3010, 3011, -1,
      3017, 3011, 3016, -1,
      3016, 3011, 3012, -1,
      3016, 3012, 3013, -1,
      2975, 2965, 2976, -1,
      2976, 2965, 2964, -1,
      2976, 2964, 3019, -1,
      3019, 2964, 3018, -1,
      2887, 2888, 2979, -1,
      2887, 2979, 2953, -1,
      2953, 2979, 2978, -1,
      2953, 2978, 2954, -1,
      2954, 2978, 2980, -1,
      2954, 2980, 2955, -1,
      2955, 2980, 2981, -1,
      2955, 2981, 2956, -1,
      2956, 2981, 2982, -1,
      2956, 2982, 2958, -1,
      2958, 2982, 2987, -1,
      2958, 2987, 2959, -1,
      2854, 2853, 2957, -1,
      2854, 2957, 2977, -1,
      2977, 2957, 2963, -1,
      2977, 2963, 2983, -1,
      2983, 2963, 2962, -1,
      2983, 2962, 2984, -1,
      2984, 2962, 2961, -1,
      2984, 2961, 2985, -1,
      2985, 2961, 2960, -1,
      2985, 2960, 2986, -1,
      2986, 2960, 2959, -1,
      2986, 2959, 2987, -1,
      3007, 2989, 3005, -1,
      3005, 2989, 2990, -1,
      3005, 2990, 3020, -1,
      3020, 2990, 3021, -1,
      3020, 3021, 3022, -1,
      3022, 3021, 3023, -1,
      3022, 3023, 3024, -1,
      3024, 3023, 3025, -1,
      3024, 3025, 3026, -1,
      3026, 3025, 3027, -1,
      3026, 3027, 3028, -1,
      3028, 3027, 3029, -1,
      3028, 3029, 3030, -1,
      3030, 3029, 3031, -1,
      3030, 3031, 3032, -1,
      3032, 3031, 3033, -1,
      3032, 3033, 3034, -1,
      3034, 3033, 3035, -1,
      3036, 3037, 3033, -1,
      3033, 3037, 3035, -1,
      3037, 3038, 3035, -1,
      3035, 3038, 3034, -1,
      3038, 3039, 3034, -1,
      3034, 3039, 3032, -1,
      3040, 3024, 3041, -1,
      3041, 3024, 3026, -1,
      3041, 3026, 3042, -1,
      3042, 3026, 3028, -1,
      3042, 3028, 3043, -1,
      3043, 3028, 3030, -1,
      3043, 3030, 3039, -1,
      3039, 3030, 3032, -1,
      3040, 3044, 3024, -1,
      3024, 3044, 3022, -1,
      3006, 3005, 3020, -1,
      3006, 3020, 3045, -1,
      3045, 3020, 3022, -1,
      3045, 3022, 3044, -1,
      3046, 3023, 3047, -1,
      3047, 3023, 3021, -1,
      3047, 3021, 2991, -1,
      2991, 3021, 2990, -1,
      3046, 3048, 3023, -1,
      3023, 3048, 3025, -1,
      3036, 3033, 3031, -1,
      3036, 3031, 3049, -1,
      3049, 3031, 3029, -1,
      3049, 3029, 3050, -1,
      3050, 3029, 3027, -1,
      3050, 3027, 3051, -1,
      3051, 3027, 3025, -1,
      3051, 3025, 3048, -1,
      3038, 3037, 3039, -1,
      3039, 3037, 3036, -1,
      3039, 3036, 3043, -1,
      3043, 3036, 3049, -1,
      3043, 3049, 3042, -1,
      3042, 3049, 3050, -1,
      3042, 3050, 3041, -1,
      3041, 3050, 3051, -1,
      3041, 3051, 3040, -1,
      3040, 3051, 3048, -1,
      3040, 3048, 3044, -1,
      3044, 3048, 3046, -1,
      3044, 3046, 3045, -1,
      3045, 3046, 3047, -1,
      3045, 3047, 3006, -1,
      3006, 3047, 2991, -1,
      3006, 2991, 2889, -1,
      2889, 2991, 2890, -1,
      2974, 2968, 2900, -1,
      2900, 2968, 2901, -1,
      2968, 2974, 2871, -1,
      2871, 2974, 2872, -1,
      2969, 2869, 2972, -1,
      2972, 2869, 2870, -1,
      2969, 2972, 2845, -1,
      2845, 2972, 2846, -1,
    ]
  }
}

Shape {
  appearance Appearance {
    material Material {
      diffuseColor 0.2235 0.2235 0.2235
      specularColor 0.1137 0.1137 0.1137
      ambientIntensity 0.2
      transparency 0.0000
      shininess 0.5
    }
  }
  geometry IndexedFaceSet {
    ccw TRUE
    solid FALSE
    coord DEF co Coordinate {
      point [
        -3.578740 -0.000054 0.636044,
        -3.578740 -0.000054 0.517809,
        -3.578740 -0.053202 0.517809,
        -3.578740 -0.834884 0.000000,
        -3.578740 -0.984252 0.000000,
        -3.578740 -0.984252 0.236902,
        -3.578740 -0.436783 0.137795,
        -3.578740 -0.561739 0.137795,
        -3.578740 -0.561739 0.236902,
        -3.578740 -0.210665 0.290400,
        -3.578740 -0.205263 0.289765,
        -3.578740 -0.238554 0.289765,
        -3.578740 -0.352406 0.424340,
        -3.578740 -0.394620 0.424340,
        -3.578740 -0.394620 0.462341,
        -3.578740 0.187483 0.531963,
        -3.578740 0.161754 0.510192,
        -3.578740 0.071819 0.637169,
        -3.578740 0.071819 0.501469,
        -3.578740 0.308446 0.648081,
        -3.578740 0.292736 0.637169,
        -3.578740 0.271633 0.622511,
        -3.578740 0.238695 0.583860,
        -3.578740 0.220397 0.547556,
        -3.578740 0.215717 0.545981,
        -3.578740 0.487328 0.651278,
        -3.578740 0.443296 0.667099,
        -3.578740 0.984252 2.952756,
        -3.578740 0.071819 2.952756,
        -3.578740 0.400671 0.671850,
        -3.578740 0.355508 0.666356,
        -3.578740 0.510682 0.637169,
        -3.578740 0.984252 0.637169,
        -3.578740 0.514528 0.634846,
        -3.578740 0.984252 0.501469,
        -3.578740 0.718333 0.501469,
        -3.578740 0.710012 0.520230,
        -3.578740 0.687212 0.549453,
        -3.578740 0.615466 0.590381,
        -3.578740 0.578099 0.594996,
        -3.578740 0.536826 0.615751,
        -3.578740 0.567187 0.594403,
        -3.578740 0.556276 0.593098,
        -3.578740 0.680796 0.555526,
        -3.578740 0.650615 0.576738,
        -3.578740 0.662314 0.312600,
        -3.578740 0.691956 0.337868,
        -3.578740 0.984252 0.289765,
        -3.578740 0.628019 0.295905,
        -3.578740 0.713635 0.368826,
        -3.578740 0.727222 0.404150,
        -3.578740 0.984252 0.462341,
        -3.578740 0.731806 0.441289,
        -3.578740 0.731536 0.450417,
        -3.578740 0.729404 0.462341,
        -3.578740 0.725159 0.486076,
        -3.578740 0.616051 0.292325,
        -3.578740 0.614854 0.289765,
        -3.578740 0.606537 0.271969,
        -3.578740 0.984252 0.236902,
        -3.578740 0.592426 0.254555,
        -3.578740 0.573866 0.240566,
        -3.578740 0.984252 0.000000,
        -3.578740 0.795276 0.000000,
        -3.578740 0.795276 0.137795,
        -3.578740 0.071819 0.137795,
        -3.578740 0.071819 0.236902,
        -3.578740 0.486630 0.236902,
        -3.578740 0.502952 0.230634,
        -3.578740 0.525914 0.227806,
        -3.578740 0.529573 0.227874,
        -3.578740 0.551975 0.231368,
        -3.578740 0.565146 0.236902,
        -3.578740 0.071819 0.289765,
        -3.578740 0.437007 0.289765,
        -3.578740 0.437091 0.289411,
        -3.578740 0.448312 0.268261,
        -3.578740 0.462892 0.251911,
        -3.578740 0.481790 0.238761,
        -3.578740 0.130800 0.454216,
        -3.578740 0.126465 0.423261,
        -3.578740 0.071819 0.462341,
        -3.578740 0.315858 0.345739,
        -3.578740 0.309347 0.348310,
        -3.578740 0.298200 0.402387,
        -3.578740 0.161571 0.333124,
        -3.578740 0.187395 0.311265,
        -3.578740 0.454753 0.386257,
        -3.578740 0.327613 0.452674,
        -3.578740 0.471332 0.401354,
        -3.578740 0.491465 0.412145,
        -3.578740 0.321693 0.341604,
        -3.578740 0.142746 0.359346,
        -3.578740 0.185754 0.430615,
        -3.578740 0.190208 0.448839,
        -3.578740 0.197483 0.462341,
        -3.578740 0.669672 0.462341,
        -3.578740 0.130823 0.389382,
        -3.578740 0.301995 0.349254,
        -3.578740 0.301072 0.349187,
        -3.578740 0.298225 0.348557,
        -3.578740 0.664100 0.405360,
        -3.578740 0.652786 0.386103,
        -3.578740 0.604610 0.376302,
        -3.578740 0.635774 0.368627,
        -3.578740 0.615102 0.355896,
        -3.578740 0.569520 0.407712,
        -3.578740 0.588922 0.394235,
        -3.578740 0.672031 0.443186,
        -3.578740 0.670900 0.428583,
        -3.578740 0.548562 0.415727,
        -3.578740 0.525914 0.418517,
        -3.578740 0.514367 0.417832,
        -3.578740 0.331408 0.319841,
        -3.578740 0.331167 0.323585,
        -3.578740 0.431033 0.332176,
        -3.578740 0.329261 0.330807,
        -3.578740 0.325613 0.337280,
        -3.578740 0.204547 0.372131,
        -3.578740 0.194109 0.386930,
        -3.578740 0.187569 0.403840,
        -3.578740 0.185291 0.422312,
        -3.578740 0.309237 0.291289,
        -3.578740 0.315514 0.293759,
        -3.578740 0.321667 0.298135,
        -3.578740 0.323873 0.300380,
        -3.578740 0.328008 0.306340,
        -3.578740 0.330507 0.312774,
        -3.578740 0.431545 0.312834,
        -3.578740 0.431033 0.322687,
        -3.578740 0.216346 0.297101,
        -3.578740 0.247913 0.290428,
        -3.578740 0.303893 0.290428,
        -3.578740 0.296302 0.348305,
        -3.578740 0.253606 0.348305,
        -3.578740 0.236586 0.351565,
        -3.578740 0.219843 0.359318,
        -3.578740 0.205812 0.370772,
        -3.578740 0.266889 0.496320,
        -3.578740 0.661076 0.487310,
        -3.578740 0.669203 0.466148,
        -3.578740 0.259298 0.496320,
        -3.578740 0.199029 0.465211,
        -3.578740 0.209980 0.477441,
        -3.578740 0.224696 0.487717,
        -3.578740 0.241256 0.494094,
        -3.578740 0.287326 0.553296,
        -3.578740 0.308724 0.578867,
        -3.578740 0.526863 0.523835,
        -3.578740 0.311144 0.581072,
        -3.578740 0.337803 0.599570,
        -3.578740 0.512374 0.553839,
        -3.578740 0.651224 0.501469,
        -3.578740 0.533655 0.527548,
        -3.578740 0.268020 0.501469,
        -3.578740 0.272691 0.522723,
        -3.578740 0.554931 0.535318,
        -3.578740 0.577150 0.538067,
        -3.578740 0.587003 0.537556,
        -3.578740 0.491095 0.579264,
        -3.578740 0.367557 0.610968,
        -3.578740 0.465639 0.597864,
        -3.578740 0.399722 0.614921,
        -3.578740 0.434642 0.610424,
        -3.578740 0.610426 0.532010,
        -3.578740 0.631576 0.520789,
        -3.578740 0.647926 0.506209,
        -3.578740 0.155498 0.501469,
        -3.578740 0.142393 0.483195,
        -3.578740 0.134050 0.462341,
        -3.578740 -0.436783 0.462341,
        -3.578740 -0.421143 0.424340,
        -3.578740 -0.421143 0.408989,
        -3.578740 -0.417356 0.366280,
        -3.578740 -0.417356 0.350997,
        -3.578740 -0.436783 0.289765,
        -3.578740 -0.369632 0.408989,
        -3.578740 -0.369632 0.366280,
        -3.578740 -0.394620 0.408989,
        -3.578740 -0.394620 0.366280,
        -3.578740 -0.369632 0.350997,
        -3.578740 -0.369632 0.306105,
        -3.578740 -0.394620 0.350997,
        -3.578740 -0.394620 0.306105,
        -3.578740 -0.424179 0.306105,
        -3.578740 -0.424179 0.290891,
        -3.578740 -0.394620 0.289765,
        -3.578740 -0.394620 0.290891,
        -3.578740 -0.352406 0.290891,
        -3.578740 -0.286500 0.314565,
        -3.578740 -0.288546 0.306719,
        -3.578740 -0.288990 0.306719,
        -3.578740 -0.334394 0.386202,
        -3.578740 -0.269665 0.462341,
        -3.578740 -0.317065 0.386202,
        -3.578740 -0.269665 0.362993,
        -3.578740 -0.291037 0.314428,
        -3.578740 -0.289757 0.309985,
        -3.578740 -0.169834 0.311494,
        -3.578740 -0.152880 0.462341,
        -3.578740 -0.152880 0.289765,
        -3.578740 -0.176594 0.307337,
        -3.578740 -0.177560 0.306979,
        -3.578740 -0.177560 0.342445,
        -3.578740 -0.174678 0.345403,
        -3.578740 -0.172498 0.348886,
        -3.578740 -0.170655 0.353991,
        -3.578740 -0.169936 0.360481,
        -3.578740 -0.170596 0.366457,
        -3.578740 -0.177412 0.342543,
        -3.578740 -0.186139 0.289765,
        -3.578740 -0.179956 0.290494,
        -3.578740 -0.177560 0.289765,
        -3.578740 -0.177560 0.291379,
        -3.578740 -0.169834 0.294233,
        -3.578740 -0.229633 0.384155,
        -3.578740 -0.229633 0.367917,
        -3.578740 -0.180648 0.380812,
        -3.578740 -0.186118 0.384025,
        -3.578740 -0.177560 0.462341,
        -3.578740 -0.172586 0.371839,
        -3.578740 -0.175692 0.376357,
        -3.578740 -0.177560 0.378037,
        -3.578740 -0.233409 0.310100,
        -3.578740 -0.231357 0.304803,
        -3.578740 -0.228241 0.300394,
        -3.578740 -0.195426 0.387198,
        -3.578740 -0.207051 0.388385,
        -3.578740 -0.238554 0.462341,
        -3.578740 -0.218777 0.387344,
        -3.578740 -0.228610 0.332576,
        -3.578740 -0.231730 0.327972,
        -3.578740 -0.233513 0.323044,
        -3.578740 -0.234205 0.316816,
        -3.578740 -0.223459 0.296212,
        -3.578740 -0.219486 0.293776,
        -3.578740 -0.205413 0.374808,
        -3.578740 -0.200465 0.374437,
        -3.578740 -0.187163 0.361981,
        -3.578740 -0.195994 0.373254,
        -3.578740 -0.192246 0.371260,
        -3.578740 -0.187315 0.359758,
        -3.578740 -0.187979 0.357161,
        -3.578740 -0.189183 0.354906,
        -3.578740 -0.190813 0.353112,
        -3.578740 -0.196706 0.349428,
        -3.578740 -0.216064 0.373637,
        -3.578740 -0.207051 0.344925,
        -3.578740 -0.225522 0.370252,
        -3.578740 -0.213523 0.342306,
        -3.578740 -0.224624 0.336132,
        -3.578740 -0.189724 0.369031,
        -3.578740 -0.188291 0.366904,
        -3.578740 -0.187465 0.364648,
        -3.578740 -0.187085 0.303453,
        -3.578740 -0.195248 0.332781,
        -3.578740 -0.185284 0.337348,
        -3.578740 -0.197329 0.302284,
        -3.578740 -0.198067 0.302289,
        -3.578740 -0.206224 0.328184,
        -3.578740 -0.206635 0.303249,
        -3.578740 -0.217046 0.315179,
        -3.578740 -0.216882 0.317258,
        -3.578740 -0.210949 0.304828,
        -3.578740 -0.212473 0.305752,
        -3.578740 -0.214391 0.307455,
        -3.578740 -0.215850 0.309613,
        -3.578740 -0.216700 0.311990,
        -3.578740 -0.216123 0.319868,
        -3.578740 -0.214830 0.322084,
        -3.578740 -0.212748 0.324253,
        -3.578740 -0.561739 0.501469,
        -3.578740 -0.518398 0.502594,
        -3.578740 -0.499363 0.502594,
        -3.578740 -0.485752 0.539095,
        -3.578740 -0.436783 0.539095,
        -3.578740 -0.436783 0.501469,
        -3.578740 -0.467570 0.636044,
        -3.578740 -0.561739 0.637169,
        -3.578740 -0.436783 0.637169,
        -3.578740 -0.430183 0.539095,
        -3.578740 -0.417356 0.502594,
        -3.578740 -0.394620 0.501469,
        -3.578740 -0.398321 0.502594,
        -3.578740 -0.394620 0.637169,
        -3.578740 -0.436783 0.603577,
        -3.578740 -0.449149 0.636044,
        -3.578740 -0.238554 0.637169,
        -3.578740 -0.238554 0.636044,
        -3.578740 -0.254024 0.636044,
        -3.578740 -0.269665 0.637169,
        -3.578740 -0.254024 0.620693,
        -3.578740 -0.269665 0.501469,
        -3.578740 -0.250237 0.562701,
        -3.578740 -0.250237 0.577984,
        -3.578740 -0.238554 0.577984,
        -3.578740 -0.238554 0.620693,
        -3.578740 -0.202514 0.577984,
        -3.578740 -0.202514 0.620693,
        -3.578740 -0.185287 0.502594,
        -3.578740 -0.177560 0.501469,
        -3.578740 -0.238554 0.501469,
        -3.578740 -0.202514 0.562701,
        -3.578740 -0.202514 0.517809,
        -3.578740 -0.238554 0.562701,
        -3.578740 -0.238554 0.517809,
        -3.578740 -0.257060 0.517809,
        -3.578740 -0.257060 0.502594,
        -3.578740 -0.238554 0.502594,
        -3.578740 -0.185287 0.636044,
        -3.578740 -0.177560 0.637169,
        -3.578740 -0.795276 0.000000,
        -3.578740 -0.795276 0.137795,
        -3.578740 -0.834884 0.236902,
        -3.578740 -0.436783 0.236902,
        -3.578740 -0.394620 0.137795,
        -3.578740 -0.394620 0.236902,
        -3.578740 -0.269665 0.137795,
        -3.578740 -0.269665 0.236902,
        -3.578740 -0.238554 0.137795,
        -3.578740 -0.238554 0.236902,
        -3.578740 -0.177560 0.137795,
        -3.578740 -0.177560 0.236902,
        -3.578740 -0.152880 0.137795,
        -3.578740 -0.152880 0.236902,
        -3.578740 -0.064630 0.137795,
        -3.578740 -0.127124 0.622740,
        -3.578740 -0.120744 0.622421,
        -3.578740 -0.152880 0.522074,
        -3.578740 -0.143554 0.620778,
        -3.578740 -0.158576 0.614826,
        -3.578740 -0.158576 0.524631,
        -3.578740 -0.157091 0.615628,
        -3.578740 -0.152880 0.617230,
        -3.578740 -0.109301 0.619953,
        -3.578740 -0.098926 0.614840,
        -3.578740 -0.090760 0.607935,
        -3.578740 -0.089851 0.606939,
        -3.578740 -0.083402 0.597664,
        -3.578740 -0.078934 0.586135,
        -3.578740 -0.076740 0.567818,
        -3.578740 -0.076967 0.561691,
        -3.578740 -0.145431 0.518730,
        -3.578740 -0.130335 0.515925,
        -3.578740 -0.124122 0.515694,
        -3.578740 -0.079286 0.548612,
        -3.578740 -0.083765 0.538012,
        -3.578740 -0.089839 0.529748,
        -3.578740 -0.093647 0.526111,
        -3.578740 -0.112526 0.516878,
        -3.578740 -0.102694 0.520224,
        -3.578740 -0.141281 0.637169,
        -3.578740 -0.144428 0.636922,
        -3.578740 -0.152880 0.637169,
        -3.578740 -0.152880 0.634482,
        -3.578740 -0.158576 0.632837,
        -3.578740 -0.064630 0.637169,
        -3.578740 -0.068260 0.606009,
        -3.578740 -0.077934 0.618646,
        -3.578740 -0.081235 0.621797,
        -3.578740 -0.093729 0.630545,
        -3.578740 -0.107676 0.635955,
        -3.578740 -0.056630 0.637169,
        -3.578740 -0.061922 0.591185,
        -3.578740 -0.064630 0.597519,
        -3.578740 -0.064630 0.536515,
        -3.578740 -0.061287 0.545089,
        -3.578740 -0.056630 0.501469,
        -3.578740 -0.058660 0.566795,
        -3.578740 -0.058895 0.573764,
        -3.578740 -0.099100 0.503706,
        -3.578740 -0.086507 0.509648,
        -3.578740 -0.064630 0.501469,
        -3.578740 -0.075785 0.518559,
        -3.578740 -0.074680 0.519766,
        -3.578740 -0.066718 0.531159,
        -3.578740 -0.109952 0.501469,
        -3.578740 -0.064630 0.462341,
        -3.578740 -0.113560 0.500725,
        -3.578740 -0.121632 0.500343,
        -3.578740 -0.133408 0.501469,
        -3.578740 -0.158576 0.508121,
        -3.578740 -0.156300 0.506987,
        -3.578740 -0.152880 0.501469,
        -3.578740 -0.152880 0.505865,
        -3.578740 -0.141972 0.502287,
        -3.578740 -0.077618 0.336622,
        -3.578740 -0.079913 0.363278,
        -3.578740 -0.074200 0.331891,
        -3.578740 -0.071824 0.326054,
        -3.578740 -0.090824 0.289800,
        -3.578740 -0.084416 0.292217,
        -3.578740 -0.064630 0.289765,
        -3.578740 -0.073464 0.303136,
        -3.578740 -0.071434 0.308781,
        -3.578740 -0.130468 0.290891,
        -3.578740 -0.130468 0.305627,
        -3.578740 -0.130024 0.305627,
        -3.578740 -0.123141 0.387407,
        -3.578740 -0.130103 0.385225,
        -3.578740 -0.082866 0.341024,
        -3.578740 -0.090214 0.344641,
        -3.578740 -0.089683 0.369676,
        -3.578740 -0.102222 0.347518,
        -3.578740 -0.116822 0.374215,
        -3.578740 -0.111160 0.374808,
        -3.578740 -0.100106 0.373525,
        -3.578740 -0.078787 0.296144,
        -3.578740 -0.076943 0.298010,
        -3.578740 -0.135612 0.382002,
        -3.578740 -0.140031 0.377682,
        -3.578740 -0.143415 0.372200,
        -3.578740 -0.125759 0.299587,
        -3.578740 -0.120257 0.294500,
        -3.578740 -0.116919 0.292406,
        -3.578740 -0.079913 0.379516,
        -3.578740 -0.083385 0.381526,
        -3.578740 -0.095819 0.386337,
        -3.578740 -0.112729 0.388385,
        -3.578740 -0.070600 0.316407,
        -3.578740 -0.070675 0.318956,
        -3.578740 -0.130468 0.351475,
        -3.578740 -0.129886 0.358866,
        -3.578740 -0.128158 0.364818,
        -3.578740 -0.126194 0.368260,
        -3.578740 -0.145990 0.364444,
        -3.578740 -0.147183 0.352225,
        -3.578740 -0.147183 0.290891,
        -3.578740 -0.123667 0.370948,
        -3.578740 -0.120700 0.372861,
        -3.578740 -0.091130 0.289765,
        -3.578740 -0.064630 0.236902,
        -3.578740 -0.100824 0.288639,
        -3.578740 -0.109972 0.289765,
        -3.578740 -0.269665 0.289765,
        -3.578740 -0.269665 0.318126,
        -3.578740 -0.242903 0.386202,
        -3.578740 -0.261597 0.386202,
        -3.578740 -0.280291 0.291095,
        -3.578740 -0.279728 0.289765,
        -3.578740 -0.272957 0.273766,
        -3.578740 -0.246349 0.247363,
        -3.578740 -0.246349 0.262236,
        -3.578740 -0.266518 0.264229,
        -3.578740 -0.269632 0.267689,
        -3.578740 -0.269665 0.267750,
        -3.578740 -0.195691 0.288639,
        -3.578740 -0.249769 0.261115,
        -3.578740 -0.255832 0.260326,
        -3.578740 -0.269665 0.248978,
        -3.578740 -0.263881 0.246775,
        -3.578740 -0.257128 0.245998,
        -3.578740 -0.253439 0.246131,
        -3.578740 -0.260056 0.260826,
        -3.578740 -0.263694 0.262250,
        -3.578740 -0.291139 0.276495,
        -3.578740 -0.283572 0.261758,
        -3.578740 -0.296371 0.289765,
        -3.578740 -0.277455 0.254412,
        -3.578740 -0.276315 0.253368,
        -3.578740 -0.270477 0.249287,
        -3.578740 -0.110283 0.289803,
        -3.578740 -0.834884 0.289765,
        -3.578740 -0.561739 0.289765,
        -3.578740 0.017172 0.424340,
        -3.578740 0.017172 0.290891,
        -3.578740 -0.056630 0.289765,
        -3.578740 -0.056630 0.236902,
        -3.578740 -0.056630 0.137795,
        -3.578740 -0.051565 0.424340,
        -3.578740 -0.056630 0.462341,
        -3.578740 -0.051565 0.408989,
        -3.578740 -0.054601 0.306105,
        -3.578740 -0.054601 0.290891,
        -3.578740 -0.000054 0.350997,
        -3.578740 -0.000054 0.306105,
        -3.578740 -0.047778 0.350997,
        -3.578740 -0.047778 0.366280,
        -3.578740 -0.000054 0.366280,
        -3.578740 -0.000054 0.408989,
        -3.578740 -0.449388 0.290891,
        -3.578740 -0.554402 0.335191,
        -3.578740 -0.547828 0.321389,
        -3.578740 -0.537911 0.309584,
        -3.578740 -0.550885 0.390418,
        -3.578740 -0.555819 0.377687,
        -3.578740 -0.561739 0.462341,
        -3.578740 -0.558037 0.359321,
        -3.578740 -0.557636 0.350813,
        -3.578740 -0.523950 0.299579,
        -3.578740 -0.508733 0.293643,
        -3.578740 -0.486093 0.290891,
        -3.578740 -0.449388 0.424340,
        -3.578740 -0.487458 0.424340,
        -3.578740 -0.507835 0.422089,
        -3.578740 -0.523941 0.416206,
        -3.578740 -0.537911 0.406669,
        -3.578740 -0.542627 0.402055,
        -3.578740 -0.584475 0.290891,
        -3.578740 -0.565440 0.290891,
        -3.578740 -0.666482 0.290891,
        -3.578740 -0.652871 0.327391,
        -3.578740 -0.597301 0.327391,
        -3.578740 -0.616268 0.424340,
        -3.578740 -0.634689 0.424340,
        -3.578740 0.017172 0.502594,
        -3.578740 0.017172 0.636044,
        -3.578740 -0.053202 0.502594,
        -3.578740 -0.383767 0.602122,
        -3.578740 -0.388701 0.589391,
        -3.578740 -0.390919 0.571025,
        -3.578740 -0.390517 0.562518,
        -3.578740 -0.387283 0.546895,
        -3.578740 -0.380710 0.533093,
        -3.578740 -0.370792 0.521288,
        -3.578740 -0.356831 0.511283,
        -3.578740 -0.320339 0.636044,
        -3.578740 -0.340717 0.633793,
        -3.578740 -0.356822 0.627910,
        -3.578740 -0.341614 0.505347,
        -3.578740 -0.318975 0.502594,
        -3.578740 -0.282270 0.502594,
        -3.578740 -0.282270 0.636044,
        -3.578740 -0.370792 0.618373,
        -3.578740 -0.375508 0.613759,
        -3.578740 -0.685517 0.290891,
        -3.578740 -0.834884 0.462341,
        -3.578740 -0.834884 0.501469,
        -3.578740 -0.834884 0.637169,
        -3.578740 -0.984252 0.289765,
        -3.578740 -0.984252 0.462341,
        -3.578740 -0.984252 0.501469,
        -3.578740 -0.984252 0.637169,
        -3.578740 -0.117682 0.637169,
        -3.578740 -0.064630 2.952756,
        -3.578740 -0.056630 2.952756,
        -3.578740 -0.984252 2.952756,
        -3.578740 -0.834884 2.952756,
        -3.578740 -0.561739 2.952756,
        -3.578740 -0.436783 2.952756,
        -3.578740 -0.394620 2.952756,
        -3.578740 -0.269665 2.952756,
        -3.578740 -0.238554 2.952756,
        -3.578740 -0.177560 2.952756,
        -3.578740 -0.152880 2.952756,
        -3.578740 -0.126954 0.638295,
        3.578740 0.795276 0.000000,
        3.578740 0.984252 0.000000,
        3.578740 -0.795276 0.000000,
        3.578740 -0.984252 0.000000,
        -1.842520 0.657480 2.795276,
        -1.842520 0.657480 2.559055,
        -1.842520 0.342520 2.795276,
        -1.842520 0.342520 2.559055,
        -2.157480 0.342520 2.795276,
        -2.157480 0.342520 2.559055,
        -2.157480 0.657480 2.795276,
        -2.157480 0.657480 2.559055,
        2.157480 -0.342520 2.795276,
        2.157480 -0.342520 2.559055,
        2.157480 -0.657480 2.795276,
        2.157480 -0.657480 2.559055,
        1.842520 -0.657480 2.795276,
        1.842520 -0.657480 2.559055,
        1.842520 -0.342520 2.795276,
        1.842520 -0.342520 2.559055,
        3.157480 0.657480 2.795276,
        3.157480 0.657480 2.559055,
        3.157480 0.342520 2.795276,
        3.157480 0.342520 2.559055,
        2.842520 0.342520 2.795276,
        2.842520 0.342520 2.559055,
        2.842520 0.657480 2.795276,
        2.842520 0.657480 2.559055,
        3.157480 -0.342520 2.795276,
        3.157480 -0.342520 2.559055,
        3.157480 -0.657480 2.795276,
        3.157480 -0.657480 2.559055,
        2.842520 -0.657480 2.795276,
        2.842520 -0.657480 2.559055,
        2.842520 -0.342520 2.795276,
        2.842520 -0.342520 2.559055,
        0.157480 0.657480 2.795276,
        0.157480 0.657480 2.559055,
        0.157480 0.342520 2.795276,
        0.157480 0.342520 2.559055,
        -0.157480 0.342520 2.795276,
        -0.157480 0.342520 2.559055,
        -0.157480 0.657480 2.795276,
        -0.157480 0.657480 2.559055,
        -0.842520 -0.342520 2.795276,
        -0.842520 -0.342520 2.559055,
        -0.842520 -0.657480 2.795276,
        -0.842520 -0.657480 2.559055,
        -1.157480 -0.657480 2.795276,
        -1.157480 -0.657480 2.559055,
        -1.157480 -0.342520 2.795276,
        -1.157480 -0.342520 2.559055,
        -0.842520 0.657480 2.795276,
        -0.842520 0.657480 2.559055,
        -0.842520 0.342520 2.795276,
        -0.842520 0.342520 2.559055,
        -1.157480 0.342520 2.795276,
        -1.157480 0.342520 2.559055,
        -1.157480 0.657480 2.795276,
        -1.157480 0.657480 2.559055,
        -1.842520 -0.342520 2.795276,
        -1.842520 -0.342520 2.559055,
        -1.842520 -0.657480 2.795276,
        -1.842520 -0.657480 2.559055,
        -2.157480 -0.657480 2.795276,
        -2.157480 -0.657480 2.559055,
        -2.157480 -0.342520 2.795276,
        -2.157480 -0.342520 2.559055,
        2.157480 0.657480 2.795276,
        2.157480 0.657480 2.559055,
        2.157480 0.342520 2.795276,
        2.157480 0.342520 2.559055,
        1.842520 0.342520 2.795276,
        1.842520 0.342520 2.559055,
        1.842520 0.657480 2.795276,
        1.842520 0.657480 2.559055,
        1.157480 -0.342520 2.795276,
        1.157480 -0.342520 2.559055,
        1.157480 -0.657480 2.795276,
        1.157480 -0.657480 2.559055,
        0.842520 -0.657480 2.795276,
        0.842520 -0.657480 2.559055,
        0.842520 -0.342520 2.795276,
        0.842520 -0.342520 2.559055,
        1.157480 0.657480 2.795276,
        1.157480 0.657480 2.559055,
        1.157480 0.342520 2.795276,
        1.157480 0.342520 2.559055,
        0.842520 0.342520 2.795276,
        0.842520 0.342520 2.559055,
        0.842520 0.657480 2.795276,
        0.842520 0.657480 2.559055,
        0.157480 -0.342520 2.795276,
        0.157480 -0.342520 2.559055,
        0.157480 -0.657480 2.795276,
        0.157480 -0.657480 2.559055,
        -0.157480 -0.657480 2.795276,
        -0.157480 -0.657480 2.559055,
        -0.157480 -0.342520 2.795276,
        -0.157480 -0.342520 2.559055,
        -2.842520 -0.342520 2.795276,
        -2.842520 -0.342520 2.559055,
        -2.842520 -0.657480 2.795276,
        -2.842520 -0.657480 2.559055,
        -3.157480 -0.657480 2.795276,
        -3.157480 -0.657480 2.559055,
        -3.157480 -0.342520 2.795276,
        -3.157480 -0.342520 2.559055,
        -2.842520 0.657480 2.795276,
        -2.842520 0.657480 2.559055,
        -2.842520 0.342520 2.795276,
        -2.842520 0.342520 2.559055,
        -3.157480 0.342520 2.795276,
        -3.157480 0.342520 2.559055,
        -3.157480 0.657480 2.795276,
        -3.157480 0.657480 2.559055,
        3.578740 -0.899606 2.952756,
        3.578740 -0.984252 2.952756,
        3.578740 -0.795276 0.137795,
        3.578740 0.795276 0.137795,
        3.578740 0.984252 2.952756,
        3.578740 0.000000 2.952756,
        -3.446850 0.984252 2.952756,
        -2.500000 0.984252 2.952756,
        -1.500000 0.984252 2.952756,
        -0.500000 0.984252 2.952756,
        0.500000 0.984252 2.952756,
        1.500000 0.984252 2.952756,
        2.500000 0.984252 2.952756,
        2.500000 -0.984252 2.952756,
        1.500000 -0.984252 2.952756,
        0.500000 -0.984252 2.952756,
        -0.500000 -0.984252 2.952756,
        -1.500000 -0.984252 2.952756,
        -2.500000 -0.984252 2.952756,
        -3.446850 -0.984252 2.952756,
        2.500000 -0.899606 2.952756,
        2.685039 0.814961 2.952756,
        2.685039 0.185039 2.952756,
        2.500000 0.000000 2.952756,
        3.314961 0.185039 2.952756,
        3.314961 0.814961 2.952756,
        1.685039 0.814961 2.952756,
        1.685039 0.185039 2.952756,
        1.500000 0.000000 2.952756,
        2.314961 0.185039 2.952756,
        2.314961 0.814961 2.952756,
        0.685039 0.814961 2.952756,
        0.685039 0.185039 2.952756,
        0.500000 0.000000 2.952756,
        1.314961 0.185039 2.952756,
        1.314961 0.814961 2.952756,
        -0.314961 0.814961 2.952756,
        -0.314961 0.185039 2.952756,
        -0.500000 0.000000 2.952756,
        0.314961 0.185039 2.952756,
        0.314961 0.814961 2.952756,
        -1.314961 0.814961 2.952756,
        -1.314961 0.185039 2.952756,
        -1.500000 0.000000 2.952756,
        -0.685039 0.185039 2.952756,
        -0.685039 0.814961 2.952756,
        -2.314961 0.814961 2.952756,
        -2.314961 0.185039 2.952756,
        -2.500000 0.000000 2.952756,
        -1.685039 0.185039 2.952756,
        -1.685039 0.814961 2.952756,
        -3.314961 0.814961 2.952756,
        -3.314961 0.185039 2.952756,
        -3.446850 0.000000 2.952756,
        -2.685039 0.185039 2.952756,
        -2.685039 0.814961 2.952756,
        2.685039 -0.185039 2.952756,
        2.685039 -0.814961 2.952756,
        3.314961 -0.814961 2.952756,
        3.314961 -0.185039 2.952756,
        1.685039 -0.185039 2.952756,
        1.685039 -0.814961 2.952756,
        1.500000 -0.899606 2.952756,
        2.314961 -0.814961 2.952756,
        2.314961 -0.185039 2.952756,
        0.685039 -0.185039 2.952756,
        0.685039 -0.814961 2.952756,
        0.500000 -0.899606 2.952756,
        1.314961 -0.814961 2.952756,
        1.314961 -0.185039 2.952756,
        -0.314961 -0.185039 2.952756,
        -0.314961 -0.814961 2.952756,
        -0.500000 -0.899606 2.952756,
        0.314961 -0.814961 2.952756,
        0.314961 -0.185039 2.952756,
        -1.314961 -0.185039 2.952756,
        -1.314961 -0.814961 2.952756,
        -1.500000 -0.899606 2.952756,
        -0.685039 -0.814961 2.952756,
        -0.685039 -0.185039 2.952756,
        -2.314961 -0.185039 2.952756,
        -2.314961 -0.814961 2.952756,
        -2.500000 -0.899606 2.952756,
        -1.685039 -0.814961 2.952756,
        -1.685039 -0.185039 2.952756,
        -3.314961 -0.185039 2.952756,
        -3.314961 -0.814961 2.952756,
        -3.446850 -0.899606 2.952756,
        -2.685039 -0.814961 2.952756,
        -2.685039 -0.185039 2.952756,
        -3.578740 0.000000 2.952756,
        -3.578740 -0.899606 2.952756,
        -2.606299 0.204724 2.559055,
        -3.393701 0.204724 2.559055,
        -3.393701 0.795276 2.559055,
        -2.606299 0.795276 2.559055,
        -3.393701 0.795276 0.137795,
        -3.393701 0.204724 0.137795,
        -2.606299 0.204724 0.137795,
        -2.606299 0.795276 0.137795,
        3.393701 0.795276 0.137795,
        3.393701 0.795276 2.559055,
        2.606299 0.795276 2.559055,
        2.606299 0.795276 0.137795,
        2.393701 0.795276 0.137795,
        2.393701 0.795276 2.559055,
        1.606299 0.795276 2.559055,
        1.606299 0.795276 0.137795,
        1.393701 0.795276 0.137795,
        1.393701 0.795276 2.559055,
        0.606299 0.795276 2.559055,
        0.606299 0.795276 0.137795,
        0.393701 0.795276 0.137795,
        0.393701 0.795276 2.559055,
        -0.393701 0.795276 2.559055,
        -0.393701 0.795276 0.137795,
        -0.606299 0.795276 0.137795,
        -0.606299 0.795276 2.559055,
        -1.393701 0.795276 2.559055,
        -1.393701 0.795276 0.137795,
        -1.606299 0.795276 0.137795,
        -2.393701 0.795276 0.137795,
        -2.393701 0.795276 2.559055,
        -1.606299 0.795276 2.559055,
        -2.606299 -0.795276 2.559055,
        -3.393701 -0.795276 2.559055,
        -3.393701 -0.204724 2.559055,
        -2.606299 -0.204724 2.559055,
        -3.393701 -0.204724 0.137795,
        -3.393701 -0.795276 0.137795,
        -2.393701 -0.795276 2.559055,
        -1.606299 -0.795276 2.559055,
        -2.393701 -0.795276 0.137795,
        -1.606299 -0.795276 0.137795,
        3.393701 -0.795276 0.137795,
        -0.393701 -0.795276 0.137795,
        -0.606299 -0.795276 0.137795,
        -1.393701 -0.795276 0.137795,
        -0.606299 -0.795276 2.559055,
        -1.393701 -0.795276 2.559055,
        -2.606299 -0.795276 0.137795,
        0.606299 -0.795276 0.137795,
        0.606299 -0.795276 2.559055,
        1.393701 -0.795276 2.559055,
        1.393701 -0.795276 0.137795,
        1.606299 -0.795276 0.137795,
        0.393701 -0.795276 0.137795,
        0.393701 -0.795276 2.559055,
        -0.393701 -0.795276 2.559055,
        2.606299 -0.795276 0.137795,
        2.606299 -0.795276 2.559055,
        3.393701 -0.795276 2.559055,
        2.393701 -0.795276 0.137795,
        2.393701 -0.795276 2.559055,
        1.606299 -0.795276 2.559055,
        -2.606299 -0.204724 0.137795,
        -0.393701 -0.204724 2.559055,
        0.393701 -0.204724 2.559055,
        -0.393701 -0.204724 0.137795,
        0.393701 -0.204724 0.137795,
        1.393701 0.204724 2.559055,
        0.606299 0.204724 2.559055,
        0.606299 0.204724 0.137795,
        1.393701 0.204724 0.137795,
        0.606299 -0.204724 2.559055,
        1.393701 -0.204724 2.559055,
        0.606299 -0.204724 0.137795,
        1.393701 -0.204724 0.137795,
        2.393701 0.204724 2.559055,
        1.606299 0.204724 2.559055,
        1.606299 0.204724 0.137795,
        2.393701 0.204724 0.137795,
        -2.393701 -0.204724 2.559055,
        -1.606299 -0.204724 2.559055,
        -2.393701 -0.204724 0.137795,
        -1.606299 -0.204724 0.137795,
        -0.606299 0.204724 2.559055,
        -1.393701 0.204724 2.559055,
        -1.393701 0.204724 0.137795,
        -0.606299 0.204724 0.137795,
        -1.393701 -0.204724 2.559055,
        -0.606299 -0.204724 2.559055,
        -1.393701 -0.204724 0.137795,
        -0.606299 -0.204724 0.137795,
        0.393701 0.204724 2.559055,
        -0.393701 0.204724 2.559055,
        -0.393701 0.204724 0.137795,
        0.393701 0.204724 0.137795,
        2.606299 -0.204724 2.559055,
        3.393701 -0.204724 2.559055,
        2.606299 -0.204724 0.137795,
        3.393701 -0.204724 0.137795,
        3.393701 0.204724 2.559055,
        2.606299 0.204724 2.559055,
        2.606299 0.204724 0.137795,
        3.393701 0.204724 0.137795,
        1.606299 -0.204724 2.559055,
        2.393701 -0.204724 2.559055,
        1.606299 -0.204724 0.137795,
        2.393701 -0.204724 0.137795,
        -1.606299 0.204724 2.559055,
        -2.393701 0.204724 2.559055,
        -2.393701 0.204724 0.137795,
        -1.606299 0.204724 0.137795,
      ]
    }
    coordIndex [
      0, 1, 2, -1,
      3, 4, 5, -1,
      6, 7, 8, -1,
      9, 10, 11, -1,
      12, 13, 14, -1,
      15, 16, 17, -1,
      17, 16, 18, -1,
      19, 20, 17, -1,
      17, 20, 21, -1,
      17, 21, 22, -1,
      22, 23, 17, -1,
      17, 23, 24, -1,
      17, 24, 15, -1,
      25, 26, 27, -1,
      27, 26, 28, -1,
      28, 26, 29, -1,
      28, 29, 30, -1,
      25, 27, 31, -1,
      31, 27, 32, -1,
      31, 32, 33, -1,
      34, 35, 32, -1,
      32, 35, 36, -1,
      32, 36, 37, -1,
      32, 38, 33, -1,
      33, 38, 39, -1,
      33, 39, 40, -1,
      40, 39, 41, -1,
      40, 41, 42, -1,
      37, 43, 32, -1,
      32, 43, 44, -1,
      32, 44, 38, -1,
      45, 46, 47, -1,
      45, 47, 48, -1,
      46, 49, 47, -1,
      47, 49, 50, -1,
      47, 50, 51, -1,
      51, 50, 52, -1,
      52, 53, 51, -1,
      51, 53, 54, -1,
      51, 54, 34, -1,
      34, 54, 55, -1,
      34, 55, 35, -1,
      56, 48, 57, -1,
      57, 48, 47, -1,
      57, 47, 58, -1,
      58, 47, 59, -1,
      58, 59, 60, -1,
      60, 59, 61, -1,
      62, 63, 59, -1,
      59, 63, 64, -1,
      65, 66, 67, -1,
      67, 68, 65, -1,
      65, 68, 69, -1,
      65, 69, 64, -1,
      69, 70, 64, -1,
      64, 70, 71, -1,
      64, 71, 59, -1,
      59, 71, 72, -1,
      59, 72, 61, -1,
      73, 74, 66, -1,
      66, 74, 75, -1,
      66, 75, 76, -1,
      76, 77, 66, -1,
      66, 77, 78, -1,
      66, 78, 67, -1,
      79, 80, 81, -1,
      82, 83, 84, -1,
      85, 86, 73, -1,
      87, 88, 89, -1,
      89, 88, 90, -1,
      82, 84, 91, -1,
      85, 73, 92, -1,
      93, 94, 88, -1,
      88, 94, 95, -1,
      88, 95, 96, -1,
      81, 80, 73, -1,
      73, 80, 97, -1,
      73, 97, 92, -1,
      83, 98, 84, -1,
      84, 98, 99, -1,
      84, 99, 100, -1,
      101, 102, 103, -1,
      103, 102, 104, -1,
      103, 104, 105, -1,
      106, 96, 107, -1,
      107, 96, 108, -1,
      107, 108, 103, -1,
      103, 108, 109, -1,
      103, 109, 101, -1,
      106, 110, 96, -1,
      96, 110, 111, -1,
      96, 111, 88, -1,
      88, 111, 112, -1,
      88, 112, 90, -1,
      113, 114, 115, -1,
      115, 114, 116, -1,
      115, 116, 84, -1,
      84, 116, 117, -1,
      84, 117, 91, -1,
      118, 119, 84, -1,
      84, 119, 120, -1,
      84, 120, 88, -1,
      88, 120, 121, -1,
      88, 121, 93, -1,
      122, 123, 74, -1,
      74, 123, 124, -1,
      74, 124, 125, -1,
      125, 126, 74, -1,
      74, 126, 127, -1,
      74, 127, 128, -1,
      128, 127, 113, -1,
      128, 113, 129, -1,
      129, 113, 115, -1,
      86, 130, 73, -1,
      73, 130, 131, -1,
      73, 131, 74, -1,
      74, 131, 132, -1,
      74, 132, 122, -1,
      100, 133, 84, -1,
      84, 133, 134, -1,
      84, 134, 135, -1,
      135, 136, 84, -1,
      84, 136, 137, -1,
      84, 137, 118, -1,
      138, 139, 140, -1,
      140, 96, 138, -1,
      138, 96, 95, -1,
      138, 95, 141, -1,
      141, 95, 142, -1,
      142, 143, 141, -1,
      141, 143, 144, -1,
      141, 144, 145, -1,
      146, 147, 148, -1,
      147, 149, 148, -1,
      148, 149, 150, -1,
      148, 150, 151, -1,
      152, 148, 153, -1,
      139, 138, 152, -1,
      152, 138, 154, -1,
      152, 154, 148, -1,
      148, 154, 155, -1,
      148, 155, 146, -1,
      153, 156, 152, -1,
      152, 156, 157, -1,
      152, 157, 158, -1,
      151, 150, 159, -1,
      159, 150, 160, -1,
      159, 160, 161, -1,
      161, 160, 162, -1,
      161, 162, 163, -1,
      164, 165, 158, -1,
      158, 165, 166, -1,
      158, 166, 152, -1,
      16, 167, 18, -1,
      18, 167, 168, -1,
      18, 168, 81, -1,
      81, 168, 169, -1,
      81, 169, 79, -1,
      14, 13, 170, -1,
      170, 13, 171, -1,
      170, 171, 172, -1,
      173, 174, 175, -1,
      176, 177, 178, -1,
      178, 177, 179, -1,
      178, 179, 172, -1,
      180, 181, 182, -1,
      182, 181, 183, -1,
      182, 183, 174, -1,
      174, 183, 184, -1,
      174, 184, 175, -1,
      175, 184, 185, -1,
      175, 185, 186, -1,
      186, 185, 187, -1,
      186, 187, 188, -1,
      189, 190, 191, -1,
      192, 193, 194, -1,
      194, 193, 195, -1,
      194, 195, 196, -1,
      196, 195, 189, -1,
      196, 189, 197, -1,
      197, 189, 191, -1,
      198, 199, 200, -1,
      201, 202, 203, -1,
      204, 205, 198, -1,
      205, 206, 198, -1,
      198, 206, 207, -1,
      198, 207, 199, -1,
      199, 207, 208, -1,
      201, 203, 198, -1,
      198, 203, 209, -1,
      198, 209, 204, -1,
      210, 211, 212, -1,
      212, 211, 213, -1,
      212, 213, 200, -1,
      200, 213, 214, -1,
      200, 214, 198, -1,
      215, 216, 11, -1,
      217, 218, 219, -1,
      208, 220, 199, -1,
      199, 220, 221, -1,
      199, 221, 219, -1,
      219, 221, 222, -1,
      219, 222, 217, -1,
      223, 224, 11, -1,
      11, 224, 225, -1,
      218, 226, 219, -1,
      219, 226, 227, -1,
      219, 227, 228, -1,
      228, 227, 229, -1,
      228, 229, 215, -1,
      230, 231, 216, -1,
      216, 231, 232, -1,
      216, 232, 11, -1,
      11, 232, 233, -1,
      11, 233, 223, -1,
      225, 234, 11, -1,
      11, 234, 235, -1,
      11, 235, 9, -1,
      236, 237, 238, -1,
      238, 237, 239, -1,
      238, 239, 240, -1,
      238, 241, 236, -1,
      236, 241, 242, -1,
      236, 242, 243, -1,
      243, 244, 236, -1,
      236, 244, 245, -1,
      236, 245, 246, -1,
      246, 245, 247, -1,
      246, 247, 248, -1,
      248, 247, 249, -1,
      248, 249, 216, -1,
      216, 249, 250, -1,
      216, 250, 230, -1,
      251, 252, 240, -1,
      240, 252, 253, -1,
      240, 253, 238, -1,
      254, 255, 202, -1,
      202, 255, 256, -1,
      202, 256, 203, -1,
      254, 257, 255, -1,
      255, 257, 258, -1,
      255, 258, 259, -1,
      259, 258, 260, -1,
      259, 261, 262, -1,
      260, 263, 259, -1,
      259, 263, 264, -1,
      259, 264, 265, -1,
      265, 266, 259, -1,
      259, 266, 267, -1,
      259, 267, 261, -1,
      262, 268, 259, -1,
      259, 268, 269, -1,
      259, 269, 270, -1,
      271, 272, 273, -1,
      274, 275, 273, -1,
      273, 275, 276, -1,
      273, 276, 271, -1,
      272, 271, 277, -1,
      277, 271, 278, -1,
      277, 278, 279, -1,
      275, 280, 276, -1,
      276, 280, 281, -1,
      276, 281, 282, -1,
      282, 281, 283, -1,
      282, 283, 284, -1,
      284, 283, 285, -1,
      284, 285, 279, -1,
      279, 285, 286, -1,
      279, 286, 277, -1,
      287, 288, 289, -1,
      287, 289, 290, -1,
      290, 289, 291, -1,
      290, 291, 292, -1,
      293, 292, 294, -1,
      294, 292, 291, -1,
      294, 291, 295, -1,
      295, 291, 296, -1,
      295, 296, 297, -1,
      297, 296, 298, -1,
      299, 300, 301, -1,
      302, 303, 304, -1,
      304, 303, 305, -1,
      304, 305, 293, -1,
      293, 305, 306, -1,
      293, 306, 292, -1,
      292, 306, 307, -1,
      292, 307, 301, -1,
      301, 307, 308, -1,
      301, 308, 299, -1,
      288, 287, 309, -1,
      309, 287, 310, -1,
      309, 310, 299, -1,
      311, 3, 312, -1,
      312, 3, 313, -1,
      312, 313, 7, -1,
      6, 314, 315, -1,
      315, 314, 316, -1,
      315, 316, 317, -1,
      317, 316, 318, -1,
      317, 318, 319, -1,
      319, 318, 320, -1,
      319, 320, 321, -1,
      321, 320, 322, -1,
      321, 322, 323, -1,
      323, 322, 324, -1,
      323, 324, 325, -1,
      326, 327, 328, -1,
      326, 328, 329, -1,
      299, 310, 300, -1,
      300, 310, 330, -1,
      300, 330, 331, -1,
      331, 330, 332, -1,
      331, 332, 328, -1,
      328, 332, 333, -1,
      328, 333, 329, -1,
      327, 334, 328, -1,
      328, 334, 335, -1,
      328, 335, 336, -1,
      336, 337, 328, -1,
      328, 337, 338, -1,
      328, 338, 339, -1,
      339, 340, 328, -1,
      328, 340, 341, -1,
      328, 341, 342, -1,
      342, 341, 343, -1,
      343, 341, 344, -1,
      344, 341, 345, -1,
      344, 345, 346, -1,
      346, 347, 344, -1,
      344, 347, 348, -1,
      344, 348, 349, -1,
      349, 348, 350, -1,
      351, 352, 353, -1,
      353, 352, 354, -1,
      353, 354, 310, -1,
      310, 354, 355, -1,
      310, 355, 330, -1,
      356, 357, 358, -1,
      358, 359, 356, -1,
      356, 359, 360, -1,
      356, 360, 361, -1,
      362, 363, 356, -1,
      356, 363, 364, -1,
      356, 364, 357, -1,
      365, 366, 367, -1,
      367, 366, 368, -1,
      367, 368, 362, -1,
      362, 368, 369, -1,
      362, 369, 363, -1,
      370, 371, 372, -1,
      372, 371, 373, -1,
      373, 374, 372, -1,
      372, 374, 375, -1,
      372, 375, 365, -1,
      370, 372, 376, -1,
      376, 372, 377, -1,
      376, 377, 378, -1,
      378, 377, 379, -1,
      379, 377, 199, -1,
      379, 199, 380, -1,
      331, 381, 300, -1,
      300, 381, 382, -1,
      300, 382, 383, -1,
      383, 382, 384, -1,
      383, 384, 385, -1,
      386, 387, 388, -1,
      388, 387, 389, -1,
      390, 391, 392, -1,
      392, 393, 394, -1,
      395, 396, 397, -1,
      398, 399, 199, -1,
      386, 400, 387, -1,
      387, 400, 401, -1,
      387, 401, 402, -1,
      402, 401, 403, -1,
      404, 405, 403, -1,
      403, 405, 406, -1,
      403, 406, 402, -1,
      391, 407, 392, -1,
      392, 407, 408, -1,
      392, 408, 393, -1,
      399, 409, 199, -1,
      199, 409, 410, -1,
      199, 410, 411, -1,
      397, 412, 395, -1,
      395, 412, 413, -1,
      395, 413, 414, -1,
      415, 416, 377, -1,
      377, 416, 417, -1,
      377, 417, 199, -1,
      199, 417, 418, -1,
      199, 418, 398, -1,
      394, 419, 392, -1,
      392, 419, 420, -1,
      392, 420, 377, -1,
      377, 420, 389, -1,
      377, 389, 415, -1,
      415, 389, 387, -1,
      421, 422, 403, -1,
      403, 422, 423, -1,
      403, 423, 424, -1,
      411, 425, 199, -1,
      199, 425, 426, -1,
      199, 426, 200, -1,
      200, 426, 427, -1,
      200, 427, 395, -1,
      424, 428, 403, -1,
      403, 428, 429, -1,
      403, 429, 404, -1,
      390, 392, 430, -1,
      430, 392, 431, -1,
      430, 431, 432, -1,
      325, 324, 431, -1,
      431, 324, 433, -1,
      431, 433, 432, -1,
      434, 435, 11, -1,
      11, 435, 436, -1,
      215, 11, 228, -1,
      228, 11, 436, -1,
      228, 436, 193, -1,
      193, 436, 437, -1,
      193, 437, 195, -1,
      438, 435, 439, -1,
      439, 435, 434, -1,
      439, 434, 440, -1,
      320, 441, 442, -1,
      443, 444, 434, -1,
      434, 444, 445, -1,
      434, 445, 440, -1,
      446, 322, 10, -1,
      10, 322, 320, -1,
      10, 320, 11, -1,
      11, 320, 442, -1,
      11, 442, 434, -1,
      434, 442, 447, -1,
      434, 447, 448, -1,
      449, 450, 318, -1,
      318, 450, 451, -1,
      318, 451, 320, -1,
      320, 451, 452, -1,
      320, 452, 441, -1,
      448, 453, 434, -1,
      434, 453, 454, -1,
      434, 454, 443, -1,
      455, 456, 316, -1,
      455, 316, 457, -1,
      456, 458, 316, -1,
      316, 458, 459, -1,
      316, 459, 318, -1,
      318, 459, 460, -1,
      318, 460, 449, -1,
      446, 210, 322, -1,
      322, 210, 212, -1,
      322, 212, 324, -1,
      324, 212, 200, -1,
      324, 200, 433, -1,
      433, 200, 395, -1,
      433, 395, 461, -1,
      461, 395, 414, -1,
      314, 175, 316, -1,
      316, 175, 186, -1,
      316, 186, 457, -1,
      457, 186, 188, -1,
      457, 188, 192, -1,
      192, 188, 12, -1,
      192, 12, 193, -1,
      193, 12, 14, -1,
      7, 313, 8, -1,
      8, 313, 462, -1,
      8, 462, 463, -1,
      464, 81, 465, -1,
      465, 81, 73, -1,
      465, 73, 466, -1,
      466, 73, 66, -1,
      466, 66, 467, -1,
      467, 66, 65, -1,
      467, 65, 468, -1,
      464, 469, 470, -1,
      469, 471, 470, -1,
      470, 471, 472, -1,
      470, 472, 466, -1,
      466, 472, 473, -1,
      466, 473, 465, -1,
      474, 475, 476, -1,
      476, 475, 472, -1,
      476, 472, 477, -1,
      477, 472, 471, -1,
      477, 471, 478, -1,
      478, 471, 479, -1,
      179, 173, 172, -1,
      172, 173, 175, -1,
      172, 175, 170, -1,
      170, 175, 480, -1,
      481, 482, 463, -1,
      463, 482, 483, -1,
      484, 485, 486, -1,
      486, 485, 487, -1,
      486, 487, 463, -1,
      463, 487, 488, -1,
      463, 488, 481, -1,
      483, 489, 463, -1,
      463, 489, 490, -1,
      463, 490, 491, -1,
      6, 8, 314, -1,
      314, 8, 463, -1,
      314, 463, 175, -1,
      175, 463, 491, -1,
      175, 491, 480, -1,
      480, 492, 170, -1,
      170, 492, 493, -1,
      170, 493, 486, -1,
      486, 493, 494, -1,
      486, 494, 495, -1,
      495, 496, 486, -1,
      486, 496, 497, -1,
      486, 497, 484, -1,
      498, 499, 463, -1,
      500, 501, 502, -1,
      463, 499, 486, -1,
      486, 499, 503, -1,
      486, 503, 504, -1,
      365, 367, 372, -1,
      372, 367, 470, -1,
      372, 470, 377, -1,
      377, 470, 466, -1,
      377, 466, 392, -1,
      392, 466, 467, -1,
      392, 467, 431, -1,
      431, 467, 468, -1,
      431, 468, 325, -1,
      486, 271, 170, -1,
      170, 271, 276, -1,
      170, 276, 14, -1,
      14, 276, 282, -1,
      14, 282, 193, -1,
      193, 282, 292, -1,
      193, 292, 228, -1,
      228, 292, 301, -1,
      228, 301, 219, -1,
      219, 301, 300, -1,
      219, 300, 199, -1,
      199, 300, 383, -1,
      199, 383, 380, -1,
      380, 383, 385, -1,
      464, 470, 81, -1,
      81, 470, 367, -1,
      81, 367, 18, -1,
      18, 367, 505, -1,
      18, 505, 17, -1,
      505, 506, 17, -1,
      17, 506, 0, -1,
      17, 0, 362, -1,
      362, 0, 2, -1,
      362, 2, 367, -1,
      367, 2, 507, -1,
      367, 507, 505, -1,
      508, 509, 284, -1,
      284, 509, 510, -1,
      284, 510, 282, -1,
      282, 510, 511, -1,
      282, 511, 512, -1,
      512, 513, 282, -1,
      282, 513, 514, -1,
      282, 514, 515, -1,
      290, 516, 284, -1,
      284, 516, 517, -1,
      284, 517, 518, -1,
      515, 519, 282, -1,
      282, 519, 520, -1,
      282, 520, 292, -1,
      292, 520, 521, -1,
      292, 521, 290, -1,
      290, 521, 522, -1,
      290, 522, 516, -1,
      518, 523, 284, -1,
      284, 523, 524, -1,
      284, 524, 508, -1,
      502, 498, 500, -1,
      500, 498, 463, -1,
      500, 463, 525, -1,
      525, 463, 462, -1,
      525, 462, 504, -1,
      504, 462, 526, -1,
      504, 526, 486, -1,
      486, 526, 527, -1,
      486, 527, 271, -1,
      271, 527, 528, -1,
      271, 528, 278, -1,
      3, 5, 313, -1,
      313, 5, 529, -1,
      313, 529, 462, -1,
      462, 529, 530, -1,
      462, 530, 526, -1,
      526, 530, 531, -1,
      526, 531, 527, -1,
      527, 531, 532, -1,
      527, 532, 528, -1,
      361, 533, 356, -1,
      356, 533, 534, -1,
      356, 534, 362, -1,
      362, 534, 535, -1,
      362, 535, 17, -1,
      17, 535, 28, -1,
      17, 28, 19, -1,
      19, 28, 30, -1,
      532, 536, 528, -1,
      528, 536, 537, -1,
      528, 537, 278, -1,
      278, 537, 538, -1,
      278, 538, 279, -1,
      279, 538, 539, -1,
      279, 539, 284, -1,
      284, 539, 540, -1,
      284, 540, 290, -1,
      290, 540, 541, -1,
      290, 541, 287, -1,
      287, 541, 542, -1,
      287, 542, 310, -1,
      310, 542, 543, -1,
      310, 543, 353, -1,
      353, 543, 544, -1,
      353, 544, 351, -1,
      351, 544, 534, -1,
      351, 534, 545, -1,
      545, 534, 533, -1,
      63, 62, 546, -1,
      546, 62, 547, -1,
      548, 549, 311, -1,
      311, 549, 4, -1,
      550, 551, 552, -1,
      552, 551, 553, -1,
      552, 553, 554, -1,
      554, 553, 555, -1,
      554, 555, 556, -1,
      556, 555, 557, -1,
      556, 557, 550, -1,
      550, 557, 551, -1,
      558, 559, 560, -1,
      560, 559, 561, -1,
      560, 561, 562, -1,
      562, 561, 563, -1,
      562, 563, 564, -1,
      564, 563, 565, -1,
      564, 565, 558, -1,
      558, 565, 559, -1,
      566, 567, 568, -1,
      568, 567, 569, -1,
      568, 569, 570, -1,
      570, 569, 571, -1,
      570, 571, 572, -1,
      572, 571, 573, -1,
      572, 573, 566, -1,
      566, 573, 567, -1,
      574, 575, 576, -1,
      576, 575, 577, -1,
      576, 577, 578, -1,
      578, 577, 579, -1,
      578, 579, 580, -1,
      580, 579, 581, -1,
      580, 581, 574, -1,
      574, 581, 575, -1,
      582, 583, 584, -1,
      584, 583, 585, -1,
      584, 585, 586, -1,
      586, 585, 587, -1,
      586, 587, 588, -1,
      588, 587, 589, -1,
      588, 589, 582, -1,
      582, 589, 583, -1,
      590, 591, 592, -1,
      592, 591, 593, -1,
      592, 593, 594, -1,
      594, 593, 595, -1,
      594, 595, 596, -1,
      596, 595, 597, -1,
      596, 597, 590, -1,
      590, 597, 591, -1,
      598, 599, 600, -1,
      600, 599, 601, -1,
      600, 601, 602, -1,
      602, 601, 603, -1,
      602, 603, 604, -1,
      604, 603, 605, -1,
      604, 605, 598, -1,
      598, 605, 599, -1,
      606, 607, 608, -1,
      608, 607, 609, -1,
      608, 609, 610, -1,
      610, 609, 611, -1,
      610, 611, 612, -1,
      612, 611, 613, -1,
      612, 613, 606, -1,
      606, 613, 607, -1,
      614, 615, 616, -1,
      616, 615, 617, -1,
      616, 617, 618, -1,
      618, 617, 619, -1,
      618, 619, 620, -1,
      620, 619, 621, -1,
      620, 621, 614, -1,
      614, 621, 615, -1,
      622, 623, 624, -1,
      624, 623, 625, -1,
      624, 625, 626, -1,
      626, 625, 627, -1,
      626, 627, 628, -1,
      628, 627, 629, -1,
      628, 629, 622, -1,
      622, 629, 623, -1,
      630, 631, 632, -1,
      632, 631, 633, -1,
      632, 633, 634, -1,
      634, 633, 635, -1,
      634, 635, 636, -1,
      636, 635, 637, -1,
      636, 637, 630, -1,
      630, 637, 631, -1,
      638, 639, 640, -1,
      640, 639, 641, -1,
      640, 641, 642, -1,
      642, 641, 643, -1,
      642, 643, 644, -1,
      644, 643, 645, -1,
      644, 645, 638, -1,
      638, 645, 639, -1,
      646, 647, 648, -1,
      648, 647, 649, -1,
      648, 649, 650, -1,
      650, 649, 651, -1,
      650, 651, 652, -1,
      652, 651, 653, -1,
      652, 653, 646, -1,
      646, 653, 647, -1,
      654, 655, 656, -1,
      656, 655, 657, -1,
      656, 657, 658, -1,
      658, 657, 659, -1,
      658, 659, 660, -1,
      660, 659, 661, -1,
      660, 661, 654, -1,
      654, 661, 655, -1,
      662, 663, 664, -1,
      664, 663, 549, -1,
      664, 549, 548, -1,
      546, 547, 665, -1,
      665, 547, 666, -1,
      665, 666, 664, -1,
      664, 666, 667, -1,
      664, 667, 662, -1,
      27, 668, 62, -1,
      62, 668, 669, -1,
      669, 670, 62, -1,
      62, 670, 671, -1,
      62, 671, 547, -1,
      547, 671, 672, -1,
      672, 673, 547, -1,
      547, 673, 674, -1,
      547, 674, 666, -1,
      549, 663, 675, -1,
      675, 676, 549, -1,
      549, 676, 677, -1,
      549, 677, 4, -1,
      4, 677, 678, -1,
      4, 678, 679, -1,
      679, 680, 4, -1,
      4, 680, 681, -1,
      4, 681, 536, -1,
      663, 662, 682, -1,
      683, 674, 684, -1,
      684, 674, 685, -1,
      684, 685, 686, -1,
      686, 685, 667, -1,
      686, 667, 687, -1,
      687, 667, 666, -1,
      687, 666, 683, -1,
      683, 666, 674, -1,
      688, 673, 689, -1,
      689, 673, 690, -1,
      689, 690, 691, -1,
      691, 690, 685, -1,
      691, 685, 692, -1,
      692, 685, 674, -1,
      692, 674, 688, -1,
      688, 674, 673, -1,
      693, 672, 694, -1,
      694, 672, 695, -1,
      694, 695, 696, -1,
      696, 695, 690, -1,
      696, 690, 697, -1,
      697, 690, 673, -1,
      697, 673, 693, -1,
      693, 673, 672, -1,
      698, 671, 699, -1,
      699, 671, 700, -1,
      699, 700, 701, -1,
      701, 700, 695, -1,
      701, 695, 702, -1,
      702, 695, 672, -1,
      702, 672, 698, -1,
      698, 672, 671, -1,
      703, 670, 704, -1,
      704, 670, 705, -1,
      704, 705, 706, -1,
      706, 705, 700, -1,
      706, 700, 707, -1,
      707, 700, 671, -1,
      707, 671, 703, -1,
      703, 671, 670, -1,
      708, 669, 709, -1,
      709, 669, 710, -1,
      709, 710, 711, -1,
      711, 710, 705, -1,
      711, 705, 712, -1,
      712, 705, 670, -1,
      712, 670, 708, -1,
      708, 670, 669, -1,
      713, 668, 714, -1,
      714, 668, 715, -1,
      714, 715, 716, -1,
      716, 715, 710, -1,
      716, 710, 717, -1,
      717, 710, 669, -1,
      717, 669, 713, -1,
      713, 669, 668, -1,
      718, 685, 719, -1,
      719, 685, 682, -1,
      719, 682, 720, -1,
      720, 682, 662, -1,
      720, 662, 721, -1,
      721, 662, 667, -1,
      721, 667, 718, -1,
      718, 667, 685, -1,
      722, 690, 723, -1,
      723, 690, 724, -1,
      723, 724, 725, -1,
      725, 724, 682, -1,
      725, 682, 726, -1,
      726, 682, 685, -1,
      726, 685, 722, -1,
      722, 685, 690, -1,
      727, 695, 728, -1,
      728, 695, 729, -1,
      728, 729, 730, -1,
      730, 729, 724, -1,
      730, 724, 731, -1,
      731, 724, 690, -1,
      731, 690, 727, -1,
      727, 690, 695, -1,
      732, 700, 733, -1,
      733, 700, 734, -1,
      733, 734, 735, -1,
      735, 734, 729, -1,
      735, 729, 736, -1,
      736, 729, 695, -1,
      736, 695, 732, -1,
      732, 695, 700, -1,
      737, 705, 738, -1,
      738, 705, 739, -1,
      738, 739, 740, -1,
      740, 739, 734, -1,
      740, 734, 741, -1,
      741, 734, 700, -1,
      741, 700, 737, -1,
      737, 700, 705, -1,
      742, 710, 743, -1,
      743, 710, 744, -1,
      743, 744, 745, -1,
      745, 744, 739, -1,
      745, 739, 746, -1,
      746, 739, 705, -1,
      746, 705, 742, -1,
      742, 705, 710, -1,
      747, 715, 748, -1,
      748, 715, 749, -1,
      748, 749, 750, -1,
      750, 749, 744, -1,
      750, 744, 751, -1,
      751, 744, 710, -1,
      751, 710, 747, -1,
      747, 710, 715, -1,
      668, 27, 715, -1,
      715, 27, 752, -1,
      715, 752, 749, -1,
      749, 752, 753, -1,
      663, 682, 675, -1,
      675, 682, 724, -1,
      675, 724, 676, -1,
      676, 724, 729, -1,
      676, 729, 677, -1,
      677, 729, 734, -1,
      677, 734, 678, -1,
      678, 734, 739, -1,
      678, 739, 679, -1,
      679, 739, 744, -1,
      679, 744, 680, -1,
      680, 744, 749, -1,
      680, 749, 681, -1,
      681, 749, 753, -1,
      681, 753, 536, -1,
      657, 754, 659, -1,
      659, 754, 755, -1,
      659, 755, 661, -1,
      661, 755, 756, -1,
      661, 756, 655, -1,
      655, 756, 757, -1,
      655, 757, 657, -1,
      657, 757, 754, -1,
      756, 755, 758, -1,
      758, 755, 759, -1,
      755, 754, 759, -1,
      759, 754, 760, -1,
      754, 757, 760, -1,
      760, 757, 761, -1,
      64, 63, 758, -1,
      758, 63, 546, -1,
      761, 757, 756, -1,
      546, 665, 762, -1,
      763, 764, 762, -1,
      762, 764, 765, -1,
      762, 765, 546, -1,
      546, 765, 766, -1,
      767, 768, 766, -1,
      766, 768, 769, -1,
      766, 769, 546, -1,
      546, 769, 770, -1,
      771, 772, 770, -1,
      770, 772, 773, -1,
      770, 773, 546, -1,
      546, 773, 774, -1,
      775, 776, 774, -1,
      774, 776, 777, -1,
      774, 777, 546, -1,
      546, 777, 778, -1,
      779, 780, 778, -1,
      778, 780, 781, -1,
      778, 781, 546, -1,
      546, 781, 782, -1,
      756, 758, 761, -1,
      761, 758, 546, -1,
      761, 546, 783, -1,
      783, 546, 782, -1,
      783, 782, 784, -1,
      784, 782, 785, -1,
      649, 786, 651, -1,
      651, 786, 787, -1,
      651, 787, 653, -1,
      653, 787, 788, -1,
      653, 788, 647, -1,
      647, 788, 789, -1,
      647, 789, 649, -1,
      649, 789, 786, -1,
      788, 787, 790, -1,
      790, 787, 791, -1,
      311, 312, 791, -1,
      792, 793, 794, -1,
      794, 793, 795, -1,
      796, 664, 548, -1,
      797, 548, 798, -1,
      798, 548, 799, -1,
      798, 799, 800, -1,
      800, 799, 801, -1,
      787, 786, 791, -1,
      791, 786, 802, -1,
      791, 802, 311, -1,
      311, 802, 794, -1,
      311, 794, 548, -1,
      548, 794, 795, -1,
      548, 795, 799, -1,
      803, 804, 805, -1,
      806, 807, 548, -1,
      805, 806, 803, -1,
      803, 806, 548, -1,
      803, 548, 808, -1,
      808, 548, 797, -1,
      808, 797, 809, -1,
      809, 797, 810, -1,
      811, 812, 813, -1,
      813, 796, 811, -1,
      811, 796, 548, -1,
      811, 548, 814, -1,
      814, 548, 807, -1,
      814, 807, 815, -1,
      815, 807, 816, -1,
      786, 789, 802, -1,
      802, 789, 817, -1,
      789, 788, 817, -1,
      817, 788, 790, -1,
      747, 652, 751, -1,
      751, 652, 646, -1,
      748, 650, 747, -1,
      747, 650, 652, -1,
      648, 750, 646, -1,
      646, 750, 751, -1,
      750, 648, 748, -1,
      748, 648, 650, -1,
      713, 660, 717, -1,
      717, 660, 654, -1,
      714, 658, 713, -1,
      713, 658, 660, -1,
      656, 716, 654, -1,
      654, 716, 717, -1,
      716, 656, 714, -1,
      714, 656, 658, -1,
      641, 809, 643, -1,
      643, 809, 810, -1,
      643, 810, 645, -1,
      645, 810, 818, -1,
      645, 818, 639, -1,
      639, 818, 819, -1,
      639, 819, 641, -1,
      641, 819, 809, -1,
      818, 810, 820, -1,
      820, 810, 797, -1,
      809, 819, 808, -1,
      808, 819, 821, -1,
      819, 818, 821, -1,
      821, 818, 820, -1,
      633, 822, 635, -1,
      635, 822, 823, -1,
      635, 823, 637, -1,
      637, 823, 772, -1,
      637, 772, 631, -1,
      631, 772, 771, -1,
      631, 771, 633, -1,
      633, 771, 822, -1,
      772, 823, 773, -1,
      773, 823, 824, -1,
      823, 822, 824, -1,
      824, 822, 825, -1,
      822, 771, 825, -1,
      825, 771, 770, -1,
      625, 805, 627, -1,
      627, 805, 804, -1,
      627, 804, 629, -1,
      629, 804, 826, -1,
      629, 826, 623, -1,
      623, 826, 827, -1,
      623, 827, 625, -1,
      625, 827, 805, -1,
      826, 804, 828, -1,
      828, 804, 803, -1,
      805, 827, 806, -1,
      806, 827, 829, -1,
      827, 826, 829, -1,
      829, 826, 828, -1,
      617, 830, 619, -1,
      619, 830, 831, -1,
      619, 831, 621, -1,
      621, 831, 768, -1,
      621, 768, 615, -1,
      615, 768, 767, -1,
      615, 767, 617, -1,
      617, 767, 830, -1,
      768, 831, 769, -1,
      769, 831, 832, -1,
      831, 830, 832, -1,
      832, 830, 833, -1,
      830, 767, 833, -1,
      833, 767, 766, -1,
      609, 793, 611, -1,
      611, 793, 792, -1,
      611, 792, 613, -1,
      613, 792, 834, -1,
      613, 834, 607, -1,
      607, 834, 835, -1,
      607, 835, 609, -1,
      609, 835, 793, -1,
      834, 792, 836, -1,
      836, 792, 794, -1,
      793, 835, 795, -1,
      795, 835, 837, -1,
      835, 834, 837, -1,
      837, 834, 836, -1,
      601, 838, 603, -1,
      603, 838, 839, -1,
      603, 839, 605, -1,
      605, 839, 780, -1,
      605, 780, 599, -1,
      599, 780, 779, -1,
      599, 779, 601, -1,
      601, 779, 838, -1,
      780, 839, 781, -1,
      781, 839, 840, -1,
      839, 838, 840, -1,
      840, 838, 841, -1,
      838, 779, 841, -1,
      841, 779, 778, -1,
      593, 800, 595, -1,
      595, 800, 801, -1,
      595, 801, 597, -1,
      597, 801, 842, -1,
      597, 842, 591, -1,
      591, 842, 843, -1,
      591, 843, 593, -1,
      593, 843, 800, -1,
      842, 801, 844, -1,
      844, 801, 799, -1,
      800, 843, 798, -1,
      798, 843, 845, -1,
      843, 842, 845, -1,
      845, 842, 844, -1,
      585, 846, 587, -1,
      587, 846, 847, -1,
      587, 847, 589, -1,
      589, 847, 776, -1,
      589, 776, 583, -1,
      583, 776, 775, -1,
      583, 775, 585, -1,
      585, 775, 846, -1,
      776, 847, 777, -1,
      777, 847, 848, -1,
      847, 846, 848, -1,
      848, 846, 849, -1,
      846, 775, 849, -1,
      849, 775, 774, -1,
      577, 813, 579, -1,
      579, 813, 812, -1,
      579, 812, 581, -1,
      581, 812, 850, -1,
      581, 850, 575, -1,
      575, 850, 851, -1,
      575, 851, 577, -1,
      577, 851, 813, -1,
      850, 812, 852, -1,
      852, 812, 811, -1,
      813, 851, 796, -1,
      796, 851, 853, -1,
      851, 850, 853, -1,
      853, 850, 852, -1,
      569, 854, 571, -1,
      571, 854, 855, -1,
      571, 855, 573, -1,
      573, 855, 764, -1,
      573, 764, 567, -1,
      567, 764, 763, -1,
      567, 763, 569, -1,
      569, 763, 854, -1,
      764, 855, 765, -1,
      765, 855, 856, -1,
      855, 854, 856, -1,
      856, 854, 857, -1,
      854, 763, 857, -1,
      857, 763, 762, -1,
      561, 815, 563, -1,
      563, 815, 816, -1,
      563, 816, 565, -1,
      565, 816, 858, -1,
      565, 858, 559, -1,
      559, 858, 859, -1,
      559, 859, 561, -1,
      561, 859, 815, -1,
      858, 816, 860, -1,
      860, 816, 807, -1,
      815, 859, 814, -1,
      814, 859, 861, -1,
      859, 858, 861, -1,
      861, 858, 860, -1,
      553, 862, 555, -1,
      555, 862, 863, -1,
      555, 863, 557, -1,
      557, 863, 784, -1,
      557, 784, 551, -1,
      551, 784, 785, -1,
      551, 785, 553, -1,
      553, 785, 862, -1,
      784, 863, 783, -1,
      783, 863, 864, -1,
      863, 862, 864, -1,
      864, 862, 865, -1,
      862, 785, 865, -1,
      865, 785, 782, -1,
      742, 612, 746, -1,
      746, 612, 606, -1,
      743, 610, 742, -1,
      742, 610, 612, -1,
      608, 745, 606, -1,
      606, 745, 746, -1,
      745, 608, 743, -1,
      743, 608, 610, -1,
      708, 556, 712, -1,
      712, 556, 550, -1,
      709, 554, 708, -1,
      708, 554, 556, -1,
      552, 711, 550, -1,
      550, 711, 712, -1,
      711, 552, 709, -1,
      709, 552, 554, -1,
      737, 596, 741, -1,
      741, 596, 590, -1,
      738, 594, 737, -1,
      737, 594, 596, -1,
      592, 740, 590, -1,
      590, 740, 741, -1,
      740, 592, 738, -1,
      738, 592, 594, -1,
      703, 604, 707, -1,
      707, 604, 598, -1,
      704, 602, 703, -1,
      703, 602, 604, -1,
      600, 706, 598, -1,
      598, 706, 707, -1,
      706, 600, 704, -1,
      704, 600, 602, -1,
      732, 644, 736, -1,
      736, 644, 638, -1,
      733, 642, 732, -1,
      732, 642, 644, -1,
      640, 735, 638, -1,
      638, 735, 736, -1,
      735, 640, 733, -1,
      733, 640, 642, -1,
      698, 588, 702, -1,
      702, 588, 582, -1,
      699, 586, 698, -1,
      698, 586, 588, -1,
      584, 701, 582, -1,
      582, 701, 702, -1,
      701, 584, 699, -1,
      699, 584, 586, -1,
      727, 628, 731, -1,
      731, 628, 622, -1,
      728, 626, 727, -1,
      727, 626, 628, -1,
      624, 730, 622, -1,
      622, 730, 731, -1,
      730, 624, 728, -1,
      728, 624, 626, -1,
      693, 636, 697, -1,
      697, 636, 630, -1,
      694, 634, 693, -1,
      693, 634, 636, -1,
      632, 696, 630, -1,
      630, 696, 697, -1,
      696, 632, 694, -1,
      694, 632, 634, -1,
      722, 564, 726, -1,
      726, 564, 558, -1,
      723, 562, 722, -1,
      722, 562, 564, -1,
      560, 725, 558, -1,
      558, 725, 726, -1,
      725, 560, 723, -1,
      723, 560, 562, -1,
      688, 620, 692, -1,
      692, 620, 614, -1,
      689, 618, 688, -1,
      688, 618, 620, -1,
      616, 691, 614, -1,
      614, 691, 692, -1,
      691, 616, 689, -1,
      689, 616, 618, -1,
      718, 580, 721, -1,
      721, 580, 574, -1,
      719, 578, 718, -1,
      718, 578, 580, -1,
      576, 720, 574, -1,
      574, 720, 721, -1,
      720, 576, 719, -1,
      719, 576, 578, -1,
      683, 572, 687, -1,
      687, 572, 566, -1,
      684, 570, 683, -1,
      683, 570, 572, -1,
      568, 686, 566, -1,
      566, 686, 687, -1,
      686, 568, 684, -1,
      684, 568, 570, -1,
      312, 64, 759, -1,
      759, 64, 758, -1,
      761, 783, 760, -1,
      760, 783, 864, -1,
      794, 802, 817, -1,
      791, 312, 790, -1,
      790, 312, 759, -1,
      790, 759, 817, -1,
      817, 759, 760, -1,
      782, 781, 865, -1,
      865, 781, 840, -1,
      799, 795, 844, -1,
      844, 795, 837, -1,
      778, 777, 841, -1,
      841, 777, 848, -1,
      797, 798, 820, -1,
      820, 798, 845, -1,
      774, 773, 849, -1,
      849, 773, 824, -1,
      803, 808, 828, -1,
      828, 808, 821, -1,
      770, 769, 825, -1,
      825, 769, 832, -1,
      807, 806, 860, -1,
      860, 806, 829, -1,
      766, 765, 833, -1,
      833, 765, 856, -1,
      811, 814, 852, -1,
      852, 814, 861, -1,
      762, 665, 857, -1,
      857, 665, 664, -1,
      857, 664, 853, -1,
      853, 664, 796, -1,
      794, 817, 836, -1,
      836, 817, 760, -1,
      836, 760, 837, -1,
      837, 760, 864, -1,
      837, 864, 844, -1,
      844, 864, 865, -1,
      844, 865, 845, -1,
      845, 865, 840, -1,
      845, 840, 820, -1,
      820, 840, 841, -1,
      820, 841, 821, -1,
      821, 841, 848, -1,
      821, 848, 828, -1,
      828, 848, 849, -1,
      828, 849, 829, -1,
      829, 849, 824, -1,
      829, 824, 860, -1,
      860, 824, 825, -1,
      860, 825, 861, -1,
      861, 825, 832, -1,
      861, 832, 852, -1,
      852, 832, 833, -1,
      852, 833, 853, -1,
      853, 833, 856, -1,
      853, 856, 857, -1,
    ]
  }
}

Shape {
  appearance Appearance {
    material Material {
      diffuseColor 1.0000 1.0000 1.0000
      specularColor 0.8784 0.8784 0.8784
      ambientIntensity 0.2
      transparency 0.0000
      shininess 0.5
    }
  }
  geometry IndexedFaceSet {
    ccw TRUE
    solid FALSE
    coord DEF co Coordinate {
      point [
        -3.578740 -0.000054 0.636044,
        -3.578740 -0.000054 0.517809,
        -3.578740 -0.053202 0.517809,
        -3.578740 -0.238554 0.636044,
        -3.578740 -0.254024 0.636044,
        -3.578740 -0.254024 0.620693,
        -3.578740 -0.250237 0.562701,
        -3.578740 -0.250237 0.577984,
        -3.578740 -0.238554 0.577984,
        -3.578740 -0.238554 0.620693,
        -3.578740 -0.202514 0.577984,
        -3.578740 -0.202514 0.620693,
        -3.578740 -0.185287 0.502594,
        -3.578740 -0.202514 0.562701,
        -3.578740 -0.202514 0.517809,
        -3.578740 -0.238554 0.562701,
        -3.578740 -0.238554 0.517809,
        -3.578740 -0.257060 0.517809,
        -3.578740 -0.257060 0.502594,
        -3.578740 -0.238554 0.502594,
        -3.578740 -0.185287 0.636044,
        -3.578740 -0.127124 0.622740,
        -3.578740 -0.120744 0.622421,
        -3.578740 -0.152880 0.522074,
        -3.578740 -0.143554 0.620778,
        -3.578740 -0.158576 0.614826,
        -3.578740 -0.158576 0.524631,
        -3.578740 -0.157091 0.615628,
        -3.578740 -0.152880 0.617230,
        -3.578740 -0.109301 0.619953,
        -3.578740 -0.098926 0.614840,
        -3.578740 -0.090760 0.607935,
        -3.578740 -0.089851 0.606939,
        -3.578740 -0.083402 0.597664,
        -3.578740 -0.078934 0.586135,
        -3.578740 -0.076740 0.567818,
        -3.578740 -0.076967 0.561691,
        -3.578740 -0.145431 0.518730,
        -3.578740 -0.130335 0.515925,
        -3.578740 -0.124122 0.515694,
        -3.578740 -0.079286 0.548612,
        -3.578740 -0.083765 0.538012,
        -3.578740 -0.089839 0.529748,
        -3.578740 -0.093647 0.526111,
        -3.578740 -0.112526 0.516878,
        -3.578740 -0.102694 0.520224,
        -3.578740 -0.141281 0.637169,
        -3.578740 -0.144428 0.636922,
        -3.578740 -0.152880 0.634482,
        -3.578740 -0.158576 0.632837,
        -3.578740 -0.068260 0.606009,
        -3.578740 -0.077934 0.618646,
        -3.578740 -0.081235 0.621797,
        -3.578740 -0.093729 0.630545,
        -3.578740 -0.107676 0.635955,
        -3.578740 -0.061922 0.591185,
        -3.578740 -0.064630 0.597519,
        -3.578740 -0.064630 0.536515,
        -3.578740 -0.061287 0.545089,
        -3.578740 -0.058660 0.566795,
        -3.578740 -0.058895 0.573764,
        -3.578740 -0.099100 0.503706,
        -3.578740 -0.086507 0.509648,
        -3.578740 -0.075785 0.518559,
        -3.578740 -0.074680 0.519766,
        -3.578740 -0.066718 0.531159,
        -3.578740 -0.109952 0.501469,
        -3.578740 -0.113560 0.500725,
        -3.578740 -0.121632 0.500343,
        -3.578740 -0.133408 0.501469,
        -3.578740 -0.158576 0.508121,
        -3.578740 -0.156300 0.506987,
        -3.578740 -0.152880 0.505865,
        -3.578740 -0.141972 0.502287,
        -3.578740 0.017172 0.502594,
        -3.578740 0.017172 0.636044,
        -3.578740 -0.053202 0.502594,
        -3.578740 -0.383767 0.602122,
        -3.578740 -0.388701 0.589391,
        -3.578740 -0.390919 0.571025,
        -3.578740 -0.390517 0.562518,
        -3.578740 -0.387283 0.546895,
        -3.578740 -0.380710 0.533093,
        -3.578740 -0.370792 0.521288,
        -3.578740 -0.356831 0.511283,
        -3.578740 -0.320339 0.636044,
        -3.578740 -0.340717 0.633793,
        -3.578740 -0.356822 0.627910,
        -3.578740 -0.341614 0.505347,
        -3.578740 -0.318975 0.502594,
        -3.578740 -0.282270 0.502594,
        -3.578740 -0.282270 0.636044,
        -3.578740 -0.370792 0.618373,
        -3.578740 -0.375508 0.613759,
        -3.578740 -0.117682 0.637169,
        -3.578740 -0.126954 0.638295,
        -3.582677 -0.053202 0.517809,
        -3.582677 -0.053202 0.502594,
        -3.582677 -0.000054 0.517809,
        -3.582677 -0.000054 0.636044,
        -3.582677 0.017172 0.636044,
        -3.582677 0.017172 0.502594,
        -3.582677 -0.141972 0.502287,
        -3.582677 -0.121632 0.500343,
        -3.582677 -0.156300 0.506987,
        -3.582677 -0.158576 0.508121,
        -3.582677 -0.158576 0.524631,
        -3.582677 -0.145431 0.518730,
        -3.582677 -0.130335 0.515925,
        -3.582677 -0.124122 0.515694,
        -3.582677 -0.112526 0.516878,
        -3.582677 -0.102694 0.520224,
        -3.582677 -0.093647 0.526111,
        -3.582677 -0.089839 0.529748,
        -3.582677 -0.083765 0.538012,
        -3.582677 -0.079286 0.548612,
        -3.582677 -0.076967 0.561691,
        -3.582677 -0.076740 0.567818,
        -3.582677 -0.078934 0.586135,
        -3.582677 -0.083402 0.597664,
        -3.582677 -0.089851 0.606939,
        -3.582677 -0.090760 0.607935,
        -3.582677 -0.098926 0.614840,
        -3.582677 -0.109301 0.619953,
        -3.582677 -0.120744 0.622421,
        -3.582677 -0.127124 0.622740,
        -3.582677 -0.157091 0.615628,
        -3.582677 -0.143554 0.620778,
        -3.582677 -0.158576 0.614826,
        -3.582677 -0.158576 0.632837,
        -3.582677 -0.144428 0.636922,
        -3.582677 -0.126954 0.638295,
        -3.582677 -0.107676 0.635955,
        -3.582677 -0.093729 0.630545,
        -3.582677 -0.081235 0.621797,
        -3.582677 -0.077934 0.618646,
        -3.582677 -0.061922 0.591185,
        -3.582677 -0.068260 0.606009,
        -3.582677 -0.058895 0.573764,
        -3.582677 -0.058660 0.566795,
        -3.582677 -0.066718 0.531159,
        -3.582677 -0.061287 0.545089,
        -3.582677 -0.074680 0.519766,
        -3.582677 -0.075785 0.518559,
        -3.582677 -0.086507 0.509648,
        -3.582677 -0.113560 0.500725,
        -3.582677 -0.099100 0.503706,
        -3.582677 -0.257060 0.517809,
        -3.582677 -0.257060 0.502594,
        -3.582677 -0.202514 0.517809,
        -3.582677 -0.202514 0.562701,
        -3.582677 -0.250237 0.562701,
        -3.582677 -0.250237 0.577984,
        -3.582677 -0.202514 0.577984,
        -3.582677 -0.202514 0.620693,
        -3.582677 -0.254024 0.620693,
        -3.582677 -0.254024 0.636044,
        -3.582677 -0.185287 0.636044,
        -3.582677 -0.185287 0.502594,
        -3.582677 -0.370792 0.521288,
        -3.582677 -0.356977 0.530265,
        -3.582677 -0.356831 0.511283,
        -3.582677 -0.348368 0.524286,
        -3.582677 -0.341614 0.505347,
        -3.582677 -0.337343 0.520013,
        -3.582677 -0.318975 0.502594,
        -3.582677 -0.318872 0.517809,
        -3.582677 -0.282270 0.502594,
        -3.582677 -0.299496 0.517809,
        -3.582677 -0.282270 0.636044,
        -3.582677 -0.299496 0.620693,
        -3.582677 -0.320339 0.636044,
        -3.582677 -0.319657 0.620693,
        -3.582677 -0.321084 0.620682,
        -3.582677 -0.340717 0.633793,
        -3.582677 -0.338139 0.618469,
        -3.582677 -0.356822 0.627910,
        -3.582677 -0.349489 0.614067,
        -3.582677 -0.370792 0.618373,
        -3.582677 -0.358170 0.608139,
        -3.582677 -0.375508 0.613759,
        -3.582677 -0.361903 0.604459,
        -3.582677 -0.383767 0.602122,
        -3.582677 -0.367073 0.596976,
        -3.582677 -0.388701 0.589391,
        -3.582677 -0.370832 0.587225,
        -3.582677 -0.390919 0.571025,
        -3.582677 -0.372805 0.570547,
        -3.582677 -0.390517 0.562518,
        -3.582677 -0.372276 0.561327,
        -3.582677 -0.387283 0.546895,
        -3.582677 -0.369573 0.549273,
        -3.582677 -0.380710 0.533093,
        -3.582677 -0.364872 0.539467,
        -3.582677 -0.358546 0.531727,
        -3.578740 -0.319657 0.620693,
        -3.578740 -0.299496 0.620693,
        -3.578740 -0.299496 0.517809,
        -3.578740 -0.318872 0.517809,
        -3.578740 -0.358546 0.531727,
        -3.578740 -0.356977 0.530265,
        -3.578740 -0.348368 0.524286,
        -3.578740 -0.337343 0.520013,
        -3.578740 -0.372805 0.570547,
        -3.578740 -0.372276 0.561327,
        -3.578740 -0.369573 0.549273,
        -3.578740 -0.364872 0.539467,
        -3.578740 -0.358170 0.608139,
        -3.578740 -0.361903 0.604459,
        -3.578740 -0.367073 0.596976,
        -3.578740 -0.370832 0.587225,
        -3.578740 -0.321084 0.620682,
        -3.578740 -0.338139 0.618469,
        -3.578740 -0.349489 0.614067,
      ]
    }
    coordIndex [
      96, 97, 2, -1,
      2, 97, 76, -1,
      98, 96, 1, -1,
      1, 96, 2, -1,
      99, 98, 0, -1,
      0, 98, 1, -1,
      100, 99, 75, -1,
      75, 99, 0, -1,
      101, 100, 74, -1,
      74, 100, 75, -1,
      97, 101, 76, -1,
      76, 101, 74, -1,
      99, 100, 98, -1,
      98, 100, 101, -1,
      98, 101, 96, -1,
      96, 101, 97, -1,
      102, 103, 68, -1,
      68, 69, 102, -1,
      102, 69, 73, -1,
      102, 73, 104, -1,
      104, 73, 72, -1,
      72, 71, 104, -1,
      104, 71, 70, -1,
      104, 70, 105, -1,
      106, 105, 26, -1,
      26, 105, 70, -1,
      106, 26, 23, -1,
      106, 23, 107, -1,
      23, 37, 107, -1,
      107, 37, 38, -1,
      107, 38, 108, -1,
      108, 38, 39, -1,
      108, 39, 109, -1,
      109, 39, 44, -1,
      109, 44, 110, -1,
      110, 44, 45, -1,
      110, 45, 111, -1,
      111, 45, 43, -1,
      111, 43, 112, -1,
      112, 43, 42, -1,
      112, 42, 113, -1,
      113, 42, 41, -1,
      113, 41, 114, -1,
      114, 41, 40, -1,
      114, 40, 115, -1,
      115, 40, 36, -1,
      115, 36, 116, -1,
      116, 36, 35, -1,
      116, 35, 117, -1,
      117, 35, 34, -1,
      117, 34, 118, -1,
      118, 34, 33, -1,
      118, 33, 119, -1,
      119, 33, 32, -1,
      119, 32, 120, -1,
      120, 32, 31, -1,
      120, 31, 121, -1,
      121, 31, 30, -1,
      121, 30, 122, -1,
      122, 30, 29, -1,
      122, 29, 123, -1,
      123, 29, 22, -1,
      123, 22, 124, -1,
      124, 22, 21, -1,
      124, 21, 125, -1,
      125, 21, 24, -1,
      28, 126, 24, -1,
      24, 126, 127, -1,
      24, 127, 125, -1,
      28, 27, 126, -1,
      126, 27, 25, -1,
      126, 25, 128, -1,
      129, 128, 49, -1,
      49, 128, 25, -1,
      129, 49, 48, -1,
      129, 48, 130, -1,
      95, 131, 46, -1,
      46, 131, 130, -1,
      46, 130, 47, -1,
      47, 130, 48, -1,
      131, 95, 94, -1,
      131, 94, 132, -1,
      94, 54, 132, -1,
      132, 54, 53, -1,
      132, 53, 133, -1,
      133, 53, 52, -1,
      133, 52, 134, -1,
      134, 52, 51, -1,
      134, 51, 135, -1,
      135, 51, 50, -1,
      56, 136, 50, -1,
      50, 136, 137, -1,
      50, 137, 135, -1,
      56, 55, 136, -1,
      136, 55, 60, -1,
      136, 60, 138, -1,
      138, 60, 59, -1,
      138, 59, 139, -1,
      139, 59, 58, -1,
      57, 140, 58, -1,
      58, 140, 141, -1,
      58, 141, 139, -1,
      57, 65, 140, -1,
      140, 65, 64, -1,
      140, 64, 142, -1,
      142, 64, 63, -1,
      142, 63, 143, -1,
      61, 144, 62, -1,
      62, 144, 143, -1,
      62, 143, 63, -1,
      66, 145, 61, -1,
      61, 145, 146, -1,
      61, 146, 144, -1,
      66, 67, 145, -1,
      145, 67, 68, -1,
      145, 68, 103, -1,
      122, 123, 132, -1,
      118, 119, 137, -1,
      137, 119, 135, -1,
      132, 123, 131, -1,
      139, 117, 138, -1,
      138, 117, 118, -1,
      138, 118, 136, -1,
      136, 118, 137, -1,
      123, 124, 131, -1,
      131, 124, 125, -1,
      131, 125, 130, -1,
      130, 125, 127, -1,
      130, 127, 129, -1,
      129, 127, 126, -1,
      129, 126, 128, -1,
      105, 106, 104, -1,
      104, 106, 107, -1,
      104, 107, 102, -1,
      102, 107, 108, -1,
      102, 108, 103, -1,
      103, 108, 109, -1,
      103, 109, 145, -1,
      145, 109, 110, -1,
      145, 110, 146, -1,
      146, 110, 111, -1,
      146, 111, 144, -1,
      144, 111, 112, -1,
      144, 112, 143, -1,
      143, 112, 113, -1,
      143, 113, 142, -1,
      142, 113, 114, -1,
      142, 114, 140, -1,
      140, 114, 141, -1,
      141, 114, 115, -1,
      141, 115, 139, -1,
      139, 115, 116, -1,
      139, 116, 117, -1,
      119, 120, 135, -1,
      135, 120, 121, -1,
      135, 121, 134, -1,
      134, 121, 122, -1,
      134, 122, 133, -1,
      133, 122, 132, -1,
      147, 148, 17, -1,
      17, 148, 18, -1,
      14, 149, 16, -1,
      16, 149, 147, -1,
      16, 147, 17, -1,
      150, 149, 13, -1,
      13, 149, 14, -1,
      150, 13, 151, -1,
      151, 13, 15, -1,
      151, 15, 6, -1,
      152, 151, 7, -1,
      7, 151, 6, -1,
      10, 153, 8, -1,
      8, 153, 152, -1,
      8, 152, 7, -1,
      154, 153, 11, -1,
      11, 153, 10, -1,
      5, 155, 9, -1,
      9, 155, 154, -1,
      9, 154, 11, -1,
      156, 155, 4, -1,
      4, 155, 5, -1,
      20, 157, 3, -1,
      3, 157, 156, -1,
      3, 156, 4, -1,
      158, 157, 12, -1,
      12, 157, 20, -1,
      18, 148, 19, -1,
      19, 148, 158, -1,
      19, 158, 12, -1,
      151, 152, 150, -1,
      150, 152, 153, -1,
      148, 147, 158, -1,
      158, 147, 149, -1,
      155, 156, 154, -1,
      154, 156, 157, -1,
      154, 157, 153, -1,
      153, 157, 158, -1,
      153, 158, 150, -1,
      150, 158, 149, -1,
      159, 160, 161, -1,
      161, 160, 162, -1,
      161, 162, 163, -1,
      163, 162, 164, -1,
      163, 164, 165, -1,
      165, 164, 166, -1,
      165, 166, 167, -1,
      167, 166, 168, -1,
      167, 168, 169, -1,
      169, 168, 170, -1,
      169, 170, 171, -1,
      170, 172, 171, -1,
      171, 172, 173, -1,
      171, 173, 174, -1,
      174, 173, 175, -1,
      174, 175, 176, -1,
      176, 175, 177, -1,
      176, 177, 178, -1,
      178, 177, 179, -1,
      178, 179, 180, -1,
      180, 179, 181, -1,
      180, 181, 182, -1,
      182, 181, 183, -1,
      182, 183, 184, -1,
      184, 183, 185, -1,
      184, 185, 186, -1,
      186, 185, 187, -1,
      186, 187, 188, -1,
      188, 187, 189, -1,
      188, 189, 190, -1,
      190, 189, 191, -1,
      190, 191, 192, -1,
      192, 191, 193, -1,
      192, 193, 159, -1,
      159, 193, 194, -1,
      159, 194, 160, -1,
      165, 167, 89, -1,
      89, 167, 90, -1,
      165, 89, 88, -1,
      165, 88, 163, -1,
      163, 88, 84, -1,
      163, 84, 161, -1,
      161, 84, 83, -1,
      161, 83, 159, -1,
      159, 83, 82, -1,
      159, 82, 192, -1,
      192, 82, 81, -1,
      192, 81, 190, -1,
      190, 81, 80, -1,
      190, 80, 188, -1,
      188, 80, 79, -1,
      188, 79, 186, -1,
      186, 79, 78, -1,
      186, 78, 184, -1,
      184, 78, 77, -1,
      184, 77, 182, -1,
      182, 77, 93, -1,
      182, 93, 180, -1,
      180, 93, 92, -1,
      180, 92, 178, -1,
      178, 92, 87, -1,
      178, 87, 176, -1,
      176, 87, 86, -1,
      176, 86, 174, -1,
      174, 86, 85, -1,
      174, 85, 171, -1,
      169, 171, 91, -1,
      91, 171, 85, -1,
      167, 169, 90, -1,
      90, 169, 91, -1,
      172, 170, 195, -1,
      195, 170, 196, -1,
      170, 168, 196, -1,
      196, 168, 197, -1,
      168, 166, 197, -1,
      197, 166, 198, -1,
      194, 199, 200, -1,
      194, 200, 160, -1,
      160, 200, 201, -1,
      160, 201, 162, -1,
      162, 201, 202, -1,
      162, 202, 164, -1,
      164, 202, 198, -1,
      164, 198, 166, -1,
      187, 203, 204, -1,
      187, 204, 189, -1,
      189, 204, 205, -1,
      189, 205, 191, -1,
      191, 205, 206, -1,
      191, 206, 193, -1,
      193, 206, 199, -1,
      193, 199, 194, -1,
      179, 207, 208, -1,
      179, 208, 181, -1,
      181, 208, 209, -1,
      181, 209, 183, -1,
      183, 209, 210, -1,
      183, 210, 185, -1,
      185, 210, 203, -1,
      185, 203, 187, -1,
      172, 195, 211, -1,
      172, 211, 173, -1,
      173, 211, 212, -1,
      173, 212, 175, -1,
      175, 212, 213, -1,
      175, 213, 177, -1,
      177, 213, 207, -1,
      177, 207, 179, -1,
    ]
  }
}

Shape {
  appearance Appearance {
    material Material {
      diffuseColor 0.2235 0.2235 0.2235
      specularColor 0.1137 0.1137 0.1137
      ambientIntensity 0.2
      transparency 0.0000
      shininess 0.5
    }
  }
  geometry IndexedFaceSet {
    ccw TRUE
    solid FALSE
    coord DEF co Coordinate {
      point [
        -3.578740 -0.319657 0.620693,
        -3.578740 -0.299496 0.620693,
        -3.578740 -0.299496 0.517809,
        -3.578740 -0.318872 0.517809,
        -3.578740 -0.358546 0.531727,
        -3.578740 -0.356977 0.530265,
        -3.578740 -0.348368 0.524286,
        -3.578740 -0.337343 0.520013,
        -3.578740 -0.372805 0.570547,
        -3.578740 -0.372276 0.561327,
        -3.578740 -0.369573 0.549273,
        -3.578740 -0.364872 0.539467,
        -3.578740 -0.358170 0.608139,
        -3.578740 -0.361903 0.604459,
        -3.578740 -0.367073 0.596976,
        -3.578740 -0.370832 0.587225,
        -3.578740 -0.321084 0.620682,
        -3.578740 -0.338139 0.618469,
        -3.578740 -0.349489 0.614067,
      ]
    }
    coordIndex [
      6, 5, 16, -1,
      1, 2, 0, -1,
      0, 2, 3, -1,
      0, 3, 16, -1,
      16, 3, 7, -1,
      16, 7, 6, -1,
      5, 4, 16, -1,
      16, 4, 11, -1,
      16, 11, 10, -1,
      8, 12, 18, -1,
      15, 14, 8, -1,
      8, 14, 13, -1,
      8, 13, 12, -1,
      10, 9, 16, -1,
      16, 9, 8, -1,
      16, 8, 17, -1,
      17, 8, 18, -1,
    ]
  }
}

Shape {
  appearance Appearance {
    material Material {
      diffuseColor 1.0000 1.0000 1.0000
      specularColor 0.8784 0.8784 0.8784
      ambientIntensity 0.2
      transparency 0.0000
      shininess 0.5
    }
  }
  geometry IndexedFaceSet {
    ccw TRUE
    solid FALSE
    coord DEF co Coordinate {
      point [
        -3.578740 -0.518398 0.502594,
        -3.578740 -0.499363 0.502594,
        -3.578740 -0.485752 0.539095,
        -3.578740 -0.436783 0.539095,
        -3.578740 -0.467570 0.636044,
        -3.578740 -0.430183 0.539095,
        -3.578740 -0.417356 0.502594,
        -3.578740 -0.398321 0.502594,
        -3.578740 -0.436783 0.603577,
        -3.578740 -0.449149 0.636044,
        -3.582677 -0.435641 0.554173,
        -3.582677 -0.455596 0.609641,
        -3.582677 -0.449149 0.636044,
        -3.582677 -0.398321 0.502594,
        -3.582677 -0.417356 0.502594,
        -3.582677 -0.430183 0.539095,
        -3.582677 -0.456752 0.613623,
        -3.582677 -0.457780 0.618987,
        -3.582677 -0.467570 0.636044,
        -3.582677 -0.458189 0.618987,
        -3.582677 -0.459268 0.613342,
        -3.582677 -0.460270 0.609641,
        -3.582677 -0.480431 0.554173,
        -3.582677 -0.518398 0.502594,
        -3.582677 -0.499363 0.502594,
        -3.582677 -0.485752 0.539095,
        -3.578740 -0.435641 0.554173,
        -3.578740 -0.480431 0.554173,
        -3.578740 -0.460270 0.609641,
        -3.578740 -0.458189 0.618987,
        -3.578740 -0.459268 0.613342,
        -3.578740 -0.457780 0.618987,
        -3.578740 -0.455596 0.609641,
        -3.578740 -0.456752 0.613623,
      ]
    }
    coordIndex [
      10, 11, 12, -1,
      13, 14, 15, -1,
      11, 16, 12, -1,
      12, 16, 17, -1,
      12, 17, 18, -1,
      18, 17, 19, -1,
      18, 19, 20, -1,
      20, 21, 18, -1,
      18, 21, 22, -1,
      18, 22, 23, -1,
      24, 23, 25, -1,
      25, 23, 22, -1,
      25, 22, 15, -1,
      15, 22, 10, -1,
      15, 10, 13, -1,
      13, 10, 12, -1,
      18, 23, 4, -1,
      4, 23, 0, -1,
      12, 18, 9, -1,
      9, 18, 4, -1,
      7, 13, 8, -1,
      8, 13, 12, -1,
      8, 12, 9, -1,
      14, 13, 6, -1,
      6, 13, 7, -1,
      15, 14, 5, -1,
      5, 14, 6, -1,
      2, 25, 3, -1,
      3, 25, 15, -1,
      3, 15, 5, -1,
      24, 25, 1, -1,
      1, 25, 2, -1,
      23, 24, 0, -1,
      0, 24, 1, -1,
      10, 22, 26, -1,
      26, 22, 27, -1,
      22, 21, 27, -1,
      27, 21, 28, -1,
      19, 29, 30, -1,
      19, 30, 20, -1,
      20, 30, 28, -1,
      20, 28, 21, -1,
      19, 17, 29, -1,
      29, 17, 31, -1,
      11, 32, 33, -1,
      11, 33, 16, -1,
      16, 33, 31, -1,
      16, 31, 17, -1,
      11, 10, 32, -1,
      32, 10, 26, -1,
    ]
  }
}

Shape {
  appearance Appearance {
    material Material {
      diffuseColor 0.2235 0.2235 0.2235
      specularColor 0.1137 0.1137 0.1137
      ambientIntensity 0.2
      transparency 0.0000
      shininess 0.5
    }
  }
  geometry IndexedFaceSet {
    ccw TRUE
    solid FALSE
    coord DEF co Coordinate {
      point [
        -3.578740 -0.435641 0.554173,
        -3.578740 -0.480431 0.554173,
        -3.578740 -0.460270 0.609641,
        -3.578740 -0.458189 0.618987,
        -3.578740 -0.459268 0.613342,
        -3.578740 -0.457780 0.618987,
        -3.578740 -0.455596 0.609641,
        -3.578740 -0.456752 0.613623,
      ]
    }
    coordIndex [
      3, 5, 4, -1,
      4, 5, 7, -1,
      4, 7, 2, -1,
      2, 7, 6, -1,
      2, 6, 1, -1,
      1, 6, 0, -1,
    ]
  }
}

Shape {
  appearance Appearance {
    material Material {
      diffuseColor 1.0000 1.0000 1.0000
      specularColor 0.8784 0.8784 0.8784
      ambientIntensity 0.2
      transparency 0.0000
      shininess 0.5
    }
  }
  geometry IndexedFaceSet {
    ccw TRUE
    solid FALSE
    coord DEF co Coordinate {
      point [
        -3.578740 -0.077618 0.336622,
        -3.578740 -0.079913 0.363278,
        -3.578740 -0.074200 0.331891,
        -3.578740 -0.071824 0.326054,
        -3.578740 -0.090824 0.289800,
        -3.578740 -0.084416 0.292217,
        -3.578740 -0.073464 0.303136,
        -3.578740 -0.071434 0.308781,
        -3.578740 -0.130468 0.305627,
        -3.578740 -0.130024 0.305627,
        -3.578740 -0.082866 0.341024,
        -3.578740 -0.090214 0.344641,
        -3.578740 -0.089683 0.369676,
        -3.578740 -0.102222 0.347518,
        -3.578740 -0.116822 0.374215,
        -3.578740 -0.111160 0.374808,
        -3.578740 -0.100106 0.373525,
        -3.578740 -0.078787 0.296144,
        -3.578740 -0.076943 0.298010,
        -3.578740 -0.125759 0.299587,
        -3.578740 -0.120257 0.294500,
        -3.578740 -0.116919 0.292406,
        -3.578740 -0.079913 0.379516,
        -3.578740 -0.083385 0.381526,
        -3.578740 -0.095819 0.386337,
        -3.578740 -0.112729 0.388385,
        -3.578740 -0.070600 0.316407,
        -3.578740 -0.070675 0.318956,
        -3.578740 -0.130468 0.351475,
        -3.578740 -0.129886 0.358866,
        -3.578740 -0.128158 0.364818,
        -3.578740 -0.126194 0.368260,
        -3.578740 -0.123667 0.370948,
        -3.578740 -0.120700 0.372861,
        -3.578740 -0.091130 0.289765,
        -3.578740 -0.100824 0.288639,
        -3.578740 -0.109972 0.289765,
        -3.578740 -0.110283 0.289803,
        -3.578740 0.017172 0.424340,
        -3.578740 0.017172 0.290891,
        -3.578740 -0.051565 0.424340,
        -3.578740 -0.051565 0.408989,
        -3.578740 -0.054601 0.306105,
        -3.578740 -0.054601 0.290891,
        -3.578740 -0.000054 0.350997,
        -3.578740 -0.000054 0.306105,
        -3.578740 -0.047778 0.350997,
        -3.578740 -0.047778 0.366280,
        -3.578740 -0.000054 0.366280,
        -3.578740 -0.000054 0.408989,
        -3.582677 -0.054601 0.306105,
        -3.582677 -0.054601 0.290891,
        -3.582677 -0.000054 0.306105,
        -3.582677 -0.000054 0.350997,
        -3.582677 -0.047778 0.350997,
        -3.582677 -0.047778 0.366280,
        -3.582677 -0.000054 0.366280,
        -3.582677 -0.000054 0.408989,
        -3.582677 -0.051565 0.408989,
        -3.582677 -0.051565 0.424340,
        -3.582677 0.017172 0.424340,
        -3.582677 0.017172 0.290891,
        -3.582677 -0.130468 0.290891,
        -3.582677 -0.147183 0.290891,
        -3.582677 -0.130468 0.305627,
        -3.582677 -0.147183 0.352225,
        -3.582677 -0.108158 0.335715,
        -3.582677 -0.130468 0.338717,
        -3.582677 -0.130468 0.329574,
        -3.582677 -0.130024 0.305627,
        -3.582677 -0.121208 0.308082,
        -3.582677 -0.125759 0.299587,
        -3.582677 -0.116484 0.304894,
        -3.582677 -0.082866 0.341024,
        -3.582677 -0.077618 0.336622,
        -3.582677 -0.089987 0.327370,
        -3.582677 -0.130452 0.328465,
        -3.582677 -0.129375 0.321007,
        -3.582677 -0.126923 0.315044,
        -3.582677 -0.123304 0.310130,
        -3.582677 -0.079913 0.379516,
        -3.582677 -0.079913 0.363278,
        -3.582677 -0.083385 0.381526,
        -3.582677 -0.089683 0.369676,
        -3.582677 -0.095819 0.386337,
        -3.582677 -0.100106 0.373525,
        -3.582677 -0.112729 0.388385,
        -3.582677 -0.111160 0.374808,
        -3.582677 -0.123141 0.387407,
        -3.582677 -0.116822 0.374215,
        -3.582677 -0.130103 0.385225,
        -3.582677 -0.120700 0.372861,
        -3.582677 -0.135612 0.382002,
        -3.582677 -0.123667 0.370948,
        -3.582677 -0.140031 0.377682,
        -3.582677 -0.126194 0.368260,
        -3.582677 -0.143415 0.372200,
        -3.582677 -0.128158 0.364818,
        -3.582677 -0.145990 0.364444,
        -3.582677 -0.129886 0.358866,
        -3.582677 -0.130468 0.351475,
        -3.582677 -0.088520 0.324252,
        -3.582677 -0.074200 0.331891,
        -3.582677 -0.087695 0.320424,
        -3.582677 -0.102222 0.347518,
        -3.582677 -0.093971 0.331397,
        -3.582677 -0.097798 0.333276,
        -3.582677 -0.090976 0.308080,
        -3.582677 -0.078787 0.296144,
        -3.582677 -0.092398 0.306651,
        -3.582677 -0.084416 0.292217,
        -3.582677 -0.095729 0.304376,
        -3.582677 -0.090824 0.289800,
        -3.582677 -0.099510 0.302989,
        -3.582677 -0.100824 0.288639,
        -3.582677 -0.105156 0.302352,
        -3.582677 -0.110283 0.289803,
        -3.582677 -0.111413 0.303052,
        -3.582677 -0.116919 0.292406,
        -3.582677 -0.120257 0.294500,
        -3.582677 -0.091988 0.329847,
        -3.582677 -0.090214 0.344641,
        -3.582677 -0.071824 0.326054,
        -3.582677 -0.070675 0.318956,
        -3.582677 -0.087554 0.317771,
        -3.582677 -0.070600 0.316407,
        -3.582677 -0.087978 0.313934,
        -3.582677 -0.071434 0.308781,
        -3.582677 -0.089077 0.310897,
        -3.582677 -0.073464 0.303136,
        -3.582677 -0.076943 0.298010,
      ]
    }
    coordIndex [
      50, 51, 42, -1,
      42, 51, 43, -1,
      52, 50, 45, -1,
      45, 50, 42, -1,
      53, 52, 44, -1,
      44, 52, 45, -1,
      54, 53, 46, -1,
      46, 53, 44, -1,
      55, 54, 47, -1,
      47, 54, 46, -1,
      56, 55, 48, -1,
      48, 55, 47, -1,
      57, 56, 49, -1,
      49, 56, 48, -1,
      58, 57, 41, -1,
      41, 57, 49, -1,
      59, 58, 40, -1,
      40, 58, 41, -1,
      60, 59, 38, -1,
      38, 59, 40, -1,
      61, 60, 39, -1,
      39, 60, 38, -1,
      51, 61, 43, -1,
      43, 61, 39, -1,
      51, 50, 61, -1,
      61, 50, 52, -1,
      54, 55, 53, -1,
      53, 55, 56, -1,
      58, 59, 57, -1,
      57, 59, 60, -1,
      57, 60, 56, -1,
      56, 60, 61, -1,
      56, 61, 53, -1,
      53, 61, 52, -1,
      62, 63, 64, -1,
      64, 63, 65, -1,
      66, 67, 65, -1,
      65, 67, 68, -1,
      69, 70, 71, -1,
      71, 70, 72, -1,
      73, 74, 75, -1,
      68, 76, 65, -1,
      65, 76, 77, -1,
      65, 77, 64, -1,
      64, 77, 78, -1,
      64, 78, 69, -1,
      69, 78, 79, -1,
      69, 79, 70, -1,
      80, 81, 82, -1,
      82, 81, 83, -1,
      82, 83, 84, -1,
      84, 83, 85, -1,
      84, 85, 86, -1,
      86, 85, 87, -1,
      86, 87, 88, -1,
      88, 87, 89, -1,
      88, 89, 90, -1,
      90, 89, 91, -1,
      90, 91, 92, -1,
      92, 91, 93, -1,
      92, 93, 94, -1,
      94, 93, 95, -1,
      94, 95, 96, -1,
      96, 95, 97, -1,
      96, 97, 98, -1,
      98, 97, 99, -1,
      98, 99, 65, -1,
      65, 99, 100, -1,
      65, 100, 66, -1,
      75, 74, 101, -1,
      101, 74, 102, -1,
      101, 102, 103, -1,
      104, 105, 100, -1,
      100, 105, 106, -1,
      100, 106, 66, -1,
      107, 108, 109, -1,
      109, 108, 110, -1,
      109, 110, 111, -1,
      111, 110, 112, -1,
      111, 112, 113, -1,
      113, 112, 114, -1,
      113, 114, 115, -1,
      115, 114, 116, -1,
      115, 116, 117, -1,
      117, 116, 118, -1,
      117, 118, 72, -1,
      72, 118, 119, -1,
      72, 119, 71, -1,
      75, 120, 73, -1,
      73, 120, 105, -1,
      73, 105, 121, -1,
      121, 105, 104, -1,
      102, 122, 103, -1,
      103, 122, 123, -1,
      103, 123, 124, -1,
      124, 123, 125, -1,
      124, 125, 126, -1,
      126, 125, 127, -1,
      126, 127, 128, -1,
      128, 127, 129, -1,
      128, 129, 107, -1,
      107, 129, 130, -1,
      107, 130, 108, -1,
      86, 25, 24, -1,
      86, 24, 84, -1,
      84, 24, 23, -1,
      84, 23, 82, -1,
      82, 23, 22, -1,
      82, 22, 80, -1,
      81, 80, 1, -1,
      1, 80, 22, -1,
      81, 1, 12, -1,
      81, 12, 83, -1,
      83, 12, 16, -1,
      83, 16, 85, -1,
      85, 16, 15, -1,
      85, 15, 87, -1,
      87, 15, 14, -1,
      87, 14, 89, -1,
      89, 14, 33, -1,
      89, 33, 91, -1,
      91, 33, 32, -1,
      91, 32, 93, -1,
      93, 32, 31, -1,
      93, 31, 95, -1,
      95, 31, 30, -1,
      95, 30, 97, -1,
      97, 30, 29, -1,
      97, 29, 99, -1,
      99, 29, 28, -1,
      99, 28, 100, -1,
      104, 100, 13, -1,
      13, 100, 28, -1,
      104, 13, 11, -1,
      104, 11, 121, -1,
      121, 11, 10, -1,
      121, 10, 73, -1,
      73, 10, 0, -1,
      73, 0, 74, -1,
      74, 0, 2, -1,
      74, 2, 102, -1,
      102, 2, 3, -1,
      102, 3, 122, -1,
      122, 3, 27, -1,
      122, 27, 123, -1,
      123, 27, 26, -1,
      123, 26, 125, -1,
      125, 26, 7, -1,
      125, 7, 127, -1,
      127, 7, 6, -1,
      127, 6, 129, -1,
      129, 6, 18, -1,
      129, 18, 130, -1,
      130, 18, 17, -1,
      130, 17, 108, -1,
      35, 114, 34, -1,
      34, 114, 112, -1,
      34, 112, 4, -1,
      4, 112, 110, -1,
      4, 110, 5, -1,
      5, 110, 108, -1,
      5, 108, 17, -1,
      35, 36, 114, -1,
      114, 36, 116, -1,
      36, 37, 116, -1,
      116, 37, 21, -1,
      116, 21, 118, -1,
      118, 21, 20, -1,
      118, 20, 119, -1,
      119, 20, 19, -1,
      119, 19, 71, -1,
      71, 19, 9, -1,
      71, 9, 69, -1,
      64, 69, 8, -1,
      8, 69, 9, -1,
    ]
  }
}

Shape {
  appearance Appearance {
    material Material {
      diffuseColor 0.6471 0.5176 0.0000
      specularColor 0.4510 0.3608 0.0000
      ambientIntensity 0.2
      transparency 0.0000
      shininess 0.5
    }
  }
  geometry IndexedFaceSet {
    ccw TRUE
    solid FALSE
    coord DEF co Coordinate {
      point [
        -3.578740 -0.130468 0.290891,
        -3.578740 -0.130468 0.305627,
        -3.582677 -0.130468 0.290891,
        -3.582677 -0.130468 0.305627,
      ]
    }
    coordIndex [
      2, 3, 0, -1,
      0, 3, 1, -1,
    ]
  }
}

Shape {
  appearance Appearance {
    material Material {
      diffuseColor 1.0000 1.0000 1.0000
      specularColor 0.8784 0.8784 0.8784
      ambientIntensity 0.2
      transparency 0.0000
      shininess 0.5
    }
  }
  geometry IndexedFaceSet {
    ccw TRUE
    solid FALSE
    coord DEF co Coordinate {
      point [
        -3.578740 -0.130468 0.290891,
        -3.578740 -0.147183 0.352225,
        -3.578740 -0.147183 0.290891,
        -3.582677 -0.130468 0.290891,
        -3.582677 -0.147183 0.290891,
        -3.582677 -0.147183 0.352225,
      ]
    }
    coordIndex [
      4, 3, 2, -1,
      2, 3, 0, -1,
      5, 4, 1, -1,
      1, 4, 2, -1,
    ]
  }
}

Shape {
  appearance Appearance {
    material Material {
      diffuseColor 0.6471 0.5176 0.0000
      specularColor 0.4510 0.3608 0.0000
      ambientIntensity 0.2
      transparency 0.0000
      shininess 0.5
    }
  }
  geometry IndexedFaceSet {
    ccw TRUE
    solid FALSE
    coord DEF co Coordinate {
      point [
        -3.578740 -0.123141 0.387407,
        -3.578740 -0.130103 0.385225,
        -3.578740 -0.135612 0.382002,
        -3.578740 -0.140031 0.377682,
        -3.578740 -0.143415 0.372200,
        -3.578740 -0.112729 0.388385,
        -3.578740 -0.145990 0.364444,
        -3.578740 -0.147183 0.352225,
        -3.582677 -0.147183 0.352225,
        -3.582677 -0.112729 0.388385,
        -3.582677 -0.123141 0.387407,
        -3.582677 -0.130103 0.385225,
        -3.582677 -0.135612 0.382002,
        -3.582677 -0.140031 0.377682,
        -3.582677 -0.143415 0.372200,
        -3.582677 -0.145990 0.364444,
      ]
    }
    coordIndex [
      8, 7, 6, -1,
      8, 6, 15, -1,
      15, 6, 4, -1,
      15, 4, 14, -1,
      14, 4, 3, -1,
      14, 3, 13, -1,
      13, 3, 2, -1,
      13, 2, 12, -1,
      12, 2, 1, -1,
      12, 1, 11, -1,
      11, 1, 0, -1,
      11, 0, 10, -1,
      10, 0, 5, -1,
      10, 5, 9, -1,
    ]
  }
}

Shape {
  appearance Appearance {
    material Material {
      diffuseColor 1.0000 1.0000 1.0000
      specularColor 0.8784 0.8784 0.8784
      ambientIntensity 0.2
      transparency 0.0000
      shininess 0.5
    }
  }
  geometry IndexedFaceSet {
    ccw TRUE
    solid FALSE
    coord DEF co Coordinate {
      point [
        -3.582677 -0.108158 0.335715,
        -3.582677 -0.089987 0.327370,
        -3.582677 -0.088520 0.324252,
        -3.582677 -0.087695 0.320424,
        -3.582677 -0.093971 0.331397,
        -3.582677 -0.097798 0.333276,
        -3.582677 -0.091988 0.329847,
        -3.582677 -0.087554 0.317771,
        -3.578740 -0.091988 0.329847,
        -3.578740 -0.093971 0.331397,
        -3.578740 -0.097798 0.333276,
        -3.578740 -0.108158 0.335715,
        -3.578740 -0.087554 0.317771,
        -3.578740 -0.087695 0.320424,
        -3.578740 -0.088520 0.324252,
        -3.578740 -0.089987 0.327370,
      ]
    }
    coordIndex [
      6, 8, 9, -1,
      6, 9, 4, -1,
      4, 9, 10, -1,
      4, 10, 5, -1,
      5, 10, 11, -1,
      5, 11, 0, -1,
      7, 12, 13, -1,
      7, 13, 3, -1,
      3, 13, 14, -1,
      3, 14, 2, -1,
      2, 14, 15, -1,
      2, 15, 1, -1,
      1, 15, 8, -1,
      1, 8, 6, -1,
    ]
  }
}

Shape {
  appearance Appearance {
    material Material {
      diffuseColor 0.6471 0.5176 0.0000
      specularColor 0.4510 0.3608 0.0000
      ambientIntensity 0.2
      transparency 0.0000
      shininess 0.5
    }
  }
  geometry IndexedFaceSet {
    ccw TRUE
    solid FALSE
    coord DEF co Coordinate {
      point [
        -3.582677 -0.090976 0.308080,
        -3.582677 -0.092398 0.306651,
        -3.582677 -0.087554 0.317771,
        -3.582677 -0.087978 0.313934,
        -3.582677 -0.089077 0.310897,
        -3.578740 -0.087554 0.317771,
        -3.578740 -0.092398 0.306651,
        -3.578740 -0.090976 0.308080,
        -3.578740 -0.089077 0.310897,
        -3.578740 -0.087978 0.313934,
      ]
    }
    coordIndex [
      1, 6, 7, -1,
      1, 7, 0, -1,
      0, 7, 8, -1,
      0, 8, 4, -1,
      4, 8, 9, -1,
      4, 9, 3, -1,
      3, 9, 5, -1,
      3, 5, 2, -1,
    ]
  }
}

Shape {
  appearance Appearance {
    material Material {
      diffuseColor 1.0000 1.0000 1.0000
      specularColor 0.8784 0.8784 0.8784
      ambientIntensity 0.2
      transparency 0.0000
      shininess 0.5
    }
  }
  geometry IndexedFaceSet {
    ccw TRUE
    solid FALSE
    coord DEF co Coordinate {
      point [
        -3.582677 -0.121208 0.308082,
        -3.582677 -0.116484 0.304894,
        -3.582677 -0.123304 0.310130,
        -3.582677 -0.092398 0.306651,
        -3.582677 -0.095729 0.304376,
        -3.582677 -0.099510 0.302989,
        -3.582677 -0.105156 0.302352,
        -3.582677 -0.111413 0.303052,
        -3.578740 -0.092398 0.306651,
        -3.578740 -0.105156 0.302352,
        -3.578740 -0.099510 0.302989,
        -3.578740 -0.095729 0.304376,
        -3.578740 -0.123304 0.310130,
        -3.578740 -0.121208 0.308082,
        -3.578740 -0.116484 0.304894,
        -3.578740 -0.111413 0.303052,
      ]
    }
    coordIndex [
      6, 9, 10, -1,
      6, 10, 5, -1,
      5, 10, 11, -1,
      5, 11, 4, -1,
      4, 11, 8, -1,
      4, 8, 3, -1,
      2, 12, 13, -1,
      2, 13, 0, -1,
      0, 13, 14, -1,
      0, 14, 1, -1,
      1, 14, 15, -1,
      1, 15, 7, -1,
      7, 15, 9, -1,
      7, 9, 6, -1,
    ]
  }
}

Shape {
  appearance Appearance {
    material Material {
      diffuseColor 0.6471 0.5176 0.0000
      specularColor 0.4510 0.3608 0.0000
      ambientIntensity 0.2
      transparency 0.0000
      shininess 0.5
    }
  }
  geometry IndexedFaceSet {
    ccw TRUE
    solid FALSE
    coord DEF co Coordinate {
      point [
        -3.582677 -0.130468 0.329574,
        -3.582677 -0.130452 0.328465,
        -3.582677 -0.129375 0.321007,
        -3.582677 -0.126923 0.315044,
        -3.582677 -0.123304 0.310130,
        -3.578740 -0.123304 0.310130,
        -3.578740 -0.130468 0.329574,
        -3.578740 -0.130452 0.328465,
        -3.578740 -0.129375 0.321007,
        -3.578740 -0.126923 0.315044,
      ]
    }
    coordIndex [
      0, 6, 7, -1,
      0, 7, 1, -1,
      1, 7, 8, -1,
      1, 8, 2, -1,
      2, 8, 9, -1,
      2, 9, 3, -1,
      3, 9, 5, -1,
      3, 5, 4, -1,
    ]
  }
}

Shape {
  appearance Appearance {
    material Material {
      diffuseColor 1.0000 1.0000 1.0000
      specularColor 0.8784 0.8784 0.8784
      ambientIntensity 0.2
      transparency 0.0000
      shininess 0.5
    }
  }
  geometry IndexedFaceSet {
    ccw TRUE
    solid FALSE
    coord DEF co Coordinate {
      point [
        -3.582677 -0.108158 0.335715,
        -3.582677 -0.130468 0.338717,
        -3.582677 -0.130468 0.329574,
        -3.578740 -0.108158 0.335715,
        -3.578740 -0.130468 0.329574,
        -3.578740 -0.130468 0.338717,
      ]
    }
    coordIndex [
      2, 1, 4, -1,
      4, 1, 5, -1,
      1, 0, 5, -1,
      5, 0, 3, -1,
    ]
  }
}

Shape {
  appearance Appearance {
    material Material {
      diffuseColor 0.2235 0.2235 0.2235
      specularColor 0.1137 0.1137 0.1137
      ambientIntensity 0.2
      transparency 0.0000
      shininess 0.5
    }
  }
  geometry IndexedFaceSet {
    ccw TRUE
    solid FALSE
    coord DEF co Coordinate {
      point [
        -3.578740 -0.091988 0.329847,
        -3.578740 -0.093971 0.331397,
        -3.578740 -0.097798 0.333276,
        -3.578740 -0.108158 0.335715,
        -3.578740 -0.087554 0.317771,
        -3.578740 -0.087695 0.320424,
        -3.578740 -0.088520 0.324252,
        -3.578740 -0.089987 0.327370,
        -3.578740 -0.092398 0.306651,
        -3.578740 -0.090976 0.308080,
        -3.578740 -0.089077 0.310897,
        -3.578740 -0.087978 0.313934,
        -3.578740 -0.105156 0.302352,
        -3.578740 -0.099510 0.302989,
        -3.578740 -0.095729 0.304376,
        -3.578740 -0.123304 0.310130,
        -3.578740 -0.121208 0.308082,
        -3.578740 -0.116484 0.304894,
        -3.578740 -0.111413 0.303052,
        -3.578740 -0.130468 0.329574,
        -3.578740 -0.130452 0.328465,
        -3.578740 -0.129375 0.321007,
        -3.578740 -0.126923 0.315044,
        -3.578740 -0.130468 0.338717,
      ]
    }
    coordIndex [
      20, 19, 0, -1,
      19, 23, 3, -1,
      3, 2, 19, -1,
      19, 2, 1, -1,
      19, 1, 0, -1,
      20, 0, 21, -1,
      21, 0, 7, -1,
      21, 7, 22, -1,
      9, 8, 16, -1,
      9, 16, 10, -1,
      17, 16, 18, -1,
      18, 16, 12, -1,
      7, 6, 22, -1,
      22, 6, 5, -1,
      22, 5, 15, -1,
      15, 5, 4, -1,
      15, 4, 16, -1,
      16, 4, 11, -1,
      16, 11, 10, -1,
      8, 14, 16, -1,
      16, 14, 13, -1,
      16, 13, 12, -1,
    ]
  }
}

Shape {
  appearance Appearance {
    material Material {
      diffuseColor 1.0000 1.0000 1.0000
      specularColor 0.8784 0.8784 0.8784
      ambientIntensity 0.2
      transparency 0.0000
      shininess 0.5
    }
  }
  geometry IndexedFaceSet {
    ccw TRUE
    solid FALSE
    coord DEF co Coordinate {
      point [
        -3.578740 -0.210665 0.290400,
        -3.578740 -0.205263 0.289765,
        -3.578740 -0.352406 0.424340,
        -3.578740 -0.394620 0.424340,
        -3.578740 -0.421143 0.424340,
        -3.578740 -0.421143 0.408989,
        -3.578740 -0.417356 0.366280,
        -3.578740 -0.417356 0.350997,
        -3.578740 -0.369632 0.408989,
        -3.578740 -0.369632 0.366280,
        -3.578740 -0.394620 0.408989,
        -3.578740 -0.394620 0.366280,
        -3.578740 -0.369632 0.350997,
        -3.578740 -0.369632 0.306105,
        -3.578740 -0.394620 0.350997,
        -3.578740 -0.394620 0.306105,
        -3.578740 -0.424179 0.306105,
        -3.578740 -0.424179 0.290891,
        -3.578740 -0.394620 0.290891,
        -3.578740 -0.352406 0.290891,
        -3.578740 -0.286500 0.314565,
        -3.578740 -0.288546 0.306719,
        -3.578740 -0.288990 0.306719,
        -3.578740 -0.334394 0.386202,
        -3.578740 -0.317065 0.386202,
        -3.578740 -0.269665 0.362993,
        -3.578740 -0.291037 0.314428,
        -3.578740 -0.289757 0.309985,
        -3.578740 -0.169834 0.311494,
        -3.578740 -0.176594 0.307337,
        -3.578740 -0.177560 0.306979,
        -3.578740 -0.177560 0.342445,
        -3.578740 -0.174678 0.345403,
        -3.578740 -0.172498 0.348886,
        -3.578740 -0.170655 0.353991,
        -3.578740 -0.169936 0.360481,
        -3.578740 -0.170596 0.366457,
        -3.578740 -0.177412 0.342543,
        -3.578740 -0.186139 0.289765,
        -3.578740 -0.179956 0.290494,
        -3.578740 -0.177560 0.291379,
        -3.578740 -0.169834 0.294233,
        -3.578740 -0.229633 0.384155,
        -3.578740 -0.229633 0.367917,
        -3.578740 -0.180648 0.380812,
        -3.578740 -0.186118 0.384025,
        -3.578740 -0.172586 0.371839,
        -3.578740 -0.175692 0.376357,
        -3.578740 -0.177560 0.378037,
        -3.578740 -0.233409 0.310100,
        -3.578740 -0.231357 0.304803,
        -3.578740 -0.228241 0.300394,
        -3.578740 -0.195426 0.387198,
        -3.578740 -0.207051 0.388385,
        -3.578740 -0.218777 0.387344,
        -3.578740 -0.228610 0.332576,
        -3.578740 -0.231730 0.327972,
        -3.578740 -0.233513 0.323044,
        -3.578740 -0.234205 0.316816,
        -3.578740 -0.223459 0.296212,
        -3.578740 -0.219486 0.293776,
        -3.578740 -0.205413 0.374808,
        -3.578740 -0.200465 0.374437,
        -3.578740 -0.187163 0.361981,
        -3.578740 -0.195994 0.373254,
        -3.578740 -0.192246 0.371260,
        -3.578740 -0.187315 0.359758,
        -3.578740 -0.187979 0.357161,
        -3.578740 -0.189183 0.354906,
        -3.578740 -0.190813 0.353112,
        -3.578740 -0.196706 0.349428,
        -3.578740 -0.216064 0.373637,
        -3.578740 -0.207051 0.344925,
        -3.578740 -0.225522 0.370252,
        -3.578740 -0.213523 0.342306,
        -3.578740 -0.224624 0.336132,
        -3.578740 -0.189724 0.369031,
        -3.578740 -0.188291 0.366904,
        -3.578740 -0.187465 0.364648,
        -3.578740 -0.187085 0.303453,
        -3.578740 -0.195248 0.332781,
        -3.578740 -0.185284 0.337348,
        -3.578740 -0.197329 0.302284,
        -3.578740 -0.198067 0.302289,
        -3.578740 -0.206224 0.328184,
        -3.578740 -0.206635 0.303249,
        -3.578740 -0.217046 0.315179,
        -3.578740 -0.216882 0.317258,
        -3.578740 -0.210949 0.304828,
        -3.578740 -0.212473 0.305752,
        -3.578740 -0.214391 0.307455,
        -3.578740 -0.215850 0.309613,
        -3.578740 -0.216700 0.311990,
        -3.578740 -0.216123 0.319868,
        -3.578740 -0.214830 0.322084,
        -3.578740 -0.212748 0.324253,
        -3.578740 -0.269665 0.318126,
        -3.578740 -0.242903 0.386202,
        -3.578740 -0.261597 0.386202,
        -3.578740 -0.280291 0.291095,
        -3.578740 -0.279728 0.289765,
        -3.578740 -0.272957 0.273766,
        -3.578740 -0.246349 0.247363,
        -3.578740 -0.246349 0.262236,
        -3.578740 -0.266518 0.264229,
        -3.578740 -0.269632 0.267689,
        -3.578740 -0.269665 0.267750,
        -3.578740 -0.195691 0.288639,
        -3.578740 -0.249769 0.261115,
        -3.578740 -0.255832 0.260326,
        -3.578740 -0.269665 0.248978,
        -3.578740 -0.263881 0.246775,
        -3.578740 -0.257128 0.245998,
        -3.578740 -0.253439 0.246131,
        -3.578740 -0.260056 0.260826,
        -3.578740 -0.263694 0.262250,
        -3.578740 -0.291139 0.276495,
        -3.578740 -0.283572 0.261758,
        -3.578740 -0.296371 0.289765,
        -3.578740 -0.277455 0.254412,
        -3.578740 -0.276315 0.253368,
        -3.578740 -0.270477 0.249287,
        -3.578740 -0.449388 0.290891,
        -3.578740 -0.554402 0.335191,
        -3.578740 -0.547828 0.321389,
        -3.578740 -0.537911 0.309584,
        -3.578740 -0.550885 0.390418,
        -3.578740 -0.555819 0.377687,
        -3.578740 -0.558037 0.359321,
        -3.578740 -0.557636 0.350813,
        -3.578740 -0.523950 0.299579,
        -3.578740 -0.508733 0.293643,
        -3.578740 -0.486093 0.290891,
        -3.578740 -0.449388 0.424340,
        -3.578740 -0.487458 0.424340,
        -3.578740 -0.507835 0.422089,
        -3.578740 -0.523941 0.416206,
        -3.578740 -0.537911 0.406669,
        -3.578740 -0.542627 0.402055,
        -3.582677 -0.169834 0.311494,
        -3.582677 -0.176594 0.307337,
        -3.582677 -0.197329 0.302284,
        -3.582677 -0.187085 0.303453,
        -3.582677 -0.169834 0.294233,
        -3.582677 -0.179956 0.290494,
        -3.582677 -0.195691 0.288639,
        -3.582677 -0.210665 0.290400,
        -3.582677 -0.219486 0.293776,
        -3.582677 -0.223459 0.296212,
        -3.582677 -0.228241 0.300394,
        -3.582677 -0.231357 0.304803,
        -3.582677 -0.233409 0.310100,
        -3.582677 -0.234205 0.316816,
        -3.582677 -0.233513 0.323044,
        -3.582677 -0.231730 0.327972,
        -3.582677 -0.228610 0.332576,
        -3.582677 -0.224624 0.336132,
        -3.582677 -0.213523 0.342306,
        -3.582677 -0.207051 0.344925,
        -3.582677 -0.196706 0.349428,
        -3.582677 -0.190813 0.353112,
        -3.582677 -0.189183 0.354906,
        -3.582677 -0.187979 0.357161,
        -3.582677 -0.187315 0.359758,
        -3.582677 -0.187163 0.361981,
        -3.582677 -0.187465 0.364648,
        -3.582677 -0.188291 0.366904,
        -3.582677 -0.189724 0.369031,
        -3.582677 -0.192246 0.371260,
        -3.582677 -0.195994 0.373254,
        -3.582677 -0.200465 0.374437,
        -3.582677 -0.205413 0.374808,
        -3.582677 -0.216064 0.373637,
        -3.582677 -0.225522 0.370252,
        -3.582677 -0.229633 0.367917,
        -3.582677 -0.229633 0.384155,
        -3.582677 -0.218777 0.387344,
        -3.582677 -0.207051 0.388385,
        -3.582677 -0.195426 0.387198,
        -3.582677 -0.186118 0.384025,
        -3.582677 -0.180648 0.380812,
        -3.582677 -0.175692 0.376357,
        -3.582677 -0.172586 0.371839,
        -3.582677 -0.170596 0.366457,
        -3.582677 -0.169936 0.360481,
        -3.582677 -0.170655 0.353991,
        -3.582677 -0.172498 0.348886,
        -3.582677 -0.174678 0.345403,
        -3.582677 -0.195248 0.332781,
        -3.582677 -0.185284 0.337348,
        -3.582677 -0.177412 0.342543,
        -3.582677 -0.206224 0.328184,
        -3.582677 -0.212748 0.324253,
        -3.582677 -0.214830 0.322084,
        -3.582677 -0.216123 0.319868,
        -3.582677 -0.216882 0.317258,
        -3.582677 -0.217046 0.315179,
        -3.582677 -0.216700 0.311990,
        -3.582677 -0.215850 0.309613,
        -3.582677 -0.214391 0.307455,
        -3.582677 -0.212473 0.305752,
        -3.582677 -0.210949 0.304828,
        -3.582677 -0.206635 0.303249,
        -3.582677 -0.198067 0.302289,
        -3.582677 -0.317065 0.386202,
        -3.582677 -0.334394 0.386202,
        -3.582677 -0.291037 0.314428,
        -3.582677 -0.289757 0.309985,
        -3.582677 -0.288990 0.306719,
        -3.582677 -0.288546 0.306719,
        -3.582677 -0.286500 0.314565,
        -3.582677 -0.261597 0.386202,
        -3.582677 -0.242903 0.386202,
        -3.582677 -0.280291 0.291095,
        -3.582677 -0.272957 0.273766,
        -3.582677 -0.269632 0.267689,
        -3.582677 -0.266518 0.264229,
        -3.582677 -0.263694 0.262250,
        -3.582677 -0.260056 0.260826,
        -3.582677 -0.255832 0.260326,
        -3.582677 -0.249769 0.261115,
        -3.582677 -0.246349 0.262236,
        -3.582677 -0.246349 0.247363,
        -3.582677 -0.253439 0.246131,
        -3.582677 -0.257128 0.245998,
        -3.582677 -0.263881 0.246775,
        -3.582677 -0.270477 0.249287,
        -3.582677 -0.276315 0.253368,
        -3.582677 -0.277455 0.254412,
        -3.582677 -0.283572 0.261758,
        -3.582677 -0.291139 0.276495,
        -3.582677 -0.424179 0.306105,
        -3.582677 -0.424179 0.290891,
        -3.582677 -0.369632 0.306105,
        -3.582677 -0.369632 0.350997,
        -3.582677 -0.417356 0.350997,
        -3.582677 -0.417356 0.366280,
        -3.582677 -0.369632 0.366280,
        -3.582677 -0.369632 0.408989,
        -3.582677 -0.421143 0.408989,
        -3.582677 -0.421143 0.424340,
        -3.582677 -0.352406 0.424340,
        -3.582677 -0.352406 0.290891,
        -3.582677 -0.537911 0.309584,
        -3.582677 -0.524096 0.318561,
        -3.582677 -0.523950 0.299579,
        -3.582677 -0.515487 0.312582,
        -3.582677 -0.508733 0.293643,
        -3.582677 -0.504462 0.308309,
        -3.582677 -0.486093 0.290891,
        -3.582677 -0.485991 0.306105,
        -3.582677 -0.449388 0.290891,
        -3.582677 -0.466615 0.306105,
        -3.582677 -0.449388 0.424340,
        -3.582677 -0.466615 0.408989,
        -3.582677 -0.487458 0.424340,
        -3.582677 -0.486776 0.408989,
        -3.582677 -0.488202 0.408978,
        -3.582677 -0.507835 0.422089,
        -3.582677 -0.505257 0.406765,
        -3.582677 -0.523941 0.416206,
        -3.582677 -0.516607 0.402363,
        -3.582677 -0.537911 0.406669,
        -3.582677 -0.525289 0.396435,
        -3.582677 -0.542627 0.402055,
        -3.582677 -0.529022 0.392755,
        -3.582677 -0.550885 0.390418,
        -3.582677 -0.534191 0.385272,
        -3.582677 -0.555819 0.377687,
        -3.582677 -0.537950 0.375521,
        -3.582677 -0.558037 0.359321,
        -3.582677 -0.539924 0.358843,
        -3.582677 -0.557636 0.350813,
        -3.582677 -0.539394 0.349623,
        -3.582677 -0.554402 0.335191,
        -3.582677 -0.536692 0.337569,
        -3.582677 -0.547828 0.321389,
        -3.582677 -0.531991 0.327763,
        -3.582677 -0.525664 0.320023,
        -3.578740 -0.486776 0.408989,
        -3.578740 -0.466615 0.408989,
        -3.578740 -0.466615 0.306105,
        -3.578740 -0.485991 0.306105,
        -3.578740 -0.525664 0.320023,
        -3.578740 -0.524096 0.318561,
        -3.578740 -0.515487 0.312582,
        -3.578740 -0.504462 0.308309,
        -3.578740 -0.539924 0.358843,
        -3.578740 -0.539394 0.349623,
        -3.578740 -0.536692 0.337569,
        -3.578740 -0.531991 0.327763,
        -3.578740 -0.525289 0.396435,
        -3.578740 -0.529022 0.392755,
        -3.578740 -0.534191 0.385272,
        -3.578740 -0.537950 0.375521,
        -3.578740 -0.488202 0.408978,
        -3.578740 -0.505257 0.406765,
        -3.578740 -0.516607 0.402363,
      ]
    }
    coordIndex [
      28, 139, 140, -1,
      141, 82, 79, -1,
      141, 79, 142, -1,
      142, 79, 30, -1,
      142, 30, 140, -1,
      140, 30, 29, -1,
      140, 29, 28, -1,
      143, 139, 41, -1,
      41, 139, 28, -1,
      143, 41, 144, -1,
      144, 41, 40, -1,
      107, 145, 38, -1,
      38, 145, 144, -1,
      38, 144, 39, -1,
      39, 144, 40, -1,
      145, 107, 146, -1,
      146, 107, 1, -1,
      1, 0, 146, -1,
      146, 0, 60, -1,
      146, 60, 147, -1,
      147, 60, 59, -1,
      147, 59, 148, -1,
      148, 59, 51, -1,
      148, 51, 149, -1,
      149, 51, 50, -1,
      149, 50, 150, -1,
      150, 50, 49, -1,
      150, 49, 151, -1,
      151, 49, 58, -1,
      151, 58, 152, -1,
      152, 58, 57, -1,
      152, 57, 153, -1,
      153, 57, 56, -1,
      153, 56, 154, -1,
      154, 56, 55, -1,
      154, 55, 155, -1,
      155, 55, 75, -1,
      155, 75, 156, -1,
      156, 75, 74, -1,
      156, 74, 157, -1,
      157, 74, 72, -1,
      157, 72, 158, -1,
      158, 72, 70, -1,
      158, 70, 159, -1,
      159, 70, 69, -1,
      159, 69, 160, -1,
      160, 69, 68, -1,
      160, 68, 161, -1,
      161, 68, 67, -1,
      161, 67, 162, -1,
      162, 67, 66, -1,
      162, 66, 163, -1,
      163, 66, 63, -1,
      163, 63, 164, -1,
      164, 63, 78, -1,
      164, 78, 165, -1,
      165, 78, 77, -1,
      165, 77, 166, -1,
      166, 77, 76, -1,
      166, 76, 167, -1,
      167, 76, 65, -1,
      167, 65, 168, -1,
      168, 65, 64, -1,
      168, 64, 169, -1,
      169, 64, 62, -1,
      169, 62, 170, -1,
      170, 62, 61, -1,
      170, 61, 171, -1,
      171, 61, 71, -1,
      171, 71, 172, -1,
      172, 71, 73, -1,
      172, 73, 173, -1,
      173, 73, 43, -1,
      173, 43, 174, -1,
      175, 174, 42, -1,
      42, 174, 43, -1,
      175, 42, 54, -1,
      175, 54, 176, -1,
      176, 54, 53, -1,
      176, 53, 177, -1,
      177, 53, 52, -1,
      177, 52, 178, -1,
      178, 52, 45, -1,
      178, 45, 179, -1,
      179, 45, 44, -1,
      179, 44, 180, -1,
      180, 44, 181, -1,
      181, 44, 48, -1,
      48, 47, 181, -1,
      181, 47, 46, -1,
      181, 46, 182, -1,
      182, 46, 36, -1,
      182, 36, 183, -1,
      183, 36, 35, -1,
      183, 35, 184, -1,
      184, 35, 34, -1,
      184, 34, 185, -1,
      185, 34, 33, -1,
      185, 33, 186, -1,
      186, 33, 32, -1,
      186, 32, 187, -1,
      80, 188, 189, -1,
      187, 32, 37, -1,
      187, 37, 190, -1,
      190, 37, 31, -1,
      190, 31, 189, -1,
      189, 31, 81, -1,
      189, 81, 80, -1,
      188, 80, 84, -1,
      188, 84, 191, -1,
      191, 84, 95, -1,
      191, 95, 192, -1,
      192, 95, 94, -1,
      192, 94, 193, -1,
      193, 94, 93, -1,
      193, 93, 194, -1,
      194, 93, 87, -1,
      194, 87, 195, -1,
      195, 87, 86, -1,
      195, 86, 196, -1,
      196, 86, 92, -1,
      196, 92, 197, -1,
      197, 92, 91, -1,
      197, 91, 198, -1,
      198, 91, 90, -1,
      198, 90, 199, -1,
      199, 90, 89, -1,
      199, 89, 200, -1,
      200, 89, 88, -1,
      200, 88, 201, -1,
      201, 88, 85, -1,
      201, 85, 202, -1,
      202, 85, 83, -1,
      202, 83, 203, -1,
      203, 83, 82, -1,
      203, 82, 141, -1,
      167, 168, 179, -1,
      179, 168, 178, -1,
      191, 158, 188, -1,
      188, 158, 159, -1,
      147, 148, 199, -1,
      199, 148, 149, -1,
      199, 149, 198, -1,
      198, 149, 150, -1,
      198, 150, 197, -1,
      197, 150, 151, -1,
      197, 151, 196, -1,
      196, 151, 152, -1,
      196, 152, 195, -1,
      195, 152, 153, -1,
      195, 153, 194, -1,
      194, 153, 154, -1,
      194, 154, 193, -1,
      193, 154, 155, -1,
      193, 155, 192, -1,
      192, 155, 156, -1,
      192, 156, 191, -1,
      191, 156, 157, -1,
      191, 157, 158, -1,
      145, 141, 144, -1,
      144, 141, 142, -1,
      144, 142, 143, -1,
      143, 142, 140, -1,
      143, 140, 139, -1,
      168, 169, 178, -1,
      178, 169, 170, -1,
      178, 170, 177, -1,
      177, 170, 171, -1,
      177, 171, 176, -1,
      176, 171, 172, -1,
      176, 172, 175, -1,
      175, 172, 173, -1,
      175, 173, 174, -1,
      199, 200, 147, -1,
      147, 200, 201, -1,
      147, 201, 146, -1,
      146, 201, 202, -1,
      146, 202, 145, -1,
      145, 202, 203, -1,
      145, 203, 141, -1,
      179, 180, 167, -1,
      167, 180, 181, -1,
      167, 181, 166, -1,
      166, 181, 182, -1,
      166, 182, 165, -1,
      165, 182, 183, -1,
      165, 183, 164, -1,
      164, 183, 184, -1,
      164, 184, 163, -1,
      163, 184, 185, -1,
      163, 185, 162, -1,
      162, 185, 186, -1,
      162, 186, 161, -1,
      161, 186, 187, -1,
      161, 187, 160, -1,
      160, 187, 190, -1,
      160, 190, 159, -1,
      159, 190, 189, -1,
      159, 189, 188, -1,
      204, 205, 24, -1,
      24, 205, 23, -1,
      206, 204, 26, -1,
      26, 204, 24, -1,
      206, 26, 27, -1,
      206, 27, 207, -1,
      207, 27, 22, -1,
      207, 22, 208, -1,
      209, 208, 21, -1,
      21, 208, 22, -1,
      210, 209, 20, -1,
      20, 209, 21, -1,
      98, 211, 25, -1,
      25, 211, 210, -1,
      25, 210, 20, -1,
      212, 211, 97, -1,
      97, 211, 98, -1,
      99, 213, 96, -1,
      96, 213, 212, -1,
      96, 212, 97, -1,
      101, 214, 100, -1,
      100, 214, 213, -1,
      100, 213, 99, -1,
      214, 101, 215, -1,
      215, 101, 106, -1,
      106, 105, 215, -1,
      215, 105, 104, -1,
      215, 104, 216, -1,
      216, 104, 115, -1,
      216, 115, 217, -1,
      217, 115, 114, -1,
      217, 114, 218, -1,
      218, 114, 109, -1,
      218, 109, 219, -1,
      219, 109, 108, -1,
      219, 108, 220, -1,
      220, 108, 103, -1,
      220, 103, 221, -1,
      222, 221, 102, -1,
      102, 221, 103, -1,
      222, 102, 113, -1,
      222, 113, 223, -1,
      223, 113, 112, -1,
      223, 112, 224, -1,
      224, 112, 111, -1,
      224, 111, 225, -1,
      225, 111, 110, -1,
      225, 110, 226, -1,
      110, 121, 226, -1,
      226, 121, 120, -1,
      226, 120, 227, -1,
      227, 120, 119, -1,
      227, 119, 228, -1,
      228, 119, 117, -1,
      228, 117, 229, -1,
      229, 117, 116, -1,
      229, 116, 230, -1,
      23, 205, 118, -1,
      118, 205, 230, -1,
      118, 230, 116, -1,
      207, 208, 230, -1,
      205, 204, 230, -1,
      230, 204, 206, -1,
      230, 206, 207, -1,
      211, 212, 210, -1,
      210, 212, 213, -1,
      210, 213, 209, -1,
      221, 222, 220, -1,
      220, 222, 223, -1,
      220, 223, 219, -1,
      219, 223, 224, -1,
      219, 224, 218, -1,
      218, 224, 225, -1,
      218, 225, 217, -1,
      217, 225, 226, -1,
      217, 226, 216, -1,
      208, 209, 230, -1,
      230, 209, 213, -1,
      230, 213, 229, -1,
      213, 214, 229, -1,
      229, 214, 215, -1,
      229, 215, 228, -1,
      228, 215, 216, -1,
      228, 216, 227, -1,
      227, 216, 226, -1,
      231, 232, 16, -1,
      16, 232, 17, -1,
      13, 233, 15, -1,
      15, 233, 231, -1,
      15, 231, 16, -1,
      234, 233, 12, -1,
      12, 233, 13, -1,
      7, 235, 14, -1,
      14, 235, 234, -1,
      14, 234, 12, -1,
      236, 235, 6, -1,
      6, 235, 7, -1,
      9, 237, 11, -1,
      11, 237, 236, -1,
      11, 236, 6, -1,
      238, 237, 8, -1,
      8, 237, 9, -1,
      5, 239, 10, -1,
      10, 239, 238, -1,
      10, 238, 8, -1,
      240, 239, 4, -1,
      4, 239, 5, -1,
      2, 241, 3, -1,
      3, 241, 240, -1,
      3, 240, 4, -1,
      242, 241, 19, -1,
      19, 241, 2, -1,
      17, 232, 18, -1,
      18, 232, 242, -1,
      18, 242, 19, -1,
      232, 231, 242, -1,
      242, 231, 233, -1,
      235, 236, 234, -1,
      234, 236, 237, -1,
      239, 240, 238, -1,
      238, 240, 241, -1,
      238, 241, 237, -1,
      237, 241, 242, -1,
      237, 242, 234, -1,
      234, 242, 233, -1,
      243, 244, 245, -1,
      245, 244, 246, -1,
      245, 246, 247, -1,
      247, 246, 248, -1,
      247, 248, 249, -1,
      249, 248, 250, -1,
      249, 250, 251, -1,
      251, 250, 252, -1,
      251, 252, 253, -1,
      253, 252, 254, -1,
      253, 254, 255, -1,
      254, 256, 255, -1,
      255, 256, 257, -1,
      255, 257, 258, -1,
      258, 257, 259, -1,
      258, 259, 260, -1,
      260, 259, 261, -1,
      260, 261, 262, -1,
      262, 261, 263, -1,
      262, 263, 264, -1,
      264, 263, 265, -1,
      264, 265, 266, -1,
      266, 265, 267, -1,
      266, 267, 268, -1,
      268, 267, 269, -1,
      268, 269, 270, -1,
      270, 269, 271, -1,
      270, 271, 272, -1,
      272, 271, 273, -1,
      272, 273, 274, -1,
      274, 273, 275, -1,
      274, 275, 276, -1,
      276, 275, 277, -1,
      276, 277, 243, -1,
      243, 277, 278, -1,
      243, 278, 244, -1,
      249, 251, 132, -1,
      132, 251, 122, -1,
      249, 132, 131, -1,
      249, 131, 247, -1,
      247, 131, 130, -1,
      247, 130, 245, -1,
      245, 130, 125, -1,
      245, 125, 243, -1,
      243, 125, 124, -1,
      243, 124, 276, -1,
      276, 124, 123, -1,
      276, 123, 274, -1,
      274, 123, 129, -1,
      274, 129, 272, -1,
      272, 129, 128, -1,
      272, 128, 270, -1,
      270, 128, 127, -1,
      270, 127, 268, -1,
      268, 127, 126, -1,
      268, 126, 266, -1,
      266, 126, 138, -1,
      266, 138, 264, -1,
      264, 138, 137, -1,
      264, 137, 262, -1,
      262, 137, 136, -1,
      262, 136, 260, -1,
      260, 136, 135, -1,
      260, 135, 258, -1,
      258, 135, 134, -1,
      258, 134, 255, -1,
      253, 255, 133, -1,
      133, 255, 134, -1,
      251, 253, 122, -1,
      122, 253, 133, -1,
      256, 254, 279, -1,
      279, 254, 280, -1,
      254, 252, 280, -1,
      280, 252, 281, -1,
      252, 250, 281, -1,
      281, 250, 282, -1,
      278, 283, 284, -1,
      278, 284, 244, -1,
      244, 284, 285, -1,
      244, 285, 246, -1,
      246, 285, 286, -1,
      246, 286, 248, -1,
      248, 286, 282, -1,
      248, 282, 250, -1,
      271, 287, 288, -1,
      271, 288, 273, -1,
      273, 288, 289, -1,
      273, 289, 275, -1,
      275, 289, 290, -1,
      275, 290, 277, -1,
      277, 290, 283, -1,
      277, 283, 278, -1,
      263, 291, 292, -1,
      263, 292, 265, -1,
      265, 292, 293, -1,
      265, 293, 267, -1,
      267, 293, 294, -1,
      267, 294, 269, -1,
      269, 294, 287, -1,
      269, 287, 271, -1,
      256, 279, 295, -1,
      256, 295, 257, -1,
      257, 295, 296, -1,
      257, 296, 259, -1,
      259, 296, 297, -1,
      259, 297, 261, -1,
      261, 297, 291, -1,
      261, 291, 263, -1,
    ]
  }
}

Shape {
  appearance Appearance {
    material Material {
      diffuseColor 0.2235 0.2235 0.2235
      specularColor 0.1137 0.1137 0.1137
      ambientIntensity 0.2
      transparency 0.0000
      shininess 0.5
    }
  }
  geometry IndexedFaceSet {
    ccw TRUE
    solid FALSE
    coord DEF co Coordinate {
      point [
        -3.578740 -0.486776 0.408989,
        -3.578740 -0.466615 0.408989,
        -3.578740 -0.466615 0.306105,
        -3.578740 -0.485991 0.306105,
        -3.578740 -0.525664 0.320023,
        -3.578740 -0.524096 0.318561,
        -3.578740 -0.515487 0.312582,
        -3.578740 -0.504462 0.308309,
        -3.578740 -0.539924 0.358843,
        -3.578740 -0.539394 0.349623,
        -3.578740 -0.536692 0.337569,
        -3.578740 -0.531991 0.327763,
        -3.578740 -0.525289 0.396435,
        -3.578740 -0.529022 0.392755,
        -3.578740 -0.534191 0.385272,
        -3.578740 -0.537950 0.375521,
        -3.578740 -0.488202 0.408978,
        -3.578740 -0.505257 0.406765,
        -3.578740 -0.516607 0.402363,
      ]
    }
    coordIndex [
      6, 5, 16, -1,
      1, 2, 0, -1,
      0, 2, 3, -1,
      0, 3, 16, -1,
      16, 3, 7, -1,
      16, 7, 6, -1,
      5, 4, 16, -1,
      16, 4, 11, -1,
      16, 11, 10, -1,
      8, 12, 18, -1,
      15, 14, 8, -1,
      8, 14, 13, -1,
      8, 13, 12, -1,
      10, 9, 16, -1,
      16, 9, 8, -1,
      16, 8, 17, -1,
      17, 8, 18, -1,
    ]
  }
}

Shape {
  appearance Appearance {
    material Material {
      diffuseColor 1.0000 1.0000 1.0000
      specularColor 0.8784 0.8784 0.8784
      ambientIntensity 0.2
      transparency 0.0000
      shininess 0.5
    }
  }
  geometry IndexedFaceSet {
    ccw TRUE
    solid FALSE
    coord DEF co Coordinate {
      point [
        -3.578740 -0.584475 0.290891,
        -3.578740 -0.565440 0.290891,
        -3.578740 -0.666482 0.290891,
        -3.578740 -0.652871 0.327391,
        -3.578740 -0.597301 0.327391,
        -3.578740 -0.616268 0.424340,
        -3.578740 -0.634689 0.424340,
        -3.578740 -0.685517 0.290891,
        -3.582677 -0.602759 0.342469,
        -3.582677 -0.622715 0.397937,
        -3.582677 -0.616268 0.424340,
        -3.582677 -0.565440 0.290891,
        -3.582677 -0.584475 0.290891,
        -3.582677 -0.597301 0.327391,
        -3.582677 -0.623871 0.401919,
        -3.582677 -0.624898 0.407283,
        -3.582677 -0.634689 0.424340,
        -3.582677 -0.625308 0.407283,
        -3.582677 -0.626387 0.401638,
        -3.582677 -0.627389 0.397937,
        -3.582677 -0.647549 0.342469,
        -3.582677 -0.685517 0.290891,
        -3.582677 -0.666482 0.290891,
        -3.582677 -0.652871 0.327391,
        -3.578740 -0.602759 0.342469,
        -3.578740 -0.647549 0.342469,
        -3.578740 -0.627389 0.397937,
        -3.578740 -0.625308 0.407283,
        -3.578740 -0.626387 0.401638,
        -3.578740 -0.624898 0.407283,
        -3.578740 -0.622715 0.397937,
        -3.578740 -0.623871 0.401919,
      ]
    }
    coordIndex [
      8, 9, 10, -1,
      11, 12, 13, -1,
      9, 14, 10, -1,
      10, 14, 15, -1,
      10, 15, 16, -1,
      16, 15, 17, -1,
      16, 17, 18, -1,
      18, 19, 16, -1,
      16, 19, 20, -1,
      16, 20, 21, -1,
      22, 21, 23, -1,
      23, 21, 20, -1,
      23, 20, 13, -1,
      13, 20, 8, -1,
      13, 8, 11, -1,
      11, 8, 10, -1,
      16, 21, 6, -1,
      6, 21, 7, -1,
      10, 16, 5, -1,
      5, 16, 6, -1,
      11, 10, 1, -1,
      1, 10, 5, -1,
      12, 11, 0, -1,
      0, 11, 1, -1,
      13, 12, 4, -1,
      4, 12, 0, -1,
      23, 13, 3, -1,
      3, 13, 4, -1,
      22, 23, 2, -1,
      2, 23, 3, -1,
      21, 22, 7, -1,
      7, 22, 2, -1,
      8, 20, 24, -1,
      24, 20, 25, -1,
      20, 19, 25, -1,
      25, 19, 26, -1,
      17, 27, 28, -1,
      17, 28, 18, -1,
      18, 28, 26, -1,
      18, 26, 19, -1,
      17, 15, 27, -1,
      27, 15, 29, -1,
      9, 30, 31, -1,
      9, 31, 14, -1,
      14, 31, 29, -1,
      14, 29, 15, -1,
      9, 8, 30, -1,
      30, 8, 24, -1,
    ]
  }
}

Shape {
  appearance Appearance {
    material Material {
      diffuseColor 0.2235 0.2235 0.2235
      specularColor 0.1137 0.1137 0.1137
      ambientIntensity 0.2
      transparency 0.0000
      shininess 0.5
    }
  }
  geometry IndexedFaceSet {
    ccw TRUE
    solid FALSE
    coord DEF co Coordinate {
      point [
        -3.578740 -0.602759 0.342469,
        -3.578740 -0.647549 0.342469,
        -3.578740 -0.627389 0.397937,
        -3.578740 -0.625308 0.407283,
        -3.578740 -0.626387 0.401638,
        -3.578740 -0.624898 0.407283,
        -3.578740 -0.622715 0.397937,
        -3.578740 -0.623871 0.401919,
      ]
    }
    coordIndex [
      3, 5, 4, -1,
      4, 5, 7, -1,
      4, 7, 2, -1,
      2, 7, 6, -1,
      2, 6, 1, -1,
      1, 6, 0, -1,
    ]
  }
}

Shape {
  appearance Appearance {
    material Material {
      diffuseColor 1.0000 1.0000 1.0000
      specularColor 0.8784 0.8784 0.8784
      ambientIntensity 0.2
      transparency 0.0000
      shininess 0.5
    }
  }
  geometry IndexedFaceSet {
    ccw TRUE
    solid FALSE
    coord DEF co Coordinate {
      point [
        -3.578740 0.187483 0.531963,
        -3.578740 0.161754 0.510192,
        -3.578740 0.308446 0.648081,
        -3.578740 0.292736 0.637169,
        -3.578740 0.271633 0.622511,
        -3.578740 0.238695 0.583860,
        -3.578740 0.220397 0.547556,
        -3.578740 0.215717 0.545981,
        -3.578740 0.487328 0.651278,
        -3.578740 0.443296 0.667099,
        -3.578740 0.400671 0.671850,
        -3.578740 0.355508 0.666356,
        -3.578740 0.510682 0.637169,
        -3.578740 0.514528 0.634846,
        -3.578740 0.718333 0.501469,
        -3.578740 0.710012 0.520230,
        -3.578740 0.687212 0.549453,
        -3.578740 0.615466 0.590381,
        -3.578740 0.578099 0.594996,
        -3.578740 0.536826 0.615751,
        -3.578740 0.567187 0.594403,
        -3.578740 0.556276 0.593098,
        -3.578740 0.680796 0.555526,
        -3.578740 0.650615 0.576738,
        -3.578740 0.662314 0.312600,
        -3.578740 0.691956 0.337868,
        -3.578740 0.628019 0.295905,
        -3.578740 0.713635 0.368826,
        -3.578740 0.727222 0.404150,
        -3.578740 0.731806 0.441289,
        -3.578740 0.731536 0.450417,
        -3.578740 0.729404 0.462341,
        -3.578740 0.725159 0.486076,
        -3.578740 0.616051 0.292325,
        -3.578740 0.614854 0.289765,
        -3.578740 0.606537 0.271969,
        -3.578740 0.592426 0.254555,
        -3.578740 0.573866 0.240566,
        -3.578740 0.486630 0.236902,
        -3.578740 0.502952 0.230634,
        -3.578740 0.525914 0.227806,
        -3.578740 0.529573 0.227874,
        -3.578740 0.551975 0.231368,
        -3.578740 0.565146 0.236902,
        -3.578740 0.437007 0.289765,
        -3.578740 0.437091 0.289411,
        -3.578740 0.448312 0.268261,
        -3.578740 0.462892 0.251911,
        -3.578740 0.481790 0.238761,
        -3.578740 0.130800 0.454216,
        -3.578740 0.126465 0.423261,
        -3.578740 0.315858 0.345739,
        -3.578740 0.309347 0.348310,
        -3.578740 0.298200 0.402387,
        -3.578740 0.161571 0.333124,
        -3.578740 0.187395 0.311265,
        -3.578740 0.454753 0.386257,
        -3.578740 0.327613 0.452674,
        -3.578740 0.471332 0.401354,
        -3.578740 0.491465 0.412145,
        -3.578740 0.321693 0.341604,
        -3.578740 0.142746 0.359346,
        -3.578740 0.185754 0.430615,
        -3.578740 0.190208 0.448839,
        -3.578740 0.197483 0.462341,
        -3.578740 0.669672 0.462341,
        -3.578740 0.130823 0.389382,
        -3.578740 0.301995 0.349254,
        -3.578740 0.301072 0.349187,
        -3.578740 0.298225 0.348557,
        -3.578740 0.664100 0.405360,
        -3.578740 0.652786 0.386103,
        -3.578740 0.604610 0.376302,
        -3.578740 0.635774 0.368627,
        -3.578740 0.615102 0.355896,
        -3.578740 0.569520 0.407712,
        -3.578740 0.588922 0.394235,
        -3.578740 0.672031 0.443186,
        -3.578740 0.670900 0.428583,
        -3.578740 0.548562 0.415727,
        -3.578740 0.525914 0.418517,
        -3.578740 0.514367 0.417832,
        -3.578740 0.331408 0.319841,
        -3.578740 0.331167 0.323585,
        -3.578740 0.431033 0.332176,
        -3.578740 0.329261 0.330807,
        -3.578740 0.325613 0.337280,
        -3.578740 0.204547 0.372131,
        -3.578740 0.194109 0.386930,
        -3.578740 0.187569 0.403840,
        -3.578740 0.185291 0.422312,
        -3.578740 0.309237 0.291289,
        -3.578740 0.315514 0.293759,
        -3.578740 0.321667 0.298135,
        -3.578740 0.323873 0.300380,
        -3.578740 0.328008 0.306340,
        -3.578740 0.330507 0.312774,
        -3.578740 0.431545 0.312834,
        -3.578740 0.431033 0.322687,
        -3.578740 0.216346 0.297101,
        -3.578740 0.247913 0.290428,
        -3.578740 0.303893 0.290428,
        -3.578740 0.296302 0.348305,
        -3.578740 0.253606 0.348305,
        -3.578740 0.236586 0.351565,
        -3.578740 0.219843 0.359318,
        -3.578740 0.205812 0.370772,
        -3.578740 0.266889 0.496320,
        -3.578740 0.661076 0.487310,
        -3.578740 0.669203 0.466148,
        -3.578740 0.259298 0.496320,
        -3.578740 0.199029 0.465211,
        -3.578740 0.209980 0.477441,
        -3.578740 0.224696 0.487717,
        -3.578740 0.241256 0.494094,
        -3.578740 0.287326 0.553296,
        -3.578740 0.308724 0.578867,
        -3.578740 0.526863 0.523835,
        -3.578740 0.311144 0.581072,
        -3.578740 0.337803 0.599570,
        -3.578740 0.512374 0.553839,
        -3.578740 0.651224 0.501469,
        -3.578740 0.533655 0.527548,
        -3.578740 0.268020 0.501469,
        -3.578740 0.272691 0.522723,
        -3.578740 0.554931 0.535318,
        -3.578740 0.577150 0.538067,
        -3.578740 0.587003 0.537556,
        -3.578740 0.491095 0.579264,
        -3.578740 0.367557 0.610968,
        -3.578740 0.465639 0.597864,
        -3.578740 0.399722 0.614921,
        -3.578740 0.434642 0.610424,
        -3.578740 0.610426 0.532010,
        -3.578740 0.631576 0.520789,
        -3.578740 0.647926 0.506209,
        -3.578740 0.155498 0.501469,
        -3.578740 0.142393 0.483195,
        -3.578740 0.134050 0.462341,
        -3.582677 0.606537 0.271969,
        -3.582677 0.592426 0.254555,
        -3.582677 0.615102 0.355896,
        -3.582677 0.298200 0.402387,
        -3.582677 0.327613 0.452674,
        -3.582677 0.454753 0.386257,
        -3.582677 0.520401 0.358170,
        -3.582677 0.511461 0.355363,
        -3.582677 0.631576 0.520789,
        -3.582677 0.610426 0.532010,
        -3.582677 0.615466 0.590381,
        -3.582677 0.556276 0.593098,
        -3.582677 0.526863 0.523835,
        -3.582677 0.512374 0.553839,
        -3.582677 0.635774 0.368627,
        -3.582677 0.628019 0.295905,
        -3.582677 0.616051 0.292325,
        -3.582677 0.578099 0.594996,
        -3.582677 0.503608 0.350491,
        -3.582677 0.497246 0.343914,
        -3.582677 0.431033 0.332176,
        -3.582677 0.492821 0.336285,
        -3.582677 0.490325 0.327649,
        -3.582677 0.431033 0.322687,
        -3.582677 0.490006 0.318453,
        -3.582677 0.535827 0.357633,
        -3.582677 0.548562 0.415727,
        -3.582677 0.544135 0.354438,
        -3.582677 0.569520 0.407712,
        -3.582677 0.551593 0.349235,
        -3.582677 0.588922 0.394235,
        -3.582677 0.556235 0.344236,
        -3.582677 0.604610 0.376302,
        -3.582677 0.560929 0.336228,
        -3.582677 0.563467 0.327215,
        -3.582677 0.491465 0.412145,
        -3.582677 0.514367 0.417832,
        -3.582677 0.525914 0.418517,
        -3.582677 0.266889 0.496320,
        -3.582677 0.259298 0.496320,
        -3.582677 0.220397 0.547556,
        -3.582677 0.241256 0.494094,
        -3.582677 0.215717 0.545981,
        -3.582677 0.224696 0.487717,
        -3.582677 0.187483 0.531963,
        -3.582677 0.161754 0.510192,
        -3.582677 0.536826 0.615751,
        -3.582677 0.491095 0.579264,
        -3.582677 0.514528 0.634846,
        -3.582677 0.465639 0.597864,
        -3.582677 0.487328 0.651278,
        -3.582677 0.587003 0.537556,
        -3.582677 0.577150 0.538067,
        -3.582677 0.567187 0.594403,
        -3.582677 0.554931 0.535318,
        -3.582677 0.533655 0.527548,
        -3.582677 0.551719 0.294356,
        -3.582677 0.544197 0.289072,
        -3.582677 0.573866 0.240566,
        -3.582677 0.535454 0.285752,
        -3.582677 0.161571 0.333124,
        -3.582677 0.205812 0.370772,
        -3.582677 0.187395 0.311265,
        -3.582677 0.219843 0.359318,
        -3.582677 0.216346 0.297101,
        -3.582677 0.236586 0.351565,
        -3.582677 0.247913 0.290428,
        -3.582677 0.253606 0.348305,
        -3.582677 0.303893 0.290428,
        -3.582677 0.296302 0.348305,
        -3.582677 0.309237 0.291289,
        -3.582677 0.526863 0.358742,
        -3.582677 0.471332 0.401354,
        -3.582677 0.209980 0.477441,
        -3.582677 0.199029 0.465211,
        -3.582677 0.142393 0.483195,
        -3.582677 0.190208 0.448839,
        -3.582677 0.130800 0.454216,
        -3.582677 0.185754 0.430615,
        -3.582677 0.126465 0.423261,
        -3.582677 0.185291 0.422312,
        -3.582677 0.130823 0.389382,
        -3.582677 0.187569 0.403840,
        -3.582677 0.142746 0.359346,
        -3.582677 0.194109 0.386930,
        -3.582677 0.204547 0.372131,
        -3.582677 0.271633 0.622511,
        -3.582677 0.308724 0.578867,
        -3.582677 0.238695 0.583860,
        -3.582677 0.287326 0.553296,
        -3.582677 0.272691 0.522723,
        -3.582677 0.669203 0.466148,
        -3.582677 0.731536 0.450417,
        -3.582677 0.672031 0.443186,
        -3.582677 0.731806 0.441289,
        -3.582677 0.670900 0.428583,
        -3.582677 0.727222 0.404150,
        -3.582677 0.664100 0.405360,
        -3.582677 0.713635 0.368826,
        -3.582677 0.652786 0.386103,
        -3.582677 0.691956 0.337868,
        -3.582677 0.662314 0.312600,
        -3.582677 0.557709 0.301295,
        -3.582677 0.561681 0.309161,
        -3.582677 0.563678 0.317958,
        -3.582677 0.443296 0.667099,
        -3.582677 0.434642 0.610424,
        -3.582677 0.400671 0.671850,
        -3.582677 0.399722 0.614921,
        -3.582677 0.355508 0.666356,
        -3.582677 0.367557 0.610968,
        -3.582677 0.308446 0.648081,
        -3.582677 0.337803 0.599570,
        -3.582677 0.311144 0.581072,
        -3.582677 0.650615 0.576738,
        -3.582677 0.680796 0.555526,
        -3.582677 0.647926 0.506209,
        -3.582677 0.687212 0.549453,
        -3.582677 0.661076 0.487310,
        -3.582677 0.710012 0.520230,
        -3.582677 0.725159 0.486076,
        -3.582677 0.551975 0.231368,
        -3.582677 0.529573 0.227874,
        -3.582677 0.526863 0.284735,
        -3.582677 0.525914 0.227806,
        -3.582677 0.517824 0.285841,
        -3.582677 0.502952 0.230634,
        -3.582677 0.509563 0.289016,
        -3.582677 0.481790 0.238761,
        -3.582677 0.502296 0.294084,
        -3.582677 0.462892 0.251911,
        -3.582677 0.496250 0.300996,
        -3.582677 0.448312 0.268261,
        -3.582677 0.492032 0.309285,
        -3.582677 0.437091 0.289411,
        -3.582677 0.431545 0.312834,
        -3.582677 0.301072 0.349187,
        -3.582677 0.323873 0.300380,
        -3.582677 0.321667 0.298135,
        -3.582677 0.298225 0.348557,
        -3.582677 0.315514 0.293759,
        -3.582677 0.331408 0.319841,
        -3.582677 0.330507 0.312774,
        -3.582677 0.328008 0.306340,
        -3.582677 0.309347 0.348310,
        -3.582677 0.315858 0.345739,
        -3.582677 0.331167 0.323585,
        -3.582677 0.321693 0.341604,
        -3.582677 0.325613 0.337280,
        -3.582677 0.329261 0.330807,
        -3.582677 0.301995 0.349254,
        -3.578740 0.526863 0.358742,
        -3.578740 0.520401 0.358170,
        -3.578740 0.511461 0.355363,
        -3.578740 0.503608 0.350491,
        -3.578740 0.497246 0.343914,
        -3.578740 0.492821 0.336285,
        -3.578740 0.490325 0.327649,
        -3.578740 0.490006 0.318453,
        -3.578740 0.492032 0.309285,
        -3.578740 0.496250 0.300996,
        -3.578740 0.502296 0.294084,
        -3.578740 0.509563 0.289016,
        -3.578740 0.517824 0.285841,
        -3.578740 0.526863 0.284735,
        -3.578740 0.535454 0.285752,
        -3.578740 0.544197 0.289072,
        -3.578740 0.551719 0.294356,
        -3.578740 0.557709 0.301295,
        -3.578740 0.561681 0.309161,
        -3.578740 0.563678 0.317958,
        -3.578740 0.563467 0.327215,
        -3.578740 0.560929 0.336228,
        -3.578740 0.556235 0.344236,
        -3.578740 0.551593 0.349235,
        -3.578740 0.544135 0.354438,
        -3.578740 0.535827 0.357633,
      ]
    }
    coordIndex [
      139, 140, 141, -1,
      142, 143, 144, -1,
      145, 146, 142, -1,
      147, 148, 149, -1,
      150, 151, 152, -1,
      153, 154, 141, -1,
      141, 154, 155, -1,
      141, 155, 139, -1,
      149, 148, 156, -1,
      146, 157, 142, -1,
      142, 157, 158, -1,
      142, 158, 159, -1,
      158, 160, 159, -1,
      159, 160, 161, -1,
      159, 161, 162, -1,
      162, 161, 163, -1,
      164, 165, 166, -1,
      166, 165, 167, -1,
      166, 167, 168, -1,
      168, 167, 169, -1,
      168, 169, 170, -1,
      170, 169, 171, -1,
      170, 171, 172, -1,
      172, 171, 141, -1,
      172, 141, 173, -1,
      174, 175, 164, -1,
      164, 175, 176, -1,
      164, 176, 165, -1,
      177, 178, 179, -1,
      179, 178, 180, -1,
      179, 180, 181, -1,
      181, 180, 182, -1,
      181, 182, 183, -1,
      183, 182, 184, -1,
      150, 152, 185, -1,
      185, 152, 186, -1,
      185, 186, 187, -1,
      187, 186, 188, -1,
      187, 188, 189, -1,
      148, 190, 156, -1,
      156, 190, 191, -1,
      156, 191, 192, -1,
      192, 191, 193, -1,
      192, 193, 150, -1,
      150, 193, 194, -1,
      150, 194, 151, -1,
      195, 140, 196, -1,
      196, 140, 197, -1,
      196, 197, 198, -1,
      199, 200, 201, -1,
      201, 200, 202, -1,
      201, 202, 203, -1,
      203, 202, 204, -1,
      203, 204, 205, -1,
      205, 204, 206, -1,
      205, 206, 207, -1,
      207, 206, 208, -1,
      207, 208, 209, -1,
      145, 142, 210, -1,
      210, 142, 144, -1,
      210, 144, 164, -1,
      164, 144, 211, -1,
      164, 211, 174, -1,
      182, 212, 184, -1,
      184, 212, 213, -1,
      184, 213, 214, -1,
      214, 213, 215, -1,
      214, 215, 216, -1,
      216, 215, 217, -1,
      216, 217, 218, -1,
      218, 217, 219, -1,
      218, 219, 220, -1,
      220, 219, 221, -1,
      220, 221, 222, -1,
      222, 221, 223, -1,
      222, 223, 199, -1,
      199, 223, 224, -1,
      199, 224, 200, -1,
      225, 226, 227, -1,
      227, 226, 228, -1,
      227, 228, 179, -1,
      179, 228, 229, -1,
      179, 229, 177, -1,
      230, 231, 232, -1,
      232, 231, 233, -1,
      232, 233, 234, -1,
      234, 233, 235, -1,
      234, 235, 236, -1,
      236, 235, 237, -1,
      236, 237, 238, -1,
      238, 237, 239, -1,
      238, 239, 153, -1,
      153, 239, 240, -1,
      153, 240, 154, -1,
      195, 241, 140, -1,
      140, 241, 242, -1,
      140, 242, 141, -1,
      141, 242, 243, -1,
      141, 243, 173, -1,
      189, 188, 244, -1,
      244, 188, 245, -1,
      244, 245, 246, -1,
      246, 245, 247, -1,
      246, 247, 248, -1,
      248, 247, 249, -1,
      248, 249, 250, -1,
      250, 249, 251, -1,
      250, 251, 225, -1,
      225, 251, 252, -1,
      225, 252, 226, -1,
      149, 253, 147, -1,
      147, 253, 254, -1,
      147, 254, 255, -1,
      255, 254, 256, -1,
      255, 256, 257, -1,
      257, 256, 258, -1,
      257, 258, 230, -1,
      230, 258, 259, -1,
      230, 259, 231, -1,
      197, 260, 198, -1,
      198, 260, 261, -1,
      198, 261, 262, -1,
      262, 261, 263, -1,
      262, 263, 264, -1,
      264, 263, 265, -1,
      264, 265, 266, -1,
      266, 265, 267, -1,
      266, 267, 268, -1,
      268, 267, 269, -1,
      268, 269, 270, -1,
      270, 269, 271, -1,
      270, 271, 272, -1,
      272, 271, 273, -1,
      272, 273, 163, -1,
      163, 273, 274, -1,
      163, 274, 162, -1,
      275, 276, 277, -1,
      208, 278, 209, -1,
      209, 278, 275, -1,
      209, 275, 279, -1,
      279, 275, 277, -1,
      280, 281, 275, -1,
      275, 281, 282, -1,
      275, 282, 276, -1,
      283, 284, 285, -1,
      284, 286, 285, -1,
      285, 286, 287, -1,
      285, 287, 288, -1,
      280, 275, 285, -1,
      285, 275, 289, -1,
      285, 289, 283, -1,
      136, 184, 137, -1,
      137, 184, 214, -1,
      137, 214, 138, -1,
      138, 214, 216, -1,
      138, 216, 49, -1,
      49, 216, 218, -1,
      49, 218, 50, -1,
      136, 1, 184, -1,
      184, 1, 0, -1,
      184, 0, 183, -1,
      183, 0, 7, -1,
      183, 7, 181, -1,
      181, 7, 6, -1,
      181, 6, 179, -1,
      179, 6, 5, -1,
      179, 5, 227, -1,
      227, 5, 4, -1,
      227, 4, 225, -1,
      250, 225, 3, -1,
      3, 225, 4, -1,
      3, 2, 250, -1,
      250, 2, 11, -1,
      250, 11, 248, -1,
      248, 11, 10, -1,
      248, 10, 246, -1,
      246, 10, 9, -1,
      246, 9, 244, -1,
      244, 9, 8, -1,
      244, 8, 189, -1,
      189, 8, 187, -1,
      187, 8, 12, -1,
      187, 12, 13, -1,
      187, 13, 19, -1,
      187, 19, 185, -1,
      185, 19, 21, -1,
      185, 21, 150, -1,
      150, 21, 20, -1,
      150, 20, 192, -1,
      192, 20, 18, -1,
      192, 18, 156, -1,
      156, 18, 17, -1,
      156, 17, 149, -1,
      149, 17, 23, -1,
      149, 23, 253, -1,
      253, 23, 22, -1,
      253, 22, 254, -1,
      254, 22, 16, -1,
      254, 16, 256, -1,
      31, 231, 32, -1,
      32, 231, 259, -1,
      32, 259, 14, -1,
      14, 259, 258, -1,
      14, 258, 15, -1,
      15, 258, 256, -1,
      15, 256, 16, -1,
      31, 30, 231, -1,
      231, 30, 29, -1,
      231, 29, 233, -1,
      233, 29, 28, -1,
      233, 28, 235, -1,
      235, 28, 27, -1,
      235, 27, 237, -1,
      237, 27, 25, -1,
      237, 25, 239, -1,
      239, 25, 24, -1,
      239, 24, 240, -1,
      240, 24, 26, -1,
      240, 26, 154, -1,
      154, 26, 33, -1,
      154, 33, 155, -1,
      155, 33, 34, -1,
      155, 34, 139, -1,
      34, 35, 139, -1,
      139, 35, 36, -1,
      139, 36, 140, -1,
      140, 36, 37, -1,
      140, 37, 197, -1,
      197, 37, 43, -1,
      197, 43, 260, -1,
      43, 42, 260, -1,
      260, 42, 41, -1,
      260, 41, 261, -1,
      261, 41, 40, -1,
      261, 40, 263, -1,
      98, 162, 274, -1,
      263, 40, 39, -1,
      38, 267, 39, -1,
      39, 267, 265, -1,
      39, 265, 263, -1,
      38, 48, 267, -1,
      267, 48, 47, -1,
      267, 47, 269, -1,
      269, 47, 46, -1,
      269, 46, 271, -1,
      271, 46, 45, -1,
      271, 45, 273, -1,
      273, 45, 44, -1,
      273, 44, 274, -1,
      274, 44, 97, -1,
      274, 97, 98, -1,
      159, 162, 84, -1,
      84, 162, 98, -1,
      142, 159, 53, -1,
      53, 159, 84, -1,
      143, 142, 57, -1,
      57, 142, 53, -1,
      144, 143, 56, -1,
      56, 143, 57, -1,
      144, 56, 58, -1,
      144, 58, 211, -1,
      211, 58, 59, -1,
      211, 59, 174, -1,
      174, 59, 81, -1,
      174, 81, 175, -1,
      175, 81, 80, -1,
      175, 80, 176, -1,
      176, 80, 79, -1,
      176, 79, 165, -1,
      165, 79, 75, -1,
      165, 75, 167, -1,
      167, 75, 76, -1,
      167, 76, 169, -1,
      169, 76, 72, -1,
      169, 72, 171, -1,
      171, 72, 74, -1,
      171, 74, 141, -1,
      141, 74, 73, -1,
      141, 73, 153, -1,
      153, 73, 71, -1,
      153, 71, 238, -1,
      238, 71, 70, -1,
      238, 70, 236, -1,
      236, 70, 78, -1,
      236, 78, 234, -1,
      234, 78, 77, -1,
      234, 77, 232, -1,
      230, 232, 77, -1,
      77, 65, 230, -1,
      230, 65, 109, -1,
      230, 109, 108, -1,
      121, 255, 108, -1,
      108, 255, 257, -1,
      108, 257, 230, -1,
      121, 135, 255, -1,
      255, 135, 134, -1,
      255, 134, 147, -1,
      147, 134, 133, -1,
      147, 133, 148, -1,
      148, 133, 127, -1,
      148, 127, 190, -1,
      190, 127, 126, -1,
      190, 126, 191, -1,
      191, 126, 125, -1,
      191, 125, 193, -1,
      193, 125, 122, -1,
      193, 122, 194, -1,
      194, 122, 117, -1,
      194, 117, 151, -1,
      151, 117, 120, -1,
      151, 120, 152, -1,
      152, 120, 128, -1,
      152, 128, 186, -1,
      186, 128, 130, -1,
      186, 130, 188, -1,
      188, 130, 132, -1,
      188, 132, 245, -1,
      245, 132, 131, -1,
      245, 131, 247, -1,
      247, 131, 129, -1,
      247, 129, 249, -1,
      249, 129, 119, -1,
      249, 119, 251, -1,
      251, 119, 118, -1,
      251, 118, 252, -1,
      252, 118, 116, -1,
      252, 116, 226, -1,
      226, 116, 115, -1,
      226, 115, 228, -1,
      228, 115, 124, -1,
      228, 124, 229, -1,
      229, 124, 177, -1,
      177, 124, 123, -1,
      177, 123, 107, -1,
      178, 177, 110, -1,
      110, 177, 107, -1,
      178, 110, 114, -1,
      178, 114, 180, -1,
      180, 114, 113, -1,
      180, 113, 182, -1,
      182, 113, 112, -1,
      182, 112, 212, -1,
      212, 112, 111, -1,
      212, 111, 213, -1,
      213, 111, 64, -1,
      213, 64, 215, -1,
      64, 63, 215, -1,
      215, 63, 62, -1,
      215, 62, 217, -1,
      217, 62, 90, -1,
      217, 90, 219, -1,
      219, 90, 89, -1,
      219, 89, 221, -1,
      221, 89, 88, -1,
      221, 88, 223, -1,
      223, 88, 87, -1,
      223, 87, 224, -1,
      224, 87, 106, -1,
      224, 106, 200, -1,
      200, 106, 105, -1,
      200, 105, 202, -1,
      202, 105, 104, -1,
      202, 104, 204, -1,
      204, 104, 103, -1,
      204, 103, 206, -1,
      208, 206, 102, -1,
      102, 206, 103, -1,
      208, 102, 69, -1,
      208, 69, 278, -1,
      278, 69, 68, -1,
      278, 68, 275, -1,
      275, 68, 67, -1,
      275, 67, 289, -1,
      289, 67, 52, -1,
      289, 52, 283, -1,
      283, 52, 51, -1,
      283, 51, 284, -1,
      284, 51, 60, -1,
      284, 60, 286, -1,
      286, 60, 86, -1,
      286, 86, 287, -1,
      287, 86, 85, -1,
      287, 85, 288, -1,
      288, 85, 83, -1,
      288, 83, 285, -1,
      285, 83, 82, -1,
      285, 82, 280, -1,
      280, 82, 96, -1,
      280, 96, 281, -1,
      281, 96, 95, -1,
      281, 95, 282, -1,
      282, 95, 94, -1,
      282, 94, 276, -1,
      276, 94, 93, -1,
      276, 93, 277, -1,
      277, 93, 92, -1,
      277, 92, 279, -1,
      279, 92, 91, -1,
      279, 91, 209, -1,
      209, 91, 101, -1,
      209, 101, 207, -1,
      205, 207, 100, -1,
      100, 207, 101, -1,
      205, 100, 99, -1,
      205, 99, 203, -1,
      203, 99, 55, -1,
      203, 55, 201, -1,
      201, 55, 54, -1,
      201, 54, 199, -1,
      199, 54, 61, -1,
      199, 61, 222, -1,
      222, 61, 66, -1,
      222, 66, 220, -1,
      220, 66, 50, -1,
      220, 50, 218, -1,
      210, 290, 291, -1,
      210, 291, 145, -1,
      145, 291, 292, -1,
      145, 292, 146, -1,
      146, 292, 293, -1,
      146, 293, 157, -1,
      157, 293, 294, -1,
      157, 294, 158, -1,
      158, 294, 295, -1,
      158, 295, 160, -1,
      160, 295, 296, -1,
      160, 296, 161, -1,
      161, 296, 297, -1,
      161, 297, 163, -1,
      163, 297, 298, -1,
      163, 298, 272, -1,
      272, 298, 299, -1,
      272, 299, 270, -1,
      270, 299, 300, -1,
      270, 300, 268, -1,
      268, 300, 301, -1,
      268, 301, 266, -1,
      266, 301, 302, -1,
      266, 302, 264, -1,
      264, 302, 303, -1,
      264, 303, 262, -1,
      262, 303, 304, -1,
      262, 304, 198, -1,
      198, 304, 305, -1,
      198, 305, 196, -1,
      196, 305, 306, -1,
      196, 306, 195, -1,
      195, 306, 307, -1,
      195, 307, 241, -1,
      241, 307, 308, -1,
      241, 308, 242, -1,
      242, 308, 309, -1,
      242, 309, 243, -1,
      243, 309, 310, -1,
      243, 310, 173, -1,
      173, 310, 311, -1,
      173, 311, 172, -1,
      172, 311, 312, -1,
      172, 312, 170, -1,
      170, 312, 313, -1,
      170, 313, 168, -1,
      168, 313, 314, -1,
      168, 314, 166, -1,
      166, 314, 315, -1,
      166, 315, 164, -1,
      164, 315, 290, -1,
      164, 290, 210, -1,
    ]
  }
}

Shape {
  appearance Appearance {
    material Material {
      diffuseColor 0.2235 0.2235 0.2235
      specularColor 0.1137 0.1137 0.1137
      ambientIntensity 0.2
      transparency 0.0000
      shininess 0.5
    }
  }
  geometry IndexedFaceSet {
    ccw TRUE
    solid FALSE
    coord DEF co Coordinate {
      point [
        -3.578740 0.526863 0.358742,
        -3.578740 0.520401 0.358170,
        -3.578740 0.511461 0.355363,
        -3.578740 0.503608 0.350491,
        -3.578740 0.497246 0.343914,
        -3.578740 0.492821 0.336285,
        -3.578740 0.490325 0.327649,
        -3.578740 0.490006 0.318453,
        -3.578740 0.492032 0.309285,
        -3.578740 0.496250 0.300996,
        -3.578740 0.502296 0.294084,
        -3.578740 0.509563 0.289016,
        -3.578740 0.517824 0.285841,
        -3.578740 0.526863 0.284735,
        -3.578740 0.535454 0.285752,
        -3.578740 0.544197 0.289072,
        -3.578740 0.551719 0.294356,
        -3.578740 0.557709 0.301295,
        -3.578740 0.561681 0.309161,
        -3.578740 0.563678 0.317958,
        -3.578740 0.563467 0.327215,
        -3.578740 0.560929 0.336228,
        -3.578740 0.556235 0.344236,
        -3.578740 0.551593 0.349235,
        -3.578740 0.544135 0.354438,
        -3.578740 0.535827 0.357633,
      ]
    }
    coordIndex [
      13, 23, 22, -1,
      0, 13, 1, -1,
      1, 13, 12, -1,
      0, 25, 13, -1,
      13, 25, 24, -1,
      13, 24, 23, -1,
      10, 4, 3, -1,
      18, 17, 22, -1,
      22, 17, 16, -1,
      12, 11, 1, -1,
      1, 11, 10, -1,
      1, 10, 2, -1,
      2, 10, 3, -1,
      21, 20, 22, -1,
      22, 20, 19, -1,
      22, 19, 18, -1,
      16, 15, 22, -1,
      22, 15, 14, -1,
      22, 14, 13, -1,
      8, 7, 9, -1,
      9, 7, 6, -1,
      9, 6, 10, -1,
      10, 6, 5, -1,
      10, 5, 4, -1,
    ]
  }
}
