#VRML V2.0 utf8

Shape {
  appearance Appearance {
    material Material {
      diffuseColor 0.2510 0.2510 0.2510
      specularColor 0.1255 0.1255 0.1255
      ambientIntensity 0.2
      transparency 0.0000
      shininess 0.5
    }
  }
  geometry IndexedFaceSet {
    ccw TRUE
    solid FALSE
    coord DEF co Coordinate {
      point [
        -0.198777 0.675595 0.209857,
        -0.179442 0.675595 0.209857,
        -0.179442 0.679571 0.187307,
        -0.102118 0.697565 0.085259,
        -0.096532 0.697675 0.084634,
        -0.114328 0.697463 0.085841,
        -0.075444 0.643708 0.390695,
        -0.070656 0.643708 0.390695,
        -0.070656 0.661468 0.289976,
        -0.161780 0.697600 0.085057,
        -0.153709 0.697741 0.084262,
        -0.179442 0.697741 0.084262,
        -0.141944 0.688569 0.136281,
        -0.143040 0.688402 0.137227,
        -0.143040 0.679571 0.187307,
        -0.101946 0.661502 0.289780,
        -0.103653 0.661468 0.289976,
        -0.075444 0.661468 0.289976,
        -0.128639 0.661648 0.288952,
        -0.128639 0.661468 0.289976,
        -0.125174 0.661468 0.289976,
        -0.758480 0.643708 0.390695,
        -0.637359 0.643708 0.390695,
        -0.637359 0.661468 0.289976,
        -0.248055 0.683723 0.163761,
        -0.273869 0.683755 0.163581,
        -0.273869 0.679571 0.187307,
        -0.375304 0.697784 0.084018,
        -0.375401 0.697741 0.084262,
        -0.373236 0.697741 0.084262,
        -0.373236 0.679571 0.187307,
        -0.406368 0.683918 0.162656,
        -0.417420 0.683931 0.162578,
        -0.386843 0.697741 0.084262,
        -0.386725 0.697798 0.083938,
        -0.435928 0.697859 0.083594,
        -0.447349 0.697872 0.083515,
        -0.637359 0.700053 0.071147,
        -0.373236 0.700053 0.071147,
        -0.435680 0.697741 0.084262,
        -0.427917 0.694046 0.105219,
        -0.394576 0.694004 0.105451,
        -0.273869 0.689804 0.129274,
        -0.286777 0.689820 0.129183,
        -0.289231 0.685373 0.154403,
        -0.289296 0.683774 0.163473,
        -0.298145 0.679571 0.187307,
        -0.298145 0.697741 0.084262,
        -0.286712 0.691412 0.120154,
        -0.273869 0.691396 0.120243,
        -0.258078 0.691377 0.120354,
        -0.273869 0.696074 0.093716,
        -0.257887 0.696054 0.093828,
        -0.273869 0.685354 0.154510,
        -0.258325 0.685335 0.154619,
        -0.258144 0.689785 0.129383,
        -0.226689 0.687670 0.141375,
        -0.237086 0.687683 0.141302,
        -0.198777 0.679571 0.187307,
        -0.198777 0.690374 0.126044,
        -0.208045 0.695111 0.099175,
        -0.210767 0.695129 0.099075,
        -0.290615 0.696094 0.093599,
        -0.290550 0.697680 0.084609,
        -0.273869 0.697741 0.084262,
        -0.273869 0.697659 0.084726,
        -0.247487 0.697626 0.084910,
        -0.209240 0.695930 0.094530,
        -0.209506 0.695930 0.094529,
        -0.209980 0.695591 0.096456,
        -0.037548 0.661468 0.289976,
        -0.037047 0.673724 0.220466,
        -0.068935 0.673764 0.220243,
        -0.070656 0.675595 0.209857,
        -0.068870 0.675349 0.211254,
        -0.026646 0.675297 0.211548,
        0.295677 0.703144 0.053615,
        0.308735 0.702159 0.059207,
        0.822849 0.708078 0.025639,
        0.319766 0.700677 0.067608,
        0.814825 0.700053 0.071147,
        0.236555 0.700053 0.071147,
        0.242256 0.701147 0.064943,
        0.006760 0.708078 0.025639,
        0.253712 0.702483 0.057365,
        0.266481 0.703293 0.052771,
        0.279760 0.703550 0.051317,
        0.282265 0.703538 0.051387,
        0.330997 0.697741 0.084262,
        0.812512 0.697741 0.084262,
        0.328097 0.698846 0.077994,
        0.322605 0.700053 0.071147,
        0.361323 0.694605 0.102046,
        0.378914 0.691960 0.117044,
        0.333567 0.696761 0.089817,
        0.340830 0.696374 0.092016,
        0.391715 0.688744 0.135287,
        0.399755 0.685055 0.156208,
        0.794343 0.679571 0.187307,
        0.402384 0.681156 0.178320,
        0.402192 0.680229 0.183578,
        0.401493 0.679571 0.187307,
        0.790366 0.675595 0.209857,
        0.332023 0.665712 0.265908,
        0.309507 0.665255 0.268496,
        0.273363 0.661468 0.289976,
        0.398246 0.676518 0.204625,
        0.395854 0.675595 0.209857,
        0.776239 0.661468 0.289976,
        0.389041 0.672967 0.224760,
        0.284656 0.663123 0.280587,
        0.302963 0.665325 0.268100,
        0.296422 0.665469 0.267284,
        0.375168 0.669920 0.242044,
        0.371352 0.669301 0.245553,
        0.353164 0.667111 0.257975,
        0.006760 0.661468 0.289976,
        0.006760 0.643708 0.390695,
        0.150782 0.659620 0.300457,
        0.758480 0.643708 0.390695,
        0.271197 0.661150 0.291776,
        0.257276 0.659676 0.300138,
        0.230957 0.657949 0.309933,
        0.202727 0.657379 0.313163,
        0.179279 0.657836 0.310572,
        -0.776239 0.661468 0.289976,
        -0.637359 0.675595 0.209857,
        -0.790366 0.675595 0.209857,
        -0.637359 0.679571 0.187307,
        -0.794343 0.679571 0.187307,
        -0.637359 0.697741 0.084262,
        -0.812512 0.697741 0.084262,
        -0.814825 0.700053 0.071147,
        -0.143040 0.661468 0.289976,
        -0.132648 0.661857 0.287769,
        -0.132571 0.663733 0.277126,
        -0.132187 0.673131 0.223833,
        -0.132117 0.674851 0.214078,
        -0.143040 0.675595 0.209857,
        -0.130746 0.674967 0.213417,
        -0.115279 0.674016 0.218812,
        -0.124337 0.673732 0.220420,
        -0.128639 0.663444 0.278771,
        -0.128639 0.673403 0.222291,
        -0.131683 0.663649 0.277606,
        -0.092475 0.672810 0.225651,
        -0.097665 0.673461 0.221959,
        -0.123583 0.663102 0.280706,
        -0.090833 0.664598 0.272226,
        -0.087047 0.665581 0.266651,
        -0.084443 0.666813 0.259660,
        -0.113734 0.662886 0.281934,
        -0.110659 0.662903 0.281835,
        -0.091853 0.664402 0.273339,
        -0.103680 0.663127 0.280569,
        -0.097360 0.663624 0.277747,
        -0.083270 0.668570 0.249694,
        -0.083337 0.669087 0.246768,
        -0.084565 0.670479 0.238872,
        -0.103340 0.673854 0.219732,
        -0.111477 0.674036 0.218696,
        -0.087109 0.671603 0.232498,
        -0.090967 0.672547 0.227144,
        -0.113999 0.661265 0.291123,
        -0.124424 0.661429 0.290197,
        -0.128639 0.643708 0.390695,
        -0.074474 0.666128 0.263547,
        -0.075444 0.665741 0.265740,
        -0.078337 0.664588 0.272282,
        -0.084203 0.663276 0.279722,
        -0.086067 0.662970 0.281456,
        -0.093581 0.662061 0.286609,
        -0.072587 0.667941 0.253263,
        -0.072418 0.668664 0.249165,
        -0.073641 0.670740 0.237389,
        -0.075444 0.671630 0.232341,
        -0.105111 0.675589 0.209893,
        -0.096442 0.675269 0.211708,
        -0.075444 0.675595 0.209857,
        -0.088908 0.674641 0.215266,
        -0.082487 0.673702 0.220592,
        -0.081233 0.673455 0.221996,
        -0.076671 0.672236 0.228906,
        -0.128639 0.675084 0.212752,
        -0.122130 0.675446 0.210700,
        -0.128639 0.675595 0.209857,
        -0.112444 0.675595 0.209857,
        -0.128639 0.679571 0.187307,
        -0.109918 0.675634 0.209637,
        -0.105785 0.675595 0.209857,
        -0.187409 0.667640 0.254973,
        -0.187344 0.669232 0.245943,
        -0.179442 0.661468 0.289976,
        -0.189928 0.661593 0.289263,
        -0.198777 0.661468 0.289976,
        -0.189863 0.663193 0.280193,
        -0.179442 0.669222 0.245998,
        -0.158711 0.669197 0.246143,
        -0.179442 0.673900 0.219472,
        -0.158520 0.673874 0.219618,
        -0.179442 0.663180 0.280266,
        -0.179442 0.667630 0.255029,
        -0.158957 0.663155 0.280409,
        -0.158776 0.667604 0.255173,
        -0.191247 0.673914 0.219389,
        -0.191182 0.675499 0.210399,
        -0.179442 0.675485 0.210481,
        -0.148119 0.675446 0.210700,
        -0.298145 0.661468 0.289976,
        -0.307000 0.661738 0.288446,
        -0.318053 0.661751 0.288369,
        -0.273869 0.675595 0.209857,
        -0.275956 0.675595 0.209857,
        -0.298145 0.665691 0.266027,
        -0.287404 0.675595 0.209857,
        -0.287357 0.675618 0.209728,
        -0.275937 0.675604 0.209807,
        -0.298145 0.675595 0.209857,
        -0.298145 0.671828 0.231220,
        -0.295208 0.671824 0.231241,
        -0.347981 0.675693 0.209304,
        -0.347772 0.675595 0.209857,
        -0.373236 0.675595 0.209857,
        -0.373236 0.661468 0.289976,
        -0.328549 0.671865 0.231008,
        -0.336385 0.675595 0.209857,
        -0.336560 0.675678 0.209384,
        -0.139733 0.691430 0.120050,
        -0.138676 0.690893 0.123098,
        -0.138034 0.695345 0.097850,
        -0.138304 0.690241 0.126794,
        -0.138760 0.689594 0.130463,
        -0.140018 0.689035 0.133632,
        -0.143040 0.695839 0.095044,
        -0.143040 0.692154 0.115948,
        -0.141620 0.695741 0.095603,
        -0.142713 0.692116 0.116163,
        -0.141085 0.691816 0.117865,
        -0.153221 0.697741 0.084262,
        -0.144924 0.697579 0.085178,
        -0.143040 0.697741 0.084262,
        -0.143040 0.697461 0.085847,
        -0.128639 0.697741 0.084262,
        -0.137961 0.697143 0.087651,
        -0.179442 0.700053 0.071147,
        -0.143040 0.700053 0.071147,
        -0.153451 0.697745 0.084237,
        -0.173389 0.693192 0.110060,
        -0.175275 0.693686 0.107258,
        -0.174153 0.689511 0.130937,
        -0.152560 0.687523 0.142209,
        -0.160691 0.687361 0.143126,
        -0.144817 0.688131 0.138762,
        -0.147194 0.687880 0.140185,
        -0.176309 0.694203 0.104325,
        -0.176678 0.694838 0.100724,
        -0.176146 0.695555 0.096659,
        -0.174866 0.696104 0.093544,
        -0.172950 0.696560 0.090960,
        -0.174222 0.687819 0.140532,
        -0.167722 0.687478 0.142462,
        -0.170144 0.696977 0.088595,
        -0.167246 0.697272 0.086924,
        -0.159651 0.688775 0.135111,
        -0.156681 0.688810 0.134912,
        -0.148646 0.690098 0.127608,
        -0.153993 0.688930 0.134231,
        -0.151735 0.689135 0.133070,
        -0.148728 0.690330 0.126294,
        -0.149115 0.690600 0.124757,
        -0.149828 0.690836 0.123419,
        -0.150799 0.691024 0.122352,
        -0.154319 0.691413 0.120151,
        -0.166689 0.688933 0.134213,
        -0.160506 0.691889 0.117447,
        -0.172343 0.689323 0.132000,
        -0.164378 0.692167 0.115872,
        -0.171013 0.692819 0.112178,
        -0.150213 0.689365 0.131763,
        -0.149344 0.689585 0.130512,
        -0.148839 0.689820 0.129182,
        -0.147875 0.696175 0.093144,
        -0.153373 0.693146 0.110321,
        -0.147415 0.692663 0.113061,
        -0.154492 0.696325 0.092293,
        -0.154935 0.696325 0.092292,
        -0.159939 0.693633 0.107559,
        -0.160080 0.696231 0.092824,
        -0.166376 0.694996 0.099829,
        -0.166287 0.694779 0.101058,
        -0.162674 0.696070 0.093738,
        -0.163593 0.695975 0.094278,
        -0.164751 0.695799 0.095276,
        -0.165635 0.695575 0.096545,
        -0.166155 0.695328 0.097946,
        -0.165843 0.694507 0.102604,
        -0.165077 0.694275 0.103918,
        -0.163836 0.694047 0.105208,
        -0.193409 0.687629 0.141607,
        -0.182193 0.687615 0.141686,
        -0.203750 0.697741 0.084262,
        -0.204220 0.697552 0.085333,
        -0.198777 0.695096 0.099259,
        -0.183732 0.700533 0.068424,
        -0.186085 0.700667 0.067670,
        -0.197343 0.700053 0.071147,
        -0.183669 0.702083 0.059635,
        -0.197794 0.699966 0.071643,
        -0.198777 0.697741 0.084262,
        -0.198777 0.699657 0.073396,
        -0.199746 0.699352 0.075125,
        -0.189414 0.700739 0.067255,
        -0.191687 0.700701 0.067474,
        -0.195912 0.700330 0.069576,
        -0.193904 0.700566 0.068238,
        -0.197880 0.701925 0.060532,
        -0.193881 0.702169 0.059148,
        -0.198777 0.708078 0.025639,
        -0.190131 0.702233 0.058784,
        -0.179442 0.708078 0.025639,
        -0.186622 0.702193 0.059015,
        -0.207955 0.700053 0.071147,
        -0.207492 0.700219 0.070207,
        -0.273869 0.708078 0.025639,
        -0.203106 0.701244 0.064393,
        -0.201418 0.701517 0.062843,
        -0.198777 0.701822 0.061119,
        -0.213773 0.697741 0.084262,
        -0.210667 0.699081 0.076661,
        -0.273869 0.700053 0.071147,
        0.075569 0.672093 0.229717,
        0.060191 0.674375 0.216777,
        0.006760 0.675595 0.209857,
        0.135191 0.661468 0.289976,
        0.125516 0.662615 0.283470,
        0.106948 0.666393 0.262046,
        0.095094 0.670462 0.238966,
        0.092466 0.670619 0.238079,
        0.227932 0.697741 0.084262,
        0.232728 0.699319 0.075311,
        0.006760 0.700053 0.071147,
        0.041779 0.680223 0.183608,
        0.039265 0.683481 0.165131,
        0.006760 0.679571 0.187307,
        0.236391 0.687094 0.144643,
        0.159825 0.680269 0.183353,
        0.246130 0.685527 0.153530,
        0.258135 0.684381 0.160025,
        0.151498 0.696978 0.088589,
        0.155462 0.696585 0.090814,
        0.226012 0.697109 0.087846,
        0.158716 0.696037 0.093923,
        0.074793 0.682694 0.169597,
        0.077356 0.680791 0.180392,
        0.081049 0.679571 0.187307,
        0.365476 0.679571 0.187307,
        0.361952 0.684934 0.156894,
        0.354720 0.687076 0.144745,
        0.326081 0.687955 0.139762,
        0.344460 0.688883 0.134498,
        0.332727 0.690139 0.127374,
        0.156111 0.691751 0.118234,
        0.152503 0.691355 0.120478,
        0.142392 0.685529 0.153517,
        0.148530 0.691124 0.121787,
        0.304756 0.684738 0.158003,
        0.316516 0.686112 0.150211,
        0.366511 0.681002 0.179190,
        0.365914 0.682502 0.170686,
        0.049241 0.690109 0.127546,
        0.060711 0.692846 0.112019,
        0.006760 0.697741 0.084262,
        0.076227 0.695097 0.099257,
        0.093650 0.696554 0.090989,
        0.041989 0.686985 0.145259,
        0.144895 0.691062 0.122138,
        0.144341 0.691070 0.122094,
        0.142636 0.691138 0.121710,
        0.292118 0.683937 0.162550,
        0.278948 0.683680 0.164002,
        0.271834 0.683765 0.163525,
        0.112697 0.697231 0.087153,
        0.146284 0.697190 0.087387,
        0.147672 0.697163 0.087540,
        0.162668 0.694105 0.104882,
        0.162523 0.693736 0.106974,
        0.222389 0.692746 0.112587,
        0.161380 0.692983 0.111241,
        0.159179 0.692307 0.115080,
        0.161005 0.695402 0.097525,
        0.162313 0.694724 0.101369,
        0.222720 0.694667 0.101697,
        0.222429 0.693735 0.106981,
        0.086308 0.688746 0.135270,
        0.079989 0.687212 0.143976,
        0.076001 0.685454 0.153943,
        0.074564 0.683537 0.164817,
        0.141483 0.691165 0.121554,
        0.115866 0.691197 0.121374,
        0.105737 0.690875 0.123200,
        0.095647 0.690083 0.127689,
        0.087165 0.688904 0.134380,
        0.360000 0.676494 0.204755,
        0.364846 0.678700 0.192245,
        0.123206 0.675766 0.208887,
        0.118652 0.675772 0.208856,
        0.082552 0.679075 0.190121,
        0.089173 0.677770 0.197521,
        0.097963 0.676690 0.203646,
        0.107875 0.676015 0.207475,
        0.135452 0.669754 0.242986,
        0.148257 0.667085 0.258118,
        0.279070 0.672707 0.226235,
        0.149295 0.666919 0.259059,
        0.165196 0.664967 0.270129,
        0.270195 0.669578 0.243983,
        0.356413 0.675595 0.209857,
        0.283644 0.672270 0.228711,
        0.123418 0.675595 0.209857,
        0.126705 0.672941 0.224907,
        0.296393 0.671467 0.233267,
        0.309181 0.671187 0.234855,
        0.314550 0.671224 0.234644,
        0.257300 0.666947 0.258902,
        0.182989 0.663752 0.277019,
        0.242109 0.665048 0.269672,
        0.202400 0.663311 0.279522,
        0.223474 0.663758 0.276985,
        0.328660 0.671761 0.231599,
        0.341482 0.672896 0.225163,
        0.352144 0.674524 0.215928,
        0.055203 0.675595 0.209857,
        0.048653 0.677197 0.200769,
        0.043261 0.679571 0.187307,
        -0.037550 0.661406 0.290328,
        -0.027214 0.661393 0.290400,
        -0.027211 0.661468 0.289976,
        -0.070656 0.679571 0.187307,
        -0.067555 0.683500 0.165022,
        -0.067489 0.685100 0.155952,
        -0.036337 0.691104 0.121902,
        -0.036146 0.695781 0.095377,
        -0.064971 0.691139 0.121702,
        -0.068873 0.695821 0.095148,
        -0.065036 0.689547 0.130732,
        -0.026313 0.683450 0.165310,
        -0.025746 0.697354 0.086459,
        -0.070656 0.697741 0.084262,
        -0.036584 0.685062 0.156168,
        -0.036402 0.689511 0.130932,
        -0.068809 0.697406 0.086158,
        -0.113698 0.661265 0.291126,
        -0.075444 0.679571 0.187307,
        -0.075444 0.697741 0.084262,
        -0.082645 0.692691 0.112904,
        -0.084303 0.689883 0.128824,
        -0.080622 0.693187 0.110089,
        -0.079222 0.693799 0.106615,
        -0.117621 0.687950 0.139789,
        -0.120287 0.688395 0.137265,
        -0.104099 0.687292 0.143521,
        -0.110052 0.687391 0.142959,
        -0.114291 0.687617 0.141676,
        -0.089906 0.697516 0.085536,
        -0.086182 0.697240 0.087100,
        -0.080320 0.696193 0.093039,
        -0.079069 0.695616 0.096313,
        -0.093789 0.687500 0.142343,
        -0.086332 0.687997 0.139523,
        -0.084372 0.688192 0.138418,
        -0.114390 0.695927 0.094548,
        -0.114124 0.695927 0.094550,
        -0.111732 0.696514 0.091219,
        -0.085737 0.692231 0.115506,
        -0.090026 0.691857 0.117632,
        -0.091334 0.689130 0.133094,
        -0.097622 0.691542 0.119418,
        -0.097633 0.688788 0.135035,
        -0.122324 0.688957 0.134076,
        -0.123872 0.689746 0.129604,
        -0.124617 0.691085 0.122011,
        -0.108436 0.697051 0.088172,
        -0.106126 0.697302 0.086752,
        -0.124356 0.697475 0.085770,
        -0.083342 0.696877 0.089161,
        -0.082430 0.696717 0.090066,
        -0.114585 0.691150 0.121638,
        -0.114307 0.690422 0.125767,
        -0.113317 0.689783 0.129390,
        -0.112171 0.689417 0.131466,
        -0.110687 0.689131 0.133089,
        -0.108940 0.688926 0.134252,
        -0.106665 0.688778 0.135091,
        -0.103100 0.688705 0.135506,
        -0.094512 0.697660 0.084718,
        -0.078516 0.694760 0.101168,
        -0.078552 0.694550 0.102356,
        -0.070656 0.700053 0.071147,
        -0.075444 0.700053 0.071147,
        -0.128639 0.700053 0.071147,
        -0.148687 0.661543 0.289551,
        -0.179442 0.661581 0.289337,
        -0.070656 0.708078 0.025639,
        -0.075444 0.708078 0.025639,
        -0.128639 0.708078 0.025639,
        -0.143040 0.708078 0.025639,
        -0.228330 0.675545 0.210140,
        -0.206307 0.675518 0.210294,
        -0.269517 0.670972 0.236073,
        -0.265525 0.672406 0.227940,
        -0.271515 0.669346 0.245299,
        -0.267543 0.665196 0.268835,
        -0.270483 0.666520 0.261326,
        -0.273869 0.661468 0.289976,
        -0.271786 0.668469 0.250272,
        -0.259499 0.673636 0.220969,
        -0.251039 0.674672 0.215093,
        -0.241874 0.675277 0.211659,
        -0.206875 0.661615 0.289145,
        -0.229717 0.661643 0.288985,
        -0.241918 0.661891 0.287574,
        -0.251558 0.662516 0.284033,
        -0.259912 0.663521 0.278333,
        -0.262607 0.663983 0.275712,
        -0.143040 0.643708 0.390695,
        -0.179442 0.643708 0.390695,
        -0.198777 0.643708 0.390695,
        -0.273869 0.643708 0.390695,
        -0.298145 0.643708 0.390695,
        -0.373236 0.643708 0.390695,
        -0.341286 0.684072 0.161784,
        -0.350926 0.684696 0.158243,
        -0.368885 0.693152 0.110283,
        -0.364893 0.694587 0.102150,
        -0.358867 0.695816 0.095179,
        -0.350406 0.696852 0.089304,
        -0.329084 0.683823 0.163196,
        -0.359280 0.685701 0.152543,
        -0.361974 0.686163 0.149922,
        -0.366910 0.687376 0.143046,
        -0.369851 0.688700 0.135537,
        -0.371154 0.690649 0.124482,
        -0.370883 0.691526 0.119509,
        -0.341241 0.697457 0.085869,
        -0.327698 0.697725 0.084350,
        -0.305675 0.697698 0.084504,
        -0.306243 0.683794 0.163355,
        -0.298145 0.700053 0.071147,
        -0.447065 0.697741 0.084262,
        -0.298145 0.708078 0.025639,
        -0.373236 0.708078 0.025639,
        -0.637359 0.708078 0.025639,
        -0.822849 0.708078 0.025639,
        0.827370 0.712598 0.000000,
        0.006760 0.712598 0.000000,
        -0.070656 0.712598 0.000000,
        -0.075444 0.712598 0.000000,
        -0.128639 0.712598 0.000000,
        -0.143040 0.712598 0.000000,
        -0.179442 0.712598 0.000000,
        -0.198777 0.712598 0.000000,
        -0.273869 0.712598 0.000000,
        -0.298145 0.712598 0.000000,
        -0.373236 0.712598 0.000000,
        -0.637359 0.712598 0.000000,
        -0.827370 0.712598 0.000000,
        0.866142 -0.395669 0.000000,
        0.866142 -0.673826 0.000000,
        0.848787 -0.395669 -0.098425,
        0.798457 -0.606142 -0.383858,
        0.866142 0.673826 0.000000,
        0.866142 0.395669 0.000000,
        0.798457 0.606142 -0.383858,
        0.848787 0.395669 -0.098425,
        0.798457 0.395669 -0.383858,
        0.798457 -0.395669 -0.383858,
        0.570866 -0.395669 -0.383858,
        0.397814 -0.644914 -0.383858,
        0.570866 0.395669 -0.383858,
        0.397814 0.644914 -0.383858,
        0.759685 0.644914 -0.383858,
        0.759685 -0.644914 -0.383858,
        0.793300 0.625617 -0.383858,
        0.795528 0.621067 -0.383858,
        0.774610 0.641985 -0.383858,
        0.769794 0.643603 -0.383858,
        0.797146 0.616250 -0.383858,
        0.797146 -0.616250 -0.383858,
        0.774610 -0.641985 -0.383858,
        0.769794 -0.643603 -0.383858,
        0.795528 -0.621067 -0.383858,
        0.793300 -0.625617 -0.383858,
        0.779160 -0.639757 -0.383858,
        0.779160 0.639757 -0.383858,
        0.783370 0.636956 -0.383858,
        0.790499 0.629827 -0.383858,
        0.787171 0.633628 -0.383858,
        0.783370 -0.636956 -0.383858,
        0.790499 -0.629827 -0.383858,
        0.787171 -0.633628 -0.383858,
        -0.866142 0.395669 0.000000,
        -0.866142 0.673826 0.000000,
        -0.848787 0.395669 -0.098425,
        -0.798457 0.606142 -0.383858,
        -0.866142 -0.673826 0.000000,
        -0.866142 -0.395669 0.000000,
        -0.798457 -0.606142 -0.383858,
        -0.848787 -0.395669 -0.098425,
        -0.798457 -0.395669 -0.383858,
        -0.798457 0.395669 -0.383858,
        -0.797146 -0.616250 -0.383858,
        -0.759685 -0.644914 -0.383858,
        -0.397814 -0.644914 -0.383858,
        -0.570866 -0.395669 -0.383858,
        -0.397814 0.644914 -0.383858,
        -0.570866 0.395669 -0.383858,
        -0.793300 -0.625617 -0.383858,
        -0.795528 -0.621067 -0.383858,
        -0.774610 -0.641985 -0.383858,
        -0.759685 0.644914 -0.383858,
        -0.769794 -0.643603 -0.383858,
        -0.797146 0.616250 -0.383858,
        -0.774610 0.641985 -0.383858,
        -0.769794 0.643603 -0.383858,
        -0.795528 0.621067 -0.383858,
        -0.793300 0.625617 -0.383858,
        -0.779160 0.639757 -0.383858,
        -0.779160 -0.639757 -0.383858,
        -0.783370 -0.636956 -0.383858,
        -0.790499 -0.629827 -0.383858,
        -0.787171 -0.633628 -0.383858,
        -0.783370 0.636956 -0.383858,
        -0.790499 0.629827 -0.383858,
        -0.787171 0.633628 -0.383858,
        0.827370 -0.712598 0.000000,
        -0.827370 -0.712598 -0.000000,
        0.397814 -0.637972 -0.423228,
        -0.397814 -0.637972 -0.423228,
        -0.397814 0.637972 -0.423228,
        0.397814 0.637972 -0.423228,
        0.797252 0.604936 0.390695,
        0.797252 -0.604936 0.390695,
        -0.797252 -0.604936 0.390695,
        -0.797252 0.604936 0.390695,
        -0.758480 -0.643708 0.390695,
        0.758480 -0.643708 0.390695,
        -0.758480 0.604936 0.423228,
        -0.648646 0.507645 0.423228,
        -0.505257 0.507645 0.423228,
        -0.648646 -0.517554 0.423228,
        -0.758480 -0.604936 0.423228,
        -0.505257 -0.517554 0.423228,
        0.758480 -0.604936 0.423228,
        0.758480 0.604936 0.423228,
      ]
    }
    coordIndex [
      0, 1, 2, -1,
      3, 4, 5, -1,
      6, 7, 8, -1,
      9, 10, 11, -1,
      12, 13, 14, -1,
      15, 16, 17, -1,
      18, 19, 20, -1,
      21, 22, 23, -1,
      24, 25, 26, -1,
      27, 28, 29, -1,
      29, 28, 30, -1,
      30, 28, 31, -1,
      30, 31, 32, -1,
      33, 34, 35, -1,
      36, 35, 37, -1,
      37, 35, 34, -1,
      37, 34, 38, -1,
      35, 39, 33, -1,
      33, 39, 40, -1,
      33, 40, 41, -1,
      42, 43, 44, -1,
      25, 45, 46, -1,
      46, 45, 44, -1,
      46, 44, 47, -1,
      47, 44, 43, -1,
      47, 43, 48, -1,
      49, 50, 51, -1,
      51, 50, 52, -1,
      44, 53, 42, -1,
      42, 53, 54, -1,
      42, 54, 55, -1,
      56, 57, 58, -1,
      59, 60, 61, -1,
      49, 51, 48, -1,
      48, 51, 62, -1,
      48, 62, 47, -1,
      47, 62, 63, -1,
      47, 63, 64, -1,
      64, 63, 65, -1,
      64, 65, 66, -1,
      67, 68, 60, -1,
      60, 68, 69, -1,
      60, 69, 61, -1,
      70, 71, 8, -1,
      8, 71, 72, -1,
      8, 72, 73, -1,
      73, 72, 74, -1,
      73, 74, 75, -1,
      76, 77, 78, -1,
      78, 77, 79, -1,
      78, 79, 80, -1,
      81, 82, 83, -1,
      83, 82, 84, -1,
      84, 85, 83, -1,
      83, 85, 86, -1,
      83, 86, 78, -1,
      78, 86, 87, -1,
      78, 87, 76, -1,
      88, 89, 90, -1,
      90, 89, 80, -1,
      90, 80, 91, -1,
      91, 80, 79, -1,
      92, 93, 89, -1,
      88, 94, 89, -1,
      89, 94, 95, -1,
      89, 95, 92, -1,
      93, 96, 89, -1,
      89, 96, 97, -1,
      89, 97, 98, -1,
      98, 97, 99, -1,
      99, 100, 98, -1,
      98, 100, 101, -1,
      98, 101, 102, -1,
      103, 104, 105, -1,
      101, 106, 102, -1,
      102, 106, 107, -1,
      102, 107, 108, -1,
      108, 107, 109, -1,
      105, 104, 110, -1,
      110, 104, 111, -1,
      110, 111, 112, -1,
      109, 113, 108, -1,
      108, 113, 114, -1,
      108, 114, 115, -1,
      116, 117, 118, -1,
      115, 103, 108, -1,
      108, 103, 105, -1,
      108, 105, 119, -1,
      119, 105, 120, -1,
      119, 120, 121, -1,
      121, 122, 119, -1,
      119, 122, 123, -1,
      119, 123, 117, -1,
      117, 123, 124, -1,
      117, 124, 118, -1,
      21, 23, 125, -1,
      125, 23, 126, -1,
      125, 126, 127, -1,
      127, 126, 128, -1,
      127, 128, 129, -1,
      129, 128, 130, -1,
      129, 130, 131, -1,
      131, 130, 37, -1,
      131, 37, 132, -1,
      19, 18, 133, -1,
      133, 18, 134, -1,
      133, 134, 135, -1,
      136, 137, 138, -1,
      138, 137, 139, -1,
      140, 141, 142, -1,
      142, 141, 143, -1,
      142, 143, 144, -1,
      144, 143, 136, -1,
      144, 136, 135, -1,
      135, 136, 138, -1,
      135, 138, 133, -1,
      142, 145, 146, -1,
      147, 148, 142, -1,
      142, 148, 149, -1,
      142, 149, 150, -1,
      147, 151, 148, -1,
      148, 151, 152, -1,
      148, 152, 153, -1,
      153, 152, 154, -1,
      153, 154, 155, -1,
      150, 156, 142, -1,
      142, 156, 157, -1,
      142, 157, 158, -1,
      146, 159, 142, -1,
      142, 159, 160, -1,
      142, 160, 140, -1,
      158, 161, 142, -1,
      142, 161, 162, -1,
      142, 162, 145, -1,
      163, 164, 165, -1,
      166, 167, 17, -1,
      17, 167, 168, -1,
      17, 168, 169, -1,
      169, 170, 17, -1,
      17, 170, 171, -1,
      17, 171, 15, -1,
      172, 8, 173, -1,
      173, 8, 73, -1,
      173, 73, 174, -1,
      174, 73, 175, -1,
      176, 177, 178, -1,
      178, 177, 179, -1,
      178, 179, 180, -1,
      180, 181, 178, -1,
      178, 181, 182, -1,
      178, 182, 175, -1,
      183, 184, 185, -1,
      185, 184, 186, -1,
      185, 186, 187, -1,
      187, 186, 188, -1,
      187, 188, 189, -1,
      190, 191, 0, -1,
      192, 193, 194, -1,
      194, 193, 195, -1,
      196, 197, 198, -1,
      198, 197, 199, -1,
      195, 200, 201, -1,
      201, 200, 202, -1,
      201, 202, 203, -1,
      196, 198, 191, -1,
      191, 198, 204, -1,
      191, 204, 0, -1,
      0, 204, 205, -1,
      0, 205, 1, -1,
      1, 205, 206, -1,
      1, 206, 207, -1,
      208, 209, 210, -1,
      211, 212, 213, -1,
      214, 215, 46, -1,
      25, 46, 26, -1,
      26, 46, 215, -1,
      26, 215, 216, -1,
      46, 217, 214, -1,
      214, 217, 218, -1,
      214, 218, 219, -1,
      220, 30, 221, -1,
      221, 30, 222, -1,
      221, 222, 210, -1,
      210, 222, 223, -1,
      210, 223, 208, -1,
      224, 218, 225, -1,
      225, 218, 217, -1,
      225, 217, 226, -1,
      226, 217, 46, -1,
      226, 46, 220, -1,
      227, 228, 229, -1,
      230, 231, 187, -1,
      187, 231, 232, -1,
      187, 232, 12, -1,
      233, 234, 235, -1,
      235, 234, 236, -1,
      235, 236, 229, -1,
      229, 236, 237, -1,
      229, 237, 227, -1,
      238, 239, 240, -1,
      240, 239, 241, -1,
      240, 241, 242, -1,
      242, 241, 243, -1,
      242, 243, 229, -1,
      244, 11, 245, -1,
      245, 11, 10, -1,
      245, 10, 246, -1,
      247, 248, 249, -1,
      14, 250, 251, -1,
      13, 252, 14, -1,
      14, 252, 253, -1,
      14, 253, 250, -1,
      254, 255, 11, -1,
      255, 256, 11, -1,
      11, 256, 257, -1,
      11, 257, 258, -1,
      248, 254, 249, -1,
      249, 254, 11, -1,
      249, 11, 259, -1,
      259, 11, 2, -1,
      259, 2, 260, -1,
      260, 2, 251, -1,
      258, 261, 11, -1,
      11, 261, 262, -1,
      11, 262, 9, -1,
      263, 264, 265, -1,
      265, 264, 266, -1,
      265, 266, 267, -1,
      265, 268, 263, -1,
      263, 268, 269, -1,
      263, 269, 270, -1,
      270, 271, 263, -1,
      263, 271, 272, -1,
      263, 272, 273, -1,
      273, 272, 274, -1,
      273, 274, 275, -1,
      275, 274, 276, -1,
      275, 276, 249, -1,
      249, 276, 277, -1,
      249, 277, 247, -1,
      278, 279, 267, -1,
      267, 279, 280, -1,
      267, 280, 265, -1,
      281, 282, 233, -1,
      233, 282, 283, -1,
      233, 283, 234, -1,
      281, 284, 282, -1,
      282, 284, 285, -1,
      282, 285, 286, -1,
      286, 285, 287, -1,
      286, 288, 289, -1,
      287, 290, 286, -1,
      286, 290, 291, -1,
      286, 291, 292, -1,
      292, 293, 286, -1,
      286, 293, 294, -1,
      286, 294, 288, -1,
      289, 295, 286, -1,
      286, 295, 296, -1,
      286, 296, 297, -1,
      61, 56, 59, -1,
      59, 56, 58, -1,
      59, 58, 298, -1,
      298, 58, 299, -1,
      300, 301, 302, -1,
      303, 304, 305, -1,
      306, 303, 244, -1,
      244, 303, 305, -1,
      244, 305, 11, -1,
      11, 305, 307, -1,
      11, 307, 308, -1,
      308, 307, 309, -1,
      308, 309, 310, -1,
      304, 311, 305, -1,
      305, 311, 312, -1,
      305, 312, 313, -1,
      313, 312, 314, -1,
      315, 316, 317, -1,
      317, 316, 318, -1,
      317, 318, 319, -1,
      319, 318, 320, -1,
      321, 322, 323, -1,
      322, 324, 323, -1,
      323, 324, 325, -1,
      323, 325, 317, -1,
      317, 325, 326, -1,
      317, 326, 315, -1,
      327, 328, 329, -1,
      330, 331, 116, -1,
      116, 331, 332, -1,
      118, 333, 116, -1,
      116, 333, 334, -1,
      116, 334, 335, -1,
      335, 336, 116, -1,
      116, 336, 337, -1,
      116, 337, 330, -1,
      338, 339, 340, -1,
      341, 342, 343, -1,
      344, 345, 346, -1,
      346, 345, 347, -1,
      348, 349, 350, -1,
      350, 349, 351, -1,
      352, 353, 345, -1,
      345, 353, 354, -1,
      345, 354, 355, -1,
      356, 357, 358, -1,
      358, 357, 359, -1,
      358, 359, 360, -1,
      361, 362, 363, -1,
      363, 362, 364, -1,
      365, 355, 366, -1,
      366, 355, 367, -1,
      366, 367, 358, -1,
      358, 367, 368, -1,
      358, 368, 356, -1,
      369, 370, 371, -1,
      371, 370, 372, -1,
      371, 372, 373, -1,
      343, 342, 371, -1,
      371, 342, 374, -1,
      371, 374, 369, -1,
      364, 375, 363, -1,
      363, 375, 376, -1,
      363, 376, 377, -1,
      365, 378, 355, -1,
      355, 378, 379, -1,
      355, 379, 345, -1,
      345, 379, 380, -1,
      345, 380, 347, -1,
      373, 381, 371, -1,
      371, 381, 382, -1,
      371, 382, 350, -1,
      350, 382, 383, -1,
      350, 383, 348, -1,
      384, 385, 386, -1,
      386, 385, 387, -1,
      386, 387, 363, -1,
      363, 387, 388, -1,
      363, 388, 361, -1,
      351, 389, 350, -1,
      350, 389, 390, -1,
      350, 390, 391, -1,
      391, 390, 384, -1,
      391, 384, 392, -1,
      392, 384, 386, -1,
      393, 394, 363, -1,
      363, 394, 395, -1,
      363, 395, 345, -1,
      345, 395, 396, -1,
      345, 396, 352, -1,
      377, 397, 363, -1,
      363, 397, 398, -1,
      363, 398, 399, -1,
      399, 400, 363, -1,
      363, 400, 401, -1,
      363, 401, 393, -1,
      402, 403, 404, -1,
      403, 355, 404, -1,
      404, 355, 354, -1,
      404, 354, 405, -1,
      405, 354, 406, -1,
      406, 407, 405, -1,
      405, 407, 408, -1,
      405, 408, 409, -1,
      410, 411, 412, -1,
      411, 413, 412, -1,
      412, 413, 414, -1,
      412, 414, 415, -1,
      416, 412, 417, -1,
      402, 404, 416, -1,
      416, 404, 418, -1,
      416, 418, 412, -1,
      412, 418, 419, -1,
      412, 419, 410, -1,
      417, 420, 416, -1,
      416, 420, 421, -1,
      416, 421, 422, -1,
      415, 414, 423, -1,
      423, 414, 424, -1,
      423, 424, 425, -1,
      425, 424, 426, -1,
      425, 426, 427, -1,
      428, 429, 422, -1,
      422, 429, 430, -1,
      422, 430, 416, -1,
      331, 431, 332, -1,
      332, 431, 432, -1,
      332, 432, 343, -1,
      343, 432, 433, -1,
      343, 433, 341, -1,
      70, 8, 434, -1,
      434, 8, 7, -1,
      434, 7, 435, -1,
      435, 7, 117, -1,
      435, 117, 436, -1,
      436, 117, 116, -1,
      436, 116, 75, -1,
      75, 116, 332, -1,
      75, 332, 73, -1,
      73, 332, 343, -1,
      73, 343, 437, -1,
      438, 439, 437, -1,
      440, 441, 442, -1,
      442, 441, 443, -1,
      442, 443, 444, -1,
      438, 437, 445, -1,
      445, 437, 343, -1,
      445, 343, 446, -1,
      446, 343, 371, -1,
      446, 371, 447, -1,
      448, 449, 439, -1,
      439, 449, 444, -1,
      439, 444, 437, -1,
      437, 444, 443, -1,
      437, 443, 447, -1,
      447, 443, 450, -1,
      447, 450, 446, -1,
      172, 166, 8, -1,
      8, 166, 17, -1,
      8, 17, 6, -1,
      6, 17, 16, -1,
      6, 16, 165, -1,
      165, 16, 451, -1,
      165, 451, 163, -1,
      175, 73, 178, -1,
      178, 73, 437, -1,
      178, 437, 452, -1,
      452, 437, 447, -1,
      452, 447, 453, -1,
      454, 455, 456, -1,
      456, 455, 457, -1,
      187, 458, 459, -1,
      460, 461, 187, -1,
      187, 461, 462, -1,
      187, 462, 458, -1,
      463, 464, 453, -1,
      453, 465, 466, -1,
      467, 452, 468, -1,
      468, 452, 469, -1,
      176, 178, 189, -1,
      189, 178, 452, -1,
      189, 452, 187, -1,
      187, 452, 467, -1,
      187, 467, 460, -1,
      470, 471, 5, -1,
      5, 471, 472, -1,
      454, 473, 455, -1,
      455, 473, 474, -1,
      455, 474, 475, -1,
      475, 474, 476, -1,
      475, 476, 477, -1,
      459, 478, 187, -1,
      187, 478, 479, -1,
      187, 479, 480, -1,
      472, 481, 5, -1,
      5, 481, 482, -1,
      5, 482, 3, -1,
      228, 230, 229, -1,
      229, 230, 187, -1,
      229, 187, 242, -1,
      242, 187, 480, -1,
      242, 480, 483, -1,
      464, 484, 453, -1,
      453, 484, 485, -1,
      453, 485, 465, -1,
      486, 487, 476, -1,
      476, 487, 488, -1,
      488, 489, 476, -1,
      476, 489, 490, -1,
      476, 490, 491, -1,
      491, 492, 476, -1,
      476, 492, 493, -1,
      476, 493, 477, -1,
      483, 5, 242, -1,
      242, 5, 4, -1,
      242, 4, 453, -1,
      453, 4, 494, -1,
      453, 494, 463, -1,
      466, 495, 453, -1,
      453, 495, 496, -1,
      453, 496, 452, -1,
      452, 496, 457, -1,
      452, 457, 469, -1,
      469, 457, 455, -1,
      12, 14, 187, -1,
      187, 14, 138, -1,
      187, 138, 185, -1,
      185, 138, 139, -1,
      185, 139, 183, -1,
      350, 338, 371, -1,
      371, 338, 340, -1,
      371, 340, 447, -1,
      447, 340, 497, -1,
      447, 497, 453, -1,
      453, 497, 498, -1,
      453, 498, 242, -1,
      242, 498, 499, -1,
      242, 499, 240, -1,
      240, 499, 245, -1,
      240, 245, 238, -1,
      238, 245, 246, -1,
      251, 2, 14, -1,
      14, 2, 1, -1,
      14, 1, 138, -1,
      138, 1, 207, -1,
      138, 207, 133, -1,
      133, 207, 500, -1,
      133, 500, 192, -1,
      192, 500, 501, -1,
      192, 501, 193, -1,
      339, 81, 340, -1,
      340, 81, 83, -1,
      340, 83, 497, -1,
      497, 83, 502, -1,
      497, 502, 498, -1,
      498, 502, 503, -1,
      498, 503, 499, -1,
      499, 503, 504, -1,
      499, 504, 245, -1,
      245, 504, 505, -1,
      245, 505, 244, -1,
      244, 505, 319, -1,
      244, 319, 306, -1,
      306, 319, 320, -1,
      506, 507, 0, -1,
      508, 509, 211, -1,
      201, 190, 195, -1,
      195, 190, 0, -1,
      195, 0, 194, -1,
      194, 0, 507, -1,
      508, 211, 510, -1,
      511, 512, 513, -1,
      513, 512, 514, -1,
      509, 515, 211, -1,
      211, 515, 516, -1,
      211, 516, 517, -1,
      507, 518, 194, -1,
      194, 518, 519, -1,
      194, 519, 513, -1,
      513, 519, 520, -1,
      513, 520, 521, -1,
      521, 522, 513, -1,
      513, 522, 523, -1,
      513, 523, 511, -1,
      209, 208, 213, -1,
      213, 208, 513, -1,
      213, 513, 211, -1,
      211, 513, 514, -1,
      211, 514, 510, -1,
      517, 506, 211, -1,
      211, 506, 0, -1,
      211, 0, 58, -1,
      58, 0, 2, -1,
      58, 2, 299, -1,
      299, 2, 11, -1,
      299, 11, 302, -1,
      302, 11, 308, -1,
      302, 308, 300, -1,
      300, 308, 310, -1,
      164, 20, 165, -1,
      165, 20, 19, -1,
      165, 19, 524, -1,
      524, 19, 133, -1,
      524, 133, 525, -1,
      525, 133, 192, -1,
      525, 192, 526, -1,
      526, 192, 194, -1,
      526, 194, 527, -1,
      527, 194, 513, -1,
      527, 513, 528, -1,
      528, 513, 208, -1,
      528, 208, 529, -1,
      529, 208, 223, -1,
      530, 531, 30, -1,
      532, 533, 29, -1,
      29, 533, 534, -1,
      29, 534, 535, -1,
      220, 46, 30, -1,
      30, 46, 536, -1,
      30, 536, 530, -1,
      531, 537, 30, -1,
      30, 537, 538, -1,
      30, 538, 539, -1,
      539, 540, 30, -1,
      30, 540, 541, -1,
      30, 541, 29, -1,
      29, 541, 542, -1,
      29, 542, 532, -1,
      535, 543, 29, -1,
      29, 543, 544, -1,
      29, 544, 47, -1,
      47, 544, 545, -1,
      47, 545, 46, -1,
      46, 545, 546, -1,
      46, 546, 536, -1,
      34, 27, 38, -1,
      38, 27, 29, -1,
      38, 29, 547, -1,
      547, 29, 47, -1,
      547, 47, 329, -1,
      329, 47, 64, -1,
      329, 64, 327, -1,
      327, 64, 66, -1,
      327, 66, 57, -1,
      57, 66, 24, -1,
      57, 24, 58, -1,
      58, 24, 26, -1,
      58, 26, 211, -1,
      211, 26, 216, -1,
      211, 216, 212, -1,
      36, 37, 548, -1,
      548, 37, 130, -1,
      548, 130, 32, -1,
      32, 130, 128, -1,
      32, 128, 30, -1,
      30, 128, 126, -1,
      30, 126, 222, -1,
      222, 126, 23, -1,
      222, 23, 223, -1,
      223, 23, 22, -1,
      223, 22, 529, -1,
      328, 321, 329, -1,
      329, 321, 323, -1,
      329, 323, 547, -1,
      547, 323, 549, -1,
      547, 549, 38, -1,
      38, 549, 550, -1,
      38, 550, 37, -1,
      37, 550, 551, -1,
      37, 551, 132, -1,
      132, 551, 552, -1,
      78, 553, 83, -1,
      83, 553, 554, -1,
      83, 554, 502, -1,
      502, 554, 555, -1,
      502, 555, 503, -1,
      503, 555, 556, -1,
      503, 556, 504, -1,
      504, 556, 557, -1,
      504, 557, 505, -1,
      505, 557, 558, -1,
      505, 558, 319, -1,
      319, 558, 559, -1,
      319, 559, 317, -1,
      317, 559, 560, -1,
      317, 560, 323, -1,
      323, 560, 561, -1,
      323, 561, 549, -1,
      549, 561, 562, -1,
      549, 562, 550, -1,
      550, 562, 563, -1,
      550, 563, 551, -1,
      551, 563, 564, -1,
      551, 564, 552, -1,
      552, 564, 565, -1,
      566, 567, 568, -1,
      568, 567, 569, -1,
      570, 571, 572, -1,
      572, 571, 573, -1,
      572, 573, 574, -1,
      574, 573, 568, -1,
      574, 568, 575, -1,
      575, 568, 569, -1,
      576, 577, 578, -1,
      578, 577, 579, -1,
      578, 579, 574, -1,
      574, 579, 580, -1,
      574, 580, 572, -1,
      576, 575, 577, -1,
      577, 575, 569, -1,
      577, 569, 581, -1,
      582, 583, 584, -1,
      580, 585, 572, -1,
      572, 585, 584, -1,
      572, 584, 586, -1,
      586, 584, 583, -1,
      587, 588, 569, -1,
      569, 588, 589, -1,
      569, 589, 581, -1,
      587, 590, 588, -1,
      588, 590, 591, -1,
      588, 591, 592, -1,
      584, 593, 582, -1,
      582, 593, 594, -1,
      582, 594, 595, -1,
      595, 594, 596, -1,
      592, 591, 597, -1,
      597, 591, 598, -1,
      597, 598, 599, -1,
      600, 601, 602, -1,
      602, 601, 603, -1,
      604, 605, 606, -1,
      606, 605, 607, -1,
      606, 607, 608, -1,
      608, 607, 602, -1,
      608, 602, 609, -1,
      609, 602, 603, -1,
      610, 606, 611, -1,
      611, 606, 608, -1,
      611, 608, 612, -1,
      612, 608, 613, -1,
      612, 613, 614, -1,
      614, 613, 615, -1,
      616, 617, 618, -1,
      615, 609, 614, -1,
      614, 609, 603, -1,
      614, 603, 619, -1,
      610, 611, 617, -1,
      617, 611, 620, -1,
      617, 620, 618, -1,
      621, 622, 603, -1,
      603, 622, 623, -1,
      603, 623, 619, -1,
      621, 624, 622, -1,
      622, 624, 625, -1,
      622, 625, 626, -1,
      618, 627, 616, -1,
      616, 627, 628, -1,
      616, 628, 629, -1,
      629, 628, 630, -1,
      626, 625, 631, -1,
      631, 625, 632, -1,
      631, 632, 633, -1,
      634, 635, 612, -1,
      612, 635, 611, -1,
      581, 634, 577, -1,
      577, 634, 612, -1,
      577, 612, 636, -1,
      636, 612, 637, -1,
      565, 553, 579, -1,
      579, 553, 580, -1,
      619, 565, 614, -1,
      614, 565, 579, -1,
      614, 579, 638, -1,
      638, 579, 639, -1,
      637, 638, 636, -1,
      636, 638, 639, -1,
      570, 640, 571, -1,
      571, 640, 641, -1,
      571, 641, 566, -1,
      566, 641, 567, -1,
      604, 642, 605, -1,
      605, 642, 643, -1,
      605, 643, 600, -1,
      600, 643, 601, -1,
      635, 634, 644, -1,
      644, 634, 645, -1,
      646, 647, 648, -1,
      647, 646, 649, -1,
      649, 646, 650, -1,
      649, 650, 651, -1,
      651, 650, 652, -1,
      651, 652, 648, -1,
      648, 652, 653, -1,
      648, 653, 646, -1,
      614, 638, 612, -1,
      612, 638, 637, -1,
      579, 577, 639, -1,
      639, 577, 636, -1,
    ]
  }
}

Shape {
  appearance Appearance {
    material Material {
      diffuseColor 1.0000 1.0000 1.0000
      specularColor 0.5020 0.5020 0.5020
      ambientIntensity 0.2
      transparency 0.0000
      shininess 0.5
    }
  }
  geometry IndexedFaceSet {
    ccw TRUE
    solid FALSE
    coord DEF co Coordinate {
      point [
        0.866142 -0.395669 0.000000,
        0.848787 -0.395669 -0.098425,
        0.866142 0.395669 0.000000,
        0.848787 0.395669 -0.098425,
        0.798457 0.395669 -0.383858,
        0.798457 -0.395669 -0.383858,
        0.570866 -0.395669 -0.383858,
        0.570866 0.395669 -0.383858,
        -0.866142 0.395669 0.000000,
        -0.848787 0.395669 -0.098425,
        -0.866142 -0.395669 0.000000,
        -0.848787 -0.395669 -0.098425,
        -0.798457 -0.395669 -0.383858,
        -0.798457 0.395669 -0.383858,
        -0.570866 -0.395669 -0.383858,
        -0.570866 0.395669 -0.383858,
        -0.925197 0.395669 0.000000,
        -0.925197 -0.395669 0.000000,
        -0.925197 0.395669 -0.383858,
        -0.925197 -0.395669 -0.383858,
        -0.570866 0.395669 -0.482283,
        -0.570866 -0.395669 -0.482283,
        -0.925197 0.395669 -0.482283,
        -0.925197 -0.395669 -0.482283,
        -0.955766 -0.395669 -0.478259,
        -0.955766 0.395669 -0.478259,
        -0.984252 -0.395669 -0.466460,
        -0.984252 0.395669 -0.466460,
        -1.008713 -0.395669 -0.447690,
        -1.008713 0.395669 -0.447690,
        -1.027483 -0.395669 -0.423228,
        -1.027483 0.395669 -0.423228,
        -1.039283 -0.395669 -0.394743,
        -1.039283 0.395669 -0.394743,
        -1.043307 -0.395669 -0.364173,
        -1.043307 0.395669 -0.364173,
        -1.043307 0.395669 -0.118110,
        -1.043307 -0.395669 -0.118110,
        -1.039283 -0.395669 -0.087541,
        -1.039283 0.395669 -0.087541,
        -1.027483 -0.395669 -0.059055,
        -1.027483 0.395669 -0.059055,
        -1.008713 -0.395669 -0.034594,
        -1.008713 0.395669 -0.034594,
        -0.984252 -0.395669 -0.015824,
        -0.984252 0.395669 -0.015824,
        -0.955766 -0.395669 -0.004024,
        -0.955766 0.395669 -0.004024,
        -0.925197 -0.395669 -0.098425,
        -0.925197 0.395669 -0.098425,
        -0.930292 0.395669 -0.099096,
        -0.930292 -0.395669 -0.099096,
        -0.935039 0.395669 -0.101063,
        -0.935039 -0.395669 -0.101063,
        -0.939116 0.395669 -0.104191,
        -0.939116 -0.395669 -0.104191,
        -0.942244 0.395669 -0.108268,
        -0.942244 -0.395669 -0.108268,
        -0.944211 0.395669 -0.113015,
        -0.944211 -0.395669 -0.113015,
        -0.944882 0.395669 -0.118110,
        -0.944882 -0.395669 -0.118110,
        -0.944882 0.395669 -0.364173,
        -0.944882 -0.395669 -0.364173,
        -0.944211 0.395669 -0.369268,
        -0.944211 -0.395669 -0.369268,
        -0.942244 0.395669 -0.374016,
        -0.942244 -0.395669 -0.374016,
        -0.939116 0.395669 -0.378093,
        -0.939116 -0.395669 -0.378093,
        -0.935039 0.395669 -0.381221,
        -0.935039 -0.395669 -0.381221,
        -0.930292 0.395669 -0.383187,
        -0.930292 -0.395669 -0.383187,
        0.925197 -0.395669 0.000000,
        0.925197 0.395669 0.000000,
        0.925197 -0.395669 -0.383858,
        0.925197 0.395669 -0.383858,
        0.930292 0.395669 -0.383187,
        0.930292 -0.395669 -0.383187,
        0.935039 0.395669 -0.381221,
        0.935039 -0.395669 -0.381221,
        0.939116 0.395669 -0.378093,
        0.939116 -0.395669 -0.378093,
        0.942244 0.395669 -0.374016,
        0.942244 -0.395669 -0.374016,
        0.944211 0.395669 -0.369268,
        0.944211 -0.395669 -0.369268,
        0.944882 0.395669 -0.364173,
        0.944882 -0.395669 -0.364173,
        0.944882 0.395669 -0.118110,
        0.944882 -0.395669 -0.118110,
        0.944211 0.395669 -0.113015,
        0.944211 -0.395669 -0.113015,
        0.942244 0.395669 -0.108268,
        0.942244 -0.395669 -0.108268,
        0.939116 0.395669 -0.104191,
        0.939116 -0.395669 -0.104191,
        0.935039 0.395669 -0.101063,
        0.935039 -0.395669 -0.101063,
        0.930292 0.395669 -0.099096,
        0.930292 -0.395669 -0.099096,
        0.925197 0.395669 -0.098425,
        0.925197 -0.395669 -0.098425,
        0.955766 -0.395669 -0.004024,
        0.955766 0.395669 -0.004024,
        0.984252 -0.395669 -0.015824,
        0.984252 0.395669 -0.015824,
        1.008713 -0.395669 -0.034594,
        1.008713 0.395669 -0.034594,
        1.027483 -0.395669 -0.059055,
        1.027483 0.395669 -0.059055,
        1.039283 -0.395669 -0.087541,
        1.039283 0.395669 -0.087541,
        1.043307 -0.395669 -0.118110,
        1.043307 0.395669 -0.118110,
        1.043307 0.395669 -0.364173,
        1.043307 -0.395669 -0.364173,
        1.039283 -0.395669 -0.394743,
        1.039283 0.395669 -0.394743,
        1.027483 -0.395669 -0.423228,
        1.027483 0.395669 -0.423228,
        1.008713 -0.395669 -0.447690,
        1.008713 0.395669 -0.447690,
        0.984252 -0.395669 -0.466460,
        0.984252 0.395669 -0.466460,
        0.955766 -0.395669 -0.478259,
        0.955766 0.395669 -0.478259,
        0.925197 -0.395669 -0.482283,
        0.925197 0.395669 -0.482283,
        0.570866 0.395669 -0.482283,
        0.570866 -0.395669 -0.482283,
      ]
    }
    coordIndex [
      16, 17, 8, -1,
      8, 17, 10, -1,
      18, 19, 13, -1,
      13, 19, 12, -1,
      20, 15, 21, -1,
      21, 15, 14, -1,
      22, 20, 23, -1,
      23, 20, 21, -1,
      22, 23, 24, -1,
      22, 24, 25, -1,
      25, 24, 26, -1,
      25, 26, 27, -1,
      27, 26, 28, -1,
      27, 28, 29, -1,
      29, 28, 30, -1,
      29, 30, 31, -1,
      31, 30, 32, -1,
      31, 32, 33, -1,
      33, 32, 34, -1,
      33, 34, 35, -1,
      36, 35, 37, -1,
      37, 35, 34, -1,
      36, 37, 38, -1,
      36, 38, 39, -1,
      39, 38, 40, -1,
      39, 40, 41, -1,
      41, 40, 42, -1,
      41, 42, 43, -1,
      43, 42, 44, -1,
      43, 44, 45, -1,
      45, 44, 46, -1,
      45, 46, 47, -1,
      47, 46, 17, -1,
      47, 17, 16, -1,
      48, 49, 11, -1,
      11, 49, 9, -1,
      49, 48, 50, -1,
      50, 48, 51, -1,
      50, 51, 52, -1,
      52, 51, 53, -1,
      52, 53, 54, -1,
      54, 53, 55, -1,
      54, 55, 56, -1,
      56, 55, 57, -1,
      56, 57, 58, -1,
      58, 57, 59, -1,
      58, 59, 60, -1,
      60, 59, 61, -1,
      62, 60, 63, -1,
      63, 60, 61, -1,
      62, 63, 64, -1,
      64, 63, 65, -1,
      64, 65, 66, -1,
      66, 65, 67, -1,
      66, 67, 68, -1,
      68, 67, 69, -1,
      68, 69, 70, -1,
      70, 69, 71, -1,
      70, 71, 72, -1,
      72, 71, 73, -1,
      72, 73, 18, -1,
      18, 73, 19, -1,
      15, 20, 13, -1,
      13, 20, 22, -1,
      8, 9, 16, -1,
      16, 9, 49, -1,
      16, 49, 47, -1,
      47, 49, 50, -1,
      47, 50, 45, -1,
      45, 50, 52, -1,
      45, 52, 43, -1,
      43, 52, 54, -1,
      43, 54, 41, -1,
      41, 54, 56, -1,
      41, 56, 39, -1,
      39, 56, 58, -1,
      39, 58, 36, -1,
      36, 58, 60, -1,
      36, 60, 35, -1,
      35, 60, 62, -1,
      35, 62, 33, -1,
      33, 62, 64, -1,
      33, 64, 31, -1,
      31, 64, 66, -1,
      31, 66, 29, -1,
      29, 66, 68, -1,
      29, 68, 27, -1,
      27, 68, 70, -1,
      27, 70, 25, -1,
      25, 70, 72, -1,
      25, 72, 22, -1,
      22, 72, 18, -1,
      22, 18, 13, -1,
      23, 21, 14, -1,
      11, 10, 48, -1,
      48, 10, 17, -1,
      48, 17, 51, -1,
      51, 17, 46, -1,
      51, 46, 53, -1,
      53, 46, 44, -1,
      53, 44, 55, -1,
      55, 44, 42, -1,
      55, 42, 57, -1,
      57, 42, 40, -1,
      57, 40, 59, -1,
      59, 40, 38, -1,
      59, 38, 61, -1,
      61, 38, 37, -1,
      61, 37, 63, -1,
      63, 37, 34, -1,
      63, 34, 65, -1,
      65, 34, 32, -1,
      65, 32, 67, -1,
      67, 32, 30, -1,
      67, 30, 69, -1,
      69, 30, 28, -1,
      69, 28, 71, -1,
      71, 28, 26, -1,
      71, 26, 73, -1,
      73, 26, 24, -1,
      73, 24, 19, -1,
      19, 24, 23, -1,
      19, 23, 12, -1,
      12, 23, 14, -1,
      0, 74, 2, -1,
      2, 74, 75, -1,
      5, 76, 4, -1,
      4, 76, 77, -1,
      77, 76, 78, -1,
      78, 76, 79, -1,
      78, 79, 80, -1,
      80, 79, 81, -1,
      80, 81, 82, -1,
      82, 81, 83, -1,
      82, 83, 84, -1,
      84, 83, 85, -1,
      84, 85, 86, -1,
      86, 85, 87, -1,
      86, 87, 88, -1,
      88, 87, 89, -1,
      90, 88, 91, -1,
      91, 88, 89, -1,
      90, 91, 92, -1,
      92, 91, 93, -1,
      92, 93, 94, -1,
      94, 93, 95, -1,
      94, 95, 96, -1,
      96, 95, 97, -1,
      96, 97, 98, -1,
      98, 97, 99, -1,
      98, 99, 100, -1,
      100, 99, 101, -1,
      100, 101, 102, -1,
      102, 101, 103, -1,
      3, 102, 1, -1,
      1, 102, 103, -1,
      75, 74, 104, -1,
      75, 104, 105, -1,
      105, 104, 106, -1,
      105, 106, 107, -1,
      107, 106, 108, -1,
      107, 108, 109, -1,
      109, 108, 110, -1,
      109, 110, 111, -1,
      111, 110, 112, -1,
      111, 112, 113, -1,
      113, 112, 114, -1,
      113, 114, 115, -1,
      116, 115, 117, -1,
      117, 115, 114, -1,
      116, 117, 118, -1,
      116, 118, 119, -1,
      119, 118, 120, -1,
      119, 120, 121, -1,
      121, 120, 122, -1,
      121, 122, 123, -1,
      123, 122, 124, -1,
      123, 124, 125, -1,
      125, 124, 126, -1,
      125, 126, 127, -1,
      127, 126, 128, -1,
      127, 128, 129, -1,
      130, 129, 131, -1,
      131, 129, 128, -1,
      7, 130, 6, -1,
      6, 130, 131, -1,
      129, 130, 7, -1,
      3, 2, 102, -1,
      102, 2, 75, -1,
      102, 75, 100, -1,
      100, 75, 105, -1,
      100, 105, 98, -1,
      98, 105, 107, -1,
      98, 107, 96, -1,
      96, 107, 109, -1,
      96, 109, 94, -1,
      94, 109, 111, -1,
      94, 111, 92, -1,
      92, 111, 113, -1,
      92, 113, 90, -1,
      90, 113, 115, -1,
      90, 115, 88, -1,
      88, 115, 116, -1,
      88, 116, 86, -1,
      86, 116, 119, -1,
      86, 119, 84, -1,
      84, 119, 121, -1,
      84, 121, 82, -1,
      82, 121, 123, -1,
      82, 123, 80, -1,
      80, 123, 125, -1,
      80, 125, 78, -1,
      78, 125, 127, -1,
      78, 127, 77, -1,
      77, 127, 129, -1,
      77, 129, 4, -1,
      4, 129, 7, -1,
      6, 131, 5, -1,
      5, 131, 128, -1,
      0, 1, 74, -1,
      74, 1, 103, -1,
      74, 103, 104, -1,
      104, 103, 101, -1,
      104, 101, 106, -1,
      106, 101, 99, -1,
      106, 99, 108, -1,
      108, 99, 97, -1,
      108, 97, 110, -1,
      110, 97, 95, -1,
      110, 95, 112, -1,
      112, 95, 93, -1,
      112, 93, 114, -1,
      114, 93, 91, -1,
      114, 91, 117, -1,
      117, 91, 89, -1,
      117, 89, 118, -1,
      118, 89, 87, -1,
      118, 87, 120, -1,
      120, 87, 85, -1,
      120, 85, 122, -1,
      122, 85, 83, -1,
      122, 83, 124, -1,
      124, 83, 81, -1,
      124, 81, 126, -1,
      126, 81, 79, -1,
      126, 79, 128, -1,
      128, 79, 76, -1,
      128, 76, 5, -1,
    ]
  }
}

Shape {
  appearance Appearance {
    material Material {
      diffuseColor 0.5020 0.5020 0.5020
      specularColor 0.2510 0.2510 0.2510
      ambientIntensity 0.2
      transparency 0.0000
      shininess 0.5
    }
  }
  geometry IndexedFaceSet {
    ccw TRUE
    solid FALSE
    coord DEF co Coordinate {
      point [
        -0.648646 0.507645 0.423228,
        -0.505257 0.507645 0.423228,
        -0.648646 -0.517554 0.423228,
        -0.505257 -0.517554 0.423228,
        -0.648646 -0.517554 0.422835,
        -0.648646 0.507645 0.422835,
        -0.505257 0.507645 0.422835,
        -0.505257 -0.517554 0.422835,
      ]
    }
    coordIndex [
      4, 5, 2, -1,
      2, 5, 0, -1,
      5, 6, 0, -1,
      0, 6, 1, -1,
      6, 7, 1, -1,
      1, 7, 3, -1,
      7, 4, 3, -1,
      3, 4, 2, -1,
      7, 6, 4, -1,
      4, 6, 5, -1,
    ]
  }
}

Shape {
  appearance Appearance {
    material Material {
      diffuseColor 0.2510 0.2510 0.2510
      specularColor 0.1255 0.1255 0.1255
      ambientIntensity 0.2
      transparency 0.0000
      shininess 0.5
    }
  }
  geometry IndexedFaceSet {
    ccw TRUE
    solid FALSE
    coord DEF co Coordinate {
      point [
        -0.758480 0.643708 0.390695,
        0.758480 0.643708 0.390695,
        0.827370 0.712598 0.000000,
        -0.827370 0.712598 0.000000,
        0.866142 -0.673826 0.000000,
        0.798457 -0.606142 -0.383858,
        0.866142 0.673826 0.000000,
        0.798457 0.606142 -0.383858,
        0.759685 0.644914 -0.383858,
        0.759685 -0.644914 -0.383858,
        0.793300 0.625617 -0.383858,
        0.795528 0.621067 -0.383858,
        0.774610 0.641985 -0.383858,
        0.769794 0.643603 -0.383858,
        0.797146 0.616250 -0.383858,
        0.797146 -0.616250 -0.383858,
        0.774610 -0.641985 -0.383858,
        0.769794 -0.643603 -0.383858,
        0.795528 -0.621067 -0.383858,
        0.793300 -0.625617 -0.383858,
        0.779160 -0.639757 -0.383858,
        0.779160 0.639757 -0.383858,
        0.783370 0.636956 -0.383858,
        0.790499 0.629827 -0.383858,
        0.787171 0.633628 -0.383858,
        0.783370 -0.636956 -0.383858,
        0.790499 -0.629827 -0.383858,
        0.787171 -0.633628 -0.383858,
        -0.866142 0.673826 0.000000,
        -0.798457 0.606142 -0.383858,
        -0.866142 -0.673826 0.000000,
        -0.798457 -0.606142 -0.383858,
        -0.797146 -0.616250 -0.383858,
        -0.759685 -0.644914 -0.383858,
        -0.793300 -0.625617 -0.383858,
        -0.795528 -0.621067 -0.383858,
        -0.774610 -0.641985 -0.383858,
        -0.759685 0.644914 -0.383858,
        -0.769794 -0.643603 -0.383858,
        -0.797146 0.616250 -0.383858,
        -0.774610 0.641985 -0.383858,
        -0.769794 0.643603 -0.383858,
        -0.795528 0.621067 -0.383858,
        -0.793300 0.625617 -0.383858,
        -0.779160 0.639757 -0.383858,
        -0.779160 -0.639757 -0.383858,
        -0.783370 -0.636956 -0.383858,
        -0.790499 -0.629827 -0.383858,
        -0.787171 -0.633628 -0.383858,
        -0.783370 0.636956 -0.383858,
        -0.790499 0.629827 -0.383858,
        -0.787171 0.633628 -0.383858,
        0.827370 -0.712598 0.000000,
        -0.827370 -0.712598 -0.000000,
        0.797252 0.604936 0.390695,
        0.797252 -0.604936 0.390695,
        -0.797252 -0.604936 0.390695,
        -0.797252 0.604936 0.390695,
        -0.758480 -0.643708 0.390695,
        0.758480 -0.643708 0.390695,
        -0.758480 0.604936 0.423228,
        -0.758480 -0.604936 0.423228,
        0.758480 -0.604936 0.423228,
        0.758480 0.604936 0.423228,
        0.837478 -0.711288 -0.000000,
        0.842294 -0.709670 -0.000000,
        0.846845 -0.707442 -0.000000,
        0.851055 -0.704641 -0.000000,
        0.854856 -0.701312 -0.000000,
        0.858184 -0.697512 -0.000000,
        0.860985 -0.693302 -0.000000,
        0.863213 -0.688751 -0.000000,
        0.864831 -0.683935 -0.000000,
        0.795891 -0.613485 0.391962,
        0.795683 -0.614787 0.392155,
        0.792777 -0.621464 0.392820,
        0.791676 -0.623993 0.393072,
        0.788114 -0.628574 0.393252,
        0.785491 -0.631948 0.393384,
        0.782118 -0.634571 0.393252,
        0.777536 -0.638133 0.393072,
        0.775007 -0.639233 0.392820,
        0.768331 -0.642140 0.392155,
        0.767029 -0.642347 0.391962,
        0.864831 0.683935 -0.000000,
        0.863213 0.688751 -0.000000,
        0.860985 0.693302 -0.000000,
        0.858184 0.697512 -0.000000,
        0.854856 0.701312 -0.000000,
        0.851055 0.704641 -0.000000,
        0.846845 0.707442 -0.000000,
        0.842294 0.709670 -0.000000,
        0.837478 0.711288 -0.000000,
        0.794603 -0.604936 0.399437,
        0.790190 -0.604936 0.407192,
        0.789395 -0.611993 0.407192,
        0.790041 -0.604936 0.407351,
        0.783913 -0.604936 0.413911,
        0.783275 -0.610596 0.413911,
        0.775802 -0.608890 0.418991,
        0.767383 -0.606969 0.422154,
        0.766708 -0.608899 0.422154,
        0.762443 -0.613165 0.422154,
        0.764174 -0.612077 0.422154,
        0.760512 -0.613840 0.422154,
        0.767558 -0.604936 0.422161,
        0.793829 -0.613005 0.399199,
        0.791147 -0.620668 0.399199,
        0.786828 -0.627543 0.399199,
        0.781086 -0.633284 0.399199,
        0.774211 -0.637604 0.399199,
        0.766548 -0.640285 0.399199,
        0.758480 -0.641194 0.399199,
        0.758480 -0.614015 0.422161,
        0.783776 -0.604936 0.414002,
        0.776247 -0.604936 0.418991,
        0.776144 -0.604936 0.419029,
        0.767613 -0.604936 0.422154,
        0.772371 -0.616014 0.418991,
        0.769557 -0.618828 0.418991,
        0.766189 -0.620944 0.418991,
        0.762433 -0.622258 0.418991,
        0.774488 -0.612645 0.418991,
        0.765620 -0.610631 0.422154,
        0.758480 -0.614069 0.422154,
        0.758480 -0.622601 0.419029,
        0.758480 -0.622704 0.418991,
        0.758480 -0.630233 0.414002,
        0.781394 -0.615971 0.413911,
        0.778364 -0.620793 0.413911,
        0.774337 -0.624820 0.413911,
        0.769515 -0.627850 0.413911,
        0.764139 -0.629731 0.413911,
        0.787050 -0.618695 0.407192,
        0.783272 -0.624707 0.407192,
        0.778251 -0.629729 0.407192,
        0.772239 -0.633507 0.407192,
        0.765536 -0.635852 0.407192,
        0.794738 -0.604936 0.399199,
        0.758480 -0.630369 0.413911,
        0.758480 -0.636498 0.407351,
        0.758480 -0.636647 0.407192,
        0.758480 -0.641059 0.399437,
        -0.864831 -0.683935 0.000000,
        -0.863213 -0.688751 0.000000,
        -0.860985 -0.693302 0.000000,
        -0.858184 -0.697512 0.000000,
        -0.854856 -0.701312 0.000000,
        -0.851055 -0.704641 0.000000,
        -0.846845 -0.707442 0.000000,
        -0.842294 -0.709670 0.000000,
        -0.837478 -0.711288 0.000000,
        0.767029 0.642347 0.391962,
        0.768331 0.642140 0.392155,
        0.775007 0.639233 0.392820,
        0.777536 0.638133 0.393072,
        0.782118 0.634571 0.393252,
        0.785491 0.631948 0.393384,
        0.788114 0.628574 0.393252,
        0.791676 0.623993 0.393072,
        0.792777 0.621464 0.392820,
        0.795683 0.614787 0.392155,
        0.795891 0.613485 0.391962,
        0.794738 0.604936 0.399199,
        0.794603 0.604936 0.399437,
        0.790190 0.604936 0.407192,
        0.790041 0.604936 0.407351,
        0.783913 0.604936 0.413911,
        0.783776 0.604936 0.414002,
        0.776247 0.604936 0.418991,
        0.776144 0.604936 0.419029,
        0.767613 0.604936 0.422154,
        0.767558 0.604936 0.422161,
        -0.758480 -0.641194 0.399199,
        -0.758480 -0.641059 0.399437,
        -0.758480 -0.636647 0.407192,
        -0.758480 -0.636498 0.407351,
        -0.758480 -0.630369 0.413911,
        -0.758480 -0.630233 0.414002,
        -0.758480 -0.622704 0.418991,
        -0.758480 -0.622601 0.419029,
        -0.758480 -0.614069 0.422154,
        -0.758480 -0.614015 0.422161,
        -0.768331 -0.642140 0.392155,
        -0.768434 -0.642095 0.392166,
        -0.777536 -0.638133 0.393072,
        -0.777610 -0.638075 0.393075,
        -0.785491 -0.631948 0.393384,
        -0.791618 -0.624067 0.393075,
        -0.791676 -0.623993 0.393072,
        -0.795639 -0.614891 0.392166,
        -0.795683 -0.614787 0.392155,
        0.758480 0.641059 0.399437,
        0.758480 0.636647 0.407192,
        0.765536 0.635852 0.407192,
        0.758480 0.636498 0.407351,
        0.758480 0.630369 0.413911,
        0.764139 0.629731 0.413911,
        0.762433 0.622258 0.418991,
        0.760512 0.613840 0.422154,
        0.762443 0.613165 0.422154,
        0.766708 0.608899 0.422154,
        0.765620 0.610631 0.422154,
        0.767383 0.606969 0.422154,
        0.758480 0.614015 0.422161,
        0.766548 0.640285 0.399199,
        0.774211 0.637604 0.399199,
        0.781086 0.633284 0.399199,
        0.786828 0.627543 0.399199,
        0.791147 0.620668 0.399199,
        0.793829 0.613005 0.399199,
        0.758480 0.630233 0.414002,
        0.758480 0.622704 0.418991,
        0.758480 0.622601 0.419029,
        0.758480 0.614069 0.422154,
        0.769557 0.618828 0.418991,
        0.772371 0.616014 0.418991,
        0.774488 0.612645 0.418991,
        0.775802 0.608890 0.418991,
        0.766189 0.620944 0.418991,
        0.764174 0.612077 0.422154,
        0.769515 0.627850 0.413911,
        0.774337 0.624820 0.413911,
        0.778364 0.620793 0.413911,
        0.781394 0.615971 0.413911,
        0.783275 0.610596 0.413911,
        0.772239 0.633507 0.407192,
        0.778251 0.629729 0.407192,
        0.783272 0.624707 0.407192,
        0.787050 0.618695 0.407192,
        0.789395 0.611993 0.407192,
        0.758480 0.641194 0.399199,
        -0.765062 -0.629503 0.413911,
        -0.763078 -0.622098 0.418991,
        -0.760843 -0.613758 0.422154,
        -0.763046 -0.612846 0.422154,
        -0.766389 -0.609503 0.422154,
        -0.764938 -0.611394 0.422154,
        -0.767302 -0.607300 0.422154,
        -0.767864 -0.639959 0.399199,
        -0.776609 -0.636337 0.399199,
        -0.784118 -0.630575 0.399199,
        -0.789880 -0.623065 0.399199,
        -0.793502 -0.614321 0.399199,
        -0.794738 -0.604936 0.399199,
        -0.767558 -0.604936 0.422161,
        -0.767363 -0.620324 0.418991,
        -0.771043 -0.617500 0.418991,
        -0.773867 -0.613820 0.418991,
        -0.775642 -0.609535 0.418991,
        -0.767613 -0.604936 0.422154,
        -0.776144 -0.604936 0.419029,
        -0.776247 -0.604936 0.418991,
        -0.783776 -0.604936 0.414002,
        -0.771196 -0.626962 0.413911,
        -0.776463 -0.622920 0.413911,
        -0.780505 -0.617653 0.413911,
        -0.783046 -0.611519 0.413911,
        -0.766687 -0.635567 0.407192,
        -0.774335 -0.632398 0.407192,
        -0.780902 -0.627359 0.407192,
        -0.785942 -0.620792 0.407192,
        -0.789110 -0.613144 0.407192,
        -0.783913 -0.604936 0.413911,
        -0.790041 -0.604936 0.407351,
        -0.790190 -0.604936 0.407192,
        -0.794603 -0.604936 0.399437,
        -0.758480 0.641194 0.399199,
        -0.758480 0.641059 0.399437,
        -0.758480 0.636647 0.407192,
        -0.758480 0.636498 0.407351,
        -0.758480 0.630369 0.413911,
        -0.758480 0.630233 0.414002,
        -0.758480 0.622704 0.418991,
        -0.758480 0.622601 0.419029,
        -0.758480 0.614069 0.422154,
        -0.758480 0.614015 0.422161,
        -0.794738 0.604936 0.399199,
        -0.794603 0.604936 0.399437,
        -0.790190 0.604936 0.407192,
        -0.790041 0.604936 0.407351,
        -0.783913 0.604936 0.413911,
        -0.783776 0.604936 0.414002,
        -0.776247 0.604936 0.418991,
        -0.776144 0.604936 0.419029,
        -0.767613 0.604936 0.422154,
        -0.767558 0.604936 0.422161,
        -0.783046 0.611519 0.413911,
        -0.775642 0.609535 0.418991,
        -0.767302 0.607300 0.422154,
        -0.766389 0.609503 0.422154,
        -0.763046 0.612846 0.422154,
        -0.764938 0.611394 0.422154,
        -0.760843 0.613758 0.422154,
        -0.793502 0.614321 0.399199,
        -0.795639 0.614891 0.392166,
        -0.795683 0.614787 0.392155,
        -0.791676 0.623993 0.393072,
        -0.789880 0.623065 0.399199,
        -0.791618 0.624067 0.393075,
        -0.784118 0.630575 0.399199,
        -0.785491 0.631948 0.393384,
        -0.776609 0.636337 0.399199,
        -0.777610 0.638075 0.393075,
        -0.777536 0.638133 0.393072,
        -0.767864 0.639959 0.399199,
        -0.768434 0.642095 0.392166,
        -0.768331 0.642140 0.392155,
        -0.773867 0.613820 0.418991,
        -0.771043 0.617500 0.418991,
        -0.767363 0.620324 0.418991,
        -0.763078 0.622098 0.418991,
        -0.780505 0.617653 0.413911,
        -0.776463 0.622920 0.413911,
        -0.771196 0.626962 0.413911,
        -0.765062 0.629503 0.413911,
        -0.789110 0.613144 0.407192,
        -0.785942 0.620792 0.407192,
        -0.780902 0.627359 0.407192,
        -0.774335 0.632398 0.407192,
        -0.766687 0.635567 0.407192,
        -0.864831 0.683935 0.000000,
        -0.863213 0.688751 0.000000,
        -0.860985 0.693302 0.000000,
        -0.858184 0.697512 0.000000,
        -0.854856 0.701312 0.000000,
        -0.851055 0.704641 0.000000,
        -0.846845 0.707442 0.000000,
        -0.842294 0.709670 0.000000,
        -0.837478 0.711288 0.000000,
      ]
    }
    coordIndex [
      52, 9, 17, -1,
      52, 17, 64, -1,
      64, 17, 16, -1,
      64, 16, 65, -1,
      65, 16, 20, -1,
      65, 20, 66, -1,
      66, 20, 25, -1,
      66, 25, 67, -1,
      67, 25, 27, -1,
      67, 27, 68, -1,
      68, 27, 69, -1,
      69, 27, 26, -1,
      69, 26, 70, -1,
      70, 26, 19, -1,
      70, 19, 71, -1,
      71, 19, 18, -1,
      71, 18, 72, -1,
      18, 15, 72, -1,
      72, 15, 5, -1,
      72, 5, 4, -1,
      4, 55, 73, -1,
      4, 73, 72, -1,
      72, 73, 74, -1,
      72, 74, 71, -1,
      71, 74, 75, -1,
      71, 75, 70, -1,
      70, 75, 76, -1,
      70, 76, 69, -1,
      69, 76, 77, -1,
      69, 77, 68, -1,
      68, 77, 78, -1,
      68, 78, 67, -1,
      67, 78, 79, -1,
      67, 79, 66, -1,
      66, 79, 80, -1,
      66, 80, 65, -1,
      65, 80, 81, -1,
      65, 81, 64, -1,
      64, 81, 82, -1,
      64, 82, 52, -1,
      52, 82, 83, -1,
      52, 83, 59, -1,
      6, 7, 14, -1,
      6, 14, 84, -1,
      84, 14, 11, -1,
      84, 11, 85, -1,
      85, 11, 10, -1,
      85, 10, 86, -1,
      86, 10, 23, -1,
      86, 23, 87, -1,
      87, 23, 24, -1,
      87, 24, 88, -1,
      88, 24, 89, -1,
      89, 24, 22, -1,
      89, 22, 90, -1,
      90, 22, 21, -1,
      90, 21, 91, -1,
      91, 21, 12, -1,
      91, 12, 92, -1,
      12, 13, 92, -1,
      92, 13, 8, -1,
      92, 8, 2, -1,
      93, 94, 95, -1,
      96, 97, 98, -1,
      99, 100, 101, -1,
      62, 102, 103, -1,
      104, 102, 62, -1,
      101, 100, 62, -1,
      105, 62, 100, -1,
      73, 106, 74, -1,
      74, 106, 107, -1,
      78, 77, 108, -1,
      108, 77, 76, -1,
      108, 76, 107, -1,
      107, 76, 75, -1,
      107, 75, 74, -1,
      78, 108, 79, -1,
      79, 108, 109, -1,
      79, 109, 80, -1,
      80, 109, 110, -1,
      80, 110, 81, -1,
      81, 110, 82, -1,
      82, 110, 111, -1,
      82, 111, 83, -1,
      83, 111, 112, -1,
      83, 112, 59, -1,
      113, 104, 62, -1,
      114, 115, 99, -1,
      99, 115, 116, -1,
      99, 116, 100, -1,
      100, 116, 117, -1,
      100, 117, 105, -1,
      118, 103, 119, -1,
      119, 103, 102, -1,
      119, 102, 120, -1,
      120, 102, 104, -1,
      120, 104, 121, -1,
      97, 114, 98, -1,
      98, 114, 99, -1,
      98, 99, 122, -1,
      122, 99, 101, -1,
      122, 101, 123, -1,
      123, 101, 62, -1,
      113, 124, 104, -1,
      104, 124, 125, -1,
      104, 125, 121, -1,
      121, 125, 126, -1,
      121, 126, 127, -1,
      128, 118, 129, -1,
      129, 118, 119, -1,
      129, 119, 130, -1,
      130, 119, 120, -1,
      130, 120, 131, -1,
      131, 120, 121, -1,
      131, 121, 132, -1,
      132, 121, 127, -1,
      95, 128, 133, -1,
      133, 128, 129, -1,
      133, 129, 134, -1,
      134, 129, 130, -1,
      134, 130, 135, -1,
      135, 130, 131, -1,
      135, 131, 136, -1,
      136, 131, 132, -1,
      136, 132, 137, -1,
      94, 96, 95, -1,
      95, 96, 98, -1,
      95, 98, 128, -1,
      128, 98, 122, -1,
      128, 122, 118, -1,
      118, 122, 123, -1,
      118, 123, 103, -1,
      103, 123, 62, -1,
      73, 55, 106, -1,
      106, 55, 138, -1,
      106, 138, 93, -1,
      127, 139, 132, -1,
      132, 139, 140, -1,
      132, 140, 137, -1,
      137, 140, 141, -1,
      137, 141, 142, -1,
      93, 95, 106, -1,
      106, 95, 133, -1,
      106, 133, 107, -1,
      107, 133, 134, -1,
      107, 134, 108, -1,
      108, 134, 135, -1,
      108, 135, 109, -1,
      109, 135, 136, -1,
      109, 136, 110, -1,
      110, 136, 137, -1,
      110, 137, 111, -1,
      111, 137, 142, -1,
      111, 142, 112, -1,
      30, 31, 32, -1,
      30, 32, 143, -1,
      143, 32, 35, -1,
      143, 35, 144, -1,
      144, 35, 34, -1,
      144, 34, 145, -1,
      145, 34, 47, -1,
      145, 47, 146, -1,
      146, 47, 48, -1,
      146, 48, 147, -1,
      147, 48, 148, -1,
      148, 48, 46, -1,
      148, 46, 149, -1,
      149, 46, 45, -1,
      149, 45, 150, -1,
      150, 45, 36, -1,
      150, 36, 151, -1,
      36, 38, 151, -1,
      151, 38, 33, -1,
      151, 33, 53, -1,
      2, 1, 152, -1,
      2, 152, 92, -1,
      92, 152, 153, -1,
      92, 153, 91, -1,
      91, 153, 154, -1,
      91, 154, 90, -1,
      90, 154, 155, -1,
      90, 155, 89, -1,
      89, 155, 156, -1,
      89, 156, 88, -1,
      88, 156, 157, -1,
      88, 157, 87, -1,
      87, 157, 158, -1,
      87, 158, 86, -1,
      86, 158, 159, -1,
      86, 159, 85, -1,
      85, 159, 160, -1,
      85, 160, 84, -1,
      84, 160, 161, -1,
      84, 161, 6, -1,
      6, 161, 162, -1,
      6, 162, 54, -1,
      55, 54, 138, -1,
      138, 54, 163, -1,
      138, 163, 93, -1,
      93, 163, 164, -1,
      93, 164, 94, -1,
      94, 164, 165, -1,
      94, 165, 96, -1,
      96, 165, 166, -1,
      96, 166, 97, -1,
      97, 166, 167, -1,
      97, 167, 114, -1,
      114, 167, 168, -1,
      114, 168, 115, -1,
      115, 168, 169, -1,
      115, 169, 116, -1,
      116, 169, 170, -1,
      116, 170, 117, -1,
      117, 170, 171, -1,
      117, 171, 105, -1,
      171, 172, 105, -1,
      105, 172, 63, -1,
      105, 63, 62, -1,
      58, 59, 173, -1,
      173, 59, 112, -1,
      173, 112, 174, -1,
      174, 112, 142, -1,
      174, 142, 175, -1,
      175, 142, 141, -1,
      175, 141, 176, -1,
      176, 141, 140, -1,
      176, 140, 177, -1,
      177, 140, 139, -1,
      177, 139, 178, -1,
      178, 139, 127, -1,
      178, 127, 179, -1,
      179, 127, 126, -1,
      179, 126, 180, -1,
      180, 126, 125, -1,
      180, 125, 181, -1,
      181, 125, 124, -1,
      181, 124, 182, -1,
      124, 113, 182, -1,
      182, 113, 62, -1,
      182, 62, 61, -1,
      58, 183, 53, -1,
      53, 183, 151, -1,
      151, 183, 150, -1,
      150, 183, 184, -1,
      150, 184, 149, -1,
      149, 184, 185, -1,
      149, 185, 148, -1,
      148, 185, 186, -1,
      148, 186, 147, -1,
      147, 186, 187, -1,
      147, 187, 146, -1,
      146, 187, 188, -1,
      146, 188, 145, -1,
      145, 188, 189, -1,
      145, 189, 144, -1,
      144, 189, 190, -1,
      144, 190, 143, -1,
      190, 191, 143, -1,
      143, 191, 56, -1,
      143, 56, 30, -1,
      192, 193, 194, -1,
      195, 196, 197, -1,
      198, 199, 200, -1,
      63, 201, 202, -1,
      203, 201, 63, -1,
      200, 199, 63, -1,
      204, 63, 199, -1,
      152, 205, 153, -1,
      153, 205, 206, -1,
      157, 156, 207, -1,
      207, 156, 155, -1,
      207, 155, 206, -1,
      206, 155, 154, -1,
      206, 154, 153, -1,
      157, 207, 158, -1,
      158, 207, 208, -1,
      158, 208, 159, -1,
      159, 208, 209, -1,
      159, 209, 160, -1,
      160, 209, 161, -1,
      161, 209, 210, -1,
      161, 210, 162, -1,
      162, 210, 163, -1,
      162, 163, 54, -1,
      172, 203, 63, -1,
      211, 212, 198, -1,
      198, 212, 213, -1,
      198, 213, 199, -1,
      199, 213, 214, -1,
      199, 214, 204, -1,
      215, 202, 216, -1,
      216, 202, 201, -1,
      216, 201, 217, -1,
      217, 201, 203, -1,
      217, 203, 218, -1,
      196, 211, 197, -1,
      197, 211, 198, -1,
      197, 198, 219, -1,
      219, 198, 200, -1,
      219, 200, 220, -1,
      220, 200, 63, -1,
      172, 171, 203, -1,
      203, 171, 170, -1,
      203, 170, 218, -1,
      218, 170, 169, -1,
      218, 169, 168, -1,
      221, 215, 222, -1,
      222, 215, 216, -1,
      222, 216, 223, -1,
      223, 216, 217, -1,
      223, 217, 224, -1,
      224, 217, 218, -1,
      224, 218, 225, -1,
      225, 218, 168, -1,
      194, 221, 226, -1,
      226, 221, 222, -1,
      226, 222, 227, -1,
      227, 222, 223, -1,
      227, 223, 228, -1,
      228, 223, 224, -1,
      228, 224, 229, -1,
      229, 224, 225, -1,
      229, 225, 230, -1,
      193, 195, 194, -1,
      194, 195, 197, -1,
      194, 197, 221, -1,
      221, 197, 219, -1,
      221, 219, 215, -1,
      215, 219, 220, -1,
      215, 220, 202, -1,
      202, 220, 63, -1,
      152, 1, 205, -1,
      205, 1, 231, -1,
      205, 231, 192, -1,
      168, 167, 225, -1,
      225, 167, 166, -1,
      225, 166, 230, -1,
      230, 166, 165, -1,
      230, 165, 164, -1,
      192, 194, 205, -1,
      205, 194, 226, -1,
      205, 226, 206, -1,
      206, 226, 227, -1,
      206, 227, 207, -1,
      207, 227, 228, -1,
      207, 228, 208, -1,
      208, 228, 229, -1,
      208, 229, 209, -1,
      209, 229, 230, -1,
      209, 230, 210, -1,
      210, 230, 164, -1,
      210, 164, 163, -1,
      176, 177, 232, -1,
      233, 234, 235, -1,
      61, 236, 237, -1,
      238, 236, 61, -1,
      235, 234, 61, -1,
      182, 61, 234, -1,
      239, 184, 183, -1,
      184, 239, 185, -1,
      185, 239, 240, -1,
      185, 240, 186, -1,
      186, 240, 241, -1,
      186, 241, 187, -1,
      187, 241, 242, -1,
      187, 242, 188, -1,
      188, 242, 189, -1,
      189, 242, 243, -1,
      189, 243, 190, -1,
      190, 243, 191, -1,
      191, 243, 244, -1,
      191, 244, 56, -1,
      245, 238, 61, -1,
      178, 179, 233, -1,
      233, 179, 180, -1,
      233, 180, 234, -1,
      234, 180, 181, -1,
      234, 181, 182, -1,
      246, 237, 247, -1,
      247, 237, 236, -1,
      247, 236, 248, -1,
      248, 236, 238, -1,
      248, 238, 249, -1,
      245, 250, 238, -1,
      238, 250, 251, -1,
      238, 251, 249, -1,
      249, 251, 252, -1,
      249, 252, 253, -1,
      232, 246, 254, -1,
      254, 246, 247, -1,
      254, 247, 255, -1,
      255, 247, 248, -1,
      255, 248, 256, -1,
      256, 248, 249, -1,
      256, 249, 257, -1,
      257, 249, 253, -1,
      174, 175, 258, -1,
      258, 175, 176, -1,
      176, 232, 258, -1,
      258, 232, 254, -1,
      258, 254, 259, -1,
      259, 254, 255, -1,
      259, 255, 260, -1,
      260, 255, 256, -1,
      260, 256, 261, -1,
      261, 256, 257, -1,
      261, 257, 262, -1,
      177, 178, 232, -1,
      232, 178, 233, -1,
      232, 233, 246, -1,
      246, 233, 235, -1,
      246, 235, 237, -1,
      237, 235, 61, -1,
      174, 239, 173, -1,
      173, 239, 183, -1,
      173, 183, 58, -1,
      253, 263, 257, -1,
      257, 263, 264, -1,
      257, 264, 262, -1,
      262, 264, 265, -1,
      262, 265, 266, -1,
      174, 258, 239, -1,
      239, 258, 259, -1,
      239, 259, 240, -1,
      240, 259, 260, -1,
      240, 260, 241, -1,
      241, 260, 261, -1,
      241, 261, 242, -1,
      242, 261, 262, -1,
      242, 262, 243, -1,
      243, 262, 266, -1,
      243, 266, 244, -1,
      1, 0, 231, -1,
      231, 0, 267, -1,
      231, 267, 192, -1,
      192, 267, 268, -1,
      192, 268, 193, -1,
      193, 268, 269, -1,
      193, 269, 195, -1,
      195, 269, 270, -1,
      195, 270, 196, -1,
      196, 270, 271, -1,
      196, 271, 211, -1,
      211, 271, 272, -1,
      211, 272, 212, -1,
      212, 272, 273, -1,
      212, 273, 213, -1,
      213, 273, 274, -1,
      213, 274, 214, -1,
      214, 274, 275, -1,
      214, 275, 204, -1,
      275, 276, 204, -1,
      204, 276, 60, -1,
      204, 60, 63, -1,
      57, 56, 277, -1,
      277, 56, 244, -1,
      277, 244, 278, -1,
      278, 244, 266, -1,
      278, 266, 279, -1,
      279, 266, 265, -1,
      279, 265, 280, -1,
      280, 265, 264, -1,
      280, 264, 281, -1,
      281, 264, 263, -1,
      281, 263, 282, -1,
      282, 263, 253, -1,
      282, 253, 283, -1,
      283, 253, 252, -1,
      283, 252, 284, -1,
      284, 252, 251, -1,
      284, 251, 285, -1,
      285, 251, 250, -1,
      285, 250, 286, -1,
      250, 245, 286, -1,
      286, 245, 61, -1,
      286, 61, 60, -1,
      280, 281, 287, -1,
      288, 289, 290, -1,
      60, 291, 292, -1,
      293, 291, 60, -1,
      290, 289, 60, -1,
      286, 60, 289, -1,
      294, 295, 296, -1,
      295, 294, 297, -1,
      297, 294, 298, -1,
      297, 298, 299, -1,
      299, 298, 300, -1,
      299, 300, 301, -1,
      301, 300, 302, -1,
      301, 302, 303, -1,
      303, 302, 304, -1,
      304, 302, 305, -1,
      304, 305, 306, -1,
      306, 305, 307, -1,
      307, 305, 267, -1,
      307, 267, 0, -1,
      276, 293, 60, -1,
      282, 283, 288, -1,
      288, 283, 284, -1,
      288, 284, 289, -1,
      289, 284, 285, -1,
      289, 285, 286, -1,
      308, 292, 309, -1,
      309, 292, 291, -1,
      309, 291, 310, -1,
      310, 291, 293, -1,
      310, 293, 311, -1,
      276, 275, 293, -1,
      293, 275, 274, -1,
      293, 274, 311, -1,
      311, 274, 273, -1,
      311, 273, 272, -1,
      287, 308, 312, -1,
      312, 308, 309, -1,
      312, 309, 313, -1,
      313, 309, 310, -1,
      313, 310, 314, -1,
      314, 310, 311, -1,
      314, 311, 315, -1,
      315, 311, 272, -1,
      278, 279, 316, -1,
      316, 279, 280, -1,
      280, 287, 316, -1,
      316, 287, 312, -1,
      316, 312, 317, -1,
      317, 312, 313, -1,
      317, 313, 318, -1,
      318, 313, 314, -1,
      318, 314, 319, -1,
      319, 314, 315, -1,
      319, 315, 320, -1,
      281, 282, 287, -1,
      287, 282, 288, -1,
      287, 288, 308, -1,
      308, 288, 290, -1,
      308, 290, 292, -1,
      292, 290, 60, -1,
      278, 294, 277, -1,
      277, 294, 296, -1,
      277, 296, 57, -1,
      272, 271, 315, -1,
      315, 271, 270, -1,
      315, 270, 320, -1,
      320, 270, 269, -1,
      320, 269, 268, -1,
      278, 316, 294, -1,
      294, 316, 317, -1,
      294, 317, 298, -1,
      298, 317, 318, -1,
      298, 318, 300, -1,
      300, 318, 319, -1,
      300, 319, 302, -1,
      302, 319, 320, -1,
      302, 320, 305, -1,
      305, 320, 268, -1,
      305, 268, 267, -1,
      57, 296, 28, -1,
      28, 296, 321, -1,
      321, 296, 322, -1,
      322, 296, 295, -1,
      322, 295, 323, -1,
      323, 295, 297, -1,
      323, 297, 324, -1,
      324, 297, 299, -1,
      324, 299, 325, -1,
      325, 299, 301, -1,
      325, 301, 326, -1,
      326, 301, 303, -1,
      326, 303, 327, -1,
      327, 303, 304, -1,
      327, 304, 328, -1,
      328, 304, 306, -1,
      328, 306, 329, -1,
      306, 307, 329, -1,
      329, 307, 0, -1,
      329, 0, 3, -1,
      3, 37, 41, -1,
      3, 41, 329, -1,
      329, 41, 40, -1,
      329, 40, 328, -1,
      328, 40, 44, -1,
      328, 44, 327, -1,
      327, 44, 49, -1,
      327, 49, 326, -1,
      326, 49, 51, -1,
      326, 51, 325, -1,
      325, 51, 324, -1,
      324, 51, 50, -1,
      324, 50, 323, -1,
      323, 50, 43, -1,
      323, 43, 322, -1,
      322, 43, 42, -1,
      322, 42, 321, -1,
      42, 39, 321, -1,
      321, 39, 29, -1,
      321, 29, 28, -1,
    ]
  }
}

Shape {
  appearance Appearance {
    material Material {
      diffuseColor 1.0000 1.0000 1.0000
      specularColor 0.7020 0.7020 0.7020
      ambientIntensity 0.2
      transparency 0.0000
      shininess 0.5
    }
  }
  geometry IndexedFaceSet {
    ccw TRUE
    solid FALSE
    coord DEF co Coordinate {
      point [
        -0.101946 0.661502 0.289780,
        -0.103653 0.661468 0.289976,
        -0.128639 0.661648 0.288952,
        -0.125174 0.661468 0.289976,
        -0.037548 0.661468 0.289976,
        -0.037047 0.673724 0.220466,
        -0.068935 0.673764 0.220243,
        -0.068870 0.675349 0.211254,
        -0.026646 0.675297 0.211548,
        -0.132648 0.661857 0.287769,
        -0.132571 0.663733 0.277126,
        -0.132187 0.673131 0.223833,
        -0.132117 0.674851 0.214078,
        -0.130746 0.674967 0.213417,
        -0.115279 0.674016 0.218812,
        -0.124337 0.673732 0.220420,
        -0.128639 0.663444 0.278771,
        -0.128639 0.673403 0.222291,
        -0.131683 0.663649 0.277606,
        -0.092475 0.672810 0.225651,
        -0.097665 0.673461 0.221959,
        -0.123583 0.663102 0.280706,
        -0.090833 0.664598 0.272226,
        -0.087047 0.665581 0.266651,
        -0.084443 0.666813 0.259660,
        -0.113734 0.662886 0.281934,
        -0.110659 0.662903 0.281835,
        -0.091853 0.664402 0.273339,
        -0.103680 0.663127 0.280569,
        -0.097360 0.663624 0.277747,
        -0.083270 0.668570 0.249694,
        -0.083337 0.669087 0.246768,
        -0.084565 0.670479 0.238872,
        -0.103340 0.673854 0.219732,
        -0.111477 0.674036 0.218696,
        -0.087109 0.671603 0.232498,
        -0.090967 0.672547 0.227144,
        -0.113999 0.661265 0.291123,
        -0.124424 0.661429 0.290197,
        -0.074474 0.666128 0.263547,
        -0.075444 0.665741 0.265740,
        -0.078337 0.664588 0.272282,
        -0.084203 0.663276 0.279722,
        -0.086067 0.662970 0.281456,
        -0.093581 0.662061 0.286609,
        -0.072587 0.667941 0.253263,
        -0.072418 0.668664 0.249165,
        -0.073641 0.670740 0.237389,
        -0.075444 0.671630 0.232341,
        -0.105111 0.675589 0.209893,
        -0.096442 0.675269 0.211708,
        -0.088908 0.674641 0.215266,
        -0.082487 0.673702 0.220592,
        -0.081233 0.673455 0.221996,
        -0.076671 0.672236 0.228906,
        -0.128639 0.675084 0.212752,
        -0.122130 0.675446 0.210700,
        -0.112444 0.675595 0.209857,
        -0.109918 0.675634 0.209637,
        -0.105785 0.675595 0.209857,
        -0.187409 0.667640 0.254973,
        -0.187344 0.669232 0.245943,
        -0.189928 0.661593 0.289263,
        -0.189863 0.663193 0.280193,
        -0.179442 0.669222 0.245998,
        -0.158711 0.669197 0.246143,
        -0.179442 0.673900 0.219472,
        -0.158520 0.673874 0.219618,
        -0.179442 0.663180 0.280266,
        -0.179442 0.667630 0.255029,
        -0.158957 0.663155 0.280409,
        -0.158776 0.667604 0.255173,
        -0.191247 0.673914 0.219389,
        -0.191182 0.675499 0.210399,
        -0.179442 0.675485 0.210481,
        -0.148119 0.675446 0.210700,
        -0.037550 0.661406 0.290328,
        -0.027214 0.661393 0.290400,
        -0.027211 0.661468 0.289976,
        -0.113698 0.661265 0.291126,
        -0.148687 0.661543 0.289551,
        -0.179442 0.661581 0.289337,
        -0.228330 0.675545 0.210140,
        -0.206307 0.675518 0.210294,
        -0.269517 0.670972 0.236073,
        -0.265525 0.672406 0.227940,
        -0.271515 0.669346 0.245299,
        -0.267543 0.665196 0.268835,
        -0.270483 0.666520 0.261326,
        -0.271786 0.668469 0.250272,
        -0.259499 0.673636 0.220969,
        -0.251039 0.674672 0.215093,
        -0.241874 0.675277 0.211659,
        -0.206875 0.661615 0.289145,
        -0.229717 0.661643 0.288985,
        -0.241918 0.661891 0.287574,
        -0.251558 0.662516 0.284033,
        -0.259912 0.663521 0.278333,
        -0.262607 0.663983 0.275712,
        -0.068935 0.674151 0.220312,
        -0.068870 0.675736 0.211322,
        -0.037047 0.674112 0.220535,
        -0.037550 0.661794 0.290396,
        -0.027214 0.661781 0.290468,
        -0.026646 0.675684 0.211617,
        -0.132117 0.675239 0.214146,
        -0.130746 0.675355 0.213485,
        -0.109918 0.676022 0.209705,
        -0.122130 0.675834 0.210769,
        -0.132187 0.673519 0.223901,
        -0.124337 0.674120 0.220488,
        -0.115279 0.674404 0.218880,
        -0.111477 0.674424 0.218765,
        -0.103340 0.674241 0.219801,
        -0.097665 0.673849 0.222027,
        -0.092475 0.673198 0.225720,
        -0.090967 0.672935 0.227213,
        -0.087109 0.671991 0.232567,
        -0.084565 0.670867 0.238941,
        -0.083337 0.669474 0.246837,
        -0.083270 0.668958 0.249762,
        -0.084443 0.667201 0.259728,
        -0.087047 0.665969 0.266719,
        -0.090833 0.664985 0.272295,
        -0.091853 0.664789 0.273407,
        -0.097360 0.664012 0.277815,
        -0.103680 0.663515 0.280637,
        -0.110659 0.663291 0.281904,
        -0.113734 0.663274 0.282002,
        -0.132571 0.664121 0.277194,
        -0.131683 0.664037 0.277674,
        -0.123583 0.663490 0.280775,
        -0.132648 0.662245 0.287837,
        -0.124424 0.661817 0.290265,
        -0.113999 0.661653 0.291192,
        -0.113698 0.661653 0.291194,
        -0.101946 0.661890 0.289848,
        -0.093581 0.662449 0.286677,
        -0.086067 0.663358 0.281524,
        -0.084203 0.663664 0.279790,
        -0.078337 0.664976 0.272350,
        -0.074474 0.666516 0.263616,
        -0.072587 0.668329 0.253331,
        -0.072418 0.669052 0.249233,
        -0.073641 0.671128 0.237457,
        -0.076671 0.672624 0.228974,
        -0.081233 0.673843 0.222064,
        -0.082487 0.674090 0.220661,
        -0.105111 0.675976 0.209961,
        -0.096442 0.675656 0.211777,
        -0.088908 0.675029 0.215334,
        -0.191247 0.674302 0.219457,
        -0.191182 0.675887 0.210468,
        -0.158520 0.674262 0.219686,
        -0.158711 0.669585 0.246211,
        -0.187344 0.669620 0.246011,
        -0.187409 0.668028 0.255042,
        -0.158776 0.667992 0.255242,
        -0.158957 0.663543 0.280477,
        -0.189863 0.663581 0.280261,
        -0.189928 0.661981 0.289331,
        -0.148687 0.661930 0.289620,
        -0.148119 0.675834 0.210769,
        -0.256213 0.672074 0.232093,
        -0.252196 0.672927 0.227256,
        -0.259499 0.674024 0.221037,
        -0.250704 0.673159 0.225942,
        -0.251039 0.675059 0.215162,
        -0.245374 0.673755 0.222561,
        -0.241874 0.675665 0.211727,
        -0.238506 0.674170 0.220204,
        -0.228330 0.675933 0.210208,
        -0.228333 0.674348 0.219198,
        -0.206307 0.675906 0.210362,
        -0.216708 0.674333 0.219280,
        -0.206875 0.662002 0.289213,
        -0.217146 0.663614 0.280071,
        -0.229717 0.662030 0.289054,
        -0.229242 0.663629 0.279986,
        -0.241918 0.662279 0.287642,
        -0.239558 0.663840 0.278790,
        -0.251558 0.662904 0.284101,
        -0.246483 0.664284 0.276272,
        -0.259912 0.663909 0.278401,
        -0.252296 0.664965 0.272407,
        -0.262607 0.664371 0.275780,
        -0.254913 0.665432 0.269760,
        -0.267543 0.665583 0.268904,
        -0.257884 0.666237 0.265199,
        -0.270483 0.666907 0.261395,
        -0.259996 0.667293 0.259211,
        -0.271786 0.668856 0.250340,
        -0.260916 0.668893 0.250134,
        -0.271515 0.669733 0.245368,
        -0.260615 0.669773 0.245142,
        -0.269517 0.671360 0.236142,
        -0.259010 0.671045 0.237929,
        -0.265525 0.672794 0.228008,
        -0.229242 0.663241 0.279918,
        -0.217146 0.663226 0.280002,
        -0.216708 0.673946 0.219211,
        -0.228333 0.673960 0.219130,
        -0.252196 0.672539 0.227187,
        -0.250704 0.672771 0.225874,
        -0.245374 0.673367 0.222492,
        -0.238506 0.673783 0.220136,
        -0.260916 0.668505 0.250065,
        -0.260615 0.669385 0.245074,
        -0.259010 0.670657 0.237861,
        -0.256213 0.671686 0.232024,
        -0.252296 0.664578 0.272339,
        -0.254913 0.665044 0.269692,
        -0.257884 0.665849 0.265131,
        -0.259996 0.666905 0.259143,
        -0.239558 0.663452 0.278722,
        -0.246483 0.663896 0.276203,
      ]
    }
    coordIndex [
      99, 100, 6, -1,
      6, 100, 7, -1,
      101, 99, 5, -1,
      5, 99, 6, -1,
      101, 5, 102, -1,
      102, 5, 4, -1,
      102, 4, 76, -1,
      103, 102, 77, -1,
      77, 102, 76, -1,
      8, 104, 78, -1,
      78, 104, 103, -1,
      78, 103, 77, -1,
      100, 104, 7, -1,
      7, 104, 8, -1,
      102, 103, 101, -1,
      101, 103, 104, -1,
      101, 104, 99, -1,
      99, 104, 100, -1,
      12, 105, 106, -1,
      107, 58, 57, -1,
      107, 57, 108, -1,
      57, 56, 108, -1,
      108, 56, 55, -1,
      108, 55, 106, -1,
      106, 55, 13, -1,
      106, 13, 12, -1,
      109, 105, 11, -1,
      11, 105, 12, -1,
      109, 11, 17, -1,
      109, 17, 110, -1,
      17, 15, 110, -1,
      110, 15, 14, -1,
      110, 14, 111, -1,
      111, 14, 34, -1,
      111, 34, 112, -1,
      112, 34, 33, -1,
      112, 33, 113, -1,
      113, 33, 20, -1,
      113, 20, 114, -1,
      114, 20, 19, -1,
      114, 19, 115, -1,
      115, 19, 36, -1,
      115, 36, 116, -1,
      116, 36, 35, -1,
      116, 35, 117, -1,
      117, 35, 32, -1,
      117, 32, 118, -1,
      118, 32, 31, -1,
      118, 31, 119, -1,
      119, 31, 30, -1,
      119, 30, 120, -1,
      120, 30, 24, -1,
      120, 24, 121, -1,
      121, 24, 23, -1,
      121, 23, 122, -1,
      122, 23, 22, -1,
      122, 22, 123, -1,
      123, 22, 27, -1,
      123, 27, 124, -1,
      124, 27, 29, -1,
      124, 29, 125, -1,
      125, 29, 28, -1,
      125, 28, 126, -1,
      126, 28, 26, -1,
      126, 26, 127, -1,
      127, 26, 25, -1,
      127, 25, 128, -1,
      10, 129, 130, -1,
      128, 25, 21, -1,
      128, 21, 131, -1,
      131, 21, 16, -1,
      131, 16, 130, -1,
      130, 16, 18, -1,
      130, 18, 10, -1,
      132, 129, 9, -1,
      9, 129, 10, -1,
      3, 133, 2, -1,
      2, 133, 132, -1,
      2, 132, 9, -1,
      3, 38, 133, -1,
      133, 38, 37, -1,
      133, 37, 134, -1,
      134, 37, 79, -1,
      134, 79, 135, -1,
      136, 135, 1, -1,
      1, 135, 79, -1,
      1, 0, 136, -1,
      136, 0, 44, -1,
      136, 44, 137, -1,
      137, 44, 43, -1,
      137, 43, 138, -1,
      138, 43, 42, -1,
      138, 42, 139, -1,
      139, 42, 41, -1,
      139, 41, 140, -1,
      140, 41, 40, -1,
      140, 40, 141, -1,
      40, 39, 141, -1,
      141, 39, 45, -1,
      141, 45, 142, -1,
      142, 45, 46, -1,
      142, 46, 143, -1,
      143, 46, 47, -1,
      143, 47, 144, -1,
      144, 47, 48, -1,
      144, 48, 145, -1,
      48, 54, 145, -1,
      145, 54, 53, -1,
      145, 53, 146, -1,
      146, 53, 52, -1,
      146, 52, 147, -1,
      58, 107, 59, -1,
      59, 107, 148, -1,
      59, 148, 49, -1,
      49, 148, 149, -1,
      49, 149, 50, -1,
      50, 149, 150, -1,
      50, 150, 51, -1,
      51, 150, 147, -1,
      51, 147, 52, -1,
      130, 129, 132, -1,
      121, 122, 140, -1,
      130, 132, 131, -1,
      131, 132, 133, -1,
      131, 133, 128, -1,
      128, 133, 134, -1,
      128, 134, 127, -1,
      127, 134, 135, -1,
      127, 135, 126, -1,
      126, 135, 136, -1,
      126, 136, 125, -1,
      105, 109, 106, -1,
      106, 109, 110, -1,
      106, 110, 108, -1,
      108, 110, 111, -1,
      108, 111, 107, -1,
      107, 111, 112, -1,
      107, 112, 148, -1,
      148, 112, 113, -1,
      148, 113, 149, -1,
      149, 113, 114, -1,
      149, 114, 150, -1,
      150, 114, 115, -1,
      150, 115, 147, -1,
      147, 115, 116, -1,
      147, 116, 146, -1,
      146, 116, 117, -1,
      146, 117, 145, -1,
      140, 122, 139, -1,
      136, 137, 125, -1,
      125, 137, 138, -1,
      125, 138, 124, -1,
      124, 138, 139, -1,
      124, 139, 123, -1,
      123, 139, 122, -1,
      143, 120, 142, -1,
      142, 120, 121, -1,
      142, 121, 141, -1,
      141, 121, 140, -1,
      145, 117, 144, -1,
      144, 117, 118, -1,
      144, 118, 143, -1,
      143, 118, 119, -1,
      143, 119, 120, -1,
      151, 152, 72, -1,
      72, 152, 73, -1,
      67, 153, 66, -1,
      66, 153, 151, -1,
      66, 151, 72, -1,
      154, 153, 65, -1,
      65, 153, 67, -1,
      61, 155, 64, -1,
      64, 155, 154, -1,
      64, 154, 65, -1,
      156, 155, 60, -1,
      60, 155, 61, -1,
      71, 157, 69, -1,
      69, 157, 156, -1,
      69, 156, 60, -1,
      158, 157, 70, -1,
      70, 157, 71, -1,
      63, 159, 68, -1,
      68, 159, 158, -1,
      68, 158, 70, -1,
      160, 159, 62, -1,
      62, 159, 63, -1,
      80, 161, 81, -1,
      81, 161, 160, -1,
      81, 160, 62, -1,
      162, 161, 75, -1,
      75, 161, 80, -1,
      73, 152, 74, -1,
      74, 152, 162, -1,
      74, 162, 75, -1,
      162, 152, 151, -1,
      151, 153, 162, -1,
      162, 153, 154, -1,
      162, 154, 161, -1,
      159, 160, 158, -1,
      158, 160, 161, -1,
      158, 161, 157, -1,
      157, 161, 154, -1,
      157, 154, 156, -1,
      156, 154, 155, -1,
      163, 164, 165, -1,
      165, 164, 166, -1,
      165, 166, 167, -1,
      167, 166, 168, -1,
      167, 168, 169, -1,
      169, 168, 170, -1,
      169, 170, 171, -1,
      171, 170, 172, -1,
      171, 172, 173, -1,
      173, 172, 174, -1,
      173, 174, 175, -1,
      175, 174, 176, -1,
      175, 176, 177, -1,
      177, 176, 178, -1,
      177, 178, 179, -1,
      179, 178, 180, -1,
      179, 180, 181, -1,
      181, 180, 182, -1,
      181, 182, 183, -1,
      183, 182, 184, -1,
      183, 184, 185, -1,
      185, 184, 186, -1,
      185, 186, 187, -1,
      187, 186, 188, -1,
      187, 188, 189, -1,
      189, 188, 190, -1,
      189, 190, 191, -1,
      191, 190, 192, -1,
      191, 192, 193, -1,
      193, 192, 194, -1,
      193, 194, 195, -1,
      195, 194, 196, -1,
      195, 196, 197, -1,
      197, 196, 163, -1,
      197, 163, 165, -1,
      171, 173, 82, -1,
      82, 173, 83, -1,
      171, 82, 92, -1,
      171, 92, 169, -1,
      169, 92, 91, -1,
      169, 91, 167, -1,
      167, 91, 90, -1,
      167, 90, 165, -1,
      165, 90, 85, -1,
      165, 85, 197, -1,
      197, 85, 84, -1,
      197, 84, 195, -1,
      195, 84, 86, -1,
      195, 86, 193, -1,
      193, 86, 89, -1,
      193, 89, 191, -1,
      191, 89, 88, -1,
      191, 88, 189, -1,
      189, 88, 87, -1,
      189, 87, 187, -1,
      187, 87, 98, -1,
      187, 98, 185, -1,
      185, 98, 97, -1,
      185, 97, 183, -1,
      183, 97, 96, -1,
      183, 96, 181, -1,
      181, 96, 95, -1,
      181, 95, 179, -1,
      179, 95, 94, -1,
      179, 94, 177, -1,
      175, 177, 93, -1,
      93, 177, 94, -1,
      173, 175, 83, -1,
      83, 175, 93, -1,
      178, 176, 198, -1,
      198, 176, 199, -1,
      176, 174, 199, -1,
      199, 174, 200, -1,
      174, 172, 200, -1,
      200, 172, 201, -1,
      164, 202, 203, -1,
      164, 203, 166, -1,
      166, 203, 204, -1,
      166, 204, 168, -1,
      168, 204, 205, -1,
      168, 205, 170, -1,
      170, 205, 201, -1,
      170, 201, 172, -1,
      192, 206, 207, -1,
      192, 207, 194, -1,
      194, 207, 208, -1,
      194, 208, 196, -1,
      196, 208, 209, -1,
      196, 209, 163, -1,
      163, 209, 202, -1,
      163, 202, 164, -1,
      184, 210, 211, -1,
      184, 211, 186, -1,
      186, 211, 212, -1,
      186, 212, 188, -1,
      188, 212, 213, -1,
      188, 213, 190, -1,
      190, 213, 206, -1,
      190, 206, 192, -1,
      178, 198, 214, -1,
      178, 214, 180, -1,
      180, 214, 215, -1,
      180, 215, 182, -1,
      182, 215, 210, -1,
      182, 210, 184, -1,
    ]
  }
}

Shape {
  appearance Appearance {
    material Material {
      diffuseColor 0.2510 0.2510 0.2510
      specularColor 0.1255 0.1255 0.1255
      ambientIntensity 0.2
      transparency 0.0000
      shininess 0.5
    }
  }
  geometry IndexedFaceSet {
    ccw TRUE
    solid FALSE
    coord DEF co Coordinate {
      point [
        -0.229242 0.663241 0.279918,
        -0.217146 0.663226 0.280002,
        -0.216708 0.673946 0.219211,
        -0.228333 0.673960 0.219130,
        -0.252196 0.672539 0.227187,
        -0.250704 0.672771 0.225874,
        -0.245374 0.673367 0.222492,
        -0.238506 0.673783 0.220136,
        -0.260916 0.668505 0.250065,
        -0.260615 0.669385 0.245074,
        -0.259010 0.670657 0.237861,
        -0.256213 0.671686 0.232024,
        -0.252296 0.664578 0.272339,
        -0.254913 0.665044 0.269692,
        -0.257884 0.665849 0.265131,
        -0.259996 0.666905 0.259143,
        -0.239558 0.663452 0.278722,
        -0.246483 0.663896 0.276203,
      ]
    }
    coordIndex [
      1, 2, 0, -1,
      0, 2, 3, -1,
      0, 3, 7, -1,
      7, 6, 0, -1,
      0, 6, 5, -1,
      0, 5, 4, -1,
      4, 11, 0, -1,
      0, 11, 10, -1,
      0, 10, 9, -1,
      9, 8, 0, -1,
      0, 8, 15, -1,
      0, 15, 14, -1,
      14, 13, 0, -1,
      0, 13, 12, -1,
      0, 12, 16, -1,
      16, 12, 17, -1,
    ]
  }
}

Shape {
  appearance Appearance {
    material Material {
      diffuseColor 1.0000 1.0000 1.0000
      specularColor 0.7020 0.7020 0.7020
      ambientIntensity 0.2
      transparency 0.0000
      shininess 0.5
    }
  }
  geometry IndexedFaceSet {
    ccw TRUE
    solid FALSE
    coord DEF co Coordinate {
      point [
        -0.307000 0.661738 0.288446,
        -0.318053 0.661751 0.288369,
        -0.275956 0.675595 0.209857,
        -0.298145 0.665691 0.266027,
        -0.287404 0.675595 0.209857,
        -0.287357 0.675618 0.209728,
        -0.275937 0.675604 0.209807,
        -0.298145 0.671828 0.231220,
        -0.295208 0.671824 0.231241,
        -0.347981 0.675693 0.209304,
        -0.347772 0.675595 0.209857,
        -0.328549 0.671865 0.231008,
        -0.336385 0.675595 0.209857,
        -0.336560 0.675678 0.209384,
        -0.298547 0.670645 0.240196,
        -0.310756 0.664881 0.272886,
        -0.307000 0.662126 0.288514,
        -0.275937 0.675991 0.209876,
        -0.287357 0.676006 0.209796,
        -0.295208 0.672212 0.231309,
        -0.311467 0.664467 0.275234,
        -0.312106 0.663909 0.278400,
        -0.318053 0.662139 0.288437,
        -0.312352 0.663909 0.278398,
        -0.312975 0.664498 0.275057,
        -0.313560 0.664885 0.272867,
        -0.325420 0.670678 0.240008,
        -0.347981 0.676080 0.209372,
        -0.336560 0.676066 0.209452,
        -0.328549 0.672253 0.231076,
        -0.298547 0.670257 0.240127,
        -0.325420 0.670291 0.239939,
        -0.313560 0.664497 0.272798,
        -0.312352 0.663521 0.278330,
        -0.312975 0.664110 0.274989,
        -0.312106 0.663521 0.278331,
        -0.310756 0.664493 0.272818,
        -0.311467 0.664079 0.275166,
      ]
    }
    coordIndex [
      14, 15, 16, -1,
      17, 18, 19, -1,
      15, 20, 16, -1,
      16, 20, 21, -1,
      16, 21, 22, -1,
      22, 21, 23, -1,
      22, 23, 24, -1,
      24, 25, 22, -1,
      22, 25, 26, -1,
      22, 26, 27, -1,
      28, 27, 29, -1,
      29, 27, 26, -1,
      29, 26, 19, -1,
      19, 26, 14, -1,
      19, 14, 17, -1,
      17, 14, 16, -1,
      1, 22, 10, -1,
      10, 22, 27, -1,
      10, 27, 9, -1,
      16, 22, 0, -1,
      0, 22, 1, -1,
      2, 6, 17, -1,
      2, 17, 3, -1,
      3, 17, 16, -1,
      3, 16, 0, -1,
      18, 17, 5, -1,
      5, 17, 6, -1,
      8, 19, 4, -1,
      4, 19, 18, -1,
      4, 18, 5, -1,
      11, 29, 7, -1,
      7, 29, 19, -1,
      7, 19, 8, -1,
      29, 11, 28, -1,
      28, 11, 12, -1,
      28, 12, 13, -1,
      27, 28, 9, -1,
      9, 28, 13, -1,
      14, 26, 30, -1,
      30, 26, 31, -1,
      26, 25, 31, -1,
      31, 25, 32, -1,
      23, 33, 34, -1,
      23, 34, 24, -1,
      24, 34, 32, -1,
      24, 32, 25, -1,
      23, 21, 33, -1,
      33, 21, 35, -1,
      15, 36, 37, -1,
      15, 37, 20, -1,
      20, 37, 35, -1,
      20, 35, 21, -1,
      15, 14, 36, -1,
      36, 14, 30, -1,
    ]
  }
}

Shape {
  appearance Appearance {
    material Material {
      diffuseColor 0.2510 0.2510 0.2510
      specularColor 0.1255 0.1255 0.1255
      ambientIntensity 0.2
      transparency 0.0000
      shininess 0.5
    }
  }
  geometry IndexedFaceSet {
    ccw TRUE
    solid FALSE
    coord DEF co Coordinate {
      point [
        -0.298547 0.670257 0.240127,
        -0.325420 0.670291 0.239939,
        -0.313560 0.664497 0.272798,
        -0.312352 0.663521 0.278330,
        -0.312975 0.664110 0.274989,
        -0.312106 0.663521 0.278331,
        -0.310756 0.664493 0.272818,
        -0.311467 0.664079 0.275166,
      ]
    }
    coordIndex [
      3, 5, 4, -1,
      4, 5, 7, -1,
      4, 7, 2, -1,
      2, 7, 6, -1,
      2, 6, 1, -1,
      1, 6, 0, -1,
    ]
  }
}

Shape {
  appearance Appearance {
    material Material {
      diffuseColor 1.0000 1.0000 1.0000
      specularColor 0.7020 0.7020 0.7020
      ambientIntensity 0.2
      transparency 0.0000
      shininess 0.5
    }
  }
  geometry IndexedFaceSet {
    ccw TRUE
    solid FALSE
    coord DEF co Coordinate {
      point [
        -0.102118 0.697565 0.085259,
        -0.096532 0.697675 0.084634,
        -0.114328 0.697463 0.085841,
        -0.067555 0.683500 0.165022,
        -0.067489 0.685100 0.155952,
        -0.036337 0.691104 0.121902,
        -0.036146 0.695781 0.095377,
        -0.064971 0.691139 0.121702,
        -0.068873 0.695821 0.095148,
        -0.065036 0.689547 0.130732,
        -0.026313 0.683450 0.165310,
        -0.025746 0.697354 0.086459,
        -0.036584 0.685062 0.156168,
        -0.036402 0.689511 0.130932,
        -0.068809 0.697406 0.086158,
        -0.082645 0.692691 0.112904,
        -0.084303 0.689883 0.128824,
        -0.080622 0.693187 0.110089,
        -0.079222 0.693799 0.106615,
        -0.117621 0.687950 0.139789,
        -0.120287 0.688395 0.137265,
        -0.104099 0.687292 0.143521,
        -0.110052 0.687391 0.142959,
        -0.114291 0.687617 0.141676,
        -0.089906 0.697516 0.085536,
        -0.086182 0.697240 0.087100,
        -0.080320 0.696193 0.093039,
        -0.079069 0.695616 0.096313,
        -0.093789 0.687500 0.142343,
        -0.086332 0.687997 0.139523,
        -0.084372 0.688192 0.138418,
        -0.114390 0.695927 0.094548,
        -0.114124 0.695927 0.094550,
        -0.111732 0.696514 0.091219,
        -0.085737 0.692231 0.115506,
        -0.090026 0.691857 0.117632,
        -0.091334 0.689130 0.133094,
        -0.097622 0.691542 0.119418,
        -0.097633 0.688788 0.135035,
        -0.122324 0.688957 0.134076,
        -0.123872 0.689746 0.129604,
        -0.124617 0.691085 0.122011,
        -0.108436 0.697051 0.088172,
        -0.106126 0.697302 0.086752,
        -0.124356 0.697475 0.085770,
        -0.083342 0.696877 0.089161,
        -0.082430 0.696717 0.090066,
        -0.114585 0.691150 0.121638,
        -0.114307 0.690422 0.125767,
        -0.113317 0.689783 0.129390,
        -0.112171 0.689417 0.131466,
        -0.110687 0.689131 0.133089,
        -0.108940 0.688926 0.134252,
        -0.106665 0.688778 0.135091,
        -0.103100 0.688705 0.135506,
        -0.094512 0.697660 0.084718,
        -0.078516 0.694760 0.101168,
        -0.078552 0.694550 0.102356,
        -0.068873 0.696209 0.095217,
        -0.068809 0.697794 0.086227,
        -0.036146 0.696169 0.095445,
        -0.036337 0.691491 0.121970,
        -0.064971 0.691527 0.121770,
        -0.065036 0.689935 0.130800,
        -0.036402 0.689899 0.131000,
        -0.036584 0.685450 0.156236,
        -0.067489 0.685488 0.156020,
        -0.067555 0.683888 0.165091,
        -0.026313 0.683837 0.165379,
        -0.025746 0.697741 0.086528,
        -0.114328 0.697850 0.085909,
        -0.124356 0.697863 0.085839,
        -0.114390 0.696315 0.094616,
        -0.124617 0.691472 0.122080,
        -0.114585 0.691538 0.121706,
        -0.092767 0.693585 0.110095,
        -0.095182 0.693393 0.111189,
        -0.114124 0.696315 0.094618,
        -0.108773 0.696063 0.096045,
        -0.111732 0.696902 0.091287,
        -0.105909 0.696388 0.094199,
        -0.101133 0.693163 0.112487,
        -0.114531 0.692867 0.114168,
        -0.114492 0.693820 0.108766,
        -0.114450 0.694031 0.107565,
        -0.113762 0.694735 0.103578,
        -0.112237 0.695351 0.100081,
        -0.110111 0.695840 0.097307,
        -0.114307 0.690810 0.125836,
        -0.123872 0.690133 0.129672,
        -0.113317 0.690171 0.129458,
        -0.122324 0.689345 0.134145,
        -0.112171 0.689805 0.131534,
        -0.120287 0.688783 0.137333,
        -0.110687 0.689519 0.133157,
        -0.117621 0.688337 0.139857,
        -0.108940 0.689314 0.134321,
        -0.114291 0.688005 0.141744,
        -0.106665 0.689166 0.135159,
        -0.110052 0.687779 0.143028,
        -0.103100 0.689093 0.135574,
        -0.104099 0.687680 0.143590,
        -0.097633 0.689176 0.135103,
        -0.093789 0.687887 0.142412,
        -0.091334 0.689518 0.133163,
        -0.086332 0.688385 0.139591,
        -0.084303 0.690271 0.128892,
        -0.084372 0.688579 0.138487,
        -0.090707 0.696030 0.096230,
        -0.083342 0.697265 0.089230,
        -0.091553 0.696180 0.095380,
        -0.086182 0.697628 0.087169,
        -0.093542 0.696420 0.094022,
        -0.089906 0.697904 0.085605,
        -0.095805 0.696567 0.093187,
        -0.094512 0.698048 0.084786,
        -0.099190 0.696637 0.092787,
        -0.096532 0.698063 0.084703,
        -0.102118 0.697953 0.085327,
        -0.102844 0.696573 0.093152,
        -0.106126 0.697689 0.086820,
        -0.108436 0.697439 0.088240,
        -0.088791 0.694741 0.103539,
        -0.078552 0.694938 0.102424,
        -0.088694 0.695018 0.101972,
        -0.078516 0.695148 0.101237,
        -0.088933 0.695418 0.099701,
        -0.079069 0.696004 0.096381,
        -0.089580 0.695735 0.097902,
        -0.080320 0.696581 0.093107,
        -0.082430 0.697105 0.090134,
        -0.097622 0.691930 0.119487,
        -0.090026 0.692244 0.117700,
        -0.091406 0.693763 0.109089,
        -0.085737 0.692619 0.115574,
        -0.090195 0.694020 0.107633,
        -0.082645 0.693078 0.112972,
        -0.089302 0.694343 0.105797,
        -0.080622 0.693574 0.110157,
        -0.079222 0.694187 0.106683,
        -0.091406 0.693375 0.109020,
        -0.092767 0.693198 0.110027,
        -0.095182 0.693005 0.111120,
        -0.101133 0.692776 0.112419,
        -0.088694 0.694630 0.101903,
        -0.088791 0.694354 0.103470,
        -0.089302 0.693956 0.105729,
        -0.090195 0.693632 0.107565,
        -0.091553 0.695793 0.095312,
        -0.090707 0.695643 0.096161,
        -0.089580 0.695348 0.097834,
        -0.088933 0.695031 0.099633,
        -0.099190 0.696250 0.092719,
        -0.095805 0.696179 0.093119,
        -0.093542 0.696032 0.093954,
        -0.110111 0.695453 0.097239,
        -0.108773 0.695675 0.095976,
        -0.105909 0.696000 0.094131,
        -0.102844 0.696185 0.093083,
        -0.114492 0.693432 0.108698,
        -0.114450 0.693644 0.107497,
        -0.113762 0.694347 0.103510,
        -0.112237 0.694963 0.100013,
        -0.114531 0.692480 0.114100,
      ]
    }
    coordIndex [
      58, 59, 8, -1,
      8, 59, 14, -1,
      60, 58, 6, -1,
      6, 58, 8, -1,
      61, 60, 5, -1,
      5, 60, 6, -1,
      62, 61, 7, -1,
      7, 61, 5, -1,
      63, 62, 9, -1,
      9, 62, 7, -1,
      64, 63, 13, -1,
      13, 63, 9, -1,
      65, 64, 12, -1,
      12, 64, 13, -1,
      66, 65, 4, -1,
      4, 65, 12, -1,
      67, 66, 3, -1,
      3, 66, 4, -1,
      68, 67, 10, -1,
      10, 67, 3, -1,
      69, 68, 11, -1,
      11, 68, 10, -1,
      59, 69, 14, -1,
      14, 69, 11, -1,
      69, 59, 58, -1,
      58, 60, 69, -1,
      69, 60, 61, -1,
      69, 61, 68, -1,
      66, 67, 65, -1,
      65, 67, 68, -1,
      65, 68, 64, -1,
      64, 68, 61, -1,
      64, 61, 63, -1,
      63, 61, 62, -1,
      70, 71, 72, -1,
      72, 71, 73, -1,
      74, 75, 76, -1,
      77, 78, 79, -1,
      79, 78, 80, -1,
      81, 82, 73, -1,
      73, 82, 83, -1,
      83, 84, 73, -1,
      73, 84, 85, -1,
      73, 85, 72, -1,
      72, 85, 86, -1,
      72, 86, 77, -1,
      77, 86, 87, -1,
      77, 87, 78, -1,
      76, 81, 74, -1,
      74, 81, 73, -1,
      74, 73, 88, -1,
      88, 73, 89, -1,
      88, 89, 90, -1,
      90, 89, 91, -1,
      90, 91, 92, -1,
      92, 91, 93, -1,
      92, 93, 94, -1,
      94, 93, 95, -1,
      94, 95, 96, -1,
      96, 95, 97, -1,
      96, 97, 98, -1,
      98, 97, 99, -1,
      98, 99, 100, -1,
      100, 99, 101, -1,
      100, 101, 102, -1,
      102, 101, 103, -1,
      102, 103, 104, -1,
      104, 103, 105, -1,
      104, 105, 106, -1,
      106, 105, 107, -1,
      108, 109, 110, -1,
      110, 109, 111, -1,
      110, 111, 112, -1,
      112, 111, 113, -1,
      112, 113, 114, -1,
      114, 113, 115, -1,
      114, 115, 116, -1,
      115, 117, 116, -1,
      116, 117, 118, -1,
      116, 118, 119, -1,
      119, 118, 120, -1,
      119, 120, 80, -1,
      80, 120, 121, -1,
      80, 121, 79, -1,
      122, 123, 124, -1,
      124, 123, 125, -1,
      124, 125, 126, -1,
      126, 125, 127, -1,
      126, 127, 128, -1,
      128, 127, 129, -1,
      128, 129, 108, -1,
      108, 129, 130, -1,
      108, 130, 109, -1,
      74, 131, 75, -1,
      75, 131, 132, -1,
      75, 132, 133, -1,
      133, 132, 134, -1,
      133, 134, 135, -1,
      135, 134, 136, -1,
      135, 136, 137, -1,
      137, 136, 138, -1,
      137, 138, 122, -1,
      122, 138, 139, -1,
      122, 139, 123, -1,
      101, 21, 28, -1,
      101, 28, 103, -1,
      103, 28, 29, -1,
      103, 29, 105, -1,
      105, 29, 30, -1,
      105, 30, 107, -1,
      106, 107, 16, -1,
      16, 107, 30, -1,
      106, 16, 36, -1,
      106, 36, 104, -1,
      104, 36, 38, -1,
      104, 38, 102, -1,
      102, 38, 54, -1,
      102, 54, 100, -1,
      100, 54, 53, -1,
      100, 53, 98, -1,
      98, 53, 52, -1,
      98, 52, 96, -1,
      96, 52, 51, -1,
      96, 51, 94, -1,
      94, 51, 50, -1,
      94, 50, 92, -1,
      92, 50, 49, -1,
      92, 49, 90, -1,
      90, 49, 48, -1,
      90, 48, 88, -1,
      88, 48, 47, -1,
      88, 47, 74, -1,
      131, 74, 37, -1,
      37, 74, 47, -1,
      131, 37, 35, -1,
      131, 35, 132, -1,
      132, 35, 34, -1,
      132, 34, 134, -1,
      134, 34, 15, -1,
      134, 15, 136, -1,
      136, 15, 17, -1,
      136, 17, 138, -1,
      138, 17, 18, -1,
      138, 18, 139, -1,
      139, 18, 57, -1,
      139, 57, 123, -1,
      123, 57, 56, -1,
      123, 56, 125, -1,
      125, 56, 27, -1,
      125, 27, 127, -1,
      127, 27, 26, -1,
      127, 26, 129, -1,
      129, 26, 46, -1,
      129, 46, 130, -1,
      130, 46, 45, -1,
      130, 45, 109, -1,
      109, 45, 25, -1,
      109, 25, 111, -1,
      111, 25, 24, -1,
      111, 24, 113, -1,
      113, 24, 55, -1,
      113, 55, 115, -1,
      115, 55, 1, -1,
      115, 1, 117, -1,
      117, 1, 0, -1,
      117, 0, 118, -1,
      118, 0, 43, -1,
      118, 43, 120, -1,
      120, 43, 42, -1,
      120, 42, 121, -1,
      121, 42, 33, -1,
      121, 33, 79, -1,
      79, 33, 32, -1,
      79, 32, 77, -1,
      72, 77, 31, -1,
      31, 77, 32, -1,
      70, 72, 2, -1,
      2, 72, 31, -1,
      71, 70, 44, -1,
      44, 70, 2, -1,
      73, 71, 41, -1,
      41, 71, 44, -1,
      73, 41, 40, -1,
      73, 40, 89, -1,
      89, 40, 39, -1,
      89, 39, 91, -1,
      91, 39, 20, -1,
      91, 20, 93, -1,
      93, 20, 19, -1,
      93, 19, 95, -1,
      95, 19, 23, -1,
      95, 23, 97, -1,
      97, 23, 22, -1,
      97, 22, 99, -1,
      99, 22, 21, -1,
      99, 21, 101, -1,
      133, 140, 141, -1,
      133, 141, 75, -1,
      75, 141, 142, -1,
      75, 142, 76, -1,
      76, 142, 143, -1,
      76, 143, 81, -1,
      124, 144, 145, -1,
      124, 145, 122, -1,
      122, 145, 146, -1,
      122, 146, 137, -1,
      137, 146, 147, -1,
      137, 147, 135, -1,
      135, 147, 140, -1,
      135, 140, 133, -1,
      110, 148, 149, -1,
      110, 149, 108, -1,
      108, 149, 150, -1,
      108, 150, 128, -1,
      128, 150, 151, -1,
      128, 151, 126, -1,
      126, 151, 144, -1,
      126, 144, 124, -1,
      116, 152, 153, -1,
      116, 153, 114, -1,
      114, 153, 154, -1,
      114, 154, 112, -1,
      112, 154, 148, -1,
      112, 148, 110, -1,
      87, 155, 156, -1,
      87, 156, 78, -1,
      78, 156, 157, -1,
      78, 157, 80, -1,
      80, 157, 158, -1,
      80, 158, 119, -1,
      119, 158, 152, -1,
      119, 152, 116, -1,
      83, 159, 160, -1,
      83, 160, 84, -1,
      84, 160, 161, -1,
      84, 161, 85, -1,
      85, 161, 162, -1,
      85, 162, 86, -1,
      86, 162, 155, -1,
      86, 155, 87, -1,
      83, 82, 159, -1,
      159, 82, 163, -1,
      82, 81, 163, -1,
      163, 81, 143, -1,
    ]
  }
}

Shape {
  appearance Appearance {
    material Material {
      diffuseColor 0.2510 0.2510 0.2510
      specularColor 0.1255 0.1255 0.1255
      ambientIntensity 0.2
      transparency 0.0000
      shininess 0.5
    }
  }
  geometry IndexedFaceSet {
    ccw TRUE
    solid FALSE
    coord DEF co Coordinate {
      point [
        -0.091406 0.693375 0.109020,
        -0.092767 0.693198 0.110027,
        -0.095182 0.693005 0.111120,
        -0.101133 0.692776 0.112419,
        -0.088694 0.694630 0.101903,
        -0.088791 0.694354 0.103470,
        -0.089302 0.693956 0.105729,
        -0.090195 0.693632 0.107565,
        -0.091553 0.695793 0.095312,
        -0.090707 0.695643 0.096161,
        -0.089580 0.695348 0.097834,
        -0.088933 0.695031 0.099633,
        -0.099190 0.696250 0.092719,
        -0.095805 0.696179 0.093119,
        -0.093542 0.696032 0.093954,
        -0.110111 0.695453 0.097239,
        -0.108773 0.695675 0.095976,
        -0.105909 0.696000 0.094131,
        -0.102844 0.696185 0.093083,
        -0.114492 0.693432 0.108698,
        -0.114450 0.693644 0.107497,
        -0.113762 0.694347 0.103510,
        -0.112237 0.694963 0.100013,
        -0.114531 0.692480 0.114100,
      ]
    }
    coordIndex [
      23, 3, 19, -1,
      19, 3, 2, -1,
      2, 1, 19, -1,
      19, 1, 0, -1,
      19, 0, 20, -1,
      20, 0, 21, -1,
      21, 0, 7, -1,
      21, 7, 22, -1,
      9, 8, 16, -1,
      9, 16, 10, -1,
      17, 16, 18, -1,
      18, 16, 12, -1,
      7, 6, 22, -1,
      22, 6, 5, -1,
      22, 5, 15, -1,
      15, 5, 4, -1,
      15, 4, 16, -1,
      16, 4, 11, -1,
      16, 11, 10, -1,
      8, 14, 16, -1,
      16, 14, 13, -1,
      16, 13, 12, -1,
    ]
  }
}

Shape {
  appearance Appearance {
    material Material {
      diffuseColor 1.0000 1.0000 1.0000
      specularColor 0.7020 0.7020 0.7020
      ambientIntensity 0.2
      transparency 0.0000
      shininess 0.5
    }
  }
  geometry IndexedFaceSet {
    ccw TRUE
    solid FALSE
    coord DEF co Coordinate {
      point [
        -0.161780 0.697600 0.085057,
        -0.153709 0.697741 0.084262,
        -0.141944 0.688569 0.136281,
        -0.143040 0.688402 0.137227,
        -0.248055 0.683723 0.163761,
        -0.273869 0.683755 0.163581,
        -0.273869 0.689804 0.129274,
        -0.286777 0.689820 0.129183,
        -0.289231 0.685373 0.154403,
        -0.289296 0.683774 0.163473,
        -0.286712 0.691412 0.120154,
        -0.273869 0.691396 0.120243,
        -0.258078 0.691377 0.120354,
        -0.273869 0.696074 0.093716,
        -0.257887 0.696054 0.093828,
        -0.273869 0.685354 0.154510,
        -0.258325 0.685335 0.154619,
        -0.258144 0.689785 0.129383,
        -0.226689 0.687670 0.141375,
        -0.237086 0.687683 0.141302,
        -0.198777 0.690374 0.126044,
        -0.208045 0.695111 0.099175,
        -0.210767 0.695129 0.099075,
        -0.290615 0.696094 0.093599,
        -0.290550 0.697680 0.084609,
        -0.273869 0.697659 0.084726,
        -0.247487 0.697626 0.084910,
        -0.209240 0.695930 0.094530,
        -0.209506 0.695930 0.094529,
        -0.209980 0.695591 0.096456,
        -0.139733 0.691430 0.120050,
        -0.138676 0.690893 0.123098,
        -0.138034 0.695345 0.097850,
        -0.138304 0.690241 0.126794,
        -0.138760 0.689594 0.130463,
        -0.140018 0.689035 0.133632,
        -0.143040 0.695839 0.095044,
        -0.143040 0.692154 0.115948,
        -0.141620 0.695741 0.095603,
        -0.142713 0.692116 0.116163,
        -0.141085 0.691816 0.117865,
        -0.153221 0.697741 0.084262,
        -0.144924 0.697579 0.085178,
        -0.143040 0.697461 0.085847,
        -0.137961 0.697143 0.087651,
        -0.153451 0.697745 0.084237,
        -0.173389 0.693192 0.110060,
        -0.175275 0.693686 0.107258,
        -0.174153 0.689511 0.130937,
        -0.152560 0.687523 0.142209,
        -0.160691 0.687361 0.143126,
        -0.144817 0.688131 0.138762,
        -0.147194 0.687880 0.140185,
        -0.176309 0.694203 0.104325,
        -0.176678 0.694838 0.100724,
        -0.176146 0.695555 0.096659,
        -0.174866 0.696104 0.093544,
        -0.172950 0.696560 0.090960,
        -0.174222 0.687819 0.140532,
        -0.167722 0.687478 0.142462,
        -0.170144 0.696977 0.088595,
        -0.167246 0.697272 0.086924,
        -0.159651 0.688775 0.135111,
        -0.156681 0.688810 0.134912,
        -0.148646 0.690098 0.127608,
        -0.153993 0.688930 0.134231,
        -0.151735 0.689135 0.133070,
        -0.148728 0.690330 0.126294,
        -0.149115 0.690600 0.124757,
        -0.149828 0.690836 0.123419,
        -0.150799 0.691024 0.122352,
        -0.154319 0.691413 0.120151,
        -0.166689 0.688933 0.134213,
        -0.160506 0.691889 0.117447,
        -0.172343 0.689323 0.132000,
        -0.164378 0.692167 0.115872,
        -0.171013 0.692819 0.112178,
        -0.150213 0.689365 0.131763,
        -0.149344 0.689585 0.130512,
        -0.148839 0.689820 0.129182,
        -0.147875 0.696175 0.093144,
        -0.153373 0.693146 0.110321,
        -0.147415 0.692663 0.113061,
        -0.154492 0.696325 0.092293,
        -0.154935 0.696325 0.092292,
        -0.159939 0.693633 0.107559,
        -0.160080 0.696231 0.092824,
        -0.166376 0.694996 0.099829,
        -0.166287 0.694779 0.101058,
        -0.162674 0.696070 0.093738,
        -0.163593 0.695975 0.094278,
        -0.164751 0.695799 0.095276,
        -0.165635 0.695575 0.096545,
        -0.166155 0.695328 0.097946,
        -0.165843 0.694507 0.102604,
        -0.165077 0.694275 0.103918,
        -0.163836 0.694047 0.105208,
        -0.193409 0.687629 0.141607,
        -0.182193 0.687615 0.141686,
        -0.203750 0.697741 0.084262,
        -0.204220 0.697552 0.085333,
        -0.198777 0.695096 0.099259,
        -0.183732 0.700533 0.068424,
        -0.186085 0.700667 0.067670,
        -0.197343 0.700053 0.071147,
        -0.183669 0.702083 0.059635,
        -0.197794 0.699966 0.071643,
        -0.198777 0.699657 0.073396,
        -0.199746 0.699352 0.075125,
        -0.189414 0.700739 0.067255,
        -0.191687 0.700701 0.067474,
        -0.195912 0.700330 0.069576,
        -0.193904 0.700566 0.068238,
        -0.197880 0.701925 0.060532,
        -0.193881 0.702169 0.059148,
        -0.190131 0.702233 0.058784,
        -0.186622 0.702193 0.059015,
        -0.207955 0.700053 0.071147,
        -0.207492 0.700219 0.070207,
        -0.203106 0.701244 0.064393,
        -0.201418 0.701517 0.062843,
        -0.198777 0.701822 0.061119,
        -0.213773 0.697741 0.084262,
        -0.210667 0.699081 0.076661,
        -0.341286 0.684072 0.161784,
        -0.350926 0.684696 0.158243,
        -0.368885 0.693152 0.110283,
        -0.364893 0.694587 0.102150,
        -0.358867 0.695816 0.095179,
        -0.350406 0.696852 0.089304,
        -0.329084 0.683823 0.163196,
        -0.359280 0.685701 0.152543,
        -0.361974 0.686163 0.149922,
        -0.366910 0.687376 0.143046,
        -0.369851 0.688700 0.135537,
        -0.371154 0.690649 0.124482,
        -0.370883 0.691526 0.119509,
        -0.341241 0.697457 0.085869,
        -0.327698 0.697725 0.084350,
        -0.305675 0.697698 0.084504,
        -0.306243 0.683794 0.163355,
        -0.138034 0.695733 0.097918,
        -0.141620 0.696129 0.095671,
        -0.154492 0.696713 0.092361,
        -0.147875 0.696562 0.093212,
        -0.137961 0.697531 0.087719,
        -0.144924 0.697967 0.085246,
        -0.153451 0.698133 0.084305,
        -0.161780 0.697988 0.085126,
        -0.167246 0.697659 0.086992,
        -0.170144 0.697365 0.088663,
        -0.172950 0.696947 0.091028,
        -0.174866 0.696492 0.093612,
        -0.176146 0.695943 0.096728,
        -0.176678 0.695226 0.100793,
        -0.176309 0.694591 0.104393,
        -0.175275 0.694074 0.107326,
        -0.173389 0.693580 0.110128,
        -0.171013 0.693206 0.112246,
        -0.164378 0.692555 0.115941,
        -0.160506 0.692277 0.117515,
        -0.154319 0.691800 0.120219,
        -0.150799 0.691412 0.122421,
        -0.149828 0.691224 0.123488,
        -0.149115 0.690988 0.124825,
        -0.148728 0.690717 0.126362,
        -0.148646 0.690485 0.127677,
        -0.148839 0.690208 0.129251,
        -0.149344 0.689973 0.130581,
        -0.150213 0.689753 0.131831,
        -0.151735 0.689522 0.133138,
        -0.153993 0.689317 0.134300,
        -0.156681 0.689198 0.134980,
        -0.159651 0.689163 0.135179,
        -0.166689 0.689321 0.134281,
        -0.172343 0.689711 0.132069,
        -0.174153 0.689898 0.131006,
        -0.174222 0.688207 0.140600,
        -0.167722 0.687866 0.142530,
        -0.160691 0.687749 0.143194,
        -0.152560 0.687911 0.142277,
        -0.147194 0.688268 0.140254,
        -0.144817 0.688519 0.138830,
        -0.141944 0.688956 0.136349,
        -0.140018 0.689423 0.133700,
        -0.138760 0.689982 0.130532,
        -0.138304 0.690629 0.126862,
        -0.138676 0.691281 0.123167,
        -0.139733 0.691818 0.120119,
        -0.141085 0.692204 0.117933,
        -0.153373 0.693533 0.110389,
        -0.147415 0.693050 0.113129,
        -0.142713 0.692504 0.116232,
        -0.159939 0.694020 0.107627,
        -0.163836 0.694435 0.105277,
        -0.165077 0.694663 0.103987,
        -0.165843 0.694894 0.102672,
        -0.166287 0.695167 0.101126,
        -0.166376 0.695383 0.099897,
        -0.166155 0.695716 0.098015,
        -0.165635 0.695963 0.096613,
        -0.164751 0.696186 0.095344,
        -0.163593 0.696362 0.094346,
        -0.162674 0.696457 0.093807,
        -0.160080 0.696619 0.092892,
        -0.154935 0.696713 0.092360,
        -0.226689 0.688058 0.141443,
        -0.237086 0.688071 0.141370,
        -0.210767 0.695517 0.099144,
        -0.209980 0.695978 0.096524,
        -0.209506 0.696318 0.094597,
        -0.209240 0.696318 0.094599,
        -0.208045 0.695499 0.099243,
        -0.193409 0.688017 0.141676,
        -0.182193 0.688003 0.141754,
        -0.204220 0.697939 0.085402,
        -0.199746 0.699740 0.075193,
        -0.197794 0.700354 0.071711,
        -0.195912 0.700718 0.069645,
        -0.193904 0.700954 0.068306,
        -0.191687 0.701089 0.067543,
        -0.189414 0.701127 0.067324,
        -0.186085 0.701054 0.067739,
        -0.183732 0.700921 0.068492,
        -0.183669 0.702471 0.059704,
        -0.186622 0.702580 0.059083,
        -0.190131 0.702621 0.058852,
        -0.193881 0.702557 0.059216,
        -0.197880 0.702313 0.060601,
        -0.201418 0.701905 0.062912,
        -0.210667 0.699469 0.076730,
        -0.207492 0.700607 0.070275,
        -0.203106 0.701632 0.064461,
        -0.290615 0.696482 0.093668,
        -0.290550 0.698067 0.084678,
        -0.257887 0.696442 0.093896,
        -0.258078 0.691765 0.120422,
        -0.286712 0.691800 0.120222,
        -0.286777 0.690207 0.129252,
        -0.258144 0.690172 0.129452,
        -0.258325 0.685722 0.154687,
        -0.289231 0.685761 0.154472,
        -0.289296 0.684161 0.163542,
        -0.248055 0.684111 0.163830,
        -0.247487 0.698014 0.084979,
        -0.355580 0.694254 0.106303,
        -0.351563 0.695107 0.101466,
        -0.358867 0.696204 0.095247,
        -0.350072 0.695339 0.100152,
        -0.350406 0.697239 0.089372,
        -0.344742 0.695935 0.096771,
        -0.341241 0.697845 0.085937,
        -0.337874 0.696350 0.094414,
        -0.327698 0.698113 0.084419,
        -0.327701 0.696528 0.093409,
        -0.305675 0.698086 0.084572,
        -0.316076 0.696513 0.093490,
        -0.306243 0.684182 0.163423,
        -0.316513 0.685794 0.154281,
        -0.329084 0.684210 0.163264,
        -0.328609 0.685809 0.154196,
        -0.341286 0.684459 0.161852,
        -0.338926 0.686020 0.153000,
        -0.350926 0.685083 0.158311,
        -0.345851 0.686464 0.150482,
        -0.359280 0.686089 0.152611,
        -0.351663 0.687146 0.146618,
        -0.361974 0.686551 0.149991,
        -0.354281 0.687612 0.143970,
        -0.366910 0.687763 0.143114,
        -0.357252 0.688417 0.139409,
        -0.369851 0.689087 0.135605,
        -0.359364 0.689472 0.133421,
        -0.371154 0.691037 0.124550,
        -0.360284 0.691073 0.124344,
        -0.370883 0.691913 0.119578,
        -0.359983 0.691953 0.119352,
        -0.368885 0.693540 0.110352,
        -0.358378 0.693225 0.112139,
        -0.364893 0.694974 0.102219,
        -0.328609 0.685421 0.154128,
        -0.316513 0.685407 0.154213,
        -0.316076 0.696126 0.093421,
        -0.327701 0.696140 0.093340,
        -0.351563 0.694719 0.101398,
        -0.350072 0.694951 0.100083,
        -0.344742 0.695547 0.096702,
        -0.337874 0.695963 0.094346,
        -0.360284 0.690685 0.124276,
        -0.359983 0.691565 0.119284,
        -0.358378 0.692837 0.112071,
        -0.355580 0.693867 0.106234,
        -0.351663 0.686758 0.146549,
        -0.354281 0.687225 0.143902,
        -0.357252 0.688029 0.139341,
        -0.359364 0.689085 0.133353,
        -0.338926 0.685632 0.152931,
        -0.345851 0.686076 0.150413,
      ]
    }
    coordIndex [
      32, 141, 142, -1,
      143, 83, 80, -1,
      143, 80, 144, -1,
      144, 80, 36, -1,
      144, 36, 142, -1,
      142, 36, 38, -1,
      142, 38, 32, -1,
      145, 141, 44, -1,
      44, 141, 32, -1,
      145, 44, 43, -1,
      145, 43, 146, -1,
      146, 43, 42, -1,
      146, 42, 147, -1,
      147, 42, 41, -1,
      147, 41, 45, -1,
      147, 45, 1, -1,
      147, 1, 148, -1,
      1, 0, 148, -1,
      148, 0, 61, -1,
      148, 61, 149, -1,
      149, 61, 60, -1,
      149, 60, 150, -1,
      150, 60, 57, -1,
      150, 57, 151, -1,
      151, 57, 56, -1,
      151, 56, 152, -1,
      152, 56, 55, -1,
      152, 55, 153, -1,
      153, 55, 54, -1,
      153, 54, 154, -1,
      154, 54, 53, -1,
      154, 53, 155, -1,
      155, 53, 47, -1,
      155, 47, 156, -1,
      156, 47, 46, -1,
      156, 46, 157, -1,
      157, 46, 76, -1,
      157, 76, 158, -1,
      158, 76, 75, -1,
      158, 75, 159, -1,
      159, 75, 73, -1,
      159, 73, 160, -1,
      160, 73, 71, -1,
      160, 71, 161, -1,
      161, 71, 70, -1,
      161, 70, 162, -1,
      162, 70, 69, -1,
      162, 69, 163, -1,
      163, 69, 68, -1,
      163, 68, 164, -1,
      164, 68, 67, -1,
      164, 67, 165, -1,
      165, 67, 64, -1,
      165, 64, 166, -1,
      166, 64, 79, -1,
      166, 79, 167, -1,
      167, 79, 78, -1,
      167, 78, 168, -1,
      168, 78, 77, -1,
      168, 77, 169, -1,
      169, 77, 66, -1,
      169, 66, 170, -1,
      170, 66, 65, -1,
      170, 65, 171, -1,
      171, 65, 63, -1,
      171, 63, 172, -1,
      172, 63, 62, -1,
      172, 62, 173, -1,
      173, 62, 72, -1,
      173, 72, 174, -1,
      174, 72, 74, -1,
      174, 74, 175, -1,
      175, 74, 48, -1,
      175, 48, 176, -1,
      177, 176, 58, -1,
      58, 176, 48, -1,
      177, 58, 59, -1,
      177, 59, 178, -1,
      178, 59, 50, -1,
      178, 50, 179, -1,
      179, 50, 49, -1,
      179, 49, 180, -1,
      180, 49, 52, -1,
      180, 52, 181, -1,
      181, 52, 51, -1,
      181, 51, 182, -1,
      183, 182, 3, -1,
      3, 182, 51, -1,
      3, 2, 183, -1,
      183, 2, 35, -1,
      183, 35, 184, -1,
      184, 35, 34, -1,
      184, 34, 185, -1,
      185, 34, 33, -1,
      185, 33, 186, -1,
      186, 33, 31, -1,
      186, 31, 187, -1,
      187, 31, 30, -1,
      187, 30, 188, -1,
      188, 30, 40, -1,
      188, 40, 189, -1,
      81, 190, 191, -1,
      189, 40, 39, -1,
      189, 39, 192, -1,
      192, 39, 37, -1,
      192, 37, 191, -1,
      191, 37, 82, -1,
      191, 82, 81, -1,
      190, 81, 85, -1,
      190, 85, 193, -1,
      193, 85, 96, -1,
      193, 96, 194, -1,
      194, 96, 95, -1,
      194, 95, 195, -1,
      195, 95, 94, -1,
      195, 94, 196, -1,
      196, 94, 88, -1,
      196, 88, 197, -1,
      197, 88, 87, -1,
      197, 87, 198, -1,
      198, 87, 93, -1,
      198, 93, 199, -1,
      199, 93, 92, -1,
      199, 92, 200, -1,
      200, 92, 91, -1,
      200, 91, 201, -1,
      201, 91, 90, -1,
      201, 90, 202, -1,
      202, 90, 89, -1,
      202, 89, 203, -1,
      203, 89, 86, -1,
      203, 86, 204, -1,
      204, 86, 84, -1,
      204, 84, 205, -1,
      205, 84, 83, -1,
      205, 83, 143, -1,
      169, 170, 181, -1,
      181, 170, 180, -1,
      193, 160, 190, -1,
      190, 160, 161, -1,
      149, 150, 201, -1,
      201, 150, 151, -1,
      201, 151, 200, -1,
      200, 151, 152, -1,
      200, 152, 199, -1,
      199, 152, 153, -1,
      199, 153, 198, -1,
      198, 153, 154, -1,
      198, 154, 197, -1,
      197, 154, 155, -1,
      197, 155, 196, -1,
      196, 155, 156, -1,
      196, 156, 195, -1,
      195, 156, 157, -1,
      195, 157, 194, -1,
      194, 157, 158, -1,
      194, 158, 193, -1,
      193, 158, 159, -1,
      193, 159, 160, -1,
      147, 143, 146, -1,
      146, 143, 144, -1,
      146, 144, 145, -1,
      145, 144, 142, -1,
      145, 142, 141, -1,
      170, 171, 180, -1,
      180, 171, 172, -1,
      180, 172, 179, -1,
      179, 172, 173, -1,
      179, 173, 178, -1,
      178, 173, 174, -1,
      178, 174, 177, -1,
      177, 174, 175, -1,
      177, 175, 176, -1,
      201, 202, 149, -1,
      149, 202, 203, -1,
      149, 203, 148, -1,
      148, 203, 204, -1,
      148, 204, 147, -1,
      147, 204, 205, -1,
      147, 205, 143, -1,
      181, 182, 169, -1,
      169, 182, 183, -1,
      169, 183, 168, -1,
      168, 183, 184, -1,
      168, 184, 167, -1,
      167, 184, 185, -1,
      167, 185, 166, -1,
      166, 185, 186, -1,
      166, 186, 165, -1,
      165, 186, 187, -1,
      165, 187, 164, -1,
      164, 187, 188, -1,
      164, 188, 163, -1,
      163, 188, 189, -1,
      163, 189, 162, -1,
      162, 189, 192, -1,
      162, 192, 161, -1,
      161, 192, 191, -1,
      161, 191, 190, -1,
      206, 207, 18, -1,
      18, 207, 19, -1,
      208, 206, 22, -1,
      22, 206, 18, -1,
      208, 22, 29, -1,
      208, 29, 209, -1,
      209, 29, 28, -1,
      209, 28, 210, -1,
      211, 210, 27, -1,
      27, 210, 28, -1,
      212, 211, 21, -1,
      21, 211, 27, -1,
      97, 213, 20, -1,
      20, 213, 212, -1,
      20, 212, 21, -1,
      214, 213, 98, -1,
      98, 213, 97, -1,
      100, 215, 101, -1,
      101, 215, 214, -1,
      101, 214, 98, -1,
      108, 216, 99, -1,
      99, 216, 215, -1,
      99, 215, 100, -1,
      216, 108, 107, -1,
      216, 107, 217, -1,
      107, 106, 217, -1,
      217, 106, 104, -1,
      217, 104, 218, -1,
      104, 111, 218, -1,
      218, 111, 112, -1,
      218, 112, 219, -1,
      219, 112, 110, -1,
      219, 110, 220, -1,
      220, 110, 109, -1,
      220, 109, 221, -1,
      221, 109, 103, -1,
      221, 103, 222, -1,
      222, 103, 102, -1,
      222, 102, 223, -1,
      224, 223, 105, -1,
      105, 223, 102, -1,
      224, 105, 116, -1,
      224, 116, 225, -1,
      225, 116, 115, -1,
      225, 115, 226, -1,
      226, 115, 114, -1,
      226, 114, 227, -1,
      227, 114, 113, -1,
      227, 113, 228, -1,
      228, 113, 121, -1,
      228, 121, 229, -1,
      123, 230, 117, -1,
      117, 230, 231, -1,
      117, 231, 118, -1,
      118, 231, 232, -1,
      118, 232, 119, -1,
      119, 232, 229, -1,
      119, 229, 120, -1,
      120, 229, 121, -1,
      19, 207, 122, -1,
      122, 207, 230, -1,
      122, 230, 123, -1,
      209, 210, 230, -1,
      207, 206, 230, -1,
      230, 206, 208, -1,
      230, 208, 209, -1,
      213, 214, 212, -1,
      212, 214, 215, -1,
      212, 215, 211, -1,
      223, 224, 222, -1,
      222, 224, 225, -1,
      222, 225, 221, -1,
      221, 225, 226, -1,
      221, 226, 220, -1,
      220, 226, 227, -1,
      220, 227, 219, -1,
      219, 227, 228, -1,
      219, 228, 218, -1,
      218, 228, 229, -1,
      218, 229, 217, -1,
      217, 229, 232, -1,
      217, 232, 216, -1,
      216, 232, 231, -1,
      216, 231, 215, -1,
      215, 231, 230, -1,
      215, 230, 211, -1,
      211, 230, 210, -1,
      233, 234, 23, -1,
      23, 234, 24, -1,
      14, 235, 13, -1,
      13, 235, 233, -1,
      13, 233, 23, -1,
      236, 235, 12, -1,
      12, 235, 14, -1,
      10, 237, 11, -1,
      11, 237, 236, -1,
      11, 236, 12, -1,
      238, 237, 7, -1,
      7, 237, 10, -1,
      17, 239, 6, -1,
      6, 239, 238, -1,
      6, 238, 7, -1,
      240, 239, 16, -1,
      16, 239, 17, -1,
      8, 241, 15, -1,
      15, 241, 240, -1,
      15, 240, 16, -1,
      242, 241, 9, -1,
      9, 241, 8, -1,
      4, 243, 5, -1,
      5, 243, 242, -1,
      5, 242, 9, -1,
      244, 243, 26, -1,
      26, 243, 4, -1,
      24, 234, 25, -1,
      25, 234, 244, -1,
      25, 244, 26, -1,
      237, 238, 236, -1,
      236, 238, 239, -1,
      234, 233, 244, -1,
      244, 233, 235, -1,
      241, 242, 240, -1,
      240, 242, 243, -1,
      240, 243, 239, -1,
      239, 243, 244, -1,
      239, 244, 236, -1,
      236, 244, 235, -1,
      245, 246, 247, -1,
      247, 246, 248, -1,
      247, 248, 249, -1,
      249, 248, 250, -1,
      249, 250, 251, -1,
      251, 250, 252, -1,
      251, 252, 253, -1,
      253, 252, 254, -1,
      253, 254, 255, -1,
      255, 254, 256, -1,
      255, 256, 257, -1,
      257, 256, 258, -1,
      257, 258, 259, -1,
      259, 258, 260, -1,
      259, 260, 261, -1,
      261, 260, 262, -1,
      261, 262, 263, -1,
      263, 262, 264, -1,
      263, 264, 265, -1,
      265, 264, 266, -1,
      265, 266, 267, -1,
      267, 266, 268, -1,
      267, 268, 269, -1,
      269, 268, 270, -1,
      269, 270, 271, -1,
      271, 270, 272, -1,
      271, 272, 273, -1,
      273, 272, 274, -1,
      273, 274, 275, -1,
      275, 274, 276, -1,
      275, 276, 277, -1,
      277, 276, 278, -1,
      277, 278, 279, -1,
      279, 278, 245, -1,
      279, 245, 247, -1,
      253, 255, 138, -1,
      138, 255, 139, -1,
      253, 138, 137, -1,
      253, 137, 251, -1,
      251, 137, 129, -1,
      251, 129, 249, -1,
      249, 129, 128, -1,
      249, 128, 247, -1,
      247, 128, 127, -1,
      247, 127, 279, -1,
      279, 127, 126, -1,
      279, 126, 277, -1,
      277, 126, 136, -1,
      277, 136, 275, -1,
      275, 136, 135, -1,
      275, 135, 273, -1,
      273, 135, 134, -1,
      273, 134, 271, -1,
      271, 134, 133, -1,
      271, 133, 269, -1,
      269, 133, 132, -1,
      269, 132, 267, -1,
      267, 132, 131, -1,
      267, 131, 265, -1,
      265, 131, 125, -1,
      265, 125, 263, -1,
      263, 125, 124, -1,
      263, 124, 261, -1,
      261, 124, 130, -1,
      261, 130, 259, -1,
      257, 259, 140, -1,
      140, 259, 130, -1,
      255, 257, 139, -1,
      139, 257, 140, -1,
      260, 258, 280, -1,
      280, 258, 281, -1,
      258, 256, 281, -1,
      281, 256, 282, -1,
      256, 254, 282, -1,
      282, 254, 283, -1,
      246, 284, 285, -1,
      246, 285, 248, -1,
      248, 285, 286, -1,
      248, 286, 250, -1,
      250, 286, 287, -1,
      250, 287, 252, -1,
      252, 287, 283, -1,
      252, 283, 254, -1,
      274, 288, 289, -1,
      274, 289, 276, -1,
      276, 289, 290, -1,
      276, 290, 278, -1,
      278, 290, 291, -1,
      278, 291, 245, -1,
      245, 291, 284, -1,
      245, 284, 246, -1,
      266, 292, 293, -1,
      266, 293, 268, -1,
      268, 293, 294, -1,
      268, 294, 270, -1,
      270, 294, 295, -1,
      270, 295, 272, -1,
      272, 295, 288, -1,
      272, 288, 274, -1,
      260, 280, 296, -1,
      260, 296, 262, -1,
      262, 296, 297, -1,
      262, 297, 264, -1,
      264, 297, 292, -1,
      264, 292, 266, -1,
    ]
  }
}

Shape {
  appearance Appearance {
    material Material {
      diffuseColor 0.2510 0.2510 0.2510
      specularColor 0.1255 0.1255 0.1255
      ambientIntensity 0.2
      transparency 0.0000
      shininess 0.5
    }
  }
  geometry IndexedFaceSet {
    ccw TRUE
    solid FALSE
    coord DEF co Coordinate {
      point [
        -0.328609 0.685421 0.154128,
        -0.316513 0.685407 0.154213,
        -0.316076 0.696126 0.093421,
        -0.327701 0.696140 0.093340,
        -0.351563 0.694719 0.101398,
        -0.350072 0.694951 0.100083,
        -0.344742 0.695547 0.096702,
        -0.337874 0.695963 0.094346,
        -0.360284 0.690685 0.124276,
        -0.359983 0.691565 0.119284,
        -0.358378 0.692837 0.112071,
        -0.355580 0.693867 0.106234,
        -0.351663 0.686758 0.146549,
        -0.354281 0.687225 0.143902,
        -0.357252 0.688029 0.139341,
        -0.359364 0.689085 0.133353,
        -0.338926 0.685632 0.152931,
        -0.345851 0.686076 0.150413,
      ]
    }
    coordIndex [
      1, 2, 0, -1,
      0, 2, 3, -1,
      0, 3, 7, -1,
      7, 6, 0, -1,
      0, 6, 5, -1,
      0, 5, 4, -1,
      4, 11, 0, -1,
      0, 11, 10, -1,
      0, 10, 9, -1,
      9, 8, 0, -1,
      0, 8, 15, -1,
      0, 15, 14, -1,
      14, 13, 0, -1,
      0, 13, 12, -1,
      0, 12, 16, -1,
      16, 12, 17, -1,
    ]
  }
}

Shape {
  appearance Appearance {
    material Material {
      diffuseColor 1.0000 1.0000 1.0000
      specularColor 0.7020 0.7020 0.7020
      ambientIntensity 0.2
      transparency 0.0000
      shininess 0.5
    }
  }
  geometry IndexedFaceSet {
    ccw TRUE
    solid FALSE
    coord DEF co Coordinate {
      point [
        -0.375304 0.697784 0.084018,
        -0.375401 0.697741 0.084262,
        -0.406368 0.683918 0.162656,
        -0.417420 0.683931 0.162578,
        -0.386843 0.697741 0.084262,
        -0.386725 0.697798 0.083938,
        -0.435928 0.697859 0.083594,
        -0.447349 0.697872 0.083515,
        -0.435680 0.697741 0.084262,
        -0.427917 0.694046 0.105219,
        -0.394576 0.694004 0.105451,
        -0.447065 0.697741 0.084262,
        -0.397915 0.692825 0.114406,
        -0.410124 0.687061 0.147096,
        -0.406368 0.684306 0.162724,
        -0.375304 0.698172 0.084086,
        -0.386725 0.698185 0.084006,
        -0.394576 0.694392 0.105520,
        -0.410834 0.686647 0.149444,
        -0.411474 0.686089 0.152610,
        -0.417420 0.684319 0.162647,
        -0.411719 0.686089 0.152608,
        -0.412343 0.686678 0.149268,
        -0.412928 0.687065 0.147076,
        -0.424788 0.692859 0.114218,
        -0.447349 0.698260 0.083583,
        -0.435928 0.698246 0.083663,
        -0.427917 0.694433 0.105287,
        -0.397915 0.692438 0.114337,
        -0.424788 0.692471 0.114150,
        -0.412928 0.686677 0.147008,
        -0.411719 0.685702 0.152540,
        -0.412343 0.686291 0.149199,
        -0.411474 0.685701 0.152541,
        -0.410124 0.686674 0.147028,
        -0.410834 0.686259 0.149376,
      ]
    }
    coordIndex [
      12, 13, 14, -1,
      15, 16, 17, -1,
      13, 18, 14, -1,
      14, 18, 19, -1,
      14, 19, 20, -1,
      20, 19, 21, -1,
      20, 21, 22, -1,
      22, 23, 20, -1,
      20, 23, 24, -1,
      20, 24, 25, -1,
      26, 25, 27, -1,
      27, 25, 24, -1,
      27, 24, 17, -1,
      17, 24, 12, -1,
      17, 12, 15, -1,
      15, 12, 14, -1,
      3, 20, 11, -1,
      11, 20, 25, -1,
      11, 25, 7, -1,
      14, 20, 2, -1,
      2, 20, 3, -1,
      14, 2, 15, -1,
      15, 2, 1, -1,
      15, 1, 0, -1,
      16, 15, 5, -1,
      5, 15, 0, -1,
      10, 17, 4, -1,
      4, 17, 16, -1,
      4, 16, 5, -1,
      27, 17, 9, -1,
      9, 17, 10, -1,
      27, 9, 26, -1,
      26, 9, 8, -1,
      26, 8, 6, -1,
      25, 26, 7, -1,
      7, 26, 6, -1,
      12, 24, 28, -1,
      28, 24, 29, -1,
      24, 23, 29, -1,
      29, 23, 30, -1,
      21, 31, 32, -1,
      21, 32, 22, -1,
      22, 32, 30, -1,
      22, 30, 23, -1,
      21, 19, 31, -1,
      31, 19, 33, -1,
      13, 34, 35, -1,
      13, 35, 18, -1,
      18, 35, 33, -1,
      18, 33, 19, -1,
      13, 12, 34, -1,
      34, 12, 28, -1,
    ]
  }
}

Shape {
  appearance Appearance {
    material Material {
      diffuseColor 0.2510 0.2510 0.2510
      specularColor 0.1255 0.1255 0.1255
      ambientIntensity 0.2
      transparency 0.0000
      shininess 0.5
    }
  }
  geometry IndexedFaceSet {
    ccw TRUE
    solid FALSE
    coord DEF co Coordinate {
      point [
        -0.397915 0.692438 0.114337,
        -0.424788 0.692471 0.114150,
        -0.412928 0.686677 0.147008,
        -0.411719 0.685702 0.152540,
        -0.412343 0.686291 0.149199,
        -0.411474 0.685701 0.152541,
        -0.410124 0.686674 0.147028,
        -0.410834 0.686259 0.149376,
      ]
    }
    coordIndex [
      3, 5, 4, -1,
      4, 5, 7, -1,
      4, 7, 2, -1,
      2, 7, 6, -1,
      2, 6, 1, -1,
      1, 6, 0, -1,
    ]
  }
}

Shape {
  appearance Appearance {
    material Material {
      diffuseColor 1.0000 1.0000 1.0000
      specularColor 0.7020 0.7020 0.7020
      ambientIntensity 0.2
      transparency 0.0000
      shininess 0.5
    }
  }
  geometry IndexedFaceSet {
    ccw TRUE
    solid FALSE
    coord DEF co Coordinate {
      point [
        0.295677 0.703144 0.053615,
        0.308735 0.702159 0.059207,
        0.319766 0.700677 0.067608,
        0.236555 0.700053 0.071147,
        0.242256 0.701147 0.064943,
        0.253712 0.702483 0.057365,
        0.266481 0.703293 0.052771,
        0.279760 0.703550 0.051317,
        0.282265 0.703538 0.051387,
        0.330997 0.697741 0.084262,
        0.328097 0.698846 0.077994,
        0.322605 0.700053 0.071147,
        0.361323 0.694605 0.102046,
        0.378914 0.691960 0.117044,
        0.333567 0.696761 0.089817,
        0.340830 0.696374 0.092016,
        0.391715 0.688744 0.135287,
        0.399755 0.685055 0.156208,
        0.402384 0.681156 0.178320,
        0.402192 0.680229 0.183578,
        0.401493 0.679571 0.187307,
        0.332023 0.665712 0.265908,
        0.309507 0.665255 0.268496,
        0.273363 0.661468 0.289976,
        0.398246 0.676518 0.204625,
        0.395854 0.675595 0.209857,
        0.389041 0.672967 0.224760,
        0.284656 0.663123 0.280587,
        0.302963 0.665325 0.268100,
        0.296422 0.665469 0.267284,
        0.375168 0.669920 0.242044,
        0.371352 0.669301 0.245553,
        0.353164 0.667111 0.257975,
        0.150782 0.659620 0.300457,
        0.271197 0.661150 0.291776,
        0.257276 0.659676 0.300138,
        0.230957 0.657949 0.309933,
        0.202727 0.657379 0.313163,
        0.179279 0.657836 0.310572,
        0.075569 0.672093 0.229717,
        0.060191 0.674375 0.216777,
        0.135191 0.661468 0.289976,
        0.125516 0.662615 0.283470,
        0.106948 0.666393 0.262046,
        0.095094 0.670462 0.238966,
        0.092466 0.670619 0.238079,
        0.227932 0.697741 0.084262,
        0.232728 0.699319 0.075311,
        0.041779 0.680223 0.183608,
        0.039265 0.683481 0.165131,
        0.236391 0.687094 0.144643,
        0.159825 0.680269 0.183353,
        0.246130 0.685527 0.153530,
        0.258135 0.684381 0.160025,
        0.151498 0.696978 0.088589,
        0.155462 0.696585 0.090814,
        0.226012 0.697109 0.087846,
        0.158716 0.696037 0.093923,
        0.074793 0.682694 0.169597,
        0.077356 0.680791 0.180392,
        0.081049 0.679571 0.187307,
        0.365476 0.679571 0.187307,
        0.361952 0.684934 0.156894,
        0.354720 0.687076 0.144745,
        0.326081 0.687955 0.139762,
        0.344460 0.688883 0.134498,
        0.332727 0.690139 0.127374,
        0.156111 0.691751 0.118234,
        0.152503 0.691355 0.120478,
        0.142392 0.685529 0.153517,
        0.148530 0.691124 0.121787,
        0.304756 0.684738 0.158003,
        0.316516 0.686112 0.150211,
        0.366511 0.681002 0.179190,
        0.365914 0.682502 0.170686,
        0.049241 0.690109 0.127546,
        0.060711 0.692846 0.112019,
        0.076227 0.695097 0.099257,
        0.093650 0.696554 0.090989,
        0.041989 0.686985 0.145259,
        0.144895 0.691062 0.122138,
        0.144341 0.691070 0.122094,
        0.142636 0.691138 0.121710,
        0.292118 0.683937 0.162550,
        0.278948 0.683680 0.164002,
        0.271834 0.683765 0.163525,
        0.112697 0.697231 0.087153,
        0.146284 0.697190 0.087387,
        0.147672 0.697163 0.087540,
        0.162668 0.694105 0.104882,
        0.162523 0.693736 0.106974,
        0.222389 0.692746 0.112587,
        0.161380 0.692983 0.111241,
        0.159179 0.692307 0.115080,
        0.161005 0.695402 0.097525,
        0.162313 0.694724 0.101369,
        0.222720 0.694667 0.101697,
        0.222429 0.693735 0.106981,
        0.086308 0.688746 0.135270,
        0.079989 0.687212 0.143976,
        0.076001 0.685454 0.153943,
        0.074564 0.683537 0.164817,
        0.141483 0.691165 0.121554,
        0.115866 0.691197 0.121374,
        0.105737 0.690875 0.123200,
        0.095647 0.690083 0.127689,
        0.087165 0.688904 0.134380,
        0.360000 0.676494 0.204755,
        0.364846 0.678700 0.192245,
        0.123206 0.675766 0.208887,
        0.118652 0.675772 0.208856,
        0.082552 0.679075 0.190121,
        0.089173 0.677770 0.197521,
        0.097963 0.676690 0.203646,
        0.107875 0.676015 0.207475,
        0.135452 0.669754 0.242986,
        0.148257 0.667085 0.258118,
        0.279070 0.672707 0.226235,
        0.149295 0.666919 0.259059,
        0.165196 0.664967 0.270129,
        0.270195 0.669578 0.243983,
        0.356413 0.675595 0.209857,
        0.283644 0.672270 0.228711,
        0.123418 0.675595 0.209857,
        0.126705 0.672941 0.224907,
        0.296393 0.671467 0.233267,
        0.309181 0.671187 0.234855,
        0.314550 0.671224 0.234644,
        0.257300 0.666947 0.258902,
        0.182989 0.663752 0.277019,
        0.242109 0.665048 0.269672,
        0.202400 0.663311 0.279522,
        0.223474 0.663758 0.276985,
        0.328660 0.671761 0.231599,
        0.341482 0.672896 0.225163,
        0.352144 0.674524 0.215928,
        0.055203 0.675595 0.209857,
        0.048653 0.677197 0.200769,
        0.043261 0.679571 0.187307,
        0.328097 0.699234 0.078062,
        0.319766 0.701065 0.067676,
        0.332727 0.690527 0.127443,
        0.142392 0.685917 0.153585,
        0.159825 0.680656 0.183422,
        0.236391 0.687482 0.144711,
        0.275932 0.690359 0.128396,
        0.270577 0.690656 0.126708,
        0.341482 0.673284 0.225231,
        0.328660 0.672149 0.231667,
        0.332023 0.666100 0.265976,
        0.296422 0.665857 0.267352,
        0.279070 0.673095 0.226303,
        0.270195 0.669965 0.244052,
        0.309507 0.665643 0.268565,
        0.265881 0.691169 0.123803,
        0.262086 0.691857 0.119896,
        0.222389 0.693134 0.112656,
        0.259457 0.692655 0.115374,
        0.257988 0.693556 0.110265,
        0.222429 0.694122 0.107050,
        0.257827 0.694514 0.104831,
        0.285157 0.690404 0.128137,
        0.292118 0.684324 0.162618,
        0.290155 0.690731 0.126283,
        0.304756 0.685126 0.158071,
        0.294652 0.691268 0.123240,
        0.316516 0.686500 0.150279,
        0.297454 0.691784 0.120311,
        0.326081 0.688343 0.139830,
        0.300305 0.692615 0.115600,
        0.301868 0.693552 0.110285,
        0.258135 0.684769 0.160093,
        0.271834 0.684152 0.163593,
        0.278948 0.684068 0.164070,
        0.123206 0.676154 0.208956,
        0.118652 0.676159 0.208924,
        0.095094 0.670850 0.239035,
        0.107875 0.676403 0.207543,
        0.092466 0.671006 0.238147,
        0.097963 0.677078 0.203715,
        0.075569 0.672481 0.229786,
        0.060191 0.674763 0.216845,
        0.284656 0.663511 0.280656,
        0.257300 0.667335 0.258971,
        0.271197 0.661538 0.291844,
        0.242109 0.665436 0.269740,
        0.257276 0.660064 0.300206,
        0.344460 0.689270 0.134567,
        0.340830 0.696761 0.092084,
        0.333567 0.697149 0.089885,
        0.314550 0.671612 0.234712,
        0.309181 0.671575 0.234923,
        0.302963 0.665713 0.268169,
        0.296393 0.671855 0.233335,
        0.283644 0.672658 0.228779,
        0.294963 0.696985 0.090818,
        0.290474 0.697541 0.087664,
        0.308735 0.702546 0.059275,
        0.285242 0.697893 0.085665,
        0.089173 0.678158 0.197590,
        0.082552 0.679463 0.190189,
        0.048653 0.677585 0.200838,
        0.077356 0.681178 0.180461,
        0.041779 0.680611 0.183676,
        0.039265 0.683869 0.165199,
        0.074793 0.683081 0.169665,
        0.074564 0.683924 0.164885,
        0.041989 0.687373 0.145328,
        0.076001 0.685842 0.154011,
        0.049241 0.690496 0.127615,
        0.079989 0.687599 0.144044,
        0.060711 0.693234 0.112087,
        0.353164 0.667498 0.258044,
        0.371352 0.669689 0.245621,
        0.352144 0.674912 0.215996,
        0.375168 0.670307 0.242112,
        0.360000 0.676882 0.204823,
        0.389041 0.673355 0.224828,
        0.364846 0.679088 0.192313,
        0.279772 0.690295 0.128755,
        0.246130 0.685915 0.153598,
        0.125516 0.663003 0.283539,
        0.148257 0.667473 0.258187,
        0.106948 0.666780 0.262114,
        0.135452 0.670141 0.243055,
        0.126705 0.673329 0.224975,
        0.298526 0.696257 0.094945,
        0.300876 0.695434 0.099609,
        0.302035 0.694516 0.104817,
        0.230957 0.658337 0.310002,
        0.223474 0.664146 0.277054,
        0.202727 0.657767 0.313232,
        0.202400 0.663699 0.279590,
        0.179279 0.658224 0.310640,
        0.182989 0.664140 0.277087,
        0.150782 0.660007 0.300526,
        0.165196 0.665355 0.270198,
        0.149295 0.667307 0.259128,
        0.295677 0.703532 0.053683,
        0.282265 0.703925 0.051455,
        0.280087 0.698006 0.085026,
        0.279760 0.703938 0.051385,
        0.274624 0.697896 0.085650,
        0.266481 0.703681 0.052839,
        0.269657 0.697570 0.087500,
        0.253712 0.702871 0.057434,
        0.265280 0.697046 0.090471,
        0.242256 0.701535 0.065012,
        0.261631 0.696329 0.094535,
        0.232728 0.699707 0.075380,
        0.259072 0.695468 0.099420,
        0.226012 0.697496 0.087914,
        0.222720 0.695054 0.101766,
        0.398246 0.676905 0.204693,
        0.402192 0.680617 0.183646,
        0.366511 0.681390 0.179259,
        0.402384 0.681544 0.178388,
        0.365914 0.682889 0.170755,
        0.399755 0.685443 0.156276,
        0.361952 0.685321 0.156963,
        0.391715 0.689131 0.135356,
        0.354720 0.687464 0.144814,
        0.378914 0.692348 0.117113,
        0.361323 0.694993 0.102115,
        0.162313 0.695112 0.101438,
        0.161005 0.695790 0.097594,
        0.144341 0.691457 0.122163,
        0.158716 0.696425 0.093991,
        0.162668 0.694493 0.104950,
        0.144895 0.691450 0.122206,
        0.162523 0.694124 0.107043,
        0.148530 0.691512 0.121856,
        0.152503 0.691743 0.120546,
        0.086308 0.689134 0.135339,
        0.087165 0.689291 0.134448,
        0.076227 0.695485 0.099325,
        0.095647 0.690471 0.127757,
        0.093650 0.696942 0.091058,
        0.105737 0.691263 0.123268,
        0.112697 0.697619 0.087221,
        0.115866 0.691585 0.121443,
        0.146284 0.697578 0.087456,
        0.141483 0.691553 0.121622,
        0.147672 0.697550 0.087608,
        0.142636 0.691525 0.121778,
        0.151498 0.697366 0.088657,
        0.155462 0.696973 0.090882,
        0.156111 0.692138 0.118302,
        0.159179 0.692694 0.115148,
        0.161380 0.693371 0.111309,
        0.279772 0.689907 0.128687,
        0.275932 0.689971 0.128328,
        0.270577 0.690269 0.126640,
        0.265881 0.690781 0.123735,
        0.262086 0.691470 0.119828,
        0.259457 0.692267 0.115306,
        0.257988 0.693168 0.110196,
        0.257827 0.694126 0.104762,
        0.259072 0.695080 0.099352,
        0.261631 0.695941 0.094467,
        0.265280 0.696658 0.090403,
        0.269657 0.697182 0.087431,
        0.274624 0.697508 0.085582,
        0.280087 0.697618 0.084958,
        0.285242 0.697506 0.085596,
        0.290474 0.697153 0.087595,
        0.294963 0.696597 0.090750,
        0.298526 0.695869 0.094876,
        0.300876 0.695046 0.099541,
        0.302035 0.694128 0.104748,
        0.301868 0.693164 0.110217,
        0.300305 0.692227 0.115531,
        0.297454 0.691396 0.120242,
        0.294652 0.690880 0.123172,
        0.290155 0.690343 0.126215,
        0.285157 0.690017 0.128068,
      ]
    }
    coordIndex [
      139, 140, 141, -1,
      142, 143, 144, -1,
      145, 146, 142, -1,
      147, 148, 149, -1,
      150, 151, 152, -1,
      149, 148, 153, -1,
      146, 154, 142, -1,
      142, 154, 155, -1,
      142, 155, 156, -1,
      155, 157, 156, -1,
      156, 157, 158, -1,
      156, 158, 159, -1,
      159, 158, 160, -1,
      161, 162, 163, -1,
      163, 162, 164, -1,
      163, 164, 165, -1,
      165, 164, 166, -1,
      165, 166, 167, -1,
      167, 166, 168, -1,
      167, 168, 169, -1,
      169, 168, 141, -1,
      169, 141, 170, -1,
      171, 172, 161, -1,
      161, 172, 173, -1,
      161, 173, 162, -1,
      174, 175, 176, -1,
      176, 175, 177, -1,
      176, 177, 178, -1,
      178, 177, 179, -1,
      178, 179, 180, -1,
      180, 179, 181, -1,
      150, 152, 182, -1,
      182, 152, 183, -1,
      182, 183, 184, -1,
      184, 183, 185, -1,
      184, 185, 186, -1,
      187, 188, 141, -1,
      141, 188, 189, -1,
      141, 189, 139, -1,
      148, 190, 153, -1,
      153, 190, 191, -1,
      153, 191, 192, -1,
      192, 191, 193, -1,
      192, 193, 150, -1,
      150, 193, 194, -1,
      150, 194, 151, -1,
      195, 140, 196, -1,
      196, 140, 197, -1,
      196, 197, 198, -1,
      179, 199, 181, -1,
      181, 199, 200, -1,
      181, 200, 201, -1,
      201, 200, 202, -1,
      201, 202, 203, -1,
      203, 202, 204, -1,
      202, 205, 204, -1,
      204, 205, 206, -1,
      204, 206, 207, -1,
      207, 206, 208, -1,
      207, 208, 209, -1,
      209, 208, 210, -1,
      209, 210, 211, -1,
      149, 212, 147, -1,
      147, 212, 213, -1,
      147, 213, 214, -1,
      214, 213, 215, -1,
      214, 215, 216, -1,
      216, 215, 217, -1,
      216, 217, 218, -1,
      145, 142, 219, -1,
      219, 142, 144, -1,
      219, 144, 161, -1,
      161, 144, 220, -1,
      161, 220, 171, -1,
      221, 222, 223, -1,
      223, 222, 224, -1,
      223, 224, 176, -1,
      176, 224, 225, -1,
      176, 225, 174, -1,
      195, 226, 140, -1,
      140, 226, 227, -1,
      140, 227, 141, -1,
      141, 227, 228, -1,
      141, 228, 170, -1,
      186, 185, 229, -1,
      229, 185, 230, -1,
      229, 230, 231, -1,
      231, 230, 232, -1,
      231, 232, 233, -1,
      233, 232, 234, -1,
      233, 234, 235, -1,
      235, 234, 236, -1,
      235, 236, 221, -1,
      221, 236, 237, -1,
      221, 237, 222, -1,
      197, 238, 198, -1,
      198, 238, 239, -1,
      198, 239, 240, -1,
      240, 239, 241, -1,
      240, 241, 242, -1,
      242, 241, 243, -1,
      242, 243, 244, -1,
      244, 243, 245, -1,
      244, 245, 246, -1,
      246, 245, 247, -1,
      246, 247, 248, -1,
      248, 247, 249, -1,
      248, 249, 250, -1,
      250, 249, 251, -1,
      250, 251, 160, -1,
      160, 251, 252, -1,
      160, 252, 159, -1,
      217, 253, 218, -1,
      218, 253, 254, -1,
      218, 254, 255, -1,
      255, 254, 256, -1,
      255, 256, 257, -1,
      257, 256, 258, -1,
      257, 258, 259, -1,
      259, 258, 260, -1,
      259, 260, 261, -1,
      261, 260, 262, -1,
      261, 262, 187, -1,
      187, 262, 263, -1,
      187, 263, 188, -1,
      264, 265, 266, -1,
      266, 265, 267, -1,
      264, 266, 268, -1,
      268, 266, 269, -1,
      268, 269, 270, -1,
      270, 269, 271, -1,
      270, 271, 272, -1,
      210, 273, 211, -1,
      211, 273, 274, -1,
      211, 274, 275, -1,
      275, 274, 276, -1,
      275, 276, 277, -1,
      277, 276, 278, -1,
      277, 278, 279, -1,
      279, 278, 280, -1,
      279, 280, 281, -1,
      281, 280, 282, -1,
      281, 282, 283, -1,
      283, 282, 284, -1,
      283, 284, 285, -1,
      285, 284, 266, -1,
      285, 266, 286, -1,
      286, 266, 267, -1,
      272, 287, 270, -1,
      270, 287, 288, -1,
      270, 288, 289, -1,
      204, 49, 48, -1,
      136, 181, 201, -1,
      204, 48, 203, -1,
      203, 48, 138, -1,
      203, 138, 201, -1,
      201, 138, 137, -1,
      201, 137, 136, -1,
      136, 40, 181, -1,
      181, 40, 39, -1,
      181, 39, 180, -1,
      180, 39, 45, -1,
      180, 45, 178, -1,
      178, 45, 44, -1,
      178, 44, 176, -1,
      176, 44, 43, -1,
      176, 43, 223, -1,
      223, 43, 42, -1,
      223, 42, 221, -1,
      221, 42, 41, -1,
      221, 41, 235, -1,
      41, 33, 235, -1,
      235, 33, 38, -1,
      235, 38, 233, -1,
      233, 38, 37, -1,
      233, 37, 231, -1,
      231, 37, 36, -1,
      231, 36, 229, -1,
      229, 36, 35, -1,
      229, 35, 186, -1,
      186, 35, 34, -1,
      186, 34, 184, -1,
      29, 150, 182, -1,
      184, 34, 23, -1,
      184, 23, 182, -1,
      182, 23, 27, -1,
      182, 27, 29, -1,
      150, 29, 28, -1,
      150, 28, 192, -1,
      192, 28, 22, -1,
      192, 22, 153, -1,
      153, 22, 21, -1,
      153, 21, 149, -1,
      149, 21, 32, -1,
      149, 32, 212, -1,
      212, 32, 31, -1,
      212, 31, 213, -1,
      213, 31, 30, -1,
      213, 30, 215, -1,
      18, 256, 254, -1,
      215, 30, 26, -1,
      215, 26, 217, -1,
      217, 26, 25, -1,
      217, 25, 253, -1,
      25, 24, 253, -1,
      253, 24, 20, -1,
      253, 20, 254, -1,
      254, 20, 19, -1,
      254, 19, 18, -1,
      256, 18, 17, -1,
      256, 17, 258, -1,
      258, 17, 16, -1,
      258, 16, 260, -1,
      260, 16, 13, -1,
      260, 13, 262, -1,
      262, 13, 12, -1,
      262, 12, 263, -1,
      263, 12, 15, -1,
      263, 15, 188, -1,
      188, 15, 14, -1,
      188, 14, 189, -1,
      189, 14, 9, -1,
      11, 140, 139, -1,
      189, 9, 139, -1,
      139, 9, 10, -1,
      139, 10, 11, -1,
      11, 2, 140, -1,
      140, 2, 1, -1,
      140, 1, 197, -1,
      197, 1, 0, -1,
      197, 0, 238, -1,
      238, 0, 8, -1,
      238, 8, 239, -1,
      239, 8, 7, -1,
      239, 7, 241, -1,
      241, 7, 6, -1,
      46, 251, 249, -1,
      241, 6, 243, -1,
      243, 6, 5, -1,
      243, 5, 245, -1,
      245, 5, 4, -1,
      245, 4, 247, -1,
      247, 4, 3, -1,
      247, 3, 249, -1,
      249, 3, 47, -1,
      249, 47, 46, -1,
      46, 56, 251, -1,
      251, 56, 96, -1,
      251, 96, 252, -1,
      252, 96, 97, -1,
      252, 97, 159, -1,
      156, 159, 91, -1,
      91, 159, 97, -1,
      142, 156, 69, -1,
      69, 156, 91, -1,
      143, 142, 51, -1,
      51, 142, 69, -1,
      144, 143, 50, -1,
      50, 143, 51, -1,
      144, 50, 52, -1,
      144, 52, 220, -1,
      220, 52, 53, -1,
      220, 53, 171, -1,
      171, 53, 85, -1,
      171, 85, 172, -1,
      172, 85, 84, -1,
      172, 84, 173, -1,
      173, 84, 83, -1,
      173, 83, 162, -1,
      162, 83, 71, -1,
      162, 71, 164, -1,
      164, 71, 72, -1,
      164, 72, 166, -1,
      166, 72, 64, -1,
      166, 64, 168, -1,
      168, 64, 66, -1,
      168, 66, 141, -1,
      141, 66, 65, -1,
      141, 65, 187, -1,
      187, 65, 63, -1,
      187, 63, 261, -1,
      261, 63, 62, -1,
      261, 62, 259, -1,
      259, 62, 74, -1,
      259, 74, 257, -1,
      257, 74, 73, -1,
      257, 73, 255, -1,
      218, 255, 61, -1,
      61, 255, 73, -1,
      61, 108, 218, -1,
      218, 108, 107, -1,
      218, 107, 216, -1,
      216, 107, 121, -1,
      216, 121, 214, -1,
      121, 135, 214, -1,
      214, 135, 134, -1,
      214, 134, 147, -1,
      147, 134, 133, -1,
      147, 133, 148, -1,
      148, 133, 127, -1,
      148, 127, 190, -1,
      190, 127, 126, -1,
      190, 126, 191, -1,
      191, 126, 125, -1,
      191, 125, 193, -1,
      193, 125, 122, -1,
      193, 122, 194, -1,
      194, 122, 117, -1,
      194, 117, 151, -1,
      151, 117, 120, -1,
      151, 120, 152, -1,
      152, 120, 128, -1,
      152, 128, 183, -1,
      183, 128, 130, -1,
      183, 130, 185, -1,
      185, 130, 132, -1,
      185, 132, 230, -1,
      230, 132, 131, -1,
      230, 131, 232, -1,
      232, 131, 129, -1,
      232, 129, 234, -1,
      234, 129, 119, -1,
      234, 119, 236, -1,
      236, 119, 118, -1,
      236, 118, 237, -1,
      237, 118, 116, -1,
      237, 116, 222, -1,
      222, 116, 115, -1,
      222, 115, 224, -1,
      224, 115, 124, -1,
      224, 124, 225, -1,
      225, 124, 174, -1,
      174, 124, 123, -1,
      174, 123, 109, -1,
      175, 174, 110, -1,
      110, 174, 109, -1,
      175, 110, 114, -1,
      175, 114, 177, -1,
      177, 114, 113, -1,
      177, 113, 179, -1,
      179, 113, 112, -1,
      179, 112, 199, -1,
      199, 112, 111, -1,
      199, 111, 200, -1,
      200, 111, 60, -1,
      200, 60, 202, -1,
      60, 59, 202, -1,
      202, 59, 58, -1,
      202, 58, 205, -1,
      205, 58, 101, -1,
      205, 101, 206, -1,
      206, 101, 100, -1,
      206, 100, 208, -1,
      208, 100, 99, -1,
      208, 99, 210, -1,
      210, 99, 98, -1,
      210, 98, 273, -1,
      273, 98, 106, -1,
      273, 106, 274, -1,
      274, 106, 105, -1,
      274, 105, 276, -1,
      276, 105, 104, -1,
      276, 104, 278, -1,
      278, 104, 103, -1,
      278, 103, 280, -1,
      282, 280, 102, -1,
      102, 280, 103, -1,
      282, 102, 82, -1,
      282, 82, 284, -1,
      284, 82, 81, -1,
      284, 81, 266, -1,
      266, 81, 80, -1,
      266, 80, 269, -1,
      269, 80, 70, -1,
      269, 70, 271, -1,
      271, 70, 68, -1,
      271, 68, 272, -1,
      272, 68, 67, -1,
      272, 67, 287, -1,
      287, 67, 93, -1,
      287, 93, 288, -1,
      288, 93, 92, -1,
      288, 92, 289, -1,
      289, 92, 90, -1,
      289, 90, 270, -1,
      270, 90, 89, -1,
      270, 89, 268, -1,
      268, 89, 95, -1,
      268, 95, 264, -1,
      264, 95, 94, -1,
      264, 94, 265, -1,
      265, 94, 57, -1,
      265, 57, 267, -1,
      267, 57, 55, -1,
      267, 55, 286, -1,
      286, 55, 54, -1,
      286, 54, 285, -1,
      285, 54, 88, -1,
      285, 88, 283, -1,
      283, 88, 87, -1,
      283, 87, 281, -1,
      279, 281, 86, -1,
      86, 281, 87, -1,
      279, 86, 78, -1,
      279, 78, 277, -1,
      277, 78, 77, -1,
      277, 77, 275, -1,
      275, 77, 76, -1,
      275, 76, 211, -1,
      211, 76, 75, -1,
      211, 75, 209, -1,
      209, 75, 79, -1,
      209, 79, 207, -1,
      207, 79, 49, -1,
      207, 49, 204, -1,
      219, 290, 291, -1,
      219, 291, 145, -1,
      145, 291, 292, -1,
      145, 292, 146, -1,
      146, 292, 293, -1,
      146, 293, 154, -1,
      154, 293, 294, -1,
      154, 294, 155, -1,
      155, 294, 295, -1,
      155, 295, 157, -1,
      157, 295, 296, -1,
      157, 296, 158, -1,
      158, 296, 297, -1,
      158, 297, 160, -1,
      160, 297, 298, -1,
      160, 298, 250, -1,
      250, 298, 299, -1,
      250, 299, 248, -1,
      248, 299, 300, -1,
      248, 300, 246, -1,
      246, 300, 301, -1,
      246, 301, 244, -1,
      244, 301, 302, -1,
      244, 302, 242, -1,
      242, 302, 303, -1,
      242, 303, 240, -1,
      240, 303, 304, -1,
      240, 304, 198, -1,
      198, 304, 305, -1,
      198, 305, 196, -1,
      196, 305, 306, -1,
      196, 306, 195, -1,
      195, 306, 307, -1,
      195, 307, 226, -1,
      226, 307, 308, -1,
      226, 308, 227, -1,
      227, 308, 309, -1,
      227, 309, 228, -1,
      228, 309, 310, -1,
      228, 310, 170, -1,
      170, 310, 311, -1,
      170, 311, 169, -1,
      169, 311, 312, -1,
      169, 312, 167, -1,
      167, 312, 313, -1,
      167, 313, 165, -1,
      165, 313, 314, -1,
      165, 314, 163, -1,
      163, 314, 315, -1,
      163, 315, 161, -1,
      161, 315, 290, -1,
      161, 290, 219, -1,
    ]
  }
}

Shape {
  appearance Appearance {
    material Material {
      diffuseColor 0.2510 0.2510 0.2510
      specularColor 0.1255 0.1255 0.1255
      ambientIntensity 0.2
      transparency 0.0000
      shininess 0.5
    }
  }
  geometry IndexedFaceSet {
    ccw TRUE
    solid FALSE
    coord DEF co Coordinate {
      point [
        0.279772 0.689907 0.128687,
        0.275932 0.689971 0.128328,
        0.270577 0.690269 0.126640,
        0.265881 0.690781 0.123735,
        0.262086 0.691470 0.119828,
        0.259457 0.692267 0.115306,
        0.257988 0.693168 0.110196,
        0.257827 0.694126 0.104762,
        0.259072 0.695080 0.099352,
        0.261631 0.695941 0.094467,
        0.265280 0.696658 0.090403,
        0.269657 0.697182 0.087431,
        0.274624 0.697508 0.085582,
        0.280087 0.697618 0.084958,
        0.285242 0.697506 0.085596,
        0.290474 0.697153 0.087595,
        0.294963 0.696597 0.090750,
        0.298526 0.695869 0.094876,
        0.300876 0.695046 0.099541,
        0.302035 0.694128 0.104748,
        0.301868 0.693164 0.110217,
        0.300305 0.692227 0.115531,
        0.297454 0.691396 0.120242,
        0.294652 0.690880 0.123172,
        0.290155 0.690343 0.126215,
        0.285157 0.690017 0.128068,
      ]
    }
    coordIndex [
      13, 23, 22, -1,
      0, 13, 1, -1,
      1, 13, 12, -1,
      0, 25, 13, -1,
      13, 25, 24, -1,
      13, 24, 23, -1,
      10, 4, 3, -1,
      18, 17, 22, -1,
      22, 17, 16, -1,
      12, 11, 1, -1,
      1, 11, 10, -1,
      1, 10, 2, -1,
      2, 10, 3, -1,
      21, 20, 22, -1,
      22, 20, 19, -1,
      22, 19, 18, -1,
      16, 15, 22, -1,
      22, 15, 14, -1,
      22, 14, 13, -1,
      8, 7, 9, -1,
      9, 7, 6, -1,
      9, 6, 10, -1,
      10, 6, 5, -1,
      10, 5, 4, -1,
    ]
  }
}
