#VRML V2.0 utf8

Shape {
  appearance Appearance {
    material Material {
      diffuseColor 0.8549 0.8549 0.8549
      specularColor 0.4275 0.4275 0.4275
      ambientIntensity 0.2
      transparency 0.0000
      shininess 0.5
    }
  }
  geometry IndexedFaceSet {
    ccw TRUE
    solid FALSE
    coord DEF co Coordinate {
      point [
        -1.318898 0.157480 0.629921,
        -1.318898 0.590551 0.629921,
        -1.336419 0.590551 0.627947,
        -1.336419 0.157468 0.627947,
        -1.353062 0.590551 0.622124,
        -1.353062 0.157287 0.622124,
        -1.367991 0.590551 0.612743,
        -1.367991 0.156541 0.612743,
        -1.380459 0.590551 0.600275,
        -1.380459 0.154665 0.600275,
        -1.383950 0.153315 0.594719,
        -1.389840 0.590551 0.585345,
        -1.389840 0.151040 0.585345,
        -1.395664 0.590551 0.568702,
        -1.395664 0.145094 0.568702,
        -1.396791 0.140118 0.558695,
        -1.397638 0.590551 0.551181,
        -1.397638 0.136382 0.551181,
        -1.397638 -0.136382 0.551181,
        -1.397638 -0.590551 0.551181,
        -1.396791 -0.140118 0.558695,
        -1.395664 -0.590551 0.568702,
        -1.395664 -0.145094 0.568702,
        -1.389840 -0.590551 0.585345,
        -1.389840 -0.151040 0.585345,
        -1.383950 -0.153315 0.594719,
        -1.380459 -0.590551 0.600275,
        -1.380459 -0.154665 0.600275,
        -1.367991 -0.590551 0.612743,
        -1.367991 -0.156541 0.612743,
        -1.353062 -0.590551 0.622124,
        -1.353062 -0.157287 0.622124,
        -1.336419 -0.590551 0.627947,
        -1.336419 -0.157468 0.627947,
        -1.318898 -0.590551 0.629921,
        -1.318898 -0.157480 0.629921,
        1.394955 0.590551 0.571561,
        1.387089 0.590551 0.590551,
        1.386807 0.152303 0.590401,
        1.391670 0.149770 0.581250,
        1.394955 0.146267 0.571561,
        1.397638 0.590551 0.551181,
        1.397291 0.140385 0.558562,
        1.397638 0.136382 0.551181,
        1.374575 0.590551 0.606859,
        1.358268 0.590551 0.619372,
        1.358268 0.157127 0.619372,
        1.366859 0.156635 0.613629,
        1.374575 0.155782 0.606859,
        1.384534 0.153486 0.594677,
        1.339277 0.590551 0.627238,
        1.318898 0.590551 0.629921,
        1.318898 0.157480 0.629921,
        1.329191 0.157479 0.629246,
        1.339277 0.157457 0.627238,
        1.349067 0.157366 0.623912,
      ]
    }
    coordIndex [
      0, 1, 2, -1,
      0, 2, 3, -1,
      3, 2, 4, -1,
      3, 4, 5, -1,
      5, 4, 6, -1,
      5, 6, 7, -1,
      7, 6, 8, -1,
      7, 8, 9, -1,
      9, 8, 10, -1,
      10, 8, 11, -1,
      10, 11, 12, -1,
      12, 11, 13, -1,
      12, 13, 14, -1,
      14, 13, 15, -1,
      15, 13, 16, -1,
      15, 16, 17, -1,
      18, 19, 20, -1,
      20, 19, 21, -1,
      20, 21, 22, -1,
      22, 21, 23, -1,
      22, 23, 24, -1,
      24, 23, 25, -1,
      25, 23, 26, -1,
      25, 26, 27, -1,
      27, 26, 28, -1,
      27, 28, 29, -1,
      29, 28, 30, -1,
      29, 30, 31, -1,
      31, 30, 32, -1,
      31, 32, 33, -1,
      33, 32, 34, -1,
      33, 34, 35, -1,
      36, 37, 38, -1,
      38, 39, 36, -1,
      36, 39, 40, -1,
      36, 40, 41, -1,
      41, 40, 42, -1,
      41, 42, 43, -1,
      44, 45, 46, -1,
      46, 47, 44, -1,
      44, 47, 48, -1,
      44, 48, 37, -1,
      37, 48, 49, -1,
      37, 49, 38, -1,
      50, 51, 52, -1,
      52, 53, 50, -1,
      50, 53, 54, -1,
      50, 54, 45, -1,
      45, 54, 55, -1,
      45, 55, 46, -1,
    ]
  }
}

Shape {
  appearance Appearance {
    material Material {
      diffuseColor 0.6471 0.6471 0.6471
      specularColor 0.3216 0.3216 0.3216
      ambientIntensity 0.2
      transparency 0.0000
      shininess 0.5
    }
  }
  geometry IndexedFaceSet {
    ccw TRUE
    solid FALSE
    coord DEF co Coordinate {
      point [
        1.318898 0.590551 0.629921,
        1.318898 0.157480 0.629921,
        1.161417 -1.299213 0.039370,
        0.061936 -1.299213 0.039370,
        0.669291 -0.649606 0.039370,
        0.101119 0.059550 0.039370,
        0.112748 0.058244 0.039370,
        0.075576 -0.029125 0.039370,
        1.318898 1.141732 0.039370,
        1.318898 0.649606 0.039370,
        0.669291 0.649606 0.039370,
        1.297799 1.220472 0.039370,
        1.161417 1.299213 0.039370,
        1.272773 1.253088 0.039370,
        1.202176 1.293846 0.039370,
        1.240157 1.278114 0.039370,
        0.061936 1.299213 0.039370,
        1.313531 1.182491 0.039370,
        0.131960 -0.043028 0.039370,
        0.171404 -0.047038 0.039370,
        0.120513 -0.046969 0.039370,
        0.112903 -0.047758 0.039370,
        0.121589 0.055053 0.039370,
        0.129764 0.049584 0.039370,
        0.136896 0.041710 0.039370,
        0.145477 0.010757 0.039370,
        0.144281 -0.002029 0.039370,
        0.141072 -0.012188 0.039370,
        0.114791 -0.034279 0.039370,
        0.103774 -0.035515 0.039370,
        0.123396 -0.031111 0.039370,
        0.130645 -0.026225 0.039370,
        0.136188 -0.020378 0.039370,
        0.088096 -0.033774 0.039370,
        0.086763 0.057685 0.039370,
        0.073459 -0.027953 0.039370,
        0.073459 0.051988 0.039370,
        0.073459 0.067832 0.039370,
        0.141766 0.032591 0.039370,
        0.144914 0.019947 0.039370,
        0.155088 0.039964 0.039370,
        0.148165 0.051007 0.039370,
        0.216056 0.071072 0.039370,
        0.231899 0.071072 0.039370,
        0.231899 -0.047038 0.039370,
        0.669291 -0.047758 0.039370,
        0.141461 -0.036961 0.039370,
        0.150332 -0.027622 0.039370,
        0.171404 -0.034074 0.039370,
        0.156624 -0.016391 0.039370,
        0.216056 -0.034074 0.039370,
        0.137502 0.061262 0.039370,
        0.126283 0.067719 0.039370,
        0.113117 0.071544 0.039370,
        0.160179 -0.003889 0.039370,
        0.161321 0.009789 0.039370,
        0.159622 0.026581 0.039370,
        0.101254 0.072513 0.039370,
        0.087114 0.071537 0.039370,
        0.073459 -0.040916 0.039370,
        0.086049 -0.046085 0.039370,
        0.061936 -0.047758 0.039370,
        0.097983 -0.047758 0.039370,
        0.102728 -0.048422 0.039370,
        0.105957 -0.048478 0.039370,
        1.240157 -1.278114 0.039370,
        1.318898 -1.141732 0.039370,
        1.272773 -1.253088 0.039370,
        1.313531 -1.182491 0.039370,
        1.297799 -1.220472 0.039370,
        1.318898 -0.649606 0.039370,
        1.202176 -1.293846 0.039370,
        -0.139716 -0.047038 0.039370,
        -0.125176 -0.014666 0.039370,
        -0.118402 -0.025230 0.039370,
        -0.012963 -0.047038 0.039370,
        0.050413 -0.047038 0.039370,
        0.050413 0.071072 0.039370,
        -1.240157 1.278114 0.039370,
        -1.202176 1.293846 0.039370,
        -0.010083 0.071072 0.039370,
        -1.161417 1.299213 0.039370,
        -0.010083 0.058109 0.039370,
        0.034569 0.058109 0.039370,
        0.034569 0.019219 0.039370,
        -0.108681 -0.034539 0.039370,
        -0.096348 -0.041706 0.039370,
        -0.082739 -0.045762 0.039370,
        -0.184367 0.071072 0.039370,
        -0.200211 0.071072 0.039370,
        -0.669291 0.649606 0.039370,
        -0.669291 -0.047758 0.039370,
        -0.036009 0.071072 0.039370,
        -0.007202 0.019219 0.039370,
        -0.007202 0.006256 0.039370,
        0.034569 0.006256 0.039370,
        0.034569 -0.034074 0.039370,
        -0.012963 -0.034074 0.039370,
        -0.036009 -0.047038 0.039370,
        -0.068125 -0.047038 0.039370,
        -0.246303 -0.047038 0.039370,
        -0.229019 -0.047038 0.039370,
        -1.318898 0.649606 0.039370,
        -1.318898 1.141732 0.039370,
        -1.313531 1.182491 0.039370,
        -1.297799 1.220472 0.039370,
        -1.272773 1.253088 0.039370,
        -0.217068 -0.013909 0.039370,
        -0.168276 -0.013909 0.039370,
        -0.157000 -0.047038 0.039370,
        -0.069340 0.071072 0.039370,
        -0.086404 0.069248 0.039370,
        -0.100223 0.064396 0.039370,
        -0.113078 0.055781 0.039370,
        -0.113202 0.055672 0.039370,
        -0.121554 0.046411 0.039370,
        -0.127043 0.036254 0.039370,
        -0.130215 0.024617 0.039370,
        -0.131074 0.013503 0.039370,
        -0.129416 -0.002304 0.039370,
        -0.669291 -0.649606 0.039370,
        -1.318898 -0.649606 0.039370,
        -1.161417 -1.299213 0.039370,
        -1.318898 -1.141732 0.039370,
        -1.240157 -1.278114 0.039370,
        -1.272773 -1.253088 0.039370,
        -1.202176 -1.293846 0.039370,
        -1.297799 -1.220472 0.039370,
        -1.313531 -1.182491 0.039370,
        -0.077944 -1.299213 1.141732,
        0.052650 -1.299213 1.141732,
        0.052650 -0.259329 1.141732,
        -0.093328 0.196850 1.141732,
        -0.077944 0.161358 1.141732,
        -0.077944 0.198051 1.141732,
        -0.178300 0.195053 1.141732,
        -0.178300 0.198051 1.141732,
        -0.192633 0.198051 1.141732,
        -1.161417 -1.299213 1.141732,
        -0.227742 -1.299213 1.141732,
        -0.227742 -0.259329 1.141732,
        0.329406 -0.185925 1.141732,
        0.332518 -0.198585 1.141732,
        0.323439 -0.122494 1.141732,
        0.228094 0.008887 1.141732,
        0.218772 0.006108 1.141732,
        0.218772 -0.001200 1.141732,
        -0.198540 -0.259218 1.141732,
        -0.198902 -0.259329 1.141732,
        -0.178300 -0.259329 1.141732,
        0.198640 -0.259329 1.141732,
        0.196296 -0.260049 1.141732,
        0.218772 -1.299213 1.141732,
        0.171720 -1.299213 1.141732,
        0.206289 -0.247866 1.141732,
        0.205873 -0.251203 1.141732,
        0.218772 -0.259329 1.141732,
        0.204693 -0.254022 1.141732,
        0.193656 -0.260289 1.141732,
        0.190326 -0.259870 1.141732,
        0.171720 -0.259329 1.141732,
        0.188968 -0.259329 1.141732,
        0.187747 -0.258842 1.141732,
        0.181322 -0.247866 1.141732,
        0.181437 -0.249644 1.141732,
        0.182056 -0.252227 1.141732,
        0.197122 -0.235733 1.141732,
        0.199670 -0.236702 1.141732,
        0.218772 -0.099928 1.141732,
        0.202073 -0.238387 1.141732,
        0.202983 -0.256351 1.141732,
        0.201360 -0.257835 1.141732,
        0.199002 -0.259218 1.141732,
        0.185409 -0.257183 1.141732,
        0.183482 -0.254976 1.141732,
        0.204199 -0.240815 1.141732,
        0.205543 -0.243459 1.141732,
        0.206171 -0.246019 1.141732,
        0.181712 -0.244489 1.141732,
        0.182767 -0.241823 1.141732,
        0.171720 -0.099928 1.141732,
        0.184491 -0.239380 1.141732,
        0.193746 -0.235323 1.141732,
        0.190911 -0.235620 1.141732,
        0.186165 -0.237817 1.141732,
        0.188458 -0.236408 1.141732,
        -0.178300 -1.299213 1.141732,
        -0.201246 -0.260049 1.141732,
        -0.191253 -0.247866 1.141732,
        -0.191669 -0.251203 1.141732,
        -0.192849 -0.254022 1.141732,
        -0.203886 -0.260289 1.141732,
        -0.207216 -0.259870 1.141732,
        -0.208574 -0.259329 1.141732,
        -0.209795 -0.258842 1.141732,
        -0.215485 -0.252227 1.141732,
        -0.216105 -0.249644 1.141732,
        -0.178300 -0.099928 1.141732,
        -0.197871 -0.236702 1.141732,
        -0.195469 -0.238387 1.141732,
        -0.194559 -0.256351 1.141732,
        -0.196181 -0.257835 1.141732,
        -0.212133 -0.257183 1.141732,
        -0.214060 -0.254976 1.141732,
        -0.206630 -0.235620 1.141732,
        -0.203796 -0.235323 1.141732,
        -0.200420 -0.235733 1.141732,
        -0.193343 -0.240815 1.141732,
        -0.191998 -0.243459 1.141732,
        -0.191370 -0.246019 1.141732,
        -0.214775 -0.241823 1.141732,
        -0.227742 -0.099928 1.141732,
        -0.215830 -0.244489 1.141732,
        -0.216219 -0.247866 1.141732,
        -0.213050 -0.239380 1.141732,
        -0.211376 -0.237817 1.141732,
        -0.209083 -0.236408 1.141732,
        0.218772 0.198051 1.141732,
        0.218772 0.191264 1.141732,
        0.309506 0.198051 1.141732,
        0.234552 0.185723 1.141732,
        0.255977 0.171364 1.141732,
        0.248648 0.020831 1.141732,
        0.309506 -0.001200 1.141732,
        0.264851 0.036345 1.141732,
        0.276140 0.053952 1.141732,
        0.256183 0.171183 1.141732,
        0.270104 0.155748 1.141732,
        0.279252 0.138819 1.141732,
        0.284539 0.119424 1.141732,
        0.285970 0.100901 1.141732,
        0.283207 0.074557 1.141732,
        0.171720 0.198051 1.141732,
        0.183081 0.196850 1.141732,
        0.211520 0.193810 1.141732,
        0.043507 0.196850 1.141732,
        0.052650 0.196850 1.141732,
        0.052650 0.198051 1.141732,
        0.074715 0.196850 1.141732,
        0.205412 0.002126 1.141732,
        0.181055 0.000000 1.141732,
        0.171720 -0.001200 1.141732,
        0.171720 0.000000 1.141732,
        0.127529 0.000000 1.141732,
        0.310738 -0.117832 1.141732,
        0.309506 -0.117687 1.141732,
        0.309506 -0.163402 1.141732,
        0.331545 -0.221595 1.141732,
        0.327543 -0.233024 1.141732,
        1.318898 -0.259329 1.141732,
        0.324381 -0.176428 1.141732,
        0.319672 -0.103129 1.141732,
        0.323439 -0.105209 1.141732,
        1.318898 -0.099928 1.141732,
        0.317594 -0.168820 1.141732,
        0.333041 -0.207356 1.141732,
        0.287350 -0.099928 1.141732,
        0.296912 -0.098968 1.141732,
        0.307391 -0.099928 1.141732,
        0.309506 -0.099928 1.141732,
        0.309506 -0.100122 1.141732,
        0.310641 -0.100226 1.141732,
        0.275052 -0.259329 1.141732,
        0.269297 -0.258617 1.141732,
        0.259946 -0.254944 1.141732,
        0.270751 -0.104813 1.141732,
        0.283872 -0.100277 1.141732,
        0.251383 -0.248860 1.141732,
        0.244378 -0.240896 1.141732,
        0.237641 -0.228312 1.141732,
        0.240292 -0.139022 1.141732,
        0.249607 -0.122921 1.141732,
        0.259846 -0.111989 1.141732,
        0.232536 -0.208346 1.141732,
        0.231255 -0.188961 1.141732,
        0.233770 -0.160547 1.141732,
        0.293424 -0.259329 1.141732,
        0.293354 -0.259351 1.141732,
        0.309506 -1.299213 1.141732,
        0.282809 -0.260289 1.141732,
        0.321247 -0.242765 1.141732,
        0.313178 -0.250575 1.141732,
        0.309506 -0.259329 1.141732,
        0.309506 -0.252778 1.141732,
        0.304114 -0.256011 1.141732,
        0.251150 -0.180949 1.141732,
        0.251661 -0.180949 1.141732,
        0.252363 -0.164209 1.141732,
        0.257423 -0.172015 1.141732,
        0.257131 -0.146090 1.141732,
        0.263784 -0.165863 1.141732,
        0.263462 -0.134295 1.141732,
        0.271309 -0.161543 1.141732,
        0.271114 -0.125708 1.141732,
        0.279544 -0.159184 1.141732,
        0.278894 -0.120425 1.141732,
        0.287730 -0.158503 1.141732,
        0.287152 -0.117398 1.141732,
        0.297302 -0.116252 1.141732,
        0.299549 -0.159757 1.141732,
        0.308928 -0.163015 1.141732,
        -1.318898 -0.259329 1.141732,
        -1.318898 -1.141732 1.141732,
        -1.313531 -1.182491 1.141732,
        -1.297799 -1.220472 1.141732,
        -1.202176 -1.293846 1.141732,
        -1.272773 -1.253088 1.141732,
        -1.240157 -1.278114 1.141732,
        -1.318898 1.141732 1.141732,
        -1.318898 0.198051 1.141732,
        -1.161417 1.299213 1.141732,
        -1.313531 1.182491 1.141732,
        -1.202176 1.293846 1.141732,
        -1.240157 1.278114 1.141732,
        -1.272773 1.253088 1.141732,
        -1.297799 1.220472 1.141732,
        1.202176 1.293846 1.141732,
        1.161417 1.299213 1.141732,
        1.318898 1.141732 1.141732,
        0.309506 1.299213 1.141732,
        1.318898 0.198051 1.141732,
        1.313531 1.182491 1.141732,
        1.297799 1.220472 1.141732,
        1.272773 1.253088 1.141732,
        1.240157 1.278114 1.141732,
        1.161417 -1.299213 1.141732,
        1.318898 -1.141732 1.141732,
        1.313531 -1.182491 1.141732,
        1.202176 -1.293846 1.141732,
        1.240157 -1.278114 1.141732,
        1.272773 -1.253088 1.141732,
        1.297799 -1.220472 1.141732,
        -0.237520 0.197129 1.141732,
        -0.228067 0.198051 1.141732,
        -0.227742 1.299213 1.141732,
        -0.266365 0.108217 1.141732,
        -0.275091 0.116547 1.141732,
        -0.285377 0.036609 1.141732,
        -0.237252 0.090586 1.141732,
        -0.280732 0.125439 1.141732,
        -0.284252 0.135700 1.141732,
        -0.285377 0.146437 1.141732,
        -0.283613 0.160041 1.141732,
        -0.279766 0.169461 1.141732,
        -0.273578 0.178008 1.141732,
        -0.279068 0.004786 1.141732,
        -0.285377 0.007802 1.141732,
        -1.318898 -0.001200 1.141732,
        -0.270986 0.027767 1.141732,
        -0.247685 0.020604 1.141732,
        -0.227742 0.085539 1.141732,
        -0.232901 0.019205 1.141732,
        -0.227742 0.019602 1.141732,
        -0.265126 0.185343 1.141732,
        -0.254056 0.191703 1.141732,
        -0.219370 -0.001200 1.141732,
        -0.227742 -0.001811 1.141732,
        -0.235826 -0.002401 1.141732,
        -0.247475 -0.001200 1.141732,
        -0.176905 0.017716 1.141732,
        -0.178300 0.016498 1.141732,
        -0.178300 -0.001200 1.141732,
        -0.185138 0.010528 1.141732,
        -0.196263 0.004441 1.141732,
        -0.215476 -0.000916 1.141732,
        -0.172548 0.165042 1.141732,
        -0.161015 -0.001200 1.141732,
        -0.161015 0.198051 1.141732,
        -0.172548 0.193850 1.141732,
        -0.170546 0.026946 1.141732,
        -0.178300 0.168029 1.141732,
        -0.178300 0.082952 1.141732,
        -0.176828 0.081580 1.141732,
        -0.170285 0.071737 1.141732,
        -0.166633 0.061871 1.141732,
        -0.165346 0.050750 1.141732,
        -0.166896 0.036920 1.141732,
        -0.187431 0.172770 1.141732,
        -0.217147 0.109078 1.141732,
        -0.188183 0.092160 1.141732,
        -0.204258 0.176792 1.141732,
        -0.217859 0.177645 1.141732,
        -0.227742 0.114693 1.141732,
        -0.227742 0.176750 1.141732,
        -0.235444 0.118774 1.141732,
        -0.256034 0.136086 1.141732,
        -0.258106 0.141514 1.141732,
        -0.258970 0.149026 1.141732,
        -0.252705 0.131204 1.141732,
        -0.246669 0.125910 1.141732,
        -0.253743 0.164520 1.141732,
        -0.256612 0.160054 1.141732,
        -0.258352 0.154991 1.141732,
        -0.231640 0.176396 1.141732,
        -0.242091 0.173054 1.141732,
        -0.249257 0.168831 1.141732,
        -0.193905 0.198317 1.141732,
        -0.178300 1.299213 1.141732,
        -0.215759 0.199251 1.141732,
        -0.227742 0.198082 1.141732,
        -0.218607 0.020306 1.141732,
        -0.207756 0.074639 1.141732,
        -0.210498 0.076387 1.141732,
        -0.208617 0.023007 1.141732,
        -0.201557 0.026905 1.141732,
        -0.197458 0.030768 1.141732,
        -0.194852 0.034671 1.141732,
        -0.192585 0.040810 1.141732,
        -0.191753 0.048575 1.141732,
        -0.192609 0.055560 1.141732,
        -0.194839 0.061161 1.141732,
        -0.199654 0.067763 1.141732,
        -0.026298 0.038410 1.141732,
        -0.025398 0.038410 1.141732,
        -0.030256 0.050586 1.141732,
        -0.020824 0.050731 1.141732,
        -0.035075 0.062454 1.141732,
        -0.016058 0.062979 1.141732,
        -0.102930 0.130233 1.141732,
        -0.102930 0.000000 1.141732,
        -0.077944 -0.001200 1.141732,
        -0.126936 0.000000 1.141732,
        -0.102930 0.170444 1.141732,
        -0.103680 0.170444 1.141732,
        -0.100439 0.159771 1.141732,
        -0.103069 0.150343 1.141732,
        -0.097154 0.149326 1.141732,
        -0.077944 0.104394 1.141732,
        0.074715 0.000000 1.141732,
        0.052650 0.000000 1.141732,
        0.052650 -0.001200 1.141732,
        0.050709 0.000000 1.141732,
        -0.033312 0.000000 1.141732,
        -0.018909 0.000000 1.141732,
        0.051283 0.150938 1.141732,
        0.052622 0.170444 1.141732,
        0.051985 0.170444 1.141732,
        -0.156684 -0.123934 1.141732,
        -0.161015 -0.099928 1.141732,
        -0.156684 -0.143139 1.141732,
        -0.161015 -0.259329 1.141732,
        -0.153735 -0.142334 1.141732,
        -0.100990 -0.099928 1.141732,
        -0.100990 -0.258369 1.141732,
        -0.077944 -0.259329 1.141732,
        -0.120195 -0.258369 1.141732,
        -0.120195 -0.124594 1.141732,
        -0.134742 -0.134362 1.141732,
        -0.077944 -0.099928 1.141732,
        -0.100990 -0.098968 1.141732,
        -0.131393 -0.113721 1.141732,
        -0.109954 -0.099928 1.141732,
        -0.108462 -0.098968 1.141732,
        -0.126936 0.196850 1.141732,
        0.152515 -0.122494 1.141732,
        0.136467 -0.099928 1.141732,
        0.139718 -0.100226 1.141732,
        0.148748 -0.103129 1.141732,
        0.152515 -0.105209 1.141732,
        0.128625 -0.159757 1.141732,
        0.138005 -0.163015 1.141732,
        0.146670 -0.168820 1.141732,
        0.153457 -0.176428 1.141732,
        0.160621 -0.221595 1.141732,
        0.156620 -0.233024 1.141732,
        0.150323 -0.242765 1.141732,
        0.142254 -0.250575 1.141732,
        0.080227 -0.180949 1.141732,
        0.080737 -0.180949 1.141732,
        0.081439 -0.164209 1.141732,
        0.086499 -0.172015 1.141732,
        0.086207 -0.146090 1.141732,
        0.092861 -0.165863 1.141732,
        0.092539 -0.134295 1.141732,
        0.100385 -0.161543 1.141732,
        0.100190 -0.125708 1.141732,
        0.108621 -0.159184 1.141732,
        0.107971 -0.120425 1.141732,
        0.116806 -0.158503 1.141732,
        0.139814 -0.117832 1.141732,
        0.126378 -0.116252 1.141732,
        0.116229 -0.117398 1.141732,
        0.158483 -0.185925 1.141732,
        0.161594 -0.198585 1.141732,
        0.162118 -0.207356 1.141732,
        0.116426 -0.099928 1.141732,
        0.125988 -0.098968 1.141732,
        0.104128 -0.259329 1.141732,
        0.098373 -0.258617 1.141732,
        0.089023 -0.254944 1.141732,
        0.099828 -0.104813 1.141732,
        0.112948 -0.100277 1.141732,
        0.052650 -0.099928 1.141732,
        0.127529 0.196850 1.141732,
        0.171720 0.196850 1.141732,
        0.080459 -0.248860 1.141732,
        0.073454 -0.240896 1.141732,
        0.066717 -0.228312 1.141732,
        0.069368 -0.139022 1.141732,
        0.078683 -0.122921 1.141732,
        0.088923 -0.111989 1.141732,
        0.061612 -0.208346 1.141732,
        0.060331 -0.188961 1.141732,
        0.062847 -0.160547 1.141732,
        0.133191 -0.256011 1.141732,
        0.122500 -0.259329 1.141732,
        0.122430 -0.259351 1.141732,
        0.111885 -0.260289 1.141732,
        -0.161015 -1.299213 1.141732,
        -0.285157 -0.218691 1.141732,
        -0.291117 -0.242944 1.141732,
        -0.293519 -0.258369 1.141732,
        -0.314644 -0.258369 1.141732,
        -0.337210 -0.100888 1.141732,
        -1.318898 -0.099928 1.141732,
        -0.261162 0.000210 1.141732,
        -0.302210 -0.208593 1.141732,
        -0.337210 -0.118173 1.141732,
        -0.276033 -0.147511 1.141732,
        -0.260391 -0.118173 1.141732,
        -0.239265 -0.100888 1.141732,
        -0.239265 -0.112891 1.141732,
        -0.272880 -0.183298 1.141732,
        0.044968 -0.146980 1.141732,
        0.007758 -0.203065 1.141732,
        0.044968 -0.258369 1.141732,
        0.021922 -0.258369 1.141732,
        -0.052978 -0.146980 1.141732,
        -0.016368 -0.203694 1.141732,
        -0.029931 -0.146980 1.141732,
        0.023842 -0.146980 1.141732,
        -0.004425 -0.214257 1.141732,
        -0.004845 -0.214257 1.141732,
        -0.002037 -0.218626 1.141732,
        -0.007289 -0.218644 1.141732,
        0.000466 -0.222930 1.141732,
        -0.009917 -0.222930 1.141732,
        -0.031852 -0.258369 1.141732,
        -0.054898 -0.258369 1.141732,
        -0.004185 -0.193102 1.141732,
        -0.003765 -0.193102 1.141732,
        -0.006486 -0.188655 1.141732,
        -0.008866 -0.184250 1.141732,
        0.049450 0.160330 1.141732,
        0.046133 0.150451 1.141732,
        0.050709 0.131396 1.141732,
        -0.161015 1.299213 1.141732,
        -0.077944 1.299213 1.141732,
        0.052650 1.299213 1.141732,
        0.171720 1.299213 1.141732,
        0.218772 1.299213 1.141732,
        1.318898 -0.001200 1.141732,
        1.318898 0.590551 0.551181,
        1.318898 0.590551 0.078740,
        1.318898 0.610236 0.078740,
        1.318898 -0.610236 0.078740,
        1.318898 -0.590551 0.078740,
        1.318898 -0.590551 0.551181,
        1.318898 -0.590551 0.629921,
        1.318898 -0.157480 0.629921,
        1.318898 -0.153486 0.594677,
        1.318898 0.090396 0.500969,
        1.318898 0.118930 0.526694,
        1.318898 -0.140385 0.558562,
        1.318898 -0.118930 0.526694,
        1.318898 0.140385 0.558562,
        1.318898 0.153486 0.594677,
        1.318898 -0.090396 0.500969,
        1.318898 -0.056483 0.482919,
        1.318898 -0.019209 0.473617,
        1.318898 0.019209 0.473617,
        1.318898 0.056483 0.482919,
      ]
    }
    coordIndex [
      2, 3, 4, -1,
      5, 6, 7, -1,
      8, 9, 10, -1,
      11, 12, 13, -1,
      13, 12, 14, -1,
      13, 14, 15, -1,
      10, 16, 8, -1,
      8, 16, 12, -1,
      8, 12, 17, -1,
      17, 12, 11, -1,
      18, 19, 20, -1,
      20, 19, 21, -1,
      6, 22, 7, -1,
      7, 22, 23, -1,
      7, 23, 24, -1,
      25, 26, 7, -1,
      7, 26, 27, -1,
      28, 29, 30, -1,
      30, 29, 31, -1,
      27, 32, 7, -1,
      7, 32, 31, -1,
      7, 31, 33, -1,
      33, 31, 29, -1,
      5, 7, 34, -1,
      34, 7, 35, -1,
      34, 35, 36, -1,
      36, 35, 16, -1,
      36, 16, 37, -1,
      24, 38, 7, -1,
      7, 38, 39, -1,
      7, 39, 25, -1,
      40, 41, 42, -1,
      42, 41, 16, -1,
      42, 16, 43, -1,
      43, 16, 10, -1,
      43, 10, 44, -1,
      44, 10, 45, -1,
      18, 46, 19, -1,
      19, 46, 47, -1,
      19, 47, 48, -1,
      48, 47, 49, -1,
      48, 49, 50, -1,
      41, 51, 16, -1,
      16, 51, 52, -1,
      16, 52, 53, -1,
      49, 54, 50, -1,
      50, 54, 55, -1,
      50, 55, 42, -1,
      42, 55, 56, -1,
      42, 56, 40, -1,
      53, 57, 16, -1,
      16, 57, 58, -1,
      16, 58, 37, -1,
      59, 60, 61, -1,
      61, 60, 62, -1,
      61, 62, 3, -1,
      3, 62, 63, -1,
      3, 63, 4, -1,
      4, 63, 64, -1,
      4, 64, 45, -1,
      45, 64, 21, -1,
      45, 21, 44, -1,
      44, 21, 19, -1,
      65, 66, 67, -1,
      67, 66, 68, -1,
      67, 68, 69, -1,
      4, 70, 2, -1,
      2, 70, 66, -1,
      2, 66, 71, -1,
      71, 66, 65, -1,
      72, 73, 74, -1,
      75, 76, 61, -1,
      61, 76, 77, -1,
      78, 79, 80, -1,
      80, 79, 81, -1,
      80, 81, 77, -1,
      77, 81, 16, -1,
      77, 16, 61, -1,
      61, 16, 35, -1,
      61, 35, 59, -1,
      82, 83, 84, -1,
      74, 85, 72, -1,
      72, 85, 86, -1,
      72, 86, 87, -1,
      88, 89, 90, -1,
      90, 89, 91, -1,
      92, 93, 94, -1,
      95, 96, 94, -1,
      94, 96, 97, -1,
      94, 97, 92, -1,
      92, 97, 75, -1,
      92, 75, 98, -1,
      98, 75, 61, -1,
      98, 61, 99, -1,
      100, 101, 61, -1,
      84, 93, 82, -1,
      82, 93, 92, -1,
      82, 92, 80, -1,
      102, 103, 90, -1,
      90, 103, 104, -1,
      104, 105, 90, -1,
      90, 105, 106, -1,
      90, 106, 78, -1,
      107, 108, 101, -1,
      101, 108, 109, -1,
      101, 109, 61, -1,
      61, 109, 72, -1,
      61, 72, 99, -1,
      99, 72, 87, -1,
      78, 80, 90, -1,
      90, 80, 92, -1,
      90, 92, 110, -1,
      110, 111, 90, -1,
      90, 111, 112, -1,
      90, 112, 113, -1,
      113, 114, 90, -1,
      90, 114, 115, -1,
      90, 115, 88, -1,
      88, 115, 116, -1,
      116, 117, 88, -1,
      88, 117, 118, -1,
      88, 118, 72, -1,
      72, 118, 119, -1,
      72, 119, 73, -1,
      89, 100, 91, -1,
      91, 100, 61, -1,
      91, 61, 120, -1,
      120, 61, 3, -1,
      120, 3, 121, -1,
      121, 3, 122, -1,
      121, 122, 123, -1,
      124, 125, 126, -1,
      126, 125, 127, -1,
      126, 127, 122, -1,
      122, 127, 128, -1,
      122, 128, 123, -1,
      129, 130, 131, -1,
      132, 133, 134, -1,
      135, 136, 137, -1,
      138, 139, 140, -1,
      141, 142, 143, -1,
      144, 145, 146, -1,
      147, 148, 149, -1,
      150, 151, 152, -1,
      152, 151, 153, -1,
      154, 155, 156, -1,
      156, 155, 157, -1,
      151, 158, 153, -1,
      153, 158, 159, -1,
      153, 159, 160, -1,
      160, 159, 161, -1,
      160, 161, 162, -1,
      163, 160, 164, -1,
      164, 160, 165, -1,
      166, 167, 168, -1,
      168, 167, 169, -1,
      157, 170, 156, -1,
      156, 170, 171, -1,
      156, 171, 172, -1,
      162, 173, 160, -1,
      160, 173, 174, -1,
      160, 174, 165, -1,
      169, 175, 168, -1,
      168, 175, 176, -1,
      168, 176, 156, -1,
      156, 176, 177, -1,
      156, 177, 154, -1,
      178, 179, 180, -1,
      180, 179, 181, -1,
      166, 168, 182, -1,
      182, 168, 180, -1,
      182, 180, 183, -1,
      181, 184, 180, -1,
      180, 184, 185, -1,
      180, 185, 183, -1,
      149, 148, 186, -1,
      186, 148, 187, -1,
      186, 187, 139, -1,
      188, 189, 149, -1,
      149, 189, 190, -1,
      187, 191, 139, -1,
      139, 191, 192, -1,
      139, 192, 140, -1,
      140, 192, 193, -1,
      140, 193, 194, -1,
      140, 195, 196, -1,
      197, 198, 199, -1,
      190, 200, 149, -1,
      149, 200, 201, -1,
      149, 201, 147, -1,
      194, 202, 140, -1,
      140, 202, 203, -1,
      140, 203, 195, -1,
      204, 205, 197, -1,
      197, 205, 206, -1,
      197, 206, 198, -1,
      199, 207, 197, -1,
      197, 207, 208, -1,
      197, 208, 149, -1,
      149, 208, 209, -1,
      149, 209, 188, -1,
      210, 211, 212, -1,
      212, 211, 140, -1,
      212, 140, 213, -1,
      213, 140, 196, -1,
      210, 214, 211, -1,
      211, 214, 215, -1,
      211, 215, 216, -1,
      217, 218, 219, -1,
      219, 218, 220, -1,
      219, 220, 221, -1,
      222, 223, 224, -1,
      224, 223, 225, -1,
      221, 226, 219, -1,
      219, 226, 227, -1,
      219, 227, 228, -1,
      228, 229, 219, -1,
      219, 229, 230, -1,
      219, 230, 223, -1,
      223, 230, 231, -1,
      223, 231, 225, -1,
      232, 233, 217, -1,
      217, 233, 234, -1,
      217, 234, 218, -1,
      235, 236, 237, -1,
      237, 236, 238, -1,
      237, 238, 232, -1,
      145, 239, 146, -1,
      146, 239, 240, -1,
      146, 240, 241, -1,
      241, 240, 242, -1,
      241, 242, 243, -1,
      244, 245, 246, -1,
      247, 248, 249, -1,
      141, 143, 250, -1,
      251, 252, 253, -1,
      244, 246, 143, -1,
      143, 246, 254, -1,
      143, 254, 250, -1,
      252, 143, 253, -1,
      253, 143, 142, -1,
      253, 142, 249, -1,
      249, 142, 255, -1,
      249, 255, 247, -1,
      222, 144, 223, -1,
      223, 144, 146, -1,
      223, 146, 256, -1,
      256, 257, 223, -1,
      223, 257, 258, -1,
      223, 258, 259, -1,
      259, 258, 260, -1,
      259, 260, 261, -1,
      262, 263, 156, -1,
      156, 263, 264, -1,
      168, 265, 266, -1,
      264, 267, 156, -1,
      156, 267, 268, -1,
      156, 268, 269, -1,
      270, 271, 168, -1,
      168, 271, 272, -1,
      168, 272, 265, -1,
      269, 273, 156, -1,
      156, 273, 274, -1,
      156, 274, 168, -1,
      168, 274, 275, -1,
      168, 275, 270, -1,
      276, 277, 278, -1,
      172, 150, 156, -1,
      156, 150, 152, -1,
      156, 152, 262, -1,
      262, 152, 278, -1,
      262, 278, 279, -1,
      279, 278, 277, -1,
      248, 280, 249, -1,
      249, 280, 281, -1,
      249, 281, 282, -1,
      282, 281, 283, -1,
      282, 283, 284, -1,
      285, 286, 287, -1,
      287, 286, 288, -1,
      287, 288, 289, -1,
      289, 288, 290, -1,
      289, 290, 291, -1,
      291, 290, 292, -1,
      291, 292, 293, -1,
      293, 292, 294, -1,
      293, 294, 295, -1,
      295, 294, 296, -1,
      295, 296, 297, -1,
      297, 296, 298, -1,
      298, 296, 299, -1,
      298, 299, 245, -1,
      245, 299, 300, -1,
      245, 300, 246, -1,
      138, 301, 302, -1,
      302, 303, 138, -1,
      138, 303, 304, -1,
      138, 304, 305, -1,
      305, 304, 306, -1,
      305, 306, 307, -1,
      308, 309, 310, -1,
      308, 310, 311, -1,
      312, 313, 314, -1,
      312, 314, 310, -1,
      310, 314, 315, -1,
      310, 315, 311, -1,
      316, 317, 318, -1,
      318, 317, 319, -1,
      318, 319, 320, -1,
      321, 322, 323, -1,
      321, 323, 318, -1,
      318, 323, 324, -1,
      318, 324, 316, -1,
      284, 276, 282, -1,
      282, 276, 278, -1,
      282, 278, 249, -1,
      249, 278, 325, -1,
      249, 325, 326, -1,
      326, 325, 327, -1,
      328, 329, 330, -1,
      328, 330, 325, -1,
      325, 330, 331, -1,
      325, 331, 327, -1,
      332, 333, 309, -1,
      309, 333, 334, -1,
      309, 334, 310, -1,
      335, 336, 337, -1,
      335, 337, 338, -1,
      336, 339, 337, -1,
      337, 339, 340, -1,
      337, 340, 341, -1,
      342, 343, 309, -1,
      309, 343, 344, -1,
      345, 346, 347, -1,
      347, 346, 337, -1,
      347, 337, 309, -1,
      309, 337, 341, -1,
      309, 341, 342, -1,
      337, 348, 338, -1,
      338, 348, 349, -1,
      338, 349, 350, -1,
      350, 349, 351, -1,
      350, 351, 352, -1,
      344, 353, 309, -1,
      309, 353, 354, -1,
      309, 354, 332, -1,
      355, 356, 211, -1,
      211, 356, 357, -1,
      211, 357, 358, -1,
      359, 360, 361, -1,
      361, 360, 362, -1,
      361, 362, 363, -1,
      216, 204, 211, -1,
      211, 204, 197, -1,
      211, 197, 355, -1,
      355, 197, 361, -1,
      355, 361, 364, -1,
      364, 361, 363, -1,
      365, 366, 367, -1,
      136, 135, 367, -1,
      367, 135, 368, -1,
      367, 368, 365, -1,
      366, 369, 359, -1,
      370, 371, 365, -1,
      365, 371, 372, -1,
      365, 372, 373, -1,
      373, 374, 365, -1,
      365, 374, 375, -1,
      365, 375, 366, -1,
      366, 375, 376, -1,
      366, 376, 369, -1,
      377, 378, 370, -1,
      370, 378, 379, -1,
      370, 379, 371, -1,
      377, 380, 378, -1,
      378, 380, 381, -1,
      378, 381, 382, -1,
      382, 381, 383, -1,
      382, 383, 384, -1,
      385, 383, 386, -1,
      386, 383, 387, -1,
      385, 388, 383, -1,
      383, 388, 389, -1,
      383, 389, 384, -1,
      390, 391, 392, -1,
      383, 393, 387, -1,
      387, 393, 394, -1,
      387, 394, 392, -1,
      392, 394, 395, -1,
      392, 395, 390, -1,
      396, 397, 398, -1,
      398, 397, 334, -1,
      398, 334, 399, -1,
      399, 334, 333, -1,
      400, 401, 352, -1,
      352, 401, 402, -1,
      352, 402, 350, -1,
      400, 403, 401, -1,
      401, 403, 404, -1,
      401, 404, 405, -1,
      405, 406, 401, -1,
      401, 406, 407, -1,
      401, 407, 408, -1,
      409, 410, 408, -1,
      408, 410, 411, -1,
      408, 411, 401, -1,
      412, 413, 414, -1,
      414, 413, 415, -1,
      414, 415, 416, -1,
      416, 415, 417, -1,
      416, 417, 133, -1,
      133, 417, 235, -1,
      133, 235, 134, -1,
      134, 235, 237, -1,
      418, 419, 420, -1,
      420, 419, 421, -1,
      422, 423, 424, -1,
      424, 423, 425, -1,
      424, 425, 426, -1,
      426, 425, 427, -1,
      428, 429, 430, -1,
      430, 429, 431, -1,
      425, 418, 427, -1,
      427, 418, 420, -1,
      427, 420, 432, -1,
      432, 420, 433, -1,
      434, 435, 436, -1,
      437, 438, 439, -1,
      439, 438, 440, -1,
      439, 440, 441, -1,
      442, 443, 444, -1,
      444, 443, 445, -1,
      445, 446, 447, -1,
      448, 420, 449, -1,
      437, 450, 438, -1,
      438, 450, 451, -1,
      438, 451, 366, -1,
      366, 451, 452, -1,
      132, 134, 453, -1,
      453, 134, 367, -1,
      453, 367, 421, -1,
      421, 367, 366, -1,
      421, 366, 420, -1,
      420, 366, 452, -1,
      420, 452, 449, -1,
      163, 178, 160, -1,
      160, 178, 180, -1,
      160, 180, 454, -1,
      180, 455, 456, -1,
      456, 457, 180, -1,
      180, 457, 458, -1,
      180, 458, 454, -1,
      459, 460, 454, -1,
      454, 460, 461, -1,
      454, 461, 462, -1,
      463, 464, 160, -1,
      160, 464, 465, -1,
      160, 465, 466, -1,
      467, 468, 469, -1,
      469, 468, 470, -1,
      469, 470, 471, -1,
      471, 470, 472, -1,
      471, 472, 473, -1,
      473, 472, 474, -1,
      473, 474, 475, -1,
      475, 474, 476, -1,
      475, 476, 477, -1,
      477, 476, 478, -1,
      454, 479, 459, -1,
      459, 479, 480, -1,
      459, 480, 478, -1,
      478, 480, 481, -1,
      478, 481, 477, -1,
      462, 482, 454, -1,
      454, 482, 483, -1,
      454, 483, 160, -1,
      160, 483, 484, -1,
      160, 484, 463, -1,
      485, 486, 241, -1,
      130, 487, 131, -1,
      131, 487, 488, -1,
      131, 488, 489, -1,
      490, 491, 492, -1,
      492, 491, 485, -1,
      492, 485, 430, -1,
      430, 485, 241, -1,
      430, 241, 428, -1,
      428, 241, 243, -1,
      428, 243, 238, -1,
      238, 243, 493, -1,
      238, 493, 232, -1,
      232, 493, 494, -1,
      232, 494, 233, -1,
      489, 495, 131, -1,
      131, 495, 496, -1,
      131, 496, 497, -1,
      498, 499, 492, -1,
      492, 499, 500, -1,
      492, 500, 490, -1,
      497, 501, 131, -1,
      131, 501, 502, -1,
      131, 502, 492, -1,
      492, 502, 503, -1,
      492, 503, 498, -1,
      466, 504, 160, -1,
      160, 504, 505, -1,
      160, 505, 153, -1,
      153, 505, 506, -1,
      153, 506, 130, -1,
      130, 506, 507, -1,
      130, 507, 487, -1,
      447, 441, 445, -1,
      445, 441, 440, -1,
      445, 440, 444, -1,
      444, 440, 508, -1,
      509, 510, 140, -1,
      140, 510, 511, -1,
      140, 511, 512, -1,
      513, 211, 514, -1,
      514, 211, 358, -1,
      514, 358, 347, -1,
      347, 358, 515, -1,
      347, 515, 345, -1,
      512, 516, 517, -1,
      517, 516, 518, -1,
      517, 518, 519, -1,
      138, 140, 301, -1,
      301, 140, 512, -1,
      301, 512, 514, -1,
      514, 512, 517, -1,
      514, 517, 513, -1,
      513, 520, 211, -1,
      211, 520, 521, -1,
      211, 521, 140, -1,
      140, 521, 522, -1,
      140, 522, 509, -1,
      523, 524, 525, -1,
      508, 129, 444, -1,
      444, 129, 131, -1,
      444, 131, 526, -1,
      449, 442, 448, -1,
      448, 442, 444, -1,
      448, 444, 527, -1,
      527, 444, 528, -1,
      529, 530, 492, -1,
      492, 530, 523, -1,
      492, 523, 131, -1,
      131, 523, 525, -1,
      131, 525, 526, -1,
      531, 532, 533, -1,
      533, 532, 534, -1,
      533, 534, 535, -1,
      535, 534, 526, -1,
      534, 536, 526, -1,
      526, 536, 537, -1,
      526, 537, 444, -1,
      444, 537, 538, -1,
      444, 538, 528, -1,
      539, 540, 541, -1,
      541, 540, 530, -1,
      541, 530, 542, -1,
      542, 530, 529, -1,
      359, 361, 366, -1,
      366, 361, 197, -1,
      366, 197, 438, -1,
      438, 197, 149, -1,
      438, 149, 440, -1,
      440, 149, 186, -1,
      440, 186, 508, -1,
      436, 543, 434, -1,
      434, 543, 544, -1,
      434, 544, 545, -1,
      545, 544, 433, -1,
      545, 433, 431, -1,
      431, 433, 420, -1,
      431, 420, 430, -1,
      430, 420, 448, -1,
      430, 448, 492, -1,
      492, 448, 527, -1,
      492, 527, 529, -1,
      266, 256, 168, -1,
      168, 256, 146, -1,
      168, 146, 180, -1,
      180, 146, 241, -1,
      180, 241, 455, -1,
      455, 241, 486, -1,
      396, 137, 397, -1,
      397, 137, 136, -1,
      397, 136, 546, -1,
      546, 136, 367, -1,
      546, 367, 547, -1,
      547, 367, 134, -1,
      547, 134, 548, -1,
      548, 134, 237, -1,
      548, 237, 549, -1,
      549, 237, 232, -1,
      549, 232, 550, -1,
      550, 232, 217, -1,
      550, 217, 319, -1,
      319, 217, 219, -1,
      319, 219, 320, -1,
      320, 219, 223, -1,
      320, 223, 551, -1,
      551, 223, 259, -1,
      551, 259, 253, -1,
      253, 259, 261, -1,
      253, 261, 251, -1,
      552, 553, 554, -1,
      66, 70, 326, -1,
      326, 70, 555, -1,
      326, 555, 556, -1,
      0, 552, 318, -1,
      318, 552, 554, -1,
      318, 554, 8, -1,
      8, 554, 9, -1,
      556, 557, 326, -1,
      326, 557, 558, -1,
      326, 558, 249, -1,
      1, 559, 560, -1,
      0, 318, 1, -1,
      1, 318, 320, -1,
      1, 320, 551, -1,
      558, 559, 249, -1,
      249, 559, 1, -1,
      249, 1, 253, -1,
      253, 1, 551, -1,
      561, 562, 560, -1,
      560, 563, 564, -1,
      562, 565, 560, -1,
      560, 565, 566, -1,
      560, 566, 1, -1,
      564, 567, 560, -1,
      560, 567, 568, -1,
      560, 568, 569, -1,
      569, 570, 560, -1,
      560, 570, 571, -1,
      560, 571, 561, -1,
      16, 81, 310, -1,
      310, 334, 16, -1,
      16, 334, 397, -1,
      16, 397, 546, -1,
      546, 547, 16, -1,
      16, 547, 548, -1,
      16, 548, 549, -1,
      317, 12, 319, -1,
      319, 12, 16, -1,
      319, 16, 550, -1,
      550, 16, 549, -1,
    ]
  }
}

Shape {
  appearance Appearance {
    material Material {
      diffuseColor 0.8549 0.8549 0.8549
      specularColor 0.4275 0.4275 0.4275
      ambientIntensity 0.2
      transparency 0.0000
      shininess 0.5
    }
  }
  geometry IndexedFaceSet {
    ccw TRUE
    solid FALSE
    coord DEF co Coordinate {
      point [
        -1.318898 0.157480 0.629921,
        -1.318898 0.590551 0.629921,
        -1.318898 -0.590551 0.629921,
        -1.318898 -0.157480 0.629921,
        -1.318898 0.649606 0.039370,
        -1.318898 1.141732 0.039370,
        -1.318898 -0.649606 0.039370,
        -1.318898 -1.141732 0.039370,
        -1.318898 -0.259329 1.141732,
        -1.318898 -1.141732 1.141732,
        -1.318898 1.141732 1.141732,
        -1.318898 0.198051 1.141732,
        -1.318898 -0.001200 1.141732,
        -1.318898 -0.099928 1.141732,
        -1.318898 -0.610236 0.078740,
        -1.318898 0.610236 0.078740,
        -1.318898 0.590551 0.078740,
        -1.318898 -0.590551 0.551181,
        -1.318898 -0.590551 0.078740,
        -1.318898 0.590551 0.551181,
        -1.318898 0.153486 0.594677,
        -1.318898 -0.153486 0.594677,
        -1.318898 0.140385 0.558562,
        -1.318898 0.118930 0.526694,
        -1.318898 0.090396 0.500969,
        -1.318898 0.056483 0.482919,
        -1.318898 -0.140385 0.558562,
        -1.318898 -0.056483 0.482919,
        -1.318898 -0.019209 0.473617,
        -1.318898 0.019209 0.473617,
        -1.318898 -0.090396 0.500969,
        -1.318898 -0.118930 0.526694,
      ]
    }
    coordIndex [
      14, 6, 7, -1,
      5, 4, 10, -1,
      10, 4, 15, -1,
      10, 15, 16, -1,
      0, 8, 13, -1,
      7, 9, 14, -1,
      14, 9, 17, -1,
      14, 17, 18, -1,
      8, 3, 9, -1,
      9, 3, 2, -1,
      9, 2, 17, -1,
      16, 19, 10, -1,
      10, 19, 1, -1,
      10, 1, 11, -1,
      11, 1, 0, -1,
      11, 0, 12, -1,
      12, 0, 13, -1,
      8, 0, 3, -1,
      3, 0, 20, -1,
      3, 20, 21, -1,
      21, 20, 22, -1,
      21, 22, 23, -1,
      23, 24, 21, -1,
      21, 24, 25, -1,
      21, 25, 26, -1,
      27, 25, 28, -1,
      28, 25, 29, -1,
      27, 30, 25, -1,
      25, 30, 31, -1,
      25, 31, 26, -1,
    ]
  }
}

Shape {
  appearance Appearance {
    material Material {
      diffuseColor 0.6471 0.6471 0.6471
      specularColor 0.3216 0.3216 0.3216
      ambientIntensity 0.2
      transparency 0.0000
      shininess 0.5
    }
  }
  geometry IndexedFaceSet {
    ccw TRUE
    solid FALSE
    coord DEF co Coordinate {
      point [
        1.161417 -1.299213 0.039370,
        0.061936 -1.299213 0.039370,
        1.318898 1.141732 0.039370,
        1.297799 1.220472 0.039370,
        1.161417 1.299213 0.039370,
        1.272773 1.253088 0.039370,
        1.202176 1.293846 0.039370,
        1.240157 1.278114 0.039370,
        1.313531 1.182491 0.039370,
        1.240157 -1.278114 0.039370,
        1.318898 -1.141732 0.039370,
        1.272773 -1.253088 0.039370,
        1.313531 -1.182491 0.039370,
        1.297799 -1.220472 0.039370,
        1.202176 -1.293846 0.039370,
        -1.240157 1.278114 0.039370,
        -1.202176 1.293846 0.039370,
        -1.161417 1.299213 0.039370,
        -1.318898 1.141732 0.039370,
        -1.313531 1.182491 0.039370,
        -1.297799 1.220472 0.039370,
        -1.272773 1.253088 0.039370,
        -1.161417 -1.299213 0.039370,
        -1.318898 -1.141732 0.039370,
        -1.240157 -1.278114 0.039370,
        -1.272773 -1.253088 0.039370,
        -1.202176 -1.293846 0.039370,
        -1.297799 -1.220472 0.039370,
        -1.313531 -1.182491 0.039370,
        -0.077944 -1.299213 1.141732,
        0.052650 -1.299213 1.141732,
        -1.161417 -1.299213 1.141732,
        -0.227742 -1.299213 1.141732,
        0.218772 -1.299213 1.141732,
        0.171720 -1.299213 1.141732,
        -0.178300 -1.299213 1.141732,
        0.309506 -1.299213 1.141732,
        -1.318898 -1.141732 1.141732,
        -1.313531 -1.182491 1.141732,
        -1.297799 -1.220472 1.141732,
        -1.202176 -1.293846 1.141732,
        -1.272773 -1.253088 1.141732,
        -1.240157 -1.278114 1.141732,
        -1.318898 1.141732 1.141732,
        -1.161417 1.299213 1.141732,
        -1.313531 1.182491 1.141732,
        -1.202176 1.293846 1.141732,
        -1.240157 1.278114 1.141732,
        -1.272773 1.253088 1.141732,
        -1.297799 1.220472 1.141732,
        1.202176 1.293846 1.141732,
        1.161417 1.299213 1.141732,
        1.318898 1.141732 1.141732,
        1.313531 1.182491 1.141732,
        1.297799 1.220472 1.141732,
        1.272773 1.253088 1.141732,
        1.240157 1.278114 1.141732,
        1.161417 -1.299213 1.141732,
        1.318898 -1.141732 1.141732,
        1.313531 -1.182491 1.141732,
        1.202176 -1.293846 1.141732,
        1.240157 -1.278114 1.141732,
        1.272773 -1.253088 1.141732,
        1.297799 -1.220472 1.141732,
        -0.161015 -1.299213 1.141732,
      ]
    }
    coordIndex [
      1, 29, 64, -1,
      0, 57, 1, -1,
      1, 57, 36, -1,
      1, 36, 33, -1,
      33, 34, 1, -1,
      1, 34, 30, -1,
      1, 30, 29, -1,
      31, 22, 32, -1,
      32, 22, 1, -1,
      32, 1, 35, -1,
      35, 1, 64, -1,
      57, 0, 14, -1,
      57, 14, 60, -1,
      60, 14, 9, -1,
      60, 9, 61, -1,
      61, 9, 11, -1,
      61, 11, 62, -1,
      62, 11, 13, -1,
      62, 13, 63, -1,
      63, 13, 12, -1,
      63, 12, 59, -1,
      59, 12, 10, -1,
      59, 10, 58, -1,
      37, 23, 28, -1,
      37, 28, 38, -1,
      38, 28, 27, -1,
      38, 27, 39, -1,
      39, 27, 25, -1,
      39, 25, 41, -1,
      41, 25, 24, -1,
      41, 24, 42, -1,
      42, 24, 26, -1,
      42, 26, 40, -1,
      40, 26, 22, -1,
      40, 22, 31, -1,
      52, 2, 8, -1,
      52, 8, 53, -1,
      53, 8, 3, -1,
      53, 3, 54, -1,
      54, 3, 5, -1,
      54, 5, 55, -1,
      55, 5, 7, -1,
      55, 7, 56, -1,
      56, 7, 6, -1,
      56, 6, 50, -1,
      50, 6, 4, -1,
      50, 4, 51, -1,
      44, 17, 16, -1,
      44, 16, 46, -1,
      46, 16, 15, -1,
      46, 15, 47, -1,
      47, 15, 21, -1,
      47, 21, 48, -1,
      48, 21, 20, -1,
      48, 20, 49, -1,
      49, 20, 19, -1,
      49, 19, 45, -1,
      45, 19, 18, -1,
      45, 18, 43, -1,
    ]
  }
}

Shape {
  appearance Appearance {
    material Material {
      diffuseColor 0.2235 0.2235 0.2235
      specularColor 0.1137 0.1137 0.1137
      ambientIntensity 0.2
      transparency 0.0000
      shininess 0.5
    }
  }
  geometry IndexedFaceSet {
    ccw TRUE
    solid FALSE
    coord DEF co Coordinate {
      point [
        -0.093328 0.196850 1.141732,
        -0.077944 0.161358 1.141732,
        -0.178300 0.195053 1.141732,
        -0.192633 0.198051 1.141732,
        0.329406 -0.185925 1.141732,
        0.332518 -0.198585 1.141732,
        0.323439 -0.122494 1.141732,
        0.228094 0.008887 1.141732,
        0.218772 0.006108 1.141732,
        -0.198540 -0.259218 1.141732,
        -0.198902 -0.259329 1.141732,
        0.198640 -0.259329 1.141732,
        0.196296 -0.260049 1.141732,
        0.206289 -0.247866 1.141732,
        0.205873 -0.251203 1.141732,
        0.204693 -0.254022 1.141732,
        0.193656 -0.260289 1.141732,
        0.190326 -0.259870 1.141732,
        0.188968 -0.259329 1.141732,
        0.187747 -0.258842 1.141732,
        0.181322 -0.247866 1.141732,
        0.181437 -0.249644 1.141732,
        0.182056 -0.252227 1.141732,
        0.197122 -0.235733 1.141732,
        0.199670 -0.236702 1.141732,
        0.202073 -0.238387 1.141732,
        0.202983 -0.256351 1.141732,
        0.201360 -0.257835 1.141732,
        0.199002 -0.259218 1.141732,
        0.185409 -0.257183 1.141732,
        0.183482 -0.254976 1.141732,
        0.204199 -0.240815 1.141732,
        0.205543 -0.243459 1.141732,
        0.206171 -0.246019 1.141732,
        0.181712 -0.244489 1.141732,
        0.182767 -0.241823 1.141732,
        0.184491 -0.239380 1.141732,
        0.193746 -0.235323 1.141732,
        0.190911 -0.235620 1.141732,
        0.186165 -0.237817 1.141732,
        0.188458 -0.236408 1.141732,
        -0.201246 -0.260049 1.141732,
        -0.191253 -0.247866 1.141732,
        -0.191669 -0.251203 1.141732,
        -0.192849 -0.254022 1.141732,
        -0.203886 -0.260289 1.141732,
        -0.207216 -0.259870 1.141732,
        -0.208574 -0.259329 1.141732,
        -0.209795 -0.258842 1.141732,
        -0.215485 -0.252227 1.141732,
        -0.216105 -0.249644 1.141732,
        -0.197871 -0.236702 1.141732,
        -0.195469 -0.238387 1.141732,
        -0.194559 -0.256351 1.141732,
        -0.196181 -0.257835 1.141732,
        -0.212133 -0.257183 1.141732,
        -0.214060 -0.254976 1.141732,
        -0.206630 -0.235620 1.141732,
        -0.203796 -0.235323 1.141732,
        -0.200420 -0.235733 1.141732,
        -0.193343 -0.240815 1.141732,
        -0.191998 -0.243459 1.141732,
        -0.191370 -0.246019 1.141732,
        -0.214775 -0.241823 1.141732,
        -0.215830 -0.244489 1.141732,
        -0.216219 -0.247866 1.141732,
        -0.213050 -0.239380 1.141732,
        -0.211376 -0.237817 1.141732,
        -0.209083 -0.236408 1.141732,
        0.218772 0.191264 1.141732,
        0.234552 0.185723 1.141732,
        0.255977 0.171364 1.141732,
        0.248648 0.020831 1.141732,
        0.264851 0.036345 1.141732,
        0.276140 0.053952 1.141732,
        0.256183 0.171183 1.141732,
        0.270104 0.155748 1.141732,
        0.279252 0.138819 1.141732,
        0.284539 0.119424 1.141732,
        0.285970 0.100901 1.141732,
        0.283207 0.074557 1.141732,
        0.183081 0.196850 1.141732,
        0.211520 0.193810 1.141732,
        0.043507 0.196850 1.141732,
        0.052650 0.196850 1.141732,
        0.074715 0.196850 1.141732,
        0.205412 0.002126 1.141732,
        0.181055 0.000000 1.141732,
        0.171720 0.000000 1.141732,
        0.127529 0.000000 1.141732,
        0.310738 -0.117832 1.141732,
        0.309506 -0.117687 1.141732,
        0.309506 -0.163402 1.141732,
        0.331545 -0.221595 1.141732,
        0.327543 -0.233024 1.141732,
        0.324381 -0.176428 1.141732,
        0.319672 -0.103129 1.141732,
        0.323439 -0.105209 1.141732,
        0.317594 -0.168820 1.141732,
        0.333041 -0.207356 1.141732,
        0.287350 -0.099928 1.141732,
        0.296912 -0.098968 1.141732,
        0.307391 -0.099928 1.141732,
        0.309506 -0.100122 1.141732,
        0.310641 -0.100226 1.141732,
        0.275052 -0.259329 1.141732,
        0.269297 -0.258617 1.141732,
        0.259946 -0.254944 1.141732,
        0.270751 -0.104813 1.141732,
        0.283872 -0.100277 1.141732,
        0.251383 -0.248860 1.141732,
        0.244378 -0.240896 1.141732,
        0.237641 -0.228312 1.141732,
        0.240292 -0.139022 1.141732,
        0.249607 -0.122921 1.141732,
        0.259846 -0.111989 1.141732,
        0.232536 -0.208346 1.141732,
        0.231255 -0.188961 1.141732,
        0.233770 -0.160547 1.141732,
        0.293424 -0.259329 1.141732,
        0.293354 -0.259351 1.141732,
        0.282809 -0.260289 1.141732,
        0.321247 -0.242765 1.141732,
        0.313178 -0.250575 1.141732,
        0.309506 -0.252778 1.141732,
        0.304114 -0.256011 1.141732,
        0.251150 -0.180949 1.141732,
        0.251661 -0.180949 1.141732,
        0.252363 -0.164209 1.141732,
        0.257423 -0.172015 1.141732,
        0.257131 -0.146090 1.141732,
        0.263784 -0.165863 1.141732,
        0.263462 -0.134295 1.141732,
        0.271309 -0.161543 1.141732,
        0.271114 -0.125708 1.141732,
        0.279544 -0.159184 1.141732,
        0.278894 -0.120425 1.141732,
        0.287730 -0.158503 1.141732,
        0.287152 -0.117398 1.141732,
        0.297302 -0.116252 1.141732,
        0.299549 -0.159757 1.141732,
        0.308928 -0.163015 1.141732,
        -0.237520 0.197129 1.141732,
        -0.228067 0.198051 1.141732,
        -0.266365 0.108217 1.141732,
        -0.275091 0.116547 1.141732,
        -0.285377 0.036609 1.141732,
        -0.237252 0.090586 1.141732,
        -0.280732 0.125439 1.141732,
        -0.284252 0.135700 1.141732,
        -0.285377 0.146437 1.141732,
        -0.283613 0.160041 1.141732,
        -0.279766 0.169461 1.141732,
        -0.273578 0.178008 1.141732,
        -0.279068 0.004786 1.141732,
        -0.285377 0.007802 1.141732,
        -0.270986 0.027767 1.141732,
        -0.247685 0.020604 1.141732,
        -0.227742 0.085539 1.141732,
        -0.232901 0.019205 1.141732,
        -0.227742 0.019602 1.141732,
        -0.265126 0.185343 1.141732,
        -0.254056 0.191703 1.141732,
        -0.219370 -0.001200 1.141732,
        -0.227742 -0.001811 1.141732,
        -0.235826 -0.002401 1.141732,
        -0.247475 -0.001200 1.141732,
        -0.176905 0.017716 1.141732,
        -0.178300 0.016498 1.141732,
        -0.185138 0.010528 1.141732,
        -0.196263 0.004441 1.141732,
        -0.215476 -0.000916 1.141732,
        -0.172548 0.165042 1.141732,
        -0.172548 0.193850 1.141732,
        -0.170546 0.026946 1.141732,
        -0.178300 0.168029 1.141732,
        -0.178300 0.082952 1.141732,
        -0.176828 0.081580 1.141732,
        -0.170285 0.071737 1.141732,
        -0.166633 0.061871 1.141732,
        -0.165346 0.050750 1.141732,
        -0.166896 0.036920 1.141732,
        -0.187431 0.172770 1.141732,
        -0.217147 0.109078 1.141732,
        -0.188183 0.092160 1.141732,
        -0.204258 0.176792 1.141732,
        -0.217859 0.177645 1.141732,
        -0.227742 0.114693 1.141732,
        -0.227742 0.176750 1.141732,
        -0.235444 0.118774 1.141732,
        -0.256034 0.136086 1.141732,
        -0.258106 0.141514 1.141732,
        -0.258970 0.149026 1.141732,
        -0.252705 0.131204 1.141732,
        -0.246669 0.125910 1.141732,
        -0.253743 0.164520 1.141732,
        -0.256612 0.160054 1.141732,
        -0.258352 0.154991 1.141732,
        -0.231640 0.176396 1.141732,
        -0.242091 0.173054 1.141732,
        -0.249257 0.168831 1.141732,
        -0.193905 0.198317 1.141732,
        -0.215759 0.199251 1.141732,
        -0.227742 0.198082 1.141732,
        -0.218607 0.020306 1.141732,
        -0.207756 0.074639 1.141732,
        -0.210498 0.076387 1.141732,
        -0.208617 0.023007 1.141732,
        -0.201557 0.026905 1.141732,
        -0.197458 0.030768 1.141732,
        -0.194852 0.034671 1.141732,
        -0.192585 0.040810 1.141732,
        -0.191753 0.048575 1.141732,
        -0.192609 0.055560 1.141732,
        -0.194839 0.061161 1.141732,
        -0.199654 0.067763 1.141732,
        -0.026298 0.038410 1.141732,
        -0.025398 0.038410 1.141732,
        -0.030256 0.050586 1.141732,
        -0.020824 0.050731 1.141732,
        -0.035075 0.062454 1.141732,
        -0.016058 0.062979 1.141732,
        -0.102930 0.130233 1.141732,
        -0.102930 0.000000 1.141732,
        -0.126936 0.000000 1.141732,
        -0.102930 0.170444 1.141732,
        -0.103680 0.170444 1.141732,
        -0.100439 0.159771 1.141732,
        -0.103069 0.150343 1.141732,
        -0.097154 0.149326 1.141732,
        -0.077944 0.104394 1.141732,
        0.074715 0.000000 1.141732,
        0.052650 0.000000 1.141732,
        0.050709 0.000000 1.141732,
        -0.033312 0.000000 1.141732,
        -0.018909 0.000000 1.141732,
        0.051283 0.150938 1.141732,
        0.052622 0.170444 1.141732,
        0.051985 0.170444 1.141732,
        -0.156684 -0.123934 1.141732,
        -0.156684 -0.143139 1.141732,
        -0.153735 -0.142334 1.141732,
        -0.100990 -0.099928 1.141732,
        -0.100990 -0.258369 1.141732,
        -0.120195 -0.258369 1.141732,
        -0.120195 -0.124594 1.141732,
        -0.134742 -0.134362 1.141732,
        -0.100990 -0.098968 1.141732,
        -0.131393 -0.113721 1.141732,
        -0.109954 -0.099928 1.141732,
        -0.108462 -0.098968 1.141732,
        -0.126936 0.196850 1.141732,
        0.152515 -0.122494 1.141732,
        0.136467 -0.099928 1.141732,
        0.139718 -0.100226 1.141732,
        0.148748 -0.103129 1.141732,
        0.152515 -0.105209 1.141732,
        0.128625 -0.159757 1.141732,
        0.138005 -0.163015 1.141732,
        0.146670 -0.168820 1.141732,
        0.153457 -0.176428 1.141732,
        0.160621 -0.221595 1.141732,
        0.156620 -0.233024 1.141732,
        0.150323 -0.242765 1.141732,
        0.142254 -0.250575 1.141732,
        0.080227 -0.180949 1.141732,
        0.080737 -0.180949 1.141732,
        0.081439 -0.164209 1.141732,
        0.086499 -0.172015 1.141732,
        0.086207 -0.146090 1.141732,
        0.092861 -0.165863 1.141732,
        0.092539 -0.134295 1.141732,
        0.100385 -0.161543 1.141732,
        0.100190 -0.125708 1.141732,
        0.108621 -0.159184 1.141732,
        0.107971 -0.120425 1.141732,
        0.116806 -0.158503 1.141732,
        0.139814 -0.117832 1.141732,
        0.126378 -0.116252 1.141732,
        0.116229 -0.117398 1.141732,
        0.158483 -0.185925 1.141732,
        0.161594 -0.198585 1.141732,
        0.162118 -0.207356 1.141732,
        0.116426 -0.099928 1.141732,
        0.125988 -0.098968 1.141732,
        0.104128 -0.259329 1.141732,
        0.098373 -0.258617 1.141732,
        0.089023 -0.254944 1.141732,
        0.099828 -0.104813 1.141732,
        0.112948 -0.100277 1.141732,
        0.127529 0.196850 1.141732,
        0.171720 0.196850 1.141732,
        0.080459 -0.248860 1.141732,
        0.073454 -0.240896 1.141732,
        0.066717 -0.228312 1.141732,
        0.069368 -0.139022 1.141732,
        0.078683 -0.122921 1.141732,
        0.088923 -0.111989 1.141732,
        0.061612 -0.208346 1.141732,
        0.060331 -0.188961 1.141732,
        0.062847 -0.160547 1.141732,
        0.133191 -0.256011 1.141732,
        0.122500 -0.259329 1.141732,
        0.122430 -0.259351 1.141732,
        0.111885 -0.260289 1.141732,
        -0.285157 -0.218691 1.141732,
        -0.291117 -0.242944 1.141732,
        -0.293519 -0.258369 1.141732,
        -0.314644 -0.258369 1.141732,
        -0.337210 -0.100888 1.141732,
        -0.261162 0.000210 1.141732,
        -0.302210 -0.208593 1.141732,
        -0.337210 -0.118173 1.141732,
        -0.276033 -0.147511 1.141732,
        -0.260391 -0.118173 1.141732,
        -0.239265 -0.100888 1.141732,
        -0.239265 -0.112891 1.141732,
        -0.272880 -0.183298 1.141732,
        0.044968 -0.146980 1.141732,
        0.007758 -0.203065 1.141732,
        0.044968 -0.258369 1.141732,
        0.021922 -0.258369 1.141732,
        -0.052978 -0.146980 1.141732,
        -0.016368 -0.203694 1.141732,
        -0.029931 -0.146980 1.141732,
        0.023842 -0.146980 1.141732,
        -0.004425 -0.214257 1.141732,
        -0.004845 -0.214257 1.141732,
        -0.002037 -0.218626 1.141732,
        -0.007289 -0.218644 1.141732,
        0.000466 -0.222930 1.141732,
        -0.009917 -0.222930 1.141732,
        -0.031852 -0.258369 1.141732,
        -0.054898 -0.258369 1.141732,
        -0.004185 -0.193102 1.141732,
        -0.003765 -0.193102 1.141732,
        -0.006486 -0.188655 1.141732,
        -0.008866 -0.184250 1.141732,
        0.049450 0.160330 1.141732,
        0.046133 0.150451 1.141732,
        0.050709 0.131396 1.141732,
        -0.285377 0.007802 1.137795,
        -0.285377 0.036609 1.137795,
        -0.232901 0.019205 1.137795,
        -0.247685 0.020604 1.137795,
        -0.270986 0.027767 1.137795,
        -0.191753 0.048575 1.137795,
        -0.192585 0.040810 1.137795,
        -0.194852 0.034671 1.137795,
        -0.197458 0.030768 1.137795,
        -0.201557 0.026905 1.137795,
        -0.208617 0.023007 1.137795,
        -0.218607 0.020306 1.137795,
        -0.237252 0.090586 1.137795,
        -0.210498 0.076387 1.137795,
        -0.207756 0.074639 1.137795,
        -0.199654 0.067763 1.137795,
        -0.194839 0.061161 1.137795,
        -0.192609 0.055560 1.137795,
        -0.285377 0.146437 1.137795,
        -0.284252 0.135700 1.137795,
        -0.280732 0.125439 1.137795,
        -0.275091 0.116547 1.137795,
        -0.266365 0.108217 1.137795,
        -0.215759 0.199251 1.137795,
        -0.237520 0.197129 1.137795,
        -0.254056 0.191703 1.137795,
        -0.265126 0.185343 1.137795,
        -0.273578 0.178008 1.137795,
        -0.279766 0.169461 1.137795,
        -0.283613 0.160041 1.137795,
        -0.193905 0.198317 1.137795,
        -0.172548 0.193850 1.137795,
        -0.172548 0.165042 1.137795,
        -0.217859 0.177645 1.137795,
        -0.204258 0.176792 1.137795,
        -0.187431 0.172770 1.137795,
        -0.231640 0.176396 1.137795,
        -0.242091 0.173054 1.137795,
        -0.249257 0.168831 1.137795,
        -0.253743 0.164520 1.137795,
        -0.256612 0.160054 1.137795,
        -0.258352 0.154991 1.137795,
        -0.258970 0.149026 1.137795,
        -0.217147 0.109078 1.137795,
        -0.235444 0.118774 1.137795,
        -0.246669 0.125910 1.137795,
        -0.252705 0.131204 1.137795,
        -0.256034 0.136086 1.137795,
        -0.258106 0.141514 1.137795,
        -0.188183 0.092160 1.137795,
        -0.165346 0.050750 1.137795,
        -0.166633 0.061871 1.137795,
        -0.170285 0.071737 1.137795,
        -0.176828 0.081580 1.137795,
        -0.215476 -0.000916 1.137795,
        -0.235826 -0.002401 1.137795,
        -0.196263 0.004441 1.137795,
        -0.185138 0.010528 1.137795,
        -0.176905 0.017716 1.137795,
        -0.170546 0.026946 1.137795,
        -0.166896 0.036920 1.137795,
        -0.279068 0.004786 1.137795,
        -0.261162 0.000210 1.137795,
        0.323439 -0.105209 1.137795,
        0.323439 -0.122494 1.137795,
        0.310738 -0.117832 1.137795,
        0.297302 -0.116252 1.137795,
        0.251150 -0.180949 1.137795,
        0.252363 -0.164209 1.137795,
        0.257131 -0.146090 1.137795,
        0.263462 -0.134295 1.137795,
        0.271114 -0.125708 1.137795,
        0.278894 -0.120425 1.137795,
        0.287152 -0.117398 1.137795,
        0.251661 -0.180949 1.137795,
        0.287730 -0.158503 1.137795,
        0.279544 -0.159184 1.137795,
        0.271309 -0.161543 1.137795,
        0.263784 -0.165863 1.137795,
        0.257423 -0.172015 1.137795,
        0.333041 -0.207356 1.137795,
        0.332518 -0.198585 1.137795,
        0.329406 -0.185925 1.137795,
        0.324381 -0.176428 1.137795,
        0.317594 -0.168820 1.137795,
        0.308928 -0.163015 1.137795,
        0.299549 -0.159757 1.137795,
        0.313178 -0.250575 1.137795,
        0.304114 -0.256011 1.137795,
        0.293354 -0.259351 1.137795,
        0.282809 -0.260289 1.137795,
        0.321247 -0.242765 1.137795,
        0.327543 -0.233024 1.137795,
        0.331545 -0.221595 1.137795,
        0.269297 -0.258617 1.137795,
        0.259946 -0.254944 1.137795,
        0.251383 -0.248860 1.137795,
        0.244378 -0.240896 1.137795,
        0.237641 -0.228312 1.137795,
        0.232536 -0.208346 1.137795,
        0.231255 -0.188961 1.137795,
        0.296912 -0.098968 1.137795,
        0.283872 -0.100277 1.137795,
        0.270751 -0.104813 1.137795,
        0.259846 -0.111989 1.137795,
        0.249607 -0.122921 1.137795,
        0.240292 -0.139022 1.137795,
        0.233770 -0.160547 1.137795,
        0.319672 -0.103129 1.137795,
        0.310641 -0.100226 1.137795,
        0.252554 -0.202388 1.137795,
        0.254188 -0.195249 1.137795,
        0.266304 -0.237833 1.137795,
        0.261761 -0.233505 1.137795,
        0.256711 -0.225770 1.137795,
        0.253548 -0.216826 1.137795,
        0.252381 -0.206005 1.137795,
        0.257723 -0.188438 1.137795,
        0.262871 -0.182643 1.137795,
        0.268548 -0.178831 1.137795,
        0.274613 -0.176657 1.137795,
        0.282448 -0.175787 1.137795,
        0.287394 -0.176078 1.137795,
        0.293643 -0.177516 1.137795,
        0.298761 -0.179953 1.137795,
        0.303035 -0.183381 1.137795,
        0.305527 -0.186294 1.137795,
        0.308861 -0.192191 1.137795,
        0.311085 -0.199772 1.137795,
        0.311916 -0.209486 1.137795,
        0.311222 -0.217657 1.137795,
        0.309093 -0.224998 1.137795,
        0.305628 -0.231319 1.137795,
        0.300870 -0.236556 1.137795,
        0.295759 -0.240036 1.137795,
        0.290246 -0.242091 1.137795,
        0.282658 -0.243005 1.137795,
        0.277090 -0.242505 1.137795,
        0.271315 -0.240748 1.137795,
        0.252381 -0.206005 1.141732,
        0.252554 -0.202388 1.141732,
        0.254188 -0.195249 1.141732,
        0.257723 -0.188438 1.141732,
        0.262871 -0.182643 1.141732,
        0.268548 -0.178831 1.141732,
        0.274613 -0.176657 1.141732,
        0.282448 -0.175787 1.141732,
        0.287394 -0.176078 1.141732,
        0.293643 -0.177516 1.141732,
        0.298761 -0.179953 1.141732,
        0.303035 -0.183381 1.141732,
        0.305527 -0.186294 1.141732,
        0.308861 -0.192191 1.141732,
        0.311085 -0.199772 1.141732,
        0.311916 -0.209486 1.141732,
        0.311222 -0.217657 1.141732,
        0.309093 -0.224998 1.141732,
        0.305628 -0.231319 1.141732,
        0.300870 -0.236556 1.141732,
        0.295759 -0.240036 1.141732,
        0.290246 -0.242091 1.141732,
        0.282658 -0.243005 1.141732,
        0.277090 -0.242505 1.141732,
        0.271315 -0.240748 1.141732,
        0.266304 -0.237833 1.141732,
        0.261761 -0.233505 1.141732,
        0.256711 -0.225770 1.141732,
        0.253548 -0.216826 1.141732,
        0.074715 0.000000 1.137795,
        0.050709 0.000000 1.137795,
        0.050709 0.131396 1.137795,
        0.052622 0.170444 1.137795,
        0.051283 0.150938 1.137795,
        0.051985 0.170444 1.137795,
        0.046133 0.150451 1.137795,
        0.049450 0.160330 1.137795,
        -0.018909 -0.000000 1.137795,
        -0.033312 0.000000 1.137795,
        -0.097154 0.149326 1.137795,
        -0.102930 0.170444 1.137795,
        -0.100439 0.159771 1.137795,
        -0.103680 0.170444 1.137795,
        -0.102930 0.130233 1.137795,
        -0.103069 0.150343 1.137795,
        -0.102930 0.000000 1.137795,
        -0.126936 0.000000 1.137795,
        -0.126936 0.196850 1.137795,
        -0.093328 0.196850 1.137795,
        -0.035075 0.062454 1.137795,
        -0.026298 0.038410 1.137795,
        -0.030256 0.050586 1.137795,
        -0.025398 0.038410 1.137795,
        -0.016058 0.062979 1.137795,
        -0.020824 0.050731 1.137795,
        0.043507 0.196850 1.137795,
        0.074715 0.196850 1.137795,
        0.127529 0.000000 1.137795,
        0.181055 0.000000 1.137795,
        0.127529 0.196850 1.137795,
        0.183081 0.196850 1.137795,
        0.255977 0.171364 1.137795,
        0.256183 0.171183 1.137795,
        0.270104 0.155748 1.137795,
        0.279252 0.138819 1.137795,
        0.284539 0.119424 1.137795,
        0.285970 0.100901 1.137795,
        0.211520 0.193810 1.137795,
        0.234552 0.185723 1.137795,
        0.228094 0.008887 1.137795,
        0.205412 0.002126 1.137795,
        0.248648 0.020831 1.137795,
        0.264851 0.036345 1.137795,
        0.276140 0.053952 1.137795,
        0.283207 0.074557 1.137795,
        0.246456 0.147641 1.137795,
        0.236895 0.157793 1.137795,
        0.222516 0.167082 1.137795,
        0.206267 0.172768 1.137795,
        0.182968 0.175245 1.137795,
        0.153936 0.175245 1.137795,
        0.153936 0.021606 1.137795,
        0.181880 0.021606 1.137795,
        0.202648 0.023539 1.137795,
        0.219213 0.028709 1.137795,
        0.232639 0.036681 1.137795,
        0.243679 0.047586 1.137795,
        0.251982 0.061159 1.137795,
        0.257756 0.079663 1.137795,
        0.259563 0.100338 1.137795,
        0.257891 0.119930 1.137795,
        0.253295 0.135499 1.137795,
        0.182968 0.175245 1.141732,
        0.153936 0.175245 1.141732,
        0.206267 0.172768 1.141732,
        0.222516 0.167082 1.141732,
        0.236895 0.157793 1.141732,
        0.246456 0.147641 1.141732,
        0.253295 0.135499 1.141732,
        0.257891 0.119930 1.141732,
        0.259563 0.100338 1.141732,
        0.257756 0.079663 1.141732,
        0.251982 0.061159 1.141732,
        0.243679 0.047586 1.141732,
        0.232639 0.036681 1.141732,
        0.219213 0.028709 1.141732,
        0.202648 0.023539 1.141732,
        0.181880 0.021606 1.141732,
        0.153936 0.021606 1.141732,
        -0.239265 -0.100888 1.137795,
        -0.239265 -0.112891 1.137795,
        -0.293519 -0.258369 1.137795,
        -0.291117 -0.242944 1.137795,
        -0.285157 -0.218691 1.137795,
        -0.272880 -0.183298 1.137795,
        -0.314644 -0.258369 1.137795,
        -0.260391 -0.118173 1.137795,
        -0.276033 -0.147511 1.137795,
        -0.302210 -0.208593 1.137795,
        -0.337210 -0.118173 1.137795,
        -0.337210 -0.100888 1.137795,
        -0.203886 -0.260289 1.137795,
        -0.207216 -0.259870 1.137795,
        -0.216219 -0.247866 1.137795,
        -0.216105 -0.249644 1.137795,
        -0.215485 -0.252227 1.137795,
        -0.214060 -0.254976 1.137795,
        -0.212133 -0.257183 1.137795,
        -0.209795 -0.258842 1.137795,
        -0.203796 -0.235323 1.137795,
        -0.206630 -0.235620 1.137795,
        -0.209083 -0.236408 1.137795,
        -0.211376 -0.237817 1.137795,
        -0.213050 -0.239380 1.137795,
        -0.214775 -0.241823 1.137795,
        -0.215830 -0.244489 1.137795,
        -0.191253 -0.247866 1.137795,
        -0.191370 -0.246019 1.137795,
        -0.191998 -0.243459 1.137795,
        -0.193343 -0.240815 1.137795,
        -0.195469 -0.238387 1.137795,
        -0.197871 -0.236702 1.137795,
        -0.200420 -0.235733 1.137795,
        -0.201246 -0.260049 1.137795,
        -0.198540 -0.259218 1.137795,
        -0.196181 -0.257835 1.137795,
        -0.194559 -0.256351 1.137795,
        -0.192849 -0.254022 1.137795,
        -0.191669 -0.251203 1.137795,
        -0.100990 -0.258369 1.137795,
        -0.120195 -0.258369 1.137795,
        -0.120195 -0.124594 1.137795,
        -0.156684 -0.143139 1.137795,
        -0.153735 -0.142334 1.137795,
        -0.134742 -0.134362 1.137795,
        -0.156684 -0.123934 1.137795,
        -0.131393 -0.113721 1.137795,
        -0.108462 -0.098968 1.137795,
        -0.100990 -0.098968 1.137795,
        0.023842 -0.146980 1.137795,
        0.044968 -0.146980 1.137795,
        0.007758 -0.203065 1.137795,
        0.044968 -0.258369 1.137795,
        0.021922 -0.258369 1.137795,
        0.000466 -0.222930 1.137795,
        -0.004425 -0.214257 1.137795,
        -0.002037 -0.218626 1.137795,
        -0.004845 -0.214257 1.137795,
        -0.009917 -0.222930 1.137795,
        -0.007289 -0.218644 1.137795,
        -0.031852 -0.258369 1.137795,
        -0.054898 -0.258369 1.137795,
        -0.016368 -0.203694 1.137795,
        -0.052978 -0.146980 1.137795,
        -0.029931 -0.146980 1.137795,
        -0.008866 -0.184250 1.137795,
        -0.004185 -0.193102 1.137795,
        -0.006486 -0.188655 1.137795,
        -0.003765 -0.193102 1.137795,
        0.152515 -0.105209 1.137795,
        0.152515 -0.122494 1.137795,
        0.126378 -0.116252 1.137795,
        0.139814 -0.117832 1.137795,
        0.080227 -0.180949 1.137795,
        0.081439 -0.164209 1.137795,
        0.086207 -0.146090 1.137795,
        0.092539 -0.134295 1.137795,
        0.100190 -0.125708 1.137795,
        0.107971 -0.120425 1.137795,
        0.116229 -0.117398 1.137795,
        0.080737 -0.180949 1.137795,
        0.116806 -0.158503 1.137795,
        0.108621 -0.159184 1.137795,
        0.100385 -0.161543 1.137795,
        0.092861 -0.165863 1.137795,
        0.086499 -0.172015 1.137795,
        0.162118 -0.207356 1.137795,
        0.161594 -0.198585 1.137795,
        0.158483 -0.185925 1.137795,
        0.153457 -0.176428 1.137795,
        0.146670 -0.168820 1.137795,
        0.138005 -0.163015 1.137795,
        0.128625 -0.159757 1.137795,
        0.111885 -0.260289 1.137795,
        0.122430 -0.259351 1.137795,
        0.133191 -0.256011 1.137795,
        0.142254 -0.250575 1.137795,
        0.150323 -0.242765 1.137795,
        0.156620 -0.233024 1.137795,
        0.160621 -0.221595 1.137795,
        0.098373 -0.258617 1.137795,
        0.089023 -0.254944 1.137795,
        0.080459 -0.248860 1.137795,
        0.073454 -0.240896 1.137795,
        0.066717 -0.228312 1.137795,
        0.061612 -0.208346 1.137795,
        0.060331 -0.188961 1.137795,
        0.125988 -0.098968 1.137795,
        0.112948 -0.100277 1.137795,
        0.099828 -0.104813 1.137795,
        0.088923 -0.111989 1.137795,
        0.078683 -0.122921 1.137795,
        0.069368 -0.139022 1.137795,
        0.062847 -0.160547 1.137795,
        0.139718 -0.100226 1.137795,
        0.148748 -0.103129 1.137795,
        0.081630 -0.202388 1.137795,
        0.083265 -0.195249 1.137795,
        0.095380 -0.237833 1.137795,
        0.090837 -0.233505 1.137795,
        0.085787 -0.225770 1.137795,
        0.082624 -0.216826 1.137795,
        0.081457 -0.206005 1.137795,
        0.086799 -0.188438 1.137795,
        0.091948 -0.182643 1.137795,
        0.097625 -0.178831 1.137795,
        0.103689 -0.176657 1.137795,
        0.111525 -0.175787 1.137795,
        0.116471 -0.176078 1.137795,
        0.122719 -0.177516 1.137795,
        0.127838 -0.179953 1.137795,
        0.132111 -0.183381 1.137795,
        0.134603 -0.186294 1.137795,
        0.137937 -0.192191 1.137795,
        0.140161 -0.199772 1.137795,
        0.140992 -0.209486 1.137795,
        0.140298 -0.217657 1.137795,
        0.138169 -0.224998 1.137795,
        0.134704 -0.231319 1.137795,
        0.129946 -0.236556 1.137795,
        0.124835 -0.240036 1.137795,
        0.119322 -0.242091 1.137795,
        0.111735 -0.243005 1.137795,
        0.106166 -0.242505 1.137795,
        0.100392 -0.240748 1.137795,
        0.081457 -0.206005 1.141732,
        0.081630 -0.202388 1.141732,
        0.083265 -0.195249 1.141732,
        0.086799 -0.188438 1.141732,
        0.091948 -0.182643 1.141732,
        0.097625 -0.178831 1.141732,
        0.103689 -0.176657 1.141732,
        0.111525 -0.175787 1.141732,
        0.116471 -0.176078 1.141732,
        0.122719 -0.177516 1.141732,
        0.127838 -0.179953 1.141732,
        0.132111 -0.183381 1.141732,
        0.134603 -0.186294 1.141732,
        0.137937 -0.192191 1.141732,
        0.140161 -0.199772 1.141732,
        0.140992 -0.209486 1.141732,
        0.140298 -0.217657 1.141732,
        0.138169 -0.224998 1.141732,
        0.134704 -0.231319 1.141732,
        0.129946 -0.236556 1.141732,
        0.124835 -0.240036 1.141732,
        0.119322 -0.242091 1.141732,
        0.111735 -0.243005 1.141732,
        0.106166 -0.242505 1.141732,
        0.100392 -0.240748 1.141732,
        0.095380 -0.237833 1.141732,
        0.090837 -0.233505 1.141732,
        0.085787 -0.225770 1.141732,
        0.082624 -0.216826 1.141732,
        0.193656 -0.260289 1.137795,
        0.190326 -0.259870 1.137795,
        0.181322 -0.247866 1.137795,
        0.181437 -0.249644 1.137795,
        0.182056 -0.252227 1.137795,
        0.183482 -0.254976 1.137795,
        0.185409 -0.257183 1.137795,
        0.187747 -0.258842 1.137795,
        0.193746 -0.235323 1.137795,
        0.190911 -0.235620 1.137795,
        0.188458 -0.236408 1.137795,
        0.186165 -0.237817 1.137795,
        0.184491 -0.239380 1.137795,
        0.182767 -0.241823 1.137795,
        0.181712 -0.244489 1.137795,
        0.206289 -0.247866 1.137795,
        0.206171 -0.246019 1.137795,
        0.205543 -0.243459 1.137795,
        0.204199 -0.240815 1.137795,
        0.202073 -0.238387 1.137795,
        0.199670 -0.236702 1.137795,
        0.197122 -0.235733 1.137795,
        0.196296 -0.260049 1.137795,
        0.199002 -0.259218 1.137795,
        0.201360 -0.257835 1.137795,
        0.202983 -0.256351 1.137795,
        0.204693 -0.254022 1.137795,
        0.205873 -0.251203 1.137795,
      ]
    }
    coordIndex [
      341, 342, 155, -1,
      155, 342, 146, -1,
      343, 159, 157, -1,
      343, 157, 344, -1,
      344, 157, 156, -1,
      344, 156, 345, -1,
      345, 156, 146, -1,
      345, 146, 342, -1,
      346, 212, 211, -1,
      346, 211, 347, -1,
      347, 211, 210, -1,
      347, 210, 348, -1,
      348, 210, 209, -1,
      348, 209, 349, -1,
      349, 209, 208, -1,
      349, 208, 350, -1,
      350, 208, 207, -1,
      350, 207, 351, -1,
      351, 207, 204, -1,
      351, 204, 352, -1,
      352, 204, 343, -1,
      343, 204, 160, -1,
      343, 160, 159, -1,
      353, 147, 158, -1,
      353, 158, 354, -1,
      158, 206, 354, -1,
      354, 206, 205, -1,
      354, 205, 355, -1,
      355, 205, 215, -1,
      355, 215, 356, -1,
      356, 215, 214, -1,
      356, 214, 357, -1,
      357, 214, 213, -1,
      357, 213, 358, -1,
      358, 213, 212, -1,
      358, 212, 346, -1,
      359, 150, 149, -1,
      359, 149, 360, -1,
      360, 149, 148, -1,
      360, 148, 361, -1,
      361, 148, 145, -1,
      361, 145, 362, -1,
      362, 145, 144, -1,
      362, 144, 363, -1,
      363, 144, 147, -1,
      363, 147, 353, -1,
      364, 202, 365, -1,
      365, 202, 203, -1,
      365, 203, 143, -1,
      143, 142, 365, -1,
      365, 142, 162, -1,
      365, 162, 366, -1,
      366, 162, 161, -1,
      366, 161, 367, -1,
      367, 161, 153, -1,
      367, 153, 368, -1,
      368, 153, 152, -1,
      368, 152, 369, -1,
      369, 152, 151, -1,
      369, 151, 370, -1,
      370, 151, 150, -1,
      370, 150, 359, -1,
      3, 371, 2, -1,
      2, 371, 372, -1,
      2, 372, 173, -1,
      3, 201, 371, -1,
      371, 201, 202, -1,
      371, 202, 364, -1,
      372, 373, 173, -1,
      173, 373, 172, -1,
      374, 186, 185, -1,
      374, 185, 375, -1,
      375, 185, 182, -1,
      375, 182, 376, -1,
      376, 182, 373, -1,
      373, 182, 175, -1,
      373, 175, 172, -1,
      186, 374, 188, -1,
      188, 374, 377, -1,
      188, 377, 198, -1,
      198, 377, 378, -1,
      198, 378, 199, -1,
      199, 378, 379, -1,
      199, 379, 200, -1,
      200, 379, 380, -1,
      200, 380, 195, -1,
      195, 380, 381, -1,
      195, 381, 196, -1,
      196, 381, 382, -1,
      196, 382, 197, -1,
      197, 382, 383, -1,
      197, 383, 192, -1,
      384, 183, 385, -1,
      385, 183, 187, -1,
      187, 189, 385, -1,
      385, 189, 194, -1,
      385, 194, 386, -1,
      386, 194, 193, -1,
      386, 193, 387, -1,
      387, 193, 190, -1,
      387, 190, 388, -1,
      388, 190, 191, -1,
      388, 191, 389, -1,
      389, 191, 192, -1,
      389, 192, 383, -1,
      183, 384, 390, -1,
      391, 180, 179, -1,
      391, 179, 392, -1,
      392, 179, 178, -1,
      392, 178, 393, -1,
      393, 178, 177, -1,
      393, 177, 394, -1,
      394, 177, 176, -1,
      394, 176, 390, -1,
      390, 176, 184, -1,
      390, 184, 183, -1,
      163, 395, 164, -1,
      164, 395, 396, -1,
      164, 396, 165, -1,
      163, 171, 395, -1,
      395, 171, 170, -1,
      395, 170, 397, -1,
      397, 170, 169, -1,
      397, 169, 398, -1,
      398, 169, 168, -1,
      398, 168, 399, -1,
      168, 167, 399, -1,
      399, 167, 174, -1,
      399, 174, 400, -1,
      400, 174, 181, -1,
      400, 181, 401, -1,
      401, 181, 180, -1,
      401, 180, 391, -1,
      341, 155, 154, -1,
      341, 154, 402, -1,
      402, 154, 310, -1,
      402, 310, 403, -1,
      403, 310, 396, -1,
      396, 310, 166, -1,
      396, 166, 165, -1,
      342, 341, 345, -1,
      345, 341, 402, -1,
      345, 402, 344, -1,
      344, 402, 403, -1,
      344, 403, 343, -1,
      343, 403, 396, -1,
      343, 396, 352, -1,
      352, 396, 395, -1,
      352, 395, 351, -1,
      351, 395, 397, -1,
      351, 397, 350, -1,
      350, 397, 398, -1,
      350, 398, 349, -1,
      349, 398, 399, -1,
      349, 399, 348, -1,
      348, 399, 400, -1,
      348, 400, 347, -1,
      347, 400, 401, -1,
      347, 401, 346, -1,
      346, 401, 391, -1,
      346, 391, 358, -1,
      358, 391, 392, -1,
      358, 392, 357, -1,
      357, 392, 393, -1,
      357, 393, 356, -1,
      356, 393, 394, -1,
      356, 394, 355, -1,
      355, 394, 390, -1,
      355, 390, 354, -1,
      354, 390, 384, -1,
      354, 384, 353, -1,
      353, 384, 385, -1,
      353, 385, 363, -1,
      363, 385, 386, -1,
      363, 386, 362, -1,
      362, 386, 387, -1,
      362, 387, 361, -1,
      361, 387, 388, -1,
      361, 388, 360, -1,
      360, 388, 389, -1,
      360, 389, 359, -1,
      359, 389, 383, -1,
      359, 383, 370, -1,
      370, 383, 382, -1,
      370, 382, 369, -1,
      369, 382, 381, -1,
      369, 381, 368, -1,
      368, 381, 380, -1,
      368, 380, 367, -1,
      367, 380, 379, -1,
      367, 379, 366, -1,
      366, 379, 378, -1,
      366, 378, 365, -1,
      365, 378, 377, -1,
      365, 377, 364, -1,
      364, 377, 374, -1,
      364, 374, 371, -1,
      371, 374, 375, -1,
      371, 375, 372, -1,
      372, 375, 376, -1,
      372, 376, 373, -1,
      404, 405, 97, -1,
      97, 405, 6, -1,
      6, 405, 406, -1,
      407, 139, 91, -1,
      407, 91, 406, -1,
      406, 91, 90, -1,
      406, 90, 6, -1,
      408, 126, 128, -1,
      408, 128, 409, -1,
      409, 128, 130, -1,
      409, 130, 410, -1,
      410, 130, 132, -1,
      410, 132, 411, -1,
      411, 132, 134, -1,
      411, 134, 412, -1,
      412, 134, 136, -1,
      412, 136, 413, -1,
      413, 136, 138, -1,
      413, 138, 414, -1,
      414, 138, 139, -1,
      414, 139, 407, -1,
      408, 415, 126, -1,
      126, 415, 127, -1,
      416, 137, 135, -1,
      416, 135, 417, -1,
      417, 135, 133, -1,
      417, 133, 418, -1,
      418, 133, 131, -1,
      418, 131, 419, -1,
      419, 131, 129, -1,
      419, 129, 420, -1,
      420, 129, 127, -1,
      420, 127, 415, -1,
      421, 99, 5, -1,
      421, 5, 422, -1,
      422, 5, 4, -1,
      422, 4, 423, -1,
      423, 4, 95, -1,
      423, 95, 424, -1,
      424, 95, 98, -1,
      424, 98, 425, -1,
      425, 98, 92, -1,
      425, 92, 426, -1,
      92, 141, 426, -1,
      426, 141, 140, -1,
      426, 140, 427, -1,
      427, 140, 137, -1,
      427, 137, 416, -1,
      124, 428, 125, -1,
      125, 428, 429, -1,
      125, 429, 119, -1,
      119, 429, 430, -1,
      119, 430, 120, -1,
      120, 430, 431, -1,
      120, 431, 121, -1,
      124, 123, 428, -1,
      428, 123, 122, -1,
      428, 122, 432, -1,
      432, 122, 94, -1,
      432, 94, 433, -1,
      433, 94, 93, -1,
      433, 93, 434, -1,
      434, 93, 99, -1,
      434, 99, 421, -1,
      121, 431, 105, -1,
      105, 431, 435, -1,
      105, 435, 106, -1,
      106, 435, 436, -1,
      106, 436, 107, -1,
      107, 436, 437, -1,
      107, 437, 110, -1,
      110, 437, 438, -1,
      110, 438, 111, -1,
      111, 438, 439, -1,
      111, 439, 112, -1,
      112, 439, 440, -1,
      112, 440, 116, -1,
      116, 440, 441, -1,
      116, 441, 117, -1,
      442, 101, 443, -1,
      443, 101, 100, -1,
      100, 109, 443, -1,
      443, 109, 108, -1,
      443, 108, 444, -1,
      444, 108, 115, -1,
      444, 115, 445, -1,
      445, 115, 114, -1,
      445, 114, 446, -1,
      446, 114, 113, -1,
      446, 113, 447, -1,
      447, 113, 118, -1,
      447, 118, 448, -1,
      448, 118, 117, -1,
      448, 117, 441, -1,
      404, 97, 96, -1,
      404, 96, 449, -1,
      449, 96, 104, -1,
      449, 104, 450, -1,
      101, 442, 102, -1,
      102, 442, 450, -1,
      102, 450, 103, -1,
      103, 450, 104, -1,
      451, 452, 440, -1,
      441, 408, 409, -1,
      405, 404, 449, -1,
      405, 449, 406, -1,
      406, 449, 450, -1,
      406, 450, 407, -1,
      407, 450, 442, -1,
      407, 442, 414, -1,
      414, 442, 443, -1,
      414, 443, 413, -1,
      413, 443, 444, -1,
      413, 444, 412, -1,
      412, 444, 445, -1,
      412, 445, 411, -1,
      411, 445, 446, -1,
      411, 446, 410, -1,
      410, 446, 447, -1,
      410, 447, 409, -1,
      409, 447, 448, -1,
      409, 448, 441, -1,
      436, 453, 437, -1,
      437, 453, 454, -1,
      437, 454, 438, -1,
      438, 454, 455, -1,
      438, 455, 439, -1,
      439, 455, 456, -1,
      439, 456, 440, -1,
      440, 456, 457, -1,
      440, 457, 451, -1,
      441, 440, 408, -1,
      408, 440, 452, -1,
      408, 452, 415, -1,
      415, 452, 458, -1,
      415, 458, 420, -1,
      420, 458, 459, -1,
      420, 459, 419, -1,
      419, 459, 460, -1,
      419, 460, 418, -1,
      418, 460, 461, -1,
      418, 461, 417, -1,
      417, 461, 462, -1,
      417, 462, 416, -1,
      416, 462, 463, -1,
      416, 463, 427, -1,
      427, 463, 464, -1,
      427, 464, 426, -1,
      426, 464, 465, -1,
      426, 465, 425, -1,
      425, 465, 466, -1,
      425, 466, 424, -1,
      424, 466, 467, -1,
      424, 467, 423, -1,
      423, 467, 468, -1,
      423, 468, 422, -1,
      422, 468, 469, -1,
      422, 469, 421, -1,
      421, 469, 470, -1,
      421, 470, 434, -1,
      434, 470, 471, -1,
      434, 471, 433, -1,
      433, 471, 472, -1,
      433, 472, 432, -1,
      432, 472, 473, -1,
      432, 473, 428, -1,
      428, 473, 474, -1,
      428, 474, 429, -1,
      429, 474, 475, -1,
      429, 475, 430, -1,
      430, 475, 476, -1,
      430, 476, 431, -1,
      431, 476, 477, -1,
      431, 477, 435, -1,
      435, 477, 478, -1,
      435, 478, 436, -1,
      436, 478, 479, -1,
      436, 479, 453, -1,
      457, 480, 481, -1,
      457, 481, 451, -1,
      451, 481, 482, -1,
      451, 482, 452, -1,
      452, 482, 483, -1,
      452, 483, 458, -1,
      458, 483, 484, -1,
      458, 484, 459, -1,
      459, 484, 485, -1,
      459, 485, 460, -1,
      460, 485, 486, -1,
      460, 486, 461, -1,
      461, 486, 487, -1,
      461, 487, 462, -1,
      462, 487, 488, -1,
      462, 488, 463, -1,
      463, 488, 489, -1,
      463, 489, 464, -1,
      464, 489, 490, -1,
      464, 490, 465, -1,
      465, 490, 491, -1,
      465, 491, 466, -1,
      466, 491, 492, -1,
      466, 492, 467, -1,
      467, 492, 493, -1,
      467, 493, 468, -1,
      468, 493, 494, -1,
      468, 494, 469, -1,
      469, 494, 495, -1,
      469, 495, 470, -1,
      470, 495, 496, -1,
      470, 496, 471, -1,
      471, 496, 497, -1,
      471, 497, 472, -1,
      472, 497, 498, -1,
      472, 498, 473, -1,
      473, 498, 499, -1,
      473, 499, 474, -1,
      474, 499, 500, -1,
      474, 500, 475, -1,
      475, 500, 501, -1,
      475, 501, 476, -1,
      476, 501, 502, -1,
      476, 502, 477, -1,
      477, 502, 503, -1,
      477, 503, 478, -1,
      478, 503, 504, -1,
      478, 504, 479, -1,
      479, 504, 505, -1,
      479, 505, 453, -1,
      453, 505, 506, -1,
      453, 506, 454, -1,
      454, 506, 507, -1,
      454, 507, 455, -1,
      455, 507, 508, -1,
      455, 508, 456, -1,
      456, 508, 480, -1,
      456, 480, 457, -1,
      231, 509, 232, -1,
      232, 509, 510, -1,
      232, 510, 233, -1,
      510, 511, 233, -1,
      233, 511, 340, -1,
      512, 237, 236, -1,
      512, 236, 513, -1,
      513, 236, 340, -1,
      513, 340, 511, -1,
      512, 514, 237, -1,
      237, 514, 238, -1,
      515, 339, 338, -1,
      515, 338, 516, -1,
      516, 338, 238, -1,
      516, 238, 514, -1,
      515, 517, 339, -1,
      339, 517, 235, -1,
      517, 518, 235, -1,
      235, 518, 234, -1,
      234, 518, 230, -1,
      230, 518, 519, -1,
      230, 519, 229, -1,
      520, 225, 227, -1,
      520, 227, 521, -1,
      521, 227, 229, -1,
      521, 229, 519, -1,
      520, 522, 225, -1,
      225, 522, 226, -1,
      523, 222, 228, -1,
      523, 228, 524, -1,
      524, 228, 226, -1,
      524, 226, 522, -1,
      523, 525, 222, -1,
      222, 525, 223, -1,
      525, 526, 223, -1,
      223, 526, 224, -1,
      526, 527, 224, -1,
      224, 527, 251, -1,
      527, 528, 251, -1,
      251, 528, 0, -1,
      0, 528, 1, -1,
      1, 528, 529, -1,
      1, 529, 220, -1,
      530, 216, 218, -1,
      530, 218, 531, -1,
      531, 218, 220, -1,
      531, 220, 529, -1,
      530, 532, 216, -1,
      216, 532, 217, -1,
      533, 221, 219, -1,
      533, 219, 534, -1,
      534, 219, 217, -1,
      534, 217, 532, -1,
      533, 535, 221, -1,
      221, 535, 83, -1,
      536, 85, 535, -1,
      535, 85, 84, -1,
      535, 84, 83, -1,
      536, 509, 85, -1,
      85, 509, 231, -1,
      510, 509, 511, -1,
      511, 509, 536, -1,
      511, 536, 513, -1,
      513, 536, 512, -1,
      526, 525, 527, -1,
      527, 525, 523, -1,
      523, 524, 527, -1,
      527, 524, 522, -1,
      527, 522, 528, -1,
      528, 522, 520, -1,
      530, 518, 532, -1,
      532, 518, 517, -1,
      532, 517, 534, -1,
      534, 517, 533, -1,
      512, 536, 514, -1,
      514, 536, 535, -1,
      514, 535, 516, -1,
      530, 531, 518, -1,
      518, 531, 529, -1,
      518, 529, 519, -1,
      519, 529, 528, -1,
      519, 528, 521, -1,
      521, 528, 520, -1,
      533, 517, 535, -1,
      535, 517, 515, -1,
      535, 515, 516, -1,
      537, 89, 538, -1,
      538, 89, 88, -1,
      538, 88, 87, -1,
      537, 539, 89, -1,
      89, 539, 290, -1,
      290, 539, 291, -1,
      291, 539, 540, -1,
      291, 540, 81, -1,
      70, 541, 71, -1,
      71, 541, 542, -1,
      71, 542, 75, -1,
      75, 542, 543, -1,
      75, 543, 76, -1,
      76, 543, 544, -1,
      76, 544, 77, -1,
      77, 544, 545, -1,
      77, 545, 78, -1,
      78, 545, 546, -1,
      78, 546, 79, -1,
      69, 547, 70, -1,
      70, 547, 548, -1,
      70, 548, 541, -1,
      69, 82, 547, -1,
      547, 82, 81, -1,
      547, 81, 540, -1,
      538, 87, 86, -1,
      8, 549, 86, -1,
      86, 549, 550, -1,
      86, 550, 538, -1,
      8, 7, 549, -1,
      549, 7, 72, -1,
      549, 72, 551, -1,
      551, 72, 73, -1,
      551, 73, 552, -1,
      552, 73, 74, -1,
      552, 74, 553, -1,
      553, 74, 80, -1,
      553, 80, 554, -1,
      554, 80, 79, -1,
      554, 79, 546, -1,
      544, 543, 555, -1,
      555, 543, 542, -1,
      555, 542, 556, -1,
      556, 542, 541, -1,
      556, 541, 557, -1,
      557, 541, 548, -1,
      557, 548, 558, -1,
      558, 548, 547, -1,
      558, 547, 559, -1,
      559, 547, 540, -1,
      559, 540, 560, -1,
      560, 540, 539, -1,
      560, 539, 561, -1,
      561, 539, 537, -1,
      561, 537, 562, -1,
      562, 537, 538, -1,
      562, 538, 563, -1,
      563, 538, 550, -1,
      563, 550, 564, -1,
      564, 550, 549, -1,
      564, 549, 565, -1,
      565, 549, 551, -1,
      565, 551, 566, -1,
      566, 551, 552, -1,
      566, 552, 567, -1,
      567, 552, 553, -1,
      567, 553, 568, -1,
      568, 553, 554, -1,
      568, 554, 569, -1,
      569, 554, 546, -1,
      569, 546, 570, -1,
      570, 546, 545, -1,
      570, 545, 571, -1,
      571, 545, 544, -1,
      571, 544, 555, -1,
      559, 560, 572, -1,
      572, 560, 573, -1,
      559, 572, 574, -1,
      559, 574, 558, -1,
      558, 574, 575, -1,
      558, 575, 557, -1,
      557, 575, 576, -1,
      557, 576, 556, -1,
      556, 576, 577, -1,
      556, 577, 555, -1,
      555, 577, 578, -1,
      555, 578, 571, -1,
      571, 578, 579, -1,
      571, 579, 570, -1,
      570, 579, 580, -1,
      570, 580, 569, -1,
      569, 580, 581, -1,
      569, 581, 568, -1,
      568, 581, 582, -1,
      568, 582, 567, -1,
      567, 582, 583, -1,
      567, 583, 566, -1,
      566, 583, 584, -1,
      566, 584, 565, -1,
      565, 584, 585, -1,
      565, 585, 564, -1,
      564, 585, 586, -1,
      564, 586, 563, -1,
      563, 586, 587, -1,
      563, 587, 562, -1,
      561, 562, 588, -1,
      588, 562, 587, -1,
      560, 561, 573, -1,
      573, 561, 588, -1,
      589, 590, 315, -1,
      315, 590, 316, -1,
      591, 307, 306, -1,
      591, 306, 592, -1,
      592, 306, 305, -1,
      592, 305, 593, -1,
      593, 305, 317, -1,
      593, 317, 594, -1,
      594, 317, 316, -1,
      594, 316, 590, -1,
      591, 595, 307, -1,
      307, 595, 308, -1,
      596, 314, 313, -1,
      596, 313, 597, -1,
      597, 313, 311, -1,
      597, 311, 598, -1,
      598, 311, 308, -1,
      598, 308, 595, -1,
      596, 599, 314, -1,
      314, 599, 312, -1,
      599, 600, 312, -1,
      312, 600, 309, -1,
      600, 589, 309, -1,
      309, 589, 315, -1,
      600, 599, 589, -1,
      589, 599, 596, -1,
      589, 596, 590, -1,
      590, 596, 594, -1,
      594, 596, 597, -1,
      594, 597, 593, -1,
      593, 597, 598, -1,
      593, 598, 592, -1,
      592, 598, 595, -1,
      592, 595, 591, -1,
      45, 601, 602, -1,
      603, 65, 50, -1,
      603, 50, 604, -1,
      604, 50, 49, -1,
      604, 49, 605, -1,
      605, 49, 56, -1,
      605, 56, 606, -1,
      606, 56, 55, -1,
      606, 55, 607, -1,
      607, 55, 48, -1,
      607, 48, 608, -1,
      608, 48, 47, -1,
      608, 47, 602, -1,
      602, 47, 46, -1,
      602, 46, 45, -1,
      609, 58, 57, -1,
      609, 57, 610, -1,
      610, 57, 68, -1,
      610, 68, 611, -1,
      611, 68, 67, -1,
      611, 67, 612, -1,
      612, 67, 66, -1,
      612, 66, 613, -1,
      613, 66, 63, -1,
      613, 63, 614, -1,
      614, 63, 64, -1,
      614, 64, 615, -1,
      615, 64, 65, -1,
      615, 65, 603, -1,
      616, 42, 62, -1,
      616, 62, 617, -1,
      617, 62, 61, -1,
      617, 61, 618, -1,
      618, 61, 60, -1,
      618, 60, 619, -1,
      619, 60, 52, -1,
      619, 52, 620, -1,
      620, 52, 51, -1,
      620, 51, 621, -1,
      621, 51, 59, -1,
      621, 59, 622, -1,
      622, 59, 58, -1,
      622, 58, 609, -1,
      601, 45, 41, -1,
      601, 41, 623, -1,
      623, 41, 10, -1,
      623, 10, 624, -1,
      10, 9, 624, -1,
      624, 9, 54, -1,
      624, 54, 625, -1,
      625, 54, 53, -1,
      625, 53, 626, -1,
      626, 53, 44, -1,
      626, 44, 627, -1,
      627, 44, 43, -1,
      627, 43, 628, -1,
      628, 43, 42, -1,
      628, 42, 616, -1,
      604, 626, 627, -1,
      611, 612, 617, -1,
      617, 612, 613, -1,
      617, 613, 614, -1,
      627, 628, 604, -1,
      604, 628, 616, -1,
      604, 616, 617, -1,
      618, 609, 617, -1,
      617, 609, 610, -1,
      617, 610, 611, -1,
      614, 615, 617, -1,
      617, 615, 603, -1,
      617, 603, 604, -1,
      623, 624, 604, -1,
      604, 624, 625, -1,
      604, 625, 626, -1,
      606, 607, 601, -1,
      601, 607, 608, -1,
      601, 608, 602, -1,
      618, 619, 609, -1,
      609, 619, 620, -1,
      609, 620, 622, -1,
      622, 620, 621, -1,
      623, 604, 601, -1,
      601, 604, 605, -1,
      601, 605, 606, -1,
      629, 630, 243, -1,
      243, 630, 244, -1,
      630, 631, 244, -1,
      244, 631, 245, -1,
      632, 240, 241, -1,
      632, 241, 633, -1,
      633, 241, 246, -1,
      633, 246, 634, -1,
      634, 246, 245, -1,
      634, 245, 631, -1,
      632, 635, 240, -1,
      240, 635, 239, -1,
      239, 635, 636, -1,
      637, 250, 249, -1,
      637, 249, 636, -1,
      636, 249, 248, -1,
      636, 248, 239, -1,
      637, 638, 250, -1,
      250, 638, 247, -1,
      247, 638, 242, -1,
      242, 638, 629, -1,
      242, 629, 243, -1,
      630, 629, 631, -1,
      631, 629, 638, -1,
      638, 637, 631, -1,
      631, 637, 636, -1,
      631, 636, 634, -1,
      634, 636, 635, -1,
      634, 635, 633, -1,
      633, 635, 632, -1,
      639, 640, 325, -1,
      325, 640, 318, -1,
      640, 641, 318, -1,
      318, 641, 319, -1,
      641, 642, 319, -1,
      319, 642, 320, -1,
      642, 643, 320, -1,
      320, 643, 321, -1,
      643, 644, 321, -1,
      321, 644, 330, -1,
      645, 326, 328, -1,
      645, 328, 646, -1,
      646, 328, 330, -1,
      646, 330, 644, -1,
      645, 647, 326, -1,
      326, 647, 327, -1,
      648, 331, 329, -1,
      648, 329, 649, -1,
      649, 329, 327, -1,
      649, 327, 647, -1,
      648, 650, 331, -1,
      331, 650, 332, -1,
      650, 651, 332, -1,
      332, 651, 333, -1,
      651, 652, 333, -1,
      333, 652, 323, -1,
      652, 653, 323, -1,
      323, 653, 322, -1,
      653, 654, 322, -1,
      322, 654, 324, -1,
      654, 655, 324, -1,
      324, 655, 337, -1,
      656, 334, 336, -1,
      656, 336, 657, -1,
      657, 336, 337, -1,
      657, 337, 655, -1,
      656, 658, 334, -1,
      334, 658, 335, -1,
      658, 639, 335, -1,
      335, 639, 325, -1,
      656, 652, 658, -1,
      658, 652, 641, -1,
      658, 641, 639, -1,
      639, 641, 640, -1,
      643, 642, 644, -1,
      644, 642, 641, -1,
      644, 641, 646, -1,
      654, 653, 655, -1,
      655, 653, 652, -1,
      655, 652, 657, -1,
      657, 652, 656, -1,
      651, 650, 652, -1,
      652, 650, 648, -1,
      648, 649, 652, -1,
      652, 649, 647, -1,
      652, 647, 641, -1,
      641, 647, 645, -1,
      641, 645, 646, -1,
      659, 660, 256, -1,
      256, 660, 252, -1,
      661, 278, 277, -1,
      661, 277, 662, -1,
      662, 277, 252, -1,
      662, 252, 660, -1,
      663, 265, 267, -1,
      663, 267, 664, -1,
      664, 267, 269, -1,
      664, 269, 665, -1,
      665, 269, 271, -1,
      665, 271, 666, -1,
      666, 271, 273, -1,
      666, 273, 667, -1,
      667, 273, 275, -1,
      667, 275, 668, -1,
      668, 275, 279, -1,
      668, 279, 669, -1,
      669, 279, 278, -1,
      669, 278, 661, -1,
      663, 670, 265, -1,
      265, 670, 266, -1,
      671, 276, 274, -1,
      671, 274, 672, -1,
      672, 274, 272, -1,
      672, 272, 673, -1,
      673, 272, 270, -1,
      673, 270, 674, -1,
      674, 270, 268, -1,
      674, 268, 675, -1,
      675, 268, 266, -1,
      675, 266, 670, -1,
      676, 282, 281, -1,
      676, 281, 677, -1,
      677, 281, 280, -1,
      677, 280, 678, -1,
      678, 280, 260, -1,
      678, 260, 679, -1,
      679, 260, 259, -1,
      679, 259, 680, -1,
      680, 259, 258, -1,
      680, 258, 681, -1,
      681, 258, 257, -1,
      681, 257, 682, -1,
      682, 257, 276, -1,
      682, 276, 671, -1,
      683, 304, 303, -1,
      683, 303, 684, -1,
      684, 303, 302, -1,
      684, 302, 685, -1,
      302, 301, 685, -1,
      685, 301, 264, -1,
      685, 264, 686, -1,
      686, 264, 263, -1,
      686, 263, 687, -1,
      687, 263, 262, -1,
      687, 262, 688, -1,
      688, 262, 261, -1,
      688, 261, 689, -1,
      689, 261, 282, -1,
      689, 282, 676, -1,
      304, 683, 285, -1,
      285, 683, 690, -1,
      285, 690, 286, -1,
      286, 690, 691, -1,
      286, 691, 287, -1,
      287, 691, 692, -1,
      287, 692, 292, -1,
      292, 692, 693, -1,
      292, 693, 293, -1,
      293, 693, 694, -1,
      293, 694, 294, -1,
      294, 694, 695, -1,
      294, 695, 298, -1,
      298, 695, 696, -1,
      298, 696, 299, -1,
      697, 284, 698, -1,
      698, 284, 283, -1,
      283, 289, 698, -1,
      698, 289, 288, -1,
      698, 288, 699, -1,
      699, 288, 297, -1,
      699, 297, 700, -1,
      700, 297, 296, -1,
      700, 296, 701, -1,
      701, 296, 295, -1,
      701, 295, 702, -1,
      702, 295, 300, -1,
      702, 300, 703, -1,
      703, 300, 299, -1,
      703, 299, 696, -1,
      284, 697, 253, -1,
      253, 697, 704, -1,
      253, 704, 254, -1,
      254, 704, 705, -1,
      254, 705, 255, -1,
      255, 705, 659, -1,
      255, 659, 256, -1,
      706, 707, 695, -1,
      696, 663, 664, -1,
      660, 659, 705, -1,
      660, 705, 662, -1,
      662, 705, 704, -1,
      662, 704, 661, -1,
      661, 704, 697, -1,
      661, 697, 669, -1,
      669, 697, 698, -1,
      669, 698, 668, -1,
      668, 698, 699, -1,
      668, 699, 667, -1,
      667, 699, 700, -1,
      667, 700, 666, -1,
      666, 700, 701, -1,
      666, 701, 665, -1,
      665, 701, 702, -1,
      665, 702, 664, -1,
      664, 702, 703, -1,
      664, 703, 696, -1,
      691, 708, 692, -1,
      692, 708, 709, -1,
      692, 709, 693, -1,
      693, 709, 710, -1,
      693, 710, 694, -1,
      694, 710, 711, -1,
      694, 711, 695, -1,
      695, 711, 712, -1,
      695, 712, 706, -1,
      696, 695, 663, -1,
      663, 695, 707, -1,
      663, 707, 670, -1,
      670, 707, 713, -1,
      670, 713, 675, -1,
      675, 713, 714, -1,
      675, 714, 674, -1,
      674, 714, 715, -1,
      674, 715, 673, -1,
      673, 715, 716, -1,
      673, 716, 672, -1,
      672, 716, 717, -1,
      672, 717, 671, -1,
      671, 717, 718, -1,
      671, 718, 682, -1,
      682, 718, 719, -1,
      682, 719, 681, -1,
      681, 719, 720, -1,
      681, 720, 680, -1,
      680, 720, 721, -1,
      680, 721, 679, -1,
      679, 721, 722, -1,
      679, 722, 678, -1,
      678, 722, 723, -1,
      678, 723, 677, -1,
      677, 723, 724, -1,
      677, 724, 676, -1,
      676, 724, 725, -1,
      676, 725, 689, -1,
      689, 725, 726, -1,
      689, 726, 688, -1,
      688, 726, 727, -1,
      688, 727, 687, -1,
      687, 727, 728, -1,
      687, 728, 686, -1,
      686, 728, 729, -1,
      686, 729, 685, -1,
      685, 729, 730, -1,
      685, 730, 684, -1,
      684, 730, 731, -1,
      684, 731, 683, -1,
      683, 731, 732, -1,
      683, 732, 690, -1,
      690, 732, 733, -1,
      690, 733, 691, -1,
      691, 733, 734, -1,
      691, 734, 708, -1,
      712, 735, 736, -1,
      712, 736, 706, -1,
      706, 736, 737, -1,
      706, 737, 707, -1,
      707, 737, 738, -1,
      707, 738, 713, -1,
      713, 738, 739, -1,
      713, 739, 714, -1,
      714, 739, 740, -1,
      714, 740, 715, -1,
      715, 740, 741, -1,
      715, 741, 716, -1,
      716, 741, 742, -1,
      716, 742, 717, -1,
      717, 742, 743, -1,
      717, 743, 718, -1,
      718, 743, 744, -1,
      718, 744, 719, -1,
      719, 744, 745, -1,
      719, 745, 720, -1,
      720, 745, 746, -1,
      720, 746, 721, -1,
      721, 746, 747, -1,
      721, 747, 722, -1,
      722, 747, 748, -1,
      722, 748, 723, -1,
      723, 748, 749, -1,
      723, 749, 724, -1,
      724, 749, 750, -1,
      724, 750, 725, -1,
      725, 750, 751, -1,
      725, 751, 726, -1,
      726, 751, 752, -1,
      726, 752, 727, -1,
      727, 752, 753, -1,
      727, 753, 728, -1,
      728, 753, 754, -1,
      728, 754, 729, -1,
      729, 754, 755, -1,
      729, 755, 730, -1,
      730, 755, 756, -1,
      730, 756, 731, -1,
      731, 756, 757, -1,
      731, 757, 732, -1,
      732, 757, 758, -1,
      732, 758, 733, -1,
      733, 758, 759, -1,
      733, 759, 734, -1,
      734, 759, 760, -1,
      734, 760, 708, -1,
      708, 760, 761, -1,
      708, 761, 709, -1,
      709, 761, 762, -1,
      709, 762, 710, -1,
      710, 762, 763, -1,
      710, 763, 711, -1,
      711, 763, 735, -1,
      711, 735, 712, -1,
      16, 764, 765, -1,
      766, 20, 21, -1,
      766, 21, 767, -1,
      767, 21, 22, -1,
      767, 22, 768, -1,
      768, 22, 30, -1,
      768, 30, 769, -1,
      769, 30, 29, -1,
      769, 29, 770, -1,
      770, 29, 19, -1,
      770, 19, 771, -1,
      771, 19, 18, -1,
      771, 18, 765, -1,
      765, 18, 17, -1,
      765, 17, 16, -1,
      772, 37, 38, -1,
      772, 38, 773, -1,
      773, 38, 40, -1,
      773, 40, 774, -1,
      774, 40, 39, -1,
      774, 39, 775, -1,
      775, 39, 36, -1,
      775, 36, 776, -1,
      776, 36, 35, -1,
      776, 35, 777, -1,
      777, 35, 34, -1,
      777, 34, 778, -1,
      778, 34, 20, -1,
      778, 20, 766, -1,
      779, 13, 33, -1,
      779, 33, 780, -1,
      780, 33, 32, -1,
      780, 32, 781, -1,
      781, 32, 31, -1,
      781, 31, 782, -1,
      782, 31, 25, -1,
      782, 25, 783, -1,
      783, 25, 24, -1,
      783, 24, 784, -1,
      784, 24, 23, -1,
      784, 23, 785, -1,
      785, 23, 37, -1,
      785, 37, 772, -1,
      764, 16, 12, -1,
      764, 12, 786, -1,
      786, 12, 11, -1,
      786, 11, 787, -1,
      11, 28, 787, -1,
      787, 28, 27, -1,
      787, 27, 788, -1,
      788, 27, 26, -1,
      788, 26, 789, -1,
      789, 26, 15, -1,
      789, 15, 790, -1,
      790, 15, 14, -1,
      790, 14, 791, -1,
      791, 14, 13, -1,
      791, 13, 779, -1,
      767, 789, 790, -1,
      774, 775, 780, -1,
      780, 775, 776, -1,
      780, 776, 777, -1,
      790, 791, 767, -1,
      767, 791, 779, -1,
      767, 779, 780, -1,
      781, 772, 780, -1,
      780, 772, 773, -1,
      780, 773, 774, -1,
      777, 778, 780, -1,
      780, 778, 766, -1,
      780, 766, 767, -1,
      786, 787, 767, -1,
      767, 787, 788, -1,
      767, 788, 789, -1,
      769, 770, 764, -1,
      764, 770, 771, -1,
      764, 771, 765, -1,
      781, 782, 772, -1,
      772, 782, 783, -1,
      772, 783, 785, -1,
      785, 783, 784, -1,
      786, 767, 764, -1,
      764, 767, 768, -1,
      764, 768, 769, -1,
    ]
  }
}

Shape {
  appearance Appearance {
    material Material {
      diffuseColor 0.6471 0.6471 0.6471
      specularColor 0.3216 0.3216 0.3216
      ambientIntensity 0.2
      transparency 0.0000
      shininess 0.5
    }
  }
  geometry IndexedFaceSet {
    ccw TRUE
    solid FALSE
    coord DEF co Coordinate {
      point [
        0.669291 -0.649606 0.039370,
        1.318898 0.649606 0.039370,
        0.669291 0.649606 0.039370,
        0.669291 -0.047758 0.039370,
        1.318898 -0.649606 0.039370,
        -0.669291 0.649606 0.039370,
        -0.669291 -0.047758 0.039370,
        -1.318898 0.649606 0.039370,
        -0.669291 -0.649606 0.039370,
        -1.318898 -0.649606 0.039370,
        1.318898 0.590551 0.078740,
        1.318898 0.610236 0.078740,
        1.318898 -0.610236 0.078740,
        1.318898 -0.590551 0.078740,
        -1.318898 -0.610236 0.078740,
        -1.318898 0.610236 0.078740,
        -1.318898 0.590551 0.078740,
        -1.318898 -0.590551 0.078740,
        0.252381 -0.206005 1.141732,
        0.252554 -0.202388 1.141732,
        0.254188 -0.195249 1.141732,
        0.257723 -0.188438 1.141732,
        0.262871 -0.182643 1.141732,
        0.268548 -0.178831 1.141732,
        0.274613 -0.176657 1.141732,
        0.282448 -0.175787 1.141732,
        0.287394 -0.176078 1.141732,
        0.293643 -0.177516 1.141732,
        0.298761 -0.179953 1.141732,
        0.303035 -0.183381 1.141732,
        0.305527 -0.186294 1.141732,
        0.308861 -0.192191 1.141732,
        0.311085 -0.199772 1.141732,
        0.311916 -0.209486 1.141732,
        0.311222 -0.217657 1.141732,
        0.309093 -0.224998 1.141732,
        0.305628 -0.231319 1.141732,
        0.300870 -0.236556 1.141732,
        0.295759 -0.240036 1.141732,
        0.290246 -0.242091 1.141732,
        0.282658 -0.243005 1.141732,
        0.277090 -0.242505 1.141732,
        0.271315 -0.240748 1.141732,
        0.266304 -0.237833 1.141732,
        0.261761 -0.233505 1.141732,
        0.256711 -0.225770 1.141732,
        0.253548 -0.216826 1.141732,
        0.182968 0.175245 1.141732,
        0.153936 0.175245 1.141732,
        0.206267 0.172768 1.141732,
        0.222516 0.167082 1.141732,
        0.236895 0.157793 1.141732,
        0.246456 0.147641 1.141732,
        0.253295 0.135499 1.141732,
        0.257891 0.119930 1.141732,
        0.259563 0.100338 1.141732,
        0.257756 0.079663 1.141732,
        0.251982 0.061159 1.141732,
        0.243679 0.047586 1.141732,
        0.232639 0.036681 1.141732,
        0.219213 0.028709 1.141732,
        0.202648 0.023539 1.141732,
        0.181880 0.021606 1.141732,
        0.153936 0.021606 1.141732,
        0.081457 -0.206005 1.141732,
        0.081630 -0.202388 1.141732,
        0.083265 -0.195249 1.141732,
        0.086799 -0.188438 1.141732,
        0.091948 -0.182643 1.141732,
        0.097625 -0.178831 1.141732,
        0.103689 -0.176657 1.141732,
        0.111525 -0.175787 1.141732,
        0.116471 -0.176078 1.141732,
        0.122719 -0.177516 1.141732,
        0.127838 -0.179953 1.141732,
        0.132111 -0.183381 1.141732,
        0.134603 -0.186294 1.141732,
        0.137937 -0.192191 1.141732,
        0.140161 -0.199772 1.141732,
        0.140992 -0.209486 1.141732,
        0.140298 -0.217657 1.141732,
        0.138169 -0.224998 1.141732,
        0.134704 -0.231319 1.141732,
        0.129946 -0.236556 1.141732,
        0.124835 -0.240036 1.141732,
        0.119322 -0.242091 1.141732,
        0.111735 -0.243005 1.141732,
        0.106166 -0.242505 1.141732,
        0.100392 -0.240748 1.141732,
        0.095380 -0.237833 1.141732,
        0.090837 -0.233505 1.141732,
        0.085787 -0.225770 1.141732,
        0.082624 -0.216826 1.141732,
        -0.767717 0.590551 0.078740,
        -0.708661 0.610236 0.078740,
        -0.767717 -0.590551 0.078740,
        -0.708661 -0.610236 0.078740,
        0.767717 -0.590551 0.078740,
        0.708661 -0.610236 0.078740,
        0.767717 0.590551 0.078740,
        0.708661 0.610236 0.078740,
      ]
    }
    coordIndex [
      33, 32, 18, -1,
      18, 32, 31, -1,
      18, 31, 30, -1,
      30, 29, 18, -1,
      18, 29, 28, -1,
      18, 28, 27, -1,
      45, 44, 34, -1,
      35, 34, 40, -1,
      40, 34, 41, -1,
      27, 26, 18, -1,
      18, 26, 25, -1,
      18, 25, 19, -1,
      19, 25, 24, -1,
      19, 24, 23, -1,
      33, 18, 34, -1,
      34, 18, 46, -1,
      34, 46, 45, -1,
      44, 43, 34, -1,
      34, 43, 42, -1,
      34, 42, 41, -1,
      39, 38, 37, -1,
      23, 22, 19, -1,
      19, 22, 21, -1,
      19, 21, 20, -1,
      39, 37, 40, -1,
      40, 37, 36, -1,
      40, 36, 35, -1,
      48, 63, 47, -1,
      47, 63, 62, -1,
      47, 62, 61, -1,
      55, 54, 47, -1,
      47, 54, 53, -1,
      47, 53, 49, -1,
      61, 60, 47, -1,
      47, 60, 59, -1,
      47, 59, 58, -1,
      58, 57, 47, -1,
      47, 57, 56, -1,
      47, 56, 55, -1,
      52, 51, 53, -1,
      53, 51, 50, -1,
      53, 50, 49, -1,
      79, 78, 64, -1,
      64, 78, 77, -1,
      64, 77, 76, -1,
      76, 75, 64, -1,
      64, 75, 74, -1,
      64, 74, 73, -1,
      91, 90, 80, -1,
      81, 80, 86, -1,
      86, 80, 87, -1,
      73, 72, 64, -1,
      64, 72, 71, -1,
      64, 71, 65, -1,
      65, 71, 70, -1,
      65, 70, 69, -1,
      79, 64, 80, -1,
      80, 64, 92, -1,
      80, 92, 91, -1,
      90, 89, 80, -1,
      80, 89, 88, -1,
      80, 88, 87, -1,
      85, 84, 83, -1,
      69, 68, 65, -1,
      65, 68, 67, -1,
      65, 67, 66, -1,
      85, 83, 86, -1,
      86, 83, 82, -1,
      86, 82, 81, -1,
      16, 15, 93, -1,
      93, 15, 94, -1,
      93, 94, 95, -1,
      95, 94, 96, -1,
      95, 96, 17, -1,
      17, 96, 14, -1,
      13, 12, 97, -1,
      97, 12, 98, -1,
      97, 98, 99, -1,
      99, 98, 100, -1,
      99, 100, 10, -1,
      10, 100, 11, -1,
      96, 8, 14, -1,
      14, 8, 9, -1,
      8, 96, 6, -1,
      6, 96, 94, -1,
      6, 94, 5, -1,
      5, 94, 7, -1,
      7, 94, 15, -1,
      100, 2, 11, -1,
      11, 2, 1, -1,
      2, 100, 3, -1,
      3, 100, 98, -1,
      3, 98, 0, -1,
      0, 98, 4, -1,
      4, 98, 12, -1,
    ]
  }
}

Shape {
  appearance Appearance {
    material Material {
      diffuseColor 0.2510 0.2510 0.2510
      specularColor 0.1255 0.1255 0.1255
      ambientIntensity 0.2
      transparency 0.0000
      shininess 0.5
    }
  }
  geometry IndexedFaceSet {
    ccw TRUE
    solid FALSE
    coord DEF co Coordinate {
      point [
        0.101119 0.059550 0.039370,
        0.112748 0.058244 0.039370,
        0.075576 -0.029125 0.039370,
        0.131960 -0.043028 0.039370,
        0.171404 -0.047038 0.039370,
        0.120513 -0.046969 0.039370,
        0.112903 -0.047758 0.039370,
        0.121589 0.055053 0.039370,
        0.129764 0.049584 0.039370,
        0.136896 0.041710 0.039370,
        0.145477 0.010757 0.039370,
        0.144281 -0.002029 0.039370,
        0.141072 -0.012188 0.039370,
        0.114791 -0.034279 0.039370,
        0.103774 -0.035515 0.039370,
        0.123396 -0.031111 0.039370,
        0.130645 -0.026225 0.039370,
        0.136188 -0.020378 0.039370,
        0.088096 -0.033774 0.039370,
        0.086763 0.057685 0.039370,
        0.073459 -0.027953 0.039370,
        0.073459 0.051988 0.039370,
        0.073459 0.067832 0.039370,
        0.141766 0.032591 0.039370,
        0.144914 0.019947 0.039370,
        0.155088 0.039964 0.039370,
        0.148165 0.051007 0.039370,
        0.216056 0.071072 0.039370,
        0.231899 0.071072 0.039370,
        0.231899 -0.047038 0.039370,
        0.141461 -0.036961 0.039370,
        0.150332 -0.027622 0.039370,
        0.171404 -0.034074 0.039370,
        0.156624 -0.016391 0.039370,
        0.216056 -0.034074 0.039370,
        0.137502 0.061262 0.039370,
        0.126283 0.067719 0.039370,
        0.113117 0.071544 0.039370,
        0.160179 -0.003889 0.039370,
        0.161321 0.009789 0.039370,
        0.159622 0.026581 0.039370,
        0.101254 0.072513 0.039370,
        0.087114 0.071537 0.039370,
        0.073459 -0.040916 0.039370,
        0.086049 -0.046085 0.039370,
        0.097983 -0.047758 0.039370,
        0.102728 -0.048422 0.039370,
        0.105957 -0.048478 0.039370,
        -0.139716 -0.047038 0.039370,
        -0.125176 -0.014666 0.039370,
        -0.118402 -0.025230 0.039370,
        -0.012963 -0.047038 0.039370,
        0.050413 -0.047038 0.039370,
        0.050413 0.071072 0.039370,
        -0.010083 0.071072 0.039370,
        -0.010083 0.058109 0.039370,
        0.034569 0.058109 0.039370,
        0.034569 0.019219 0.039370,
        -0.108681 -0.034539 0.039370,
        -0.096348 -0.041706 0.039370,
        -0.082739 -0.045762 0.039370,
        -0.184367 0.071072 0.039370,
        -0.200211 0.071072 0.039370,
        -0.036009 0.071072 0.039370,
        -0.007202 0.019219 0.039370,
        -0.007202 0.006256 0.039370,
        0.034569 0.006256 0.039370,
        0.034569 -0.034074 0.039370,
        -0.012963 -0.034074 0.039370,
        -0.036009 -0.047038 0.039370,
        -0.068125 -0.047038 0.039370,
        -0.246303 -0.047038 0.039370,
        -0.229019 -0.047038 0.039370,
        -0.217068 -0.013909 0.039370,
        -0.168276 -0.013909 0.039370,
        -0.157000 -0.047038 0.039370,
        -0.069340 0.071072 0.039370,
        -0.086404 0.069248 0.039370,
        -0.100223 0.064396 0.039370,
        -0.113078 0.055781 0.039370,
        -0.113202 0.055672 0.039370,
        -0.121554 0.046411 0.039370,
        -0.127043 0.036254 0.039370,
        -0.130215 0.024617 0.039370,
        -0.131074 0.013503 0.039370,
        -0.129416 -0.002304 0.039370,
        -0.200211 0.071072 0.043307,
        -0.246303 -0.047038 0.043307,
        -0.229019 -0.047038 0.043307,
        -0.217068 -0.013909 0.043307,
        -0.168276 -0.013909 0.043307,
        -0.157000 -0.047038 0.043307,
        -0.139716 -0.047038 0.043307,
        -0.184367 0.071072 0.043307,
        -0.172259 -0.000946 0.043307,
        -0.211757 -0.000946 0.043307,
        -0.189881 0.048387 0.043307,
        -0.191018 0.052483 0.043307,
        -0.191772 0.056669 0.043307,
        -0.192154 0.056669 0.043307,
        -0.192925 0.052496 0.043307,
        -0.193977 0.048387 0.043307,
        -0.172259 -0.000946 0.039370,
        -0.211757 -0.000946 0.039370,
        -0.189881 0.048387 0.039370,
        -0.191018 0.052483 0.039370,
        -0.191772 0.056669 0.039370,
        -0.192154 0.056669 0.039370,
        -0.192925 0.052496 0.039370,
        -0.193977 0.048387 0.039370,
        -0.068125 -0.047038 0.043307,
        -0.036009 -0.047038 0.043307,
        -0.036009 0.071072 0.043307,
        -0.069340 0.071072 0.043307,
        -0.131074 0.013503 0.043307,
        -0.130215 0.024617 0.043307,
        -0.127043 0.036254 0.043307,
        -0.121554 0.046411 0.043307,
        -0.113202 0.055672 0.043307,
        -0.113078 0.055781 0.043307,
        -0.100223 0.064396 0.043307,
        -0.086404 0.069248 0.043307,
        -0.082739 -0.045762 0.043307,
        -0.096348 -0.041706 0.043307,
        -0.108681 -0.034539 0.043307,
        -0.118402 -0.025230 0.043307,
        -0.125176 -0.014666 0.043307,
        -0.129416 -0.002304 0.043307,
        -0.107366 0.041547 0.043307,
        -0.101629 0.047638 0.043307,
        -0.093002 0.053211 0.043307,
        -0.083252 0.056623 0.043307,
        -0.069273 0.058109 0.043307,
        -0.051853 0.058109 0.043307,
        -0.051853 -0.034074 0.043307,
        -0.068620 -0.034074 0.043307,
        -0.081081 -0.032915 0.043307,
        -0.091020 -0.029812 0.043307,
        -0.099075 -0.025029 0.043307,
        -0.105699 -0.018486 0.043307,
        -0.110681 -0.010343 0.043307,
        -0.114145 0.000760 0.043307,
        -0.115230 0.013165 0.043307,
        -0.114226 0.024920 0.043307,
        -0.111469 0.034262 0.043307,
        -0.069273 0.058109 0.039370,
        -0.051853 0.058109 0.039370,
        -0.083252 0.056623 0.039370,
        -0.093002 0.053211 0.039370,
        -0.101629 0.047638 0.039370,
        -0.107366 0.041547 0.039370,
        -0.111469 0.034262 0.039370,
        -0.114226 0.024920 0.039370,
        -0.115230 0.013165 0.039370,
        -0.114145 0.000760 0.039370,
        -0.110681 -0.010343 0.039370,
        -0.105699 -0.018486 0.039370,
        -0.099075 -0.025029 0.039370,
        -0.091020 -0.029812 0.039370,
        -0.081081 -0.032915 0.039370,
        -0.068620 -0.034074 0.039370,
        -0.051853 -0.034074 0.039370,
        -0.012963 -0.034074 0.043307,
        -0.012963 -0.047038 0.043307,
        0.050413 -0.047038 0.043307,
        0.050413 0.071072 0.043307,
        -0.010083 0.071072 0.043307,
        -0.010083 0.058109 0.043307,
        0.034569 0.058109 0.043307,
        0.034569 0.019219 0.043307,
        -0.007202 0.019219 0.043307,
        -0.007202 0.006256 0.043307,
        0.034569 0.006256 0.043307,
        0.034569 -0.034074 0.043307,
        0.073459 -0.027953 0.043307,
        0.073459 -0.040916 0.043307,
        0.086049 -0.046085 0.043307,
        0.105957 -0.048478 0.043307,
        0.102728 -0.048422 0.043307,
        0.161321 0.009789 0.043307,
        0.160179 -0.003889 0.043307,
        0.156624 -0.016391 0.043307,
        0.150332 -0.027622 0.043307,
        0.141461 -0.036961 0.043307,
        0.131960 -0.043028 0.043307,
        0.120513 -0.046969 0.043307,
        0.101254 0.072513 0.043307,
        0.113117 0.071544 0.043307,
        0.126283 0.067719 0.043307,
        0.137502 0.061262 0.043307,
        0.148165 0.051007 0.043307,
        0.155088 0.039964 0.043307,
        0.159622 0.026581 0.043307,
        0.073459 0.067832 0.043307,
        0.087114 0.071537 0.043307,
        0.073459 0.051988 0.043307,
        0.101119 0.059550 0.043307,
        0.086763 0.057685 0.043307,
        0.145477 0.010757 0.043307,
        0.144914 0.019947 0.043307,
        0.141766 0.032591 0.043307,
        0.136896 0.041710 0.043307,
        0.129764 0.049584 0.043307,
        0.121589 0.055053 0.043307,
        0.112748 0.058244 0.043307,
        0.103774 -0.035515 0.043307,
        0.114791 -0.034279 0.043307,
        0.123396 -0.031111 0.043307,
        0.130645 -0.026225 0.043307,
        0.136188 -0.020378 0.043307,
        0.141072 -0.012188 0.043307,
        0.144281 -0.002029 0.043307,
        0.075576 -0.029125 0.043307,
        0.088096 -0.033774 0.043307,
        0.171404 -0.034074 0.043307,
        0.171404 -0.047038 0.043307,
        0.231899 -0.047038 0.043307,
        0.231899 0.071072 0.043307,
        0.216056 0.071072 0.043307,
        0.216056 -0.034074 0.043307,
      ]
    }
    coordIndex [
      86, 87, 62, -1,
      62, 87, 71, -1,
      87, 88, 71, -1,
      71, 88, 72, -1,
      88, 89, 72, -1,
      72, 89, 73, -1,
      89, 90, 73, -1,
      73, 90, 74, -1,
      90, 91, 74, -1,
      74, 91, 75, -1,
      91, 92, 75, -1,
      75, 92, 48, -1,
      92, 93, 48, -1,
      48, 93, 61, -1,
      93, 86, 61, -1,
      61, 86, 62, -1,
      94, 90, 95, -1,
      95, 90, 89, -1,
      96, 93, 94, -1,
      94, 93, 92, -1,
      94, 92, 90, -1,
      90, 92, 91, -1,
      96, 97, 93, -1,
      93, 97, 98, -1,
      93, 98, 86, -1,
      86, 98, 99, -1,
      86, 99, 100, -1,
      100, 101, 86, -1,
      86, 101, 95, -1,
      86, 95, 87, -1,
      87, 95, 89, -1,
      87, 89, 88, -1,
      94, 95, 102, -1,
      102, 95, 103, -1,
      96, 94, 104, -1,
      104, 94, 102, -1,
      96, 104, 105, -1,
      96, 105, 97, -1,
      97, 105, 106, -1,
      97, 106, 98, -1,
      99, 98, 107, -1,
      107, 98, 106, -1,
      99, 107, 108, -1,
      99, 108, 100, -1,
      100, 108, 109, -1,
      100, 109, 101, -1,
      95, 101, 103, -1,
      103, 101, 109, -1,
      110, 111, 70, -1,
      70, 111, 69, -1,
      111, 112, 69, -1,
      69, 112, 63, -1,
      112, 113, 63, -1,
      63, 113, 76, -1,
      114, 84, 83, -1,
      114, 83, 115, -1,
      115, 83, 82, -1,
      115, 82, 116, -1,
      116, 82, 81, -1,
      116, 81, 117, -1,
      117, 81, 80, -1,
      117, 80, 118, -1,
      118, 80, 79, -1,
      118, 79, 119, -1,
      119, 79, 78, -1,
      119, 78, 120, -1,
      120, 78, 77, -1,
      120, 77, 121, -1,
      121, 77, 76, -1,
      121, 76, 113, -1,
      110, 70, 60, -1,
      110, 60, 122, -1,
      122, 60, 59, -1,
      122, 59, 123, -1,
      123, 59, 58, -1,
      123, 58, 124, -1,
      124, 58, 50, -1,
      124, 50, 125, -1,
      125, 50, 49, -1,
      125, 49, 126, -1,
      126, 49, 85, -1,
      126, 85, 127, -1,
      127, 85, 84, -1,
      127, 84, 114, -1,
      116, 117, 128, -1,
      128, 117, 118, -1,
      128, 118, 129, -1,
      129, 118, 119, -1,
      129, 119, 130, -1,
      130, 119, 120, -1,
      130, 120, 131, -1,
      131, 120, 121, -1,
      131, 121, 132, -1,
      132, 121, 113, -1,
      132, 113, 133, -1,
      133, 113, 112, -1,
      133, 112, 134, -1,
      134, 112, 111, -1,
      134, 111, 135, -1,
      135, 111, 110, -1,
      135, 110, 136, -1,
      136, 110, 122, -1,
      136, 122, 137, -1,
      137, 122, 123, -1,
      137, 123, 138, -1,
      138, 123, 124, -1,
      138, 124, 139, -1,
      139, 124, 125, -1,
      139, 125, 140, -1,
      140, 125, 126, -1,
      140, 126, 141, -1,
      141, 126, 127, -1,
      141, 127, 142, -1,
      142, 127, 114, -1,
      142, 114, 143, -1,
      143, 114, 115, -1,
      143, 115, 144, -1,
      144, 115, 116, -1,
      144, 116, 128, -1,
      132, 133, 145, -1,
      145, 133, 146, -1,
      132, 145, 147, -1,
      132, 147, 131, -1,
      131, 147, 148, -1,
      131, 148, 130, -1,
      130, 148, 149, -1,
      130, 149, 129, -1,
      129, 149, 150, -1,
      129, 150, 128, -1,
      128, 150, 151, -1,
      128, 151, 144, -1,
      144, 151, 152, -1,
      144, 152, 143, -1,
      143, 152, 153, -1,
      143, 153, 142, -1,
      142, 153, 154, -1,
      142, 154, 141, -1,
      141, 154, 155, -1,
      141, 155, 140, -1,
      140, 155, 156, -1,
      140, 156, 139, -1,
      139, 156, 157, -1,
      139, 157, 138, -1,
      138, 157, 158, -1,
      138, 158, 137, -1,
      137, 158, 159, -1,
      137, 159, 136, -1,
      136, 159, 160, -1,
      136, 160, 135, -1,
      134, 135, 161, -1,
      161, 135, 160, -1,
      133, 134, 146, -1,
      146, 134, 161, -1,
      162, 163, 68, -1,
      68, 163, 51, -1,
      163, 164, 51, -1,
      51, 164, 52, -1,
      164, 165, 52, -1,
      52, 165, 53, -1,
      165, 166, 53, -1,
      53, 166, 54, -1,
      166, 167, 54, -1,
      54, 167, 55, -1,
      167, 168, 55, -1,
      55, 168, 56, -1,
      168, 169, 56, -1,
      56, 169, 57, -1,
      169, 170, 57, -1,
      57, 170, 64, -1,
      170, 171, 64, -1,
      64, 171, 65, -1,
      171, 172, 65, -1,
      65, 172, 66, -1,
      172, 173, 66, -1,
      66, 173, 67, -1,
      173, 162, 67, -1,
      67, 162, 68, -1,
      164, 163, 162, -1,
      162, 173, 164, -1,
      164, 173, 172, -1,
      164, 172, 165, -1,
      167, 166, 168, -1,
      168, 166, 165, -1,
      168, 165, 169, -1,
      169, 165, 172, -1,
      169, 172, 170, -1,
      170, 172, 171, -1,
      174, 175, 20, -1,
      20, 175, 43, -1,
      43, 175, 176, -1,
      177, 47, 46, -1,
      177, 46, 178, -1,
      178, 46, 45, -1,
      178, 45, 176, -1,
      176, 45, 44, -1,
      176, 44, 43, -1,
      179, 39, 38, -1,
      179, 38, 180, -1,
      180, 38, 33, -1,
      180, 33, 181, -1,
      181, 33, 31, -1,
      181, 31, 182, -1,
      182, 31, 30, -1,
      182, 30, 183, -1,
      183, 30, 3, -1,
      183, 3, 184, -1,
      184, 3, 5, -1,
      184, 5, 185, -1,
      185, 5, 177, -1,
      177, 5, 6, -1,
      177, 6, 47, -1,
      186, 41, 37, -1,
      186, 37, 187, -1,
      187, 37, 36, -1,
      187, 36, 188, -1,
      188, 36, 35, -1,
      188, 35, 189, -1,
      189, 35, 26, -1,
      189, 26, 190, -1,
      190, 26, 25, -1,
      190, 25, 191, -1,
      191, 25, 40, -1,
      191, 40, 192, -1,
      192, 40, 39, -1,
      192, 39, 179, -1,
      193, 22, 42, -1,
      193, 42, 194, -1,
      194, 42, 41, -1,
      194, 41, 186, -1,
      193, 195, 22, -1,
      22, 195, 21, -1,
      196, 0, 19, -1,
      196, 19, 197, -1,
      197, 19, 21, -1,
      197, 21, 195, -1,
      198, 10, 24, -1,
      198, 24, 199, -1,
      199, 24, 23, -1,
      199, 23, 200, -1,
      200, 23, 9, -1,
      200, 9, 201, -1,
      201, 9, 8, -1,
      201, 8, 202, -1,
      202, 8, 7, -1,
      202, 7, 203, -1,
      203, 7, 1, -1,
      203, 1, 204, -1,
      204, 1, 0, -1,
      204, 0, 196, -1,
      205, 14, 13, -1,
      205, 13, 206, -1,
      206, 13, 15, -1,
      206, 15, 207, -1,
      207, 15, 16, -1,
      207, 16, 208, -1,
      208, 16, 17, -1,
      208, 17, 209, -1,
      209, 17, 12, -1,
      209, 12, 210, -1,
      210, 12, 11, -1,
      210, 11, 211, -1,
      211, 11, 10, -1,
      211, 10, 198, -1,
      174, 20, 2, -1,
      174, 2, 212, -1,
      212, 2, 18, -1,
      212, 18, 213, -1,
      213, 18, 14, -1,
      213, 14, 205, -1,
      206, 177, 205, -1,
      205, 177, 178, -1,
      205, 178, 213, -1,
      213, 178, 176, -1,
      213, 176, 212, -1,
      212, 176, 175, -1,
      212, 175, 174, -1,
      195, 193, 197, -1,
      197, 193, 194, -1,
      197, 194, 196, -1,
      196, 194, 186, -1,
      196, 186, 204, -1,
      204, 186, 187, -1,
      204, 187, 203, -1,
      203, 187, 188, -1,
      203, 188, 202, -1,
      202, 188, 189, -1,
      202, 189, 201, -1,
      201, 189, 190, -1,
      201, 190, 200, -1,
      200, 190, 191, -1,
      200, 191, 199, -1,
      199, 191, 192, -1,
      199, 192, 198, -1,
      198, 192, 179, -1,
      198, 179, 211, -1,
      211, 179, 180, -1,
      211, 180, 210, -1,
      210, 180, 181, -1,
      210, 181, 209, -1,
      209, 181, 182, -1,
      209, 182, 208, -1,
      208, 182, 183, -1,
      208, 183, 207, -1,
      207, 183, 184, -1,
      207, 184, 206, -1,
      206, 184, 185, -1,
      206, 185, 177, -1,
      214, 215, 32, -1,
      32, 215, 4, -1,
      215, 216, 4, -1,
      4, 216, 29, -1,
      216, 217, 29, -1,
      29, 217, 28, -1,
      217, 218, 28, -1,
      28, 218, 27, -1,
      218, 219, 27, -1,
      27, 219, 34, -1,
      219, 214, 34, -1,
      34, 214, 32, -1,
      218, 217, 219, -1,
      219, 217, 216, -1,
      219, 216, 214, -1,
      214, 216, 215, -1,
    ]
  }
}

Shape {
  appearance Appearance {
    material Material {
      diffuseColor 0.6471 0.6471 0.6471
      specularColor 0.3216 0.3216 0.3216
      ambientIntensity 0.2
      transparency 0.0000
      shininess 0.5
    }
  }
  geometry IndexedFaceSet {
    ccw TRUE
    solid FALSE
    coord DEF co Coordinate {
      point [
        -0.172259 -0.000946 0.039370,
        -0.211757 -0.000946 0.039370,
        -0.189881 0.048387 0.039370,
        -0.191018 0.052483 0.039370,
        -0.191772 0.056669 0.039370,
        -0.192154 0.056669 0.039370,
        -0.192925 0.052496 0.039370,
        -0.193977 0.048387 0.039370,
        -0.069273 0.058109 0.039370,
        -0.051853 0.058109 0.039370,
        -0.083252 0.056623 0.039370,
        -0.093002 0.053211 0.039370,
        -0.101629 0.047638 0.039370,
        -0.107366 0.041547 0.039370,
        -0.111469 0.034262 0.039370,
        -0.114226 0.024920 0.039370,
        -0.115230 0.013165 0.039370,
        -0.114145 0.000760 0.039370,
        -0.110681 -0.010343 0.039370,
        -0.105699 -0.018486 0.039370,
        -0.099075 -0.025029 0.039370,
        -0.091020 -0.029812 0.039370,
        -0.081081 -0.032915 0.039370,
        -0.068620 -0.034074 0.039370,
        -0.051853 -0.034074 0.039370,
      ]
    }
    coordIndex [
      0, 1, 2, -1,
      2, 1, 7, -1,
      2, 7, 3, -1,
      3, 7, 6, -1,
      3, 6, 4, -1,
      4, 6, 5, -1,
      9, 24, 8, -1,
      8, 24, 23, -1,
      8, 23, 22, -1,
      16, 15, 8, -1,
      8, 15, 14, -1,
      8, 14, 10, -1,
      22, 21, 8, -1,
      8, 21, 20, -1,
      8, 20, 19, -1,
      19, 18, 8, -1,
      8, 18, 17, -1,
      8, 17, 16, -1,
      13, 12, 14, -1,
      14, 12, 11, -1,
      14, 11, 10, -1,
    ]
  }
}

Shape {
  appearance Appearance {
    material Material {
      diffuseColor 0.8549 0.8549 0.8549
      specularColor 0.4275 0.4275 0.4275
      ambientIntensity 0.2
      transparency 0.0000
      shininess 0.5
    }
  }
  geometry IndexedFaceSet {
    ccw TRUE
    solid FALSE
    coord DEF co Coordinate {
      point [
        -1.318898 0.157480 0.629921,
        -1.318898 0.590551 0.629921,
        -1.336419 0.590551 0.627947,
        -1.336419 0.157468 0.627947,
        -1.353062 0.590551 0.622124,
        -1.353062 0.157287 0.622124,
        -1.367991 0.590551 0.612743,
        -1.367991 0.156541 0.612743,
        -1.380459 0.590551 0.600275,
        -1.380459 0.154665 0.600275,
        -1.383950 0.153315 0.594719,
        -1.389840 0.590551 0.585345,
        -1.389840 0.151040 0.585345,
        -1.395664 0.590551 0.568702,
        -1.395664 0.145094 0.568702,
        -1.396791 0.140118 0.558695,
        -1.397638 0.590551 0.551181,
        -1.397638 0.136382 0.551181,
        -1.397638 -0.136382 0.551181,
        -1.397638 -0.590551 0.551181,
        -1.396791 -0.140118 0.558695,
        -1.395664 -0.590551 0.568702,
        -1.395664 -0.145094 0.568702,
        -1.389840 -0.590551 0.585345,
        -1.389840 -0.151040 0.585345,
        -1.383950 -0.153315 0.594719,
        -1.380459 -0.590551 0.600275,
        -1.380459 -0.154665 0.600275,
        -1.367991 -0.590551 0.612743,
        -1.367991 -0.156541 0.612743,
        -1.353062 -0.590551 0.622124,
        -1.353062 -0.157287 0.622124,
        -1.336419 -0.590551 0.627947,
        -1.336419 -0.157468 0.627947,
        -1.318898 -0.590551 0.629921,
        -1.318898 -0.157480 0.629921,
        1.394955 0.590551 0.571561,
        1.387089 0.590551 0.590551,
        1.386807 0.152303 0.590401,
        1.391670 0.149770 0.581250,
        1.394955 0.146267 0.571561,
        1.397638 0.590551 0.551181,
        1.397291 0.140385 0.558562,
        1.397638 0.136382 0.551181,
        1.374575 0.590551 0.606859,
        1.358268 0.590551 0.619372,
        1.358268 0.157127 0.619372,
        1.366859 0.156635 0.613629,
        1.374575 0.155782 0.606859,
        1.384534 0.153486 0.594677,
        1.339277 0.590551 0.627238,
        1.318898 0.590551 0.629921,
        1.318898 0.157480 0.629921,
        1.329191 0.157479 0.629246,
        1.339277 0.157457 0.627238,
        1.349067 0.157366 0.623912,
        1.318898 0.590551 0.551181,
        1.318898 0.590551 0.078740,
        1.318898 -0.590551 0.078740,
        1.318898 -0.590551 0.551181,
        1.318898 -0.590551 0.629921,
        1.318898 -0.157480 0.629921,
        1.318898 -0.153486 0.594677,
        1.318898 0.090396 0.500969,
        1.318898 0.118930 0.526694,
        1.318898 -0.140385 0.558562,
        1.318898 -0.118930 0.526694,
        1.318898 0.140385 0.558562,
        1.318898 0.153486 0.594677,
        1.318898 -0.090396 0.500969,
        1.318898 -0.056483 0.482919,
        1.318898 -0.019209 0.473617,
        1.318898 0.019209 0.473617,
        1.318898 0.056483 0.482919,
        -1.318898 0.590551 0.078740,
        -1.318898 -0.590551 0.551181,
        -1.318898 -0.590551 0.078740,
        -1.318898 0.590551 0.551181,
        -1.318898 0.153486 0.594677,
        -1.318898 -0.153486 0.594677,
        -1.318898 0.140385 0.558562,
        -1.318898 0.118930 0.526694,
        -1.318898 0.090396 0.500969,
        -1.318898 0.056483 0.482919,
        -1.318898 -0.140385 0.558562,
        -1.318898 -0.056483 0.482919,
        -1.318898 -0.019209 0.473617,
        -1.318898 0.019209 0.473617,
        -1.318898 -0.090396 0.500969,
        -1.318898 -0.118930 0.526694,
        -0.767717 0.590551 0.078740,
        -0.767717 -0.590551 0.078740,
        0.767717 -0.590551 0.078740,
        0.767717 0.590551 0.078740,
        0.767717 0.590551 0.000000,
        0.767717 -0.590551 0.000000,
        1.329200 -0.157479 0.629244,
        1.339277 -0.590551 0.627238,
        1.339277 -0.157457 0.627238,
        1.349068 -0.157366 0.623912,
        1.358268 -0.590551 0.619372,
        1.358268 -0.157127 0.619372,
        1.366828 -0.156638 0.613653,
        1.374575 -0.590551 0.606859,
        1.374575 -0.155782 0.606859,
        1.384534 -0.153486 0.594677,
        1.387089 -0.590551 0.590551,
        1.387089 -0.152480 0.590551,
        1.391681 -0.149761 0.581223,
        1.394955 -0.590551 0.571561,
        1.394955 -0.146267 0.571561,
        1.397291 -0.140385 0.558562,
        1.397638 -0.590551 0.551181,
        1.397638 -0.136382 0.551181,
        1.397638 0.590551 0.078740,
        1.397638 0.118930 0.526694,
        1.397638 0.090396 0.500969,
        1.397638 -0.118930 0.526694,
        1.397638 -0.590551 0.078740,
        1.397638 -0.090396 0.500969,
        1.397638 -0.056483 0.482919,
        1.397638 0.056483 0.482919,
        1.397638 0.019209 0.473617,
        1.397638 -0.019209 0.473617,
        1.394955 0.590551 0.058361,
        1.387089 0.590551 0.039370,
        1.374575 0.590551 0.023063,
        1.358268 0.590551 0.010549,
        1.339277 0.590551 0.002683,
        1.318898 0.590551 -0.000000,
        1.318898 -0.590551 -0.000000,
        1.339277 -0.590551 0.002683,
        1.358268 -0.590551 0.010549,
        1.374575 -0.590551 0.023063,
        1.387089 -0.590551 0.039370,
        1.394955 -0.590551 0.058361,
        -0.767717 -0.590551 0.000000,
        -0.767717 0.590551 0.000000,
        -1.397638 -0.090396 0.500969,
        -1.397638 -0.056483 0.482919,
        -1.397638 -0.590551 0.078740,
        -1.397638 -0.019209 0.473617,
        -1.397638 0.590551 0.078740,
        -1.397638 0.019209 0.473617,
        -1.397638 0.056483 0.482919,
        -1.397638 -0.118930 0.526694,
        -1.397638 0.118930 0.526694,
        -1.397638 0.090396 0.500969,
        -1.318898 0.590551 -0.000000,
        -1.318898 -0.590551 -0.000000,
        -1.339277 -0.590551 0.002683,
        -1.339277 0.590551 0.002683,
        -1.358268 -0.590551 0.010549,
        -1.358268 0.590551 0.010549,
        -1.374575 -0.590551 0.023063,
        -1.374575 0.590551 0.023063,
        -1.387089 -0.590551 0.039370,
        -1.387089 0.590551 0.039370,
        -1.394955 -0.590551 0.058361,
        -1.394955 0.590551 0.058361,
      ]
    }
    coordIndex [
      94, 95, 93, -1,
      93, 95, 92, -1,
      36, 41, 56, -1,
      51, 50, 56, -1,
      56, 50, 45, -1,
      45, 44, 56, -1,
      56, 44, 37, -1,
      56, 37, 36, -1,
      61, 60, 96, -1,
      96, 60, 97, -1,
      96, 97, 98, -1,
      98, 97, 99, -1,
      99, 97, 100, -1,
      99, 100, 101, -1,
      101, 100, 102, -1,
      102, 100, 103, -1,
      102, 103, 104, -1,
      104, 103, 105, -1,
      105, 103, 106, -1,
      105, 106, 107, -1,
      107, 106, 108, -1,
      108, 106, 109, -1,
      108, 109, 110, -1,
      110, 109, 111, -1,
      111, 109, 112, -1,
      111, 112, 113, -1,
      97, 60, 59, -1,
      106, 59, 109, -1,
      109, 59, 112, -1,
      106, 103, 59, -1,
      59, 103, 100, -1,
      59, 100, 97, -1,
      57, 56, 114, -1,
      114, 56, 41, -1,
      41, 43, 114, -1,
      114, 43, 115, -1,
      114, 115, 116, -1,
      113, 112, 117, -1,
      117, 112, 118, -1,
      117, 118, 119, -1,
      119, 118, 120, -1,
      116, 121, 114, -1,
      114, 121, 122, -1,
      114, 122, 118, -1,
      118, 122, 123, -1,
      118, 123, 120, -1,
      112, 59, 118, -1,
      118, 59, 58, -1,
      114, 124, 57, -1,
      57, 124, 125, -1,
      57, 125, 126, -1,
      126, 127, 57, -1,
      57, 127, 128, -1,
      57, 128, 129, -1,
      130, 129, 128, -1,
      130, 128, 131, -1,
      131, 128, 127, -1,
      131, 127, 132, -1,
      132, 127, 126, -1,
      132, 126, 133, -1,
      133, 126, 125, -1,
      133, 125, 134, -1,
      134, 125, 124, -1,
      134, 124, 135, -1,
      135, 124, 114, -1,
      135, 114, 118, -1,
      130, 131, 58, -1,
      58, 131, 132, -1,
      58, 132, 133, -1,
      133, 134, 58, -1,
      58, 134, 135, -1,
      58, 135, 118, -1,
      93, 57, 94, -1,
      94, 57, 129, -1,
      94, 129, 95, -1,
      95, 129, 130, -1,
      130, 58, 95, -1,
      95, 58, 92, -1,
      65, 108, 110, -1,
      61, 96, 62, -1,
      62, 96, 98, -1,
      98, 99, 62, -1,
      62, 99, 101, -1,
      62, 101, 102, -1,
      102, 104, 62, -1,
      62, 104, 105, -1,
      62, 105, 65, -1,
      65, 105, 107, -1,
      65, 107, 108, -1,
      55, 54, 68, -1,
      68, 54, 53, -1,
      68, 53, 52, -1,
      48, 47, 68, -1,
      68, 47, 46, -1,
      68, 46, 55, -1,
      40, 39, 67, -1,
      67, 39, 38, -1,
      67, 38, 68, -1,
      68, 38, 49, -1,
      68, 49, 48, -1,
      64, 43, 67, -1,
      67, 43, 42, -1,
      67, 42, 40, -1,
      110, 111, 65, -1,
      65, 111, 113, -1,
      65, 113, 66, -1,
      66, 113, 117, -1,
      66, 117, 69, -1,
      69, 117, 119, -1,
      69, 119, 70, -1,
      70, 119, 120, -1,
      70, 120, 71, -1,
      71, 120, 123, -1,
      71, 123, 72, -1,
      72, 123, 122, -1,
      72, 122, 73, -1,
      73, 122, 121, -1,
      73, 121, 63, -1,
      63, 121, 116, -1,
      63, 116, 64, -1,
      64, 116, 115, -1,
      64, 115, 43, -1,
      136, 137, 91, -1,
      91, 137, 90, -1,
      77, 16, 13, -1,
      6, 4, 77, -1,
      77, 4, 2, -1,
      77, 2, 1, -1,
      13, 11, 77, -1,
      77, 11, 8, -1,
      77, 8, 6, -1,
      75, 34, 32, -1,
      32, 30, 75, -1,
      75, 30, 28, -1,
      75, 28, 26, -1,
      26, 23, 75, -1,
      75, 23, 21, -1,
      75, 21, 19, -1,
      138, 139, 140, -1,
      140, 139, 141, -1,
      140, 141, 142, -1,
      142, 141, 143, -1,
      142, 143, 144, -1,
      19, 18, 140, -1,
      140, 18, 145, -1,
      140, 145, 138, -1,
      17, 16, 146, -1,
      146, 16, 142, -1,
      146, 142, 147, -1,
      147, 142, 144, -1,
      142, 16, 74, -1,
      74, 16, 77, -1,
      75, 19, 76, -1,
      76, 19, 140, -1,
      148, 149, 150, -1,
      148, 150, 151, -1,
      151, 150, 152, -1,
      151, 152, 153, -1,
      153, 152, 154, -1,
      153, 154, 155, -1,
      155, 154, 156, -1,
      155, 156, 157, -1,
      157, 156, 158, -1,
      157, 158, 159, -1,
      159, 158, 140, -1,
      159, 140, 142, -1,
      148, 151, 74, -1,
      74, 151, 153, -1,
      74, 153, 155, -1,
      155, 157, 74, -1,
      74, 157, 159, -1,
      74, 159, 142, -1,
      140, 158, 76, -1,
      76, 158, 156, -1,
      76, 156, 154, -1,
      154, 152, 76, -1,
      76, 152, 150, -1,
      76, 150, 149, -1,
      136, 149, 137, -1,
      137, 149, 148, -1,
      137, 148, 90, -1,
      90, 148, 74, -1,
      76, 149, 91, -1,
      91, 149, 136, -1,
      33, 35, 79, -1,
      0, 3, 78, -1,
      78, 3, 5, -1,
      78, 5, 7, -1,
      7, 9, 78, -1,
      78, 9, 10, -1,
      78, 10, 80, -1,
      80, 10, 12, -1,
      80, 12, 14, -1,
      33, 79, 31, -1,
      25, 27, 79, -1,
      79, 27, 29, -1,
      79, 29, 31, -1,
      25, 79, 24, -1,
      24, 79, 84, -1,
      24, 84, 22, -1,
      89, 18, 84, -1,
      84, 18, 20, -1,
      84, 20, 22, -1,
      14, 15, 80, -1,
      80, 15, 17, -1,
      80, 17, 81, -1,
      81, 17, 146, -1,
      81, 146, 82, -1,
      82, 146, 147, -1,
      82, 147, 83, -1,
      83, 147, 144, -1,
      83, 144, 87, -1,
      87, 144, 143, -1,
      87, 143, 86, -1,
      86, 143, 141, -1,
      86, 141, 85, -1,
      85, 141, 139, -1,
      85, 139, 88, -1,
      88, 139, 138, -1,
      88, 138, 89, -1,
      89, 138, 145, -1,
      89, 145, 18, -1,
    ]
  }
}
