#VRML V2.0 utf8

Shape {
  appearance Appearance {
    material Material {
      diffuseColor 0.2510 0.2510 0.2510
      specularColor 0.1255 0.1255 0.1255
      ambientIntensity 0.2
      transparency 0.0000
      shininess 0.5
    }
  }
  geometry IndexedFaceSet {
    ccw TRUE
    solid FALSE
    coord DEF co Coordinate {
      point [
        0.142981 -0.036665 0.157480,
        0.113791 -0.036665 0.157480,
        0.142981 -0.073975 0.157480,
        0.113100 -0.036831 0.157480,
        0.082966 -0.073975 0.157480,
        0.107753 -0.037146 0.157480,
        0.102484 -0.036665 0.157480,
        0.133311 -0.024284 0.157480,
        0.130382 -0.028480 0.157480,
        0.098650 0.041137 0.157480,
        0.082966 0.303948 0.157480,
        0.092569 0.037514 0.157480,
        0.082966 -0.036665 0.157480,
        0.092569 0.028871 0.157480,
        0.098437 -0.036296 0.157480,
        0.091663 -0.034117 0.157480,
        0.097370 0.008946 0.157480,
        0.089688 -0.022502 0.157480,
        0.097370 0.000304 0.157480,
        0.096151 -0.026237 0.157480,
        0.103896 0.000304 0.157480,
        0.125979 -0.032274 0.157480,
        0.120656 -0.035015 0.157480,
        0.102857 -0.028130 0.157480,
        0.107753 -0.028503 0.157480,
        0.111344 -0.000237 0.157480,
        0.117081 -0.001815 0.157480,
        0.089688 -0.033065 0.157480,
        0.096939 0.031902 0.157480,
        0.103567 0.008946 0.157480,
        0.102484 0.034167 0.157480,
        0.110020 0.009439 0.157480,
        0.122328 0.022074 0.157480,
        0.122336 0.022420 0.157480,
        0.142981 0.303948 0.157480,
        0.133245 -0.004148 0.157480,
        0.134960 -0.007930 0.157480,
        0.112927 -0.028044 0.157480,
        0.125217 -0.014220 0.157480,
        0.124855 -0.010665 0.157480,
        0.123938 -0.007974 0.157480,
        0.135724 -0.012023 0.157480,
        0.135780 -0.013604 0.157480,
        0.135059 -0.019690 0.157480,
        0.130781 -0.001028 0.157480,
        0.132899 0.024865 0.157480,
        0.132400 0.019868 0.157480,
        0.116934 -0.026815 0.157480,
        0.119804 -0.025168 0.157480,
        0.124909 -0.017350 0.157480,
        0.122107 -0.023074 0.157480,
        0.123914 -0.020367 0.157480,
        0.114448 0.010613 0.157480,
        0.117599 0.012293 0.157480,
        0.119553 0.014044 0.157480,
        0.120938 0.016056 0.157480,
        0.121863 0.018503 0.157480,
        0.117250 0.032834 0.157480,
        0.114473 0.034035 0.157480,
        0.122055 0.025660 0.157480,
        0.109911 0.034818 0.157480,
        0.108007 0.034873 0.157480,
        0.127043 0.001899 0.157480,
        0.131048 0.015797 0.157480,
        0.128929 0.012414 0.157480,
        0.122415 -0.005602 0.157480,
        0.120321 -0.003632 0.157480,
        0.118668 0.031838 0.157480,
        0.121306 0.028198 0.157480,
        0.120208 0.030175 0.157480,
        0.116815 0.005270 0.157480,
        0.116815 0.005075 0.157480,
        0.118556 0.005787 0.157480,
        0.122627 0.003881 0.157480,
        0.124275 0.008393 0.157480,
        0.127636 0.010991 0.157480,
        0.122036 0.041323 0.157480,
        0.125988 0.038972 0.157480,
        0.129152 0.035923 0.157480,
        0.131197 0.032735 0.157480,
        0.132480 0.029020 0.157480,
        0.105119 0.043058 0.157480,
        0.110619 0.043515 0.157480,
        0.116967 0.042915 0.157480,
        0.200116 -0.036665 0.157480,
        0.174286 -0.036665 0.157480,
        0.200116 -0.073975 0.157480,
        0.173595 -0.036831 0.157480,
        0.153064 0.037514 0.157480,
        0.153064 0.028871 0.157480,
        0.193807 -0.024284 0.157480,
        0.190878 -0.028480 0.157480,
        0.168248 -0.037146 0.157480,
        0.162980 -0.036665 0.157480,
        0.158932 -0.036296 0.157480,
        0.152159 -0.034117 0.157480,
        0.157865 0.008946 0.157480,
        0.150183 -0.022502 0.157480,
        0.157865 0.000304 0.157480,
        0.156647 -0.026237 0.157480,
        0.164392 0.000304 0.157480,
        0.195554 -0.019690 0.157480,
        0.186474 -0.032274 0.157480,
        0.181152 -0.035015 0.157480,
        0.163353 -0.028130 0.157480,
        0.168248 -0.028503 0.157480,
        0.171839 -0.000237 0.157480,
        0.177577 -0.001815 0.157480,
        0.150183 -0.033065 0.157480,
        0.157435 0.031902 0.157480,
        0.164062 0.008946 0.157480,
        0.162980 0.034167 0.157480,
        0.170516 0.009439 0.157480,
        0.182823 0.022074 0.157480,
        0.182832 0.022420 0.157480,
        0.173422 -0.028044 0.157480,
        0.185713 -0.014220 0.157480,
        0.185350 -0.010665 0.157480,
        0.184433 -0.007974 0.157480,
        0.191276 -0.001028 0.157480,
        0.193394 0.024865 0.157480,
        0.192896 0.019868 0.157480,
        0.177430 -0.026815 0.157480,
        0.180300 -0.025168 0.157480,
        0.185404 -0.017350 0.157480,
        0.182602 -0.023074 0.157480,
        0.184409 -0.020367 0.157480,
        0.174944 0.010613 0.157480,
        0.178094 0.012293 0.157480,
        0.180049 0.014044 0.157480,
        0.181433 0.016056 0.157480,
        0.182359 0.018503 0.157480,
        0.177746 0.032834 0.157480,
        0.174969 0.034035 0.157480,
        0.182550 0.025660 0.157480,
        0.170406 0.034818 0.157480,
        0.168503 0.034873 0.157480,
        0.187538 0.001899 0.157480,
        0.191544 0.015797 0.157480,
        0.189424 0.012414 0.157480,
        0.193741 -0.004148 0.157480,
        0.195456 -0.007930 0.157480,
        0.200116 0.303948 0.157480,
        0.196220 -0.012023 0.157480,
        0.196275 -0.013604 0.157480,
        0.182911 -0.005602 0.157480,
        0.180817 -0.003632 0.157480,
        0.179163 0.031838 0.157480,
        0.181801 0.028198 0.157480,
        0.180704 0.030175 0.157480,
        0.177463 0.042915 0.157480,
        0.182532 0.041323 0.157480,
        0.177310 0.005270 0.157480,
        0.177310 0.005075 0.157480,
        0.179051 0.005787 0.157480,
        0.183122 0.003881 0.157480,
        0.184771 0.008393 0.157480,
        0.188131 0.010991 0.157480,
        0.186483 0.038972 0.157480,
        0.189647 0.035923 0.157480,
        0.191693 0.032735 0.157480,
        0.192975 0.029020 0.157480,
        0.159145 0.041137 0.157480,
        0.165615 0.043058 0.157480,
        0.171114 0.043515 0.157480,
        0.012281 0.014656 0.157480,
        0.008163 0.003746 0.157480,
        0.014160 0.018964 0.157480,
        0.011895 -0.000050 0.157480,
        -0.024145 0.003871 0.157480,
        -0.019000 0.006456 0.157480,
        -0.024015 0.010029 0.157480,
        0.009542 0.011043 0.157480,
        0.005537 0.007676 0.157480,
        0.003551 0.006456 0.157480,
        -0.003238 -0.036665 0.157480,
        0.021991 -0.036665 0.157480,
        0.002465 -0.035105 0.157480,
        0.007205 -0.032629 0.157480,
        -0.021721 -0.034299 0.157480,
        -0.026605 -0.031108 0.157480,
        -0.038985 -0.036665 0.157480,
        -0.030044 -0.027357 0.157480,
        -0.032605 -0.022687 0.157480,
        -0.033980 -0.017281 0.157480,
        -0.034184 -0.014100 0.157480,
        -0.038985 0.303948 0.157480,
        -0.033472 -0.008753 0.157480,
        -0.031684 -0.004362 0.157480,
        -0.027925 0.032841 0.157480,
        -0.025145 0.036603 0.157480,
        -0.021471 0.039644 0.157480,
        -0.001418 0.042794 0.157480,
        0.003907 0.040839 0.157480,
        0.021991 0.303948 0.157480,
        0.007857 0.038287 0.157480,
        0.010930 0.035106 0.157480,
        0.016016 -0.020015 0.157480,
        0.014272 -0.024676 0.157480,
        0.011299 -0.029055 0.157480,
        -0.017018 0.041895 0.157480,
        -0.011281 0.043305 0.157480,
        -0.007807 0.043515 0.157480,
        -0.027243 0.013744 0.157480,
        -0.029227 0.017493 0.157480,
        -0.028495 0.000109 0.157480,
        -0.030172 0.021162 0.157480,
        -0.030343 0.023545 0.157480,
        -0.029648 0.028717 0.157480,
        0.013265 0.031126 0.157480,
        0.014478 0.027133 0.157480,
        0.014789 0.023545 0.157480,
        0.014983 -0.005361 0.157480,
        0.016408 -0.010314 0.157480,
        0.016709 -0.014100 0.157480,
        -0.003563 -0.036754 0.157480,
        0.021991 -0.073975 0.157480,
        -0.038985 -0.073975 0.157480,
        -0.008767 -0.037146 0.157480,
        -0.013189 -0.036665 0.157480,
        -0.015816 -0.036380 0.157480,
        0.275015 -0.036185 0.157480,
        0.263493 -0.036185 0.157480,
        0.255526 -0.014100 0.157480,
        0.222997 -0.014100 0.157480,
        0.215480 -0.036185 0.157480,
        0.203957 -0.036185 0.157480,
        0.233725 0.042555 0.157480,
        0.563791 0.303948 0.157480,
        0.244287 0.042555 0.157480,
        0.563791 -0.036665 0.157480,
        0.074324 0.022420 0.157480,
        0.073549 0.015183 0.157480,
        0.076244 -0.027543 0.157480,
        0.027272 -0.032284 0.157480,
        0.027949 -0.024857 0.157480,
        0.057216 0.042885 0.157480,
        0.062518 0.041193 0.157480,
        0.067287 0.038234 0.157480,
        0.035529 0.039442 0.157480,
        0.030153 0.034933 0.157480,
        0.030153 0.025300 0.157480,
        0.029901 -0.019043 0.157480,
        0.033093 -0.014073 0.157480,
        0.039542 -0.007650 0.157480,
        0.071346 0.009166 0.157480,
        0.068181 0.004416 0.157480,
        0.060667 -0.002717 0.157480,
        0.047797 -0.001407 0.157480,
        0.048652 -0.000806 0.157480,
        0.032822 0.027862 0.157480,
        0.040857 0.042045 0.157480,
        0.047070 0.043358 0.157480,
        0.050528 0.043515 0.157480,
        0.070468 0.034963 0.157480,
        0.072608 0.031309 0.157480,
        0.073902 0.027115 0.157480,
        0.076244 -0.036185 0.157480,
        0.027272 -0.036185 0.157480,
        0.056724 -0.005607 0.157480,
        0.044434 -0.014604 0.157480,
        0.040640 -0.018351 0.157480,
        0.062680 0.012798 0.157480,
        0.064226 0.017099 0.157480,
        0.038270 0.031700 0.157480,
        0.038905 -0.021023 0.157480,
        0.037953 -0.023837 0.157480,
        0.037594 -0.027543 0.157480,
        0.059686 0.008472 0.157480,
        0.064722 0.021655 0.157480,
        0.064369 0.025067 0.157480,
        0.063469 0.027679 0.157480,
        0.057819 0.033202 0.157480,
        0.054115 0.034441 0.157480,
        0.049568 0.034873 0.157480,
        0.043662 0.034001 0.157480,
        0.062076 0.029883 0.157480,
        0.060253 0.031667 0.157480,
        -0.085752 -0.036185 0.157480,
        -0.107163 -0.036185 0.157480,
        -0.117725 -0.036665 0.157480,
        -0.047718 -0.014604 0.157480,
        -0.052233 -0.021647 0.157480,
        -0.058715 -0.027853 0.157480,
        -0.066936 -0.032630 0.157480,
        -0.076009 -0.035335 0.157480,
        -0.073566 0.041339 0.157480,
        -0.064353 0.038104 0.157480,
        -0.055783 0.032360 0.157480,
        -0.117725 0.303948 0.157480,
        -0.107163 0.042555 0.157480,
        -0.084942 0.042555 0.157480,
        -0.055701 0.032288 0.157480,
        -0.050133 0.026114 0.157480,
        -0.046473 0.019342 0.157480,
        -0.044358 0.011584 0.157480,
        -0.043786 0.004175 0.157480,
        -0.044891 -0.006363 0.157480,
        -0.128288 0.042555 0.157480,
        -0.140771 0.042555 0.157480,
        -0.137661 0.024190 0.157480,
        -0.137125 0.031992 0.157480,
        -0.137380 0.031992 0.157480,
        -0.199346 -0.036185 0.157480,
        -0.208948 -0.036185 0.157480,
        -0.263717 -0.036665 0.157480,
        -0.208948 0.042555 0.157480,
        -0.165737 -0.036185 0.157480,
        -0.171499 -0.036185 0.157480,
        -0.138394 0.027947 0.157480,
        -0.139721 0.023995 0.157480,
        -0.137890 0.016373 0.157480,
        -0.137890 -0.036185 0.157480,
        -0.128288 -0.036185 0.157480,
        -0.199346 0.031992 0.157480,
        -0.199646 0.031992 0.157480,
        -0.198350 0.027723 0.157480,
        -0.199402 0.023952 0.157480,
        -0.197035 0.023545 0.157480,
        -0.168693 -0.020821 0.157480,
        -0.168333 -0.020821 0.157480,
        -0.170276 -0.015951 0.157480,
        -0.166504 -0.015893 0.157480,
        -0.172204 -0.011204 0.157480,
        -0.164597 -0.010994 0.157480,
        -0.195505 0.042555 0.157480,
        -0.263717 0.303948 0.157480,
        0.563791 -0.073975 0.157480,
        0.563791 -0.303948 0.157480,
        -0.117725 -0.073975 0.157480,
        -0.199346 0.015908 0.157480,
        -0.263717 -0.073975 0.157480,
        0.200116 -0.303948 0.157480,
        0.142981 -0.303948 0.157480,
        0.082966 -0.303948 0.157480,
        0.021991 -0.303948 0.157480,
        -0.038985 -0.303948 0.157480,
        -0.117725 -0.303948 0.157480,
        -0.263717 -0.303948 0.157480,
        -0.318485 -0.174285 0.157480,
        -0.320648 -0.190715 0.157480,
        -0.326989 -0.206026 0.157480,
        -0.337078 -0.219173 0.157480,
        -0.350225 -0.229261 0.157480,
        -0.365535 -0.235603 0.157480,
        -0.381966 -0.237766 0.157480,
        -0.504619 -0.303948 0.157480,
        -0.504619 -0.073975 0.157480,
        -0.443283 -0.157855 0.157480,
        -0.436942 -0.142544 0.157480,
        -0.426854 -0.129397 0.157480,
        -0.413706 -0.119309 0.157480,
        -0.398396 -0.112967 0.157480,
        -0.381966 -0.110804 0.157480,
        -0.365535 -0.112967 0.157480,
        -0.350225 -0.119309 0.157480,
        -0.337078 -0.129397 0.157480,
        -0.398396 -0.235603 0.157480,
        -0.413706 -0.229261 0.157480,
        -0.426854 -0.219173 0.157480,
        -0.436942 -0.206026 0.157480,
        -0.443283 -0.190715 0.157480,
        -0.445447 -0.174285 0.157480,
        -0.504619 0.303948 0.157480,
        -0.504619 -0.036665 0.157480,
        -0.326989 -0.142544 0.157480,
        -0.320648 -0.157855 0.157480,
        -0.563791 0.303948 0.157480,
        -0.563791 -0.036665 0.157480,
        -0.563791 -0.073975 0.157480,
        -0.563791 -0.303948 0.157480,
        -0.015007 -0.014372 -0.275591,
        -0.015007 -0.018693 -0.275591,
        -0.018848 -0.018933 -0.275591,
        0.006118 -0.018693 -0.275591,
        -0.014047 0.016356 -0.275591,
        0.000837 0.016356 -0.275591,
        0.000837 0.003393 -0.275591,
        0.013800 -0.016652 -0.275591,
        0.013800 -0.012331 -0.275591,
        0.006118 0.020677 -0.275591,
        0.000837 -0.000928 -0.275591,
        0.000837 -0.014372 -0.275591,
        -0.013087 -0.000928 -0.275591,
        -0.013087 0.003393 -0.275591,
        0.033301 -0.017356 -0.275591,
        0.046448 -0.018693 -0.275591,
        0.029485 -0.018670 -0.275591,
        0.026948 -0.018933 -0.275591,
        -0.014047 0.020677 -0.275591,
        -0.018848 0.295689 -0.275591,
        0.041010 0.010308 -0.275591,
        0.038702 0.013989 -0.275591,
        0.061332 0.020677 -0.275591,
        0.026897 0.016401 -0.275591,
        0.029844 0.015337 -0.275591,
        0.014506 -0.012722 -0.275591,
        0.032569 0.013515 -0.275591,
        0.034946 0.010890 -0.275591,
        0.037806 0.000572 -0.275591,
        0.037408 -0.003690 -0.275591,
        0.036338 -0.007076 -0.275591,
        0.027578 -0.014440 -0.275591,
        0.023906 -0.014852 -0.275591,
        0.030446 -0.013384 -0.275591,
        0.032862 -0.011755 -0.275591,
        0.034710 -0.009806 -0.275591,
        0.018679 -0.014272 -0.275591,
        0.036569 0.007850 -0.275591,
        0.037619 0.003635 -0.275591,
        0.035148 0.017407 -0.275591,
        0.066614 0.020677 -0.275591,
        0.555532 0.295689 -0.275591,
        0.066614 -0.018693 -0.275591,
        0.555532 -0.018933 -0.275591,
        0.036468 -0.015334 -0.275591,
        0.039425 -0.012221 -0.275591,
        0.046448 -0.014372 -0.275591,
        0.041522 -0.008477 -0.275591,
        0.061332 -0.014372 -0.275591,
        0.042707 -0.004310 -0.275591,
        0.043088 0.000250 -0.275591,
        0.042521 0.005847 -0.275591,
        0.031408 0.019559 -0.275591,
        0.027019 0.020835 -0.275591,
        0.023065 0.021157 -0.275591,
        0.018352 0.020832 -0.275591,
        0.013800 0.019597 -0.275591,
        0.013800 0.014316 -0.275591,
        0.018235 0.016215 -0.275591,
        0.023020 0.016836 -0.275591,
        0.024633 -0.019173 -0.275591,
        0.555532 -0.295689 -0.275591,
        0.023557 -0.019154 -0.275591,
        -0.018848 -0.295689 -0.275591,
        0.021975 -0.018933 -0.275591,
        -0.555532 -0.295689 -0.275591,
        -0.555532 -0.018933 -0.275591,
        0.017997 -0.018375 -0.275591,
        -0.063019 -0.018693 -0.275591,
        -0.057258 -0.018693 -0.275591,
        -0.052411 -0.007902 -0.275591,
        -0.050154 -0.011424 -0.275591,
        -0.046913 -0.014526 -0.275591,
        -0.042802 -0.016915 -0.275591,
        -0.072142 0.020677 -0.275591,
        -0.555532 0.295689 -0.275591,
        -0.077423 0.020677 -0.275591,
        -0.092787 -0.018693 -0.275591,
        -0.087026 -0.018693 -0.275591,
        -0.083042 -0.007650 -0.275591,
        -0.066778 -0.007650 -0.275591,
        -0.022689 0.020677 -0.275591,
        -0.033800 0.020677 -0.275591,
        -0.048420 0.015544 -0.275591,
        -0.051204 0.012457 -0.275591,
        -0.053034 0.009071 -0.275591,
        -0.039487 0.020069 -0.275591,
        -0.044094 0.018452 -0.275591,
        -0.048379 0.015580 -0.275591,
        -0.038266 -0.018267 -0.275591,
        -0.033394 -0.018693 -0.275591,
        -0.022689 -0.018693 -0.275591,
        -0.054091 0.005192 -0.275591,
        -0.054377 0.001487 -0.275591,
        -0.053825 -0.003781 -0.275591,
        -0.452756 0.314961 -0.000000,
        -0.574803 0.314961 0.000000,
        -0.452756 0.310831 0.059055,
        -0.295276 0.310831 0.059055,
        0.574803 0.314961 0.000000,
        0.452756 0.314961 0.000000,
        0.452756 0.310831 0.059055,
        0.295276 0.310831 0.059055,
        0.295276 0.314961 -0.000000,
        -0.295276 0.314961 0.000000,
        -0.078740 -0.310831 0.059055,
        0.078740 -0.310831 0.059055,
        -0.574803 -0.314961 0.000000,
        -0.452756 -0.314961 0.000000,
        -0.452756 -0.310831 0.059055,
        -0.295276 -0.310831 0.059055,
        -0.295276 -0.314961 -0.000000,
        -0.078740 -0.314961 -0.000000,
        0.452756 -0.314961 -0.000000,
        0.574803 -0.314961 0.000000,
        0.452756 -0.310831 0.059055,
        0.295276 -0.310831 0.059055,
        0.295276 -0.314961 0.000000,
        0.078740 -0.314961 -0.000000,
      ]
    }
    coordIndex [
      0, 1, 2, -1,
      2, 1, 3, -1,
      2, 3, 4, -1,
      4, 3, 5, -1,
      4, 5, 6, -1,
      7, 8, 0, -1,
      9, 10, 11, -1,
      11, 10, 12, -1,
      11, 12, 13, -1,
      12, 14, 15, -1,
      16, 17, 18, -1,
      18, 17, 19, -1,
      18, 19, 20, -1,
      8, 21, 0, -1,
      0, 21, 22, -1,
      0, 22, 1, -1,
      19, 23, 20, -1,
      20, 23, 24, -1,
      20, 24, 25, -1,
      25, 24, 26, -1,
      15, 27, 12, -1,
      12, 27, 17, -1,
      12, 17, 13, -1,
      13, 17, 16, -1,
      13, 16, 28, -1,
      28, 16, 29, -1,
      28, 29, 30, -1,
      30, 29, 31, -1,
      30, 32, 33, -1,
      34, 35, 36, -1,
      37, 38, 24, -1,
      24, 38, 39, -1,
      24, 39, 40, -1,
      41, 42, 0, -1,
      0, 42, 43, -1,
      0, 43, 7, -1,
      44, 45, 46, -1,
      37, 47, 38, -1,
      38, 47, 48, -1,
      38, 48, 49, -1,
      49, 48, 50, -1,
      49, 50, 51, -1,
      31, 52, 30, -1,
      30, 52, 53, -1,
      30, 53, 54, -1,
      54, 55, 30, -1,
      30, 55, 56, -1,
      30, 56, 32, -1,
      57, 58, 59, -1,
      59, 58, 60, -1,
      59, 60, 33, -1,
      33, 60, 61, -1,
      33, 61, 30, -1,
      44, 46, 62, -1,
      62, 46, 63, -1,
      62, 63, 64, -1,
      40, 65, 24, -1,
      24, 65, 66, -1,
      24, 66, 26, -1,
      57, 59, 67, -1,
      67, 59, 68, -1,
      67, 68, 69, -1,
      70, 71, 72, -1,
      72, 71, 73, -1,
      72, 73, 74, -1,
      74, 73, 62, -1,
      74, 62, 75, -1,
      75, 62, 64, -1,
      76, 77, 34, -1,
      34, 77, 78, -1,
      34, 78, 79, -1,
      79, 80, 34, -1,
      34, 80, 45, -1,
      34, 45, 35, -1,
      35, 45, 44, -1,
      9, 81, 10, -1,
      10, 81, 82, -1,
      10, 82, 34, -1,
      34, 82, 83, -1,
      34, 83, 76, -1,
      84, 85, 86, -1,
      86, 85, 87, -1,
      86, 87, 2, -1,
      36, 41, 34, -1,
      34, 41, 0, -1,
      34, 0, 88, -1,
      88, 0, 89, -1,
      90, 91, 84, -1,
      87, 92, 2, -1,
      2, 92, 93, -1,
      2, 93, 0, -1,
      0, 93, 94, -1,
      0, 94, 95, -1,
      96, 97, 98, -1,
      98, 97, 99, -1,
      98, 99, 100, -1,
      90, 84, 101, -1,
      91, 102, 84, -1,
      84, 102, 103, -1,
      84, 103, 85, -1,
      99, 104, 100, -1,
      100, 104, 105, -1,
      100, 105, 106, -1,
      106, 105, 107, -1,
      95, 108, 0, -1,
      0, 108, 97, -1,
      0, 97, 89, -1,
      89, 97, 96, -1,
      89, 96, 109, -1,
      109, 96, 110, -1,
      109, 110, 111, -1,
      111, 110, 112, -1,
      111, 113, 114, -1,
      115, 116, 105, -1,
      105, 116, 117, -1,
      105, 117, 118, -1,
      119, 120, 121, -1,
      115, 122, 116, -1,
      116, 122, 123, -1,
      116, 123, 124, -1,
      124, 123, 125, -1,
      124, 125, 126, -1,
      112, 127, 111, -1,
      111, 127, 128, -1,
      111, 128, 129, -1,
      129, 130, 111, -1,
      111, 130, 131, -1,
      111, 131, 113, -1,
      132, 133, 134, -1,
      134, 133, 135, -1,
      134, 135, 114, -1,
      114, 135, 136, -1,
      114, 136, 111, -1,
      119, 121, 137, -1,
      137, 121, 138, -1,
      137, 138, 139, -1,
      140, 141, 142, -1,
      142, 141, 143, -1,
      142, 143, 84, -1,
      84, 143, 144, -1,
      84, 144, 101, -1,
      118, 145, 105, -1,
      105, 145, 146, -1,
      105, 146, 107, -1,
      132, 134, 147, -1,
      147, 134, 148, -1,
      147, 148, 149, -1,
      150, 151, 142, -1,
      152, 153, 154, -1,
      154, 153, 155, -1,
      154, 155, 156, -1,
      156, 155, 137, -1,
      156, 137, 157, -1,
      157, 137, 139, -1,
      151, 158, 142, -1,
      142, 158, 159, -1,
      142, 159, 160, -1,
      160, 161, 142, -1,
      142, 161, 120, -1,
      142, 120, 140, -1,
      140, 120, 119, -1,
      88, 162, 34, -1,
      34, 162, 163, -1,
      34, 163, 142, -1,
      142, 163, 164, -1,
      142, 164, 150, -1,
      165, 166, 167, -1,
      167, 166, 168, -1,
      169, 170, 171, -1,
      165, 172, 166, -1,
      166, 172, 173, -1,
      166, 173, 174, -1,
      175, 176, 177, -1,
      177, 176, 178, -1,
      179, 180, 181, -1,
      181, 180, 182, -1,
      181, 182, 183, -1,
      183, 184, 181, -1,
      181, 184, 185, -1,
      181, 185, 186, -1,
      186, 185, 187, -1,
      186, 187, 188, -1,
      189, 190, 186, -1,
      186, 190, 191, -1,
      192, 193, 194, -1,
      194, 193, 195, -1,
      194, 195, 196, -1,
      197, 198, 176, -1,
      176, 198, 199, -1,
      176, 199, 178, -1,
      191, 200, 186, -1,
      186, 200, 201, -1,
      186, 201, 194, -1,
      194, 201, 202, -1,
      194, 202, 192, -1,
      171, 203, 169, -1,
      169, 203, 204, -1,
      169, 204, 205, -1,
      205, 204, 206, -1,
      205, 206, 188, -1,
      188, 206, 207, -1,
      188, 207, 186, -1,
      186, 207, 208, -1,
      186, 208, 189, -1,
      196, 209, 194, -1,
      194, 209, 210, -1,
      194, 210, 176, -1,
      176, 210, 211, -1,
      176, 211, 167, -1,
      168, 212, 167, -1,
      167, 212, 213, -1,
      167, 213, 176, -1,
      176, 213, 214, -1,
      176, 214, 197, -1,
      175, 215, 216, -1,
      216, 215, 217, -1,
      215, 218, 217, -1,
      217, 218, 219, -1,
      217, 219, 181, -1,
      181, 219, 220, -1,
      181, 220, 179, -1,
      221, 222, 84, -1,
      223, 224, 222, -1,
      222, 224, 225, -1,
      222, 225, 84, -1,
      84, 225, 226, -1,
      84, 226, 142, -1,
      142, 226, 227, -1,
      142, 227, 228, -1,
      228, 227, 229, -1,
      228, 229, 230, -1,
      231, 232, 233, -1,
      234, 235, 176, -1,
      236, 237, 10, -1,
      10, 237, 238, -1,
      239, 194, 240, -1,
      240, 194, 176, -1,
      240, 176, 241, -1,
      241, 176, 235, -1,
      235, 242, 241, -1,
      241, 242, 243, -1,
      241, 243, 244, -1,
      232, 245, 233, -1,
      233, 245, 246, -1,
      233, 246, 247, -1,
      244, 248, 241, -1,
      241, 248, 249, -1,
      241, 249, 250, -1,
      239, 251, 194, -1,
      194, 251, 252, -1,
      194, 252, 10, -1,
      10, 252, 253, -1,
      10, 253, 236, -1,
      238, 254, 10, -1,
      10, 254, 255, -1,
      10, 255, 256, -1,
      256, 231, 10, -1,
      10, 231, 233, -1,
      10, 233, 12, -1,
      12, 233, 257, -1,
      12, 257, 176, -1,
      176, 257, 258, -1,
      176, 258, 234, -1,
      247, 259, 233, -1,
      233, 259, 260, -1,
      233, 260, 261, -1,
      262, 263, 264, -1,
      261, 265, 233, -1,
      233, 265, 266, -1,
      233, 266, 267, -1,
      250, 249, 264, -1,
      264, 249, 268, -1,
      264, 268, 262, -1,
      263, 269, 264, -1,
      264, 269, 270, -1,
      264, 270, 271, -1,
      272, 273, 264, -1,
      264, 273, 274, -1,
      264, 274, 275, -1,
      271, 276, 264, -1,
      264, 276, 277, -1,
      264, 277, 272, -1,
      278, 279, 280, -1,
      181, 281, 282, -1,
      282, 283, 181, -1,
      181, 283, 284, -1,
      181, 284, 285, -1,
      286, 287, 186, -1,
      186, 287, 288, -1,
      289, 290, 186, -1,
      186, 290, 291, -1,
      186, 291, 286, -1,
      288, 292, 186, -1,
      186, 292, 293, -1,
      186, 293, 294, -1,
      294, 295, 186, -1,
      186, 295, 296, -1,
      186, 296, 181, -1,
      181, 296, 297, -1,
      181, 297, 281, -1,
      279, 290, 280, -1,
      280, 290, 289, -1,
      280, 289, 298, -1,
      298, 289, 299, -1,
      300, 301, 302, -1,
      303, 304, 305, -1,
      305, 304, 306, -1,
      280, 307, 308, -1,
      302, 309, 300, -1,
      300, 309, 310, -1,
      300, 310, 311, -1,
      311, 310, 307, -1,
      311, 307, 312, -1,
      312, 307, 280, -1,
      312, 280, 313, -1,
      313, 280, 298, -1,
      314, 315, 316, -1,
      316, 315, 317, -1,
      316, 317, 318, -1,
      318, 317, 308, -1,
      319, 320, 321, -1,
      321, 320, 322, -1,
      321, 322, 323, -1,
      322, 324, 323, -1,
      323, 324, 299, -1,
      323, 299, 325, -1,
      325, 299, 289, -1,
      325, 289, 306, -1,
      306, 289, 326, -1,
      306, 326, 305, -1,
      229, 221, 230, -1,
      230, 221, 84, -1,
      230, 84, 327, -1,
      327, 84, 86, -1,
      327, 86, 328, -1,
      175, 216, 176, -1,
      176, 216, 4, -1,
      176, 4, 12, -1,
      12, 4, 6, -1,
      12, 6, 14, -1,
      285, 278, 181, -1,
      181, 278, 280, -1,
      181, 280, 217, -1,
      217, 280, 329, -1,
      317, 330, 308, -1,
      308, 330, 303, -1,
      308, 303, 280, -1,
      280, 303, 305, -1,
      280, 305, 329, -1,
      329, 305, 331, -1,
      328, 86, 332, -1,
      332, 86, 2, -1,
      332, 2, 333, -1,
      333, 2, 4, -1,
      333, 4, 334, -1,
      334, 4, 216, -1,
      334, 216, 335, -1,
      335, 216, 217, -1,
      335, 217, 336, -1,
      336, 217, 329, -1,
      336, 329, 337, -1,
      337, 329, 331, -1,
      337, 331, 338, -1,
      338, 331, 339, -1,
      338, 339, 340, -1,
      340, 341, 338, -1,
      338, 341, 342, -1,
      338, 342, 343, -1,
      343, 344, 338, -1,
      338, 344, 345, -1,
      338, 345, 346, -1,
      347, 348, 349, -1,
      349, 350, 347, -1,
      347, 350, 351, -1,
      347, 351, 352, -1,
      353, 354, 331, -1,
      331, 354, 355, -1,
      331, 355, 356, -1,
      345, 357, 346, -1,
      346, 357, 358, -1,
      346, 358, 359, -1,
      359, 360, 346, -1,
      346, 360, 361, -1,
      346, 361, 347, -1,
      347, 361, 362, -1,
      347, 362, 348, -1,
      326, 363, 305, -1,
      305, 363, 364, -1,
      305, 364, 331, -1,
      331, 364, 347, -1,
      331, 347, 353, -1,
      353, 347, 352, -1,
      356, 365, 331, -1,
      331, 365, 366, -1,
      331, 366, 339, -1,
      363, 367, 364, -1,
      364, 367, 368, -1,
      364, 368, 347, -1,
      347, 368, 369, -1,
      347, 369, 346, -1,
      346, 369, 370, -1,
      371, 372, 373, -1,
      373, 372, 374, -1,
      375, 376, 377, -1,
      378, 374, 379, -1,
      379, 374, 380, -1,
      381, 382, 383, -1,
      383, 382, 371, -1,
      383, 371, 384, -1,
      385, 386, 387, -1,
      387, 386, 388, -1,
      377, 384, 375, -1,
      375, 384, 371, -1,
      375, 371, 389, -1,
      389, 371, 390, -1,
      389, 390, 380, -1,
      391, 392, 393, -1,
      394, 395, 396, -1,
      396, 395, 397, -1,
      396, 397, 398, -1,
      399, 400, 396, -1,
      396, 400, 401, -1,
      402, 403, 404, -1,
      404, 403, 405, -1,
      401, 406, 396, -1,
      396, 406, 405, -1,
      396, 405, 407, -1,
      407, 405, 403, -1,
      398, 408, 396, -1,
      396, 408, 409, -1,
      396, 409, 399, -1,
      392, 410, 393, -1,
      393, 410, 390, -1,
      393, 390, 411, -1,
      411, 390, 412, -1,
      411, 412, 413, -1,
      413, 412, 414, -1,
      385, 415, 386, -1,
      386, 415, 416, -1,
      386, 416, 417, -1,
      417, 416, 418, -1,
      417, 418, 419, -1,
      418, 420, 419, -1,
      419, 420, 421, -1,
      419, 421, 393, -1,
      393, 421, 422, -1,
      393, 422, 391, -1,
      410, 423, 390, -1,
      390, 423, 424, -1,
      390, 424, 425, -1,
      425, 426, 390, -1,
      390, 426, 427, -1,
      390, 427, 380, -1,
      380, 427, 428, -1,
      380, 428, 379, -1,
      379, 428, 429, -1,
      379, 429, 396, -1,
      396, 429, 430, -1,
      396, 430, 394, -1,
      386, 413, 388, -1,
      388, 413, 414, -1,
      388, 414, 431, -1,
      431, 414, 432, -1,
      431, 432, 433, -1,
      433, 432, 434, -1,
      433, 434, 435, -1,
      436, 437, 434, -1,
      434, 437, 373, -1,
      434, 373, 435, -1,
      435, 373, 374, -1,
      435, 374, 438, -1,
      438, 374, 378, -1,
      439, 440, 373, -1,
      441, 442, 440, -1,
      440, 442, 443, -1,
      440, 443, 444, -1,
      390, 445, 446, -1,
      446, 445, 447, -1,
      446, 447, 437, -1,
      437, 447, 448, -1,
      437, 448, 373, -1,
      373, 448, 449, -1,
      373, 449, 439, -1,
      439, 449, 450, -1,
      439, 450, 451, -1,
      371, 373, 390, -1,
      390, 373, 452, -1,
      390, 452, 453, -1,
      454, 455, 445, -1,
      445, 455, 456, -1,
      453, 457, 390, -1,
      390, 457, 458, -1,
      390, 458, 445, -1,
      445, 458, 459, -1,
      445, 459, 454, -1,
      444, 460, 440, -1,
      440, 460, 461, -1,
      440, 461, 373, -1,
      373, 461, 462, -1,
      373, 462, 452, -1,
      456, 463, 445, -1,
      445, 463, 464, -1,
      445, 464, 440, -1,
      440, 464, 465, -1,
      440, 465, 441, -1,
      466, 467, 468, -1,
      468, 467, 367, -1,
      468, 367, 469, -1,
      470, 471, 228, -1,
      228, 471, 472, -1,
      228, 472, 473, -1,
      474, 475, 473, -1,
      473, 475, 469, -1,
      473, 469, 228, -1,
      228, 469, 367, -1,
      476, 477, 328, -1,
      478, 479, 370, -1,
      370, 479, 480, -1,
      370, 480, 481, -1,
      482, 483, 481, -1,
      481, 483, 476, -1,
      481, 476, 370, -1,
      370, 476, 328, -1,
      484, 485, 486, -1,
      486, 485, 328, -1,
      486, 328, 487, -1,
      487, 328, 477, -1,
      487, 477, 488, -1,
      488, 477, 489, -1,
      412, 470, 414, -1,
      414, 470, 485, -1,
      414, 485, 432, -1,
      436, 434, 483, -1,
      483, 482, 436, -1,
      436, 482, 479, -1,
      436, 479, 478, -1,
      485, 484, 432, -1,
      432, 484, 488, -1,
      432, 488, 434, -1,
      434, 488, 489, -1,
      434, 489, 483, -1,
      467, 446, 478, -1,
      478, 446, 437, -1,
      478, 437, 436, -1,
      470, 412, 471, -1,
      471, 412, 474, -1,
      474, 412, 475, -1,
      475, 412, 390, -1,
      475, 390, 466, -1,
      466, 390, 446, -1,
      466, 446, 467, -1,
      228, 328, 470, -1,
      470, 328, 485, -1,
      370, 367, 478, -1,
      478, 367, 467, -1,
    ]
  }
}

Shape {
  appearance Appearance {
    material Material {
      diffuseColor 1.0000 1.0000 1.0000
      specularColor 0.5020 0.5020 0.5020
      ambientIntensity 0.2
      transparency 0.0000
      shininess 0.5
    }
  }
  geometry IndexedFaceSet {
    ccw TRUE
    solid FALSE
    coord DEF co Coordinate {
      point [
        -0.452756 0.314961 -0.000000,
        -0.452756 0.310831 0.059055,
        -0.295276 0.310831 0.059055,
        0.452756 0.314961 0.000000,
        0.452756 0.310831 0.059055,
        0.295276 0.310831 0.059055,
        0.295276 0.314961 -0.000000,
        -0.295276 0.314961 0.000000,
        -0.078740 -0.310831 0.059055,
        0.078740 -0.310831 0.059055,
        -0.452756 -0.314961 0.000000,
        -0.452756 -0.310831 0.059055,
        -0.295276 -0.310831 0.059055,
        -0.295276 -0.314961 -0.000000,
        -0.078740 -0.314961 -0.000000,
        0.452756 -0.314961 -0.000000,
        0.452756 -0.310831 0.059055,
        0.295276 -0.310831 0.059055,
        0.295276 -0.314961 0.000000,
        0.078740 -0.314961 -0.000000,
        0.078740 -0.336433 0.000000,
        -0.078740 -0.336433 0.000000,
        -0.078740 -0.336433 0.059055,
        0.078740 -0.336433 0.059055,
        0.078740 -0.341251 -0.000599,
        0.078740 -0.355704 0.056661,
        0.078740 -0.345776 -0.002358,
        0.078740 -0.373803 0.049622,
        0.078740 -0.349732 -0.005172,
        0.078740 -0.389629 0.038368,
        0.078740 -0.352880 -0.008868,
        0.078740 -0.402219 0.023583,
        0.078740 -0.355027 -0.013222,
        0.078740 -0.410808 0.006167,
        0.078740 -0.356043 -0.017969,
        0.078740 -0.414874 -0.012822,
        0.078740 -0.374016 -0.223398,
        0.078740 -0.432846 -0.218251,
        0.078740 -0.378081 -0.242387,
        0.078740 -0.433863 -0.222998,
        0.078740 -0.386670 -0.259804,
        0.078740 -0.436010 -0.227352,
        0.078740 -0.399260 -0.274589,
        0.078740 -0.439157 -0.231049,
        0.078740 -0.415086 -0.285843,
        0.078740 -0.443114 -0.233862,
        0.078740 -0.433185 -0.292881,
        0.078740 -0.447639 -0.235622,
        0.078740 -0.452456 -0.295276,
        0.078740 -0.452456 -0.236220,
        0.078740 -0.551181 -0.295276,
        0.078740 -0.551181 -0.236220,
        -0.078740 -0.551181 -0.295276,
        -0.078740 -0.551181 -0.236220,
        -0.078740 -0.452456 -0.295276,
        -0.078740 -0.452456 -0.236220,
        -0.078740 -0.433185 -0.292881,
        -0.078740 -0.447639 -0.235622,
        -0.078740 -0.415086 -0.285843,
        -0.078740 -0.443114 -0.233862,
        -0.078740 -0.399260 -0.274589,
        -0.078740 -0.439157 -0.231049,
        -0.078740 -0.386670 -0.259804,
        -0.078740 -0.436010 -0.227352,
        -0.078740 -0.378081 -0.242387,
        -0.078740 -0.433863 -0.222998,
        -0.078740 -0.374016 -0.223398,
        -0.078740 -0.432846 -0.218251,
        -0.078740 -0.356043 -0.017969,
        -0.078740 -0.414874 -0.012822,
        -0.078740 -0.355027 -0.013222,
        -0.078740 -0.410808 0.006167,
        -0.078740 -0.352880 -0.008868,
        -0.078740 -0.402219 0.023583,
        -0.078740 -0.349732 -0.005172,
        -0.078740 -0.389629 0.038368,
        -0.078740 -0.345776 -0.002358,
        -0.078740 -0.373803 0.049622,
        -0.078740 -0.341251 -0.000599,
        -0.078740 -0.355704 0.056661,
        0.452756 -0.336433 0.000000,
        0.295276 -0.336433 0.000000,
        0.295276 -0.336433 0.059055,
        0.452756 -0.336433 0.059055,
        0.452756 -0.341251 -0.000599,
        0.452756 -0.355704 0.056661,
        0.452756 -0.345776 -0.002358,
        0.452756 -0.373803 0.049622,
        0.452756 -0.349732 -0.005172,
        0.452756 -0.389629 0.038368,
        0.452756 -0.352880 -0.008868,
        0.452756 -0.402219 0.023583,
        0.452756 -0.355027 -0.013222,
        0.452756 -0.410808 0.006167,
        0.452756 -0.356043 -0.017969,
        0.452756 -0.414874 -0.012822,
        0.452756 -0.374016 -0.223398,
        0.452756 -0.432846 -0.218251,
        0.452756 -0.378081 -0.242387,
        0.452756 -0.433863 -0.222998,
        0.452756 -0.386670 -0.259804,
        0.452756 -0.436010 -0.227352,
        0.452756 -0.399260 -0.274589,
        0.452756 -0.439157 -0.231049,
        0.452756 -0.415086 -0.285843,
        0.452756 -0.443114 -0.233862,
        0.452756 -0.433185 -0.292881,
        0.452756 -0.447639 -0.235622,
        0.452756 -0.452456 -0.295276,
        0.452756 -0.452456 -0.236220,
        0.452756 -0.551181 -0.295276,
        0.452756 -0.551181 -0.236220,
        0.295276 -0.551181 -0.236220,
        0.295276 -0.452456 -0.236220,
        0.295276 -0.551181 -0.295276,
        0.295276 -0.452456 -0.295276,
        0.295276 -0.433185 -0.292881,
        0.295276 -0.415086 -0.285843,
        0.295276 -0.399260 -0.274589,
        0.295276 -0.386670 -0.259804,
        0.295276 -0.378081 -0.242387,
        0.295276 -0.374016 -0.223398,
        0.295276 -0.356043 -0.017969,
        0.295276 -0.355027 -0.013222,
        0.295276 -0.352880 -0.008868,
        0.295276 -0.349732 -0.005172,
        0.295276 -0.345776 -0.002358,
        0.295276 -0.341251 -0.000599,
        0.295276 -0.447639 -0.235622,
        0.295276 -0.443114 -0.233862,
        0.295276 -0.439157 -0.231049,
        0.295276 -0.436010 -0.227352,
        0.295276 -0.433863 -0.222998,
        0.295276 -0.432846 -0.218251,
        0.295276 -0.414874 -0.012822,
        0.295276 -0.410808 0.006167,
        0.295276 -0.402219 0.023583,
        0.295276 -0.389629 0.038368,
        0.295276 -0.373803 0.049622,
        0.295276 -0.355704 0.056661,
        -0.295276 -0.336433 0.000000,
        -0.452756 -0.336433 0.000000,
        -0.452756 -0.336433 0.059055,
        -0.295276 -0.336433 0.059055,
        -0.295276 -0.341251 -0.000599,
        -0.295276 -0.355704 0.056661,
        -0.295276 -0.345776 -0.002358,
        -0.295276 -0.373803 0.049622,
        -0.295276 -0.349732 -0.005172,
        -0.295276 -0.389629 0.038368,
        -0.295276 -0.352880 -0.008868,
        -0.295276 -0.402219 0.023583,
        -0.295276 -0.355027 -0.013222,
        -0.295276 -0.410808 0.006167,
        -0.295276 -0.356043 -0.017969,
        -0.295276 -0.414874 -0.012822,
        -0.295276 -0.374016 -0.223398,
        -0.295276 -0.432846 -0.218251,
        -0.295276 -0.378081 -0.242387,
        -0.295276 -0.433863 -0.222998,
        -0.295276 -0.386670 -0.259804,
        -0.295276 -0.436010 -0.227352,
        -0.295276 -0.399260 -0.274589,
        -0.295276 -0.439157 -0.231049,
        -0.295276 -0.415086 -0.285843,
        -0.295276 -0.443114 -0.233862,
        -0.295276 -0.433185 -0.292881,
        -0.295276 -0.447639 -0.235622,
        -0.295276 -0.452456 -0.295276,
        -0.295276 -0.452456 -0.236220,
        -0.295276 -0.551181 -0.295276,
        -0.295276 -0.551181 -0.236220,
        -0.452756 -0.551181 -0.236220,
        -0.452756 -0.452456 -0.236220,
        -0.452756 -0.551181 -0.295276,
        -0.452756 -0.452456 -0.295276,
        -0.452756 -0.433185 -0.292881,
        -0.452756 -0.415086 -0.285843,
        -0.452756 -0.399260 -0.274589,
        -0.452756 -0.386670 -0.259804,
        -0.452756 -0.378081 -0.242387,
        -0.452756 -0.374016 -0.223398,
        -0.452756 -0.356043 -0.017969,
        -0.452756 -0.355027 -0.013222,
        -0.452756 -0.352880 -0.008868,
        -0.452756 -0.349732 -0.005172,
        -0.452756 -0.345776 -0.002358,
        -0.452756 -0.341251 -0.000599,
        -0.452756 -0.447639 -0.235622,
        -0.452756 -0.443114 -0.233862,
        -0.452756 -0.439157 -0.231049,
        -0.452756 -0.436010 -0.227352,
        -0.452756 -0.433863 -0.222998,
        -0.452756 -0.432846 -0.218251,
        -0.452756 -0.414874 -0.012822,
        -0.452756 -0.410808 0.006167,
        -0.452756 -0.402219 0.023583,
        -0.452756 -0.389629 0.038368,
        -0.452756 -0.373803 0.049622,
        -0.452756 -0.355704 0.056661,
        0.295276 0.336433 0.000000,
        0.452756 0.336433 0.000000,
        0.295276 0.336433 0.059055,
        0.452756 0.336433 0.059055,
        0.452756 0.551181 -0.295276,
        0.452756 0.551181 -0.236220,
        0.452756 0.452456 -0.295276,
        0.452756 0.452456 -0.236220,
        0.452756 0.433185 -0.292881,
        0.452756 0.447639 -0.235622,
        0.452756 0.415086 -0.285843,
        0.452756 0.443114 -0.233862,
        0.452756 0.399260 -0.274589,
        0.452756 0.439157 -0.231049,
        0.452756 0.386670 -0.259804,
        0.452756 0.436010 -0.227352,
        0.452756 0.378081 -0.242387,
        0.452756 0.433863 -0.222998,
        0.452756 0.374016 -0.223398,
        0.452756 0.432846 -0.218251,
        0.452756 0.356043 -0.017969,
        0.452756 0.414874 -0.012822,
        0.452756 0.355027 -0.013222,
        0.452756 0.410808 0.006167,
        0.452756 0.352880 -0.008868,
        0.452756 0.402219 0.023583,
        0.452756 0.349732 -0.005172,
        0.452756 0.389629 0.038368,
        0.452756 0.345776 -0.002358,
        0.452756 0.373803 0.049622,
        0.452756 0.341251 -0.000599,
        0.452756 0.355704 0.056661,
        0.295276 0.452456 -0.236220,
        0.295276 0.551181 -0.236220,
        0.295276 0.551181 -0.295276,
        0.295276 0.452456 -0.295276,
        0.295276 0.374016 -0.223398,
        0.295276 0.378081 -0.242387,
        0.295276 0.386670 -0.259804,
        0.295276 0.399260 -0.274589,
        0.295276 0.415086 -0.285843,
        0.295276 0.433185 -0.292881,
        0.295276 0.356043 -0.017969,
        0.295276 0.341251 -0.000599,
        0.295276 0.345776 -0.002358,
        0.295276 0.349732 -0.005172,
        0.295276 0.352880 -0.008868,
        0.295276 0.355027 -0.013222,
        0.295276 0.355704 0.056661,
        0.295276 0.373803 0.049622,
        0.295276 0.389629 0.038368,
        0.295276 0.402219 0.023583,
        0.295276 0.410808 0.006167,
        0.295276 0.414874 -0.012822,
        0.295276 0.432846 -0.218251,
        0.295276 0.433863 -0.222998,
        0.295276 0.436010 -0.227352,
        0.295276 0.439157 -0.231049,
        0.295276 0.443114 -0.233862,
        0.295276 0.447639 -0.235622,
        -0.452756 0.336433 0.000000,
        -0.295276 0.336433 0.000000,
        -0.452756 0.336433 0.059055,
        -0.295276 0.336433 0.059055,
        -0.295276 0.551181 -0.295276,
        -0.295276 0.551181 -0.236220,
        -0.295276 0.452456 -0.295276,
        -0.295276 0.452456 -0.236220,
        -0.295276 0.433185 -0.292881,
        -0.295276 0.447639 -0.235622,
        -0.295276 0.415086 -0.285843,
        -0.295276 0.443114 -0.233862,
        -0.295276 0.399260 -0.274589,
        -0.295276 0.439157 -0.231049,
        -0.295276 0.386670 -0.259804,
        -0.295276 0.436010 -0.227352,
        -0.295276 0.378081 -0.242387,
        -0.295276 0.433863 -0.222998,
        -0.295276 0.374016 -0.223398,
        -0.295276 0.432846 -0.218251,
        -0.295276 0.356043 -0.017969,
        -0.295276 0.414874 -0.012822,
        -0.295276 0.355027 -0.013222,
        -0.295276 0.410808 0.006167,
        -0.295276 0.352880 -0.008868,
        -0.295276 0.402219 0.023583,
        -0.295276 0.349732 -0.005172,
        -0.295276 0.389629 0.038368,
        -0.295276 0.345776 -0.002358,
        -0.295276 0.373803 0.049622,
        -0.295276 0.341251 -0.000599,
        -0.295276 0.355704 0.056661,
        -0.452756 0.452456 -0.236220,
        -0.452756 0.551181 -0.236220,
        -0.452756 0.551181 -0.295276,
        -0.452756 0.452456 -0.295276,
        -0.452756 0.374016 -0.223398,
        -0.452756 0.378081 -0.242387,
        -0.452756 0.386670 -0.259804,
        -0.452756 0.399260 -0.274589,
        -0.452756 0.415086 -0.285843,
        -0.452756 0.433185 -0.292881,
        -0.452756 0.356043 -0.017969,
        -0.452756 0.341251 -0.000599,
        -0.452756 0.345776 -0.002358,
        -0.452756 0.349732 -0.005172,
        -0.452756 0.352880 -0.008868,
        -0.452756 0.355027 -0.013222,
        -0.452756 0.355704 0.056661,
        -0.452756 0.373803 0.049622,
        -0.452756 0.389629 0.038368,
        -0.452756 0.402219 0.023583,
        -0.452756 0.410808 0.006167,
        -0.452756 0.414874 -0.012822,
        -0.452756 0.432846 -0.218251,
        -0.452756 0.433863 -0.222998,
        -0.452756 0.436010 -0.227352,
        -0.452756 0.439157 -0.231049,
        -0.452756 0.443114 -0.233862,
        -0.452756 0.447639 -0.235622,
      ]
    }
    coordIndex [
      20, 21, 19, -1,
      19, 21, 14, -1,
      8, 22, 9, -1,
      9, 22, 23, -1,
      19, 9, 20, -1,
      20, 9, 23, -1,
      20, 23, 24, -1,
      24, 23, 25, -1,
      24, 25, 26, -1,
      26, 25, 27, -1,
      26, 27, 28, -1,
      28, 27, 29, -1,
      28, 29, 30, -1,
      30, 29, 31, -1,
      30, 31, 32, -1,
      32, 31, 33, -1,
      32, 33, 34, -1,
      34, 33, 35, -1,
      34, 35, 36, -1,
      36, 35, 37, -1,
      36, 37, 38, -1,
      38, 37, 39, -1,
      38, 39, 40, -1,
      40, 39, 41, -1,
      40, 41, 42, -1,
      42, 41, 43, -1,
      42, 43, 44, -1,
      44, 43, 45, -1,
      44, 45, 46, -1,
      46, 45, 47, -1,
      46, 47, 48, -1,
      48, 47, 49, -1,
      48, 49, 50, -1,
      50, 49, 51, -1,
      52, 53, 54, -1,
      54, 53, 55, -1,
      54, 55, 56, -1,
      56, 55, 57, -1,
      56, 57, 58, -1,
      58, 57, 59, -1,
      58, 59, 60, -1,
      60, 59, 61, -1,
      60, 61, 62, -1,
      62, 61, 63, -1,
      62, 63, 64, -1,
      64, 63, 65, -1,
      64, 65, 66, -1,
      66, 65, 67, -1,
      66, 67, 68, -1,
      68, 67, 69, -1,
      68, 69, 70, -1,
      70, 69, 71, -1,
      70, 71, 72, -1,
      72, 71, 73, -1,
      72, 73, 74, -1,
      74, 73, 75, -1,
      74, 75, 76, -1,
      76, 75, 77, -1,
      76, 77, 78, -1,
      78, 77, 79, -1,
      78, 79, 21, -1,
      21, 79, 22, -1,
      21, 22, 14, -1,
      14, 22, 8, -1,
      51, 49, 53, -1,
      53, 49, 55, -1,
      50, 51, 52, -1,
      52, 51, 53, -1,
      48, 50, 54, -1,
      54, 50, 52, -1,
      48, 54, 56, -1,
      48, 56, 46, -1,
      46, 56, 58, -1,
      46, 58, 44, -1,
      44, 58, 60, -1,
      44, 60, 42, -1,
      42, 60, 62, -1,
      42, 62, 40, -1,
      40, 62, 64, -1,
      40, 64, 38, -1,
      38, 64, 66, -1,
      38, 66, 36, -1,
      34, 36, 68, -1,
      68, 36, 66, -1,
      34, 68, 32, -1,
      32, 68, 70, -1,
      32, 70, 30, -1,
      30, 70, 72, -1,
      30, 72, 28, -1,
      28, 72, 74, -1,
      28, 74, 26, -1,
      26, 74, 76, -1,
      26, 76, 24, -1,
      24, 76, 78, -1,
      24, 78, 20, -1,
      20, 78, 21, -1,
      23, 22, 79, -1,
      23, 79, 25, -1,
      25, 79, 77, -1,
      25, 77, 27, -1,
      27, 77, 75, -1,
      27, 75, 29, -1,
      29, 75, 73, -1,
      29, 73, 31, -1,
      31, 73, 71, -1,
      31, 71, 33, -1,
      33, 71, 69, -1,
      33, 69, 35, -1,
      37, 35, 67, -1,
      67, 35, 69, -1,
      37, 67, 39, -1,
      39, 67, 65, -1,
      39, 65, 41, -1,
      41, 65, 63, -1,
      41, 63, 43, -1,
      43, 63, 61, -1,
      43, 61, 45, -1,
      45, 61, 59, -1,
      45, 59, 47, -1,
      47, 59, 57, -1,
      47, 57, 49, -1,
      49, 57, 55, -1,
      80, 81, 15, -1,
      15, 81, 18, -1,
      17, 82, 16, -1,
      16, 82, 83, -1,
      15, 16, 80, -1,
      80, 16, 83, -1,
      80, 83, 84, -1,
      84, 83, 85, -1,
      84, 85, 86, -1,
      86, 85, 87, -1,
      86, 87, 88, -1,
      88, 87, 89, -1,
      88, 89, 90, -1,
      90, 89, 91, -1,
      90, 91, 92, -1,
      92, 91, 93, -1,
      92, 93, 94, -1,
      94, 93, 95, -1,
      94, 95, 96, -1,
      96, 95, 97, -1,
      96, 97, 98, -1,
      98, 97, 99, -1,
      98, 99, 100, -1,
      100, 99, 101, -1,
      100, 101, 102, -1,
      102, 101, 103, -1,
      102, 103, 104, -1,
      104, 103, 105, -1,
      104, 105, 106, -1,
      106, 105, 107, -1,
      106, 107, 108, -1,
      108, 107, 109, -1,
      108, 109, 110, -1,
      110, 109, 111, -1,
      111, 109, 112, -1,
      112, 109, 113, -1,
      110, 111, 114, -1,
      114, 111, 112, -1,
      108, 110, 115, -1,
      115, 110, 114, -1,
      108, 115, 116, -1,
      108, 116, 106, -1,
      106, 116, 117, -1,
      106, 117, 104, -1,
      104, 117, 118, -1,
      104, 118, 102, -1,
      102, 118, 119, -1,
      102, 119, 100, -1,
      100, 119, 120, -1,
      100, 120, 98, -1,
      98, 120, 121, -1,
      98, 121, 96, -1,
      94, 96, 122, -1,
      122, 96, 121, -1,
      94, 122, 92, -1,
      92, 122, 123, -1,
      92, 123, 90, -1,
      90, 123, 124, -1,
      90, 124, 88, -1,
      88, 124, 125, -1,
      88, 125, 86, -1,
      86, 125, 126, -1,
      86, 126, 84, -1,
      84, 126, 127, -1,
      84, 127, 80, -1,
      80, 127, 81, -1,
      114, 112, 115, -1,
      115, 112, 113, -1,
      115, 113, 116, -1,
      116, 113, 128, -1,
      116, 128, 117, -1,
      117, 128, 129, -1,
      117, 129, 118, -1,
      118, 129, 130, -1,
      118, 130, 119, -1,
      119, 130, 131, -1,
      119, 131, 120, -1,
      120, 131, 132, -1,
      120, 132, 121, -1,
      121, 132, 133, -1,
      121, 133, 122, -1,
      122, 133, 134, -1,
      122, 134, 123, -1,
      123, 134, 135, -1,
      123, 135, 124, -1,
      124, 135, 136, -1,
      124, 136, 125, -1,
      125, 136, 137, -1,
      125, 137, 126, -1,
      126, 137, 138, -1,
      126, 138, 127, -1,
      127, 138, 139, -1,
      127, 139, 81, -1,
      81, 139, 82, -1,
      81, 82, 18, -1,
      18, 82, 17, -1,
      83, 82, 139, -1,
      83, 139, 85, -1,
      85, 139, 138, -1,
      85, 138, 87, -1,
      87, 138, 137, -1,
      87, 137, 89, -1,
      89, 137, 136, -1,
      89, 136, 91, -1,
      91, 136, 135, -1,
      91, 135, 93, -1,
      93, 135, 134, -1,
      93, 134, 95, -1,
      97, 95, 133, -1,
      133, 95, 134, -1,
      97, 133, 99, -1,
      99, 133, 132, -1,
      99, 132, 101, -1,
      101, 132, 131, -1,
      101, 131, 103, -1,
      103, 131, 130, -1,
      103, 130, 105, -1,
      105, 130, 129, -1,
      105, 129, 107, -1,
      107, 129, 128, -1,
      107, 128, 109, -1,
      109, 128, 113, -1,
      140, 141, 13, -1,
      13, 141, 10, -1,
      11, 142, 12, -1,
      12, 142, 143, -1,
      13, 12, 140, -1,
      140, 12, 143, -1,
      140, 143, 144, -1,
      144, 143, 145, -1,
      144, 145, 146, -1,
      146, 145, 147, -1,
      146, 147, 148, -1,
      148, 147, 149, -1,
      148, 149, 150, -1,
      150, 149, 151, -1,
      150, 151, 152, -1,
      152, 151, 153, -1,
      152, 153, 154, -1,
      154, 153, 155, -1,
      154, 155, 156, -1,
      156, 155, 157, -1,
      156, 157, 158, -1,
      158, 157, 159, -1,
      158, 159, 160, -1,
      160, 159, 161, -1,
      160, 161, 162, -1,
      162, 161, 163, -1,
      162, 163, 164, -1,
      164, 163, 165, -1,
      164, 165, 166, -1,
      166, 165, 167, -1,
      166, 167, 168, -1,
      168, 167, 169, -1,
      168, 169, 170, -1,
      170, 169, 171, -1,
      171, 169, 172, -1,
      172, 169, 173, -1,
      170, 171, 174, -1,
      174, 171, 172, -1,
      168, 170, 175, -1,
      175, 170, 174, -1,
      168, 175, 176, -1,
      168, 176, 166, -1,
      166, 176, 177, -1,
      166, 177, 164, -1,
      164, 177, 178, -1,
      164, 178, 162, -1,
      162, 178, 179, -1,
      162, 179, 160, -1,
      160, 179, 180, -1,
      160, 180, 158, -1,
      158, 180, 181, -1,
      158, 181, 156, -1,
      154, 156, 182, -1,
      182, 156, 181, -1,
      154, 182, 152, -1,
      152, 182, 183, -1,
      152, 183, 150, -1,
      150, 183, 184, -1,
      150, 184, 148, -1,
      148, 184, 185, -1,
      148, 185, 146, -1,
      146, 185, 186, -1,
      146, 186, 144, -1,
      144, 186, 187, -1,
      144, 187, 140, -1,
      140, 187, 141, -1,
      174, 172, 175, -1,
      175, 172, 173, -1,
      175, 173, 176, -1,
      176, 173, 188, -1,
      176, 188, 177, -1,
      177, 188, 189, -1,
      177, 189, 178, -1,
      178, 189, 190, -1,
      178, 190, 179, -1,
      179, 190, 191, -1,
      179, 191, 180, -1,
      180, 191, 192, -1,
      180, 192, 181, -1,
      181, 192, 193, -1,
      181, 193, 182, -1,
      182, 193, 194, -1,
      182, 194, 183, -1,
      183, 194, 195, -1,
      183, 195, 184, -1,
      184, 195, 196, -1,
      184, 196, 185, -1,
      185, 196, 197, -1,
      185, 197, 186, -1,
      186, 197, 198, -1,
      186, 198, 187, -1,
      187, 198, 199, -1,
      187, 199, 141, -1,
      141, 199, 142, -1,
      141, 142, 10, -1,
      10, 142, 11, -1,
      143, 142, 199, -1,
      143, 199, 145, -1,
      145, 199, 198, -1,
      145, 198, 147, -1,
      147, 198, 197, -1,
      147, 197, 149, -1,
      149, 197, 196, -1,
      149, 196, 151, -1,
      151, 196, 195, -1,
      151, 195, 153, -1,
      153, 195, 194, -1,
      153, 194, 155, -1,
      157, 155, 193, -1,
      193, 155, 194, -1,
      157, 193, 159, -1,
      159, 193, 192, -1,
      159, 192, 161, -1,
      161, 192, 191, -1,
      161, 191, 163, -1,
      163, 191, 190, -1,
      163, 190, 165, -1,
      165, 190, 189, -1,
      165, 189, 167, -1,
      167, 189, 188, -1,
      167, 188, 169, -1,
      169, 188, 173, -1,
      200, 201, 6, -1,
      6, 201, 3, -1,
      202, 5, 203, -1,
      203, 5, 4, -1,
      204, 205, 206, -1,
      206, 205, 207, -1,
      206, 207, 208, -1,
      208, 207, 209, -1,
      208, 209, 210, -1,
      210, 209, 211, -1,
      210, 211, 212, -1,
      212, 211, 213, -1,
      212, 213, 214, -1,
      214, 213, 215, -1,
      214, 215, 216, -1,
      216, 215, 217, -1,
      216, 217, 218, -1,
      218, 217, 219, -1,
      218, 219, 220, -1,
      220, 219, 221, -1,
      220, 221, 222, -1,
      222, 221, 223, -1,
      222, 223, 224, -1,
      224, 223, 225, -1,
      224, 225, 226, -1,
      226, 225, 227, -1,
      226, 227, 228, -1,
      228, 227, 229, -1,
      228, 229, 230, -1,
      230, 229, 231, -1,
      230, 231, 201, -1,
      201, 231, 203, -1,
      201, 203, 3, -1,
      3, 203, 4, -1,
      207, 205, 232, -1,
      232, 205, 233, -1,
      205, 204, 233, -1,
      233, 204, 234, -1,
      204, 206, 234, -1,
      234, 206, 235, -1,
      218, 236, 237, -1,
      218, 237, 216, -1,
      216, 237, 238, -1,
      216, 238, 214, -1,
      214, 238, 239, -1,
      214, 239, 212, -1,
      212, 239, 240, -1,
      212, 240, 210, -1,
      210, 240, 241, -1,
      210, 241, 208, -1,
      208, 241, 235, -1,
      208, 235, 206, -1,
      218, 220, 236, -1,
      236, 220, 242, -1,
      201, 200, 230, -1,
      230, 200, 243, -1,
      230, 243, 228, -1,
      228, 243, 244, -1,
      228, 244, 226, -1,
      226, 244, 245, -1,
      226, 245, 224, -1,
      224, 245, 246, -1,
      224, 246, 222, -1,
      222, 246, 247, -1,
      222, 247, 220, -1,
      220, 247, 242, -1,
      6, 5, 200, -1,
      200, 5, 202, -1,
      200, 202, 243, -1,
      243, 202, 248, -1,
      243, 248, 244, -1,
      244, 248, 249, -1,
      244, 249, 245, -1,
      245, 249, 250, -1,
      245, 250, 246, -1,
      246, 250, 251, -1,
      246, 251, 247, -1,
      247, 251, 252, -1,
      247, 252, 242, -1,
      242, 252, 253, -1,
      242, 253, 236, -1,
      236, 253, 254, -1,
      236, 254, 237, -1,
      237, 254, 255, -1,
      237, 255, 238, -1,
      238, 255, 256, -1,
      238, 256, 239, -1,
      239, 256, 257, -1,
      239, 257, 240, -1,
      240, 257, 258, -1,
      240, 258, 241, -1,
      241, 258, 259, -1,
      241, 259, 235, -1,
      235, 259, 232, -1,
      235, 232, 234, -1,
      234, 232, 233, -1,
      221, 253, 252, -1,
      221, 252, 223, -1,
      223, 252, 251, -1,
      223, 251, 225, -1,
      225, 251, 250, -1,
      225, 250, 227, -1,
      227, 250, 249, -1,
      227, 249, 229, -1,
      229, 249, 248, -1,
      229, 248, 231, -1,
      231, 248, 202, -1,
      231, 202, 203, -1,
      221, 219, 253, -1,
      253, 219, 254, -1,
      207, 232, 209, -1,
      209, 232, 259, -1,
      209, 259, 211, -1,
      211, 259, 258, -1,
      211, 258, 213, -1,
      213, 258, 257, -1,
      213, 257, 215, -1,
      215, 257, 256, -1,
      215, 256, 217, -1,
      217, 256, 255, -1,
      217, 255, 219, -1,
      219, 255, 254, -1,
      260, 261, 0, -1,
      0, 261, 7, -1,
      262, 1, 263, -1,
      263, 1, 2, -1,
      264, 265, 266, -1,
      266, 265, 267, -1,
      266, 267, 268, -1,
      268, 267, 269, -1,
      268, 269, 270, -1,
      270, 269, 271, -1,
      270, 271, 272, -1,
      272, 271, 273, -1,
      272, 273, 274, -1,
      274, 273, 275, -1,
      274, 275, 276, -1,
      276, 275, 277, -1,
      276, 277, 278, -1,
      278, 277, 279, -1,
      278, 279, 280, -1,
      280, 279, 281, -1,
      280, 281, 282, -1,
      282, 281, 283, -1,
      282, 283, 284, -1,
      284, 283, 285, -1,
      284, 285, 286, -1,
      286, 285, 287, -1,
      286, 287, 288, -1,
      288, 287, 289, -1,
      288, 289, 290, -1,
      290, 289, 291, -1,
      290, 291, 261, -1,
      261, 291, 263, -1,
      261, 263, 7, -1,
      7, 263, 2, -1,
      267, 265, 292, -1,
      292, 265, 293, -1,
      265, 264, 293, -1,
      293, 264, 294, -1,
      264, 266, 294, -1,
      294, 266, 295, -1,
      278, 296, 297, -1,
      278, 297, 276, -1,
      276, 297, 298, -1,
      276, 298, 274, -1,
      274, 298, 299, -1,
      274, 299, 272, -1,
      272, 299, 300, -1,
      272, 300, 270, -1,
      270, 300, 301, -1,
      270, 301, 268, -1,
      268, 301, 295, -1,
      268, 295, 266, -1,
      278, 280, 296, -1,
      296, 280, 302, -1,
      261, 260, 290, -1,
      290, 260, 303, -1,
      290, 303, 288, -1,
      288, 303, 304, -1,
      288, 304, 286, -1,
      286, 304, 305, -1,
      286, 305, 284, -1,
      284, 305, 306, -1,
      284, 306, 282, -1,
      282, 306, 307, -1,
      282, 307, 280, -1,
      280, 307, 302, -1,
      0, 1, 260, -1,
      260, 1, 262, -1,
      260, 262, 303, -1,
      303, 262, 308, -1,
      303, 308, 304, -1,
      304, 308, 309, -1,
      304, 309, 305, -1,
      305, 309, 310, -1,
      305, 310, 306, -1,
      306, 310, 311, -1,
      306, 311, 307, -1,
      307, 311, 312, -1,
      307, 312, 302, -1,
      302, 312, 313, -1,
      302, 313, 296, -1,
      296, 313, 314, -1,
      296, 314, 297, -1,
      297, 314, 315, -1,
      297, 315, 298, -1,
      298, 315, 316, -1,
      298, 316, 299, -1,
      299, 316, 317, -1,
      299, 317, 300, -1,
      300, 317, 318, -1,
      300, 318, 301, -1,
      301, 318, 319, -1,
      301, 319, 295, -1,
      295, 319, 292, -1,
      295, 292, 294, -1,
      294, 292, 293, -1,
      281, 313, 312, -1,
      281, 312, 283, -1,
      283, 312, 311, -1,
      283, 311, 285, -1,
      285, 311, 310, -1,
      285, 310, 287, -1,
      287, 310, 309, -1,
      287, 309, 289, -1,
      289, 309, 308, -1,
      289, 308, 291, -1,
      291, 308, 262, -1,
      291, 262, 263, -1,
      281, 279, 313, -1,
      313, 279, 314, -1,
      267, 292, 269, -1,
      269, 292, 319, -1,
      269, 319, 271, -1,
      271, 319, 318, -1,
      271, 318, 273, -1,
      273, 318, 317, -1,
      273, 317, 275, -1,
      275, 317, 316, -1,
      275, 316, 277, -1,
      277, 316, 315, -1,
      277, 315, 279, -1,
      279, 315, 314, -1,
    ]
  }
}

Shape {
  appearance Appearance {
    material Material {
      diffuseColor 0.0000 0.0000 0.0000
      specularColor 0.0000 0.0000 0.0000
      ambientIntensity 0.2
      transparency 0.0000
      shininess 0.5
    }
  }
  geometry IndexedFaceSet {
    ccw TRUE
    solid FALSE
    coord DEF co Coordinate {
      point [
        -0.318485 -0.174285 0.157480,
        -0.320648 -0.190715 0.157480,
        -0.326989 -0.206026 0.157480,
        -0.337078 -0.219173 0.157480,
        -0.350225 -0.229261 0.157480,
        -0.365535 -0.235603 0.157480,
        -0.381966 -0.237766 0.157480,
        -0.443283 -0.157855 0.157480,
        -0.436942 -0.142544 0.157480,
        -0.426854 -0.129397 0.157480,
        -0.413706 -0.119309 0.157480,
        -0.398396 -0.112967 0.157480,
        -0.381966 -0.110804 0.157480,
        -0.365535 -0.112967 0.157480,
        -0.350225 -0.119309 0.157480,
        -0.337078 -0.129397 0.157480,
        -0.398396 -0.235603 0.157480,
        -0.413706 -0.229261 0.157480,
        -0.426854 -0.219173 0.157480,
        -0.436942 -0.206026 0.157480,
        -0.443283 -0.190715 0.157480,
        -0.445447 -0.174285 0.157480,
        -0.326989 -0.142544 0.157480,
        -0.320648 -0.157855 0.157480,
        -0.015007 -0.014372 -0.275591,
        -0.015007 -0.018693 -0.275591,
        0.006118 -0.018693 -0.275591,
        -0.014047 0.016356 -0.275591,
        0.000837 0.016356 -0.275591,
        0.000837 0.003393 -0.275591,
        0.013800 -0.016652 -0.275591,
        0.013800 -0.012331 -0.275591,
        0.006118 0.020677 -0.275591,
        0.000837 -0.000928 -0.275591,
        0.000837 -0.014372 -0.275591,
        -0.013087 -0.000928 -0.275591,
        -0.013087 0.003393 -0.275591,
        0.033301 -0.017356 -0.275591,
        0.046448 -0.018693 -0.275591,
        0.029485 -0.018670 -0.275591,
        0.026948 -0.018933 -0.275591,
        -0.014047 0.020677 -0.275591,
        0.041010 0.010308 -0.275591,
        0.038702 0.013989 -0.275591,
        0.061332 0.020677 -0.275591,
        0.026897 0.016401 -0.275591,
        0.029844 0.015337 -0.275591,
        0.014506 -0.012722 -0.275591,
        0.032569 0.013515 -0.275591,
        0.034946 0.010890 -0.275591,
        0.037806 0.000572 -0.275591,
        0.037408 -0.003690 -0.275591,
        0.036338 -0.007076 -0.275591,
        0.027578 -0.014440 -0.275591,
        0.023906 -0.014852 -0.275591,
        0.030446 -0.013384 -0.275591,
        0.032862 -0.011755 -0.275591,
        0.034710 -0.009806 -0.275591,
        0.018679 -0.014272 -0.275591,
        0.036569 0.007850 -0.275591,
        0.037619 0.003635 -0.275591,
        0.035148 0.017407 -0.275591,
        0.066614 0.020677 -0.275591,
        0.066614 -0.018693 -0.275591,
        0.036468 -0.015334 -0.275591,
        0.039425 -0.012221 -0.275591,
        0.046448 -0.014372 -0.275591,
        0.041522 -0.008477 -0.275591,
        0.061332 -0.014372 -0.275591,
        0.042707 -0.004310 -0.275591,
        0.043088 0.000250 -0.275591,
        0.042521 0.005847 -0.275591,
        0.031408 0.019559 -0.275591,
        0.027019 0.020835 -0.275591,
        0.023065 0.021157 -0.275591,
        0.018352 0.020832 -0.275591,
        0.013800 0.019597 -0.275591,
        0.013800 0.014316 -0.275591,
        0.018235 0.016215 -0.275591,
        0.023020 0.016836 -0.275591,
        0.024633 -0.019173 -0.275591,
        0.023557 -0.019154 -0.275591,
        0.021975 -0.018933 -0.275591,
        0.017997 -0.018375 -0.275591,
        -0.063019 -0.018693 -0.275591,
        -0.057258 -0.018693 -0.275591,
        -0.052411 -0.007902 -0.275591,
        -0.050154 -0.011424 -0.275591,
        -0.046913 -0.014526 -0.275591,
        -0.042802 -0.016915 -0.275591,
        -0.072142 0.020677 -0.275591,
        -0.077423 0.020677 -0.275591,
        -0.092787 -0.018693 -0.275591,
        -0.087026 -0.018693 -0.275591,
        -0.083042 -0.007650 -0.275591,
        -0.066778 -0.007650 -0.275591,
        -0.022689 0.020677 -0.275591,
        -0.033800 0.020677 -0.275591,
        -0.048420 0.015544 -0.275591,
        -0.051204 0.012457 -0.275591,
        -0.053034 0.009071 -0.275591,
        -0.039487 0.020069 -0.275591,
        -0.044094 0.018452 -0.275591,
        -0.048379 0.015580 -0.275591,
        -0.038266 -0.018267 -0.275591,
        -0.033394 -0.018693 -0.275591,
        -0.022689 -0.018693 -0.275591,
        -0.054091 0.005192 -0.275591,
        -0.054377 0.001487 -0.275591,
        -0.053825 -0.003781 -0.275591,
        -0.318485 -0.174285 0.157087,
        -0.320648 -0.157855 0.157087,
        -0.326989 -0.142544 0.157087,
        -0.337078 -0.129397 0.157087,
        -0.350225 -0.119309 0.157087,
        -0.365535 -0.112967 0.157087,
        -0.381966 -0.110804 0.157087,
        -0.398396 -0.112967 0.157087,
        -0.413706 -0.119309 0.157087,
        -0.426854 -0.129397 0.157087,
        -0.436942 -0.142544 0.157087,
        -0.443283 -0.157855 0.157087,
        -0.445447 -0.174285 0.157087,
        -0.443283 -0.190715 0.157087,
        -0.436942 -0.206026 0.157087,
        -0.426854 -0.219173 0.157087,
        -0.413706 -0.229261 0.157087,
        -0.398396 -0.235603 0.157087,
        -0.381966 -0.237766 0.157087,
        -0.365535 -0.235603 0.157087,
        -0.350225 -0.229261 0.157087,
        -0.337078 -0.219173 0.157087,
        -0.326989 -0.206026 0.157087,
        -0.320648 -0.190715 0.157087,
        -0.381966 -0.174285 0.157087,
        -0.077423 0.020677 -0.275197,
        -0.092787 -0.018693 -0.275197,
        -0.087026 -0.018693 -0.275197,
        -0.083042 -0.007650 -0.275197,
        -0.066778 -0.007650 -0.275197,
        -0.063019 -0.018693 -0.275197,
        -0.057258 -0.018693 -0.275197,
        -0.072142 0.020677 -0.275197,
        -0.068106 -0.003329 -0.275197,
        -0.081272 -0.003329 -0.275197,
        -0.073980 0.013115 -0.275197,
        -0.074359 0.014481 -0.275197,
        -0.074610 0.015876 -0.275197,
        -0.074737 0.015876 -0.275197,
        -0.074994 0.014485 -0.275197,
        -0.075345 0.013115 -0.275197,
        -0.068106 -0.003329 -0.275591,
        -0.081272 -0.003329 -0.275591,
        -0.073980 0.013115 -0.275591,
        -0.074359 0.014481 -0.275591,
        -0.074610 0.015876 -0.275591,
        -0.074737 0.015876 -0.275591,
        -0.074994 0.014485 -0.275591,
        -0.075345 0.013115 -0.275591,
        -0.033394 -0.018693 -0.275197,
        -0.022689 -0.018693 -0.275197,
        -0.022689 0.020677 -0.275197,
        -0.033800 0.020677 -0.275197,
        -0.054377 0.001487 -0.275197,
        -0.054091 0.005192 -0.275197,
        -0.053034 0.009071 -0.275197,
        -0.051204 0.012457 -0.275197,
        -0.048420 0.015544 -0.275197,
        -0.048379 0.015580 -0.275197,
        -0.044094 0.018452 -0.275197,
        -0.039487 0.020069 -0.275197,
        -0.038266 -0.018267 -0.275197,
        -0.042802 -0.016915 -0.275197,
        -0.046913 -0.014526 -0.275197,
        -0.050154 -0.011424 -0.275197,
        -0.052411 -0.007902 -0.275197,
        -0.053825 -0.003781 -0.275197,
        -0.046474 0.010835 -0.275197,
        -0.044562 0.012866 -0.275197,
        -0.041687 0.014724 -0.275197,
        -0.038437 0.015861 -0.275197,
        -0.033777 0.016356 -0.275197,
        -0.027970 0.016356 -0.275197,
        -0.027970 -0.014372 -0.275197,
        -0.033559 -0.014372 -0.275197,
        -0.037713 -0.013985 -0.275197,
        -0.041026 -0.012951 -0.275197,
        -0.043711 -0.011357 -0.275197,
        -0.045919 -0.009176 -0.275197,
        -0.047580 -0.006461 -0.275197,
        -0.048734 -0.002760 -0.275197,
        -0.049096 0.001375 -0.275197,
        -0.048761 0.005293 -0.275197,
        -0.047842 0.008407 -0.275197,
        -0.033777 0.016356 -0.275591,
        -0.027970 0.016356 -0.275591,
        -0.038437 0.015861 -0.275591,
        -0.041687 0.014724 -0.275591,
        -0.044562 0.012866 -0.275591,
        -0.046474 0.010835 -0.275591,
        -0.047842 0.008407 -0.275591,
        -0.048761 0.005293 -0.275591,
        -0.049096 0.001375 -0.275591,
        -0.048734 -0.002760 -0.275591,
        -0.047580 -0.006461 -0.275591,
        -0.045919 -0.009176 -0.275591,
        -0.043711 -0.011357 -0.275591,
        -0.041026 -0.012951 -0.275591,
        -0.037713 -0.013985 -0.275591,
        -0.033559 -0.014372 -0.275591,
        -0.027970 -0.014372 -0.275591,
        -0.015007 -0.014372 -0.275197,
        -0.015007 -0.018693 -0.275197,
        0.006118 -0.018693 -0.275197,
        0.006118 0.020677 -0.275197,
        -0.014047 0.020677 -0.275197,
        -0.014047 0.016356 -0.275197,
        0.000837 0.016356 -0.275197,
        0.000837 0.003393 -0.275197,
        -0.013087 0.003393 -0.275197,
        -0.013087 -0.000928 -0.275197,
        0.000837 -0.000928 -0.275197,
        0.000837 -0.014372 -0.275197,
        0.013800 -0.012331 -0.275197,
        0.013800 -0.016652 -0.275197,
        0.017997 -0.018375 -0.275197,
        0.024633 -0.019173 -0.275197,
        0.023557 -0.019154 -0.275197,
        0.029485 -0.018670 -0.275197,
        0.033301 -0.017356 -0.275197,
        0.036468 -0.015334 -0.275197,
        0.039425 -0.012221 -0.275197,
        0.041522 -0.008477 -0.275197,
        0.042707 -0.004310 -0.275197,
        0.043088 0.000250 -0.275197,
        0.023065 0.021157 -0.275197,
        0.027019 0.020835 -0.275197,
        0.031408 0.019559 -0.275197,
        0.035148 0.017407 -0.275197,
        0.038702 0.013989 -0.275197,
        0.041010 0.010308 -0.275197,
        0.042521 0.005847 -0.275197,
        0.013800 0.019597 -0.275197,
        0.018352 0.020832 -0.275197,
        0.013800 0.014316 -0.275197,
        0.023020 0.016836 -0.275197,
        0.018235 0.016215 -0.275197,
        0.037806 0.000572 -0.275197,
        0.037619 0.003635 -0.275197,
        0.036569 0.007850 -0.275197,
        0.034946 0.010890 -0.275197,
        0.032569 0.013515 -0.275197,
        0.029844 0.015337 -0.275197,
        0.026897 0.016401 -0.275197,
        0.023906 -0.014852 -0.275197,
        0.027578 -0.014440 -0.275197,
        0.030446 -0.013384 -0.275197,
        0.032862 -0.011755 -0.275197,
        0.034710 -0.009806 -0.275197,
        0.036338 -0.007076 -0.275197,
        0.037408 -0.003690 -0.275197,
        0.014506 -0.012722 -0.275197,
        0.018679 -0.014272 -0.275197,
        0.046448 -0.014372 -0.275197,
        0.046448 -0.018693 -0.275197,
        0.066614 -0.018693 -0.275197,
        0.066614 0.020677 -0.275197,
        0.061332 0.020677 -0.275197,
        0.061332 -0.014372 -0.275197,
      ]
    }
    coordIndex [
      110, 0, 111, -1,
      111, 0, 23, -1,
      111, 23, 112, -1,
      112, 23, 22, -1,
      112, 22, 113, -1,
      113, 22, 15, -1,
      113, 15, 114, -1,
      114, 15, 14, -1,
      114, 14, 115, -1,
      115, 14, 13, -1,
      115, 13, 116, -1,
      116, 13, 12, -1,
      116, 12, 117, -1,
      117, 12, 11, -1,
      117, 11, 118, -1,
      118, 11, 10, -1,
      118, 10, 119, -1,
      119, 10, 9, -1,
      119, 9, 120, -1,
      120, 9, 8, -1,
      120, 8, 121, -1,
      121, 8, 7, -1,
      121, 7, 122, -1,
      122, 7, 21, -1,
      122, 21, 123, -1,
      123, 21, 20, -1,
      123, 20, 124, -1,
      124, 20, 19, -1,
      124, 19, 125, -1,
      125, 19, 18, -1,
      125, 18, 126, -1,
      126, 18, 17, -1,
      126, 17, 127, -1,
      127, 17, 16, -1,
      127, 16, 128, -1,
      128, 16, 6, -1,
      128, 6, 129, -1,
      129, 6, 5, -1,
      129, 5, 130, -1,
      130, 5, 4, -1,
      130, 4, 131, -1,
      131, 4, 3, -1,
      131, 3, 132, -1,
      132, 3, 2, -1,
      132, 2, 133, -1,
      133, 2, 1, -1,
      133, 1, 110, -1,
      110, 1, 0, -1,
      132, 133, 134, -1,
      134, 133, 110, -1,
      134, 110, 111, -1,
      129, 130, 134, -1,
      134, 130, 131, -1,
      134, 131, 132, -1,
      126, 127, 134, -1,
      134, 127, 128, -1,
      134, 128, 129, -1,
      123, 124, 134, -1,
      134, 124, 125, -1,
      134, 125, 126, -1,
      120, 121, 134, -1,
      134, 121, 122, -1,
      134, 122, 123, -1,
      117, 118, 134, -1,
      134, 118, 119, -1,
      134, 119, 120, -1,
      114, 115, 134, -1,
      134, 115, 116, -1,
      134, 116, 117, -1,
      111, 112, 134, -1,
      134, 112, 113, -1,
      134, 113, 114, -1,
      135, 136, 91, -1,
      91, 136, 92, -1,
      136, 137, 92, -1,
      92, 137, 93, -1,
      137, 138, 93, -1,
      93, 138, 94, -1,
      138, 139, 94, -1,
      94, 139, 95, -1,
      139, 140, 95, -1,
      95, 140, 84, -1,
      140, 141, 84, -1,
      84, 141, 85, -1,
      141, 142, 85, -1,
      85, 142, 90, -1,
      142, 135, 90, -1,
      90, 135, 91, -1,
      143, 139, 144, -1,
      144, 139, 138, -1,
      145, 142, 143, -1,
      143, 142, 141, -1,
      143, 141, 139, -1,
      139, 141, 140, -1,
      145, 146, 142, -1,
      142, 146, 147, -1,
      142, 147, 135, -1,
      135, 147, 148, -1,
      135, 148, 149, -1,
      149, 150, 135, -1,
      135, 150, 144, -1,
      135, 144, 136, -1,
      136, 144, 138, -1,
      136, 138, 137, -1,
      143, 144, 151, -1,
      151, 144, 152, -1,
      145, 143, 153, -1,
      153, 143, 151, -1,
      145, 153, 154, -1,
      145, 154, 146, -1,
      146, 154, 155, -1,
      146, 155, 147, -1,
      148, 147, 156, -1,
      156, 147, 155, -1,
      148, 156, 157, -1,
      148, 157, 149, -1,
      149, 157, 158, -1,
      149, 158, 150, -1,
      144, 150, 152, -1,
      152, 150, 158, -1,
      159, 160, 105, -1,
      105, 160, 106, -1,
      160, 161, 106, -1,
      106, 161, 96, -1,
      161, 162, 96, -1,
      96, 162, 97, -1,
      163, 108, 107, -1,
      163, 107, 164, -1,
      164, 107, 100, -1,
      164, 100, 165, -1,
      165, 100, 99, -1,
      165, 99, 166, -1,
      166, 99, 98, -1,
      166, 98, 167, -1,
      167, 98, 103, -1,
      167, 103, 168, -1,
      168, 103, 102, -1,
      168, 102, 169, -1,
      169, 102, 101, -1,
      169, 101, 170, -1,
      170, 101, 97, -1,
      170, 97, 162, -1,
      159, 105, 104, -1,
      159, 104, 171, -1,
      171, 104, 89, -1,
      171, 89, 172, -1,
      172, 89, 88, -1,
      172, 88, 173, -1,
      173, 88, 87, -1,
      173, 87, 174, -1,
      174, 87, 86, -1,
      174, 86, 175, -1,
      175, 86, 109, -1,
      175, 109, 176, -1,
      176, 109, 108, -1,
      176, 108, 163, -1,
      165, 166, 177, -1,
      177, 166, 167, -1,
      177, 167, 178, -1,
      178, 167, 168, -1,
      178, 168, 179, -1,
      179, 168, 169, -1,
      179, 169, 180, -1,
      180, 169, 170, -1,
      180, 170, 181, -1,
      181, 170, 162, -1,
      181, 162, 182, -1,
      182, 162, 161, -1,
      182, 161, 183, -1,
      183, 161, 160, -1,
      183, 160, 184, -1,
      184, 160, 159, -1,
      184, 159, 185, -1,
      185, 159, 171, -1,
      185, 171, 186, -1,
      186, 171, 172, -1,
      186, 172, 187, -1,
      187, 172, 173, -1,
      187, 173, 188, -1,
      188, 173, 174, -1,
      188, 174, 189, -1,
      189, 174, 175, -1,
      189, 175, 190, -1,
      190, 175, 176, -1,
      190, 176, 191, -1,
      191, 176, 163, -1,
      191, 163, 192, -1,
      192, 163, 164, -1,
      192, 164, 193, -1,
      193, 164, 165, -1,
      193, 165, 177, -1,
      181, 182, 194, -1,
      194, 182, 195, -1,
      181, 194, 196, -1,
      181, 196, 180, -1,
      180, 196, 197, -1,
      180, 197, 179, -1,
      179, 197, 198, -1,
      179, 198, 178, -1,
      178, 198, 199, -1,
      178, 199, 177, -1,
      177, 199, 200, -1,
      177, 200, 193, -1,
      193, 200, 201, -1,
      193, 201, 192, -1,
      192, 201, 202, -1,
      192, 202, 191, -1,
      191, 202, 203, -1,
      191, 203, 190, -1,
      190, 203, 204, -1,
      190, 204, 189, -1,
      189, 204, 205, -1,
      189, 205, 188, -1,
      188, 205, 206, -1,
      188, 206, 187, -1,
      187, 206, 207, -1,
      187, 207, 186, -1,
      186, 207, 208, -1,
      186, 208, 185, -1,
      185, 208, 209, -1,
      185, 209, 184, -1,
      183, 184, 210, -1,
      210, 184, 209, -1,
      182, 183, 195, -1,
      195, 183, 210, -1,
      211, 212, 24, -1,
      24, 212, 25, -1,
      212, 213, 25, -1,
      25, 213, 26, -1,
      213, 214, 26, -1,
      26, 214, 32, -1,
      214, 215, 32, -1,
      32, 215, 41, -1,
      215, 216, 41, -1,
      41, 216, 27, -1,
      216, 217, 27, -1,
      27, 217, 28, -1,
      217, 218, 28, -1,
      28, 218, 29, -1,
      218, 219, 29, -1,
      29, 219, 36, -1,
      219, 220, 36, -1,
      36, 220, 35, -1,
      220, 221, 35, -1,
      35, 221, 33, -1,
      221, 222, 33, -1,
      33, 222, 34, -1,
      222, 211, 34, -1,
      34, 211, 24, -1,
      213, 212, 211, -1,
      211, 222, 213, -1,
      213, 222, 221, -1,
      213, 221, 214, -1,
      216, 215, 217, -1,
      217, 215, 214, -1,
      217, 214, 218, -1,
      218, 214, 221, -1,
      218, 221, 219, -1,
      219, 221, 220, -1,
      223, 224, 31, -1,
      31, 224, 30, -1,
      30, 224, 225, -1,
      226, 80, 81, -1,
      226, 81, 227, -1,
      227, 81, 82, -1,
      227, 82, 225, -1,
      225, 82, 83, -1,
      225, 83, 30, -1,
      80, 226, 40, -1,
      40, 226, 228, -1,
      40, 228, 39, -1,
      39, 228, 229, -1,
      39, 229, 37, -1,
      37, 229, 230, -1,
      37, 230, 64, -1,
      64, 230, 231, -1,
      64, 231, 65, -1,
      65, 231, 232, -1,
      65, 232, 67, -1,
      67, 232, 233, -1,
      67, 233, 69, -1,
      69, 233, 234, -1,
      69, 234, 70, -1,
      235, 74, 73, -1,
      235, 73, 236, -1,
      236, 73, 72, -1,
      236, 72, 237, -1,
      237, 72, 61, -1,
      237, 61, 238, -1,
      238, 61, 43, -1,
      238, 43, 239, -1,
      239, 43, 42, -1,
      239, 42, 240, -1,
      240, 42, 71, -1,
      240, 71, 241, -1,
      241, 71, 70, -1,
      241, 70, 234, -1,
      242, 76, 75, -1,
      242, 75, 243, -1,
      243, 75, 74, -1,
      243, 74, 235, -1,
      242, 244, 76, -1,
      76, 244, 77, -1,
      245, 79, 78, -1,
      245, 78, 246, -1,
      246, 78, 77, -1,
      246, 77, 244, -1,
      247, 50, 60, -1,
      247, 60, 248, -1,
      248, 60, 59, -1,
      248, 59, 249, -1,
      249, 59, 49, -1,
      249, 49, 250, -1,
      250, 49, 48, -1,
      250, 48, 251, -1,
      251, 48, 46, -1,
      251, 46, 252, -1,
      252, 46, 45, -1,
      252, 45, 253, -1,
      253, 45, 79, -1,
      253, 79, 245, -1,
      254, 54, 53, -1,
      254, 53, 255, -1,
      255, 53, 55, -1,
      255, 55, 256, -1,
      256, 55, 56, -1,
      256, 56, 257, -1,
      257, 56, 57, -1,
      257, 57, 258, -1,
      258, 57, 52, -1,
      258, 52, 259, -1,
      259, 52, 51, -1,
      259, 51, 260, -1,
      260, 51, 50, -1,
      260, 50, 247, -1,
      223, 31, 47, -1,
      223, 47, 261, -1,
      261, 47, 58, -1,
      261, 58, 262, -1,
      262, 58, 54, -1,
      262, 54, 254, -1,
      255, 226, 254, -1,
      254, 226, 227, -1,
      254, 227, 262, -1,
      262, 227, 225, -1,
      262, 225, 261, -1,
      261, 225, 224, -1,
      261, 224, 223, -1,
      244, 242, 246, -1,
      246, 242, 243, -1,
      246, 243, 245, -1,
      245, 243, 235, -1,
      245, 235, 253, -1,
      253, 235, 236, -1,
      253, 236, 252, -1,
      252, 236, 237, -1,
      252, 237, 251, -1,
      251, 237, 238, -1,
      251, 238, 250, -1,
      250, 238, 239, -1,
      250, 239, 249, -1,
      249, 239, 240, -1,
      249, 240, 248, -1,
      248, 240, 241, -1,
      248, 241, 247, -1,
      247, 241, 234, -1,
      247, 234, 260, -1,
      260, 234, 233, -1,
      260, 233, 259, -1,
      259, 233, 232, -1,
      259, 232, 258, -1,
      258, 232, 231, -1,
      258, 231, 257, -1,
      257, 231, 230, -1,
      257, 230, 256, -1,
      256, 230, 229, -1,
      256, 229, 255, -1,
      255, 229, 228, -1,
      255, 228, 226, -1,
      263, 264, 66, -1,
      66, 264, 38, -1,
      264, 265, 38, -1,
      38, 265, 63, -1,
      265, 266, 63, -1,
      63, 266, 62, -1,
      266, 267, 62, -1,
      62, 267, 44, -1,
      267, 268, 44, -1,
      44, 268, 68, -1,
      268, 263, 68, -1,
      68, 263, 66, -1,
      267, 266, 268, -1,
      268, 266, 265, -1,
      268, 265, 263, -1,
      263, 265, 264, -1,
    ]
  }
}

Shape {
  appearance Appearance {
    material Material {
      diffuseColor 0.2510 0.2510 0.2510
      specularColor 0.1255 0.1255 0.1255
      ambientIntensity 0.2
      transparency 0.0000
      shininess 0.5
    }
  }
  geometry IndexedFaceSet {
    ccw TRUE
    solid FALSE
    coord DEF co Coordinate {
      point [
        -0.068106 -0.003329 -0.275591,
        -0.081272 -0.003329 -0.275591,
        -0.073980 0.013115 -0.275591,
        -0.074359 0.014481 -0.275591,
        -0.074610 0.015876 -0.275591,
        -0.074737 0.015876 -0.275591,
        -0.074994 0.014485 -0.275591,
        -0.075345 0.013115 -0.275591,
        -0.033777 0.016356 -0.275591,
        -0.027970 0.016356 -0.275591,
        -0.038437 0.015861 -0.275591,
        -0.041687 0.014724 -0.275591,
        -0.044562 0.012866 -0.275591,
        -0.046474 0.010835 -0.275591,
        -0.047842 0.008407 -0.275591,
        -0.048761 0.005293 -0.275591,
        -0.049096 0.001375 -0.275591,
        -0.048734 -0.002760 -0.275591,
        -0.047580 -0.006461 -0.275591,
        -0.045919 -0.009176 -0.275591,
        -0.043711 -0.011357 -0.275591,
        -0.041026 -0.012951 -0.275591,
        -0.037713 -0.013985 -0.275591,
        -0.033559 -0.014372 -0.275591,
        -0.027970 -0.014372 -0.275591,
      ]
    }
    coordIndex [
      0, 1, 2, -1,
      2, 1, 7, -1,
      2, 7, 3, -1,
      3, 7, 6, -1,
      3, 6, 4, -1,
      4, 6, 5, -1,
      9, 24, 8, -1,
      8, 24, 23, -1,
      8, 23, 22, -1,
      16, 15, 8, -1,
      8, 15, 14, -1,
      8, 14, 10, -1,
      22, 21, 8, -1,
      8, 21, 20, -1,
      8, 20, 19, -1,
      19, 18, 8, -1,
      8, 18, 17, -1,
      8, 17, 16, -1,
      13, 12, 14, -1,
      14, 12, 11, -1,
      14, 11, 10, -1,
    ]
  }
}

Shape {
  appearance Appearance {
    material Material {
      diffuseColor 0.0000 0.0000 0.0000
      specularColor 0.0000 0.0000 0.0000
      ambientIntensity 0.2
      transparency 0.0000
      shininess 0.5
    }
  }
  geometry IndexedFaceSet {
    ccw TRUE
    solid FALSE
    coord DEF co Coordinate {
      point [
        0.113791 -0.036665 0.157480,
        0.113100 -0.036831 0.157480,
        0.107753 -0.037146 0.157480,
        0.102484 -0.036665 0.157480,
        0.133311 -0.024284 0.157480,
        0.130382 -0.028480 0.157480,
        0.098650 0.041137 0.157480,
        0.092569 0.037514 0.157480,
        0.092569 0.028871 0.157480,
        0.098437 -0.036296 0.157480,
        0.091663 -0.034117 0.157480,
        0.097370 0.008946 0.157480,
        0.089688 -0.022502 0.157480,
        0.097370 0.000304 0.157480,
        0.096151 -0.026237 0.157480,
        0.103896 0.000304 0.157480,
        0.125979 -0.032274 0.157480,
        0.120656 -0.035015 0.157480,
        0.102857 -0.028130 0.157480,
        0.107753 -0.028503 0.157480,
        0.111344 -0.000237 0.157480,
        0.117081 -0.001815 0.157480,
        0.089688 -0.033065 0.157480,
        0.096939 0.031902 0.157480,
        0.103567 0.008946 0.157480,
        0.102484 0.034167 0.157480,
        0.110020 0.009439 0.157480,
        0.122328 0.022074 0.157480,
        0.122336 0.022420 0.157480,
        0.133245 -0.004148 0.157480,
        0.134960 -0.007930 0.157480,
        0.112927 -0.028044 0.157480,
        0.125217 -0.014220 0.157480,
        0.124855 -0.010665 0.157480,
        0.123938 -0.007974 0.157480,
        0.135724 -0.012023 0.157480,
        0.135780 -0.013604 0.157480,
        0.135059 -0.019690 0.157480,
        0.130781 -0.001028 0.157480,
        0.132899 0.024865 0.157480,
        0.132400 0.019868 0.157480,
        0.116934 -0.026815 0.157480,
        0.119804 -0.025168 0.157480,
        0.124909 -0.017350 0.157480,
        0.122107 -0.023074 0.157480,
        0.123914 -0.020367 0.157480,
        0.114448 0.010613 0.157480,
        0.117599 0.012293 0.157480,
        0.119553 0.014044 0.157480,
        0.120938 0.016056 0.157480,
        0.121863 0.018503 0.157480,
        0.117250 0.032834 0.157480,
        0.114473 0.034035 0.157480,
        0.122055 0.025660 0.157480,
        0.109911 0.034818 0.157480,
        0.108007 0.034873 0.157480,
        0.127043 0.001899 0.157480,
        0.131048 0.015797 0.157480,
        0.128929 0.012414 0.157480,
        0.122415 -0.005602 0.157480,
        0.120321 -0.003632 0.157480,
        0.118668 0.031838 0.157480,
        0.121306 0.028198 0.157480,
        0.120208 0.030175 0.157480,
        0.116815 0.005270 0.157480,
        0.116815 0.005075 0.157480,
        0.118556 0.005787 0.157480,
        0.122627 0.003881 0.157480,
        0.124275 0.008393 0.157480,
        0.127636 0.010991 0.157480,
        0.122036 0.041323 0.157480,
        0.125988 0.038972 0.157480,
        0.129152 0.035923 0.157480,
        0.131197 0.032735 0.157480,
        0.132480 0.029020 0.157480,
        0.105119 0.043058 0.157480,
        0.110619 0.043515 0.157480,
        0.116967 0.042915 0.157480,
        0.174286 -0.036665 0.157480,
        0.173595 -0.036831 0.157480,
        0.153064 0.037514 0.157480,
        0.153064 0.028871 0.157480,
        0.193807 -0.024284 0.157480,
        0.190878 -0.028480 0.157480,
        0.168248 -0.037146 0.157480,
        0.162980 -0.036665 0.157480,
        0.158932 -0.036296 0.157480,
        0.152159 -0.034117 0.157480,
        0.157865 0.008946 0.157480,
        0.150183 -0.022502 0.157480,
        0.157865 0.000304 0.157480,
        0.156647 -0.026237 0.157480,
        0.164392 0.000304 0.157480,
        0.195554 -0.019690 0.157480,
        0.186474 -0.032274 0.157480,
        0.181152 -0.035015 0.157480,
        0.163353 -0.028130 0.157480,
        0.168248 -0.028503 0.157480,
        0.171839 -0.000237 0.157480,
        0.177577 -0.001815 0.157480,
        0.150183 -0.033065 0.157480,
        0.157435 0.031902 0.157480,
        0.164062 0.008946 0.157480,
        0.162980 0.034167 0.157480,
        0.170516 0.009439 0.157480,
        0.182823 0.022074 0.157480,
        0.182832 0.022420 0.157480,
        0.173422 -0.028044 0.157480,
        0.185713 -0.014220 0.157480,
        0.185350 -0.010665 0.157480,
        0.184433 -0.007974 0.157480,
        0.191276 -0.001028 0.157480,
        0.193394 0.024865 0.157480,
        0.192896 0.019868 0.157480,
        0.177430 -0.026815 0.157480,
        0.180300 -0.025168 0.157480,
        0.185404 -0.017350 0.157480,
        0.182602 -0.023074 0.157480,
        0.184409 -0.020367 0.157480,
        0.174944 0.010613 0.157480,
        0.178094 0.012293 0.157480,
        0.180049 0.014044 0.157480,
        0.181433 0.016056 0.157480,
        0.182359 0.018503 0.157480,
        0.177746 0.032834 0.157480,
        0.174969 0.034035 0.157480,
        0.182550 0.025660 0.157480,
        0.170406 0.034818 0.157480,
        0.168503 0.034873 0.157480,
        0.187538 0.001899 0.157480,
        0.191544 0.015797 0.157480,
        0.189424 0.012414 0.157480,
        0.193741 -0.004148 0.157480,
        0.195456 -0.007930 0.157480,
        0.196220 -0.012023 0.157480,
        0.196275 -0.013604 0.157480,
        0.182911 -0.005602 0.157480,
        0.180817 -0.003632 0.157480,
        0.179163 0.031838 0.157480,
        0.181801 0.028198 0.157480,
        0.180704 0.030175 0.157480,
        0.177463 0.042915 0.157480,
        0.182532 0.041323 0.157480,
        0.177310 0.005270 0.157480,
        0.177310 0.005075 0.157480,
        0.179051 0.005787 0.157480,
        0.183122 0.003881 0.157480,
        0.184771 0.008393 0.157480,
        0.188131 0.010991 0.157480,
        0.186483 0.038972 0.157480,
        0.189647 0.035923 0.157480,
        0.191693 0.032735 0.157480,
        0.192975 0.029020 0.157480,
        0.159145 0.041137 0.157480,
        0.165615 0.043058 0.157480,
        0.171114 0.043515 0.157480,
        0.012281 0.014656 0.157480,
        0.008163 0.003746 0.157480,
        0.014160 0.018964 0.157480,
        0.011895 -0.000050 0.157480,
        -0.024145 0.003871 0.157480,
        -0.019000 0.006456 0.157480,
        -0.024015 0.010029 0.157480,
        0.009542 0.011043 0.157480,
        0.005537 0.007676 0.157480,
        0.003551 0.006456 0.157480,
        -0.003238 -0.036665 0.157480,
        0.002465 -0.035105 0.157480,
        0.007205 -0.032629 0.157480,
        -0.021721 -0.034299 0.157480,
        -0.026605 -0.031108 0.157480,
        -0.030044 -0.027357 0.157480,
        -0.032605 -0.022687 0.157480,
        -0.033980 -0.017281 0.157480,
        -0.034184 -0.014100 0.157480,
        -0.033472 -0.008753 0.157480,
        -0.031684 -0.004362 0.157480,
        -0.027925 0.032841 0.157480,
        -0.025145 0.036603 0.157480,
        -0.021471 0.039644 0.157480,
        -0.001418 0.042794 0.157480,
        0.003907 0.040839 0.157480,
        0.007857 0.038287 0.157480,
        0.010930 0.035106 0.157480,
        0.016016 -0.020015 0.157480,
        0.014272 -0.024676 0.157480,
        0.011299 -0.029055 0.157480,
        -0.017018 0.041895 0.157480,
        -0.011281 0.043305 0.157480,
        -0.007807 0.043515 0.157480,
        -0.027243 0.013744 0.157480,
        -0.029227 0.017493 0.157480,
        -0.028495 0.000109 0.157480,
        -0.030172 0.021162 0.157480,
        -0.030343 0.023545 0.157480,
        -0.029648 0.028717 0.157480,
        0.013265 0.031126 0.157480,
        0.014478 0.027133 0.157480,
        0.014789 0.023545 0.157480,
        0.014983 -0.005361 0.157480,
        0.016408 -0.010314 0.157480,
        0.016709 -0.014100 0.157480,
        -0.003563 -0.036754 0.157480,
        -0.008767 -0.037146 0.157480,
        -0.013189 -0.036665 0.157480,
        -0.015816 -0.036380 0.157480,
        0.275015 -0.036185 0.157480,
        0.263493 -0.036185 0.157480,
        0.255526 -0.014100 0.157480,
        0.222997 -0.014100 0.157480,
        0.215480 -0.036185 0.157480,
        0.203957 -0.036185 0.157480,
        0.233725 0.042555 0.157480,
        0.244287 0.042555 0.157480,
        0.074324 0.022420 0.157480,
        0.073549 0.015183 0.157480,
        0.076244 -0.027543 0.157480,
        0.027272 -0.032284 0.157480,
        0.027949 -0.024857 0.157480,
        0.057216 0.042885 0.157480,
        0.062518 0.041193 0.157480,
        0.067287 0.038234 0.157480,
        0.035529 0.039442 0.157480,
        0.030153 0.034933 0.157480,
        0.030153 0.025300 0.157480,
        0.029901 -0.019043 0.157480,
        0.033093 -0.014073 0.157480,
        0.039542 -0.007650 0.157480,
        0.071346 0.009166 0.157480,
        0.068181 0.004416 0.157480,
        0.060667 -0.002717 0.157480,
        0.047797 -0.001407 0.157480,
        0.048652 -0.000806 0.157480,
        0.032822 0.027862 0.157480,
        0.040857 0.042045 0.157480,
        0.047070 0.043358 0.157480,
        0.050528 0.043515 0.157480,
        0.070468 0.034963 0.157480,
        0.072608 0.031309 0.157480,
        0.073902 0.027115 0.157480,
        0.076244 -0.036185 0.157480,
        0.027272 -0.036185 0.157480,
        0.056724 -0.005607 0.157480,
        0.044434 -0.014604 0.157480,
        0.040640 -0.018351 0.157480,
        0.062680 0.012798 0.157480,
        0.064226 0.017099 0.157480,
        0.038270 0.031700 0.157480,
        0.038905 -0.021023 0.157480,
        0.037953 -0.023837 0.157480,
        0.037594 -0.027543 0.157480,
        0.059686 0.008472 0.157480,
        0.064722 0.021655 0.157480,
        0.064369 0.025067 0.157480,
        0.063469 0.027679 0.157480,
        0.057819 0.033202 0.157480,
        0.054115 0.034441 0.157480,
        0.049568 0.034873 0.157480,
        0.043662 0.034001 0.157480,
        0.062076 0.029883 0.157480,
        0.060253 0.031667 0.157480,
        0.244287 0.042555 0.157087,
        0.275015 -0.036185 0.157087,
        0.263493 -0.036185 0.157087,
        0.255526 -0.014100 0.157087,
        0.222997 -0.014100 0.157087,
        0.215480 -0.036185 0.157087,
        0.203957 -0.036185 0.157087,
        0.233725 0.042555 0.157087,
        0.225653 -0.005457 0.157087,
        0.251985 -0.005457 0.157087,
        0.237401 0.027431 0.157087,
        0.238159 0.030162 0.157087,
        0.238661 0.032952 0.157087,
        0.238916 0.032952 0.157087,
        0.239430 0.030170 0.157087,
        0.240131 0.027431 0.157087,
        0.225653 -0.005457 0.157480,
        0.251985 -0.005457 0.157480,
        0.237401 0.027431 0.157480,
        0.238159 0.030162 0.157480,
        0.238661 0.032952 0.157480,
        0.238916 0.032952 0.157480,
        0.239430 0.030170 0.157480,
        0.240131 0.027431 0.157480,
        0.150183 -0.033065 0.157087,
        0.150183 -0.022502 0.157087,
        0.168248 -0.028503 0.157087,
        0.163353 -0.028130 0.157087,
        0.156647 -0.026237 0.157087,
        0.185713 -0.014220 0.157087,
        0.185404 -0.017350 0.157087,
        0.184409 -0.020367 0.157087,
        0.182602 -0.023074 0.157087,
        0.180300 -0.025168 0.157087,
        0.177430 -0.026815 0.157087,
        0.173422 -0.028044 0.157087,
        0.164392 0.000304 0.157087,
        0.171839 -0.000237 0.157087,
        0.177577 -0.001815 0.157087,
        0.180817 -0.003632 0.157087,
        0.182911 -0.005602 0.157087,
        0.184433 -0.007974 0.157087,
        0.185350 -0.010665 0.157087,
        0.157865 0.000304 0.157087,
        0.157865 0.008946 0.157087,
        0.164062 0.008946 0.157087,
        0.182832 0.022420 0.157087,
        0.182823 0.022074 0.157087,
        0.182359 0.018503 0.157087,
        0.181433 0.016056 0.157087,
        0.180049 0.014044 0.157087,
        0.178094 0.012293 0.157087,
        0.174944 0.010613 0.157087,
        0.170516 0.009439 0.157087,
        0.168503 0.034873 0.157087,
        0.170406 0.034818 0.157087,
        0.174969 0.034035 0.157087,
        0.177746 0.032834 0.157087,
        0.179163 0.031838 0.157087,
        0.180704 0.030175 0.157087,
        0.181801 0.028198 0.157087,
        0.182550 0.025660 0.157087,
        0.153064 0.028871 0.157087,
        0.157435 0.031902 0.157087,
        0.162980 0.034167 0.157087,
        0.153064 0.037514 0.157087,
        0.171114 0.043515 0.157087,
        0.165615 0.043058 0.157087,
        0.159145 0.041137 0.157087,
        0.193394 0.024865 0.157087,
        0.192975 0.029020 0.157087,
        0.191693 0.032735 0.157087,
        0.189647 0.035923 0.157087,
        0.186483 0.038972 0.157087,
        0.182532 0.041323 0.157087,
        0.177463 0.042915 0.157087,
        0.177310 0.005270 0.157087,
        0.179051 0.005787 0.157087,
        0.184771 0.008393 0.157087,
        0.188131 0.010991 0.157087,
        0.189424 0.012414 0.157087,
        0.191544 0.015797 0.157087,
        0.192896 0.019868 0.157087,
        0.177310 0.005075 0.157087,
        0.196275 -0.013604 0.157087,
        0.196220 -0.012023 0.157087,
        0.195456 -0.007930 0.157087,
        0.193741 -0.004148 0.157087,
        0.191276 -0.001028 0.157087,
        0.187538 0.001899 0.157087,
        0.183122 0.003881 0.157087,
        0.168248 -0.037146 0.157087,
        0.173595 -0.036831 0.157087,
        0.181152 -0.035015 0.157087,
        0.186474 -0.032274 0.157087,
        0.190878 -0.028480 0.157087,
        0.193807 -0.024284 0.157087,
        0.195554 -0.019690 0.157087,
        0.158932 -0.036296 0.157087,
        0.152159 -0.034117 0.157087,
        0.089688 -0.033065 0.157087,
        0.089688 -0.022502 0.157087,
        0.107753 -0.028503 0.157087,
        0.102857 -0.028130 0.157087,
        0.096151 -0.026237 0.157087,
        0.125217 -0.014220 0.157087,
        0.124909 -0.017350 0.157087,
        0.123914 -0.020367 0.157087,
        0.122107 -0.023074 0.157087,
        0.119804 -0.025168 0.157087,
        0.116934 -0.026815 0.157087,
        0.112927 -0.028044 0.157087,
        0.103896 0.000304 0.157087,
        0.111344 -0.000237 0.157087,
        0.117081 -0.001815 0.157087,
        0.120321 -0.003632 0.157087,
        0.122415 -0.005602 0.157087,
        0.123938 -0.007974 0.157087,
        0.124855 -0.010665 0.157087,
        0.097370 0.000304 0.157087,
        0.097370 0.008946 0.157087,
        0.103567 0.008946 0.157087,
        0.122336 0.022420 0.157087,
        0.122328 0.022074 0.157087,
        0.121863 0.018503 0.157087,
        0.120938 0.016056 0.157087,
        0.119553 0.014044 0.157087,
        0.117599 0.012293 0.157087,
        0.114448 0.010613 0.157087,
        0.110020 0.009439 0.157087,
        0.108007 0.034873 0.157087,
        0.109911 0.034818 0.157087,
        0.114473 0.034035 0.157087,
        0.117250 0.032834 0.157087,
        0.118668 0.031838 0.157087,
        0.120208 0.030175 0.157087,
        0.121306 0.028198 0.157087,
        0.122055 0.025660 0.157087,
        0.092569 0.028871 0.157087,
        0.096939 0.031902 0.157087,
        0.102484 0.034167 0.157087,
        0.092569 0.037514 0.157087,
        0.110619 0.043515 0.157087,
        0.105119 0.043058 0.157087,
        0.098650 0.041137 0.157087,
        0.132899 0.024865 0.157087,
        0.132480 0.029020 0.157087,
        0.131197 0.032735 0.157087,
        0.129152 0.035923 0.157087,
        0.125988 0.038972 0.157087,
        0.122036 0.041323 0.157087,
        0.116967 0.042915 0.157087,
        0.116815 0.005270 0.157087,
        0.118556 0.005787 0.157087,
        0.124275 0.008393 0.157087,
        0.127636 0.010991 0.157087,
        0.128929 0.012414 0.157087,
        0.131048 0.015797 0.157087,
        0.132400 0.019868 0.157087,
        0.116815 0.005075 0.157087,
        0.135780 -0.013604 0.157087,
        0.135724 -0.012023 0.157087,
        0.134960 -0.007930 0.157087,
        0.133245 -0.004148 0.157087,
        0.130781 -0.001028 0.157087,
        0.127043 0.001899 0.157087,
        0.122627 0.003881 0.157087,
        0.107753 -0.037146 0.157087,
        0.113100 -0.036831 0.157087,
        0.120656 -0.035015 0.157087,
        0.125979 -0.032274 0.157087,
        0.130382 -0.028480 0.157087,
        0.133311 -0.024284 0.157087,
        0.135059 -0.019690 0.157087,
        0.098437 -0.036296 0.157087,
        0.091663 -0.034117 0.157087,
        0.064722 0.021655 0.157087,
        0.064226 0.017099 0.157087,
        0.062680 0.012798 0.157087,
        0.059686 0.008472 0.157087,
        0.048652 -0.000806 0.157087,
        0.049568 0.034873 0.157087,
        0.054115 0.034441 0.157087,
        0.057819 0.033202 0.157087,
        0.060253 0.031667 0.157087,
        0.062076 0.029883 0.157087,
        0.063469 0.027679 0.157087,
        0.064369 0.025067 0.157087,
        0.030153 0.025300 0.157087,
        0.032822 0.027862 0.157087,
        0.038270 0.031700 0.157087,
        0.043662 0.034001 0.157087,
        0.030153 0.034933 0.157087,
        0.050528 0.043515 0.157087,
        0.047070 0.043358 0.157087,
        0.040857 0.042045 0.157087,
        0.035529 0.039442 0.157087,
        0.074324 0.022420 0.157087,
        0.073902 0.027115 0.157087,
        0.072608 0.031309 0.157087,
        0.070468 0.034963 0.157087,
        0.067287 0.038234 0.157087,
        0.062518 0.041193 0.157087,
        0.057216 0.042885 0.157087,
        0.056724 -0.005607 0.157087,
        0.060667 -0.002717 0.157087,
        0.068181 0.004416 0.157087,
        0.071346 0.009166 0.157087,
        0.073549 0.015183 0.157087,
        0.037594 -0.027543 0.157087,
        0.037953 -0.023837 0.157087,
        0.038905 -0.021023 0.157087,
        0.040640 -0.018351 0.157087,
        0.044434 -0.014604 0.157087,
        0.076244 -0.027543 0.157087,
        0.076244 -0.036185 0.157087,
        0.027272 -0.036185 0.157087,
        0.027272 -0.032284 0.157087,
        0.047797 -0.001407 0.157087,
        0.039542 -0.007650 0.157087,
        0.033093 -0.014073 0.157087,
        0.029901 -0.019043 0.157087,
        0.027949 -0.024857 0.157087,
        -0.008767 -0.037146 0.157087,
        -0.015816 -0.036380 0.157087,
        -0.021721 -0.034299 0.157087,
        -0.026605 -0.031108 0.157087,
        -0.030044 -0.027357 0.157087,
        -0.032605 -0.022687 0.157087,
        -0.033980 -0.017281 0.157087,
        -0.034184 -0.014100 0.157087,
        -0.019000 0.006456 0.157087,
        -0.024145 0.003871 0.157087,
        -0.028495 0.000109 0.157087,
        -0.031684 -0.004362 0.157087,
        -0.033472 -0.008753 0.157087,
        -0.030343 0.023545 0.157087,
        -0.030172 0.021162 0.157087,
        -0.029227 0.017493 0.157087,
        -0.027243 0.013744 0.157087,
        -0.024015 0.010029 0.157087,
        -0.007807 0.043515 0.157087,
        -0.011281 0.043305 0.157087,
        -0.017018 0.041895 0.157087,
        -0.021471 0.039644 0.157087,
        -0.025145 0.036603 0.157087,
        -0.027925 0.032841 0.157087,
        -0.029648 0.028717 0.157087,
        0.014789 0.023545 0.157087,
        0.014478 0.027133 0.157087,
        0.013265 0.031126 0.157087,
        0.010930 0.035106 0.157087,
        0.007857 0.038287 0.157087,
        0.003907 0.040839 0.157087,
        -0.001418 0.042794 0.157087,
        0.003551 0.006456 0.157087,
        0.005537 0.007676 0.157087,
        0.009542 0.011043 0.157087,
        0.012281 0.014656 0.157087,
        0.014160 0.018964 0.157087,
        0.016709 -0.014100 0.157087,
        0.016408 -0.010314 0.157087,
        0.014983 -0.005361 0.157087,
        0.011895 -0.000050 0.157087,
        0.008163 0.003746 0.157087,
        -0.003563 -0.036754 0.157087,
        0.002465 -0.035105 0.157087,
        0.007205 -0.032629 0.157087,
        0.011299 -0.029055 0.157087,
        0.014272 -0.024676 0.157087,
        0.016016 -0.020015 0.157087,
        -0.004688 0.010330 0.157087,
        -0.007852 0.009907 0.157087,
        -0.006029 0.001083 0.157087,
        -0.002295 0.011307 0.157087,
        0.003542 0.018260 0.157087,
        0.004162 0.021126 0.157087,
        0.004226 0.022435 0.157087,
        -0.016481 -0.000401 0.157087,
        -0.013031 0.000817 0.157087,
        -0.011034 0.010326 0.157087,
        0.002312 0.015711 0.157087,
        -0.000018 0.012970 0.157087,
        -0.008782 0.001264 0.157087,
        -0.002317 0.000135 0.157087,
        0.001027 -0.001704 0.157087,
        0.003832 0.025789 0.157087,
        0.002811 0.028468 0.157087,
        0.001134 0.030884 0.157087,
        -0.000222 0.032204 0.157087,
        -0.002426 0.033673 0.157087,
        0.003569 -0.004037 0.157087,
        0.005475 -0.006750 0.157087,
        0.006618 -0.009665 0.157087,
        0.007107 -0.013589 0.157087,
        -0.013591 0.011402 0.157087,
        -0.015687 0.012963 0.157087,
        -0.016614 0.013929 0.157087,
        -0.018332 0.016382 0.157087,
        -0.019370 0.019028 0.157087,
        -0.019780 0.022435 0.157087,
        -0.019522 0.025260 0.157087,
        -0.005131 0.034602 0.157087,
        -0.007852 0.034873 0.157087,
        -0.010991 0.034505 0.157087,
        -0.013355 0.033622 0.157087,
        -0.015543 0.032137 0.157087,
        -0.017312 0.030250 0.157087,
        -0.018682 0.027943 0.157087,
        -0.019372 -0.002283 0.157087,
        -0.021463 -0.004379 0.157087,
        -0.023183 -0.007075 0.157087,
        -0.024241 -0.010217 0.157087,
        -0.024581 -0.013589 0.157087,
        -0.024176 -0.017494 0.157087,
        -0.023141 -0.020515 0.157087,
        -0.021557 -0.023042 0.157087,
        -0.018915 -0.025572 0.157087,
        -0.015821 -0.027261 0.157087,
        -0.012447 -0.028206 0.157087,
        -0.008782 -0.028503 0.157087,
        -0.004493 -0.028063 0.157087,
        -0.000972 -0.026857 0.157087,
        0.001924 -0.025013 0.157087,
        0.004041 -0.022887 0.157087,
        0.005636 -0.020388 0.157087,
        0.006679 -0.017475 0.157087,
        -0.024581 -0.013589 0.157480,
        -0.024241 -0.010217 0.157480,
        -0.023183 -0.007075 0.157480,
        -0.021463 -0.004379 0.157480,
        -0.019372 -0.002283 0.157480,
        -0.016481 -0.000401 0.157480,
        -0.013031 0.000817 0.157480,
        -0.008782 0.001264 0.157480,
        -0.006029 0.001083 0.157480,
        -0.002317 0.000135 0.157480,
        0.001027 -0.001704 0.157480,
        0.003569 -0.004037 0.157480,
        0.005475 -0.006750 0.157480,
        0.006618 -0.009665 0.157480,
        0.007107 -0.013589 0.157480,
        0.006679 -0.017475 0.157480,
        0.005636 -0.020388 0.157480,
        0.004041 -0.022887 0.157480,
        0.001924 -0.025013 0.157480,
        -0.000972 -0.026857 0.157480,
        -0.004493 -0.028063 0.157480,
        -0.008782 -0.028503 0.157480,
        -0.012447 -0.028206 0.157480,
        -0.015821 -0.027261 0.157480,
        -0.018915 -0.025572 0.157480,
        -0.021557 -0.023042 0.157480,
        -0.023141 -0.020515 0.157480,
        -0.024176 -0.017494 0.157480,
        -0.019780 0.022435 0.157480,
        -0.019522 0.025260 0.157480,
        -0.018682 0.027943 0.157480,
        -0.017312 0.030250 0.157480,
        -0.015543 0.032137 0.157480,
        -0.013355 0.033622 0.157480,
        -0.010991 0.034505 0.157480,
        -0.007852 0.034873 0.157480,
        -0.005131 0.034602 0.157480,
        -0.002426 0.033673 0.157480,
        -0.000222 0.032204 0.157480,
        0.001134 0.030884 0.157480,
        0.002811 0.028468 0.157480,
        0.003832 0.025789 0.157480,
        0.004226 0.022435 0.157480,
        0.004162 0.021126 0.157480,
        0.003542 0.018260 0.157480,
        0.002312 0.015711 0.157480,
        -0.000018 0.012970 0.157480,
        -0.002295 0.011307 0.157480,
        -0.004688 0.010330 0.157480,
        -0.007852 0.009907 0.157480,
        -0.011034 0.010326 0.157480,
        -0.013591 0.011402 0.157480,
        -0.015687 0.012963 0.157480,
        -0.016614 0.013929 0.157480,
        -0.018332 0.016382 0.157480,
        -0.019370 0.019028 0.157480,
      ]
    }
    coordIndex [
      261, 262, 213, -1,
      213, 262, 206, -1,
      262, 263, 206, -1,
      206, 263, 207, -1,
      263, 264, 207, -1,
      207, 264, 208, -1,
      264, 265, 208, -1,
      208, 265, 209, -1,
      265, 266, 209, -1,
      209, 266, 210, -1,
      266, 267, 210, -1,
      210, 267, 211, -1,
      267, 268, 211, -1,
      211, 268, 212, -1,
      268, 261, 212, -1,
      212, 261, 213, -1,
      269, 265, 270, -1,
      270, 265, 264, -1,
      271, 268, 269, -1,
      269, 268, 267, -1,
      269, 267, 265, -1,
      265, 267, 266, -1,
      271, 272, 268, -1,
      268, 272, 273, -1,
      268, 273, 261, -1,
      261, 273, 274, -1,
      261, 274, 275, -1,
      275, 276, 261, -1,
      261, 276, 270, -1,
      261, 270, 262, -1,
      262, 270, 264, -1,
      262, 264, 263, -1,
      269, 270, 277, -1,
      277, 270, 278, -1,
      271, 269, 279, -1,
      279, 269, 277, -1,
      271, 279, 280, -1,
      271, 280, 272, -1,
      272, 280, 281, -1,
      272, 281, 273, -1,
      274, 273, 282, -1,
      282, 273, 281, -1,
      274, 282, 283, -1,
      274, 283, 275, -1,
      275, 283, 284, -1,
      275, 284, 276, -1,
      270, 276, 278, -1,
      278, 276, 284, -1,
      285, 286, 100, -1,
      100, 286, 89, -1,
      287, 97, 96, -1,
      287, 96, 288, -1,
      288, 96, 91, -1,
      288, 91, 289, -1,
      289, 91, 89, -1,
      289, 89, 286, -1,
      290, 108, 116, -1,
      290, 116, 291, -1,
      291, 116, 118, -1,
      291, 118, 292, -1,
      292, 118, 117, -1,
      292, 117, 293, -1,
      293, 117, 115, -1,
      293, 115, 294, -1,
      294, 115, 114, -1,
      294, 114, 295, -1,
      295, 114, 107, -1,
      295, 107, 296, -1,
      296, 107, 97, -1,
      296, 97, 287, -1,
      297, 92, 98, -1,
      297, 98, 298, -1,
      298, 98, 99, -1,
      298, 99, 299, -1,
      299, 99, 137, -1,
      299, 137, 300, -1,
      300, 137, 136, -1,
      300, 136, 301, -1,
      301, 136, 110, -1,
      301, 110, 302, -1,
      302, 110, 109, -1,
      302, 109, 303, -1,
      303, 109, 108, -1,
      303, 108, 290, -1,
      297, 304, 92, -1,
      92, 304, 90, -1,
      304, 305, 90, -1,
      90, 305, 88, -1,
      305, 306, 88, -1,
      88, 306, 102, -1,
      307, 106, 105, -1,
      307, 105, 308, -1,
      308, 105, 123, -1,
      308, 123, 309, -1,
      309, 123, 122, -1,
      309, 122, 310, -1,
      310, 122, 121, -1,
      310, 121, 311, -1,
      311, 121, 120, -1,
      311, 120, 312, -1,
      312, 120, 119, -1,
      312, 119, 313, -1,
      313, 119, 104, -1,
      313, 104, 314, -1,
      314, 104, 102, -1,
      314, 102, 306, -1,
      315, 128, 127, -1,
      315, 127, 316, -1,
      316, 127, 125, -1,
      316, 125, 317, -1,
      317, 125, 124, -1,
      317, 124, 318, -1,
      318, 124, 138, -1,
      318, 138, 319, -1,
      319, 138, 140, -1,
      319, 140, 320, -1,
      320, 140, 139, -1,
      320, 139, 321, -1,
      321, 139, 126, -1,
      321, 126, 322, -1,
      322, 126, 106, -1,
      322, 106, 307, -1,
      323, 81, 101, -1,
      323, 101, 324, -1,
      324, 101, 103, -1,
      324, 103, 325, -1,
      325, 103, 128, -1,
      325, 128, 315, -1,
      323, 326, 81, -1,
      81, 326, 80, -1,
      327, 155, 154, -1,
      327, 154, 328, -1,
      328, 154, 153, -1,
      328, 153, 329, -1,
      329, 153, 80, -1,
      329, 80, 326, -1,
      330, 112, 152, -1,
      330, 152, 331, -1,
      331, 152, 151, -1,
      331, 151, 332, -1,
      332, 151, 150, -1,
      332, 150, 333, -1,
      333, 150, 149, -1,
      333, 149, 334, -1,
      334, 149, 142, -1,
      334, 142, 335, -1,
      335, 142, 141, -1,
      335, 141, 336, -1,
      336, 141, 155, -1,
      336, 155, 327, -1,
      337, 143, 145, -1,
      337, 145, 338, -1,
      338, 145, 147, -1,
      338, 147, 339, -1,
      339, 147, 148, -1,
      339, 148, 340, -1,
      340, 148, 131, -1,
      340, 131, 341, -1,
      341, 131, 130, -1,
      341, 130, 342, -1,
      342, 130, 113, -1,
      342, 113, 343, -1,
      343, 113, 112, -1,
      343, 112, 330, -1,
      337, 344, 143, -1,
      143, 344, 144, -1,
      345, 135, 134, -1,
      345, 134, 346, -1,
      346, 134, 133, -1,
      346, 133, 347, -1,
      347, 133, 132, -1,
      347, 132, 348, -1,
      348, 132, 111, -1,
      348, 111, 349, -1,
      349, 111, 129, -1,
      349, 129, 350, -1,
      350, 129, 146, -1,
      350, 146, 351, -1,
      351, 146, 144, -1,
      351, 144, 344, -1,
      352, 84, 79, -1,
      352, 79, 353, -1,
      353, 79, 78, -1,
      353, 78, 354, -1,
      78, 95, 354, -1,
      354, 95, 94, -1,
      354, 94, 355, -1,
      355, 94, 83, -1,
      355, 83, 356, -1,
      356, 83, 82, -1,
      356, 82, 357, -1,
      357, 82, 93, -1,
      357, 93, 358, -1,
      358, 93, 135, -1,
      358, 135, 345, -1,
      84, 352, 85, -1,
      85, 352, 359, -1,
      85, 359, 86, -1,
      86, 359, 360, -1,
      86, 360, 87, -1,
      87, 360, 285, -1,
      87, 285, 100, -1,
      305, 304, 306, -1,
      306, 304, 297, -1,
      306, 297, 314, -1,
      314, 297, 298, -1,
      286, 285, 289, -1,
      289, 285, 360, -1,
      289, 360, 288, -1,
      288, 360, 359, -1,
      288, 359, 287, -1,
      287, 359, 352, -1,
      287, 352, 296, -1,
      296, 352, 353, -1,
      296, 353, 295, -1,
      295, 353, 354, -1,
      295, 354, 294, -1,
      294, 354, 355, -1,
      294, 355, 293, -1,
      293, 355, 356, -1,
      293, 356, 292, -1,
      292, 356, 357, -1,
      292, 357, 291, -1,
      291, 357, 358, -1,
      291, 358, 290, -1,
      358, 345, 290, -1,
      290, 345, 346, -1,
      290, 346, 303, -1,
      303, 346, 347, -1,
      303, 347, 302, -1,
      302, 347, 348, -1,
      302, 348, 301, -1,
      301, 348, 349, -1,
      301, 349, 300, -1,
      300, 349, 350, -1,
      300, 350, 299, -1,
      299, 350, 351, -1,
      299, 351, 298, -1,
      298, 351, 344, -1,
      298, 344, 314, -1,
      314, 344, 337, -1,
      314, 337, 313, -1,
      313, 337, 338, -1,
      313, 338, 312, -1,
      312, 338, 339, -1,
      312, 339, 311, -1,
      311, 339, 340, -1,
      311, 340, 310, -1,
      310, 340, 341, -1,
      310, 341, 309, -1,
      309, 341, 342, -1,
      309, 342, 308, -1,
      308, 342, 343, -1,
      308, 343, 307, -1,
      307, 343, 330, -1,
      307, 330, 322, -1,
      322, 330, 331, -1,
      322, 331, 321, -1,
      321, 331, 332, -1,
      321, 332, 320, -1,
      320, 332, 333, -1,
      320, 333, 319, -1,
      319, 333, 334, -1,
      319, 334, 318, -1,
      318, 334, 335, -1,
      318, 335, 317, -1,
      317, 335, 336, -1,
      317, 336, 316, -1,
      316, 336, 327, -1,
      316, 327, 315, -1,
      315, 327, 328, -1,
      315, 328, 325, -1,
      325, 328, 329, -1,
      325, 329, 324, -1,
      324, 329, 326, -1,
      324, 326, 323, -1,
      361, 362, 22, -1,
      22, 362, 12, -1,
      363, 19, 18, -1,
      363, 18, 364, -1,
      364, 18, 14, -1,
      364, 14, 365, -1,
      365, 14, 12, -1,
      365, 12, 362, -1,
      366, 32, 43, -1,
      366, 43, 367, -1,
      367, 43, 45, -1,
      367, 45, 368, -1,
      368, 45, 44, -1,
      368, 44, 369, -1,
      369, 44, 42, -1,
      369, 42, 370, -1,
      370, 42, 41, -1,
      370, 41, 371, -1,
      371, 41, 31, -1,
      371, 31, 372, -1,
      372, 31, 19, -1,
      372, 19, 363, -1,
      373, 15, 20, -1,
      373, 20, 374, -1,
      374, 20, 21, -1,
      374, 21, 375, -1,
      375, 21, 60, -1,
      375, 60, 376, -1,
      376, 60, 59, -1,
      376, 59, 377, -1,
      377, 59, 34, -1,
      377, 34, 378, -1,
      378, 34, 33, -1,
      378, 33, 379, -1,
      379, 33, 32, -1,
      379, 32, 366, -1,
      373, 380, 15, -1,
      15, 380, 13, -1,
      380, 381, 13, -1,
      13, 381, 11, -1,
      381, 382, 11, -1,
      11, 382, 24, -1,
      383, 28, 27, -1,
      383, 27, 384, -1,
      384, 27, 50, -1,
      384, 50, 385, -1,
      385, 50, 49, -1,
      385, 49, 386, -1,
      386, 49, 48, -1,
      386, 48, 387, -1,
      387, 48, 47, -1,
      387, 47, 388, -1,
      388, 47, 46, -1,
      388, 46, 389, -1,
      389, 46, 26, -1,
      389, 26, 390, -1,
      390, 26, 24, -1,
      390, 24, 382, -1,
      391, 55, 54, -1,
      391, 54, 392, -1,
      392, 54, 52, -1,
      392, 52, 393, -1,
      393, 52, 51, -1,
      393, 51, 394, -1,
      394, 51, 61, -1,
      394, 61, 395, -1,
      395, 61, 63, -1,
      395, 63, 396, -1,
      396, 63, 62, -1,
      396, 62, 397, -1,
      397, 62, 53, -1,
      397, 53, 398, -1,
      398, 53, 28, -1,
      398, 28, 383, -1,
      399, 8, 23, -1,
      399, 23, 400, -1,
      400, 23, 25, -1,
      400, 25, 401, -1,
      401, 25, 55, -1,
      401, 55, 391, -1,
      399, 402, 8, -1,
      8, 402, 7, -1,
      403, 76, 75, -1,
      403, 75, 404, -1,
      404, 75, 6, -1,
      404, 6, 405, -1,
      405, 6, 7, -1,
      405, 7, 402, -1,
      406, 39, 74, -1,
      406, 74, 407, -1,
      407, 74, 73, -1,
      407, 73, 408, -1,
      408, 73, 72, -1,
      408, 72, 409, -1,
      409, 72, 71, -1,
      409, 71, 410, -1,
      410, 71, 70, -1,
      410, 70, 411, -1,
      411, 70, 77, -1,
      411, 77, 412, -1,
      412, 77, 76, -1,
      412, 76, 403, -1,
      413, 64, 66, -1,
      413, 66, 414, -1,
      414, 66, 68, -1,
      414, 68, 415, -1,
      415, 68, 69, -1,
      415, 69, 416, -1,
      416, 69, 58, -1,
      416, 58, 417, -1,
      417, 58, 57, -1,
      417, 57, 418, -1,
      418, 57, 40, -1,
      418, 40, 419, -1,
      419, 40, 39, -1,
      419, 39, 406, -1,
      413, 420, 64, -1,
      64, 420, 65, -1,
      421, 36, 35, -1,
      421, 35, 422, -1,
      422, 35, 30, -1,
      422, 30, 423, -1,
      423, 30, 29, -1,
      423, 29, 424, -1,
      424, 29, 38, -1,
      424, 38, 425, -1,
      425, 38, 56, -1,
      425, 56, 426, -1,
      426, 56, 67, -1,
      426, 67, 427, -1,
      427, 67, 65, -1,
      427, 65, 420, -1,
      428, 2, 1, -1,
      428, 1, 429, -1,
      429, 1, 0, -1,
      429, 0, 430, -1,
      0, 17, 430, -1,
      430, 17, 16, -1,
      430, 16, 431, -1,
      431, 16, 5, -1,
      431, 5, 432, -1,
      432, 5, 4, -1,
      432, 4, 433, -1,
      433, 4, 37, -1,
      433, 37, 434, -1,
      434, 37, 36, -1,
      434, 36, 421, -1,
      2, 428, 3, -1,
      3, 428, 435, -1,
      3, 435, 9, -1,
      9, 435, 436, -1,
      9, 436, 10, -1,
      10, 436, 361, -1,
      10, 361, 22, -1,
      381, 380, 382, -1,
      382, 380, 373, -1,
      382, 373, 390, -1,
      390, 373, 374, -1,
      362, 361, 365, -1,
      365, 361, 436, -1,
      365, 436, 364, -1,
      364, 436, 435, -1,
      364, 435, 363, -1,
      363, 435, 428, -1,
      363, 428, 372, -1,
      372, 428, 429, -1,
      372, 429, 371, -1,
      371, 429, 430, -1,
      371, 430, 370, -1,
      370, 430, 431, -1,
      370, 431, 369, -1,
      369, 431, 432, -1,
      369, 432, 368, -1,
      368, 432, 433, -1,
      368, 433, 367, -1,
      367, 433, 434, -1,
      367, 434, 366, -1,
      434, 421, 366, -1,
      366, 421, 422, -1,
      366, 422, 379, -1,
      379, 422, 423, -1,
      379, 423, 378, -1,
      378, 423, 424, -1,
      378, 424, 377, -1,
      377, 424, 425, -1,
      377, 425, 376, -1,
      376, 425, 426, -1,
      376, 426, 375, -1,
      375, 426, 427, -1,
      375, 427, 374, -1,
      374, 427, 420, -1,
      374, 420, 390, -1,
      390, 420, 413, -1,
      390, 413, 389, -1,
      389, 413, 414, -1,
      389, 414, 388, -1,
      388, 414, 415, -1,
      388, 415, 387, -1,
      387, 415, 416, -1,
      387, 416, 386, -1,
      386, 416, 417, -1,
      386, 417, 385, -1,
      385, 417, 418, -1,
      385, 418, 384, -1,
      384, 418, 419, -1,
      384, 419, 383, -1,
      383, 419, 406, -1,
      383, 406, 398, -1,
      398, 406, 407, -1,
      398, 407, 397, -1,
      397, 407, 408, -1,
      397, 408, 396, -1,
      396, 408, 409, -1,
      396, 409, 395, -1,
      395, 409, 410, -1,
      395, 410, 394, -1,
      394, 410, 411, -1,
      394, 411, 393, -1,
      393, 411, 412, -1,
      393, 412, 392, -1,
      392, 412, 403, -1,
      392, 403, 391, -1,
      391, 403, 404, -1,
      391, 404, 401, -1,
      401, 404, 405, -1,
      401, 405, 400, -1,
      400, 405, 402, -1,
      400, 402, 399, -1,
      437, 252, 246, -1,
      437, 246, 438, -1,
      438, 246, 245, -1,
      438, 245, 439, -1,
      439, 245, 251, -1,
      439, 251, 440, -1,
      440, 251, 232, -1,
      440, 232, 441, -1,
      442, 257, 256, -1,
      442, 256, 443, -1,
      443, 256, 255, -1,
      443, 255, 444, -1,
      444, 255, 260, -1,
      444, 260, 445, -1,
      445, 260, 259, -1,
      445, 259, 446, -1,
      446, 259, 254, -1,
      446, 254, 447, -1,
      447, 254, 253, -1,
      447, 253, 448, -1,
      448, 253, 252, -1,
      448, 252, 437, -1,
      449, 224, 233, -1,
      449, 233, 450, -1,
      450, 233, 247, -1,
      450, 247, 451, -1,
      451, 247, 258, -1,
      451, 258, 452, -1,
      452, 258, 257, -1,
      452, 257, 442, -1,
      449, 453, 224, -1,
      224, 453, 223, -1,
      454, 236, 235, -1,
      454, 235, 455, -1,
      455, 235, 234, -1,
      455, 234, 456, -1,
      456, 234, 222, -1,
      456, 222, 457, -1,
      457, 222, 223, -1,
      457, 223, 453, -1,
      458, 214, 239, -1,
      458, 239, 459, -1,
      459, 239, 238, -1,
      459, 238, 460, -1,
      460, 238, 237, -1,
      460, 237, 461, -1,
      461, 237, 221, -1,
      461, 221, 462, -1,
      462, 221, 220, -1,
      462, 220, 463, -1,
      463, 220, 219, -1,
      463, 219, 464, -1,
      464, 219, 236, -1,
      464, 236, 454, -1,
      465, 242, 230, -1,
      465, 230, 466, -1,
      466, 230, 229, -1,
      466, 229, 467, -1,
      467, 229, 228, -1,
      467, 228, 468, -1,
      468, 228, 215, -1,
      468, 215, 469, -1,
      469, 215, 214, -1,
      469, 214, 458, -1,
      470, 250, 249, -1,
      470, 249, 471, -1,
      471, 249, 248, -1,
      471, 248, 472, -1,
      472, 248, 244, -1,
      472, 244, 473, -1,
      473, 244, 243, -1,
      473, 243, 474, -1,
      474, 243, 242, -1,
      474, 242, 465, -1,
      470, 475, 250, -1,
      250, 475, 216, -1,
      475, 476, 216, -1,
      216, 476, 240, -1,
      476, 477, 240, -1,
      240, 477, 241, -1,
      477, 478, 241, -1,
      241, 478, 217, -1,
      441, 232, 231, -1,
      441, 231, 479, -1,
      479, 231, 227, -1,
      479, 227, 480, -1,
      480, 227, 226, -1,
      480, 226, 481, -1,
      481, 226, 225, -1,
      481, 225, 482, -1,
      482, 225, 218, -1,
      482, 218, 483, -1,
      483, 218, 217, -1,
      483, 217, 478, -1,
      476, 475, 477, -1,
      477, 475, 470, -1,
      442, 455, 452, -1,
      452, 455, 456, -1,
      452, 456, 451, -1,
      451, 456, 457, -1,
      451, 457, 450, -1,
      450, 457, 453, -1,
      450, 453, 449, -1,
      440, 441, 465, -1,
      465, 441, 479, -1,
      465, 479, 474, -1,
      474, 479, 480, -1,
      474, 480, 473, -1,
      473, 480, 481, -1,
      473, 481, 472, -1,
      472, 481, 482, -1,
      472, 482, 471, -1,
      471, 482, 483, -1,
      471, 483, 470, -1,
      470, 483, 478, -1,
      470, 478, 477, -1,
      465, 466, 440, -1,
      440, 466, 467, -1,
      440, 467, 439, -1,
      439, 467, 468, -1,
      439, 468, 438, -1,
      438, 468, 469, -1,
      438, 469, 437, -1,
      437, 469, 458, -1,
      437, 458, 448, -1,
      448, 458, 459, -1,
      448, 459, 447, -1,
      447, 459, 460, -1,
      447, 460, 446, -1,
      446, 460, 461, -1,
      446, 461, 445, -1,
      445, 461, 462, -1,
      445, 462, 444, -1,
      444, 462, 463, -1,
      444, 463, 443, -1,
      443, 463, 464, -1,
      443, 464, 442, -1,
      442, 464, 454, -1,
      442, 454, 455, -1,
      203, 484, 204, -1,
      204, 484, 485, -1,
      204, 485, 205, -1,
      205, 485, 486, -1,
      205, 486, 169, -1,
      169, 486, 487, -1,
      169, 487, 170, -1,
      170, 487, 488, -1,
      170, 488, 171, -1,
      171, 488, 489, -1,
      171, 489, 172, -1,
      172, 489, 490, -1,
      172, 490, 173, -1,
      173, 490, 491, -1,
      173, 491, 174, -1,
      492, 161, 160, -1,
      492, 160, 493, -1,
      493, 160, 192, -1,
      493, 192, 494, -1,
      494, 192, 176, -1,
      494, 176, 495, -1,
      495, 176, 175, -1,
      495, 175, 496, -1,
      496, 175, 174, -1,
      496, 174, 491, -1,
      497, 194, 193, -1,
      497, 193, 498, -1,
      498, 193, 191, -1,
      498, 191, 499, -1,
      499, 191, 190, -1,
      499, 190, 500, -1,
      500, 190, 162, -1,
      500, 162, 501, -1,
      501, 162, 161, -1,
      501, 161, 492, -1,
      502, 189, 188, -1,
      502, 188, 503, -1,
      503, 188, 187, -1,
      503, 187, 504, -1,
      504, 187, 179, -1,
      504, 179, 505, -1,
      505, 179, 178, -1,
      505, 178, 506, -1,
      506, 178, 177, -1,
      506, 177, 507, -1,
      507, 177, 195, -1,
      507, 195, 508, -1,
      508, 195, 194, -1,
      508, 194, 497, -1,
      509, 198, 197, -1,
      509, 197, 510, -1,
      510, 197, 196, -1,
      510, 196, 511, -1,
      511, 196, 183, -1,
      511, 183, 512, -1,
      512, 183, 182, -1,
      512, 182, 513, -1,
      513, 182, 181, -1,
      513, 181, 514, -1,
      514, 181, 180, -1,
      514, 180, 515, -1,
      515, 180, 189, -1,
      515, 189, 502, -1,
      516, 165, 164, -1,
      516, 164, 517, -1,
      517, 164, 163, -1,
      517, 163, 518, -1,
      518, 163, 156, -1,
      518, 156, 519, -1,
      519, 156, 158, -1,
      519, 158, 520, -1,
      520, 158, 198, -1,
      520, 198, 509, -1,
      521, 201, 200, -1,
      521, 200, 522, -1,
      522, 200, 199, -1,
      522, 199, 523, -1,
      523, 199, 159, -1,
      523, 159, 524, -1,
      524, 159, 157, -1,
      524, 157, 525, -1,
      525, 157, 165, -1,
      525, 165, 516, -1,
      484, 203, 202, -1,
      484, 202, 526, -1,
      526, 202, 166, -1,
      526, 166, 527, -1,
      166, 167, 527, -1,
      527, 167, 168, -1,
      527, 168, 528, -1,
      528, 168, 186, -1,
      528, 186, 529, -1,
      529, 186, 185, -1,
      529, 185, 530, -1,
      530, 185, 184, -1,
      530, 184, 531, -1,
      531, 184, 201, -1,
      531, 201, 521, -1,
      532, 533, 534, -1,
      532, 534, 535, -1,
      536, 516, 537, -1,
      537, 516, 538, -1,
      539, 540, 492, -1,
      492, 540, 541, -1,
      536, 542, 516, -1,
      516, 542, 543, -1,
      516, 543, 535, -1,
      541, 540, 533, -1,
      533, 540, 544, -1,
      533, 544, 534, -1,
      535, 534, 516, -1,
      516, 534, 545, -1,
      516, 545, 525, -1,
      525, 545, 546, -1,
      525, 546, 524, -1,
      547, 511, 548, -1,
      548, 511, 512, -1,
      548, 512, 549, -1,
      549, 512, 513, -1,
      549, 513, 550, -1,
      550, 513, 514, -1,
      550, 514, 551, -1,
      516, 517, 538, -1,
      538, 517, 518, -1,
      538, 518, 519, -1,
      546, 552, 524, -1,
      524, 552, 553, -1,
      524, 553, 523, -1,
      523, 553, 554, -1,
      523, 554, 522, -1,
      522, 554, 555, -1,
      519, 520, 538, -1,
      538, 520, 509, -1,
      538, 509, 547, -1,
      547, 509, 510, -1,
      547, 510, 511, -1,
      541, 556, 492, -1,
      492, 556, 557, -1,
      492, 557, 501, -1,
      501, 557, 558, -1,
      501, 558, 500, -1,
      500, 558, 559, -1,
      500, 559, 499, -1,
      499, 559, 560, -1,
      499, 560, 498, -1,
      498, 560, 561, -1,
      498, 561, 497, -1,
      497, 561, 562, -1,
      551, 514, 563, -1,
      563, 514, 515, -1,
      563, 515, 564, -1,
      564, 515, 502, -1,
      564, 502, 565, -1,
      565, 502, 503, -1,
      565, 503, 566, -1,
      566, 503, 504, -1,
      566, 504, 567, -1,
      567, 504, 505, -1,
      567, 505, 568, -1,
      568, 505, 506, -1,
      568, 506, 569, -1,
      569, 506, 507, -1,
      569, 507, 562, -1,
      562, 507, 508, -1,
      562, 508, 497, -1,
      539, 492, 570, -1,
      570, 492, 493, -1,
      570, 493, 571, -1,
      571, 493, 494, -1,
      571, 494, 572, -1,
      572, 494, 495, -1,
      572, 495, 573, -1,
      573, 495, 496, -1,
      573, 496, 574, -1,
      574, 496, 491, -1,
      574, 491, 575, -1,
      575, 491, 490, -1,
      575, 490, 576, -1,
      576, 490, 489, -1,
      576, 489, 577, -1,
      577, 489, 488, -1,
      577, 488, 578, -1,
      578, 488, 487, -1,
      578, 487, 579, -1,
      579, 487, 486, -1,
      579, 486, 580, -1,
      580, 486, 485, -1,
      580, 485, 581, -1,
      581, 485, 484, -1,
      581, 484, 582, -1,
      582, 484, 526, -1,
      582, 526, 583, -1,
      583, 526, 527, -1,
      583, 527, 584, -1,
      584, 527, 528, -1,
      584, 528, 585, -1,
      585, 528, 529, -1,
      585, 529, 586, -1,
      586, 529, 530, -1,
      586, 530, 587, -1,
      587, 530, 531, -1,
      587, 531, 555, -1,
      555, 531, 521, -1,
      555, 521, 522, -1,
      574, 588, 589, -1,
      574, 589, 573, -1,
      573, 589, 590, -1,
      573, 590, 572, -1,
      572, 590, 591, -1,
      572, 591, 571, -1,
      571, 591, 592, -1,
      571, 592, 570, -1,
      570, 592, 593, -1,
      570, 593, 539, -1,
      539, 593, 594, -1,
      539, 594, 540, -1,
      540, 594, 595, -1,
      540, 595, 544, -1,
      544, 595, 596, -1,
      544, 596, 534, -1,
      534, 596, 597, -1,
      534, 597, 545, -1,
      545, 597, 598, -1,
      545, 598, 546, -1,
      546, 598, 599, -1,
      546, 599, 552, -1,
      552, 599, 600, -1,
      552, 600, 553, -1,
      553, 600, 601, -1,
      553, 601, 554, -1,
      554, 601, 602, -1,
      554, 602, 555, -1,
      555, 602, 603, -1,
      555, 603, 587, -1,
      587, 603, 604, -1,
      587, 604, 586, -1,
      586, 604, 605, -1,
      586, 605, 585, -1,
      585, 605, 606, -1,
      585, 606, 584, -1,
      584, 606, 607, -1,
      584, 607, 583, -1,
      583, 607, 608, -1,
      583, 608, 582, -1,
      582, 608, 609, -1,
      582, 609, 581, -1,
      581, 609, 610, -1,
      581, 610, 580, -1,
      580, 610, 611, -1,
      580, 611, 579, -1,
      579, 611, 612, -1,
      579, 612, 578, -1,
      578, 612, 613, -1,
      578, 613, 577, -1,
      577, 613, 614, -1,
      577, 614, 576, -1,
      576, 614, 615, -1,
      576, 615, 575, -1,
      575, 615, 588, -1,
      575, 588, 574, -1,
      561, 616, 617, -1,
      561, 617, 562, -1,
      562, 617, 618, -1,
      562, 618, 569, -1,
      569, 618, 619, -1,
      569, 619, 568, -1,
      568, 619, 620, -1,
      568, 620, 567, -1,
      567, 620, 621, -1,
      567, 621, 566, -1,
      566, 621, 622, -1,
      566, 622, 565, -1,
      565, 622, 623, -1,
      565, 623, 564, -1,
      564, 623, 624, -1,
      564, 624, 563, -1,
      563, 624, 625, -1,
      563, 625, 551, -1,
      551, 625, 626, -1,
      551, 626, 550, -1,
      550, 626, 627, -1,
      550, 627, 549, -1,
      549, 627, 628, -1,
      549, 628, 548, -1,
      548, 628, 629, -1,
      548, 629, 547, -1,
      547, 629, 630, -1,
      547, 630, 538, -1,
      538, 630, 631, -1,
      538, 631, 537, -1,
      537, 631, 632, -1,
      537, 632, 536, -1,
      536, 632, 633, -1,
      536, 633, 542, -1,
      542, 633, 634, -1,
      542, 634, 543, -1,
      543, 634, 635, -1,
      543, 635, 535, -1,
      535, 635, 636, -1,
      535, 636, 532, -1,
      532, 636, 637, -1,
      532, 637, 533, -1,
      533, 637, 638, -1,
      533, 638, 541, -1,
      541, 638, 639, -1,
      541, 639, 556, -1,
      556, 639, 640, -1,
      556, 640, 557, -1,
      557, 640, 641, -1,
      557, 641, 558, -1,
      558, 641, 642, -1,
      558, 642, 559, -1,
      559, 642, 643, -1,
      559, 643, 560, -1,
      560, 643, 616, -1,
      560, 616, 561, -1,
    ]
  }
}

Shape {
  appearance Appearance {
    material Material {
      diffuseColor 0.2510 0.2510 0.2510
      specularColor 0.1255 0.1255 0.1255
      ambientIntensity 0.2
      transparency 0.0000
      shininess 0.5
    }
  }
  geometry IndexedFaceSet {
    ccw TRUE
    solid FALSE
    coord DEF co Coordinate {
      point [
        -0.024581 -0.013589 0.157480,
        -0.024241 -0.010217 0.157480,
        -0.023183 -0.007075 0.157480,
        -0.021463 -0.004379 0.157480,
        -0.019372 -0.002283 0.157480,
        -0.016481 -0.000401 0.157480,
        -0.013031 0.000817 0.157480,
        -0.008782 0.001264 0.157480,
        -0.006029 0.001083 0.157480,
        -0.002317 0.000135 0.157480,
        0.001027 -0.001704 0.157480,
        0.003569 -0.004037 0.157480,
        0.005475 -0.006750 0.157480,
        0.006618 -0.009665 0.157480,
        0.007107 -0.013589 0.157480,
        0.006679 -0.017475 0.157480,
        0.005636 -0.020388 0.157480,
        0.004041 -0.022887 0.157480,
        0.001924 -0.025013 0.157480,
        -0.000972 -0.026857 0.157480,
        -0.004493 -0.028063 0.157480,
        -0.008782 -0.028503 0.157480,
        -0.012447 -0.028206 0.157480,
        -0.015821 -0.027261 0.157480,
        -0.018915 -0.025572 0.157480,
        -0.021557 -0.023042 0.157480,
        -0.023141 -0.020515 0.157480,
        -0.024176 -0.017494 0.157480,
      ]
    }
    coordIndex [
      22, 21, 7, -1,
      16, 11, 17, -1,
      17, 11, 10, -1,
      7, 21, 8, -1,
      8, 21, 20, -1,
      8, 20, 19, -1,
      19, 18, 8, -1,
      8, 18, 17, -1,
      8, 17, 9, -1,
      9, 17, 10, -1,
      7, 6, 0, -1,
      0, 6, 5, -1,
      5, 4, 0, -1,
      0, 4, 3, -1,
      0, 3, 1, -1,
      1, 3, 2, -1,
      16, 15, 11, -1,
      11, 15, 14, -1,
      11, 14, 12, -1,
      12, 14, 13, -1,
      0, 27, 7, -1,
      7, 27, 26, -1,
      7, 26, 25, -1,
      25, 24, 7, -1,
      7, 24, 23, -1,
      7, 23, 22, -1,
    ]
  }
}

Shape {
  appearance Appearance {
    material Material {
      diffuseColor 0.0000 0.0000 0.0000
      specularColor 0.0000 0.0000 0.0000
      ambientIntensity 0.2
      transparency 0.0000
      shininess 0.5
    }
  }
  geometry IndexedFaceSet {
    ccw TRUE
    solid FALSE
    coord DEF co Coordinate {
      point [
        -0.085752 -0.036185 0.157480,
        -0.107163 -0.036185 0.157480,
        -0.047718 -0.014604 0.157480,
        -0.052233 -0.021647 0.157480,
        -0.058715 -0.027853 0.157480,
        -0.066936 -0.032630 0.157480,
        -0.076009 -0.035335 0.157480,
        -0.073566 0.041339 0.157480,
        -0.064353 0.038104 0.157480,
        -0.055783 0.032360 0.157480,
        -0.107163 0.042555 0.157480,
        -0.084942 0.042555 0.157480,
        -0.055701 0.032288 0.157480,
        -0.050133 0.026114 0.157480,
        -0.046473 0.019342 0.157480,
        -0.044358 0.011584 0.157480,
        -0.043786 0.004175 0.157480,
        -0.044891 -0.006363 0.157480,
        -0.128288 0.042555 0.157480,
        -0.140771 0.042555 0.157480,
        -0.137661 0.024190 0.157480,
        -0.137125 0.031992 0.157480,
        -0.137380 0.031992 0.157480,
        -0.199346 -0.036185 0.157480,
        -0.208948 -0.036185 0.157480,
        -0.208948 0.042555 0.157480,
        -0.165737 -0.036185 0.157480,
        -0.171499 -0.036185 0.157480,
        -0.138394 0.027947 0.157480,
        -0.139721 0.023995 0.157480,
        -0.137890 0.016373 0.157480,
        -0.137890 -0.036185 0.157480,
        -0.128288 -0.036185 0.157480,
        -0.199346 0.031992 0.157480,
        -0.199646 0.031992 0.157480,
        -0.198350 0.027723 0.157480,
        -0.199402 0.023952 0.157480,
        -0.197035 0.023545 0.157480,
        -0.168693 -0.020821 0.157480,
        -0.168333 -0.020821 0.157480,
        -0.170276 -0.015951 0.157480,
        -0.166504 -0.015893 0.157480,
        -0.172204 -0.011204 0.157480,
        -0.164597 -0.010994 0.157480,
        -0.195505 0.042555 0.157480,
        -0.199346 0.015908 0.157480,
        -0.085752 -0.036185 0.157087,
        -0.107163 -0.036185 0.157087,
        -0.107163 0.042555 0.157087,
        -0.084942 0.042555 0.157087,
        -0.043786 0.004175 0.157087,
        -0.044358 0.011584 0.157087,
        -0.046473 0.019342 0.157087,
        -0.050133 0.026114 0.157087,
        -0.055701 0.032288 0.157087,
        -0.055783 0.032360 0.157087,
        -0.064353 0.038104 0.157087,
        -0.073566 0.041339 0.157087,
        -0.076009 -0.035335 0.157087,
        -0.066936 -0.032630 0.157087,
        -0.058715 -0.027853 0.157087,
        -0.052233 -0.021647 0.157087,
        -0.047718 -0.014604 0.157087,
        -0.044891 -0.006363 0.157087,
        -0.059591 0.022871 0.157087,
        -0.063416 0.026932 0.157087,
        -0.069168 0.030648 0.157087,
        -0.075667 0.032922 0.157087,
        -0.084987 0.033913 0.157087,
        -0.096600 0.033913 0.157087,
        -0.096600 -0.027543 0.157087,
        -0.085422 -0.027543 0.157087,
        -0.077115 -0.026770 0.157087,
        -0.070489 -0.024702 0.157087,
        -0.065119 -0.021513 0.157087,
        -0.060702 -0.017151 0.157087,
        -0.057381 -0.011722 0.157087,
        -0.055072 -0.004320 0.157087,
        -0.054349 0.003950 0.157087,
        -0.055018 0.011787 0.157087,
        -0.056856 0.018015 0.157087,
        -0.084987 0.033913 0.157480,
        -0.096600 0.033913 0.157480,
        -0.075667 0.032922 0.157480,
        -0.069168 0.030648 0.157480,
        -0.063416 0.026932 0.157480,
        -0.059591 0.022871 0.157480,
        -0.056856 0.018015 0.157480,
        -0.055018 0.011787 0.157480,
        -0.054349 0.003950 0.157480,
        -0.055072 -0.004320 0.157480,
        -0.057381 -0.011722 0.157480,
        -0.060702 -0.017151 0.157480,
        -0.065119 -0.021513 0.157480,
        -0.070489 -0.024702 0.157480,
        -0.077115 -0.026770 0.157480,
        -0.085422 -0.027543 0.157480,
        -0.096600 -0.027543 0.157480,
        -0.128288 -0.036185 0.157087,
        -0.137890 -0.036185 0.157087,
        -0.137890 0.016373 0.157087,
        -0.137125 0.031992 0.157087,
        -0.137661 0.024190 0.157087,
        -0.137380 0.031992 0.157087,
        -0.139721 0.023995 0.157087,
        -0.138394 0.027947 0.157087,
        -0.165737 -0.036185 0.157087,
        -0.171499 -0.036185 0.157087,
        -0.197035 0.023545 0.157087,
        -0.199346 0.031992 0.157087,
        -0.198350 0.027723 0.157087,
        -0.199646 0.031992 0.157087,
        -0.199346 0.015908 0.157087,
        -0.199402 0.023952 0.157087,
        -0.199346 -0.036185 0.157087,
        -0.208948 -0.036185 0.157087,
        -0.208948 0.042555 0.157087,
        -0.195505 0.042555 0.157087,
        -0.172204 -0.011204 0.157087,
        -0.168693 -0.020821 0.157087,
        -0.170276 -0.015951 0.157087,
        -0.168333 -0.020821 0.157087,
        -0.164597 -0.010994 0.157087,
        -0.166504 -0.015893 0.157087,
        -0.140771 0.042555 0.157087,
        -0.128288 0.042555 0.157087,
      ]
    }
    coordIndex [
      46, 47, 0, -1,
      0, 47, 1, -1,
      47, 48, 1, -1,
      1, 48, 10, -1,
      48, 49, 10, -1,
      10, 49, 11, -1,
      50, 16, 15, -1,
      50, 15, 51, -1,
      51, 15, 14, -1,
      51, 14, 52, -1,
      52, 14, 13, -1,
      52, 13, 53, -1,
      53, 13, 12, -1,
      53, 12, 54, -1,
      54, 12, 9, -1,
      54, 9, 55, -1,
      55, 9, 8, -1,
      55, 8, 56, -1,
      56, 8, 7, -1,
      56, 7, 57, -1,
      57, 7, 11, -1,
      57, 11, 49, -1,
      46, 0, 6, -1,
      46, 6, 58, -1,
      58, 6, 5, -1,
      58, 5, 59, -1,
      59, 5, 4, -1,
      59, 4, 60, -1,
      60, 4, 3, -1,
      60, 3, 61, -1,
      61, 3, 2, -1,
      61, 2, 62, -1,
      62, 2, 17, -1,
      62, 17, 63, -1,
      63, 17, 16, -1,
      63, 16, 50, -1,
      52, 53, 64, -1,
      64, 53, 54, -1,
      64, 54, 65, -1,
      65, 54, 55, -1,
      65, 55, 66, -1,
      66, 55, 56, -1,
      66, 56, 67, -1,
      67, 56, 57, -1,
      67, 57, 68, -1,
      68, 57, 49, -1,
      68, 49, 69, -1,
      69, 49, 48, -1,
      69, 48, 70, -1,
      70, 48, 47, -1,
      70, 47, 71, -1,
      71, 47, 46, -1,
      71, 46, 72, -1,
      72, 46, 58, -1,
      72, 58, 73, -1,
      73, 58, 59, -1,
      73, 59, 74, -1,
      74, 59, 60, -1,
      74, 60, 75, -1,
      75, 60, 61, -1,
      75, 61, 76, -1,
      76, 61, 62, -1,
      76, 62, 77, -1,
      77, 62, 63, -1,
      77, 63, 78, -1,
      78, 63, 50, -1,
      78, 50, 79, -1,
      79, 50, 51, -1,
      79, 51, 80, -1,
      80, 51, 52, -1,
      80, 52, 64, -1,
      68, 69, 81, -1,
      81, 69, 82, -1,
      68, 81, 83, -1,
      68, 83, 67, -1,
      67, 83, 84, -1,
      67, 84, 66, -1,
      66, 84, 85, -1,
      66, 85, 65, -1,
      65, 85, 86, -1,
      65, 86, 64, -1,
      64, 86, 87, -1,
      64, 87, 80, -1,
      80, 87, 88, -1,
      80, 88, 79, -1,
      79, 88, 89, -1,
      79, 89, 78, -1,
      78, 89, 90, -1,
      78, 90, 77, -1,
      77, 90, 91, -1,
      77, 91, 76, -1,
      76, 91, 92, -1,
      76, 92, 75, -1,
      75, 92, 93, -1,
      75, 93, 74, -1,
      74, 93, 94, -1,
      74, 94, 73, -1,
      73, 94, 95, -1,
      73, 95, 72, -1,
      72, 95, 96, -1,
      72, 96, 71, -1,
      70, 71, 97, -1,
      97, 71, 96, -1,
      69, 70, 82, -1,
      82, 70, 97, -1,
      98, 99, 32, -1,
      32, 99, 31, -1,
      99, 100, 31, -1,
      31, 100, 30, -1,
      101, 21, 20, -1,
      101, 20, 102, -1,
      102, 20, 30, -1,
      102, 30, 100, -1,
      101, 103, 21, -1,
      21, 103, 22, -1,
      104, 29, 28, -1,
      104, 28, 105, -1,
      105, 28, 22, -1,
      105, 22, 103, -1,
      104, 106, 29, -1,
      29, 106, 26, -1,
      106, 107, 26, -1,
      26, 107, 27, -1,
      107, 108, 27, -1,
      27, 108, 37, -1,
      109, 33, 35, -1,
      109, 35, 110, -1,
      110, 35, 37, -1,
      110, 37, 108, -1,
      109, 111, 33, -1,
      33, 111, 34, -1,
      112, 45, 36, -1,
      112, 36, 113, -1,
      113, 36, 34, -1,
      113, 34, 111, -1,
      112, 114, 45, -1,
      45, 114, 23, -1,
      114, 115, 23, -1,
      23, 115, 24, -1,
      115, 116, 24, -1,
      24, 116, 25, -1,
      116, 117, 25, -1,
      25, 117, 44, -1,
      117, 118, 44, -1,
      44, 118, 42, -1,
      119, 38, 40, -1,
      119, 40, 120, -1,
      120, 40, 42, -1,
      120, 42, 118, -1,
      119, 121, 38, -1,
      38, 121, 39, -1,
      122, 43, 41, -1,
      122, 41, 123, -1,
      123, 41, 39, -1,
      123, 39, 121, -1,
      122, 124, 43, -1,
      43, 124, 19, -1,
      124, 125, 19, -1,
      19, 125, 18, -1,
      125, 98, 18, -1,
      18, 98, 32, -1,
      99, 98, 100, -1,
      100, 98, 125, -1,
      100, 125, 102, -1,
      102, 125, 101, -1,
      115, 114, 116, -1,
      116, 114, 112, -1,
      112, 113, 116, -1,
      116, 113, 111, -1,
      116, 111, 117, -1,
      117, 111, 109, -1,
      119, 107, 121, -1,
      121, 107, 106, -1,
      121, 106, 123, -1,
      123, 106, 122, -1,
      101, 125, 103, -1,
      103, 125, 124, -1,
      103, 124, 105, -1,
      119, 120, 107, -1,
      107, 120, 118, -1,
      107, 118, 108, -1,
      108, 118, 117, -1,
      108, 117, 110, -1,
      110, 117, 109, -1,
      122, 106, 124, -1,
      124, 106, 104, -1,
      124, 104, 105, -1,
    ]
  }
}

Shape {
  appearance Appearance {
    material Material {
      diffuseColor 0.2510 0.2510 0.2510
      specularColor 0.1255 0.1255 0.1255
      ambientIntensity 0.2
      transparency 0.0000
      shininess 0.5
    }
  }
  geometry IndexedFaceSet {
    ccw TRUE
    solid FALSE
    coord DEF co Coordinate {
      point [
        0.225653 -0.005457 0.157480,
        0.251985 -0.005457 0.157480,
        0.237401 0.027431 0.157480,
        0.238159 0.030162 0.157480,
        0.238661 0.032952 0.157480,
        0.238916 0.032952 0.157480,
        0.239430 0.030170 0.157480,
        0.240131 0.027431 0.157480,
        -0.019780 0.022435 0.157480,
        -0.019522 0.025260 0.157480,
        -0.018682 0.027943 0.157480,
        -0.017312 0.030250 0.157480,
        -0.015543 0.032137 0.157480,
        -0.013355 0.033622 0.157480,
        -0.010991 0.034505 0.157480,
        -0.007852 0.034873 0.157480,
        -0.005131 0.034602 0.157480,
        -0.002426 0.033673 0.157480,
        -0.000222 0.032204 0.157480,
        0.001134 0.030884 0.157480,
        0.002811 0.028468 0.157480,
        0.003832 0.025789 0.157480,
        0.004226 0.022435 0.157480,
        0.004162 0.021126 0.157480,
        0.003542 0.018260 0.157480,
        0.002312 0.015711 0.157480,
        -0.000018 0.012970 0.157480,
        -0.002295 0.011307 0.157480,
        -0.004688 0.010330 0.157480,
        -0.007852 0.009907 0.157480,
        -0.011034 0.010326 0.157480,
        -0.013591 0.011402 0.157480,
        -0.015687 0.012963 0.157480,
        -0.016614 0.013929 0.157480,
        -0.018332 0.016382 0.157480,
        -0.019370 0.019028 0.157480,
        -0.084987 0.033913 0.157480,
        -0.096600 0.033913 0.157480,
        -0.075667 0.032922 0.157480,
        -0.069168 0.030648 0.157480,
        -0.063416 0.026932 0.157480,
        -0.059591 0.022871 0.157480,
        -0.056856 0.018015 0.157480,
        -0.055018 0.011787 0.157480,
        -0.054349 0.003950 0.157480,
        -0.055072 -0.004320 0.157480,
        -0.057381 -0.011722 0.157480,
        -0.060702 -0.017151 0.157480,
        -0.065119 -0.021513 0.157480,
        -0.070489 -0.024702 0.157480,
        -0.077115 -0.026770 0.157480,
        -0.085422 -0.027543 0.157480,
        -0.096600 -0.027543 0.157480,
      ]
    }
    coordIndex [
      0, 1, 2, -1,
      2, 1, 7, -1,
      2, 7, 3, -1,
      3, 7, 6, -1,
      3, 6, 4, -1,
      4, 6, 5, -1,
      21, 20, 33, -1,
      24, 23, 32, -1,
      20, 19, 33, -1,
      33, 19, 18, -1,
      33, 18, 34, -1,
      34, 18, 35, -1,
      27, 26, 31, -1,
      32, 23, 33, -1,
      33, 23, 22, -1,
      33, 22, 21, -1,
      31, 26, 32, -1,
      32, 26, 25, -1,
      32, 25, 24, -1,
      17, 9, 18, -1,
      18, 9, 8, -1,
      18, 8, 35, -1,
      17, 16, 9, -1,
      9, 16, 15, -1,
      9, 15, 10, -1,
      10, 15, 11, -1,
      14, 13, 15, -1,
      15, 13, 12, -1,
      15, 12, 11, -1,
      30, 29, 31, -1,
      31, 29, 28, -1,
      31, 28, 27, -1,
      37, 52, 36, -1,
      36, 52, 51, -1,
      36, 51, 50, -1,
      44, 43, 36, -1,
      36, 43, 42, -1,
      36, 42, 38, -1,
      50, 49, 36, -1,
      36, 49, 48, -1,
      36, 48, 47, -1,
      47, 46, 36, -1,
      36, 46, 45, -1,
      36, 45, 44, -1,
      41, 40, 42, -1,
      42, 40, 39, -1,
      42, 39, 38, -1,
    ]
  }
}
