#VRML V2.0 utf8

Shape {
  appearance Appearance {
    material Material {
      diffuseColor 0.2510 0.2510 0.2510
      specularColor 0.1255 0.1255 0.1255
      ambientIntensity 0.2
      transparency 0.0000
      shininess 0.5
    }
  }
  geometry IndexedFaceSet {
    ccw TRUE
    solid FALSE
    coord DEF co Coordinate {
      point [
        0.787402 -0.748031 -0.787402,
        0.787402 -0.303291 -0.787402,
        0.787402 -0.303291 -0.668885,
        0.787402 0.466712 -0.612654,
        0.787402 0.479376 -0.612654,
        0.787402 0.479376 -0.601254,
        0.787402 0.424189 -0.652836,
        0.787402 0.422570 -0.653027,
        0.787402 0.432557 -0.653027,
        0.787402 0.510800 -0.589178,
        0.787402 0.506716 -0.578228,
        0.787402 0.492026 -0.578228,
        0.787402 0.268432 -0.545518,
        0.787402 0.273167 -0.548806,
        0.787402 0.339445 -0.548806,
        0.787402 0.279500 -0.553203,
        0.787402 0.289368 -0.564776,
        0.787402 0.320775 -0.601254,
        0.787402 0.339445 -0.601254,
        0.787402 0.318272 -0.594997,
        0.787402 0.312464 -0.586898,
        0.787402 0.304745 -0.580367,
        0.787402 0.294871 -0.575690,
        0.787402 0.296275 -0.576162,
        0.787402 0.254311 -0.540043,
        0.787402 0.339445 -0.269201,
        0.787402 0.240789 -0.538401,
        0.787402 0.227976 -0.539832,
        0.787402 0.214768 -0.544585,
        0.787402 -0.303291 -0.269201,
        0.787402 0.207785 -0.548806,
        0.787402 -0.303291 -0.548806,
        0.787402 0.206632 -0.549502,
        0.787402 -0.303291 -0.601254,
        0.787402 0.142169 -0.601254,
        0.787402 0.143443 -0.594134,
        0.787402 0.147987 -0.583887,
        0.787402 0.154827 -0.575120,
        0.787402 0.176350 -0.562842,
        0.787402 0.187561 -0.561457,
        0.787402 0.199943 -0.555231,
        0.787402 0.190834 -0.561635,
        0.787402 0.194107 -0.562027,
        0.787402 0.156752 -0.573298,
        0.787402 0.165806 -0.566935,
        0.787402 0.172584 -0.651185,
        0.787402 0.162296 -0.646176,
        0.787402 -0.303291 -0.653027,
        0.787402 0.153404 -0.638596,
        0.787402 0.146900 -0.629309,
        0.787402 0.142824 -0.618711,
        0.787402 0.141449 -0.607570,
        0.787402 0.141530 -0.604831,
        0.787402 0.176175 -0.652259,
        0.787402 0.176534 -0.653027,
        0.787402 0.179030 -0.658366,
        0.787402 0.183263 -0.663590,
        0.787402 0.339445 -0.668885,
        0.787402 0.215001 -0.668885,
        0.787402 0.339445 -0.787402,
        0.787402 0.210105 -0.670766,
        0.787402 0.203216 -0.671614,
        0.787402 0.202119 -0.671594,
        0.787402 0.195398 -0.670546,
        0.787402 0.191446 -0.668885,
        0.787402 0.188831 -0.667787,
        0.787402 0.339445 -0.653027,
        0.787402 0.229888 -0.653027,
        0.787402 0.229863 -0.653133,
        0.787402 0.226496 -0.659478,
        0.787402 0.222123 -0.664383,
        0.787402 0.216454 -0.668328,
        0.787402 0.266233 -0.636235,
        0.787402 0.268186 -0.635463,
        0.787402 0.271531 -0.619240,
        0.787402 0.312519 -0.640019,
        0.787402 0.304772 -0.646576,
        0.787402 0.224565 -0.624079,
        0.787402 0.262707 -0.604154,
        0.787402 0.219591 -0.619550,
        0.787402 0.213551 -0.616313,
        0.787402 0.264483 -0.637475,
        0.787402 0.318167 -0.632152,
        0.787402 0.305264 -0.610771,
        0.787402 0.303928 -0.605304,
        0.787402 0.301745 -0.601254,
        0.787402 0.160089 -0.601254,
        0.787402 0.321750 -0.603691,
        0.787402 0.323051 -0.612978,
        0.787402 0.321744 -0.623141,
        0.787402 0.270392 -0.635180,
        0.787402 0.270669 -0.635200,
        0.787402 0.271523 -0.635389,
        0.787402 0.161761 -0.618349,
        0.787402 0.165154 -0.624125,
        0.787402 0.179607 -0.627066,
        0.787402 0.170258 -0.629368,
        0.787402 0.176460 -0.633187,
        0.787402 0.190134 -0.617643,
        0.787402 0.184314 -0.621686,
        0.787402 0.159381 -0.607000,
        0.787402 0.159721 -0.611382,
        0.787402 0.196422 -0.615238,
        0.787402 0.203216 -0.614401,
        0.787402 0.206680 -0.614607,
        0.787402 0.261568 -0.644004,
        0.787402 0.261640 -0.642881,
        0.787402 0.231680 -0.640304,
        0.787402 0.262212 -0.640714,
        0.787402 0.263307 -0.638772,
        0.787402 0.299626 -0.628317,
        0.787402 0.302758 -0.623878,
        0.787402 0.304720 -0.618804,
        0.787402 0.305403 -0.613263,
        0.787402 0.268219 -0.652569,
        0.787402 0.266336 -0.651828,
        0.787402 0.264490 -0.650516,
        0.787402 0.263829 -0.649842,
        0.787402 0.262588 -0.648054,
        0.787402 0.261838 -0.646124,
        0.787402 0.231527 -0.646107,
        0.787402 0.231680 -0.643150,
        0.787402 0.296087 -0.650826,
        0.787402 0.286617 -0.652828,
        0.787402 0.269823 -0.652828,
        0.787402 0.272100 -0.635465,
        0.787402 0.284909 -0.635465,
        0.787402 0.290015 -0.634487,
        0.787402 0.295038 -0.632161,
        0.787402 0.299247 -0.628724,
        0.787402 0.274792 -0.573967,
        0.787402 0.268373 -0.566296,
        0.787402 0.202931 -0.582806,
        0.787402 0.267647 -0.565635,
        0.787402 0.259650 -0.560085,
        0.787402 0.207278 -0.573804,
        0.787402 0.200894 -0.581692,
        0.787402 0.194512 -0.579361,
        0.787402 0.301281 -0.600393,
        0.787402 0.297996 -0.596724,
        0.787402 0.283201 -0.591060,
        0.787402 0.293582 -0.593641,
        0.787402 0.288614 -0.591728,
        0.787402 0.280924 -0.591060,
        0.787402 0.279183 -0.583139,
        0.787402 0.177862 -0.580354,
        0.787402 0.171517 -0.583720,
        0.787402 0.184889 -0.578690,
        0.787402 0.166613 -0.588093,
        0.787402 0.162668 -0.593763,
        0.787402 0.213662 -0.566177,
        0.787402 0.250724 -0.556666,
        0.787402 0.221298 -0.560597,
        0.787402 0.241074 -0.555480,
        0.787402 0.230598 -0.556829,
        0.787402 0.187845 -0.578536,
        0.787402 0.160230 -0.600111,
        0.787402 0.516510 -0.589178,
        0.787402 0.492026 -0.601254,
        0.787402 0.501261 -0.549143,
        0.787402 0.748031 -0.601254,
        0.787402 0.748031 -0.548806,
        0.787402 0.492026 -0.548806,
        0.787402 0.495735 -0.549143,
        0.787402 0.492026 -0.558883,
        0.787402 0.486197 -0.589178,
        0.787402 0.480487 -0.589178,
        0.787402 0.490045 -0.578228,
        0.787402 0.438109 -0.584613,
        0.787402 0.438109 -0.589178,
        0.787402 0.441890 -0.601254,
        0.787402 0.437198 -0.553748,
        0.787402 0.441890 -0.548806,
        0.787402 0.437198 -0.549143,
        0.787402 0.432557 -0.548806,
        0.787402 0.432557 -0.549143,
        0.787402 0.421744 -0.571146,
        0.787402 0.421744 -0.584613,
        0.787402 0.432557 -0.571146,
        0.787402 0.432557 -0.584613,
        0.787402 0.436062 -0.571146,
        0.787402 0.436062 -0.566561,
        0.787402 0.421744 -0.553748,
        0.787402 0.421744 -0.566561,
        0.787402 0.432557 -0.553748,
        0.787402 0.432557 -0.566561,
        0.787402 0.432557 -0.601254,
        0.787402 0.432557 -0.589178,
        0.787402 0.414259 -0.601254,
        0.787402 0.416576 -0.549143,
        0.787402 0.414259 -0.548806,
        0.787402 0.416576 -0.589178,
        0.787402 0.408563 -0.550105,
        0.787402 0.404319 -0.548880,
        0.787402 0.403375 -0.548806,
        0.787402 0.408563 -0.555509,
        0.787402 0.408563 -0.582567,
        0.787402 0.408118 -0.555268,
        0.787402 0.404057 -0.553723,
        0.787402 0.399128 -0.553134,
        0.787402 0.397220 -0.553229,
        0.787402 0.393787 -0.553968,
        0.787402 0.390674 -0.555501,
        0.787402 0.388219 -0.557576,
        0.787402 0.408563 -0.587520,
        0.787402 0.407880 -0.587860,
        0.787402 0.390720 -0.588844,
        0.787402 0.386943 -0.587062,
        0.787402 0.380380 -0.601254,
        0.787402 0.383726 -0.584389,
        0.787402 0.383394 -0.584026,
        0.787402 0.387945 -0.557875,
        0.787402 0.386011 -0.560658,
        0.787402 0.384670 -0.564117,
        0.787402 0.384013 -0.569611,
        0.787402 0.384080 -0.571441,
        0.787402 0.404620 -0.584337,
        0.787402 0.400091 -0.585179,
        0.787402 0.398227 -0.585248,
        0.787402 0.384774 -0.575366,
        0.787402 0.386117 -0.578547,
        0.787402 0.387942 -0.581031,
        0.787402 0.389080 -0.582119,
        0.787402 0.394741 -0.584891,
        0.787402 0.391793 -0.583886,
        0.787402 0.403582 -0.589270,
        0.787402 0.397480 -0.589853,
        0.787402 0.395058 -0.589739,
        0.787402 0.380380 -0.548806,
        0.787402 0.381469 -0.558154,
        0.787402 0.384370 -0.554362,
        0.787402 0.385361 -0.553417,
        0.787402 0.389109 -0.550793,
        0.787402 0.393294 -0.549170,
        0.787402 0.381006 -0.580607,
        0.787402 0.380380 -0.579002,
        0.787402 0.377980 -0.601254,
        0.787402 0.377980 -0.548806,
        0.787402 0.379567 -0.562600,
        0.787402 0.380380 -0.560700,
        0.787402 0.379376 -0.576428,
        0.787402 0.378589 -0.569918,
        0.787402 0.378659 -0.567827,
        0.787402 0.478146 -0.571201,
        0.787402 0.477175 -0.575888,
        0.787402 0.475203 -0.580028,
        0.787402 0.472228 -0.583570,
        0.787402 0.464010 -0.548806,
        0.787402 0.464010 -0.550112,
        0.787402 0.479376 -0.548806,
        0.787402 0.468037 -0.551583,
        0.787402 0.476121 -0.559320,
        0.787402 0.477601 -0.563140,
        0.787402 0.478266 -0.568649,
        0.787402 0.472228 -0.554444,
        0.787402 0.473643 -0.555829,
        0.787402 0.468039 -0.586572,
        0.787402 0.464010 -0.588143,
        0.787402 0.464010 -0.601254,
        0.787402 0.463474 -0.588352,
        0.787402 0.456683 -0.589178,
        0.787402 0.445671 -0.589178,
        0.787402 0.445671 -0.549143,
        0.787402 0.457092 -0.549143,
        0.787402 0.463206 -0.549818,
        0.787402 0.383248 -0.640393,
        0.787402 0.384273 -0.638972,
        0.787402 0.384964 -0.630973,
        0.787402 0.400131 -0.652689,
        0.787402 0.393976 -0.653027,
        0.787402 0.405145 -0.652689,
        0.787402 0.414259 -0.653027,
        0.787402 0.386315 -0.652291,
        0.787402 0.380380 -0.653027,
        0.787402 0.388238 -0.653016,
        0.787402 0.388329 -0.653027,
        0.787402 0.383030 -0.649015,
        0.787402 0.382420 -0.647322,
        0.787402 0.382170 -0.645034,
        0.787402 0.400017 -0.624387,
        0.787402 0.412766 -0.628404,
        0.787402 0.413698 -0.627049,
        0.787402 0.385846 -0.637652,
        0.787402 0.388048 -0.636566,
        0.787402 0.387901 -0.629050,
        0.787402 0.391657 -0.635701,
        0.787402 0.396037 -0.627692,
        0.787402 0.394338 -0.627514,
        0.787402 0.391028 -0.627897,
        0.787402 0.400131 -0.648268,
        0.787402 0.399998 -0.648268,
        0.787402 0.398707 -0.650093,
        0.787402 0.397056 -0.651615,
        0.787402 0.384626 -0.651113,
        0.787402 0.384073 -0.650553,
        0.787402 0.396070 -0.652232,
        0.787402 0.394081 -0.653014,
        0.787402 0.382193 -0.644275,
        0.787402 0.382536 -0.642144,
        0.787402 0.389737 -0.624055,
        0.787402 0.394809 -0.623441,
        0.787402 0.397928 -0.623733,
        0.787402 0.384964 -0.626102,
        0.787402 0.386007 -0.625498,
        0.787402 0.401671 -0.625353,
        0.787402 0.402997 -0.626648,
        0.787402 0.412169 -0.630019,
        0.787402 0.404013 -0.628291,
        0.787402 0.404786 -0.630616,
        0.787402 0.400131 -0.634514,
        0.787402 0.399956 -0.632296,
        0.787402 0.399438 -0.630511,
        0.787402 0.398848 -0.629478,
        0.787402 0.414214 -0.637193,
        0.787402 0.411941 -0.646508,
        0.787402 0.414259 -0.637222,
        0.787402 0.413963 -0.647752,
        0.787402 0.414259 -0.647862,
        0.787402 0.413394 -0.636335,
        0.787402 0.412740 -0.635290,
        0.787402 0.405145 -0.634289,
        0.787402 0.412187 -0.633759,
        0.787402 0.411971 -0.631812,
        0.787402 0.398091 -0.628672,
        0.787402 0.397200 -0.628098,
        0.787402 0.411941 -0.651686,
        0.787402 0.414259 -0.652542,
        0.787402 0.414984 -0.652810,
        0.787402 0.416828 -0.653027,
        0.787402 0.419698 -0.653365,
        0.787402 0.414259 -0.668885,
        0.787402 0.380380 -0.668885,
        0.787402 0.391237 -0.653365,
        0.787402 0.429880 -0.624710,
        0.787402 0.429880 -0.629581,
        0.787402 0.415185 -0.625713,
        0.787402 0.416820 -0.624751,
        0.787402 0.414259 -0.626545,
        0.787402 0.431013 -0.646926,
        0.787402 0.430398 -0.648515,
        0.787402 0.429463 -0.649838,
        0.787402 0.419611 -0.623798,
        0.787402 0.423106 -0.623441,
        0.787402 0.426624 -0.623753,
        0.787402 0.429574 -0.640183,
        0.787402 0.430509 -0.641565,
        0.787402 0.431044 -0.643043,
        0.787402 0.431252 -0.644911,
        0.787402 0.428028 -0.651093,
        0.787402 0.426835 -0.651824,
        0.787402 0.422615 -0.627514,
        0.787402 0.421130 -0.627625,
        0.787402 0.417139 -0.631362,
        0.787402 0.419789 -0.627980,
        0.787402 0.418664 -0.628578,
        0.787402 0.417185 -0.632029,
        0.787402 0.417384 -0.632808,
        0.787402 0.417745 -0.633484,
        0.787402 0.418234 -0.634022,
        0.787402 0.420002 -0.635128,
        0.787402 0.425816 -0.627867,
        0.787402 0.423106 -0.636479,
        0.787402 0.428653 -0.628883,
        0.787402 0.425047 -0.637264,
        0.787402 0.428378 -0.639117,
        0.787402 0.417907 -0.629247,
        0.787402 0.417478 -0.629885,
        0.787402 0.417230 -0.630562,
        0.787402 0.417110 -0.648919,
        0.787402 0.419565 -0.640122,
        0.787402 0.416576 -0.638752,
        0.787402 0.420189 -0.649271,
        0.787402 0.420411 -0.649270,
        0.787402 0.422857 -0.641501,
        0.787402 0.422981 -0.648981,
        0.787402 0.426104 -0.645402,
        0.787402 0.426055 -0.644779,
        0.787402 0.424275 -0.648508,
        0.787402 0.424732 -0.648230,
        0.787402 0.425308 -0.647720,
        0.787402 0.425745 -0.647072,
        0.787402 0.426000 -0.646359,
        0.787402 0.425827 -0.643996,
        0.787402 0.425439 -0.643331,
        0.787402 0.424815 -0.642680,
        0.787402 0.456110 -0.624096,
        0.787402 0.461309 -0.624096,
        0.787402 0.464010 -0.653027,
        0.787402 0.446940 -0.645587,
        0.787402 0.447554 -0.647941,
        0.787402 0.447687 -0.647941,
        0.787402 0.441890 -0.631058,
        0.787402 0.448301 -0.645628,
        0.787402 0.447918 -0.646961,
        0.787402 0.441890 -0.653027,
        0.787402 0.441890 -0.644519,
        0.787402 0.433861 -0.624096,
        0.787402 0.439470 -0.624096,
        0.787402 0.445078 -0.652628,
        0.787402 0.444909 -0.653027,
        0.787402 0.442878 -0.657826,
        0.787402 0.432557 -0.668885,
        0.787402 0.434895 -0.665747,
        0.787402 0.434895 -0.661285,
        0.787402 0.440946 -0.660687,
        0.787402 0.441880 -0.659649,
        0.787402 0.441890 -0.659631,
        0.787402 0.435921 -0.661622,
        0.787402 0.437740 -0.661859,
        0.787402 0.441890 -0.665263,
        0.787402 0.440155 -0.665924,
        0.787402 0.441890 -0.668885,
        0.787402 0.438129 -0.666157,
        0.787402 0.437022 -0.666117,
        0.787402 0.439006 -0.661709,
        0.787402 0.440097 -0.661282,
        0.787402 0.448332 -0.657008,
        0.787402 0.446062 -0.661429,
        0.787402 0.464010 -0.668885,
        0.787402 0.449902 -0.653027,
        0.787402 0.444227 -0.663633,
        0.787402 0.443885 -0.663946,
        0.787402 0.442133 -0.665170,
        0.787402 0.487333 -0.612654,
        0.787402 0.487333 -0.617259,
        0.787402 0.488244 -0.648125,
        0.787402 0.492026 -0.653027,
        0.787402 0.488244 -0.652689,
        0.787402 0.479376 -0.653027,
        0.787402 0.471880 -0.634657,
        0.787402 0.471880 -0.648125,
        0.787402 0.479376 -0.634657,
        0.787402 0.479376 -0.648125,
        0.787402 0.486197 -0.634657,
        0.787402 0.486197 -0.630072,
        0.787402 0.479376 -0.630072,
        0.787402 0.479376 -0.617259,
        0.787402 0.471880 -0.630072,
        0.787402 0.471880 -0.617259,
        0.787402 0.479376 -0.652689,
        0.787402 0.466712 -0.652689,
        0.787402 0.528281 -0.634712,
        0.787402 0.527311 -0.639399,
        0.787402 0.530622 -0.652689,
        0.787402 0.525339 -0.643540,
        0.787402 0.522364 -0.647081,
        0.787402 0.545871 -0.612654,
        0.787402 0.551397 -0.612654,
        0.787402 0.528402 -0.632160,
        0.787402 0.527737 -0.626651,
        0.787402 0.507228 -0.612654,
        0.787402 0.513341 -0.613330,
        0.787402 0.518175 -0.650083,
        0.787402 0.513609 -0.651863,
        0.787402 0.506819 -0.652689,
        0.787402 0.522364 -0.617956,
        0.787402 0.523779 -0.619340,
        0.787402 0.526256 -0.622831,
        0.787402 0.556852 -0.641739,
        0.787402 0.540181 -0.641739,
        0.787402 0.560935 -0.652689,
        0.787402 0.536333 -0.652689,
        0.787402 0.748031 -0.653027,
        0.787402 0.518172 -0.615094,
        0.787402 0.566646 -0.652689,
        0.787402 0.495807 -0.652689,
        0.787402 0.495807 -0.612654,
        0.787402 0.748031 -0.668885,
        0.787402 0.492026 -0.668885,
        0.787402 0.479376 -0.668885,
        0.787402 0.748031 -0.269201,
        0.787402 0.492026 -0.269201,
        0.787402 0.479376 -0.269201,
        0.787402 0.464010 -0.269201,
        0.787402 0.441890 -0.269201,
        0.787402 0.432557 -0.269201,
        0.787402 0.414259 -0.269201,
        0.787402 0.380380 -0.269201,
        0.787402 0.399077 -0.548468,
        0.787402 0.396294 -0.548806,
        0.787402 0.748031 -0.787402,
        0.787402 0.492026 -0.787402,
        0.787402 0.479376 -0.787402,
        0.787402 0.464010 -0.787402,
        0.787402 0.441890 -0.787402,
        0.787402 0.432557 -0.787402,
        0.787402 0.414259 -0.787402,
        0.787402 0.380380 -0.787402,
        0.787402 0.377980 -0.787402,
        0.787402 0.377980 -0.668885,
        0.787402 0.377980 -0.653027,
        0.787402 0.377370 -0.648125,
        0.787402 0.377370 -0.652689,
        0.787402 0.355839 -0.652689,
        0.787402 0.376460 -0.617259,
        0.787402 0.355839 -0.612654,
        0.787402 0.376460 -0.612654,
        0.787402 0.361007 -0.634657,
        0.787402 0.361007 -0.648125,
        0.787402 0.375324 -0.634657,
        0.787402 0.375324 -0.630072,
        0.787402 0.361007 -0.630072,
        0.787402 0.361007 -0.617259,
        0.787402 0.361007 -0.549143,
        0.787402 0.361007 -0.584613,
        0.787402 0.376951 -0.584613,
        0.787402 0.355839 -0.589178,
        0.787402 0.355839 -0.549143,
        0.787402 0.376951 -0.589178,
        0.787402 0.377980 -0.269201,
        0.787402 -0.748031 -0.668885,
        0.787402 -0.748031 -0.653027,
        0.787402 -0.748031 -0.601254,
        0.787402 -0.748031 -0.548806,
        0.787402 -0.748031 -0.269201,
        0.787402 0.748031 0.000000,
        0.787402 0.492026 0.000000,
        0.787402 0.479376 0.000000,
        0.787402 0.464010 0.000000,
        0.787402 0.441890 0.000000,
        0.787402 0.432557 0.000000,
        0.787402 0.414259 0.000000,
        0.787402 0.380380 0.000000,
        0.787402 0.377980 0.000000,
        0.787402 0.339445 0.000000,
        0.787402 -0.303291 0.000000,
        0.787402 -0.748031 0.000000,
        -0.787402 0.748031 -0.787402,
        -0.631890 0.639764 -0.787402,
        -0.787402 -0.748031 -0.787402,
        -0.631890 -0.639764 -0.787402,
        -0.767717 -0.782127 -0.787402,
        -0.775870 -0.775870 -0.787402,
        -0.786060 0.758221 -0.787402,
        -0.782127 0.767717 -0.787402,
        -0.775870 0.775870 -0.787402,
        -0.309055 0.639764 -0.787402,
        0.309055 0.639764 -0.787402,
        -0.309055 -0.639764 -0.787402,
        0.309055 -0.639764 -0.787402,
        -0.782127 -0.767717 -0.787402,
        -0.786060 -0.758221 -0.787402,
        -0.767717 0.782127 -0.787402,
        -0.758221 0.786060 -0.787402,
        -0.748031 0.787402 -0.787402,
        0.748031 0.787402 -0.787402,
        0.631890 0.639764 -0.787402,
        0.631890 -0.639764 -0.787402,
        0.758221 -0.786060 -0.787402,
        0.748031 -0.787402 -0.787402,
        -0.748031 -0.787402 -0.787402,
        -0.758221 -0.786060 -0.787402,
        0.786060 -0.758221 -0.787402,
        0.782127 -0.767717 -0.787402,
        0.775870 -0.775870 -0.787402,
        0.767717 -0.782127 -0.787402,
        0.758221 0.786060 -0.787402,
        0.767717 0.782127 -0.787402,
        0.775870 0.775870 -0.787402,
        0.782127 0.767717 -0.787402,
        0.786060 0.758221 -0.787402,
        0.748031 -0.787402 0.000000,
        -0.748031 -0.787402 0.000000,
        -0.787402 -0.748031 0.000000,
        -0.787402 0.748031 0.000000,
        0.748031 0.787402 0.000000,
        -0.748031 0.787402 0.000000,
        -0.786060 -0.758221 0.000000,
        0.786060 0.758221 0.000000,
        0.782127 0.767717 0.000000,
        0.775870 0.775870 0.000000,
        0.767717 0.782127 0.000000,
        0.758221 0.786060 0.000000,
        -0.758221 0.786060 0.000000,
        -0.767717 0.782127 0.000000,
        -0.775870 0.775870 0.000000,
        -0.782127 0.767717 0.000000,
        -0.786060 0.758221 0.000000,
        -0.782127 -0.767717 0.000000,
        -0.775870 -0.775870 0.000000,
        -0.767717 -0.782127 0.000000,
        -0.758221 -0.786060 0.000000,
        0.782127 -0.767717 0.000000,
        0.758221 -0.786060 0.000000,
        0.775870 -0.775870 0.000000,
        0.767717 -0.782127 0.000000,
        0.786060 -0.758221 0.000000,
      ]
    }
    coordIndex [
      0, 1, 2, -1,
      3, 4, 5, -1,
      6, 7, 8, -1,
      9, 10, 11, -1,
      12, 13, 14, -1,
      14, 13, 15, -1,
      14, 15, 16, -1,
      17, 18, 19, -1,
      19, 18, 14, -1,
      19, 14, 20, -1,
      20, 14, 21, -1,
      16, 22, 14, -1,
      14, 22, 23, -1,
      14, 23, 21, -1,
      24, 25, 26, -1,
      26, 25, 27, -1,
      27, 25, 28, -1,
      28, 25, 29, -1,
      28, 29, 30, -1,
      30, 29, 31, -1,
      30, 31, 32, -1,
      31, 33, 34, -1,
      34, 35, 31, -1,
      31, 35, 36, -1,
      31, 36, 37, -1,
      31, 38, 32, -1,
      32, 38, 39, -1,
      32, 39, 40, -1,
      40, 39, 41, -1,
      40, 41, 42, -1,
      37, 43, 31, -1,
      31, 43, 44, -1,
      31, 44, 38, -1,
      45, 46, 47, -1,
      47, 46, 48, -1,
      47, 48, 49, -1,
      49, 50, 47, -1,
      47, 50, 51, -1,
      47, 51, 33, -1,
      33, 51, 52, -1,
      33, 52, 34, -1,
      53, 45, 54, -1,
      54, 45, 47, -1,
      54, 47, 55, -1,
      55, 47, 56, -1,
      57, 58, 59, -1,
      59, 58, 60, -1,
      60, 61, 59, -1,
      59, 61, 62, -1,
      59, 62, 1, -1,
      1, 62, 63, -1,
      1, 63, 2, -1,
      2, 63, 64, -1,
      2, 64, 47, -1,
      47, 64, 65, -1,
      47, 65, 56, -1,
      66, 67, 57, -1,
      57, 67, 68, -1,
      57, 68, 69, -1,
      69, 70, 57, -1,
      57, 70, 71, -1,
      57, 71, 58, -1,
      72, 73, 74, -1,
      75, 76, 66, -1,
      77, 78, 79, -1,
      79, 78, 80, -1,
      72, 74, 81, -1,
      75, 66, 82, -1,
      83, 84, 78, -1,
      78, 84, 85, -1,
      78, 85, 86, -1,
      17, 87, 18, -1,
      18, 87, 88, -1,
      18, 88, 66, -1,
      66, 88, 89, -1,
      66, 89, 82, -1,
      73, 90, 74, -1,
      74, 90, 91, -1,
      74, 91, 92, -1,
      93, 94, 95, -1,
      95, 94, 96, -1,
      95, 96, 97, -1,
      98, 86, 99, -1,
      99, 86, 100, -1,
      99, 100, 95, -1,
      95, 100, 101, -1,
      95, 101, 93, -1,
      98, 102, 86, -1,
      86, 102, 103, -1,
      86, 103, 78, -1,
      78, 103, 104, -1,
      78, 104, 80, -1,
      105, 106, 107, -1,
      107, 106, 108, -1,
      107, 108, 74, -1,
      74, 108, 109, -1,
      74, 109, 81, -1,
      110, 111, 74, -1,
      74, 111, 112, -1,
      74, 112, 78, -1,
      78, 112, 113, -1,
      78, 113, 83, -1,
      114, 115, 67, -1,
      67, 115, 116, -1,
      67, 116, 117, -1,
      117, 118, 67, -1,
      67, 118, 119, -1,
      67, 119, 120, -1,
      120, 119, 105, -1,
      120, 105, 121, -1,
      121, 105, 107, -1,
      76, 122, 66, -1,
      66, 122, 123, -1,
      66, 123, 67, -1,
      67, 123, 124, -1,
      67, 124, 114, -1,
      92, 125, 74, -1,
      74, 125, 126, -1,
      74, 126, 127, -1,
      127, 128, 74, -1,
      74, 128, 129, -1,
      74, 129, 110, -1,
      130, 131, 132, -1,
      131, 133, 132, -1,
      132, 133, 134, -1,
      132, 134, 135, -1,
      85, 132, 86, -1,
      86, 132, 136, -1,
      86, 136, 137, -1,
      138, 139, 140, -1,
      140, 139, 141, -1,
      140, 141, 142, -1,
      138, 140, 85, -1,
      85, 140, 143, -1,
      85, 143, 132, -1,
      132, 143, 144, -1,
      132, 144, 130, -1,
      145, 146, 147, -1,
      147, 146, 148, -1,
      147, 148, 149, -1,
      135, 134, 150, -1,
      150, 134, 151, -1,
      150, 151, 152, -1,
      152, 151, 153, -1,
      152, 153, 154, -1,
      137, 155, 86, -1,
      86, 155, 147, -1,
      86, 147, 156, -1,
      156, 147, 149, -1,
      157, 9, 158, -1,
      159, 157, 160, -1,
      160, 161, 159, -1,
      159, 161, 162, -1,
      159, 162, 163, -1,
      163, 162, 164, -1,
      165, 166, 5, -1,
      9, 11, 158, -1,
      158, 11, 167, -1,
      158, 167, 165, -1,
      168, 169, 170, -1,
      171, 172, 173, -1,
      173, 172, 174, -1,
      173, 174, 175, -1,
      176, 177, 178, -1,
      178, 177, 179, -1,
      178, 179, 180, -1,
      180, 179, 168, -1,
      180, 168, 181, -1,
      182, 183, 184, -1,
      184, 183, 185, -1,
      184, 185, 171, -1,
      170, 169, 186, -1,
      186, 169, 187, -1,
      186, 187, 188, -1,
      175, 174, 189, -1,
      189, 174, 190, -1,
      189, 190, 191, -1,
      192, 190, 193, -1,
      193, 190, 194, -1,
      187, 191, 188, -1,
      188, 191, 190, -1,
      188, 190, 195, -1,
      195, 190, 192, -1,
      196, 195, 197, -1,
      197, 198, 196, -1,
      196, 198, 199, -1,
      196, 199, 200, -1,
      200, 201, 196, -1,
      196, 201, 202, -1,
      196, 202, 203, -1,
      195, 196, 188, -1,
      188, 196, 204, -1,
      188, 204, 205, -1,
      206, 207, 208, -1,
      208, 207, 209, -1,
      208, 209, 210, -1,
      203, 211, 196, -1,
      196, 211, 212, -1,
      196, 212, 213, -1,
      213, 214, 196, -1,
      196, 214, 215, -1,
      196, 215, 216, -1,
      216, 215, 217, -1,
      217, 215, 218, -1,
      218, 215, 219, -1,
      218, 219, 220, -1,
      220, 221, 218, -1,
      218, 221, 222, -1,
      218, 222, 223, -1,
      223, 222, 224, -1,
      205, 225, 188, -1,
      188, 225, 226, -1,
      188, 226, 208, -1,
      208, 226, 227, -1,
      208, 227, 206, -1,
      228, 229, 230, -1,
      230, 231, 228, -1,
      228, 231, 232, -1,
      228, 232, 233, -1,
      210, 234, 208, -1,
      208, 234, 235, -1,
      208, 235, 236, -1,
      237, 238, 228, -1,
      228, 238, 239, -1,
      228, 239, 229, -1,
      235, 240, 236, -1,
      236, 240, 241, -1,
      236, 241, 237, -1,
      237, 241, 242, -1,
      237, 242, 238, -1,
      243, 244, 5, -1,
      5, 244, 245, -1,
      5, 245, 246, -1,
      247, 248, 249, -1,
      249, 248, 250, -1,
      251, 252, 249, -1,
      249, 252, 253, -1,
      250, 254, 249, -1,
      249, 254, 255, -1,
      249, 255, 251, -1,
      164, 162, 166, -1,
      166, 162, 249, -1,
      166, 249, 5, -1,
      5, 249, 253, -1,
      5, 253, 243, -1,
      256, 257, 258, -1,
      258, 257, 259, -1,
      260, 261, 170, -1,
      170, 261, 172, -1,
      170, 172, 168, -1,
      168, 172, 171, -1,
      168, 171, 181, -1,
      181, 171, 185, -1,
      261, 262, 172, -1,
      172, 262, 263, -1,
      172, 263, 247, -1,
      247, 263, 264, -1,
      247, 264, 248, -1,
      265, 266, 267, -1,
      268, 269, 270, -1,
      270, 269, 271, -1,
      272, 273, 274, -1,
      274, 273, 275, -1,
      276, 277, 273, -1,
      273, 277, 278, -1,
      279, 280, 281, -1,
      266, 282, 267, -1,
      267, 282, 283, -1,
      267, 283, 284, -1,
      284, 283, 285, -1,
      286, 287, 285, -1,
      285, 287, 288, -1,
      285, 288, 284, -1,
      289, 290, 268, -1,
      268, 290, 291, -1,
      268, 291, 292, -1,
      272, 293, 273, -1,
      273, 293, 294, -1,
      273, 294, 276, -1,
      292, 295, 268, -1,
      268, 295, 296, -1,
      268, 296, 269, -1,
      208, 297, 298, -1,
      299, 300, 208, -1,
      208, 300, 301, -1,
      265, 267, 298, -1,
      298, 267, 302, -1,
      298, 302, 208, -1,
      208, 302, 303, -1,
      208, 303, 299, -1,
      279, 304, 280, -1,
      280, 304, 305, -1,
      280, 305, 306, -1,
      306, 305, 307, -1,
      306, 307, 308, -1,
      309, 310, 285, -1,
      285, 310, 311, -1,
      285, 311, 312, -1,
      313, 314, 315, -1,
      315, 314, 316, -1,
      315, 316, 317, -1,
      318, 319, 320, -1,
      320, 319, 321, -1,
      320, 321, 308, -1,
      308, 321, 322, -1,
      308, 322, 306, -1,
      312, 323, 285, -1,
      285, 323, 324, -1,
      285, 324, 286, -1,
      313, 318, 314, -1,
      314, 318, 320, -1,
      314, 320, 325, -1,
      325, 320, 270, -1,
      325, 270, 326, -1,
      326, 270, 271, -1,
      326, 271, 327, -1,
      327, 271, 328, -1,
      329, 328, 330, -1,
      330, 328, 271, -1,
      330, 271, 331, -1,
      331, 271, 269, -1,
      331, 269, 332, -1,
      333, 334, 8, -1,
      335, 336, 188, -1,
      301, 279, 208, -1,
      208, 279, 281, -1,
      208, 281, 188, -1,
      188, 281, 337, -1,
      188, 337, 335, -1,
      338, 339, 8, -1,
      8, 339, 340, -1,
      336, 341, 188, -1,
      188, 341, 342, -1,
      188, 342, 186, -1,
      186, 342, 343, -1,
      186, 343, 333, -1,
      344, 345, 334, -1,
      334, 345, 346, -1,
      334, 346, 8, -1,
      8, 346, 347, -1,
      8, 347, 338, -1,
      340, 348, 8, -1,
      8, 348, 349, -1,
      8, 349, 6, -1,
      350, 351, 352, -1,
      352, 351, 353, -1,
      352, 353, 354, -1,
      352, 355, 350, -1,
      350, 355, 356, -1,
      350, 356, 357, -1,
      357, 358, 350, -1,
      350, 358, 359, -1,
      350, 359, 360, -1,
      360, 359, 361, -1,
      360, 361, 362, -1,
      362, 361, 363, -1,
      362, 363, 334, -1,
      334, 363, 364, -1,
      334, 364, 344, -1,
      365, 366, 354, -1,
      354, 366, 367, -1,
      354, 367, 352, -1,
      368, 369, 317, -1,
      317, 369, 370, -1,
      317, 370, 315, -1,
      368, 371, 369, -1,
      369, 371, 372, -1,
      369, 372, 373, -1,
      373, 372, 374, -1,
      373, 375, 376, -1,
      374, 377, 373, -1,
      373, 377, 378, -1,
      373, 378, 379, -1,
      379, 380, 373, -1,
      373, 380, 381, -1,
      373, 381, 375, -1,
      376, 382, 373, -1,
      373, 382, 383, -1,
      373, 383, 384, -1,
      385, 386, 258, -1,
      258, 386, 387, -1,
      388, 389, 390, -1,
      259, 260, 258, -1,
      258, 260, 170, -1,
      258, 170, 385, -1,
      385, 170, 391, -1,
      385, 391, 392, -1,
      392, 391, 388, -1,
      392, 388, 393, -1,
      393, 388, 390, -1,
      394, 395, 8, -1,
      8, 395, 396, -1,
      333, 8, 186, -1,
      186, 8, 396, -1,
      186, 396, 170, -1,
      170, 396, 397, -1,
      170, 397, 391, -1,
      398, 395, 399, -1,
      399, 395, 394, -1,
      399, 394, 400, -1,
      401, 402, 403, -1,
      404, 405, 394, -1,
      394, 405, 406, -1,
      394, 406, 400, -1,
      329, 330, 7, -1,
      7, 330, 401, -1,
      7, 401, 8, -1,
      8, 401, 403, -1,
      8, 403, 394, -1,
      394, 403, 407, -1,
      394, 407, 408, -1,
      409, 410, 411, -1,
      411, 410, 412, -1,
      411, 412, 401, -1,
      401, 412, 413, -1,
      401, 413, 402, -1,
      408, 414, 394, -1,
      394, 414, 415, -1,
      394, 415, 404, -1,
      416, 417, 418, -1,
      416, 418, 419, -1,
      417, 420, 418, -1,
      418, 420, 421, -1,
      418, 421, 411, -1,
      411, 421, 422, -1,
      411, 422, 409, -1,
      165, 5, 158, -1,
      158, 5, 4, -1,
      158, 4, 423, -1,
      423, 424, 158, -1,
      158, 424, 425, -1,
      158, 425, 426, -1,
      426, 425, 427, -1,
      426, 427, 428, -1,
      429, 430, 431, -1,
      431, 430, 432, -1,
      431, 432, 433, -1,
      433, 432, 425, -1,
      433, 425, 434, -1,
      434, 425, 424, -1,
      434, 424, 435, -1,
      435, 424, 436, -1,
      435, 436, 437, -1,
      437, 436, 438, -1,
      427, 439, 428, -1,
      428, 439, 440, -1,
      428, 440, 387, -1,
      387, 440, 3, -1,
      387, 3, 258, -1,
      258, 3, 5, -1,
      258, 5, 256, -1,
      256, 5, 246, -1,
      441, 442, 443, -1,
      443, 442, 444, -1,
      443, 444, 445, -1,
      158, 446, 447, -1,
      441, 443, 448, -1,
      448, 443, 446, -1,
      448, 446, 449, -1,
      450, 451, 158, -1,
      445, 452, 443, -1,
      443, 452, 453, -1,
      443, 453, 454, -1,
      455, 456, 446, -1,
      446, 456, 457, -1,
      446, 457, 449, -1,
      458, 459, 460, -1,
      460, 459, 461, -1,
      460, 461, 462, -1,
      158, 451, 446, -1,
      446, 451, 463, -1,
      446, 463, 455, -1,
      157, 158, 160, -1,
      160, 158, 447, -1,
      160, 447, 462, -1,
      462, 447, 464, -1,
      462, 464, 460, -1,
      461, 443, 462, -1,
      462, 443, 454, -1,
      462, 454, 426, -1,
      426, 454, 465, -1,
      426, 465, 158, -1,
      158, 465, 466, -1,
      158, 466, 450, -1,
      467, 462, 468, -1,
      468, 462, 426, -1,
      468, 426, 469, -1,
      469, 426, 428, -1,
      469, 428, 418, -1,
      418, 428, 387, -1,
      418, 387, 419, -1,
      419, 387, 386, -1,
      161, 470, 162, -1,
      162, 470, 471, -1,
      162, 471, 249, -1,
      249, 471, 472, -1,
      249, 472, 247, -1,
      247, 472, 473, -1,
      247, 473, 172, -1,
      172, 473, 474, -1,
      172, 474, 174, -1,
      174, 474, 475, -1,
      174, 475, 190, -1,
      190, 475, 476, -1,
      190, 476, 194, -1,
      194, 476, 477, -1,
      194, 477, 478, -1,
      478, 477, 479, -1,
      480, 467, 481, -1,
      481, 467, 468, -1,
      481, 468, 482, -1,
      482, 468, 469, -1,
      482, 469, 483, -1,
      483, 469, 418, -1,
      483, 418, 484, -1,
      484, 418, 411, -1,
      484, 411, 485, -1,
      485, 411, 401, -1,
      485, 401, 486, -1,
      486, 401, 330, -1,
      486, 330, 487, -1,
      487, 330, 331, -1,
      487, 331, 488, -1,
      488, 331, 489, -1,
      488, 489, 59, -1,
      332, 275, 331, -1,
      331, 275, 273, -1,
      331, 273, 489, -1,
      489, 273, 490, -1,
      491, 492, 490, -1,
      490, 492, 493, -1,
      278, 297, 273, -1,
      273, 297, 208, -1,
      273, 208, 490, -1,
      490, 208, 236, -1,
      490, 236, 491, -1,
      491, 236, 494, -1,
      59, 489, 57, -1,
      57, 489, 490, -1,
      57, 490, 66, -1,
      66, 490, 493, -1,
      66, 493, 18, -1,
      18, 493, 495, -1,
      18, 495, 236, -1,
      236, 495, 496, -1,
      236, 496, 494, -1,
      497, 498, 499, -1,
      499, 498, 491, -1,
      499, 491, 500, -1,
      500, 491, 494, -1,
      500, 494, 501, -1,
      501, 494, 502, -1,
      503, 504, 505, -1,
      506, 507, 14, -1,
      14, 507, 503, -1,
      14, 503, 237, -1,
      237, 503, 505, -1,
      237, 505, 236, -1,
      236, 505, 508, -1,
      236, 508, 18, -1,
      18, 508, 506, -1,
      18, 506, 14, -1,
      233, 479, 228, -1,
      228, 479, 477, -1,
      228, 477, 237, -1,
      237, 477, 509, -1,
      237, 509, 14, -1,
      14, 509, 25, -1,
      14, 25, 12, -1,
      12, 25, 24, -1,
      0, 2, 510, -1,
      510, 2, 47, -1,
      510, 47, 511, -1,
      511, 47, 33, -1,
      511, 33, 512, -1,
      512, 33, 31, -1,
      512, 31, 513, -1,
      513, 31, 29, -1,
      513, 29, 514, -1,
      470, 515, 471, -1,
      471, 515, 516, -1,
      471, 516, 472, -1,
      472, 516, 517, -1,
      472, 517, 473, -1,
      473, 517, 518, -1,
      473, 518, 474, -1,
      474, 518, 519, -1,
      474, 519, 475, -1,
      475, 519, 520, -1,
      475, 520, 476, -1,
      476, 520, 521, -1,
      476, 521, 477, -1,
      477, 521, 522, -1,
      477, 522, 509, -1,
      509, 522, 523, -1,
      509, 523, 25, -1,
      25, 523, 524, -1,
      25, 524, 29, -1,
      29, 524, 525, -1,
      29, 525, 514, -1,
      514, 525, 526, -1,
      527, 528, 529, -1,
      529, 528, 530, -1,
      530, 531, 532, -1,
      527, 533, 528, -1,
      528, 533, 534, -1,
      528, 534, 535, -1,
      536, 537, 538, -1,
      538, 537, 539, -1,
      532, 540, 530, -1,
      530, 540, 541, -1,
      530, 541, 529, -1,
      535, 542, 528, -1,
      528, 542, 543, -1,
      528, 543, 536, -1,
      536, 543, 544, -1,
      536, 544, 537, -1,
      537, 544, 545, -1,
      537, 545, 546, -1,
      547, 548, 539, -1,
      539, 548, 549, -1,
      539, 549, 538, -1,
      538, 549, 550, -1,
      538, 550, 530, -1,
      530, 550, 551, -1,
      530, 551, 531, -1,
      547, 546, 480, -1,
      480, 0, 547, -1,
      547, 0, 552, -1,
      547, 552, 553, -1,
      553, 554, 547, -1,
      547, 554, 555, -1,
      547, 555, 548, -1,
      545, 556, 546, -1,
      546, 556, 557, -1,
      546, 557, 558, -1,
      558, 559, 546, -1,
      546, 559, 560, -1,
      546, 560, 480, -1,
      561, 562, 549, -1,
      549, 562, 550, -1,
      563, 564, 529, -1,
      529, 564, 527, -1,
      545, 544, 565, -1,
      565, 544, 566, -1,
      567, 562, 563, -1,
      563, 562, 526, -1,
      563, 526, 564, -1,
      564, 526, 515, -1,
      564, 515, 565, -1,
      565, 515, 568, -1,
      568, 569, 570, -1,
      570, 571, 568, -1,
      568, 571, 572, -1,
      568, 572, 565, -1,
      565, 566, 564, -1,
      564, 566, 573, -1,
      564, 573, 574, -1,
      574, 575, 564, -1,
      564, 575, 576, -1,
      564, 576, 577, -1,
      567, 578, 579, -1,
      579, 580, 567, -1,
      567, 580, 581, -1,
      567, 581, 562, -1,
      582, 583, 584, -1,
      584, 583, 585, -1,
      562, 561, 526, -1,
      526, 561, 583, -1,
      526, 583, 586, -1,
      586, 583, 582, -1,
      545, 565, 572, -1,
      545, 572, 556, -1,
      556, 572, 571, -1,
      556, 571, 557, -1,
      557, 571, 570, -1,
      557, 570, 558, -1,
      558, 570, 569, -1,
      558, 569, 559, -1,
      559, 569, 568, -1,
      559, 568, 560, -1,
      560, 568, 515, -1,
      560, 515, 480, -1,
      0, 526, 586, -1,
      0, 586, 552, -1,
      552, 586, 582, -1,
      552, 582, 553, -1,
      553, 582, 584, -1,
      553, 584, 554, -1,
      554, 584, 585, -1,
      554, 585, 555, -1,
      555, 585, 583, -1,
      555, 583, 548, -1,
      548, 583, 561, -1,
      548, 561, 549, -1,
      550, 562, 581, -1,
      550, 581, 551, -1,
      551, 581, 580, -1,
      551, 580, 531, -1,
      531, 580, 579, -1,
      531, 579, 532, -1,
      532, 579, 578, -1,
      532, 578, 540, -1,
      540, 578, 567, -1,
      540, 567, 541, -1,
      541, 567, 563, -1,
      541, 563, 529, -1,
      527, 564, 577, -1,
      527, 577, 533, -1,
      533, 577, 576, -1,
      533, 576, 534, -1,
      534, 576, 575, -1,
      534, 575, 535, -1,
      535, 575, 574, -1,
      535, 574, 542, -1,
      542, 574, 573, -1,
      542, 573, 543, -1,
      543, 573, 566, -1,
      543, 566, 544, -1,
    ]
  }
}

Shape {
  appearance Appearance {
    material Material {
      diffuseColor 1.0000 1.0000 1.0000
      specularColor 0.5020 0.5020 0.5020
      ambientIntensity 0.2
      transparency 0.0000
      shininess 0.5
    }
  }
  geometry IndexedFaceSet {
    ccw TRUE
    solid FALSE
    coord DEF co Coordinate {
      point [
        -0.631890 0.639764 -0.787402,
        -0.631890 -0.639764 -0.787402,
        -0.309055 0.639764 -0.787402,
        0.309055 0.639764 -0.787402,
        -0.309055 -0.639764 -0.787402,
        0.309055 -0.639764 -0.787402,
        0.631890 0.639764 -0.787402,
        0.631890 -0.639764 -0.787402,
        -0.592520 -0.600394 -0.826772,
        -0.592520 0.600394 -0.826772,
        -0.348425 -0.600394 -0.826772,
        -0.348425 0.600394 -0.826772,
        0.348425 0.600394 -0.826772,
        0.592520 0.600394 -0.826772,
        0.348425 -0.600394 -0.826772,
        0.592520 -0.600394 -0.826772,
        0.620359 0.628233 -0.815241,
        0.612205 -0.620079 -0.821497,
        0.612205 0.620079 -0.821497,
        0.602709 -0.610583 -0.825430,
        0.602709 0.610583 -0.825430,
        0.631553 0.639427 -0.792540,
        0.631553 -0.639427 -0.792540,
        0.630548 0.638422 -0.797591,
        0.630548 -0.638422 -0.797591,
        0.628893 0.636767 -0.802468,
        0.628893 -0.636767 -0.802468,
        0.626615 0.634489 -0.807087,
        0.626615 -0.634489 -0.807087,
        0.623754 0.631628 -0.811369,
        0.623754 -0.631628 -0.811369,
        0.620359 -0.628233 -0.815241,
        0.328740 -0.620079 -0.821497,
        0.338235 -0.610583 -0.825430,
        0.309392 -0.639427 -0.792540,
        0.310396 -0.638422 -0.797591,
        0.312052 -0.636767 -0.802468,
        0.314330 -0.634489 -0.807087,
        0.317191 -0.631628 -0.811369,
        0.320586 -0.628233 -0.815241,
        0.320586 0.628233 -0.815241,
        0.317191 0.631628 -0.811369,
        0.314330 0.634489 -0.807087,
        0.312052 0.636767 -0.802468,
        0.310396 0.638422 -0.797591,
        0.309392 0.639427 -0.792540,
        0.328740 0.620079 -0.821497,
        0.338235 0.610583 -0.825430,
        -0.620359 0.628233 -0.815241,
        -0.328740 0.620079 -0.821497,
        -0.612205 0.620079 -0.821497,
        -0.338235 0.610583 -0.825430,
        -0.602709 0.610583 -0.825430,
        -0.631553 0.639427 -0.792540,
        -0.309392 0.639427 -0.792540,
        -0.630548 0.638422 -0.797591,
        -0.310396 0.638422 -0.797591,
        -0.628893 0.636767 -0.802468,
        -0.312052 0.636767 -0.802468,
        -0.626615 0.634489 -0.807087,
        -0.314330 0.634489 -0.807087,
        -0.623754 0.631628 -0.811369,
        -0.317191 0.631628 -0.811369,
        -0.320586 0.628233 -0.815241,
        -0.328740 -0.620079 -0.821497,
        -0.338235 -0.610583 -0.825430,
        -0.309392 -0.639427 -0.792540,
        -0.310396 -0.638422 -0.797591,
        -0.312052 -0.636767 -0.802468,
        -0.314330 -0.634489 -0.807087,
        -0.317191 -0.631628 -0.811369,
        -0.320586 -0.628233 -0.815241,
        -0.631553 -0.639427 -0.792540,
        -0.630548 -0.638422 -0.797591,
        -0.628893 -0.636767 -0.802468,
        -0.626615 -0.634489 -0.807087,
        -0.623754 -0.631628 -0.811369,
        -0.620359 -0.628233 -0.815241,
        -0.612205 -0.620079 -0.821497,
        -0.602709 -0.610583 -0.825430,
      ]
    }
    coordIndex [
      8, 9, 10, -1,
      10, 9, 11, -1,
      12, 13, 14, -1,
      14, 13, 15, -1,
      16, 17, 18, -1,
      18, 17, 19, -1,
      18, 19, 20, -1,
      20, 19, 15, -1,
      20, 15, 13, -1,
      6, 7, 21, -1,
      21, 7, 22, -1,
      21, 22, 23, -1,
      23, 22, 24, -1,
      23, 24, 25, -1,
      25, 24, 26, -1,
      25, 26, 27, -1,
      27, 26, 28, -1,
      27, 28, 29, -1,
      29, 28, 30, -1,
      29, 30, 16, -1,
      16, 30, 31, -1,
      16, 31, 17, -1,
      31, 32, 17, -1,
      17, 32, 33, -1,
      17, 33, 19, -1,
      19, 33, 14, -1,
      19, 14, 15, -1,
      7, 5, 22, -1,
      22, 5, 34, -1,
      22, 34, 24, -1,
      24, 34, 35, -1,
      24, 35, 26, -1,
      26, 35, 36, -1,
      26, 36, 28, -1,
      28, 36, 37, -1,
      28, 37, 30, -1,
      30, 37, 38, -1,
      30, 38, 31, -1,
      31, 38, 39, -1,
      31, 39, 32, -1,
      40, 41, 29, -1,
      29, 41, 42, -1,
      29, 42, 27, -1,
      27, 42, 43, -1,
      27, 43, 25, -1,
      25, 43, 44, -1,
      25, 44, 23, -1,
      23, 44, 45, -1,
      23, 45, 21, -1,
      21, 45, 3, -1,
      21, 3, 6, -1,
      29, 16, 40, -1,
      40, 16, 18, -1,
      40, 18, 46, -1,
      46, 18, 20, -1,
      46, 20, 47, -1,
      47, 20, 13, -1,
      47, 13, 12, -1,
      12, 14, 33, -1,
      12, 33, 47, -1,
      47, 33, 32, -1,
      47, 32, 46, -1,
      46, 32, 39, -1,
      46, 39, 40, -1,
      40, 39, 41, -1,
      41, 39, 38, -1,
      41, 38, 42, -1,
      35, 43, 36, -1,
      36, 43, 42, -1,
      36, 42, 37, -1,
      37, 42, 38, -1,
      5, 3, 34, -1,
      34, 3, 45, -1,
      34, 45, 35, -1,
      35, 45, 44, -1,
      35, 44, 43, -1,
      48, 49, 50, -1,
      50, 49, 51, -1,
      50, 51, 52, -1,
      52, 51, 11, -1,
      52, 11, 9, -1,
      0, 2, 53, -1,
      53, 2, 54, -1,
      53, 54, 55, -1,
      55, 54, 56, -1,
      55, 56, 57, -1,
      57, 56, 58, -1,
      57, 58, 59, -1,
      59, 58, 60, -1,
      59, 60, 61, -1,
      61, 60, 62, -1,
      61, 62, 48, -1,
      48, 62, 63, -1,
      48, 63, 49, -1,
      63, 64, 49, -1,
      49, 64, 65, -1,
      49, 65, 51, -1,
      51, 65, 10, -1,
      51, 10, 11, -1,
      2, 4, 54, -1,
      54, 4, 66, -1,
      54, 66, 56, -1,
      56, 66, 67, -1,
      56, 67, 58, -1,
      58, 67, 68, -1,
      58, 68, 60, -1,
      60, 68, 69, -1,
      60, 69, 62, -1,
      62, 69, 70, -1,
      62, 70, 63, -1,
      63, 70, 71, -1,
      63, 71, 64, -1,
      1, 0, 53, -1,
      1, 53, 72, -1,
      72, 53, 55, -1,
      72, 55, 73, -1,
      73, 55, 74, -1,
      74, 55, 57, -1,
      74, 57, 75, -1,
      75, 57, 59, -1,
      75, 59, 76, -1,
      76, 59, 61, -1,
      76, 61, 77, -1,
      61, 48, 77, -1,
      77, 48, 50, -1,
      77, 50, 78, -1,
      78, 50, 52, -1,
      78, 52, 79, -1,
      79, 52, 9, -1,
      79, 9, 8, -1,
      76, 77, 71, -1,
      71, 77, 78, -1,
      71, 78, 64, -1,
      64, 78, 79, -1,
      64, 79, 65, -1,
      65, 79, 8, -1,
      65, 8, 10, -1,
      71, 70, 76, -1,
      76, 70, 69, -1,
      76, 69, 75, -1,
      75, 69, 68, -1,
      75, 68, 74, -1,
      74, 68, 67, -1,
      74, 67, 73, -1,
      73, 67, 66, -1,
      73, 66, 72, -1,
      72, 66, 4, -1,
      72, 4, 1, -1,
    ]
  }
}

Shape {
  appearance Appearance {
    material Material {
      diffuseColor 0.7529 0.7529 0.7529
      specularColor 0.3765 0.3765 0.3765
      ambientIntensity 0.2
      transparency 0.0000
      shininess 0.5
    }
  }
  geometry IndexedFaceSet {
    ccw TRUE
    solid FALSE
    coord DEF co Coordinate {
      point [
        0.787402 0.438109 -0.584613,
        0.787402 0.438109 -0.589178,
        0.787402 0.437198 -0.553748,
        0.787402 0.437198 -0.549143,
        0.787402 0.432557 -0.549143,
        0.787402 0.421744 -0.571146,
        0.787402 0.421744 -0.584613,
        0.787402 0.432557 -0.571146,
        0.787402 0.432557 -0.584613,
        0.787402 0.436062 -0.571146,
        0.787402 0.436062 -0.566561,
        0.787402 0.421744 -0.553748,
        0.787402 0.421744 -0.566561,
        0.787402 0.432557 -0.553748,
        0.787402 0.432557 -0.566561,
        0.787402 0.432557 -0.589178,
        0.787402 0.416576 -0.549143,
        0.787402 0.416576 -0.589178,
        0.787402 0.408563 -0.550105,
        0.787402 0.404319 -0.548880,
        0.787402 0.403375 -0.548806,
        0.787402 0.408563 -0.555509,
        0.787402 0.408563 -0.582567,
        0.787402 0.408118 -0.555268,
        0.787402 0.404057 -0.553723,
        0.787402 0.399128 -0.553134,
        0.787402 0.397220 -0.553229,
        0.787402 0.393787 -0.553968,
        0.787402 0.390674 -0.555501,
        0.787402 0.388219 -0.557576,
        0.787402 0.408563 -0.587520,
        0.787402 0.407880 -0.587860,
        0.787402 0.390720 -0.588844,
        0.787402 0.386943 -0.587062,
        0.787402 0.383726 -0.584389,
        0.787402 0.383394 -0.584026,
        0.787402 0.387945 -0.557875,
        0.787402 0.386011 -0.560658,
        0.787402 0.384670 -0.564117,
        0.787402 0.384013 -0.569611,
        0.787402 0.384080 -0.571441,
        0.787402 0.404620 -0.584337,
        0.787402 0.400091 -0.585179,
        0.787402 0.398227 -0.585248,
        0.787402 0.384774 -0.575366,
        0.787402 0.386117 -0.578547,
        0.787402 0.387942 -0.581031,
        0.787402 0.389080 -0.582119,
        0.787402 0.394741 -0.584891,
        0.787402 0.391793 -0.583886,
        0.787402 0.403582 -0.589270,
        0.787402 0.397480 -0.589853,
        0.787402 0.395058 -0.589739,
        0.787402 0.381469 -0.558154,
        0.787402 0.384370 -0.554362,
        0.787402 0.385361 -0.553417,
        0.787402 0.389109 -0.550793,
        0.787402 0.393294 -0.549170,
        0.787402 0.381006 -0.580607,
        0.787402 0.380380 -0.579002,
        0.787402 0.379567 -0.562600,
        0.787402 0.380380 -0.560700,
        0.787402 0.379376 -0.576428,
        0.787402 0.378589 -0.569918,
        0.787402 0.378659 -0.567827,
        0.787402 0.478146 -0.571201,
        0.787402 0.477175 -0.575888,
        0.787402 0.475203 -0.580028,
        0.787402 0.472228 -0.583570,
        0.787402 0.464010 -0.550112,
        0.787402 0.468037 -0.551583,
        0.787402 0.476121 -0.559320,
        0.787402 0.477601 -0.563140,
        0.787402 0.478266 -0.568649,
        0.787402 0.472228 -0.554444,
        0.787402 0.473643 -0.555829,
        0.787402 0.468039 -0.586572,
        0.787402 0.464010 -0.588143,
        0.787402 0.463474 -0.588352,
        0.787402 0.456683 -0.589178,
        0.787402 0.445671 -0.589178,
        0.787402 0.445671 -0.549143,
        0.787402 0.457092 -0.549143,
        0.787402 0.463206 -0.549818,
        0.787402 0.399077 -0.548468,
        0.787402 0.396294 -0.548806,
        0.787402 0.361007 -0.549143,
        0.787402 0.361007 -0.584613,
        0.787402 0.376951 -0.584613,
        0.787402 0.355839 -0.589178,
        0.787402 0.355839 -0.549143,
        0.787402 0.376951 -0.589178,
        0.791339 0.376951 -0.584613,
        0.791339 0.376951 -0.589178,
        0.791339 0.361007 -0.584613,
        0.791339 0.361007 -0.549143,
        0.791339 0.355839 -0.549143,
        0.791339 0.355839 -0.589178,
        0.791339 0.397480 -0.589853,
        0.791339 0.403582 -0.589270,
        0.791339 0.407880 -0.587860,
        0.791339 0.408563 -0.587520,
        0.791339 0.408563 -0.582567,
        0.791339 0.404620 -0.584337,
        0.791339 0.400091 -0.585179,
        0.791339 0.398227 -0.585248,
        0.791339 0.394741 -0.584891,
        0.791339 0.391793 -0.583886,
        0.791339 0.389080 -0.582119,
        0.791339 0.387942 -0.581031,
        0.791339 0.386117 -0.578547,
        0.791339 0.384774 -0.575366,
        0.791339 0.384080 -0.571441,
        0.791339 0.384013 -0.569611,
        0.791339 0.384670 -0.564117,
        0.791339 0.386011 -0.560658,
        0.791339 0.387945 -0.557875,
        0.791339 0.388219 -0.557576,
        0.791339 0.390674 -0.555501,
        0.791339 0.393787 -0.553968,
        0.791339 0.397220 -0.553229,
        0.791339 0.399128 -0.553134,
        0.791339 0.404057 -0.553723,
        0.791339 0.408118 -0.555268,
        0.791339 0.408563 -0.555509,
        0.791339 0.408563 -0.550105,
        0.791339 0.399077 -0.548468,
        0.791339 0.404319 -0.548880,
        0.791339 0.393294 -0.549170,
        0.791339 0.389109 -0.550793,
        0.791339 0.385361 -0.553417,
        0.791339 0.384370 -0.554362,
        0.791339 0.381469 -0.558154,
        0.791339 0.379567 -0.562600,
        0.791339 0.378659 -0.567827,
        0.791339 0.378589 -0.569918,
        0.791339 0.379376 -0.576428,
        0.791339 0.381006 -0.580607,
        0.791339 0.383394 -0.584026,
        0.791339 0.383726 -0.584389,
        0.791339 0.386943 -0.587062,
        0.791339 0.390720 -0.588844,
        0.791339 0.395058 -0.589739,
        0.791339 0.438109 -0.584613,
        0.791339 0.438109 -0.589178,
        0.791339 0.421744 -0.584613,
        0.791339 0.421744 -0.571146,
        0.791339 0.436062 -0.571146,
        0.791339 0.436062 -0.566561,
        0.791339 0.421744 -0.566561,
        0.791339 0.421744 -0.553748,
        0.791339 0.437198 -0.553748,
        0.791339 0.437198 -0.549143,
        0.791339 0.416576 -0.549143,
        0.791339 0.416576 -0.589178,
        0.791339 0.472228 -0.583570,
        0.791339 0.468083 -0.580877,
        0.791339 0.468039 -0.586572,
        0.791339 0.465500 -0.582671,
        0.791339 0.463474 -0.588352,
        0.791339 0.462192 -0.583953,
        0.791339 0.456683 -0.589178,
        0.791339 0.456652 -0.584613,
        0.791339 0.445671 -0.589178,
        0.791339 0.450839 -0.584613,
        0.791339 0.445671 -0.549143,
        0.791339 0.450839 -0.553748,
        0.791339 0.457092 -0.549143,
        0.791339 0.456887 -0.553748,
        0.791339 0.457306 -0.553752,
        0.791339 0.463206 -0.549818,
        0.791339 0.462425 -0.554414,
        0.791339 0.468037 -0.551583,
        0.791339 0.465831 -0.555733,
        0.791339 0.472228 -0.554444,
        0.791339 0.468442 -0.557514,
        0.791339 0.473643 -0.555829,
        0.791339 0.469562 -0.558619,
        0.791339 0.476121 -0.559320,
        0.791339 0.471113 -0.560864,
        0.791339 0.477601 -0.563140,
        0.791339 0.472240 -0.563790,
        0.791339 0.478266 -0.568649,
        0.791339 0.472832 -0.568792,
        0.791339 0.478146 -0.571201,
        0.791339 0.472674 -0.571550,
        0.791339 0.477175 -0.575888,
        0.791339 0.471865 -0.575168,
        0.791339 0.475203 -0.580028,
        0.791339 0.470455 -0.578111,
        0.791339 0.468554 -0.580438,
        0.787402 0.456887 -0.553748,
        0.787402 0.450839 -0.553748,
        0.787402 0.450839 -0.584613,
        0.787402 0.456652 -0.584613,
        0.787402 0.468554 -0.580438,
        0.787402 0.468083 -0.580877,
        0.787402 0.465500 -0.582671,
        0.787402 0.462192 -0.583953,
        0.787402 0.472832 -0.568792,
        0.787402 0.472674 -0.571550,
        0.787402 0.471865 -0.575168,
        0.787402 0.470455 -0.578111,
        0.787402 0.468442 -0.557514,
        0.787402 0.469562 -0.558619,
        0.787402 0.471113 -0.560864,
        0.787402 0.472240 -0.563790,
        0.787402 0.457306 -0.553752,
        0.787402 0.462425 -0.554414,
        0.787402 0.465831 -0.555733,
      ]
    }
    coordIndex [
      92, 93, 88, -1,
      88, 93, 91, -1,
      94, 92, 87, -1,
      87, 92, 88, -1,
      95, 94, 86, -1,
      86, 94, 87, -1,
      96, 95, 90, -1,
      90, 95, 86, -1,
      97, 96, 89, -1,
      89, 96, 90, -1,
      93, 97, 91, -1,
      91, 97, 89, -1,
      95, 96, 94, -1,
      94, 96, 97, -1,
      94, 97, 92, -1,
      92, 97, 93, -1,
      98, 51, 50, -1,
      98, 50, 99, -1,
      99, 50, 31, -1,
      99, 31, 100, -1,
      100, 31, 30, -1,
      100, 30, 101, -1,
      102, 101, 22, -1,
      22, 101, 30, -1,
      102, 22, 41, -1,
      102, 41, 103, -1,
      103, 41, 42, -1,
      103, 42, 104, -1,
      104, 42, 43, -1,
      104, 43, 105, -1,
      105, 43, 48, -1,
      105, 48, 106, -1,
      106, 48, 49, -1,
      106, 49, 107, -1,
      107, 49, 47, -1,
      107, 47, 108, -1,
      108, 47, 46, -1,
      108, 46, 109, -1,
      109, 46, 45, -1,
      109, 45, 110, -1,
      110, 45, 44, -1,
      110, 44, 111, -1,
      111, 44, 40, -1,
      111, 40, 112, -1,
      112, 40, 39, -1,
      112, 39, 113, -1,
      113, 39, 38, -1,
      113, 38, 114, -1,
      114, 38, 37, -1,
      114, 37, 115, -1,
      115, 37, 36, -1,
      115, 36, 116, -1,
      116, 36, 29, -1,
      116, 29, 117, -1,
      117, 29, 28, -1,
      117, 28, 118, -1,
      118, 28, 27, -1,
      118, 27, 119, -1,
      119, 27, 26, -1,
      119, 26, 120, -1,
      120, 26, 25, -1,
      120, 25, 121, -1,
      121, 25, 24, -1,
      121, 24, 122, -1,
      122, 24, 23, -1,
      122, 23, 123, -1,
      123, 23, 21, -1,
      123, 21, 124, -1,
      125, 124, 18, -1,
      18, 124, 21, -1,
      84, 126, 20, -1,
      20, 126, 127, -1,
      20, 127, 19, -1,
      19, 127, 125, -1,
      19, 125, 18, -1,
      126, 84, 85, -1,
      126, 85, 128, -1,
      85, 57, 128, -1,
      128, 57, 56, -1,
      128, 56, 129, -1,
      129, 56, 55, -1,
      129, 55, 130, -1,
      130, 55, 54, -1,
      130, 54, 131, -1,
      131, 54, 53, -1,
      131, 53, 132, -1,
      132, 53, 61, -1,
      132, 61, 133, -1,
      61, 60, 133, -1,
      133, 60, 64, -1,
      133, 64, 134, -1,
      134, 64, 63, -1,
      134, 63, 135, -1,
      135, 63, 62, -1,
      135, 62, 136, -1,
      136, 62, 59, -1,
      136, 59, 137, -1,
      59, 58, 137, -1,
      137, 58, 35, -1,
      137, 35, 138, -1,
      138, 35, 34, -1,
      138, 34, 139, -1,
      139, 34, 33, -1,
      139, 33, 140, -1,
      140, 33, 32, -1,
      140, 32, 141, -1,
      141, 32, 52, -1,
      141, 52, 142, -1,
      142, 52, 51, -1,
      142, 51, 98, -1,
      118, 119, 128, -1,
      114, 115, 132, -1,
      132, 115, 131, -1,
      128, 119, 126, -1,
      135, 113, 134, -1,
      134, 113, 114, -1,
      134, 114, 133, -1,
      133, 114, 132, -1,
      119, 120, 126, -1,
      126, 120, 121, -1,
      126, 121, 127, -1,
      127, 121, 122, -1,
      127, 122, 125, -1,
      125, 122, 123, -1,
      125, 123, 124, -1,
      101, 102, 100, -1,
      100, 102, 103, -1,
      100, 103, 99, -1,
      99, 103, 104, -1,
      99, 104, 98, -1,
      98, 104, 105, -1,
      98, 105, 142, -1,
      142, 105, 106, -1,
      142, 106, 141, -1,
      141, 106, 107, -1,
      141, 107, 140, -1,
      140, 107, 108, -1,
      140, 108, 139, -1,
      139, 108, 109, -1,
      139, 109, 138, -1,
      138, 109, 110, -1,
      138, 110, 137, -1,
      137, 110, 136, -1,
      136, 110, 111, -1,
      136, 111, 135, -1,
      135, 111, 112, -1,
      135, 112, 113, -1,
      115, 116, 131, -1,
      131, 116, 117, -1,
      131, 117, 130, -1,
      130, 117, 118, -1,
      130, 118, 129, -1,
      129, 118, 128, -1,
      143, 144, 0, -1,
      0, 144, 1, -1,
      6, 145, 8, -1,
      8, 145, 143, -1,
      8, 143, 0, -1,
      146, 145, 5, -1,
      5, 145, 6, -1,
      146, 5, 147, -1,
      147, 5, 7, -1,
      147, 7, 9, -1,
      148, 147, 10, -1,
      10, 147, 9, -1,
      12, 149, 14, -1,
      14, 149, 148, -1,
      14, 148, 10, -1,
      150, 149, 11, -1,
      11, 149, 12, -1,
      150, 11, 151, -1,
      151, 11, 13, -1,
      151, 13, 2, -1,
      152, 151, 3, -1,
      3, 151, 2, -1,
      16, 153, 4, -1,
      4, 153, 152, -1,
      4, 152, 3, -1,
      154, 153, 17, -1,
      17, 153, 16, -1,
      154, 17, 144, -1,
      144, 17, 15, -1,
      144, 15, 1, -1,
      154, 144, 143, -1,
      143, 145, 154, -1,
      154, 145, 146, -1,
      154, 146, 153, -1,
      151, 152, 150, -1,
      150, 152, 153, -1,
      150, 153, 149, -1,
      149, 153, 146, -1,
      149, 146, 148, -1,
      148, 146, 147, -1,
      155, 156, 157, -1,
      157, 156, 158, -1,
      157, 158, 159, -1,
      159, 158, 160, -1,
      159, 160, 161, -1,
      161, 160, 162, -1,
      161, 162, 163, -1,
      163, 162, 164, -1,
      163, 164, 165, -1,
      165, 164, 166, -1,
      165, 166, 167, -1,
      166, 168, 167, -1,
      167, 168, 169, -1,
      167, 169, 170, -1,
      170, 169, 171, -1,
      170, 171, 172, -1,
      172, 171, 173, -1,
      172, 173, 174, -1,
      174, 173, 175, -1,
      174, 175, 176, -1,
      176, 175, 177, -1,
      176, 177, 178, -1,
      178, 177, 179, -1,
      178, 179, 180, -1,
      180, 179, 181, -1,
      180, 181, 182, -1,
      182, 181, 183, -1,
      182, 183, 184, -1,
      184, 183, 185, -1,
      184, 185, 186, -1,
      186, 185, 187, -1,
      186, 187, 188, -1,
      188, 187, 189, -1,
      188, 189, 155, -1,
      155, 189, 190, -1,
      155, 190, 156, -1,
      161, 163, 79, -1,
      79, 163, 80, -1,
      68, 155, 157, -1,
      161, 79, 78, -1,
      161, 78, 159, -1,
      159, 78, 77, -1,
      159, 77, 157, -1,
      157, 77, 76, -1,
      157, 76, 68, -1,
      155, 68, 67, -1,
      155, 67, 188, -1,
      188, 67, 66, -1,
      188, 66, 186, -1,
      186, 66, 65, -1,
      186, 65, 184, -1,
      184, 65, 73, -1,
      184, 73, 182, -1,
      182, 73, 72, -1,
      182, 72, 180, -1,
      180, 72, 71, -1,
      180, 71, 178, -1,
      178, 71, 75, -1,
      178, 75, 176, -1,
      176, 75, 74, -1,
      176, 74, 174, -1,
      82, 167, 170, -1,
      174, 74, 70, -1,
      174, 70, 172, -1,
      172, 70, 69, -1,
      172, 69, 170, -1,
      170, 69, 83, -1,
      170, 83, 82, -1,
      165, 167, 81, -1,
      81, 167, 82, -1,
      163, 165, 80, -1,
      80, 165, 81, -1,
      168, 166, 191, -1,
      191, 166, 192, -1,
      166, 164, 192, -1,
      192, 164, 193, -1,
      164, 162, 193, -1,
      193, 162, 194, -1,
      190, 195, 196, -1,
      190, 196, 156, -1,
      156, 196, 197, -1,
      156, 197, 158, -1,
      158, 197, 198, -1,
      158, 198, 160, -1,
      160, 198, 194, -1,
      160, 194, 162, -1,
      183, 199, 200, -1,
      183, 200, 185, -1,
      185, 200, 201, -1,
      185, 201, 187, -1,
      187, 201, 202, -1,
      187, 202, 189, -1,
      189, 202, 195, -1,
      189, 195, 190, -1,
      175, 203, 204, -1,
      175, 204, 177, -1,
      177, 204, 205, -1,
      177, 205, 179, -1,
      179, 205, 206, -1,
      179, 206, 181, -1,
      181, 206, 199, -1,
      181, 199, 183, -1,
      168, 191, 207, -1,
      168, 207, 169, -1,
      169, 207, 208, -1,
      169, 208, 171, -1,
      171, 208, 209, -1,
      171, 209, 173, -1,
      173, 209, 203, -1,
      173, 203, 175, -1,
    ]
  }
}

Shape {
  appearance Appearance {
    material Material {
      diffuseColor 0.2510 0.2510 0.2510
      specularColor 0.1255 0.1255 0.1255
      ambientIntensity 0.2
      transparency 0.0000
      shininess 0.5
    }
  }
  geometry IndexedFaceSet {
    ccw TRUE
    solid FALSE
    coord DEF co Coordinate {
      point [
        0.787402 0.456887 -0.553748,
        0.787402 0.450839 -0.553748,
        0.787402 0.450839 -0.584613,
        0.787402 0.456652 -0.584613,
        0.787402 0.468554 -0.580438,
        0.787402 0.468083 -0.580877,
        0.787402 0.465500 -0.582671,
        0.787402 0.462192 -0.583953,
        0.787402 0.472832 -0.568792,
        0.787402 0.472674 -0.571550,
        0.787402 0.471865 -0.575168,
        0.787402 0.470455 -0.578111,
        0.787402 0.468442 -0.557514,
        0.787402 0.469562 -0.558619,
        0.787402 0.471113 -0.560864,
        0.787402 0.472240 -0.563790,
        0.787402 0.457306 -0.553752,
        0.787402 0.462425 -0.554414,
        0.787402 0.465831 -0.555733,
      ]
    }
    coordIndex [
      6, 5, 16, -1,
      1, 2, 0, -1,
      0, 2, 3, -1,
      0, 3, 16, -1,
      16, 3, 7, -1,
      16, 7, 6, -1,
      5, 4, 16, -1,
      16, 4, 11, -1,
      16, 11, 10, -1,
      8, 12, 18, -1,
      15, 14, 8, -1,
      8, 14, 13, -1,
      8, 13, 12, -1,
      10, 9, 16, -1,
      16, 9, 8, -1,
      16, 8, 17, -1,
      17, 8, 18, -1,
    ]
  }
}

Shape {
  appearance Appearance {
    material Material {
      diffuseColor 0.7529 0.7529 0.7529
      specularColor 0.3765 0.3765 0.3765
      ambientIntensity 0.2
      transparency 0.0000
      shininess 0.5
    }
  }
  geometry IndexedFaceSet {
    ccw TRUE
    solid FALSE
    coord DEF co Coordinate {
      point [
        0.787402 0.510800 -0.589178,
        0.787402 0.506716 -0.578228,
        0.787402 0.492026 -0.578228,
        0.787402 0.516510 -0.589178,
        0.787402 0.501261 -0.549143,
        0.787402 0.495735 -0.549143,
        0.787402 0.492026 -0.558883,
        0.787402 0.486197 -0.589178,
        0.787402 0.480487 -0.589178,
        0.787402 0.490045 -0.578228,
        0.791339 0.491683 -0.573704,
        0.791339 0.490045 -0.578228,
        0.791339 0.505120 -0.573704,
        0.791339 0.506716 -0.578228,
        0.791339 0.497669 -0.557064,
        0.791339 0.495735 -0.549143,
        0.791339 0.480487 -0.589178,
        0.791339 0.486197 -0.589178,
        0.791339 0.498016 -0.555869,
        0.791339 0.498324 -0.554260,
        0.791339 0.501261 -0.549143,
        0.791339 0.498447 -0.554260,
        0.791339 0.498771 -0.555954,
        0.791339 0.499071 -0.557064,
        0.791339 0.516510 -0.589178,
        0.791339 0.510800 -0.589178,
        0.787402 0.491683 -0.573704,
        0.787402 0.505120 -0.573704,
        0.787402 0.499071 -0.557064,
        0.787402 0.498447 -0.554260,
        0.787402 0.498771 -0.555954,
        0.787402 0.498324 -0.554260,
        0.787402 0.497669 -0.557064,
        0.787402 0.498016 -0.555869,
      ]
    }
    coordIndex [
      10, 11, 12, -1,
      12, 11, 13, -1,
      14, 15, 10, -1,
      10, 15, 16, -1,
      10, 16, 11, -1,
      11, 16, 17, -1,
      14, 18, 15, -1,
      15, 18, 19, -1,
      15, 19, 20, -1,
      20, 19, 21, -1,
      20, 21, 22, -1,
      22, 23, 20, -1,
      20, 23, 12, -1,
      20, 12, 24, -1,
      24, 12, 13, -1,
      24, 13, 25, -1,
      20, 24, 4, -1,
      4, 24, 3, -1,
      15, 20, 5, -1,
      5, 20, 4, -1,
      8, 16, 6, -1,
      6, 16, 15, -1,
      6, 15, 5, -1,
      17, 16, 7, -1,
      7, 16, 8, -1,
      11, 17, 9, -1,
      9, 17, 7, -1,
      1, 13, 2, -1,
      2, 13, 11, -1,
      2, 11, 9, -1,
      25, 13, 0, -1,
      0, 13, 1, -1,
      24, 25, 3, -1,
      3, 25, 0, -1,
      10, 12, 26, -1,
      26, 12, 27, -1,
      12, 23, 27, -1,
      27, 23, 28, -1,
      21, 29, 30, -1,
      21, 30, 22, -1,
      22, 30, 28, -1,
      22, 28, 23, -1,
      21, 19, 29, -1,
      29, 19, 31, -1,
      14, 32, 33, -1,
      14, 33, 18, -1,
      18, 33, 31, -1,
      18, 31, 19, -1,
      14, 10, 32, -1,
      32, 10, 26, -1,
    ]
  }
}

Shape {
  appearance Appearance {
    material Material {
      diffuseColor 0.2510 0.2510 0.2510
      specularColor 0.1255 0.1255 0.1255
      ambientIntensity 0.2
      transparency 0.0000
      shininess 0.5
    }
  }
  geometry IndexedFaceSet {
    ccw TRUE
    solid FALSE
    coord DEF co Coordinate {
      point [
        0.787402 0.491683 -0.573704,
        0.787402 0.505120 -0.573704,
        0.787402 0.499071 -0.557064,
        0.787402 0.498447 -0.554260,
        0.787402 0.498771 -0.555954,
        0.787402 0.498324 -0.554260,
        0.787402 0.497669 -0.557064,
        0.787402 0.498016 -0.555869,
      ]
    }
    coordIndex [
      3, 5, 4, -1,
      4, 5, 7, -1,
      4, 7, 2, -1,
      2, 7, 6, -1,
      2, 6, 1, -1,
      1, 6, 0, -1,
    ]
  }
}

Shape {
  appearance Appearance {
    material Material {
      diffuseColor 0.7529 0.7529 0.7529
      specularColor 0.3765 0.3765 0.3765
      ambientIntensity 0.2
      transparency 0.0000
      shininess 0.5
    }
  }
  geometry IndexedFaceSet {
    ccw TRUE
    solid FALSE
    coord DEF co Coordinate {
      point [
        0.787402 0.383248 -0.640393,
        0.787402 0.384273 -0.638972,
        0.787402 0.384964 -0.630973,
        0.787402 0.400131 -0.652689,
        0.787402 0.393976 -0.653027,
        0.787402 0.405145 -0.652689,
        0.787402 0.386315 -0.652291,
        0.787402 0.388238 -0.653016,
        0.787402 0.388329 -0.653027,
        0.787402 0.383030 -0.649015,
        0.787402 0.382420 -0.647322,
        0.787402 0.382170 -0.645034,
        0.787402 0.400017 -0.624387,
        0.787402 0.385846 -0.637652,
        0.787402 0.388048 -0.636566,
        0.787402 0.387901 -0.629050,
        0.787402 0.391657 -0.635701,
        0.787402 0.396037 -0.627692,
        0.787402 0.394338 -0.627514,
        0.787402 0.391028 -0.627897,
        0.787402 0.400131 -0.648268,
        0.787402 0.399998 -0.648268,
        0.787402 0.398707 -0.650093,
        0.787402 0.397056 -0.651615,
        0.787402 0.384626 -0.651113,
        0.787402 0.384073 -0.650553,
        0.787402 0.396070 -0.652232,
        0.787402 0.394081 -0.653014,
        0.787402 0.382193 -0.644275,
        0.787402 0.382536 -0.642144,
        0.787402 0.389737 -0.624055,
        0.787402 0.394809 -0.623441,
        0.787402 0.397928 -0.623733,
        0.787402 0.384964 -0.626102,
        0.787402 0.386007 -0.625498,
        0.787402 0.401671 -0.625353,
        0.787402 0.402997 -0.626648,
        0.787402 0.404013 -0.628291,
        0.787402 0.404786 -0.630616,
        0.787402 0.400131 -0.634514,
        0.787402 0.399956 -0.632296,
        0.787402 0.399438 -0.630511,
        0.787402 0.398848 -0.629478,
        0.787402 0.405145 -0.634289,
        0.787402 0.398091 -0.628672,
        0.787402 0.397200 -0.628098,
        0.787402 0.391237 -0.653365,
        0.787402 0.377370 -0.648125,
        0.787402 0.377370 -0.652689,
        0.787402 0.355839 -0.652689,
        0.787402 0.376460 -0.617259,
        0.787402 0.355839 -0.612654,
        0.787402 0.376460 -0.612654,
        0.787402 0.361007 -0.634657,
        0.787402 0.361007 -0.648125,
        0.787402 0.375324 -0.634657,
        0.787402 0.375324 -0.630072,
        0.787402 0.361007 -0.630072,
        0.787402 0.361007 -0.617259,
        0.791339 0.377370 -0.648125,
        0.791339 0.377370 -0.652689,
        0.791339 0.361007 -0.648125,
        0.791339 0.361007 -0.634657,
        0.791339 0.375324 -0.634657,
        0.791339 0.375324 -0.630072,
        0.791339 0.361007 -0.630072,
        0.791339 0.361007 -0.617259,
        0.791339 0.376460 -0.617259,
        0.791339 0.376460 -0.612654,
        0.791339 0.355839 -0.612654,
        0.791339 0.355839 -0.652689,
        0.791339 0.399998 -0.648268,
        0.791339 0.400131 -0.648268,
        0.791339 0.399803 -0.643654,
        0.791339 0.400126 -0.641417,
        0.791339 0.405145 -0.634289,
        0.791339 0.400131 -0.641084,
        0.791339 0.400131 -0.638341,
        0.791339 0.400131 -0.652689,
        0.791339 0.405145 -0.652689,
        0.791339 0.387299 -0.643829,
        0.791339 0.387546 -0.642680,
        0.791339 0.383248 -0.640393,
        0.791339 0.399067 -0.645443,
        0.791339 0.397981 -0.646917,
        0.791339 0.398707 -0.650093,
        0.791339 0.397353 -0.647531,
        0.791339 0.397056 -0.651615,
        0.791339 0.395936 -0.648488,
        0.791339 0.396070 -0.652232,
        0.791339 0.394414 -0.649041,
        0.791339 0.394081 -0.653014,
        0.791339 0.392537 -0.649250,
        0.791339 0.391237 -0.653365,
        0.791339 0.390843 -0.649059,
        0.791339 0.388238 -0.653016,
        0.791339 0.389709 -0.648643,
        0.791339 0.386315 -0.652291,
        0.791339 0.388710 -0.647961,
        0.791339 0.384626 -0.651113,
        0.791339 0.388283 -0.647532,
        0.791339 0.384273 -0.638972,
        0.791339 0.387987 -0.641745,
        0.791339 0.385846 -0.637652,
        0.791339 0.388587 -0.641002,
        0.791339 0.388048 -0.636566,
        0.791339 0.389183 -0.640536,
        0.791339 0.390332 -0.639972,
        0.791339 0.391657 -0.635701,
        0.791339 0.393438 -0.639242,
        0.791339 0.400131 -0.634514,
        0.791339 0.382536 -0.642144,
        0.791339 0.382193 -0.644275,
        0.791339 0.387257 -0.644625,
        0.791339 0.382170 -0.645034,
        0.791339 0.387384 -0.645776,
        0.791339 0.382420 -0.647322,
        0.791339 0.387713 -0.646687,
        0.791339 0.383030 -0.649015,
        0.791339 0.384073 -0.650553,
        0.791339 0.384964 -0.626102,
        0.791339 0.384964 -0.630973,
        0.791339 0.386007 -0.625498,
        0.791339 0.387901 -0.629050,
        0.791339 0.389737 -0.624055,
        0.791339 0.391028 -0.627897,
        0.791339 0.394809 -0.623441,
        0.791339 0.394338 -0.627514,
        0.791339 0.397928 -0.623733,
        0.791339 0.396037 -0.627692,
        0.791339 0.400017 -0.624387,
        0.791339 0.397200 -0.628098,
        0.791339 0.401671 -0.625353,
        0.791339 0.398091 -0.628672,
        0.791339 0.402997 -0.626648,
        0.791339 0.398848 -0.629478,
        0.791339 0.404013 -0.628291,
        0.791339 0.399438 -0.630511,
        0.791339 0.404786 -0.630616,
        0.791339 0.399956 -0.632296,
        0.787402 0.388587 -0.641002,
        0.787402 0.389183 -0.640536,
        0.787402 0.390332 -0.639972,
        0.787402 0.393438 -0.639242,
        0.787402 0.387257 -0.644625,
        0.787402 0.387299 -0.643829,
        0.787402 0.387546 -0.642680,
        0.787402 0.387987 -0.641745,
        0.787402 0.388710 -0.647961,
        0.787402 0.388283 -0.647532,
        0.787402 0.387713 -0.646687,
        0.787402 0.387384 -0.645776,
        0.787402 0.392537 -0.649250,
        0.787402 0.390843 -0.649059,
        0.787402 0.389709 -0.648643,
        0.787402 0.397981 -0.646917,
        0.787402 0.397353 -0.647531,
        0.787402 0.395936 -0.648488,
        0.787402 0.394414 -0.649041,
        0.787402 0.400131 -0.641084,
        0.787402 0.400126 -0.641417,
        0.787402 0.399803 -0.643654,
        0.787402 0.399067 -0.645443,
        0.787402 0.400131 -0.638341,
      ]
    }
    coordIndex [
      59, 60, 47, -1,
      47, 60, 48, -1,
      61, 59, 54, -1,
      54, 59, 47, -1,
      62, 61, 53, -1,
      53, 61, 54, -1,
      63, 62, 55, -1,
      55, 62, 53, -1,
      64, 63, 56, -1,
      56, 63, 55, -1,
      65, 64, 57, -1,
      57, 64, 56, -1,
      66, 65, 58, -1,
      58, 65, 57, -1,
      67, 66, 50, -1,
      50, 66, 58, -1,
      68, 67, 52, -1,
      52, 67, 50, -1,
      69, 68, 51, -1,
      51, 68, 52, -1,
      70, 69, 49, -1,
      49, 69, 51, -1,
      60, 70, 48, -1,
      48, 70, 49, -1,
      70, 60, 59, -1,
      59, 61, 70, -1,
      70, 61, 62, -1,
      70, 62, 69, -1,
      67, 68, 66, -1,
      66, 68, 69, -1,
      66, 69, 65, -1,
      65, 69, 62, -1,
      65, 62, 64, -1,
      64, 62, 63, -1,
      71, 72, 73, -1,
      74, 75, 76, -1,
      76, 75, 77, -1,
      78, 79, 72, -1,
      72, 79, 75, -1,
      72, 75, 73, -1,
      73, 75, 74, -1,
      80, 81, 82, -1,
      73, 83, 71, -1,
      71, 83, 84, -1,
      71, 84, 85, -1,
      85, 84, 86, -1,
      85, 86, 87, -1,
      87, 86, 88, -1,
      87, 88, 89, -1,
      89, 88, 90, -1,
      89, 90, 91, -1,
      91, 90, 92, -1,
      91, 92, 93, -1,
      93, 92, 94, -1,
      93, 94, 95, -1,
      95, 94, 96, -1,
      95, 96, 97, -1,
      97, 96, 98, -1,
      97, 98, 99, -1,
      99, 98, 100, -1,
      82, 81, 101, -1,
      101, 81, 102, -1,
      101, 102, 103, -1,
      103, 102, 104, -1,
      103, 104, 105, -1,
      104, 106, 105, -1,
      105, 106, 107, -1,
      105, 107, 108, -1,
      108, 107, 109, -1,
      108, 109, 110, -1,
      82, 111, 80, -1,
      80, 111, 112, -1,
      80, 112, 113, -1,
      113, 112, 114, -1,
      113, 114, 115, -1,
      115, 114, 116, -1,
      115, 116, 117, -1,
      117, 116, 118, -1,
      117, 118, 100, -1,
      100, 118, 119, -1,
      100, 119, 99, -1,
      120, 121, 122, -1,
      122, 121, 123, -1,
      122, 123, 124, -1,
      124, 123, 125, -1,
      124, 125, 126, -1,
      126, 125, 127, -1,
      126, 127, 128, -1,
      128, 127, 129, -1,
      128, 129, 130, -1,
      130, 129, 131, -1,
      130, 131, 132, -1,
      132, 131, 133, -1,
      132, 133, 134, -1,
      134, 133, 135, -1,
      134, 135, 136, -1,
      136, 135, 137, -1,
      136, 137, 138, -1,
      138, 137, 139, -1,
      138, 139, 75, -1,
      75, 139, 110, -1,
      75, 110, 77, -1,
      77, 110, 109, -1,
      126, 31, 30, -1,
      126, 30, 124, -1,
      124, 30, 34, -1,
      124, 34, 122, -1,
      122, 34, 33, -1,
      122, 33, 120, -1,
      121, 120, 2, -1,
      2, 120, 33, -1,
      121, 2, 15, -1,
      121, 15, 123, -1,
      123, 15, 19, -1,
      123, 19, 125, -1,
      125, 19, 18, -1,
      125, 18, 127, -1,
      127, 18, 17, -1,
      127, 17, 129, -1,
      129, 17, 45, -1,
      129, 45, 131, -1,
      131, 45, 44, -1,
      131, 44, 133, -1,
      133, 44, 42, -1,
      133, 42, 135, -1,
      135, 42, 41, -1,
      135, 41, 137, -1,
      137, 41, 40, -1,
      137, 40, 139, -1,
      139, 40, 39, -1,
      139, 39, 110, -1,
      108, 110, 16, -1,
      16, 110, 39, -1,
      108, 16, 14, -1,
      108, 14, 105, -1,
      105, 14, 13, -1,
      105, 13, 103, -1,
      103, 13, 1, -1,
      103, 1, 101, -1,
      101, 1, 0, -1,
      101, 0, 82, -1,
      82, 0, 29, -1,
      82, 29, 111, -1,
      111, 29, 28, -1,
      111, 28, 112, -1,
      112, 28, 11, -1,
      112, 11, 114, -1,
      114, 11, 10, -1,
      114, 10, 116, -1,
      116, 10, 9, -1,
      116, 9, 118, -1,
      118, 9, 25, -1,
      118, 25, 119, -1,
      119, 25, 24, -1,
      119, 24, 99, -1,
      46, 93, 8, -1,
      8, 93, 95, -1,
      8, 95, 7, -1,
      7, 95, 97, -1,
      7, 97, 6, -1,
      6, 97, 99, -1,
      6, 99, 24, -1,
      46, 4, 93, -1,
      93, 4, 91, -1,
      4, 27, 91, -1,
      91, 27, 26, -1,
      91, 26, 89, -1,
      89, 26, 23, -1,
      89, 23, 87, -1,
      87, 23, 22, -1,
      87, 22, 85, -1,
      85, 22, 21, -1,
      85, 21, 71, -1,
      72, 71, 20, -1,
      20, 71, 21, -1,
      78, 72, 3, -1,
      3, 72, 20, -1,
      79, 78, 5, -1,
      5, 78, 3, -1,
      75, 79, 43, -1,
      43, 79, 5, -1,
      75, 43, 38, -1,
      75, 38, 138, -1,
      138, 38, 37, -1,
      138, 37, 136, -1,
      136, 37, 36, -1,
      136, 36, 134, -1,
      134, 36, 35, -1,
      134, 35, 132, -1,
      132, 35, 12, -1,
      132, 12, 130, -1,
      130, 12, 32, -1,
      130, 32, 128, -1,
      128, 32, 31, -1,
      128, 31, 126, -1,
      104, 140, 141, -1,
      104, 141, 106, -1,
      106, 141, 142, -1,
      106, 142, 107, -1,
      107, 142, 143, -1,
      107, 143, 109, -1,
      113, 144, 145, -1,
      113, 145, 80, -1,
      80, 145, 146, -1,
      80, 146, 81, -1,
      81, 146, 147, -1,
      81, 147, 102, -1,
      102, 147, 140, -1,
      102, 140, 104, -1,
      98, 148, 149, -1,
      98, 149, 100, -1,
      100, 149, 150, -1,
      100, 150, 117, -1,
      117, 150, 151, -1,
      117, 151, 115, -1,
      115, 151, 144, -1,
      115, 144, 113, -1,
      92, 152, 153, -1,
      92, 153, 94, -1,
      94, 153, 154, -1,
      94, 154, 96, -1,
      96, 154, 148, -1,
      96, 148, 98, -1,
      84, 155, 156, -1,
      84, 156, 86, -1,
      86, 156, 157, -1,
      86, 157, 88, -1,
      88, 157, 158, -1,
      88, 158, 90, -1,
      90, 158, 152, -1,
      90, 152, 92, -1,
      76, 159, 160, -1,
      76, 160, 74, -1,
      74, 160, 161, -1,
      74, 161, 73, -1,
      73, 161, 162, -1,
      73, 162, 83, -1,
      83, 162, 155, -1,
      83, 155, 84, -1,
      76, 77, 159, -1,
      159, 77, 163, -1,
      77, 109, 163, -1,
      163, 109, 143, -1,
    ]
  }
}

Shape {
  appearance Appearance {
    material Material {
      diffuseColor 0.2510 0.2510 0.2510
      specularColor 0.1255 0.1255 0.1255
      ambientIntensity 0.2
      transparency 0.0000
      shininess 0.5
    }
  }
  geometry IndexedFaceSet {
    ccw TRUE
    solid FALSE
    coord DEF co Coordinate {
      point [
        0.787402 0.388587 -0.641002,
        0.787402 0.389183 -0.640536,
        0.787402 0.390332 -0.639972,
        0.787402 0.393438 -0.639242,
        0.787402 0.387257 -0.644625,
        0.787402 0.387299 -0.643829,
        0.787402 0.387546 -0.642680,
        0.787402 0.387987 -0.641745,
        0.787402 0.388710 -0.647961,
        0.787402 0.388283 -0.647532,
        0.787402 0.387713 -0.646687,
        0.787402 0.387384 -0.645776,
        0.787402 0.392537 -0.649250,
        0.787402 0.390843 -0.649059,
        0.787402 0.389709 -0.648643,
        0.787402 0.397981 -0.646917,
        0.787402 0.397353 -0.647531,
        0.787402 0.395936 -0.648488,
        0.787402 0.394414 -0.649041,
        0.787402 0.400131 -0.641084,
        0.787402 0.400126 -0.641417,
        0.787402 0.399803 -0.643654,
        0.787402 0.399067 -0.645443,
        0.787402 0.400131 -0.638341,
      ]
    }
    coordIndex [
      20, 19, 0, -1,
      19, 23, 3, -1,
      3, 2, 19, -1,
      19, 2, 1, -1,
      19, 1, 0, -1,
      20, 0, 21, -1,
      21, 0, 7, -1,
      21, 7, 22, -1,
      9, 8, 16, -1,
      9, 16, 10, -1,
      17, 16, 18, -1,
      18, 16, 12, -1,
      7, 6, 22, -1,
      22, 6, 5, -1,
      22, 5, 15, -1,
      15, 5, 4, -1,
      15, 4, 16, -1,
      16, 4, 11, -1,
      16, 11, 10, -1,
      8, 14, 16, -1,
      16, 14, 13, -1,
      16, 13, 12, -1,
    ]
  }
}

Shape {
  appearance Appearance {
    material Material {
      diffuseColor 0.7529 0.7529 0.7529
      specularColor 0.3765 0.3765 0.3765
      ambientIntensity 0.2
      transparency 0.0000
      shininess 0.5
    }
  }
  geometry IndexedFaceSet {
    ccw TRUE
    solid FALSE
    coord DEF co Coordinate {
      point [
        0.787402 0.466712 -0.612654,
        0.787402 0.479376 -0.612654,
        0.787402 0.424189 -0.652836,
        0.787402 0.422570 -0.653027,
        0.787402 0.412766 -0.628404,
        0.787402 0.413698 -0.627049,
        0.787402 0.412169 -0.630019,
        0.787402 0.414214 -0.637193,
        0.787402 0.411941 -0.646508,
        0.787402 0.414259 -0.637222,
        0.787402 0.413963 -0.647752,
        0.787402 0.414259 -0.647862,
        0.787402 0.413394 -0.636335,
        0.787402 0.412740 -0.635290,
        0.787402 0.412187 -0.633759,
        0.787402 0.411971 -0.631812,
        0.787402 0.411941 -0.651686,
        0.787402 0.414259 -0.652542,
        0.787402 0.414984 -0.652810,
        0.787402 0.416828 -0.653027,
        0.787402 0.419698 -0.653365,
        0.787402 0.429880 -0.624710,
        0.787402 0.429880 -0.629581,
        0.787402 0.415185 -0.625713,
        0.787402 0.416820 -0.624751,
        0.787402 0.414259 -0.626545,
        0.787402 0.431013 -0.646926,
        0.787402 0.430398 -0.648515,
        0.787402 0.429463 -0.649838,
        0.787402 0.419611 -0.623798,
        0.787402 0.423106 -0.623441,
        0.787402 0.426624 -0.623753,
        0.787402 0.429574 -0.640183,
        0.787402 0.430509 -0.641565,
        0.787402 0.431044 -0.643043,
        0.787402 0.431252 -0.644911,
        0.787402 0.428028 -0.651093,
        0.787402 0.426835 -0.651824,
        0.787402 0.422615 -0.627514,
        0.787402 0.421130 -0.627625,
        0.787402 0.417139 -0.631362,
        0.787402 0.419789 -0.627980,
        0.787402 0.418664 -0.628578,
        0.787402 0.417185 -0.632029,
        0.787402 0.417384 -0.632808,
        0.787402 0.417745 -0.633484,
        0.787402 0.418234 -0.634022,
        0.787402 0.420002 -0.635128,
        0.787402 0.425816 -0.627867,
        0.787402 0.423106 -0.636479,
        0.787402 0.428653 -0.628883,
        0.787402 0.425047 -0.637264,
        0.787402 0.428378 -0.639117,
        0.787402 0.417907 -0.629247,
        0.787402 0.417478 -0.629885,
        0.787402 0.417230 -0.630562,
        0.787402 0.417110 -0.648919,
        0.787402 0.419565 -0.640122,
        0.787402 0.416576 -0.638752,
        0.787402 0.420189 -0.649271,
        0.787402 0.420411 -0.649270,
        0.787402 0.422857 -0.641501,
        0.787402 0.422981 -0.648981,
        0.787402 0.426104 -0.645402,
        0.787402 0.426055 -0.644779,
        0.787402 0.424275 -0.648508,
        0.787402 0.424732 -0.648230,
        0.787402 0.425308 -0.647720,
        0.787402 0.425745 -0.647072,
        0.787402 0.426000 -0.646359,
        0.787402 0.425827 -0.643996,
        0.787402 0.425439 -0.643331,
        0.787402 0.424815 -0.642680,
        0.787402 0.456110 -0.624096,
        0.787402 0.461309 -0.624096,
        0.787402 0.446940 -0.645587,
        0.787402 0.447554 -0.647941,
        0.787402 0.447687 -0.647941,
        0.787402 0.441890 -0.631058,
        0.787402 0.448301 -0.645628,
        0.787402 0.447918 -0.646961,
        0.787402 0.441890 -0.644519,
        0.787402 0.433861 -0.624096,
        0.787402 0.439470 -0.624096,
        0.787402 0.445078 -0.652628,
        0.787402 0.444909 -0.653027,
        0.787402 0.442878 -0.657826,
        0.787402 0.434895 -0.665747,
        0.787402 0.434895 -0.661285,
        0.787402 0.440946 -0.660687,
        0.787402 0.441880 -0.659649,
        0.787402 0.441890 -0.659631,
        0.787402 0.435921 -0.661622,
        0.787402 0.437740 -0.661859,
        0.787402 0.441890 -0.665263,
        0.787402 0.440155 -0.665924,
        0.787402 0.438129 -0.666157,
        0.787402 0.437022 -0.666117,
        0.787402 0.439006 -0.661709,
        0.787402 0.440097 -0.661282,
        0.787402 0.448332 -0.657008,
        0.787402 0.446062 -0.661429,
        0.787402 0.449902 -0.653027,
        0.787402 0.444227 -0.663633,
        0.787402 0.443885 -0.663946,
        0.787402 0.442133 -0.665170,
        0.787402 0.487333 -0.612654,
        0.787402 0.487333 -0.617259,
        0.787402 0.488244 -0.648125,
        0.787402 0.488244 -0.652689,
        0.787402 0.471880 -0.634657,
        0.787402 0.471880 -0.648125,
        0.787402 0.479376 -0.634657,
        0.787402 0.479376 -0.648125,
        0.787402 0.486197 -0.634657,
        0.787402 0.486197 -0.630072,
        0.787402 0.479376 -0.630072,
        0.787402 0.479376 -0.617259,
        0.787402 0.471880 -0.630072,
        0.787402 0.471880 -0.617259,
        0.787402 0.479376 -0.652689,
        0.787402 0.466712 -0.652689,
        0.787402 0.528281 -0.634712,
        0.787402 0.527311 -0.639399,
        0.787402 0.525339 -0.643540,
        0.787402 0.522364 -0.647081,
        0.787402 0.528402 -0.632160,
        0.787402 0.527737 -0.626651,
        0.787402 0.507228 -0.612654,
        0.787402 0.513341 -0.613330,
        0.787402 0.518175 -0.650083,
        0.787402 0.513609 -0.651863,
        0.787402 0.506819 -0.652689,
        0.787402 0.522364 -0.617956,
        0.787402 0.523779 -0.619340,
        0.787402 0.526256 -0.622831,
        0.787402 0.518172 -0.615094,
        0.787402 0.495807 -0.652689,
        0.787402 0.495807 -0.612654,
        0.791339 0.411941 -0.646508,
        0.791339 0.413963 -0.647752,
        0.791339 0.420189 -0.649271,
        0.791339 0.417110 -0.648919,
        0.791339 0.411941 -0.651686,
        0.791339 0.414984 -0.652810,
        0.791339 0.419698 -0.653365,
        0.791339 0.424189 -0.652836,
        0.791339 0.426835 -0.651824,
        0.791339 0.428028 -0.651093,
        0.791339 0.429463 -0.649838,
        0.791339 0.430398 -0.648515,
        0.791339 0.431013 -0.646926,
        0.791339 0.431252 -0.644911,
        0.791339 0.431044 -0.643043,
        0.791339 0.430509 -0.641565,
        0.791339 0.429574 -0.640183,
        0.791339 0.428378 -0.639117,
        0.791339 0.425047 -0.637264,
        0.791339 0.423106 -0.636479,
        0.791339 0.420002 -0.635128,
        0.791339 0.418234 -0.634022,
        0.791339 0.417745 -0.633484,
        0.791339 0.417384 -0.632808,
        0.791339 0.417185 -0.632029,
        0.791339 0.417139 -0.631362,
        0.791339 0.417230 -0.630562,
        0.791339 0.417478 -0.629885,
        0.791339 0.417907 -0.629247,
        0.791339 0.418664 -0.628578,
        0.791339 0.419789 -0.627980,
        0.791339 0.421130 -0.627625,
        0.791339 0.422615 -0.627514,
        0.791339 0.425816 -0.627867,
        0.791339 0.428653 -0.628883,
        0.791339 0.429880 -0.629581,
        0.791339 0.429880 -0.624710,
        0.791339 0.426624 -0.623753,
        0.791339 0.423106 -0.623441,
        0.791339 0.419611 -0.623798,
        0.791339 0.416820 -0.624751,
        0.791339 0.415185 -0.625713,
        0.791339 0.413698 -0.627049,
        0.791339 0.412766 -0.628404,
        0.791339 0.412169 -0.630019,
        0.791339 0.411971 -0.631812,
        0.791339 0.412187 -0.633759,
        0.791339 0.412740 -0.635290,
        0.791339 0.413394 -0.636335,
        0.791339 0.419565 -0.640122,
        0.791339 0.416576 -0.638752,
        0.791339 0.414214 -0.637193,
        0.791339 0.422857 -0.641501,
        0.791339 0.424815 -0.642680,
        0.791339 0.425439 -0.643331,
        0.791339 0.425827 -0.643996,
        0.791339 0.426055 -0.644779,
        0.791339 0.426104 -0.645402,
        0.791339 0.426000 -0.646359,
        0.791339 0.425745 -0.647072,
        0.791339 0.425308 -0.647720,
        0.791339 0.424732 -0.648230,
        0.791339 0.424275 -0.648508,
        0.791339 0.422981 -0.648981,
        0.791339 0.420411 -0.649270,
        0.791339 0.456110 -0.624096,
        0.791339 0.461309 -0.624096,
        0.791339 0.448301 -0.645628,
        0.791339 0.447918 -0.646961,
        0.791339 0.447687 -0.647941,
        0.791339 0.447554 -0.647941,
        0.791339 0.446940 -0.645587,
        0.791339 0.439470 -0.624096,
        0.791339 0.433861 -0.624096,
        0.791339 0.445078 -0.652628,
        0.791339 0.442878 -0.657826,
        0.791339 0.441880 -0.659649,
        0.791339 0.440946 -0.660687,
        0.791339 0.440097 -0.661282,
        0.791339 0.439006 -0.661709,
        0.791339 0.437740 -0.661859,
        0.791339 0.435921 -0.661622,
        0.791339 0.434895 -0.661285,
        0.791339 0.434895 -0.665747,
        0.791339 0.437022 -0.666117,
        0.791339 0.438129 -0.666157,
        0.791339 0.440155 -0.665924,
        0.791339 0.442133 -0.665170,
        0.791339 0.443885 -0.663946,
        0.791339 0.444227 -0.663633,
        0.791339 0.446062 -0.661429,
        0.791339 0.448332 -0.657008,
        0.791339 0.488244 -0.648125,
        0.791339 0.488244 -0.652689,
        0.791339 0.471880 -0.648125,
        0.791339 0.471880 -0.634657,
        0.791339 0.486197 -0.634657,
        0.791339 0.486197 -0.630072,
        0.791339 0.471880 -0.630072,
        0.791339 0.471880 -0.617259,
        0.791339 0.487333 -0.617259,
        0.791339 0.487333 -0.612654,
        0.791339 0.466712 -0.612654,
        0.791339 0.466712 -0.652689,
        0.791339 0.522364 -0.647081,
        0.791339 0.518219 -0.644389,
        0.791339 0.518175 -0.650083,
        0.791339 0.515635 -0.646182,
        0.791339 0.513609 -0.651863,
        0.791339 0.512328 -0.647464,
        0.791339 0.506819 -0.652689,
        0.791339 0.506788 -0.648125,
        0.791339 0.495807 -0.652689,
        0.791339 0.500975 -0.648125,
        0.791339 0.495807 -0.612654,
        0.791339 0.500975 -0.617259,
        0.791339 0.507228 -0.612654,
        0.791339 0.507023 -0.617259,
        0.791339 0.507441 -0.617263,
        0.791339 0.513341 -0.613330,
        0.791339 0.512561 -0.617925,
        0.791339 0.518172 -0.615094,
        0.791339 0.515967 -0.619244,
        0.791339 0.522364 -0.617956,
        0.791339 0.518577 -0.621026,
        0.791339 0.523779 -0.619340,
        0.791339 0.519698 -0.622130,
        0.791339 0.526256 -0.622831,
        0.791339 0.521248 -0.624376,
        0.791339 0.527737 -0.626651,
        0.791339 0.522376 -0.627301,
        0.791339 0.528402 -0.632160,
        0.791339 0.522967 -0.632303,
        0.791339 0.528281 -0.634712,
        0.791339 0.522809 -0.635061,
        0.791339 0.527311 -0.639399,
        0.791339 0.522000 -0.638680,
        0.791339 0.525339 -0.643540,
        0.791339 0.520591 -0.641622,
        0.791339 0.518690 -0.643949,
        0.787402 0.507023 -0.617259,
        0.787402 0.500975 -0.617259,
        0.787402 0.500975 -0.648125,
        0.787402 0.506788 -0.648125,
        0.787402 0.518690 -0.643949,
        0.787402 0.518219 -0.644389,
        0.787402 0.515635 -0.646182,
        0.787402 0.512328 -0.647464,
        0.787402 0.522967 -0.632303,
        0.787402 0.522809 -0.635061,
        0.787402 0.522000 -0.638680,
        0.787402 0.520591 -0.641622,
        0.787402 0.518577 -0.621026,
        0.787402 0.519698 -0.622130,
        0.787402 0.521248 -0.624376,
        0.787402 0.522376 -0.627301,
        0.787402 0.507441 -0.617263,
        0.787402 0.512561 -0.617925,
        0.787402 0.515967 -0.619244,
      ]
    }
    coordIndex [
      8, 139, 140, -1,
      141, 59, 56, -1,
      141, 56, 142, -1,
      142, 56, 11, -1,
      142, 11, 140, -1,
      140, 11, 10, -1,
      140, 10, 8, -1,
      143, 139, 16, -1,
      16, 139, 8, -1,
      16, 17, 143, -1,
      143, 17, 144, -1,
      20, 145, 19, -1,
      19, 145, 144, -1,
      19, 144, 18, -1,
      18, 144, 17, -1,
      20, 3, 145, -1,
      145, 3, 146, -1,
      3, 2, 146, -1,
      146, 2, 37, -1,
      146, 37, 147, -1,
      147, 37, 36, -1,
      147, 36, 148, -1,
      148, 36, 28, -1,
      148, 28, 149, -1,
      149, 28, 27, -1,
      149, 27, 150, -1,
      150, 27, 26, -1,
      150, 26, 151, -1,
      151, 26, 35, -1,
      151, 35, 152, -1,
      152, 35, 34, -1,
      152, 34, 153, -1,
      153, 34, 33, -1,
      153, 33, 154, -1,
      154, 33, 32, -1,
      154, 32, 155, -1,
      155, 32, 52, -1,
      155, 52, 156, -1,
      156, 52, 51, -1,
      156, 51, 157, -1,
      157, 51, 49, -1,
      157, 49, 158, -1,
      158, 49, 47, -1,
      158, 47, 159, -1,
      159, 47, 46, -1,
      159, 46, 160, -1,
      160, 46, 45, -1,
      160, 45, 161, -1,
      161, 45, 44, -1,
      161, 44, 162, -1,
      162, 44, 43, -1,
      162, 43, 163, -1,
      163, 43, 40, -1,
      163, 40, 164, -1,
      164, 40, 55, -1,
      164, 55, 165, -1,
      165, 55, 54, -1,
      165, 54, 166, -1,
      166, 54, 53, -1,
      166, 53, 167, -1,
      167, 53, 42, -1,
      167, 42, 168, -1,
      168, 42, 41, -1,
      168, 41, 169, -1,
      169, 41, 39, -1,
      169, 39, 170, -1,
      170, 39, 38, -1,
      170, 38, 171, -1,
      171, 38, 48, -1,
      171, 48, 172, -1,
      172, 48, 50, -1,
      172, 50, 173, -1,
      173, 50, 22, -1,
      173, 22, 174, -1,
      175, 174, 21, -1,
      21, 174, 22, -1,
      175, 21, 31, -1,
      175, 31, 176, -1,
      176, 31, 30, -1,
      176, 30, 177, -1,
      177, 30, 29, -1,
      177, 29, 178, -1,
      178, 29, 24, -1,
      178, 24, 179, -1,
      179, 24, 23, -1,
      179, 23, 180, -1,
      23, 25, 180, -1,
      180, 25, 181, -1,
      25, 5, 181, -1,
      181, 5, 4, -1,
      181, 4, 182, -1,
      182, 4, 6, -1,
      182, 6, 183, -1,
      183, 6, 15, -1,
      183, 15, 184, -1,
      184, 15, 14, -1,
      184, 14, 185, -1,
      185, 14, 13, -1,
      185, 13, 186, -1,
      186, 13, 12, -1,
      186, 12, 187, -1,
      57, 188, 189, -1,
      187, 12, 7, -1,
      187, 7, 190, -1,
      190, 7, 9, -1,
      190, 9, 189, -1,
      189, 9, 58, -1,
      189, 58, 57, -1,
      188, 57, 61, -1,
      188, 61, 191, -1,
      191, 61, 72, -1,
      191, 72, 192, -1,
      192, 72, 71, -1,
      192, 71, 193, -1,
      193, 71, 70, -1,
      193, 70, 194, -1,
      194, 70, 64, -1,
      194, 64, 195, -1,
      195, 64, 63, -1,
      195, 63, 196, -1,
      196, 63, 69, -1,
      196, 69, 197, -1,
      197, 69, 68, -1,
      197, 68, 198, -1,
      198, 68, 67, -1,
      198, 67, 199, -1,
      199, 67, 66, -1,
      199, 66, 200, -1,
      200, 66, 65, -1,
      200, 65, 201, -1,
      201, 65, 62, -1,
      201, 62, 202, -1,
      202, 62, 60, -1,
      202, 60, 203, -1,
      203, 60, 59, -1,
      203, 59, 141, -1,
      167, 168, 179, -1,
      179, 168, 178, -1,
      191, 158, 188, -1,
      188, 158, 159, -1,
      147, 148, 199, -1,
      199, 148, 149, -1,
      199, 149, 198, -1,
      198, 149, 150, -1,
      198, 150, 197, -1,
      197, 150, 151, -1,
      197, 151, 196, -1,
      196, 151, 152, -1,
      196, 152, 195, -1,
      195, 152, 153, -1,
      195, 153, 194, -1,
      194, 153, 154, -1,
      194, 154, 193, -1,
      193, 154, 155, -1,
      193, 155, 192, -1,
      192, 155, 156, -1,
      192, 156, 191, -1,
      191, 156, 157, -1,
      191, 157, 158, -1,
      145, 141, 144, -1,
      144, 141, 142, -1,
      144, 142, 143, -1,
      143, 142, 140, -1,
      143, 140, 139, -1,
      168, 169, 178, -1,
      178, 169, 170, -1,
      178, 170, 177, -1,
      177, 170, 171, -1,
      177, 171, 176, -1,
      176, 171, 172, -1,
      176, 172, 175, -1,
      175, 172, 173, -1,
      175, 173, 174, -1,
      199, 200, 147, -1,
      147, 200, 201, -1,
      147, 201, 146, -1,
      146, 201, 202, -1,
      146, 202, 145, -1,
      145, 202, 203, -1,
      145, 203, 141, -1,
      179, 180, 167, -1,
      167, 180, 181, -1,
      167, 181, 166, -1,
      166, 181, 182, -1,
      166, 182, 165, -1,
      165, 182, 183, -1,
      165, 183, 164, -1,
      164, 183, 184, -1,
      164, 184, 163, -1,
      163, 184, 185, -1,
      163, 185, 162, -1,
      162, 185, 186, -1,
      162, 186, 161, -1,
      161, 186, 187, -1,
      161, 187, 160, -1,
      160, 187, 190, -1,
      160, 190, 159, -1,
      159, 190, 189, -1,
      159, 189, 188, -1,
      204, 205, 73, -1,
      73, 205, 74, -1,
      206, 204, 79, -1,
      79, 204, 73, -1,
      206, 79, 80, -1,
      206, 80, 207, -1,
      207, 80, 77, -1,
      207, 77, 208, -1,
      209, 208, 76, -1,
      76, 208, 77, -1,
      210, 209, 75, -1,
      75, 209, 76, -1,
      210, 75, 211, -1,
      211, 75, 78, -1,
      211, 78, 83, -1,
      212, 211, 82, -1,
      82, 211, 83, -1,
      212, 82, 213, -1,
      213, 82, 81, -1,
      213, 81, 84, -1,
      86, 214, 85, -1,
      85, 214, 213, -1,
      85, 213, 84, -1,
      86, 91, 214, -1,
      214, 91, 215, -1,
      91, 90, 215, -1,
      215, 90, 89, -1,
      215, 89, 216, -1,
      216, 89, 99, -1,
      216, 99, 217, -1,
      217, 99, 98, -1,
      217, 98, 218, -1,
      218, 98, 93, -1,
      218, 93, 219, -1,
      219, 93, 92, -1,
      219, 92, 220, -1,
      220, 92, 88, -1,
      220, 88, 221, -1,
      222, 221, 87, -1,
      87, 221, 88, -1,
      222, 87, 97, -1,
      222, 97, 223, -1,
      223, 97, 96, -1,
      223, 96, 224, -1,
      224, 96, 95, -1,
      224, 95, 225, -1,
      225, 95, 94, -1,
      225, 94, 226, -1,
      94, 105, 226, -1,
      226, 105, 104, -1,
      226, 104, 227, -1,
      227, 104, 103, -1,
      227, 103, 228, -1,
      228, 103, 101, -1,
      228, 101, 229, -1,
      229, 101, 100, -1,
      229, 100, 230, -1,
      74, 205, 102, -1,
      102, 205, 230, -1,
      102, 230, 100, -1,
      207, 208, 230, -1,
      205, 204, 230, -1,
      230, 204, 206, -1,
      230, 206, 207, -1,
      211, 212, 210, -1,
      210, 212, 213, -1,
      210, 213, 209, -1,
      221, 222, 220, -1,
      220, 222, 223, -1,
      220, 223, 219, -1,
      219, 223, 224, -1,
      219, 224, 218, -1,
      218, 224, 225, -1,
      218, 225, 217, -1,
      217, 225, 226, -1,
      217, 226, 216, -1,
      208, 209, 230, -1,
      230, 209, 213, -1,
      230, 213, 229, -1,
      213, 214, 229, -1,
      229, 214, 215, -1,
      229, 215, 228, -1,
      228, 215, 216, -1,
      228, 216, 227, -1,
      227, 216, 226, -1,
      231, 232, 108, -1,
      108, 232, 109, -1,
      231, 108, 233, -1,
      233, 108, 113, -1,
      233, 113, 111, -1,
      234, 233, 110, -1,
      110, 233, 111, -1,
      234, 110, 235, -1,
      235, 110, 112, -1,
      235, 112, 114, -1,
      236, 235, 115, -1,
      115, 235, 114, -1,
      118, 237, 116, -1,
      116, 237, 236, -1,
      116, 236, 115, -1,
      238, 237, 119, -1,
      119, 237, 118, -1,
      107, 239, 117, -1,
      117, 239, 238, -1,
      117, 238, 119, -1,
      240, 239, 106, -1,
      106, 239, 107, -1,
      0, 241, 1, -1,
      1, 241, 240, -1,
      1, 240, 106, -1,
      242, 241, 121, -1,
      121, 241, 0, -1,
      242, 121, 232, -1,
      232, 121, 120, -1,
      232, 120, 109, -1,
      239, 240, 238, -1,
      238, 240, 241, -1,
      238, 241, 237, -1,
      232, 231, 242, -1,
      242, 231, 233, -1,
      242, 233, 234, -1,
      235, 236, 234, -1,
      234, 236, 237, -1,
      234, 237, 242, -1,
      242, 237, 241, -1,
      243, 244, 245, -1,
      245, 244, 246, -1,
      245, 246, 247, -1,
      247, 246, 248, -1,
      247, 248, 249, -1,
      249, 248, 250, -1,
      249, 250, 251, -1,
      251, 250, 252, -1,
      251, 252, 253, -1,
      253, 252, 254, -1,
      253, 254, 255, -1,
      254, 256, 255, -1,
      255, 256, 257, -1,
      255, 257, 258, -1,
      258, 257, 259, -1,
      258, 259, 260, -1,
      260, 259, 261, -1,
      260, 261, 262, -1,
      262, 261, 263, -1,
      262, 263, 264, -1,
      264, 263, 265, -1,
      264, 265, 266, -1,
      266, 265, 267, -1,
      266, 267, 268, -1,
      268, 267, 269, -1,
      268, 269, 270, -1,
      270, 269, 271, -1,
      270, 271, 272, -1,
      272, 271, 273, -1,
      272, 273, 274, -1,
      274, 273, 275, -1,
      274, 275, 276, -1,
      276, 275, 277, -1,
      276, 277, 243, -1,
      243, 277, 278, -1,
      243, 278, 244, -1,
      249, 251, 132, -1,
      132, 251, 137, -1,
      249, 132, 131, -1,
      249, 131, 247, -1,
      247, 131, 130, -1,
      247, 130, 245, -1,
      245, 130, 125, -1,
      245, 125, 243, -1,
      243, 125, 124, -1,
      243, 124, 276, -1,
      276, 124, 123, -1,
      276, 123, 274, -1,
      274, 123, 122, -1,
      274, 122, 272, -1,
      272, 122, 126, -1,
      272, 126, 270, -1,
      270, 126, 127, -1,
      270, 127, 268, -1,
      268, 127, 135, -1,
      268, 135, 266, -1,
      266, 135, 134, -1,
      266, 134, 264, -1,
      264, 134, 133, -1,
      264, 133, 262, -1,
      262, 133, 136, -1,
      262, 136, 260, -1,
      260, 136, 129, -1,
      260, 129, 258, -1,
      258, 129, 128, -1,
      258, 128, 255, -1,
      253, 255, 138, -1,
      138, 255, 128, -1,
      251, 253, 137, -1,
      137, 253, 138, -1,
      256, 254, 279, -1,
      279, 254, 280, -1,
      254, 252, 280, -1,
      280, 252, 281, -1,
      252, 250, 281, -1,
      281, 250, 282, -1,
      278, 283, 284, -1,
      278, 284, 244, -1,
      244, 284, 285, -1,
      244, 285, 246, -1,
      246, 285, 286, -1,
      246, 286, 248, -1,
      248, 286, 282, -1,
      248, 282, 250, -1,
      271, 287, 288, -1,
      271, 288, 273, -1,
      273, 288, 289, -1,
      273, 289, 275, -1,
      275, 289, 290, -1,
      275, 290, 277, -1,
      277, 290, 283, -1,
      277, 283, 278, -1,
      263, 291, 292, -1,
      263, 292, 265, -1,
      265, 292, 293, -1,
      265, 293, 267, -1,
      267, 293, 294, -1,
      267, 294, 269, -1,
      269, 294, 287, -1,
      269, 287, 271, -1,
      256, 279, 295, -1,
      256, 295, 257, -1,
      257, 295, 296, -1,
      257, 296, 259, -1,
      259, 296, 297, -1,
      259, 297, 261, -1,
      261, 297, 291, -1,
      261, 291, 263, -1,
    ]
  }
}

Shape {
  appearance Appearance {
    material Material {
      diffuseColor 0.2510 0.2510 0.2510
      specularColor 0.1255 0.1255 0.1255
      ambientIntensity 0.2
      transparency 0.0000
      shininess 0.5
    }
  }
  geometry IndexedFaceSet {
    ccw TRUE
    solid FALSE
    coord DEF co Coordinate {
      point [
        0.787402 0.507023 -0.617259,
        0.787402 0.500975 -0.617259,
        0.787402 0.500975 -0.648125,
        0.787402 0.506788 -0.648125,
        0.787402 0.518690 -0.643949,
        0.787402 0.518219 -0.644389,
        0.787402 0.515635 -0.646182,
        0.787402 0.512328 -0.647464,
        0.787402 0.522967 -0.632303,
        0.787402 0.522809 -0.635061,
        0.787402 0.522000 -0.638680,
        0.787402 0.520591 -0.641622,
        0.787402 0.518577 -0.621026,
        0.787402 0.519698 -0.622130,
        0.787402 0.521248 -0.624376,
        0.787402 0.522376 -0.627301,
        0.787402 0.507441 -0.617263,
        0.787402 0.512561 -0.617925,
        0.787402 0.515967 -0.619244,
      ]
    }
    coordIndex [
      6, 5, 16, -1,
      1, 2, 0, -1,
      0, 2, 3, -1,
      0, 3, 16, -1,
      16, 3, 7, -1,
      16, 7, 6, -1,
      5, 4, 16, -1,
      16, 4, 11, -1,
      16, 11, 10, -1,
      8, 12, 18, -1,
      15, 14, 8, -1,
      8, 14, 13, -1,
      8, 13, 12, -1,
      10, 9, 16, -1,
      16, 9, 8, -1,
      16, 8, 17, -1,
      17, 8, 18, -1,
    ]
  }
}

Shape {
  appearance Appearance {
    material Material {
      diffuseColor 0.7529 0.7529 0.7529
      specularColor 0.3765 0.3765 0.3765
      ambientIntensity 0.2
      transparency 0.0000
      shininess 0.5
    }
  }
  geometry IndexedFaceSet {
    ccw TRUE
    solid FALSE
    coord DEF co Coordinate {
      point [
        0.787402 0.530622 -0.652689,
        0.787402 0.545871 -0.612654,
        0.787402 0.551397 -0.612654,
        0.787402 0.556852 -0.641739,
        0.787402 0.540181 -0.641739,
        0.787402 0.560935 -0.652689,
        0.787402 0.536333 -0.652689,
        0.787402 0.566646 -0.652689,
        0.791339 0.541818 -0.637215,
        0.791339 0.540181 -0.641739,
        0.791339 0.555255 -0.637215,
        0.791339 0.556852 -0.641739,
        0.791339 0.547805 -0.620575,
        0.791339 0.545871 -0.612654,
        0.791339 0.530622 -0.652689,
        0.791339 0.536333 -0.652689,
        0.791339 0.548152 -0.619380,
        0.791339 0.548460 -0.617771,
        0.791339 0.551397 -0.612654,
        0.791339 0.548583 -0.617771,
        0.791339 0.548906 -0.619465,
        0.791339 0.549207 -0.620575,
        0.791339 0.566646 -0.652689,
        0.791339 0.560935 -0.652689,
        0.787402 0.541818 -0.637215,
        0.787402 0.555255 -0.637215,
        0.787402 0.549207 -0.620575,
        0.787402 0.548583 -0.617771,
        0.787402 0.548906 -0.619465,
        0.787402 0.548460 -0.617771,
        0.787402 0.547805 -0.620575,
        0.787402 0.548152 -0.619380,
      ]
    }
    coordIndex [
      8, 9, 10, -1,
      10, 9, 11, -1,
      12, 13, 8, -1,
      8, 13, 14, -1,
      8, 14, 9, -1,
      9, 14, 15, -1,
      12, 16, 13, -1,
      13, 16, 17, -1,
      13, 17, 18, -1,
      18, 17, 19, -1,
      18, 19, 20, -1,
      20, 21, 18, -1,
      18, 21, 10, -1,
      18, 10, 22, -1,
      22, 10, 11, -1,
      22, 11, 23, -1,
      18, 22, 2, -1,
      2, 22, 7, -1,
      13, 18, 1, -1,
      1, 18, 2, -1,
      14, 13, 0, -1,
      0, 13, 1, -1,
      15, 14, 6, -1,
      6, 14, 0, -1,
      9, 15, 4, -1,
      4, 15, 6, -1,
      11, 9, 3, -1,
      3, 9, 4, -1,
      23, 11, 5, -1,
      5, 11, 3, -1,
      22, 23, 7, -1,
      7, 23, 5, -1,
      8, 10, 24, -1,
      24, 10, 25, -1,
      10, 21, 25, -1,
      25, 21, 26, -1,
      19, 27, 28, -1,
      19, 28, 20, -1,
      20, 28, 26, -1,
      20, 26, 21, -1,
      19, 17, 27, -1,
      27, 17, 29, -1,
      12, 30, 31, -1,
      12, 31, 16, -1,
      16, 31, 29, -1,
      16, 29, 17, -1,
      12, 8, 30, -1,
      30, 8, 24, -1,
    ]
  }
}

Shape {
  appearance Appearance {
    material Material {
      diffuseColor 0.2510 0.2510 0.2510
      specularColor 0.1255 0.1255 0.1255
      ambientIntensity 0.2
      transparency 0.0000
      shininess 0.5
    }
  }
  geometry IndexedFaceSet {
    ccw TRUE
    solid FALSE
    coord DEF co Coordinate {
      point [
        0.787402 0.541818 -0.637215,
        0.787402 0.555255 -0.637215,
        0.787402 0.549207 -0.620575,
        0.787402 0.548583 -0.617771,
        0.787402 0.548906 -0.619465,
        0.787402 0.548460 -0.617771,
        0.787402 0.547805 -0.620575,
        0.787402 0.548152 -0.619380,
      ]
    }
    coordIndex [
      3, 5, 4, -1,
      4, 5, 7, -1,
      4, 7, 2, -1,
      2, 7, 6, -1,
      2, 6, 1, -1,
      1, 6, 0, -1,
    ]
  }
}

Shape {
  appearance Appearance {
    material Material {
      diffuseColor 0.7529 0.7529 0.7529
      specularColor 0.3765 0.3765 0.3765
      ambientIntensity 0.2
      transparency 0.0000
      shininess 0.5
    }
  }
  geometry IndexedFaceSet {
    ccw TRUE
    solid FALSE
    coord DEF co Coordinate {
      point [
        0.787402 0.268432 -0.545518,
        0.787402 0.273167 -0.548806,
        0.787402 0.279500 -0.553203,
        0.787402 0.289368 -0.564776,
        0.787402 0.320775 -0.601254,
        0.787402 0.318272 -0.594997,
        0.787402 0.312464 -0.586898,
        0.787402 0.304745 -0.580367,
        0.787402 0.294871 -0.575690,
        0.787402 0.296275 -0.576162,
        0.787402 0.254311 -0.540043,
        0.787402 0.240789 -0.538401,
        0.787402 0.227976 -0.539832,
        0.787402 0.214768 -0.544585,
        0.787402 0.207785 -0.548806,
        0.787402 0.206632 -0.549502,
        0.787402 0.142169 -0.601254,
        0.787402 0.143443 -0.594134,
        0.787402 0.147987 -0.583887,
        0.787402 0.154827 -0.575120,
        0.787402 0.176350 -0.562842,
        0.787402 0.187561 -0.561457,
        0.787402 0.199943 -0.555231,
        0.787402 0.190834 -0.561635,
        0.787402 0.194107 -0.562027,
        0.787402 0.156752 -0.573298,
        0.787402 0.165806 -0.566935,
        0.787402 0.172584 -0.651185,
        0.787402 0.162296 -0.646176,
        0.787402 0.153404 -0.638596,
        0.787402 0.146900 -0.629309,
        0.787402 0.142824 -0.618711,
        0.787402 0.141449 -0.607570,
        0.787402 0.141530 -0.604831,
        0.787402 0.176175 -0.652259,
        0.787402 0.176534 -0.653027,
        0.787402 0.179030 -0.658366,
        0.787402 0.183263 -0.663590,
        0.787402 0.215001 -0.668885,
        0.787402 0.210105 -0.670766,
        0.787402 0.203216 -0.671614,
        0.787402 0.202119 -0.671594,
        0.787402 0.195398 -0.670546,
        0.787402 0.191446 -0.668885,
        0.787402 0.188831 -0.667787,
        0.787402 0.229888 -0.653027,
        0.787402 0.229863 -0.653133,
        0.787402 0.226496 -0.659478,
        0.787402 0.222123 -0.664383,
        0.787402 0.216454 -0.668328,
        0.787402 0.266233 -0.636235,
        0.787402 0.268186 -0.635463,
        0.787402 0.271531 -0.619240,
        0.787402 0.312519 -0.640019,
        0.787402 0.304772 -0.646576,
        0.787402 0.224565 -0.624079,
        0.787402 0.262707 -0.604154,
        0.787402 0.219591 -0.619550,
        0.787402 0.213551 -0.616313,
        0.787402 0.264483 -0.637475,
        0.787402 0.318167 -0.632152,
        0.787402 0.305264 -0.610771,
        0.787402 0.303928 -0.605304,
        0.787402 0.301745 -0.601254,
        0.787402 0.160089 -0.601254,
        0.787402 0.321750 -0.603691,
        0.787402 0.323051 -0.612978,
        0.787402 0.321744 -0.623141,
        0.787402 0.270392 -0.635180,
        0.787402 0.270669 -0.635200,
        0.787402 0.271523 -0.635389,
        0.787402 0.161761 -0.618349,
        0.787402 0.165154 -0.624125,
        0.787402 0.179607 -0.627066,
        0.787402 0.170258 -0.629368,
        0.787402 0.176460 -0.633187,
        0.787402 0.190134 -0.617643,
        0.787402 0.184314 -0.621686,
        0.787402 0.159381 -0.607000,
        0.787402 0.159721 -0.611382,
        0.787402 0.196422 -0.615238,
        0.787402 0.203216 -0.614401,
        0.787402 0.206680 -0.614607,
        0.787402 0.261568 -0.644004,
        0.787402 0.261640 -0.642881,
        0.787402 0.231680 -0.640304,
        0.787402 0.262212 -0.640714,
        0.787402 0.263307 -0.638772,
        0.787402 0.299626 -0.628317,
        0.787402 0.302758 -0.623878,
        0.787402 0.304720 -0.618804,
        0.787402 0.305403 -0.613263,
        0.787402 0.268219 -0.652569,
        0.787402 0.266336 -0.651828,
        0.787402 0.264490 -0.650516,
        0.787402 0.263829 -0.649842,
        0.787402 0.262588 -0.648054,
        0.787402 0.261838 -0.646124,
        0.787402 0.231527 -0.646107,
        0.787402 0.231680 -0.643150,
        0.787402 0.296087 -0.650826,
        0.787402 0.286617 -0.652828,
        0.787402 0.269823 -0.652828,
        0.787402 0.272100 -0.635465,
        0.787402 0.284909 -0.635465,
        0.787402 0.290015 -0.634487,
        0.787402 0.295038 -0.632161,
        0.787402 0.299247 -0.628724,
        0.787402 0.274792 -0.573967,
        0.787402 0.268373 -0.566296,
        0.787402 0.202931 -0.582806,
        0.787402 0.267647 -0.565635,
        0.787402 0.259650 -0.560085,
        0.787402 0.207278 -0.573804,
        0.787402 0.200894 -0.581692,
        0.787402 0.194512 -0.579361,
        0.787402 0.301281 -0.600393,
        0.787402 0.297996 -0.596724,
        0.787402 0.283201 -0.591060,
        0.787402 0.293582 -0.593641,
        0.787402 0.288614 -0.591728,
        0.787402 0.280924 -0.591060,
        0.787402 0.279183 -0.583139,
        0.787402 0.177862 -0.580354,
        0.787402 0.171517 -0.583720,
        0.787402 0.184889 -0.578690,
        0.787402 0.166613 -0.588093,
        0.787402 0.162668 -0.593763,
        0.787402 0.213662 -0.566177,
        0.787402 0.250724 -0.556666,
        0.787402 0.221298 -0.560597,
        0.787402 0.241074 -0.555480,
        0.787402 0.230598 -0.556829,
        0.787402 0.187845 -0.578536,
        0.787402 0.160230 -0.600111,
        0.791339 0.179030 -0.658366,
        0.791339 0.183263 -0.663590,
        0.791339 0.176460 -0.633187,
        0.791339 0.171517 -0.583720,
        0.791339 0.177862 -0.580354,
        0.791339 0.176350 -0.562842,
        0.791339 0.226496 -0.659478,
        0.791339 0.229863 -0.653133,
        0.791339 0.231527 -0.646107,
        0.791339 0.194107 -0.562027,
        0.791339 0.202931 -0.582806,
        0.791339 0.207278 -0.573804,
        0.791339 0.170258 -0.629368,
        0.791339 0.172584 -0.651185,
        0.791339 0.176175 -0.652259,
        0.791339 0.187561 -0.561457,
        0.791339 0.271531 -0.619240,
        0.791339 0.262707 -0.604154,
        0.791339 0.231680 -0.640304,
        0.791339 0.224565 -0.624079,
        0.791339 0.231680 -0.643150,
        0.791339 0.216454 -0.668328,
        0.791339 0.222123 -0.664383,
        0.791339 0.195463 -0.651639,
        0.791339 0.197717 -0.653227,
        0.791339 0.188831 -0.667787,
        0.791339 0.200338 -0.654226,
        0.791339 0.213142 -0.639066,
        0.791339 0.213892 -0.641656,
        0.791339 0.213989 -0.644415,
        0.791339 0.213383 -0.647165,
        0.791339 0.212118 -0.649653,
        0.791339 0.280924 -0.591060,
        0.791339 0.283201 -0.591060,
        0.791339 0.294871 -0.575690,
        0.791339 0.288614 -0.591728,
        0.791339 0.296275 -0.576162,
        0.791339 0.293582 -0.593641,
        0.791339 0.304745 -0.580367,
        0.791339 0.312464 -0.586898,
        0.791339 0.199943 -0.555231,
        0.791339 0.213662 -0.566177,
        0.791339 0.206632 -0.549502,
        0.791339 0.221298 -0.560597,
        0.791339 0.214768 -0.544585,
        0.791339 0.184889 -0.578690,
        0.791339 0.187845 -0.578536,
        0.791339 0.190834 -0.561635,
        0.791339 0.194512 -0.579361,
        0.791339 0.200894 -0.581692,
        0.791339 0.191885 -0.644552,
        0.791339 0.192480 -0.647193,
        0.791339 0.193669 -0.649554,
        0.791339 0.195398 -0.670546,
        0.791339 0.202119 -0.671594,
        0.791339 0.202931 -0.654536,
        0.791339 0.203216 -0.671614,
        0.791339 0.205648 -0.654203,
        0.791339 0.210105 -0.670766,
        0.791339 0.208126 -0.653249,
        0.791339 0.210306 -0.651728,
        0.791339 0.312519 -0.640019,
        0.791339 0.299247 -0.628724,
        0.791339 0.304772 -0.646576,
        0.791339 0.295038 -0.632161,
        0.791339 0.296087 -0.650826,
        0.791339 0.290015 -0.634487,
        0.791339 0.286617 -0.652828,
        0.791339 0.284909 -0.635465,
        0.791339 0.269823 -0.652828,
        0.791339 0.272100 -0.635465,
        0.791339 0.268219 -0.652569,
        0.791339 0.297996 -0.596724,
        0.791339 0.301281 -0.600393,
        0.791339 0.318272 -0.594997,
        0.791339 0.303928 -0.605304,
        0.791339 0.321750 -0.603691,
        0.791339 0.305264 -0.610771,
        0.791339 0.323051 -0.612978,
        0.791339 0.305403 -0.613263,
        0.791339 0.321744 -0.623141,
        0.791339 0.304720 -0.618804,
        0.791339 0.318167 -0.632152,
        0.791339 0.302758 -0.623878,
        0.791339 0.299626 -0.628317,
        0.791339 0.279500 -0.553203,
        0.791339 0.268373 -0.566296,
        0.791339 0.289368 -0.564776,
        0.791339 0.274792 -0.573967,
        0.791339 0.279183 -0.583139,
        0.791339 0.160230 -0.600111,
        0.791339 0.141530 -0.604831,
        0.791339 0.159381 -0.607000,
        0.791339 0.141449 -0.607570,
        0.791339 0.159721 -0.611382,
        0.791339 0.142824 -0.618711,
        0.791339 0.161761 -0.618349,
        0.791339 0.146900 -0.629309,
        0.791339 0.165154 -0.624125,
        0.791339 0.153404 -0.638596,
        0.791339 0.162296 -0.646176,
        0.791339 0.191953 -0.641774,
        0.791339 0.192719 -0.639072,
        0.791339 0.179607 -0.627066,
        0.791339 0.194130 -0.636672,
        0.791339 0.184314 -0.621686,
        0.791339 0.195508 -0.635189,
        0.791339 0.190134 -0.617643,
        0.791339 0.197745 -0.633627,
        0.791339 0.196422 -0.615238,
        0.791339 0.200237 -0.632668,
        0.791339 0.203216 -0.614401,
        0.791339 0.202931 -0.632333,
        0.791339 0.206680 -0.614607,
        0.791339 0.204865 -0.632504,
        0.791339 0.213551 -0.616313,
        0.791339 0.207548 -0.633345,
        0.791339 0.219591 -0.619550,
        0.791339 0.209904 -0.634806,
        0.791339 0.211814 -0.636778,
        0.791339 0.227976 -0.539832,
        0.791339 0.230598 -0.556829,
        0.791339 0.240789 -0.538401,
        0.791339 0.241074 -0.555480,
        0.791339 0.254311 -0.540043,
        0.791339 0.250724 -0.556666,
        0.791339 0.268432 -0.545518,
        0.791339 0.259650 -0.560085,
        0.791339 0.267647 -0.565635,
        0.791339 0.165806 -0.566935,
        0.791339 0.156752 -0.573298,
        0.791339 0.166613 -0.588093,
        0.791339 0.154827 -0.575120,
        0.791339 0.162668 -0.593763,
        0.791339 0.147987 -0.583887,
        0.791339 0.143443 -0.594134,
        0.791339 0.270669 -0.635200,
        0.791339 0.263829 -0.649842,
        0.791339 0.264490 -0.650516,
        0.791339 0.271523 -0.635389,
        0.791339 0.266336 -0.651828,
        0.791339 0.261568 -0.644004,
        0.791339 0.261838 -0.646124,
        0.791339 0.262588 -0.648054,
        0.791339 0.268186 -0.635463,
        0.791339 0.266233 -0.636235,
        0.791339 0.261640 -0.642881,
        0.791339 0.264483 -0.637475,
        0.791339 0.263307 -0.638772,
        0.791339 0.262212 -0.640714,
        0.791339 0.270392 -0.635180,
        0.787402 0.202931 -0.632333,
        0.787402 0.204865 -0.632504,
        0.787402 0.207548 -0.633345,
        0.787402 0.209904 -0.634806,
        0.787402 0.211814 -0.636778,
        0.787402 0.213142 -0.639066,
        0.787402 0.213892 -0.641656,
        0.787402 0.213989 -0.644415,
        0.787402 0.213383 -0.647165,
        0.787402 0.212118 -0.649653,
        0.787402 0.210306 -0.651728,
        0.787402 0.208126 -0.653249,
        0.787402 0.205648 -0.654203,
        0.787402 0.202931 -0.654536,
        0.787402 0.200338 -0.654226,
        0.787402 0.197717 -0.653227,
        0.787402 0.195463 -0.651639,
        0.787402 0.193669 -0.649554,
        0.787402 0.192480 -0.647193,
        0.787402 0.191885 -0.644552,
        0.787402 0.191953 -0.641774,
        0.787402 0.192719 -0.639072,
        0.787402 0.194130 -0.636672,
        0.787402 0.195508 -0.635189,
        0.787402 0.197745 -0.633627,
        0.787402 0.200237 -0.632668,
      ]
    }
    coordIndex [
      135, 136, 137, -1,
      138, 139, 140, -1,
      141, 142, 143, -1,
      144, 145, 146, -1,
      147, 148, 137, -1,
      137, 148, 149, -1,
      137, 149, 135, -1,
      140, 139, 150, -1,
      151, 152, 153, -1,
      153, 152, 154, -1,
      153, 154, 155, -1,
      155, 154, 156, -1,
      155, 156, 143, -1,
      143, 156, 157, -1,
      143, 157, 141, -1,
      158, 136, 159, -1,
      159, 136, 160, -1,
      159, 160, 161, -1,
      162, 163, 154, -1,
      154, 163, 164, -1,
      154, 164, 156, -1,
      156, 164, 165, -1,
      156, 165, 166, -1,
      167, 168, 169, -1,
      169, 168, 170, -1,
      169, 170, 171, -1,
      171, 170, 172, -1,
      171, 172, 173, -1,
      173, 172, 174, -1,
      144, 146, 175, -1,
      175, 146, 176, -1,
      175, 176, 177, -1,
      177, 176, 178, -1,
      177, 178, 179, -1,
      139, 180, 150, -1,
      150, 180, 181, -1,
      150, 181, 182, -1,
      182, 181, 183, -1,
      182, 183, 144, -1,
      144, 183, 184, -1,
      144, 184, 145, -1,
      185, 137, 186, -1,
      186, 137, 136, -1,
      186, 136, 187, -1,
      187, 136, 158, -1,
      160, 188, 161, -1,
      161, 188, 189, -1,
      161, 189, 190, -1,
      190, 189, 191, -1,
      190, 191, 192, -1,
      192, 191, 193, -1,
      192, 193, 194, -1,
      194, 193, 156, -1,
      194, 156, 195, -1,
      195, 156, 166, -1,
      196, 197, 198, -1,
      198, 197, 199, -1,
      198, 199, 200, -1,
      200, 199, 201, -1,
      200, 201, 202, -1,
      202, 201, 203, -1,
      202, 203, 204, -1,
      204, 203, 205, -1,
      204, 205, 206, -1,
      172, 207, 174, -1,
      174, 207, 208, -1,
      174, 208, 209, -1,
      209, 208, 210, -1,
      209, 210, 211, -1,
      211, 210, 212, -1,
      211, 212, 213, -1,
      213, 212, 214, -1,
      213, 214, 215, -1,
      215, 214, 216, -1,
      215, 216, 217, -1,
      217, 216, 218, -1,
      217, 218, 196, -1,
      196, 218, 219, -1,
      196, 219, 197, -1,
      220, 221, 222, -1,
      222, 221, 223, -1,
      222, 223, 169, -1,
      169, 223, 224, -1,
      169, 224, 167, -1,
      225, 226, 227, -1,
      227, 226, 228, -1,
      227, 228, 229, -1,
      229, 228, 230, -1,
      229, 230, 231, -1,
      231, 230, 232, -1,
      231, 232, 233, -1,
      233, 232, 234, -1,
      233, 234, 147, -1,
      147, 234, 235, -1,
      147, 235, 148, -1,
      185, 236, 137, -1,
      137, 236, 237, -1,
      137, 237, 238, -1,
      238, 237, 239, -1,
      238, 239, 240, -1,
      240, 239, 241, -1,
      240, 241, 242, -1,
      242, 241, 243, -1,
      242, 243, 244, -1,
      244, 243, 245, -1,
      244, 245, 246, -1,
      246, 245, 247, -1,
      246, 247, 248, -1,
      248, 247, 249, -1,
      248, 249, 250, -1,
      250, 249, 251, -1,
      250, 251, 252, -1,
      252, 251, 253, -1,
      252, 253, 154, -1,
      154, 253, 254, -1,
      154, 254, 162, -1,
      179, 178, 255, -1,
      255, 178, 256, -1,
      255, 256, 257, -1,
      257, 256, 258, -1,
      257, 258, 259, -1,
      259, 258, 260, -1,
      259, 260, 261, -1,
      261, 260, 262, -1,
      261, 262, 220, -1,
      220, 262, 263, -1,
      220, 263, 221, -1,
      140, 264, 138, -1,
      138, 264, 265, -1,
      138, 265, 266, -1,
      266, 265, 267, -1,
      266, 267, 268, -1,
      268, 267, 269, -1,
      268, 269, 225, -1,
      225, 269, 270, -1,
      225, 270, 226, -1,
      271, 272, 273, -1,
      205, 274, 206, -1,
      206, 274, 271, -1,
      206, 271, 275, -1,
      275, 271, 273, -1,
      276, 277, 271, -1,
      271, 277, 278, -1,
      271, 278, 272, -1,
      279, 280, 281, -1,
      280, 282, 281, -1,
      281, 282, 283, -1,
      281, 283, 284, -1,
      276, 271, 281, -1,
      281, 271, 285, -1,
      281, 285, 279, -1,
      213, 66, 65, -1,
      213, 65, 211, -1,
      211, 65, 4, -1,
      211, 4, 209, -1,
      4, 5, 209, -1,
      209, 5, 6, -1,
      209, 6, 174, -1,
      174, 6, 7, -1,
      174, 7, 173, -1,
      173, 7, 9, -1,
      173, 9, 171, -1,
      171, 9, 8, -1,
      171, 8, 169, -1,
      169, 8, 3, -1,
      169, 3, 222, -1,
      222, 3, 2, -1,
      222, 2, 220, -1,
      220, 2, 261, -1,
      261, 2, 1, -1,
      1, 0, 261, -1,
      261, 0, 10, -1,
      261, 10, 259, -1,
      259, 10, 11, -1,
      259, 11, 257, -1,
      15, 177, 14, -1,
      14, 177, 179, -1,
      14, 179, 13, -1,
      13, 179, 255, -1,
      13, 255, 12, -1,
      12, 255, 257, -1,
      12, 257, 11, -1,
      177, 15, 22, -1,
      177, 22, 175, -1,
      175, 22, 24, -1,
      175, 24, 144, -1,
      144, 24, 23, -1,
      144, 23, 182, -1,
      182, 23, 21, -1,
      182, 21, 150, -1,
      150, 21, 20, -1,
      150, 20, 140, -1,
      140, 20, 26, -1,
      140, 26, 264, -1,
      264, 26, 25, -1,
      264, 25, 265, -1,
      265, 25, 19, -1,
      265, 19, 267, -1,
      17, 269, 18, -1,
      18, 269, 267, -1,
      18, 267, 19, -1,
      16, 226, 17, -1,
      17, 226, 270, -1,
      17, 270, 269, -1,
      16, 33, 226, -1,
      226, 33, 32, -1,
      226, 32, 228, -1,
      228, 32, 31, -1,
      228, 31, 230, -1,
      230, 31, 30, -1,
      230, 30, 232, -1,
      232, 30, 29, -1,
      232, 29, 234, -1,
      234, 29, 28, -1,
      234, 28, 235, -1,
      235, 28, 27, -1,
      235, 27, 148, -1,
      148, 27, 34, -1,
      148, 34, 149, -1,
      149, 34, 35, -1,
      149, 35, 135, -1,
      35, 36, 135, -1,
      135, 36, 37, -1,
      135, 37, 136, -1,
      136, 37, 44, -1,
      136, 44, 160, -1,
      160, 44, 43, -1,
      160, 43, 188, -1,
      43, 42, 188, -1,
      188, 42, 41, -1,
      188, 41, 189, -1,
      189, 41, 40, -1,
      189, 40, 191, -1,
      99, 155, 143, -1,
      191, 40, 39, -1,
      191, 39, 193, -1,
      193, 39, 38, -1,
      193, 38, 156, -1,
      38, 49, 156, -1,
      156, 49, 48, -1,
      156, 48, 157, -1,
      157, 48, 47, -1,
      157, 47, 141, -1,
      141, 47, 46, -1,
      141, 46, 142, -1,
      142, 46, 45, -1,
      142, 45, 143, -1,
      143, 45, 98, -1,
      143, 98, 99, -1,
      153, 155, 85, -1,
      85, 155, 99, -1,
      151, 153, 52, -1,
      52, 153, 85, -1,
      152, 151, 56, -1,
      56, 151, 52, -1,
      154, 152, 55, -1,
      55, 152, 56, -1,
      154, 55, 57, -1,
      154, 57, 252, -1,
      252, 57, 58, -1,
      252, 58, 250, -1,
      250, 58, 82, -1,
      250, 82, 248, -1,
      248, 82, 81, -1,
      248, 81, 246, -1,
      246, 81, 80, -1,
      246, 80, 244, -1,
      244, 80, 76, -1,
      244, 76, 242, -1,
      242, 76, 77, -1,
      242, 77, 240, -1,
      240, 77, 73, -1,
      240, 73, 238, -1,
      238, 73, 75, -1,
      238, 75, 137, -1,
      137, 75, 74, -1,
      137, 74, 147, -1,
      147, 74, 72, -1,
      147, 72, 233, -1,
      233, 72, 71, -1,
      233, 71, 231, -1,
      231, 71, 79, -1,
      231, 79, 229, -1,
      229, 79, 78, -1,
      229, 78, 227, -1,
      78, 64, 227, -1,
      227, 64, 225, -1,
      64, 134, 225, -1,
      225, 134, 127, -1,
      225, 127, 268, -1,
      268, 127, 126, -1,
      268, 126, 266, -1,
      266, 126, 124, -1,
      266, 124, 138, -1,
      138, 124, 123, -1,
      138, 123, 139, -1,
      139, 123, 125, -1,
      139, 125, 180, -1,
      180, 125, 133, -1,
      180, 133, 181, -1,
      181, 133, 115, -1,
      181, 115, 183, -1,
      183, 115, 114, -1,
      183, 114, 184, -1,
      184, 114, 110, -1,
      184, 110, 145, -1,
      145, 110, 113, -1,
      145, 113, 146, -1,
      146, 113, 128, -1,
      146, 128, 176, -1,
      176, 128, 130, -1,
      176, 130, 178, -1,
      178, 130, 132, -1,
      178, 132, 256, -1,
      256, 132, 131, -1,
      256, 131, 258, -1,
      258, 131, 129, -1,
      258, 129, 260, -1,
      260, 129, 112, -1,
      260, 112, 262, -1,
      262, 112, 111, -1,
      262, 111, 263, -1,
      263, 111, 109, -1,
      263, 109, 221, -1,
      221, 109, 108, -1,
      221, 108, 223, -1,
      223, 108, 122, -1,
      223, 122, 224, -1,
      224, 122, 121, -1,
      224, 121, 167, -1,
      168, 167, 118, -1,
      118, 167, 121, -1,
      168, 118, 120, -1,
      168, 120, 170, -1,
      170, 120, 119, -1,
      170, 119, 172, -1,
      172, 119, 117, -1,
      172, 117, 207, -1,
      207, 117, 116, -1,
      207, 116, 208, -1,
      208, 116, 63, -1,
      208, 63, 210, -1,
      63, 62, 210, -1,
      210, 62, 61, -1,
      210, 61, 212, -1,
      212, 61, 91, -1,
      212, 91, 214, -1,
      214, 91, 90, -1,
      214, 90, 216, -1,
      216, 90, 89, -1,
      216, 89, 218, -1,
      218, 89, 88, -1,
      218, 88, 219, -1,
      219, 88, 107, -1,
      219, 107, 197, -1,
      197, 107, 106, -1,
      197, 106, 199, -1,
      199, 106, 105, -1,
      199, 105, 201, -1,
      201, 105, 104, -1,
      201, 104, 203, -1,
      205, 203, 103, -1,
      103, 203, 104, -1,
      205, 103, 70, -1,
      205, 70, 274, -1,
      274, 70, 69, -1,
      274, 69, 271, -1,
      271, 69, 68, -1,
      271, 68, 285, -1,
      285, 68, 51, -1,
      285, 51, 279, -1,
      279, 51, 50, -1,
      279, 50, 280, -1,
      280, 50, 59, -1,
      280, 59, 282, -1,
      282, 59, 87, -1,
      282, 87, 283, -1,
      283, 87, 86, -1,
      283, 86, 284, -1,
      284, 86, 84, -1,
      284, 84, 281, -1,
      281, 84, 83, -1,
      281, 83, 276, -1,
      276, 83, 97, -1,
      276, 97, 277, -1,
      277, 97, 96, -1,
      277, 96, 278, -1,
      278, 96, 95, -1,
      278, 95, 272, -1,
      272, 95, 94, -1,
      272, 94, 273, -1,
      273, 94, 93, -1,
      273, 93, 275, -1,
      275, 93, 92, -1,
      275, 92, 206, -1,
      206, 92, 102, -1,
      206, 102, 204, -1,
      202, 204, 101, -1,
      101, 204, 102, -1,
      202, 101, 100, -1,
      202, 100, 200, -1,
      200, 100, 54, -1,
      200, 54, 198, -1,
      198, 54, 53, -1,
      198, 53, 196, -1,
      196, 53, 60, -1,
      196, 60, 217, -1,
      217, 60, 67, -1,
      217, 67, 215, -1,
      215, 67, 66, -1,
      215, 66, 213, -1,
      247, 286, 287, -1,
      247, 287, 249, -1,
      249, 287, 288, -1,
      249, 288, 251, -1,
      251, 288, 289, -1,
      251, 289, 253, -1,
      253, 289, 290, -1,
      253, 290, 254, -1,
      254, 290, 291, -1,
      254, 291, 162, -1,
      162, 291, 292, -1,
      162, 292, 163, -1,
      163, 292, 293, -1,
      163, 293, 164, -1,
      164, 293, 294, -1,
      164, 294, 165, -1,
      165, 294, 295, -1,
      165, 295, 166, -1,
      166, 295, 296, -1,
      166, 296, 195, -1,
      195, 296, 297, -1,
      195, 297, 194, -1,
      194, 297, 298, -1,
      194, 298, 192, -1,
      192, 298, 299, -1,
      192, 299, 190, -1,
      190, 299, 300, -1,
      190, 300, 161, -1,
      161, 300, 301, -1,
      161, 301, 159, -1,
      159, 301, 302, -1,
      159, 302, 158, -1,
      158, 302, 303, -1,
      158, 303, 187, -1,
      187, 303, 304, -1,
      187, 304, 186, -1,
      186, 304, 305, -1,
      186, 305, 185, -1,
      185, 305, 306, -1,
      185, 306, 236, -1,
      236, 306, 307, -1,
      236, 307, 237, -1,
      237, 307, 308, -1,
      237, 308, 239, -1,
      239, 308, 309, -1,
      239, 309, 241, -1,
      241, 309, 310, -1,
      241, 310, 243, -1,
      243, 310, 311, -1,
      243, 311, 245, -1,
      245, 311, 286, -1,
      245, 286, 247, -1,
    ]
  }
}

Shape {
  appearance Appearance {
    material Material {
      diffuseColor 0.2510 0.2510 0.2510
      specularColor 0.1255 0.1255 0.1255
      ambientIntensity 0.2
      transparency 0.0000
      shininess 0.5
    }
  }
  geometry IndexedFaceSet {
    ccw TRUE
    solid FALSE
    coord DEF co Coordinate {
      point [
        0.787402 0.202931 -0.632333,
        0.787402 0.204865 -0.632504,
        0.787402 0.207548 -0.633345,
        0.787402 0.209904 -0.634806,
        0.787402 0.211814 -0.636778,
        0.787402 0.213142 -0.639066,
        0.787402 0.213892 -0.641656,
        0.787402 0.213989 -0.644415,
        0.787402 0.213383 -0.647165,
        0.787402 0.212118 -0.649653,
        0.787402 0.210306 -0.651728,
        0.787402 0.208126 -0.653249,
        0.787402 0.205648 -0.654203,
        0.787402 0.202931 -0.654536,
        0.787402 0.200338 -0.654226,
        0.787402 0.197717 -0.653227,
        0.787402 0.195463 -0.651639,
        0.787402 0.193669 -0.649554,
        0.787402 0.192480 -0.647193,
        0.787402 0.191885 -0.644552,
        0.787402 0.191953 -0.641774,
        0.787402 0.192719 -0.639072,
        0.787402 0.194130 -0.636672,
        0.787402 0.195508 -0.635189,
        0.787402 0.197745 -0.633627,
        0.787402 0.200237 -0.632668,
      ]
    }
    coordIndex [
      13, 23, 22, -1,
      0, 13, 1, -1,
      1, 13, 12, -1,
      0, 25, 13, -1,
      13, 25, 24, -1,
      13, 24, 23, -1,
      10, 4, 3, -1,
      18, 17, 22, -1,
      22, 17, 16, -1,
      12, 11, 1, -1,
      1, 11, 10, -1,
      1, 10, 2, -1,
      2, 10, 3, -1,
      21, 20, 22, -1,
      22, 20, 19, -1,
      22, 19, 18, -1,
      16, 15, 22, -1,
      22, 15, 14, -1,
      22, 14, 13, -1,
      8, 7, 9, -1,
      9, 7, 6, -1,
      9, 6, 10, -1,
      10, 6, 5, -1,
      10, 5, 4, -1,
    ]
  }
}
