#VRML V2.0 utf8

Shape {
  appearance Appearance {
    material Material {
      diffuseColor 0.5804 0.1294 0.0784
      specularColor 0.2902 0.0667 0.0392
      ambientIntensity 0.2
      transparency 0.0000
      shininess 0.5
    }
  }
  geometry IndexedFaceSet {
    ccw TRUE
    solid FALSE
    coord DEF co Coordinate {
      point [
        0.185877 0.000046 0.019685,
        0.193509 0.002673 0.019697,
        0.219805 0.000000 0.019685,
        0.213083 0.037885 0.022126,
        0.249572 0.047365 0.023509,
        0.212322 0.028766 0.021089,
        0.249572 0.008642 0.019811,
        0.209952 0.020431 0.020393,
        0.219805 0.008642 0.019811,
        0.205757 0.012944 0.019969,
        0.199843 0.006717 0.019761,
        0.098814 0.070098 0.028126,
        0.128581 0.070098 0.028126,
        0.128581 0.047365 0.023509,
        0.249572 0.078740 0.030377,
        0.452756 0.093424 0.035153,
        0.260135 0.078740 0.030377,
        0.452756 0.066879 0.027359,
        0.260135 0.047365 0.023509,
        0.197204 0.072200 0.028648,
        0.189724 0.076505 0.029768,
        0.204313 0.065363 0.027010,
        0.212124 0.047361 0.023537,
        0.211950 0.049079 0.023793,
        0.208928 0.058001 0.025438,
        0.139144 0.078740 0.030377,
        0.173038 0.079700 0.030645,
        0.180946 0.079055 0.030465,
        -0.017376 0.078740 0.030377,
        0.059309 0.078740 0.030377,
        0.047933 0.077524 0.030044,
        0.038720 0.074289 0.029183,
        0.030158 0.068534 0.027749,
        0.030068 0.068473 0.027734,
        0.024500 0.062299 0.026332,
        0.020840 0.055527 0.024953,
        -0.005515 0.047365 0.023509,
        0.018726 0.047769 0.023575,
        -0.255906 0.093504 0.034881,
        0.081530 0.078740 0.030377,
        0.098814 0.078740 0.030377,
        0.081530 0.047365 0.023509,
        -0.027939 0.078740 0.030377,
        -0.255906 0.070664 0.028265,
        -0.040182 0.047365 0.023509,
        -0.255906 0.047365 0.023509,
        0.163612 0.079050 0.030463,
        0.154508 0.076580 0.029788,
        0.139144 0.047365 0.023509,
        0.154508 0.066017 0.027159,
        0.201471 0.047361 0.023535,
        0.158804 0.068224 0.027675,
        0.180701 0.070187 0.028148,
        0.191086 0.058822 0.025604,
        0.172948 0.071058 0.028363,
        0.163378 0.069815 0.028057,
        0.200046 0.053086 0.024496,
        0.196800 0.059165 0.025673,
        0.186595 0.068061 0.027636,
        0.192045 0.064415 0.026797,
        0.452756 0.000000 0.019685,
        0.260135 0.000000 0.019685,
        0.452756 0.033659 0.021610,
        0.452756 0.047286 0.023968,
        0.202145 0.044656 0.023081,
        0.202520 0.038530 0.022210,
        0.155919 0.011942 0.019927,
        0.201723 0.030006 0.021214,
        0.199584 0.023233 0.020600,
        0.182063 0.008506 0.019807,
        0.174719 0.007682 0.019785,
        0.187800 0.010618 0.019876,
        0.192632 0.013875 0.020011,
        0.196327 0.017773 0.020220,
        0.164266 0.008842 0.019817,
        0.154508 0.004081 0.019713,
        0.139144 0.000000 0.019685,
        0.154508 0.012723 0.019959,
        -0.255906 -0.023760 0.020643,
        0.000869 0.000000 0.019685,
        -0.255906 -0.047365 0.023509,
        0.012392 0.000000 0.019685,
        0.096893 0.000000 0.019685,
        0.174047 -0.000705 0.019687,
        0.168183 0.000000 0.019686,
        0.162902 0.000635 0.019686,
        0.452756 -0.047286 0.023968,
        0.176174 -0.000960 0.019687,
        0.185435 0.000000 0.019685,
        0.452756 -0.033659 0.021610,
        0.128581 0.044171 0.023007,
        0.100734 0.044171 0.023007,
        0.100734 0.035529 0.021830,
        0.128581 0.035529 0.021830,
        0.128581 0.008642 0.019811,
        0.096893 0.008642 0.019811,
        0.081530 0.000000 0.019685,
        0.018694 0.047365 0.023514,
        0.018153 0.040360 0.022456,
        0.003409 0.023760 0.020643,
        0.019258 0.029822 0.021195,
        0.022085 0.021581 0.020475,
        0.026601 0.014538 0.020043,
        0.033081 0.008333 0.019803,
        0.041303 0.003555 0.019706,
        0.060119 0.000000 0.019685,
        0.050376 0.000850 0.019686,
        -0.255906 0.023760 0.020643,
        -0.049394 0.023760 0.020643,
        -0.255906 0.000000 0.019685,
        -0.058667 0.000000 0.019685,
        -0.047143 0.000000 0.019685,
        -0.039176 0.022086 0.020512,
        -0.006648 0.022086 0.020512,
        -0.255906 -0.070664 0.028265,
        0.452756 -0.066879 0.027359,
        -0.255906 -0.093504 0.034881,
        0.452756 -0.093424 0.035153,
        0.452756 -0.099227 0.036857,
        -0.255906 -0.115738 0.043313,
        0.452756 -0.130282 0.049981,
        -0.255906 -0.137221 0.053507,
        0.452756 -0.137053 0.053805,
        -0.255906 -0.157815 0.065396,
        0.452756 -0.159638 0.066559,
        -0.255906 -0.177385 0.078905,
        0.452756 -0.177124 0.079263,
        -0.255906 -0.195804 0.093944,
        0.452756 -0.186913 0.086376,
        0.452756 -0.211752 0.109172,
        -0.255906 -0.212954 0.110416,
        0.452756 -0.212883 0.110478,
        -0.255906 -0.228722 0.128215,
        0.452756 -0.233830 0.134651,
        -0.255906 -0.243007 0.147225,
        0.452756 -0.242612 0.147495,
        -0.255906 -0.255716 0.167323,
        0.452756 -0.252859 0.162481,
        -0.255906 -0.266767 0.188378,
        0.452756 -0.266576 0.188479,
        0.452756 -0.268592 0.192299,
        -0.255906 -0.276087 0.210254,
        0.452756 -0.280824 0.223715,
        -0.255906 -0.283618 0.232810,
        0.452756 -0.283240 0.232909,
        -0.255906 -0.289308 0.255898,
        0.452756 -0.289394 0.256322,
        -0.255906 -0.293123 0.279369,
        0.452756 -0.292717 0.279428,
        -0.255906 -0.295036 0.303071,
        0.452756 -0.294193 0.289693,
        0.452756 -0.295155 0.323393,
        -0.255906 -0.295036 0.326850,
        0.452756 -0.294859 0.326835,
        -0.255906 -0.293123 0.350552,
        0.452756 -0.292270 0.356983,
        -0.255906 -0.289308 0.374023,
        0.452756 -0.288837 0.373928,
        -0.255906 -0.283618 0.397111,
        0.452756 -0.285575 0.390025,
        -0.255906 -0.276087 0.419667,
        0.452756 -0.275957 0.419624,
        -0.255906 -0.266767 0.441543,
        0.452756 -0.275157 0.422089,
        0.452756 -0.261152 0.452756,
        -0.255906 -0.255716 0.462598,
        0.452756 -0.255350 0.462377,
        -0.255906 -0.243007 0.482696,
        0.452756 -0.243742 0.481627,
        -0.255906 -0.228722 0.501706,
        0.452756 -0.228431 0.501482,
        -0.255906 -0.212954 0.519505,
        0.452756 -0.223154 0.508325,
        0.452756 -0.199658 0.532502,
        -0.255906 -0.195804 0.535978,
        0.452756 -0.195645 0.535783,
        -0.255906 -0.177385 0.551017,
        0.452756 -0.173559 0.553844,
        -0.255906 -0.157815 0.564524,
        0.452756 -0.157559 0.564126,
        -0.255906 -0.137221 0.576414,
        0.452756 -0.145197 0.572071,
        -0.255906 -0.115738 0.586608,
        0.452756 -0.115717 0.586565,
        -0.255906 -0.093504 0.595040,
        0.452756 -0.114942 0.586946,
        0.452756 -0.083189 0.598276,
        -0.255906 -0.070664 0.601656,
        0.452756 -0.070561 0.601212,
        -0.255906 -0.047365 0.606413,
        0.452756 -0.050351 0.605911,
        -0.255906 -0.023760 0.609279,
        0.452756 -0.023724 0.608967,
        -0.255906 -0.011889 0.609997,
        0.452756 -0.016857 0.609755,
        -0.255906 0.000000 0.610236,
        0.452756 0.016857 0.609755,
        -0.255906 0.023760 0.609279,
        0.452756 0.023724 0.608967,
        -0.255906 0.047365 0.606413,
        0.452756 0.050351 0.605911,
        -0.255906 0.070664 0.601656,
        0.452756 0.070561 0.601212,
        -0.255906 0.093504 0.595040,
        0.452756 0.083189 0.598276,
        0.452756 0.114942 0.586946,
        -0.255906 0.115738 0.586608,
        0.452756 0.115717 0.586565,
        -0.255906 0.137221 0.576414,
        0.452756 0.145197 0.572071,
        -0.255906 0.157815 0.564524,
        0.452756 0.157559 0.564126,
        -0.255906 0.177385 0.551017,
        0.452756 0.173559 0.553844,
        -0.255906 0.195804 0.535978,
        0.452756 0.195645 0.535783,
        0.452756 0.199658 0.532502,
        -0.255906 0.212954 0.519505,
        0.452756 0.223154 0.508325,
        -0.255906 0.228722 0.501706,
        0.452756 0.228431 0.501482,
        -0.255906 0.243007 0.482696,
        0.452756 0.243742 0.481627,
        -0.255906 0.255716 0.462598,
        0.452756 0.255350 0.462377,
        -0.255906 0.266767 0.441543,
        0.452756 0.261152 0.452756,
        0.452756 0.275157 0.422089,
        -0.255906 0.276087 0.419667,
        0.452756 0.275957 0.419624,
        -0.255906 0.283618 0.397111,
        0.452756 0.285575 0.390025,
        -0.255906 0.289308 0.374023,
        0.452756 0.288837 0.373928,
        -0.255906 0.293123 0.350552,
        0.452756 0.292270 0.356983,
        -0.255906 0.295036 0.326850,
        0.452756 0.294859 0.326835,
        -0.255906 0.295036 0.303071,
        0.452756 0.295155 0.323393,
        0.452756 0.294193 0.289693,
        -0.255906 0.293123 0.279369,
        0.452756 0.292717 0.279428,
        -0.255906 0.289308 0.255898,
        0.452756 0.289394 0.256322,
        -0.255906 0.283618 0.232810,
        0.452756 0.283240 0.232909,
        -0.255906 0.276087 0.210254,
        0.452756 0.280824 0.223715,
        0.452756 0.268592 0.192299,
        -0.255906 0.266767 0.188378,
        0.452756 0.266576 0.188479,
        -0.255906 0.255716 0.167323,
        0.452756 0.252859 0.162481,
        -0.255906 0.243007 0.147225,
        0.452756 0.242612 0.147495,
        -0.255906 0.228722 0.128215,
        0.452756 0.233830 0.134651,
        -0.255906 0.212954 0.110416,
        0.452756 0.212883 0.110478,
        -0.255906 0.195804 0.093944,
        0.452756 0.099227 0.036857,
        -0.255906 0.115738 0.043313,
        0.452756 0.211752 0.109172,
        0.452756 0.186913 0.086376,
        -0.255906 0.177385 0.078905,
        0.452756 0.177124 0.079263,
        -0.255906 0.157815 0.065396,
        0.452756 0.159638 0.066559,
        -0.255906 0.137221 0.053507,
        0.452756 0.137053 0.053805,
        0.452756 0.130282 0.049981,
      ]
    }
    coordIndex [
      0, 1, 2, -1,
      3, 4, 5, -1,
      5, 4, 6, -1,
      5, 6, 7, -1,
      7, 6, 8, -1,
      7, 8, 9, -1,
      9, 8, 2, -1,
      9, 2, 10, -1,
      10, 2, 1, -1,
      11, 12, 13, -1,
      14, 15, 16, -1,
      16, 15, 17, -1,
      16, 17, 18, -1,
      19, 20, 14, -1,
      19, 14, 21, -1,
      3, 22, 4, -1,
      4, 22, 23, -1,
      4, 23, 14, -1,
      14, 23, 24, -1,
      14, 24, 21, -1,
      25, 15, 26, -1,
      26, 15, 14, -1,
      26, 14, 27, -1,
      27, 14, 20, -1,
      28, 29, 30, -1,
      30, 31, 28, -1,
      28, 31, 32, -1,
      28, 32, 33, -1,
      33, 34, 28, -1,
      28, 34, 35, -1,
      28, 35, 36, -1,
      36, 35, 37, -1,
      29, 38, 39, -1,
      39, 38, 40, -1,
      39, 40, 41, -1,
      41, 40, 11, -1,
      29, 28, 38, -1,
      38, 28, 42, -1,
      38, 42, 43, -1,
      43, 42, 44, -1,
      43, 44, 45, -1,
      26, 46, 25, -1,
      25, 46, 47, -1,
      25, 47, 48, -1,
      48, 47, 49, -1,
      48, 49, 50, -1,
      50, 49, 51, -1,
      52, 53, 54, -1,
      54, 53, 55, -1,
      51, 55, 50, -1,
      50, 55, 53, -1,
      50, 53, 56, -1,
      56, 53, 57, -1,
      52, 58, 53, -1,
      53, 58, 59, -1,
      53, 59, 57, -1,
      60, 61, 62, -1,
      62, 61, 18, -1,
      62, 18, 63, -1,
      63, 18, 17, -1,
      64, 65, 66, -1,
      66, 65, 67, -1,
      66, 67, 68, -1,
      69, 70, 71, -1,
      71, 70, 72, -1,
      68, 73, 66, -1,
      66, 73, 72, -1,
      66, 72, 74, -1,
      74, 72, 70, -1,
      75, 76, 77, -1,
      77, 76, 48, -1,
      77, 48, 66, -1,
      66, 48, 50, -1,
      66, 50, 64, -1,
      78, 79, 80, -1,
      80, 79, 81, -1,
      80, 82, 76, -1,
      83, 80, 84, -1,
      84, 80, 76, -1,
      84, 76, 85, -1,
      85, 76, 75, -1,
      86, 87, 88, -1,
      60, 89, 61, -1,
      61, 89, 86, -1,
      61, 86, 2, -1,
      2, 86, 88, -1,
      2, 88, 0, -1,
      13, 90, 91, -1,
      11, 13, 41, -1,
      41, 13, 91, -1,
      41, 91, 92, -1,
      93, 94, 92, -1,
      92, 94, 95, -1,
      92, 95, 41, -1,
      41, 95, 96, -1,
      37, 97, 36, -1,
      36, 97, 98, -1,
      36, 98, 99, -1,
      98, 100, 99, -1,
      99, 100, 101, -1,
      99, 101, 81, -1,
      101, 102, 81, -1,
      81, 102, 103, -1,
      81, 103, 104, -1,
      95, 82, 96, -1,
      96, 82, 80, -1,
      96, 80, 105, -1,
      105, 80, 81, -1,
      105, 81, 106, -1,
      106, 81, 104, -1,
      45, 44, 107, -1,
      107, 44, 108, -1,
      107, 108, 109, -1,
      109, 108, 110, -1,
      109, 110, 78, -1,
      78, 110, 111, -1,
      78, 111, 79, -1,
      79, 111, 112, -1,
      79, 112, 113, -1,
      83, 87, 80, -1,
      80, 87, 86, -1,
      80, 86, 114, -1,
      114, 86, 115, -1,
      114, 115, 116, -1,
      115, 117, 116, -1,
      116, 117, 118, -1,
      116, 118, 119, -1,
      119, 118, 120, -1,
      119, 120, 121, -1,
      121, 120, 122, -1,
      121, 122, 123, -1,
      123, 122, 124, -1,
      123, 124, 125, -1,
      125, 124, 126, -1,
      125, 126, 127, -1,
      126, 128, 127, -1,
      127, 128, 129, -1,
      127, 129, 130, -1,
      130, 129, 131, -1,
      130, 131, 132, -1,
      132, 131, 133, -1,
      132, 133, 134, -1,
      134, 133, 135, -1,
      134, 135, 136, -1,
      136, 135, 137, -1,
      136, 137, 138, -1,
      137, 139, 138, -1,
      138, 139, 140, -1,
      138, 140, 141, -1,
      141, 140, 142, -1,
      141, 142, 143, -1,
      143, 142, 144, -1,
      143, 144, 145, -1,
      145, 144, 146, -1,
      145, 146, 147, -1,
      147, 146, 148, -1,
      147, 148, 149, -1,
      148, 150, 149, -1,
      149, 150, 151, -1,
      149, 151, 152, -1,
      152, 151, 153, -1,
      152, 153, 154, -1,
      154, 153, 155, -1,
      154, 155, 156, -1,
      156, 155, 157, -1,
      156, 157, 158, -1,
      158, 157, 159, -1,
      158, 159, 160, -1,
      160, 159, 161, -1,
      160, 161, 162, -1,
      161, 163, 162, -1,
      162, 163, 164, -1,
      162, 164, 165, -1,
      165, 164, 166, -1,
      165, 166, 167, -1,
      167, 166, 168, -1,
      167, 168, 169, -1,
      169, 168, 170, -1,
      169, 170, 171, -1,
      170, 172, 171, -1,
      171, 172, 173, -1,
      171, 173, 174, -1,
      174, 173, 175, -1,
      174, 175, 176, -1,
      176, 175, 177, -1,
      176, 177, 178, -1,
      178, 177, 179, -1,
      178, 179, 180, -1,
      180, 179, 181, -1,
      180, 181, 182, -1,
      182, 181, 183, -1,
      182, 183, 184, -1,
      183, 185, 184, -1,
      184, 185, 186, -1,
      184, 186, 187, -1,
      187, 186, 188, -1,
      187, 188, 189, -1,
      189, 188, 190, -1,
      189, 190, 191, -1,
      191, 190, 192, -1,
      191, 192, 193, -1,
      193, 192, 194, -1,
      193, 194, 195, -1,
      195, 194, 196, -1,
      195, 196, 197, -1,
      197, 196, 198, -1,
      197, 198, 199, -1,
      199, 198, 200, -1,
      199, 200, 201, -1,
      201, 200, 202, -1,
      201, 202, 203, -1,
      202, 204, 203, -1,
      203, 204, 205, -1,
      203, 205, 206, -1,
      206, 205, 207, -1,
      206, 207, 208, -1,
      208, 207, 209, -1,
      208, 209, 210, -1,
      210, 209, 211, -1,
      210, 211, 212, -1,
      212, 211, 213, -1,
      212, 213, 214, -1,
      213, 215, 214, -1,
      214, 215, 216, -1,
      214, 216, 217, -1,
      217, 216, 218, -1,
      217, 218, 219, -1,
      219, 218, 220, -1,
      219, 220, 221, -1,
      221, 220, 222, -1,
      221, 222, 223, -1,
      223, 222, 224, -1,
      223, 224, 225, -1,
      224, 226, 225, -1,
      225, 226, 227, -1,
      225, 227, 228, -1,
      228, 227, 229, -1,
      228, 229, 230, -1,
      230, 229, 231, -1,
      230, 231, 232, -1,
      232, 231, 233, -1,
      232, 233, 234, -1,
      234, 233, 235, -1,
      234, 235, 236, -1,
      236, 235, 237, -1,
      236, 237, 238, -1,
      237, 239, 238, -1,
      238, 239, 240, -1,
      238, 240, 241, -1,
      241, 240, 242, -1,
      241, 242, 243, -1,
      243, 242, 244, -1,
      243, 244, 245, -1,
      245, 244, 246, -1,
      245, 246, 247, -1,
      246, 248, 247, -1,
      247, 248, 249, -1,
      247, 249, 250, -1,
      250, 249, 251, -1,
      250, 251, 252, -1,
      252, 251, 253, -1,
      252, 253, 254, -1,
      254, 253, 255, -1,
      254, 255, 256, -1,
      256, 255, 257, -1,
      256, 257, 258, -1,
      258, 257, 259, -1,
      258, 259, 260, -1,
      25, 40, 15, -1,
      15, 40, 38, -1,
      15, 38, 261, -1,
      261, 38, 262, -1,
      259, 263, 260, -1,
      260, 263, 264, -1,
      260, 264, 265, -1,
      265, 264, 266, -1,
      265, 266, 267, -1,
      267, 266, 268, -1,
      267, 268, 269, -1,
      269, 268, 270, -1,
      269, 270, 262, -1,
      262, 270, 271, -1,
      262, 271, 261, -1,
    ]
  }
}

Shape {
  appearance Appearance {
    material Material {
      diffuseColor 0.7686 0.7686 0.7686
      specularColor 0.6157 0.6157 0.6157
      ambientIntensity 0.2
      transparency 0.0000
      shininess 0.5
    }
  }
  geometry IndexedFaceSet {
    ccw TRUE
    solid FALSE
    coord DEF co Coordinate {
      point [
        0.492520 0.043248 0.062736,
        0.492520 0.000000 0.059055,
        0.492126 0.029171 0.060723,
        0.492126 0.043177 0.063147,
        0.492126 0.057962 0.065706,
        0.492520 0.085252 0.073673,
        0.492126 0.085240 0.073715,
        0.492126 0.160715 0.115926,
        0.492520 0.160765 0.115857,
        0.492126 0.138353 0.099679,
        0.492520 0.124804 0.091552,
        0.492126 0.085997 0.073937,
        0.492126 0.112911 0.085311,
        0.492126 0.124600 0.091913,
        0.492126 0.202652 0.158693,
        0.492520 0.217911 0.180787,
        0.492520 0.192101 0.145890,
        0.492126 0.161991 0.116854,
        0.492126 0.183518 0.136611,
        0.492126 0.191791 0.146159,
        0.492126 0.217808 0.180858,
        0.492126 0.219144 0.182812,
        0.492520 0.237452 0.219544,
        0.492126 0.232780 0.208654,
        0.492126 0.237077 0.219691,
        0.492126 0.243381 0.235881,
        0.492520 0.250162 0.261046,
        0.492126 0.250006 0.261087,
        0.492126 0.250809 0.264140,
        0.492520 0.255675 0.304100,
        0.492126 0.254967 0.293061,
        0.492126 0.255282 0.304111,
        0.492126 0.255801 0.322268,
        0.492520 0.253833 0.347465,
        0.492126 0.253639 0.347448,
        0.492126 0.253301 0.351380,
        0.492520 0.244688 0.389896,
        0.492126 0.247498 0.380017,
        0.492126 0.244326 0.389778,
        0.492126 0.238469 0.407805,
        0.492520 0.228505 0.430170,
        0.492126 0.228298 0.430076,
        0.492126 0.226331 0.434383,
        0.492520 0.205747 0.467131,
        0.492126 0.211243 0.459405,
        0.492126 0.205457 0.466907,
        0.492126 0.193400 0.482543,
        0.492520 0.177071 0.499713,
        0.492126 0.176887 0.499535,
        0.492126 0.173037 0.503497,
        0.492520 0.143301 0.526981,
        0.492126 0.150417 0.521993,
        0.492126 0.143112 0.526687,
        0.492126 0.125837 0.537789,
        0.492520 0.105408 0.548149,
        0.492126 0.105283 0.547895,
        0.492126 0.099617 0.550681,
        0.492520 0.064483 0.562609,
        0.492126 0.072097 0.560500,
        0.492126 0.064408 0.562288,
        0.492126 0.043637 0.567118,
        0.492520 0.021702 0.569944,
        0.492126 0.021667 0.569639,
        0.492126 0.014609 0.570449,
        0.492520 -0.000000 0.570866,
        0.492126 -0.014609 0.570449,
        0.492520 -0.021702 0.569944,
        0.492126 -0.021667 0.569639,
        0.492126 -0.043637 0.567118,
        0.492520 -0.064483 0.562609,
        0.492126 -0.064408 0.562288,
        0.492126 -0.072097 0.560500,
        0.492520 -0.105408 0.548149,
        0.492126 -0.099617 0.550681,
        0.492126 -0.105283 0.547895,
        0.492126 -0.125837 0.537789,
        0.492520 -0.143301 0.526981,
        0.492126 -0.143112 0.526687,
        0.492126 -0.150417 0.521993,
        0.492520 -0.177071 0.499713,
        0.492126 -0.173037 0.503497,
        0.492126 -0.176887 0.499535,
        0.492126 -0.193400 0.482543,
        0.492520 -0.205747 0.467131,
        0.492126 -0.205457 0.466907,
        0.492126 -0.211243 0.459405,
        0.492520 -0.228505 0.430170,
        0.492126 -0.226331 0.434383,
        0.492126 -0.228298 0.430076,
        0.492126 -0.238469 0.407805,
        0.492520 -0.244688 0.389896,
        0.492126 -0.244326 0.389778,
        0.492126 -0.247498 0.380017,
        0.492520 -0.253833 0.347465,
        0.492126 -0.253301 0.351380,
        0.492126 -0.253639 0.347448,
        0.492126 -0.255801 0.322268,
        0.492520 -0.255675 0.304100,
        0.492126 -0.255282 0.304111,
        0.492126 -0.254967 0.293061,
        0.492520 -0.250162 0.261046,
        0.492126 -0.250809 0.264140,
        0.492126 -0.237077 0.219691,
        0.492520 -0.237452 0.219544,
        0.492126 -0.243381 0.235881,
        0.492126 -0.250006 0.261087,
        0.492126 -0.232780 0.208654,
        0.492126 -0.219144 0.182812,
        0.492520 -0.217911 0.180787,
        0.492126 -0.217808 0.180858,
        0.492126 -0.202652 0.158693,
        0.492520 -0.192101 0.145890,
        0.492126 -0.191791 0.146159,
        0.492126 -0.183518 0.136611,
        0.492520 -0.160765 0.115857,
        0.492126 -0.161991 0.116854,
        0.492126 -0.160715 0.115926,
        0.492126 -0.138353 0.099679,
        0.492520 -0.124804 0.091552,
        0.492126 -0.124600 0.091913,
        0.492126 -0.112911 0.085311,
        0.492520 -0.085252 0.073673,
        0.492126 -0.085997 0.073937,
        0.492126 -0.085240 0.073715,
        0.492126 -0.057962 0.065706,
        0.492520 -0.043248 0.062736,
        0.492126 -0.043177 0.063147,
        0.492126 -0.029171 0.060723,
        0.492126 0.000000 0.059055,
        0.630315 -0.034648 0.001911,
        0.512205 -0.034648 0.001911,
        0.630315 0.000000 -0.000000,
        0.512205 0.000000 -0.000000,
        0.630315 0.034648 0.001911,
        0.512205 0.034648 0.001911,
        0.630315 0.049194 0.004339,
        0.512205 0.049194 0.004339,
        0.630315 0.068876 0.007623,
        0.512205 0.068876 0.007623,
        0.630315 0.097262 0.015650,
        0.512205 0.097262 0.015650,
        0.630315 0.102268 0.017065,
        0.512205 0.102268 0.017065,
        0.630315 0.134418 0.030124,
        0.512205 0.134418 0.030124,
        0.630315 0.142807 0.034664,
        0.512205 0.142807 0.034664,
        0.630315 0.164936 0.046639,
        0.512205 0.164936 0.046639,
        0.630315 0.184900 0.060482,
        0.512205 0.184900 0.060482,
        0.630315 0.193453 0.066413,
        0.512205 0.193453 0.066413,
        0.630315 0.219621 0.089202,
        0.512205 0.219621 0.089202,
        0.630315 0.222557 0.092391,
        0.512205 0.222557 0.092391,
        0.630315 0.243123 0.114733,
        0.512205 0.243123 0.114733,
        0.630315 0.254427 0.130112,
        0.512205 0.254427 0.130112,
        0.630315 0.263674 0.142693,
        0.512205 0.263674 0.142693,
        0.630315 0.280592 0.171995,
        0.512205 0.280592 0.171995,
        0.630315 0.281025 0.172745,
        0.512205 0.281025 0.172745,
        0.630315 0.294964 0.204524,
        0.512205 0.294964 0.204524,
        0.630315 0.299107 0.217770,
        0.512205 0.299107 0.217770,
        0.630315 0.305323 0.237643,
        0.512205 0.305323 0.237643,
        0.630315 0.310812 0.265743,
        0.512205 0.310812 0.265743,
        0.630315 0.311976 0.271700,
        0.512205 0.311976 0.271700,
        0.630315 0.314841 0.306282,
        0.512205 0.314841 0.306282,
        0.630315 0.314602 0.314951,
        0.512205 0.314602 0.314951,
        0.630315 0.313885 0.340970,
        0.512205 0.313885 0.340970,
        0.630315 0.310667 0.364174,
        0.512205 0.310667 0.364174,
        0.630315 0.309119 0.375342,
        0.512205 0.309119 0.375342,
        0.630315 0.300600 0.408981,
        0.512205 0.300600 0.408981,
        0.630315 0.299384 0.412228,
        0.512205 0.299384 0.412228,
        0.630315 0.288433 0.441479,
        0.512205 0.288433 0.441479,
        0.630315 0.280206 0.457734,
        0.512205 0.280206 0.457734,
        0.630315 0.272764 0.472441,
        0.512205 0.272764 0.472441,
        0.630315 0.254732 0.500040,
        0.512205 0.254732 0.500040,
        0.630315 0.253784 0.501491,
        0.512205 0.253784 0.501491,
        0.630315 0.231724 0.528278,
        0.512205 0.231724 0.528278,
        0.630315 0.222398 0.537350,
        0.512205 0.222398 0.537350,
        0.630315 0.206851 0.552474,
        0.512205 0.206851 0.552474,
        0.630315 0.184941 0.569528,
        0.512205 0.184941 0.569528,
        0.630315 0.179467 0.573788,
        0.512205 0.179467 0.573788,
        0.630315 0.149905 0.591960,
        0.512205 0.149905 0.591960,
        0.630315 0.142847 0.595291,
        0.512205 0.142847 0.595291,
        0.630315 0.118523 0.606770,
        0.512205 0.118523 0.606770,
        0.630315 0.097187 0.614094,
        0.512205 0.097187 0.614094,
        0.630315 0.085702 0.618037,
        0.512205 0.085702 0.618037,
        0.630315 0.051841 0.625626,
        0.512205 0.051841 0.625626,
        0.630315 0.049256 0.625912,
        0.512205 0.049256 0.625912,
        0.630315 0.017350 0.629443,
        0.512205 0.017350 0.629443,
        0.630315 -0.000000 0.629443,
        0.512205 -0.000000 0.629443,
        0.630315 -0.017350 0.629443,
        0.512205 -0.017350 0.629443,
        0.630315 -0.049256 0.625912,
        0.512205 -0.049256 0.625912,
        0.630315 -0.051841 0.625626,
        0.512205 -0.051841 0.625626,
        0.630315 -0.085702 0.618037,
        0.512205 -0.085702 0.618037,
        0.630315 -0.097187 0.614094,
        0.512205 -0.097187 0.614094,
        0.630315 -0.118523 0.606770,
        0.512205 -0.118523 0.606770,
        0.630315 -0.142847 0.595291,
        0.512205 -0.142847 0.595291,
        0.630315 -0.149905 0.591960,
        0.512205 -0.149905 0.591960,
        0.630315 -0.179467 0.573788,
        0.512205 -0.179467 0.573788,
        0.630315 -0.184941 0.569528,
        0.512205 -0.184941 0.569528,
        0.630315 -0.206851 0.552474,
        0.512205 -0.206851 0.552474,
        0.630315 -0.222398 0.537350,
        0.512205 -0.222398 0.537350,
        0.630315 -0.231724 0.528278,
        0.512205 -0.231724 0.528278,
        0.630315 -0.253784 0.501491,
        0.512205 -0.253784 0.501491,
        0.630315 -0.254732 0.500040,
        0.512205 -0.254732 0.500040,
        0.630315 -0.272764 0.472441,
        0.512205 -0.272764 0.472441,
        0.630315 -0.280206 0.457734,
        0.512205 -0.280206 0.457734,
        0.630315 -0.288433 0.441479,
        0.512205 -0.288433 0.441479,
        0.630315 -0.299384 0.412228,
        0.512205 -0.299384 0.412228,
        0.630315 -0.300600 0.408981,
        0.512205 -0.300600 0.408981,
        0.630315 -0.309119 0.375342,
        0.512205 -0.309119 0.375342,
        0.630315 -0.310667 0.364174,
        0.512205 -0.310667 0.364174,
        0.630315 -0.313885 0.340970,
        0.512205 -0.313885 0.340970,
        0.630315 -0.314602 0.314951,
        0.512205 -0.314602 0.314951,
        0.630315 -0.314841 0.306282,
        0.512205 -0.314841 0.306282,
        0.630315 -0.311976 0.271700,
        0.512205 -0.311976 0.271700,
        0.630315 -0.310812 0.265743,
        0.512205 -0.310812 0.265743,
        0.630315 -0.305323 0.237643,
        0.512205 -0.305323 0.237643,
        0.630315 -0.299107 0.217770,
        0.512205 -0.299107 0.217770,
        0.630315 -0.294964 0.204524,
        0.512205 -0.294964 0.204524,
        0.630315 -0.281025 0.172745,
        0.512205 -0.281025 0.172745,
        0.630315 -0.280592 0.171995,
        0.512205 -0.280592 0.171995,
        0.630315 -0.263674 0.142693,
        0.512205 -0.263674 0.142693,
        0.630315 -0.254427 0.130112,
        0.512205 -0.254427 0.130112,
        0.630315 -0.243123 0.114733,
        0.512205 -0.243123 0.114733,
        0.630315 -0.222557 0.092391,
        0.512205 -0.222557 0.092391,
        0.630315 -0.219621 0.089202,
        0.512205 -0.219621 0.089202,
        0.630315 -0.193453 0.066413,
        0.512205 -0.193453 0.066413,
        0.630315 -0.184900 0.060482,
        0.512205 -0.184900 0.060482,
        0.630315 -0.164936 0.046639,
        0.512205 -0.164936 0.046639,
        0.630315 -0.142807 0.034664,
        0.512205 -0.142807 0.034664,
        0.630315 -0.134418 0.030124,
        0.512205 -0.134418 0.030124,
        0.630315 -0.102268 0.017065,
        0.512205 -0.102268 0.017065,
        0.630315 -0.097262 0.015650,
        0.512205 -0.097262 0.015650,
        0.630315 -0.068876 0.007623,
        0.512205 -0.068876 0.007623,
        0.630315 -0.049194 0.004339,
        0.512205 -0.049194 0.004339,
        0.650000 -0.064571 0.026832,
        0.650000 -0.032483 0.021477,
        0.650000 0.000000 0.314961,
        0.650000 -0.000000 0.019685,
        0.650000 0.032483 0.021477,
        0.650000 -0.154628 0.063409,
        0.650000 -0.126017 0.047926,
        0.650000 -0.095876 0.035684,
        0.650000 -0.227928 0.127247,
        0.650000 -0.205895 0.103312,
        0.650000 -0.181362 0.081947,
        0.650000 -0.276529 0.211426,
        0.650000 -0.263461 0.181634,
        0.650000 -0.247195 0.153460,
        0.650000 -0.295163 0.306824,
        0.650000 -0.292477 0.274404,
        0.650000 -0.286240 0.242475,
        0.650000 -0.281813 0.403105,
        0.650000 -0.289799 0.371568,
        0.650000 -0.294267 0.339344,
        0.650000 -0.237923 0.489833,
        0.650000 -0.255716 0.462598,
        0.650000 -0.270406 0.433572,
        0.650000 -0.168250 0.557611,
        0.650000 -0.193923 0.537630,
        0.650000 -0.217241 0.514945,
        0.650000 -0.080346 0.599095,
        0.650000 -0.111115 0.588532,
        0.650000 -0.140536 0.574648,
        0.650000 0.016266 0.609788,
        0.650000 -0.016266 0.609788,
        0.650000 -0.048601 0.606209,
        0.650000 0.111115 0.588532,
        0.650000 0.080346 0.599095,
        0.650000 0.048601 0.606209,
        0.650000 0.193923 0.537630,
        0.650000 0.168250 0.557611,
        0.650000 0.140536 0.574648,
        0.650000 0.255716 0.462598,
        0.650000 0.237923 0.489833,
        0.650000 0.217241 0.514945,
        0.650000 0.289799 0.371568,
        0.650000 0.281813 0.403105,
        0.650000 0.270406 0.433572,
        0.650000 0.292477 0.274404,
        0.650000 0.295163 0.306824,
        0.650000 0.294267 0.339344,
        0.650000 0.263461 0.181634,
        0.650000 0.276529 0.211426,
        0.650000 0.286240 0.242475,
        0.650000 0.205895 0.103312,
        0.650000 0.227928 0.127247,
        0.650000 0.247195 0.153460,
        0.650000 0.126017 0.047926,
        0.650000 0.154628 0.063409,
        0.650000 0.181362 0.081947,
        0.650000 0.064571 0.026832,
        0.650000 0.095876 0.035684,
        0.492520 -0.217241 0.514945,
        0.492520 -0.193923 0.537630,
        0.492520 0.140536 0.574648,
        0.492520 0.168250 0.557611,
        0.492520 -0.016266 0.609788,
        0.492520 -0.048601 0.606209,
        0.492520 -0.168250 0.557611,
        0.492520 -0.140536 0.574648,
        0.492520 -0.111115 0.588532,
        0.492520 -0.080346 0.599095,
        0.492520 0.255716 0.462598,
        0.492520 0.270406 0.433572,
        0.492520 0.193923 0.537630,
        0.492520 0.217241 0.514945,
        0.492520 0.237923 0.489833,
        0.492520 -0.255716 0.462598,
        0.492520 -0.237923 0.489833,
        0.492520 -0.205895 0.103312,
        0.492520 -0.227928 0.127247,
        0.492520 -0.126017 0.047926,
        0.492520 -0.154628 0.063409,
        0.492520 -0.181362 0.081947,
        0.492520 0.016266 0.609788,
        0.492520 0.048601 0.606209,
        0.492520 0.080346 0.599095,
        0.492520 0.111115 0.588532,
        0.492520 -0.247195 0.153460,
        0.492520 -0.263461 0.181634,
        0.492520 -0.276529 0.211426,
        0.492520 0.292477 0.274404,
        0.492520 0.286240 0.242475,
        0.492520 0.281813 0.403105,
        0.492520 0.289799 0.371568,
        0.492520 0.294267 0.339344,
        0.492520 0.295163 0.306824,
        0.492520 -0.289799 0.371568,
        0.492520 -0.281813 0.403105,
        0.492520 -0.270406 0.433572,
        0.492520 -0.286240 0.242475,
        0.492520 -0.292477 0.274404,
        0.492520 -0.295163 0.306824,
        0.492520 -0.294267 0.339344,
        0.492520 -0.032483 0.021477,
        0.492520 -0.064571 0.026832,
        0.492520 -0.095876 0.035684,
        0.492520 0.032483 0.021477,
        0.492520 0.000000 0.019685,
        0.492520 0.126017 0.047926,
        0.492520 0.095876 0.035684,
        0.492520 0.064571 0.026832,
        0.492520 0.276529 0.211426,
        0.492520 0.263461 0.181634,
        0.492520 0.247195 0.153460,
        0.492520 0.227928 0.127247,
        0.492520 0.205895 0.103312,
        0.492520 0.181362 0.081947,
        0.492520 0.154628 0.063409,
      ]
    }
    coordIndex [
      0, 1, 2, -1,
      2, 3, 0, -1,
      0, 3, 4, -1,
      0, 4, 5, -1,
      5, 4, 6, -1,
      7, 8, 9, -1,
      9, 8, 10, -1,
      6, 11, 5, -1,
      5, 11, 12, -1,
      5, 12, 10, -1,
      10, 12, 13, -1,
      10, 13, 9, -1,
      14, 15, 16, -1,
      7, 17, 8, -1,
      8, 17, 18, -1,
      8, 18, 16, -1,
      16, 18, 19, -1,
      16, 19, 14, -1,
      14, 20, 15, -1,
      15, 20, 21, -1,
      15, 21, 22, -1,
      22, 21, 23, -1,
      23, 24, 22, -1,
      22, 24, 25, -1,
      22, 25, 26, -1,
      25, 27, 26, -1,
      26, 27, 28, -1,
      26, 28, 29, -1,
      29, 28, 30, -1,
      30, 31, 29, -1,
      29, 31, 32, -1,
      29, 32, 33, -1,
      32, 34, 33, -1,
      33, 34, 35, -1,
      33, 35, 36, -1,
      36, 35, 37, -1,
      37, 38, 36, -1,
      36, 38, 39, -1,
      36, 39, 40, -1,
      39, 41, 40, -1,
      40, 41, 42, -1,
      40, 42, 43, -1,
      43, 42, 44, -1,
      44, 45, 43, -1,
      43, 45, 46, -1,
      43, 46, 47, -1,
      46, 48, 47, -1,
      47, 48, 49, -1,
      47, 49, 50, -1,
      50, 49, 51, -1,
      51, 52, 50, -1,
      50, 52, 53, -1,
      50, 53, 54, -1,
      53, 55, 54, -1,
      54, 55, 56, -1,
      54, 56, 57, -1,
      57, 56, 58, -1,
      58, 59, 57, -1,
      57, 59, 60, -1,
      57, 60, 61, -1,
      60, 62, 61, -1,
      61, 62, 63, -1,
      61, 63, 64, -1,
      64, 63, 65, -1,
      64, 65, 66, -1,
      65, 67, 66, -1,
      66, 67, 68, -1,
      66, 68, 69, -1,
      68, 70, 69, -1,
      69, 70, 71, -1,
      69, 71, 72, -1,
      72, 71, 73, -1,
      73, 74, 72, -1,
      72, 74, 75, -1,
      72, 75, 76, -1,
      75, 77, 76, -1,
      76, 77, 78, -1,
      76, 78, 79, -1,
      79, 78, 80, -1,
      80, 81, 79, -1,
      79, 81, 82, -1,
      79, 82, 83, -1,
      82, 84, 83, -1,
      83, 84, 85, -1,
      83, 85, 86, -1,
      86, 85, 87, -1,
      87, 88, 86, -1,
      86, 88, 89, -1,
      86, 89, 90, -1,
      89, 91, 90, -1,
      90, 91, 92, -1,
      90, 92, 93, -1,
      93, 92, 94, -1,
      94, 95, 93, -1,
      93, 95, 96, -1,
      93, 96, 97, -1,
      96, 98, 97, -1,
      97, 98, 99, -1,
      97, 99, 100, -1,
      100, 99, 101, -1,
      102, 103, 104, -1,
      104, 103, 100, -1,
      104, 100, 105, -1,
      105, 100, 101, -1,
      102, 106, 103, -1,
      103, 106, 107, -1,
      103, 107, 108, -1,
      107, 109, 108, -1,
      108, 109, 110, -1,
      108, 110, 111, -1,
      110, 112, 111, -1,
      111, 112, 113, -1,
      111, 113, 114, -1,
      114, 113, 115, -1,
      115, 116, 114, -1,
      114, 116, 117, -1,
      114, 117, 118, -1,
      117, 119, 118, -1,
      118, 119, 120, -1,
      118, 120, 121, -1,
      121, 120, 122, -1,
      122, 123, 121, -1,
      121, 123, 124, -1,
      121, 124, 125, -1,
      124, 126, 125, -1,
      125, 126, 127, -1,
      125, 127, 1, -1,
      1, 127, 128, -1,
      1, 128, 2, -1,
      129, 130, 131, -1,
      131, 130, 132, -1,
      131, 132, 133, -1,
      133, 132, 134, -1,
      133, 134, 135, -1,
      135, 134, 136, -1,
      135, 136, 137, -1,
      137, 136, 138, -1,
      137, 138, 139, -1,
      139, 138, 140, -1,
      139, 140, 141, -1,
      141, 140, 142, -1,
      141, 142, 143, -1,
      143, 142, 144, -1,
      143, 144, 145, -1,
      145, 144, 146, -1,
      145, 146, 147, -1,
      147, 146, 148, -1,
      147, 148, 149, -1,
      149, 148, 150, -1,
      149, 150, 151, -1,
      151, 150, 152, -1,
      151, 152, 153, -1,
      153, 152, 154, -1,
      153, 154, 155, -1,
      155, 154, 156, -1,
      155, 156, 157, -1,
      157, 156, 158, -1,
      157, 158, 159, -1,
      159, 158, 160, -1,
      159, 160, 161, -1,
      161, 160, 162, -1,
      161, 162, 163, -1,
      163, 162, 164, -1,
      163, 164, 165, -1,
      165, 164, 166, -1,
      165, 166, 167, -1,
      167, 166, 168, -1,
      167, 168, 169, -1,
      169, 168, 170, -1,
      169, 170, 171, -1,
      171, 170, 172, -1,
      171, 172, 173, -1,
      173, 172, 174, -1,
      173, 174, 175, -1,
      175, 174, 176, -1,
      175, 176, 177, -1,
      177, 176, 178, -1,
      177, 178, 179, -1,
      179, 178, 180, -1,
      179, 180, 181, -1,
      181, 180, 182, -1,
      181, 182, 183, -1,
      183, 182, 184, -1,
      183, 184, 185, -1,
      185, 184, 186, -1,
      185, 186, 187, -1,
      187, 186, 188, -1,
      187, 188, 189, -1,
      189, 188, 190, -1,
      189, 190, 191, -1,
      191, 190, 192, -1,
      191, 192, 193, -1,
      193, 192, 194, -1,
      193, 194, 195, -1,
      195, 194, 196, -1,
      195, 196, 197, -1,
      197, 196, 198, -1,
      197, 198, 199, -1,
      199, 198, 200, -1,
      199, 200, 201, -1,
      201, 200, 202, -1,
      201, 202, 203, -1,
      203, 202, 204, -1,
      203, 204, 205, -1,
      205, 204, 206, -1,
      205, 206, 207, -1,
      207, 206, 208, -1,
      207, 208, 209, -1,
      209, 208, 210, -1,
      209, 210, 211, -1,
      211, 210, 212, -1,
      211, 212, 213, -1,
      213, 212, 214, -1,
      213, 214, 215, -1,
      215, 214, 216, -1,
      215, 216, 217, -1,
      217, 216, 218, -1,
      217, 218, 219, -1,
      219, 218, 220, -1,
      219, 220, 221, -1,
      221, 220, 222, -1,
      221, 222, 223, -1,
      223, 222, 224, -1,
      223, 224, 225, -1,
      225, 224, 226, -1,
      225, 226, 227, -1,
      227, 226, 228, -1,
      227, 228, 229, -1,
      229, 228, 230, -1,
      229, 230, 231, -1,
      231, 230, 232, -1,
      231, 232, 233, -1,
      233, 232, 234, -1,
      233, 234, 235, -1,
      235, 234, 236, -1,
      235, 236, 237, -1,
      237, 236, 238, -1,
      237, 238, 239, -1,
      239, 238, 240, -1,
      239, 240, 241, -1,
      241, 240, 242, -1,
      241, 242, 243, -1,
      243, 242, 244, -1,
      243, 244, 245, -1,
      245, 244, 246, -1,
      245, 246, 247, -1,
      247, 246, 248, -1,
      247, 248, 249, -1,
      249, 248, 250, -1,
      249, 250, 251, -1,
      251, 250, 252, -1,
      251, 252, 253, -1,
      253, 252, 254, -1,
      253, 254, 255, -1,
      255, 254, 256, -1,
      255, 256, 257, -1,
      257, 256, 258, -1,
      257, 258, 259, -1,
      259, 258, 260, -1,
      259, 260, 261, -1,
      261, 260, 262, -1,
      261, 262, 263, -1,
      263, 262, 264, -1,
      263, 264, 265, -1,
      265, 264, 266, -1,
      265, 266, 267, -1,
      267, 266, 268, -1,
      267, 268, 269, -1,
      269, 268, 270, -1,
      269, 270, 271, -1,
      271, 270, 272, -1,
      271, 272, 273, -1,
      273, 272, 274, -1,
      273, 274, 275, -1,
      275, 274, 276, -1,
      275, 276, 277, -1,
      277, 276, 278, -1,
      277, 278, 279, -1,
      279, 278, 280, -1,
      279, 280, 281, -1,
      281, 280, 282, -1,
      281, 282, 283, -1,
      283, 282, 284, -1,
      283, 284, 285, -1,
      285, 284, 286, -1,
      285, 286, 287, -1,
      287, 286, 288, -1,
      287, 288, 289, -1,
      289, 288, 290, -1,
      289, 290, 291, -1,
      291, 290, 292, -1,
      291, 292, 293, -1,
      293, 292, 294, -1,
      293, 294, 295, -1,
      295, 294, 296, -1,
      295, 296, 297, -1,
      297, 296, 298, -1,
      297, 298, 299, -1,
      299, 298, 300, -1,
      299, 300, 301, -1,
      301, 300, 302, -1,
      301, 302, 303, -1,
      303, 302, 304, -1,
      303, 304, 305, -1,
      305, 304, 306, -1,
      305, 306, 307, -1,
      307, 306, 308, -1,
      307, 308, 309, -1,
      309, 308, 310, -1,
      309, 310, 311, -1,
      311, 310, 312, -1,
      311, 312, 313, -1,
      313, 312, 314, -1,
      313, 314, 315, -1,
      315, 314, 316, -1,
      315, 316, 317, -1,
      317, 316, 318, -1,
      317, 318, 319, -1,
      319, 318, 320, -1,
      319, 320, 129, -1,
      129, 320, 130, -1,
      321, 322, 323, -1,
      323, 322, 324, -1,
      323, 324, 325, -1,
      326, 327, 323, -1,
      323, 327, 328, -1,
      323, 328, 321, -1,
      329, 330, 323, -1,
      323, 330, 331, -1,
      323, 331, 326, -1,
      332, 333, 323, -1,
      323, 333, 334, -1,
      323, 334, 329, -1,
      335, 336, 323, -1,
      323, 336, 337, -1,
      323, 337, 332, -1,
      338, 339, 323, -1,
      323, 339, 340, -1,
      323, 340, 335, -1,
      341, 342, 323, -1,
      323, 342, 343, -1,
      323, 343, 338, -1,
      344, 345, 323, -1,
      323, 345, 346, -1,
      323, 346, 341, -1,
      347, 348, 323, -1,
      323, 348, 349, -1,
      323, 349, 344, -1,
      350, 351, 323, -1,
      323, 351, 352, -1,
      323, 352, 347, -1,
      353, 354, 323, -1,
      323, 354, 355, -1,
      323, 355, 350, -1,
      356, 357, 323, -1,
      323, 357, 358, -1,
      323, 358, 353, -1,
      359, 360, 323, -1,
      323, 360, 361, -1,
      323, 361, 356, -1,
      362, 363, 323, -1,
      323, 363, 364, -1,
      323, 364, 359, -1,
      365, 366, 323, -1,
      323, 366, 367, -1,
      323, 367, 362, -1,
      368, 369, 323, -1,
      323, 369, 370, -1,
      323, 370, 365, -1,
      371, 372, 323, -1,
      323, 372, 373, -1,
      323, 373, 368, -1,
      374, 375, 323, -1,
      323, 375, 376, -1,
      323, 376, 371, -1,
      325, 377, 323, -1,
      323, 377, 378, -1,
      323, 378, 374, -1,
      83, 379, 79, -1,
      79, 379, 380, -1,
      79, 380, 76, -1,
      54, 381, 50, -1,
      50, 381, 382, -1,
      50, 382, 47, -1,
      61, 64, 383, -1,
      383, 64, 66, -1,
      383, 66, 384, -1,
      384, 66, 69, -1,
      380, 385, 76, -1,
      76, 385, 386, -1,
      76, 386, 72, -1,
      72, 386, 387, -1,
      72, 387, 69, -1,
      69, 387, 388, -1,
      69, 388, 384, -1,
      43, 389, 40, -1,
      40, 389, 390, -1,
      40, 390, 36, -1,
      382, 391, 47, -1,
      47, 391, 392, -1,
      47, 392, 43, -1,
      43, 392, 393, -1,
      43, 393, 389, -1,
      86, 394, 83, -1,
      83, 394, 395, -1,
      83, 395, 379, -1,
      114, 396, 111, -1,
      111, 396, 397, -1,
      111, 397, 108, -1,
      121, 398, 118, -1,
      118, 398, 399, -1,
      118, 399, 114, -1,
      114, 399, 400, -1,
      114, 400, 396, -1,
      383, 401, 61, -1,
      61, 401, 402, -1,
      61, 402, 57, -1,
      57, 402, 403, -1,
      57, 403, 54, -1,
      54, 403, 404, -1,
      54, 404, 381, -1,
      397, 405, 108, -1,
      108, 405, 406, -1,
      108, 406, 103, -1,
      103, 406, 407, -1,
      103, 407, 100, -1,
      29, 408, 26, -1,
      26, 408, 409, -1,
      26, 409, 22, -1,
      390, 410, 36, -1,
      36, 410, 411, -1,
      36, 411, 33, -1,
      33, 411, 412, -1,
      33, 412, 29, -1,
      29, 412, 413, -1,
      29, 413, 408, -1,
      93, 414, 90, -1,
      90, 414, 415, -1,
      90, 415, 86, -1,
      86, 415, 416, -1,
      86, 416, 394, -1,
      407, 417, 100, -1,
      100, 417, 418, -1,
      100, 418, 97, -1,
      97, 418, 419, -1,
      97, 419, 93, -1,
      93, 419, 420, -1,
      93, 420, 414, -1,
      1, 421, 125, -1,
      125, 421, 422, -1,
      125, 422, 121, -1,
      121, 422, 423, -1,
      121, 423, 398, -1,
      0, 424, 1, -1,
      1, 424, 425, -1,
      1, 425, 421, -1,
      10, 426, 5, -1,
      5, 426, 427, -1,
      5, 427, 0, -1,
      0, 427, 428, -1,
      0, 428, 424, -1,
      409, 429, 22, -1,
      22, 429, 430, -1,
      22, 430, 15, -1,
      15, 430, 431, -1,
      15, 431, 16, -1,
      431, 432, 16, -1,
      16, 432, 433, -1,
      16, 433, 8, -1,
      8, 433, 434, -1,
      8, 434, 10, -1,
      10, 434, 435, -1,
      10, 435, 426, -1,
    ]
  }
}

Shape {
  appearance Appearance {
    material Material {
      diffuseColor 0.1490 0.1490 0.1490
      specularColor 0.0431 0.0431 0.0431
      ambientIntensity 0.2
      transparency 0.0000
      shininess 0.5
    }
  }
  geometry IndexedFaceSet {
    ccw TRUE
    solid FALSE
    coord DEF co Coordinate {
      point [
        -0.255906 0.093504 0.034881,
        -0.255906 0.070664 0.028265,
        -0.255906 0.047365 0.023509,
        -0.255906 -0.023760 0.020643,
        -0.255906 -0.047365 0.023509,
        -0.255906 0.023760 0.020643,
        -0.255906 0.000000 0.019685,
        -0.255906 -0.070664 0.028265,
        -0.255906 -0.093504 0.034881,
        -0.255906 -0.115738 0.043313,
        -0.255906 -0.137221 0.053507,
        -0.255906 -0.157815 0.065396,
        -0.255906 -0.177385 0.078905,
        -0.255906 -0.195804 0.093944,
        -0.255906 -0.212954 0.110416,
        -0.255906 -0.228722 0.128215,
        -0.255906 -0.243007 0.147225,
        -0.255906 -0.255716 0.167323,
        -0.255906 -0.266767 0.188378,
        -0.255906 -0.276087 0.210254,
        -0.255906 -0.283618 0.232810,
        -0.255906 -0.289308 0.255898,
        -0.255906 -0.293123 0.279369,
        -0.255906 -0.295036 0.303071,
        -0.255906 -0.295036 0.326850,
        -0.255906 -0.293123 0.350552,
        -0.255906 -0.289308 0.374023,
        -0.255906 -0.283618 0.397111,
        -0.255906 -0.276087 0.419667,
        -0.255906 -0.266767 0.441543,
        -0.255906 -0.255716 0.462598,
        -0.255906 -0.243007 0.482696,
        -0.255906 -0.228722 0.501706,
        -0.255906 -0.212954 0.519505,
        -0.255906 -0.195804 0.535978,
        -0.255906 -0.177385 0.551017,
        -0.255906 -0.157815 0.564524,
        -0.255906 -0.137221 0.576414,
        -0.255906 -0.115738 0.586608,
        -0.255906 -0.093504 0.595040,
        -0.255906 -0.070664 0.601656,
        -0.255906 -0.047365 0.606413,
        -0.255906 -0.023760 0.609279,
        -0.255906 -0.011889 0.609997,
        -0.255906 0.000000 0.610236,
        -0.255906 0.023760 0.609279,
        -0.255906 0.047365 0.606413,
        -0.255906 0.070664 0.601656,
        -0.255906 0.093504 0.595040,
        -0.255906 0.115738 0.586608,
        -0.255906 0.137221 0.576414,
        -0.255906 0.157815 0.564524,
        -0.255906 0.177385 0.551017,
        -0.255906 0.195804 0.535978,
        -0.255906 0.212954 0.519505,
        -0.255906 0.228722 0.501706,
        -0.255906 0.243007 0.482696,
        -0.255906 0.255716 0.462598,
        -0.255906 0.266767 0.441543,
        -0.255906 0.276087 0.419667,
        -0.255906 0.283618 0.397111,
        -0.255906 0.289308 0.374023,
        -0.255906 0.293123 0.350552,
        -0.255906 0.295036 0.326850,
        -0.255906 0.295036 0.303071,
        -0.255906 0.293123 0.279369,
        -0.255906 0.289308 0.255898,
        -0.255906 0.283618 0.232810,
        -0.255906 0.276087 0.210254,
        -0.255906 0.266767 0.188378,
        -0.255906 0.255716 0.167323,
        -0.255906 0.243007 0.147225,
        -0.255906 0.228722 0.128215,
        -0.255906 0.212954 0.110416,
        -0.255906 0.195804 0.093944,
        -0.255906 0.115738 0.043313,
        -0.255906 0.177385 0.078905,
        -0.255906 0.157815 0.065396,
        -0.255906 0.137221 0.053507,
        -0.255906 0.023791 0.609671,
        -0.374016 0.023791 0.609671,
        -0.255906 0.000000 0.610630,
        -0.374016 0.000000 0.610630,
        -0.255906 -0.023791 0.609671,
        -0.374016 -0.023791 0.609671,
        -0.255906 -0.047429 0.606801,
        -0.374016 -0.047429 0.606801,
        -0.255906 -0.070758 0.602038,
        -0.374016 -0.070758 0.602038,
        -0.255906 -0.093629 0.595414,
        -0.374016 -0.093629 0.595414,
        -0.255906 -0.115893 0.586970,
        -0.374016 -0.115893 0.586970,
        -0.255906 -0.137404 0.576763,
        -0.374016 -0.137404 0.576763,
        -0.255906 -0.158025 0.564857,
        -0.374016 -0.158025 0.564857,
        -0.255906 -0.177621 0.551331,
        -0.374016 -0.177621 0.551331,
        -0.255906 -0.196065 0.536272,
        -0.374016 -0.196065 0.536272,
        -0.255906 -0.213237 0.519778,
        -0.374016 -0.213237 0.519778,
        -0.255906 -0.229027 0.501955,
        -0.374016 -0.229027 0.501955,
        -0.255906 -0.243331 0.482920,
        -0.374016 -0.243331 0.482920,
        -0.255906 -0.256057 0.462795,
        -0.374016 -0.256057 0.462795,
        -0.255906 -0.267122 0.441712,
        -0.374016 -0.267122 0.441712,
        -0.255906 -0.276456 0.419806,
        -0.374016 -0.276456 0.419806,
        -0.255906 -0.283996 0.397221,
        -0.374016 -0.283996 0.397221,
        -0.255906 -0.289694 0.374102,
        -0.374016 -0.289694 0.374102,
        -0.255906 -0.293513 0.350600,
        -0.374016 -0.293513 0.350600,
        -0.255906 -0.295430 0.326866,
        -0.374016 -0.295430 0.326866,
        -0.255906 -0.295430 0.303055,
        -0.374016 -0.295430 0.303055,
        -0.255906 -0.293513 0.279322,
        -0.374016 -0.293513 0.279322,
        -0.255906 -0.289694 0.255819,
        -0.374016 -0.289694 0.255819,
        -0.255906 -0.283996 0.232700,
        -0.374016 -0.283996 0.232700,
        -0.255906 -0.276456 0.210115,
        -0.374016 -0.276456 0.210115,
        -0.255906 -0.267122 0.188209,
        -0.374016 -0.267122 0.188209,
        -0.255906 -0.256057 0.167126,
        -0.374016 -0.256057 0.167126,
        -0.255906 -0.243331 0.147001,
        -0.374016 -0.243331 0.147001,
        -0.255906 -0.229027 0.127966,
        -0.374016 -0.229027 0.127966,
        -0.255906 -0.213237 0.110143,
        -0.374016 -0.213237 0.110143,
        -0.255906 -0.196065 0.093649,
        -0.374016 -0.196065 0.093649,
        -0.255906 -0.177621 0.078590,
        -0.374016 -0.177621 0.078590,
        -0.255906 -0.158025 0.065064,
        -0.374016 -0.158025 0.065064,
        -0.255906 -0.137404 0.053159,
        -0.374016 -0.137404 0.053159,
        -0.255906 -0.115893 0.042951,
        -0.374016 -0.115893 0.042951,
        -0.255906 -0.093629 0.034507,
        -0.374016 -0.093629 0.034507,
        -0.255906 -0.070758 0.027883,
        -0.374016 -0.070758 0.027883,
        -0.255906 -0.047429 0.023120,
        -0.374016 -0.047429 0.023120,
        -0.255906 -0.023791 0.020250,
        -0.374016 -0.023791 0.020250,
        -0.255906 0.000000 0.019291,
        -0.374016 0.000000 0.019291,
        -0.255906 0.023791 0.020250,
        -0.374016 0.023791 0.020250,
        -0.255906 0.047429 0.023120,
        -0.374016 0.047429 0.023120,
        -0.255906 0.070758 0.027883,
        -0.374016 0.070758 0.027883,
        -0.255906 0.093629 0.034507,
        -0.374016 0.093629 0.034507,
        -0.255906 0.115893 0.042951,
        -0.374016 0.115893 0.042951,
        -0.255906 0.137404 0.053159,
        -0.374016 0.137404 0.053159,
        -0.255906 0.158025 0.065064,
        -0.374016 0.158025 0.065064,
        -0.255906 0.177621 0.078590,
        -0.374016 0.177621 0.078590,
        -0.255906 0.196065 0.093649,
        -0.374016 0.196065 0.093649,
        -0.255906 0.213237 0.110143,
        -0.374016 0.213237 0.110143,
        -0.255906 0.229027 0.127966,
        -0.374016 0.229027 0.127966,
        -0.255906 0.243331 0.147001,
        -0.374016 0.243331 0.147001,
        -0.255906 0.256057 0.167126,
        -0.374016 0.256057 0.167126,
        -0.255906 0.267122 0.188209,
        -0.374016 0.267122 0.188209,
        -0.255906 0.276456 0.210115,
        -0.374016 0.276456 0.210115,
        -0.255906 0.283996 0.232700,
        -0.374016 0.283996 0.232700,
        -0.255906 0.289694 0.255819,
        -0.374016 0.289694 0.255819,
        -0.255906 0.293513 0.279322,
        -0.374016 0.293513 0.279322,
        -0.255906 0.295430 0.303055,
        -0.374016 0.295430 0.303055,
        -0.255906 0.295430 0.326866,
        -0.374016 0.295430 0.326866,
        -0.255906 0.293513 0.350600,
        -0.374016 0.293513 0.350600,
        -0.255906 0.289694 0.374102,
        -0.374016 0.289694 0.374102,
        -0.255906 0.283996 0.397221,
        -0.374016 0.283996 0.397221,
        -0.255906 0.276456 0.419806,
        -0.374016 0.276456 0.419806,
        -0.255906 0.267122 0.441712,
        -0.374016 0.267122 0.441712,
        -0.255906 0.256057 0.462795,
        -0.374016 0.256057 0.462795,
        -0.255906 0.243331 0.482920,
        -0.374016 0.243331 0.482920,
        -0.255906 0.229027 0.501955,
        -0.374016 0.229027 0.501955,
        -0.255906 0.213237 0.519778,
        -0.374016 0.213237 0.519778,
        -0.255906 0.196065 0.536272,
        -0.374016 0.196065 0.536272,
        -0.255906 0.177621 0.551331,
        -0.374016 0.177621 0.551331,
        -0.255906 0.158025 0.564857,
        -0.374016 0.158025 0.564857,
        -0.255906 0.137404 0.576763,
        -0.374016 0.137404 0.576763,
        -0.255906 0.115893 0.586970,
        -0.374016 0.115893 0.586970,
        -0.255906 0.093629 0.595414,
        -0.374016 0.093629 0.595414,
        -0.255906 0.070758 0.602038,
        -0.374016 0.070758 0.602038,
        -0.255906 0.047429 0.606801,
        -0.374016 0.047429 0.606801,
        -0.374016 0.023760 0.609279,
        -0.374016 0.000000 0.610236,
        -0.374016 -0.011889 0.609997,
        -0.374016 -0.023760 0.609279,
        -0.374016 -0.047365 0.606413,
        -0.374016 -0.070664 0.601656,
        -0.374016 -0.093504 0.595040,
        -0.374016 -0.115738 0.586608,
        -0.374016 -0.137221 0.576414,
        -0.374016 -0.157815 0.564524,
        -0.374016 -0.177385 0.551017,
        -0.374016 -0.195804 0.535978,
        -0.374016 -0.212954 0.519505,
        -0.374016 -0.228722 0.501706,
        -0.374016 -0.243007 0.482696,
        -0.374016 -0.255716 0.462598,
        -0.374016 -0.266767 0.441543,
        -0.374016 -0.276087 0.419667,
        -0.374016 -0.283618 0.397111,
        -0.374016 -0.289308 0.374023,
        -0.374016 -0.293123 0.350552,
        -0.374016 -0.295036 0.326850,
        -0.374016 -0.295036 0.303071,
        -0.374016 -0.293123 0.279369,
        -0.374016 -0.289308 0.255898,
        -0.374016 -0.283618 0.232810,
        -0.374016 -0.276087 0.210254,
        -0.374016 -0.266767 0.188378,
        -0.374016 -0.255716 0.167323,
        -0.374016 -0.243007 0.147225,
        -0.374016 -0.228722 0.128215,
        -0.374016 -0.212954 0.110416,
        -0.374016 -0.195804 0.093944,
        -0.374016 -0.177385 0.078905,
        -0.374016 -0.157815 0.065396,
        -0.374016 -0.137221 0.053507,
        -0.374016 -0.115738 0.043313,
        -0.374016 -0.093504 0.034881,
        -0.374016 -0.070664 0.028265,
        -0.374016 -0.047365 0.023509,
        -0.374016 -0.023760 0.020643,
        -0.374016 -0.000000 0.019685,
        -0.374016 0.023760 0.020643,
        -0.374016 0.047365 0.023509,
        -0.374016 0.070664 0.028265,
        -0.374016 0.093504 0.034881,
        -0.374016 0.115738 0.043313,
        -0.374016 0.137221 0.053507,
        -0.374016 0.157815 0.065396,
        -0.374016 0.177385 0.078905,
        -0.374016 0.195804 0.093944,
        -0.374016 0.212954 0.110416,
        -0.374016 0.228722 0.128215,
        -0.374016 0.243007 0.147225,
        -0.374016 0.255716 0.167323,
        -0.374016 0.266767 0.188378,
        -0.374016 0.276087 0.210254,
        -0.374016 0.283618 0.232810,
        -0.374016 0.289308 0.255898,
        -0.374016 0.293123 0.279369,
        -0.374016 0.295036 0.303071,
        -0.374016 0.295036 0.326850,
        -0.374016 0.293123 0.350552,
        -0.374016 0.289308 0.374023,
        -0.374016 0.283618 0.397111,
        -0.374016 0.276087 0.419667,
        -0.374016 0.266767 0.441543,
        -0.374016 0.255716 0.462598,
        -0.374016 0.243007 0.482696,
        -0.374016 0.228722 0.501706,
        -0.374016 0.212954 0.519505,
        -0.374016 0.195804 0.535978,
        -0.374016 0.177385 0.551017,
        -0.374016 0.157815 0.564524,
        -0.374016 0.137221 0.576414,
        -0.374016 0.115738 0.586608,
        -0.374016 0.093504 0.595040,
        -0.374016 0.070664 0.601656,
        -0.374016 0.047365 0.606413,
      ]
    }
    coordIndex [
      79, 80, 81, -1,
      81, 80, 82, -1,
      81, 82, 83, -1,
      83, 82, 84, -1,
      83, 84, 85, -1,
      85, 84, 86, -1,
      85, 86, 87, -1,
      87, 86, 88, -1,
      87, 88, 89, -1,
      89, 88, 90, -1,
      89, 90, 91, -1,
      91, 90, 92, -1,
      91, 92, 93, -1,
      93, 92, 94, -1,
      93, 94, 95, -1,
      95, 94, 96, -1,
      95, 96, 97, -1,
      97, 96, 98, -1,
      97, 98, 99, -1,
      99, 98, 100, -1,
      99, 100, 101, -1,
      101, 100, 102, -1,
      101, 102, 103, -1,
      103, 102, 104, -1,
      103, 104, 105, -1,
      105, 104, 106, -1,
      105, 106, 107, -1,
      107, 106, 108, -1,
      107, 108, 109, -1,
      109, 108, 110, -1,
      109, 110, 111, -1,
      111, 110, 112, -1,
      111, 112, 113, -1,
      113, 112, 114, -1,
      113, 114, 115, -1,
      115, 114, 116, -1,
      115, 116, 117, -1,
      117, 116, 118, -1,
      117, 118, 119, -1,
      119, 118, 120, -1,
      119, 120, 121, -1,
      121, 120, 122, -1,
      121, 122, 123, -1,
      123, 122, 124, -1,
      123, 124, 125, -1,
      125, 124, 126, -1,
      125, 126, 127, -1,
      127, 126, 128, -1,
      127, 128, 129, -1,
      129, 128, 130, -1,
      129, 130, 131, -1,
      131, 130, 132, -1,
      131, 132, 133, -1,
      133, 132, 134, -1,
      133, 134, 135, -1,
      135, 134, 136, -1,
      135, 136, 137, -1,
      137, 136, 138, -1,
      137, 138, 139, -1,
      139, 138, 140, -1,
      139, 140, 141, -1,
      141, 140, 142, -1,
      141, 142, 143, -1,
      143, 142, 144, -1,
      143, 144, 145, -1,
      145, 144, 146, -1,
      145, 146, 147, -1,
      147, 146, 148, -1,
      147, 148, 149, -1,
      149, 148, 150, -1,
      149, 150, 151, -1,
      151, 150, 152, -1,
      151, 152, 153, -1,
      153, 152, 154, -1,
      153, 154, 155, -1,
      155, 154, 156, -1,
      155, 156, 157, -1,
      157, 156, 158, -1,
      157, 158, 159, -1,
      159, 158, 160, -1,
      159, 160, 161, -1,
      161, 160, 162, -1,
      161, 162, 163, -1,
      163, 162, 164, -1,
      163, 164, 165, -1,
      165, 164, 166, -1,
      165, 166, 167, -1,
      167, 166, 168, -1,
      167, 168, 169, -1,
      169, 168, 170, -1,
      169, 170, 171, -1,
      171, 170, 172, -1,
      171, 172, 173, -1,
      173, 172, 174, -1,
      173, 174, 175, -1,
      175, 174, 176, -1,
      175, 176, 177, -1,
      177, 176, 178, -1,
      177, 178, 179, -1,
      179, 178, 180, -1,
      179, 180, 181, -1,
      181, 180, 182, -1,
      181, 182, 183, -1,
      183, 182, 184, -1,
      183, 184, 185, -1,
      185, 184, 186, -1,
      185, 186, 187, -1,
      187, 186, 188, -1,
      187, 188, 189, -1,
      189, 188, 190, -1,
      189, 190, 191, -1,
      191, 190, 192, -1,
      191, 192, 193, -1,
      193, 192, 194, -1,
      193, 194, 195, -1,
      195, 194, 196, -1,
      195, 196, 197, -1,
      197, 196, 198, -1,
      197, 198, 199, -1,
      199, 198, 200, -1,
      199, 200, 201, -1,
      201, 200, 202, -1,
      201, 202, 203, -1,
      203, 202, 204, -1,
      203, 204, 205, -1,
      205, 204, 206, -1,
      205, 206, 207, -1,
      207, 206, 208, -1,
      207, 208, 209, -1,
      209, 208, 210, -1,
      209, 210, 211, -1,
      211, 210, 212, -1,
      211, 212, 213, -1,
      213, 212, 214, -1,
      213, 214, 215, -1,
      215, 214, 216, -1,
      215, 216, 217, -1,
      217, 216, 218, -1,
      217, 218, 219, -1,
      219, 218, 220, -1,
      219, 220, 221, -1,
      221, 220, 222, -1,
      221, 222, 223, -1,
      223, 222, 224, -1,
      223, 224, 225, -1,
      225, 224, 226, -1,
      225, 226, 227, -1,
      227, 226, 228, -1,
      227, 228, 229, -1,
      229, 228, 230, -1,
      229, 230, 231, -1,
      231, 230, 232, -1,
      231, 232, 233, -1,
      233, 232, 234, -1,
      233, 234, 79, -1,
      79, 234, 80, -1,
      41, 42, 83, -1,
      83, 42, 43, -1,
      83, 43, 81, -1,
      81, 43, 44, -1,
      81, 44, 79, -1,
      79, 44, 45, -1,
      79, 45, 233, -1,
      233, 45, 46, -1,
      233, 46, 231, -1,
      231, 46, 47, -1,
      231, 47, 229, -1,
      229, 47, 48, -1,
      229, 48, 227, -1,
      227, 48, 49, -1,
      227, 49, 225, -1,
      225, 49, 50, -1,
      225, 50, 223, -1,
      223, 50, 51, -1,
      223, 51, 221, -1,
      221, 51, 52, -1,
      221, 52, 219, -1,
      219, 52, 53, -1,
      219, 53, 217, -1,
      217, 53, 54, -1,
      217, 54, 215, -1,
      215, 54, 55, -1,
      215, 55, 213, -1,
      213, 55, 56, -1,
      213, 56, 211, -1,
      211, 56, 57, -1,
      211, 57, 209, -1,
      209, 57, 58, -1,
      209, 58, 207, -1,
      207, 58, 59, -1,
      207, 59, 205, -1,
      205, 59, 60, -1,
      205, 60, 203, -1,
      203, 60, 61, -1,
      203, 61, 201, -1,
      201, 61, 62, -1,
      201, 62, 199, -1,
      199, 62, 63, -1,
      199, 63, 197, -1,
      197, 63, 64, -1,
      197, 64, 195, -1,
      195, 64, 65, -1,
      195, 65, 193, -1,
      193, 65, 66, -1,
      193, 66, 191, -1,
      191, 66, 67, -1,
      191, 67, 189, -1,
      189, 67, 68, -1,
      189, 68, 187, -1,
      187, 68, 69, -1,
      187, 69, 185, -1,
      185, 69, 70, -1,
      185, 70, 183, -1,
      183, 70, 71, -1,
      183, 71, 181, -1,
      181, 71, 72, -1,
      181, 72, 179, -1,
      179, 72, 73, -1,
      179, 73, 177, -1,
      177, 73, 74, -1,
      177, 74, 175, -1,
      175, 74, 76, -1,
      175, 76, 173, -1,
      173, 76, 77, -1,
      173, 77, 171, -1,
      171, 77, 78, -1,
      171, 78, 169, -1,
      169, 78, 75, -1,
      169, 75, 167, -1,
      167, 75, 0, -1,
      167, 0, 165, -1,
      165, 0, 1, -1,
      165, 1, 163, -1,
      163, 1, 2, -1,
      163, 2, 161, -1,
      161, 2, 5, -1,
      161, 5, 159, -1,
      159, 5, 6, -1,
      159, 6, 157, -1,
      157, 6, 3, -1,
      157, 3, 155, -1,
      155, 3, 4, -1,
      155, 4, 153, -1,
      153, 4, 7, -1,
      153, 7, 151, -1,
      151, 7, 8, -1,
      151, 8, 149, -1,
      149, 8, 9, -1,
      149, 9, 147, -1,
      147, 9, 10, -1,
      147, 10, 145, -1,
      145, 10, 11, -1,
      145, 11, 143, -1,
      143, 11, 12, -1,
      143, 12, 141, -1,
      141, 12, 13, -1,
      141, 13, 139, -1,
      139, 13, 14, -1,
      139, 14, 137, -1,
      137, 14, 15, -1,
      137, 15, 135, -1,
      135, 15, 16, -1,
      135, 16, 133, -1,
      133, 16, 17, -1,
      133, 17, 131, -1,
      131, 17, 18, -1,
      131, 18, 129, -1,
      129, 18, 19, -1,
      129, 19, 127, -1,
      127, 19, 20, -1,
      127, 20, 125, -1,
      125, 20, 21, -1,
      125, 21, 123, -1,
      123, 21, 22, -1,
      123, 22, 121, -1,
      121, 22, 23, -1,
      121, 23, 119, -1,
      119, 23, 24, -1,
      119, 24, 117, -1,
      117, 24, 25, -1,
      117, 25, 115, -1,
      115, 25, 26, -1,
      115, 26, 113, -1,
      113, 26, 27, -1,
      113, 27, 111, -1,
      111, 27, 28, -1,
      111, 28, 109, -1,
      109, 28, 29, -1,
      109, 29, 107, -1,
      107, 29, 30, -1,
      107, 30, 105, -1,
      105, 30, 31, -1,
      105, 31, 103, -1,
      103, 31, 32, -1,
      103, 32, 101, -1,
      101, 32, 33, -1,
      101, 33, 99, -1,
      99, 33, 34, -1,
      99, 34, 97, -1,
      97, 34, 35, -1,
      97, 35, 95, -1,
      95, 35, 36, -1,
      95, 36, 93, -1,
      93, 36, 37, -1,
      93, 37, 91, -1,
      91, 37, 38, -1,
      91, 38, 89, -1,
      89, 38, 39, -1,
      89, 39, 87, -1,
      87, 39, 40, -1,
      87, 40, 85, -1,
      85, 40, 41, -1,
      85, 41, 83, -1,
      235, 236, 82, -1,
      82, 236, 237, -1,
      82, 237, 84, -1,
      84, 237, 238, -1,
      84, 238, 86, -1,
      86, 238, 239, -1,
      86, 239, 88, -1,
      88, 239, 240, -1,
      88, 240, 90, -1,
      90, 240, 241, -1,
      90, 241, 92, -1,
      92, 241, 242, -1,
      92, 242, 94, -1,
      94, 242, 243, -1,
      94, 243, 96, -1,
      96, 243, 244, -1,
      96, 244, 98, -1,
      98, 244, 245, -1,
      98, 245, 100, -1,
      100, 245, 246, -1,
      100, 246, 102, -1,
      102, 246, 247, -1,
      102, 247, 104, -1,
      104, 247, 248, -1,
      104, 248, 106, -1,
      106, 248, 249, -1,
      106, 249, 108, -1,
      108, 249, 250, -1,
      108, 250, 110, -1,
      110, 250, 251, -1,
      110, 251, 112, -1,
      112, 251, 252, -1,
      112, 252, 114, -1,
      114, 252, 253, -1,
      114, 253, 116, -1,
      116, 253, 254, -1,
      116, 254, 118, -1,
      118, 254, 255, -1,
      118, 255, 120, -1,
      120, 255, 256, -1,
      120, 256, 122, -1,
      122, 256, 257, -1,
      122, 257, 124, -1,
      124, 257, 258, -1,
      124, 258, 126, -1,
      126, 258, 259, -1,
      126, 259, 128, -1,
      128, 259, 260, -1,
      128, 260, 130, -1,
      130, 260, 261, -1,
      130, 261, 132, -1,
      132, 261, 262, -1,
      132, 262, 134, -1,
      134, 262, 263, -1,
      134, 263, 136, -1,
      136, 263, 264, -1,
      136, 264, 138, -1,
      138, 264, 265, -1,
      138, 265, 140, -1,
      140, 265, 266, -1,
      140, 266, 142, -1,
      142, 266, 267, -1,
      142, 267, 144, -1,
      144, 267, 268, -1,
      144, 268, 146, -1,
      146, 268, 269, -1,
      146, 269, 148, -1,
      148, 269, 270, -1,
      148, 270, 150, -1,
      150, 270, 271, -1,
      150, 271, 152, -1,
      152, 271, 272, -1,
      152, 272, 154, -1,
      154, 272, 273, -1,
      154, 273, 156, -1,
      156, 273, 274, -1,
      156, 274, 158, -1,
      158, 274, 275, -1,
      158, 275, 160, -1,
      160, 275, 276, -1,
      160, 276, 162, -1,
      162, 276, 277, -1,
      162, 277, 164, -1,
      164, 277, 278, -1,
      164, 278, 166, -1,
      166, 278, 279, -1,
      166, 279, 168, -1,
      168, 279, 280, -1,
      168, 280, 170, -1,
      170, 280, 281, -1,
      170, 281, 172, -1,
      172, 281, 282, -1,
      172, 282, 174, -1,
      174, 282, 283, -1,
      174, 283, 176, -1,
      176, 283, 284, -1,
      176, 284, 178, -1,
      178, 284, 285, -1,
      178, 285, 180, -1,
      180, 285, 286, -1,
      180, 286, 182, -1,
      182, 286, 287, -1,
      182, 287, 184, -1,
      184, 287, 288, -1,
      184, 288, 186, -1,
      186, 288, 289, -1,
      186, 289, 188, -1,
      188, 289, 290, -1,
      188, 290, 190, -1,
      190, 290, 291, -1,
      190, 291, 192, -1,
      192, 291, 292, -1,
      192, 292, 194, -1,
      194, 292, 293, -1,
      194, 293, 196, -1,
      196, 293, 294, -1,
      196, 294, 198, -1,
      198, 294, 295, -1,
      198, 295, 200, -1,
      200, 295, 296, -1,
      200, 296, 202, -1,
      202, 296, 297, -1,
      202, 297, 204, -1,
      204, 297, 298, -1,
      204, 298, 206, -1,
      206, 298, 299, -1,
      206, 299, 208, -1,
      208, 299, 300, -1,
      208, 300, 210, -1,
      210, 300, 301, -1,
      210, 301, 212, -1,
      212, 301, 302, -1,
      212, 302, 214, -1,
      214, 302, 303, -1,
      214, 303, 216, -1,
      216, 303, 304, -1,
      216, 304, 218, -1,
      218, 304, 305, -1,
      218, 305, 220, -1,
      220, 305, 306, -1,
      220, 306, 222, -1,
      222, 306, 307, -1,
      222, 307, 224, -1,
      224, 307, 308, -1,
      224, 308, 226, -1,
      226, 308, 309, -1,
      226, 309, 228, -1,
      228, 309, 310, -1,
      228, 310, 230, -1,
      230, 310, 311, -1,
      230, 311, 232, -1,
      232, 311, 312, -1,
      232, 312, 234, -1,
      234, 312, 313, -1,
      234, 313, 80, -1,
      80, 313, 235, -1,
      80, 235, 82, -1,
    ]
  }
}

Shape {
  appearance Appearance {
    material Material {
      diffuseColor 0.7686 0.7686 0.7686
      specularColor 0.6157 0.6157 0.6157
      ambientIntensity 0.2
      transparency 0.0000
      shininess 0.5
    }
  }
  geometry IndexedFaceSet {
    ccw TRUE
    solid FALSE
    coord DEF co Coordinate {
      point [
        -0.650000 -0.064571 0.603089,
        -0.650000 -0.032483 0.608444,
        -0.650000 0.000000 0.314961,
        -0.650000 -0.000000 0.610236,
        -0.650000 0.032483 0.608444,
        -0.650000 -0.154628 0.566512,
        -0.650000 -0.126017 0.581995,
        -0.650000 -0.095876 0.594237,
        -0.650000 -0.227928 0.502674,
        -0.650000 -0.205895 0.526609,
        -0.650000 -0.181362 0.547974,
        -0.650000 -0.276529 0.418495,
        -0.650000 -0.263461 0.448287,
        -0.650000 -0.247195 0.476461,
        -0.650000 -0.295163 0.323097,
        -0.650000 -0.292477 0.355518,
        -0.650000 -0.286240 0.387446,
        -0.650000 -0.281813 0.226817,
        -0.650000 -0.289799 0.258353,
        -0.650000 -0.294267 0.290577,
        -0.650000 -0.237923 0.140088,
        -0.650000 -0.255716 0.167323,
        -0.650000 -0.270406 0.196350,
        -0.650000 -0.168250 0.072310,
        -0.650000 -0.193923 0.092291,
        -0.650000 -0.217241 0.114976,
        -0.650000 -0.080346 0.030826,
        -0.650000 -0.111115 0.041389,
        -0.650000 -0.140536 0.055274,
        -0.650000 0.016266 0.020133,
        -0.650000 -0.016266 0.020133,
        -0.650000 -0.048601 0.023712,
        -0.650000 0.111115 0.041389,
        -0.650000 0.080346 0.030826,
        -0.650000 0.048601 0.023712,
        -0.650000 0.193923 0.092291,
        -0.650000 0.168250 0.072310,
        -0.650000 0.140536 0.055274,
        -0.650000 0.255716 0.167323,
        -0.650000 0.237923 0.140088,
        -0.650000 0.217241 0.114976,
        -0.650000 0.289799 0.258353,
        -0.650000 0.281813 0.226817,
        -0.650000 0.270406 0.196350,
        -0.650000 0.292477 0.355518,
        -0.650000 0.295163 0.323097,
        -0.650000 0.294267 0.290577,
        -0.650000 0.263461 0.448287,
        -0.650000 0.276529 0.418495,
        -0.650000 0.286240 0.387446,
        -0.650000 0.205895 0.526609,
        -0.650000 0.227928 0.502674,
        -0.650000 0.247195 0.476461,
        -0.650000 0.126017 0.581995,
        -0.650000 0.154628 0.566512,
        -0.650000 0.181362 0.547974,
        -0.650000 0.064571 0.603089,
        -0.650000 0.095876 0.594237,
        -0.630315 0.017350 0.000478,
        -0.512205 0.017350 0.000478,
        -0.630315 -0.000000 0.000478,
        -0.512205 0.000000 0.000478,
        -0.630315 -0.017350 0.000478,
        -0.512205 -0.017350 0.000478,
        -0.630315 -0.049256 0.004009,
        -0.512205 -0.049256 0.004009,
        -0.630315 -0.051841 0.004296,
        -0.512205 -0.051841 0.004296,
        -0.630315 -0.085702 0.011884,
        -0.512205 -0.085702 0.011884,
        -0.630315 -0.097187 0.015827,
        -0.512205 -0.097187 0.015827,
        -0.630315 -0.118523 0.023152,
        -0.512205 -0.118523 0.023152,
        -0.630315 -0.142847 0.034630,
        -0.512205 -0.142847 0.034630,
        -0.630315 -0.149905 0.037961,
        -0.512205 -0.149905 0.037961,
        -0.630315 -0.179467 0.056133,
        -0.512205 -0.179467 0.056133,
        -0.630315 -0.184941 0.060394,
        -0.512205 -0.184941 0.060394,
        -0.630315 -0.206851 0.077447,
        -0.512205 -0.206851 0.077447,
        -0.630315 -0.222398 0.092571,
        -0.512205 -0.222398 0.092571,
        -0.630315 -0.231724 0.101644,
        -0.512205 -0.231724 0.101644,
        -0.630315 -0.253784 0.128430,
        -0.512205 -0.253784 0.128430,
        -0.630315 -0.254732 0.129881,
        -0.512205 -0.254732 0.129881,
        -0.630315 -0.272764 0.157480,
        -0.512205 -0.272764 0.157480,
        -0.630315 -0.280206 0.172187,
        -0.512205 -0.280206 0.172187,
        -0.630315 -0.288433 0.188443,
        -0.512205 -0.288433 0.188443,
        -0.630315 -0.299384 0.217693,
        -0.512205 -0.299384 0.217693,
        -0.630315 -0.300600 0.220940,
        -0.512205 -0.300600 0.220940,
        -0.630315 -0.309119 0.254579,
        -0.512205 -0.309119 0.254579,
        -0.630315 -0.310667 0.265748,
        -0.512205 -0.310667 0.265748,
        -0.630315 -0.313885 0.288951,
        -0.512205 -0.313885 0.288951,
        -0.630315 -0.314602 0.314970,
        -0.512205 -0.314602 0.314970,
        -0.630315 -0.314841 0.323639,
        -0.512205 -0.314841 0.323639,
        -0.630315 -0.311976 0.358222,
        -0.512205 -0.311976 0.358222,
        -0.630315 -0.310812 0.364178,
        -0.512205 -0.310812 0.364178,
        -0.630315 -0.305323 0.392279,
        -0.512205 -0.305323 0.392279,
        -0.630315 -0.299107 0.412152,
        -0.512205 -0.299107 0.412152,
        -0.630315 -0.294964 0.425398,
        -0.512205 -0.294964 0.425398,
        -0.630315 -0.281025 0.457176,
        -0.512205 -0.281025 0.457176,
        -0.630315 -0.280592 0.457926,
        -0.512205 -0.280592 0.457926,
        -0.630315 -0.263674 0.487228,
        -0.512205 -0.263674 0.487228,
        -0.630315 -0.254427 0.499809,
        -0.512205 -0.254427 0.499809,
        -0.630315 -0.243123 0.515189,
        -0.512205 -0.243123 0.515189,
        -0.630315 -0.222557 0.537530,
        -0.512205 -0.222557 0.537530,
        -0.630315 -0.219621 0.540719,
        -0.512205 -0.219621 0.540719,
        -0.630315 -0.193453 0.563509,
        -0.512205 -0.193453 0.563509,
        -0.630315 -0.184900 0.569439,
        -0.512205 -0.184900 0.569439,
        -0.630315 -0.164936 0.583282,
        -0.512205 -0.164936 0.583282,
        -0.630315 -0.142807 0.595257,
        -0.512205 -0.142807 0.595257,
        -0.630315 -0.134418 0.599798,
        -0.512205 -0.134418 0.599798,
        -0.630315 -0.102268 0.612856,
        -0.512205 -0.102268 0.612856,
        -0.630315 -0.097262 0.614271,
        -0.512205 -0.097262 0.614271,
        -0.630315 -0.068876 0.622298,
        -0.512205 -0.068876 0.622298,
        -0.630315 -0.049194 0.625582,
        -0.512205 -0.049194 0.625582,
        -0.630315 -0.034648 0.628010,
        -0.512205 -0.034648 0.628010,
        -0.630315 0.000000 0.629921,
        -0.512205 0.000000 0.629921,
        -0.630315 0.034648 0.628010,
        -0.512205 0.034648 0.628010,
        -0.630315 0.049194 0.625582,
        -0.512205 0.049194 0.625582,
        -0.630315 0.068876 0.622298,
        -0.512205 0.068876 0.622298,
        -0.630315 0.097262 0.614271,
        -0.512205 0.097262 0.614271,
        -0.630315 0.102268 0.612856,
        -0.512205 0.102268 0.612856,
        -0.630315 0.134418 0.599798,
        -0.512205 0.134418 0.599798,
        -0.630315 0.142807 0.595257,
        -0.512205 0.142807 0.595257,
        -0.630315 0.164936 0.583282,
        -0.512205 0.164936 0.583282,
        -0.630315 0.184900 0.569439,
        -0.512205 0.184900 0.569439,
        -0.630315 0.193453 0.563509,
        -0.512205 0.193453 0.563509,
        -0.630315 0.219621 0.540719,
        -0.512205 0.219621 0.540719,
        -0.630315 0.222557 0.537530,
        -0.512205 0.222557 0.537530,
        -0.630315 0.243123 0.515189,
        -0.512205 0.243123 0.515189,
        -0.630315 0.254427 0.499809,
        -0.512205 0.254427 0.499809,
        -0.630315 0.263674 0.487228,
        -0.512205 0.263674 0.487228,
        -0.630315 0.280592 0.457926,
        -0.512205 0.280592 0.457926,
        -0.630315 0.281025 0.457176,
        -0.512205 0.281025 0.457176,
        -0.630315 0.294964 0.425398,
        -0.512205 0.294964 0.425398,
        -0.630315 0.299107 0.412152,
        -0.512205 0.299107 0.412152,
        -0.630315 0.305323 0.392279,
        -0.512205 0.305323 0.392279,
        -0.630315 0.310812 0.364178,
        -0.512205 0.310812 0.364178,
        -0.630315 0.311976 0.358222,
        -0.512205 0.311976 0.358222,
        -0.630315 0.314841 0.323639,
        -0.512205 0.314841 0.323639,
        -0.630315 0.314602 0.314970,
        -0.512205 0.314602 0.314970,
        -0.630315 0.313885 0.288951,
        -0.512205 0.313885 0.288951,
        -0.630315 0.310667 0.265748,
        -0.512205 0.310667 0.265748,
        -0.630315 0.309119 0.254579,
        -0.512205 0.309119 0.254579,
        -0.630315 0.300600 0.220940,
        -0.512205 0.300600 0.220940,
        -0.630315 0.299384 0.217693,
        -0.512205 0.299384 0.217693,
        -0.630315 0.288433 0.188443,
        -0.512205 0.288433 0.188443,
        -0.630315 0.280206 0.172187,
        -0.512205 0.280206 0.172187,
        -0.630315 0.272764 0.157480,
        -0.512205 0.272764 0.157480,
        -0.630315 0.254732 0.129881,
        -0.512205 0.254732 0.129881,
        -0.630315 0.253784 0.128430,
        -0.512205 0.253784 0.128430,
        -0.630315 0.231724 0.101644,
        -0.512205 0.231724 0.101644,
        -0.630315 0.222398 0.092571,
        -0.512205 0.222398 0.092571,
        -0.630315 0.206851 0.077447,
        -0.512205 0.206851 0.077447,
        -0.630315 0.184941 0.060394,
        -0.512205 0.184941 0.060394,
        -0.630315 0.179467 0.056133,
        -0.512205 0.179467 0.056133,
        -0.630315 0.149905 0.037961,
        -0.512205 0.149905 0.037961,
        -0.630315 0.142847 0.034630,
        -0.512205 0.142847 0.034630,
        -0.630315 0.118523 0.023152,
        -0.512205 0.118523 0.023152,
        -0.630315 0.097187 0.015827,
        -0.512205 0.097187 0.015827,
        -0.630315 0.085702 0.011884,
        -0.512205 0.085702 0.011884,
        -0.630315 0.051841 0.004296,
        -0.512205 0.051841 0.004296,
        -0.630315 0.049256 0.004009,
        -0.512205 0.049256 0.004009,
        -0.492520 -0.250162 0.261046,
        -0.492520 -0.281813 0.226817,
        -0.492520 -0.237452 0.219544,
        -0.492520 -0.270406 0.196350,
        -0.492520 -0.217911 0.180787,
        -0.492520 -0.085252 0.073673,
        -0.492520 -0.080346 0.030826,
        -0.492520 -0.043248 0.062736,
        -0.492520 -0.048601 0.023712,
        -0.492520 0.000000 0.059055,
        -0.492520 -0.253833 0.347465,
        -0.492520 -0.295163 0.323097,
        -0.492520 -0.255675 0.304100,
        -0.492520 -0.294267 0.290577,
        -0.492520 -0.289799 0.258353,
        -0.492520 0.228505 0.430170,
        -0.492520 0.244688 0.389896,
        -0.492520 0.276529 0.418495,
        -0.492520 0.255675 0.304100,
        -0.492520 0.295163 0.323097,
        -0.492520 0.253833 0.347465,
        -0.492520 0.292477 0.355518,
        -0.492520 0.286240 0.387446,
        -0.492520 0.043248 0.062736,
        -0.492520 0.080346 0.030826,
        -0.492520 0.085252 0.073673,
        -0.492520 0.111115 0.041389,
        -0.492520 0.124804 0.091552,
        -0.492520 0.237452 0.219544,
        -0.492520 0.281813 0.226817,
        -0.492520 0.250162 0.261046,
        -0.492520 0.289799 0.258353,
        -0.492520 0.294267 0.290577,
        -0.492520 -0.016266 0.020133,
        -0.492520 0.016266 0.020133,
        -0.492520 0.048601 0.023712,
        -0.492520 -0.160765 0.115857,
        -0.492520 -0.168250 0.072310,
        -0.492520 -0.124804 0.091552,
        -0.492520 -0.140536 0.055274,
        -0.492520 -0.111115 0.041389,
        -0.492520 -0.255716 0.167323,
        -0.492520 -0.237923 0.140088,
        -0.492520 -0.192101 0.145890,
        -0.492520 -0.217241 0.114976,
        -0.492520 -0.193923 0.092291,
        -0.492520 -0.228505 0.430170,
        -0.492520 -0.276529 0.418495,
        -0.492520 -0.244688 0.389896,
        -0.492520 -0.286240 0.387446,
        -0.492520 -0.292477 0.355518,
        -0.492520 0.192101 0.145890,
        -0.492520 0.237923 0.140088,
        -0.492520 0.217911 0.180787,
        -0.492520 0.255716 0.167323,
        -0.492520 0.270406 0.196350,
        -0.492520 0.140536 0.055274,
        -0.492520 0.168250 0.072310,
        -0.492520 0.160765 0.115857,
        -0.492520 0.193923 0.092291,
        -0.492520 0.217241 0.114976,
        -0.492520 -0.143301 0.526981,
        -0.492520 -0.181362 0.547974,
        -0.492520 -0.177071 0.499713,
        -0.492520 -0.205895 0.526609,
        -0.492520 -0.205747 0.467131,
        -0.492520 0.177071 0.499713,
        -0.492520 0.181362 0.547974,
        -0.492520 0.143301 0.526981,
        -0.492520 0.154628 0.566512,
        -0.492520 0.105408 0.548149,
        -0.492520 0.263461 0.448287,
        -0.492520 0.247195 0.476461,
        -0.492520 0.205747 0.467131,
        -0.492520 0.227928 0.502674,
        -0.492520 0.205895 0.526609,
        -0.492520 -0.227928 0.502674,
        -0.492520 -0.247195 0.476461,
        -0.492520 -0.263461 0.448287,
        -0.492520 -0.064483 0.562609,
        -0.492520 -0.095876 0.594237,
        -0.492520 -0.105408 0.548149,
        -0.492520 -0.126017 0.581995,
        -0.492520 -0.154628 0.566512,
        -0.492520 0.126017 0.581995,
        -0.492520 0.095876 0.594237,
        -0.492520 0.064483 0.562609,
        -0.492520 0.064571 0.603089,
        -0.492520 0.021702 0.569944,
        -0.492520 0.032483 0.608444,
        -0.492520 0.000000 0.570866,
        -0.492520 0.000000 0.610236,
        -0.492520 -0.021702 0.569944,
        -0.492520 -0.032483 0.608444,
        -0.492520 -0.064571 0.603089,
        -0.492126 -0.029171 0.060723,
        -0.492126 -0.043177 0.063147,
        -0.492126 -0.057962 0.065706,
        -0.492126 -0.085240 0.073715,
        -0.492126 -0.160715 0.115926,
        -0.492126 -0.138353 0.099679,
        -0.492126 -0.085997 0.073937,
        -0.492126 -0.112911 0.085311,
        -0.492126 -0.124600 0.091913,
        -0.492126 -0.202652 0.158693,
        -0.492126 -0.161991 0.116854,
        -0.492126 -0.183518 0.136611,
        -0.492126 -0.191791 0.146159,
        -0.492126 -0.217808 0.180858,
        -0.492126 -0.219144 0.182812,
        -0.492126 -0.232780 0.208654,
        -0.492126 -0.237077 0.219691,
        -0.492126 -0.243381 0.235881,
        -0.492126 -0.250006 0.261087,
        -0.492126 -0.250809 0.264140,
        -0.492126 -0.254967 0.293061,
        -0.492126 -0.255282 0.304111,
        -0.492126 -0.255801 0.322268,
        -0.492126 -0.253639 0.347448,
        -0.492126 -0.253301 0.351380,
        -0.492126 -0.247498 0.380017,
        -0.492126 -0.244326 0.389778,
        -0.492126 -0.238469 0.407805,
        -0.492126 -0.228298 0.430076,
        -0.492126 -0.226331 0.434383,
        -0.492126 -0.211243 0.459405,
        -0.492126 -0.205457 0.466907,
        -0.492126 -0.193400 0.482543,
        -0.492126 -0.176887 0.499535,
        -0.492126 -0.173037 0.503497,
        -0.492126 -0.150417 0.521993,
        -0.492126 -0.143112 0.526687,
        -0.492126 -0.125837 0.537789,
        -0.492126 -0.105283 0.547895,
        -0.492126 -0.099617 0.550681,
        -0.492126 -0.072097 0.560500,
        -0.492126 -0.064408 0.562288,
        -0.492126 -0.043637 0.567118,
        -0.492126 -0.021667 0.569639,
        -0.492126 -0.014609 0.570449,
        -0.492126 0.014609 0.570449,
        -0.492126 0.021667 0.569639,
        -0.492126 0.043637 0.567118,
        -0.492126 0.064408 0.562288,
        -0.492126 0.072097 0.560500,
        -0.492126 0.099617 0.550681,
        -0.492126 0.105283 0.547895,
        -0.492126 0.125837 0.537789,
        -0.492126 0.143112 0.526687,
        -0.492126 0.150417 0.521993,
        -0.492126 0.173037 0.503497,
        -0.492126 0.176887 0.499535,
        -0.492126 0.193400 0.482543,
        -0.492126 0.205457 0.466907,
        -0.492126 0.211243 0.459405,
        -0.492126 0.226331 0.434383,
        -0.492126 0.228298 0.430076,
        -0.492126 0.238469 0.407805,
        -0.492126 0.244326 0.389778,
        -0.492126 0.247498 0.380017,
        -0.492126 0.253301 0.351380,
        -0.492126 0.253639 0.347448,
        -0.492126 0.255801 0.322268,
        -0.492126 0.255282 0.304111,
        -0.492126 0.254967 0.293061,
        -0.492126 0.250809 0.264140,
        -0.492126 0.237077 0.219691,
        -0.492126 0.243381 0.235881,
        -0.492126 0.250006 0.261087,
        -0.492126 0.232780 0.208654,
        -0.492126 0.219144 0.182812,
        -0.492126 0.217808 0.180858,
        -0.492126 0.202652 0.158693,
        -0.492126 0.191791 0.146159,
        -0.492126 0.183518 0.136611,
        -0.492126 0.161991 0.116854,
        -0.492126 0.160715 0.115926,
        -0.492126 0.138353 0.099679,
        -0.492126 0.124600 0.091913,
        -0.492126 0.112911 0.085311,
        -0.492126 0.085997 0.073937,
        -0.492126 0.085240 0.073715,
        -0.492126 0.057962 0.065706,
        -0.492126 0.043177 0.063147,
        -0.492126 0.029171 0.060723,
        -0.492126 0.000000 0.059055,
      ]
    }
    coordIndex [
      0, 1, 2, -1,
      2, 1, 3, -1,
      2, 3, 4, -1,
      5, 6, 2, -1,
      2, 6, 7, -1,
      2, 7, 0, -1,
      8, 9, 2, -1,
      2, 9, 10, -1,
      2, 10, 5, -1,
      11, 12, 2, -1,
      2, 12, 13, -1,
      2, 13, 8, -1,
      14, 15, 2, -1,
      2, 15, 16, -1,
      2, 16, 11, -1,
      17, 18, 2, -1,
      2, 18, 19, -1,
      2, 19, 14, -1,
      20, 21, 2, -1,
      2, 21, 22, -1,
      2, 22, 17, -1,
      23, 24, 2, -1,
      2, 24, 25, -1,
      2, 25, 20, -1,
      26, 27, 2, -1,
      2, 27, 28, -1,
      2, 28, 23, -1,
      29, 30, 2, -1,
      2, 30, 31, -1,
      2, 31, 26, -1,
      32, 33, 2, -1,
      2, 33, 34, -1,
      2, 34, 29, -1,
      35, 36, 2, -1,
      2, 36, 37, -1,
      2, 37, 32, -1,
      38, 39, 2, -1,
      2, 39, 40, -1,
      2, 40, 35, -1,
      41, 42, 2, -1,
      2, 42, 43, -1,
      2, 43, 38, -1,
      44, 45, 2, -1,
      2, 45, 46, -1,
      2, 46, 41, -1,
      47, 48, 2, -1,
      2, 48, 49, -1,
      2, 49, 44, -1,
      50, 51, 2, -1,
      2, 51, 52, -1,
      2, 52, 47, -1,
      53, 54, 2, -1,
      2, 54, 55, -1,
      2, 55, 50, -1,
      4, 56, 2, -1,
      2, 56, 57, -1,
      2, 57, 53, -1,
      58, 59, 60, -1,
      60, 59, 61, -1,
      60, 61, 62, -1,
      62, 61, 63, -1,
      62, 63, 64, -1,
      64, 63, 65, -1,
      64, 65, 66, -1,
      66, 65, 67, -1,
      66, 67, 68, -1,
      68, 67, 69, -1,
      68, 69, 70, -1,
      70, 69, 71, -1,
      70, 71, 72, -1,
      72, 71, 73, -1,
      72, 73, 74, -1,
      74, 73, 75, -1,
      74, 75, 76, -1,
      76, 75, 77, -1,
      76, 77, 78, -1,
      78, 77, 79, -1,
      78, 79, 80, -1,
      80, 79, 81, -1,
      80, 81, 82, -1,
      82, 81, 83, -1,
      82, 83, 84, -1,
      84, 83, 85, -1,
      84, 85, 86, -1,
      86, 85, 87, -1,
      86, 87, 88, -1,
      88, 87, 89, -1,
      88, 89, 90, -1,
      90, 89, 91, -1,
      90, 91, 92, -1,
      92, 91, 93, -1,
      92, 93, 94, -1,
      94, 93, 95, -1,
      94, 95, 96, -1,
      96, 95, 97, -1,
      96, 97, 98, -1,
      98, 97, 99, -1,
      98, 99, 100, -1,
      100, 99, 101, -1,
      100, 101, 102, -1,
      102, 101, 103, -1,
      102, 103, 104, -1,
      104, 103, 105, -1,
      104, 105, 106, -1,
      106, 105, 107, -1,
      106, 107, 108, -1,
      108, 107, 109, -1,
      108, 109, 110, -1,
      110, 109, 111, -1,
      110, 111, 112, -1,
      112, 111, 113, -1,
      112, 113, 114, -1,
      114, 113, 115, -1,
      114, 115, 116, -1,
      116, 115, 117, -1,
      116, 117, 118, -1,
      118, 117, 119, -1,
      118, 119, 120, -1,
      120, 119, 121, -1,
      120, 121, 122, -1,
      122, 121, 123, -1,
      122, 123, 124, -1,
      124, 123, 125, -1,
      124, 125, 126, -1,
      126, 125, 127, -1,
      126, 127, 128, -1,
      128, 127, 129, -1,
      128, 129, 130, -1,
      130, 129, 131, -1,
      130, 131, 132, -1,
      132, 131, 133, -1,
      132, 133, 134, -1,
      134, 133, 135, -1,
      134, 135, 136, -1,
      136, 135, 137, -1,
      136, 137, 138, -1,
      138, 137, 139, -1,
      138, 139, 140, -1,
      140, 139, 141, -1,
      140, 141, 142, -1,
      142, 141, 143, -1,
      142, 143, 144, -1,
      144, 143, 145, -1,
      144, 145, 146, -1,
      146, 145, 147, -1,
      146, 147, 148, -1,
      148, 147, 149, -1,
      148, 149, 150, -1,
      150, 149, 151, -1,
      150, 151, 152, -1,
      152, 151, 153, -1,
      152, 153, 154, -1,
      154, 153, 155, -1,
      154, 155, 156, -1,
      156, 155, 157, -1,
      156, 157, 158, -1,
      158, 157, 159, -1,
      158, 159, 160, -1,
      160, 159, 161, -1,
      160, 161, 162, -1,
      162, 161, 163, -1,
      162, 163, 164, -1,
      164, 163, 165, -1,
      164, 165, 166, -1,
      166, 165, 167, -1,
      166, 167, 168, -1,
      168, 167, 169, -1,
      168, 169, 170, -1,
      170, 169, 171, -1,
      170, 171, 172, -1,
      172, 171, 173, -1,
      172, 173, 174, -1,
      174, 173, 175, -1,
      174, 175, 176, -1,
      176, 175, 177, -1,
      176, 177, 178, -1,
      178, 177, 179, -1,
      178, 179, 180, -1,
      180, 179, 181, -1,
      180, 181, 182, -1,
      182, 181, 183, -1,
      182, 183, 184, -1,
      184, 183, 185, -1,
      184, 185, 186, -1,
      186, 185, 187, -1,
      186, 187, 188, -1,
      188, 187, 189, -1,
      188, 189, 190, -1,
      190, 189, 191, -1,
      190, 191, 192, -1,
      192, 191, 193, -1,
      192, 193, 194, -1,
      194, 193, 195, -1,
      194, 195, 196, -1,
      196, 195, 197, -1,
      196, 197, 198, -1,
      198, 197, 199, -1,
      198, 199, 200, -1,
      200, 199, 201, -1,
      200, 201, 202, -1,
      202, 201, 203, -1,
      202, 203, 204, -1,
      204, 203, 205, -1,
      204, 205, 206, -1,
      206, 205, 207, -1,
      206, 207, 208, -1,
      208, 207, 209, -1,
      208, 209, 210, -1,
      210, 209, 211, -1,
      210, 211, 212, -1,
      212, 211, 213, -1,
      212, 213, 214, -1,
      214, 213, 215, -1,
      214, 215, 216, -1,
      216, 215, 217, -1,
      216, 217, 218, -1,
      218, 217, 219, -1,
      218, 219, 220, -1,
      220, 219, 221, -1,
      220, 221, 222, -1,
      222, 221, 223, -1,
      222, 223, 224, -1,
      224, 223, 225, -1,
      224, 225, 226, -1,
      226, 225, 227, -1,
      226, 227, 228, -1,
      228, 227, 229, -1,
      228, 229, 230, -1,
      230, 229, 231, -1,
      230, 231, 232, -1,
      232, 231, 233, -1,
      232, 233, 234, -1,
      234, 233, 235, -1,
      234, 235, 236, -1,
      236, 235, 237, -1,
      236, 237, 238, -1,
      238, 237, 239, -1,
      238, 239, 240, -1,
      240, 239, 241, -1,
      240, 241, 242, -1,
      242, 241, 243, -1,
      242, 243, 244, -1,
      244, 243, 245, -1,
      244, 245, 246, -1,
      246, 245, 247, -1,
      246, 247, 248, -1,
      248, 247, 249, -1,
      248, 249, 58, -1,
      58, 249, 59, -1,
      250, 251, 252, -1,
      252, 251, 253, -1,
      252, 253, 254, -1,
      255, 256, 257, -1,
      257, 256, 258, -1,
      257, 258, 259, -1,
      260, 261, 262, -1,
      262, 261, 263, -1,
      262, 263, 250, -1,
      250, 263, 264, -1,
      250, 264, 251, -1,
      265, 266, 267, -1,
      268, 269, 270, -1,
      270, 269, 271, -1,
      270, 271, 266, -1,
      266, 271, 272, -1,
      266, 272, 267, -1,
      273, 274, 275, -1,
      275, 274, 276, -1,
      275, 276, 277, -1,
      278, 279, 280, -1,
      280, 279, 281, -1,
      280, 281, 268, -1,
      268, 281, 282, -1,
      268, 282, 269, -1,
      258, 283, 259, -1,
      259, 283, 284, -1,
      259, 284, 273, -1,
      273, 284, 285, -1,
      273, 285, 274, -1,
      286, 287, 288, -1,
      288, 287, 289, -1,
      288, 289, 255, -1,
      255, 289, 290, -1,
      255, 290, 256, -1,
      253, 291, 254, -1,
      254, 291, 292, -1,
      254, 292, 293, -1,
      293, 292, 294, -1,
      293, 294, 286, -1,
      286, 294, 295, -1,
      286, 295, 287, -1,
      296, 297, 298, -1,
      298, 297, 299, -1,
      298, 299, 260, -1,
      260, 299, 300, -1,
      260, 300, 261, -1,
      301, 302, 303, -1,
      303, 302, 304, -1,
      303, 304, 278, -1,
      278, 304, 305, -1,
      278, 305, 279, -1,
      276, 306, 277, -1,
      277, 306, 307, -1,
      277, 307, 308, -1,
      308, 307, 309, -1,
      308, 309, 301, -1,
      301, 309, 310, -1,
      301, 310, 302, -1,
      311, 312, 313, -1,
      313, 312, 314, -1,
      313, 314, 315, -1,
      316, 317, 318, -1,
      318, 317, 319, -1,
      318, 319, 320, -1,
      267, 321, 265, -1,
      265, 321, 322, -1,
      265, 322, 323, -1,
      323, 322, 324, -1,
      323, 324, 316, -1,
      316, 324, 325, -1,
      316, 325, 317, -1,
      314, 326, 315, -1,
      315, 326, 327, -1,
      315, 327, 296, -1,
      296, 327, 328, -1,
      296, 328, 297, -1,
      329, 330, 331, -1,
      331, 330, 332, -1,
      331, 332, 311, -1,
      311, 332, 333, -1,
      311, 333, 312, -1,
      319, 334, 320, -1,
      320, 334, 335, -1,
      320, 335, 336, -1,
      336, 335, 337, -1,
      336, 337, 338, -1,
      338, 337, 339, -1,
      338, 339, 340, -1,
      340, 339, 341, -1,
      340, 341, 342, -1,
      342, 341, 343, -1,
      342, 343, 329, -1,
      329, 343, 344, -1,
      329, 344, 330, -1,
      257, 259, 345, -1,
      345, 346, 257, -1,
      257, 346, 347, -1,
      257, 347, 255, -1,
      255, 347, 348, -1,
      349, 286, 350, -1,
      350, 286, 288, -1,
      348, 351, 255, -1,
      255, 351, 352, -1,
      255, 352, 288, -1,
      288, 352, 353, -1,
      288, 353, 350, -1,
      354, 254, 293, -1,
      349, 355, 286, -1,
      286, 355, 356, -1,
      286, 356, 293, -1,
      293, 356, 357, -1,
      293, 357, 354, -1,
      354, 358, 254, -1,
      254, 358, 359, -1,
      254, 359, 252, -1,
      252, 359, 360, -1,
      360, 361, 252, -1,
      252, 361, 362, -1,
      252, 362, 250, -1,
      362, 363, 250, -1,
      250, 363, 364, -1,
      250, 364, 262, -1,
      262, 364, 365, -1,
      365, 366, 262, -1,
      262, 366, 367, -1,
      262, 367, 260, -1,
      367, 368, 260, -1,
      260, 368, 369, -1,
      260, 369, 298, -1,
      298, 369, 370, -1,
      370, 371, 298, -1,
      298, 371, 372, -1,
      298, 372, 296, -1,
      372, 373, 296, -1,
      296, 373, 374, -1,
      296, 374, 315, -1,
      315, 374, 375, -1,
      375, 376, 315, -1,
      315, 376, 377, -1,
      315, 377, 313, -1,
      377, 378, 313, -1,
      313, 378, 379, -1,
      313, 379, 311, -1,
      311, 379, 380, -1,
      380, 381, 311, -1,
      311, 381, 382, -1,
      311, 382, 331, -1,
      382, 383, 331, -1,
      331, 383, 384, -1,
      331, 384, 329, -1,
      329, 384, 385, -1,
      385, 386, 329, -1,
      329, 386, 387, -1,
      329, 387, 342, -1,
      387, 388, 342, -1,
      342, 388, 389, -1,
      342, 389, 340, -1,
      340, 389, 390, -1,
      340, 390, 338, -1,
      390, 391, 338, -1,
      338, 391, 392, -1,
      338, 392, 336, -1,
      392, 393, 336, -1,
      336, 393, 394, -1,
      336, 394, 320, -1,
      320, 394, 395, -1,
      395, 396, 320, -1,
      320, 396, 397, -1,
      320, 397, 318, -1,
      397, 398, 318, -1,
      318, 398, 399, -1,
      318, 399, 316, -1,
      316, 399, 400, -1,
      400, 401, 316, -1,
      316, 401, 402, -1,
      316, 402, 323, -1,
      402, 403, 323, -1,
      323, 403, 404, -1,
      323, 404, 265, -1,
      265, 404, 405, -1,
      405, 406, 265, -1,
      265, 406, 407, -1,
      265, 407, 266, -1,
      407, 408, 266, -1,
      266, 408, 409, -1,
      266, 409, 270, -1,
      270, 409, 410, -1,
      410, 411, 270, -1,
      270, 411, 412, -1,
      270, 412, 268, -1,
      412, 413, 268, -1,
      268, 413, 414, -1,
      268, 414, 280, -1,
      280, 414, 415, -1,
      416, 278, 417, -1,
      417, 278, 280, -1,
      417, 280, 418, -1,
      418, 280, 415, -1,
      416, 419, 278, -1,
      278, 419, 420, -1,
      278, 420, 303, -1,
      420, 421, 303, -1,
      303, 421, 422, -1,
      303, 422, 301, -1,
      422, 423, 301, -1,
      301, 423, 424, -1,
      301, 424, 308, -1,
      308, 424, 425, -1,
      425, 426, 308, -1,
      308, 426, 427, -1,
      308, 427, 277, -1,
      427, 428, 277, -1,
      277, 428, 429, -1,
      277, 429, 275, -1,
      275, 429, 430, -1,
      430, 431, 275, -1,
      275, 431, 432, -1,
      275, 432, 273, -1,
      432, 433, 273, -1,
      273, 433, 434, -1,
      273, 434, 259, -1,
      259, 434, 435, -1,
      259, 435, 345, -1,
    ]
  }
}

Shape {
  appearance Appearance {
    material Material {
      diffuseColor 0.5804 0.1294 0.0784
      specularColor 0.2902 0.0667 0.0392
      ambientIntensity 0.2
      transparency 0.0000
      shininess 0.5
    }
  }
  geometry IndexedFaceSet {
    ccw TRUE
    solid FALSE
    coord DEF co Coordinate {
      point [
        -0.374016 0.023760 0.609279,
        -0.374016 0.000000 0.610236,
        -0.374016 -0.011889 0.609997,
        -0.374016 -0.023760 0.609279,
        -0.374016 -0.047365 0.606413,
        -0.374016 -0.070664 0.601656,
        -0.374016 -0.093504 0.595040,
        -0.374016 -0.115738 0.586608,
        -0.374016 -0.137221 0.576414,
        -0.374016 -0.157815 0.564524,
        -0.374016 -0.177385 0.551017,
        -0.374016 -0.195804 0.535978,
        -0.374016 -0.212954 0.519505,
        -0.374016 -0.228722 0.501706,
        -0.374016 -0.243007 0.482696,
        -0.374016 -0.255716 0.462598,
        -0.374016 -0.266767 0.441543,
        -0.374016 -0.276087 0.419667,
        -0.374016 -0.283618 0.397111,
        -0.374016 -0.289308 0.374023,
        -0.374016 -0.293123 0.350552,
        -0.374016 -0.295036 0.326850,
        -0.374016 -0.295036 0.303071,
        -0.374016 -0.293123 0.279369,
        -0.374016 -0.289308 0.255898,
        -0.374016 -0.283618 0.232810,
        -0.374016 -0.276087 0.210254,
        -0.374016 -0.266767 0.188378,
        -0.374016 -0.255716 0.167323,
        -0.374016 -0.243007 0.147225,
        -0.374016 -0.228722 0.128215,
        -0.374016 -0.212954 0.110416,
        -0.374016 -0.195804 0.093944,
        -0.374016 -0.177385 0.078905,
        -0.374016 -0.157815 0.065396,
        -0.374016 -0.137221 0.053507,
        -0.374016 -0.115738 0.043313,
        -0.374016 -0.093504 0.034881,
        -0.374016 -0.070664 0.028265,
        -0.374016 -0.047365 0.023509,
        -0.374016 -0.023760 0.020643,
        -0.374016 -0.000000 0.019685,
        -0.374016 0.023760 0.020643,
        -0.374016 0.047365 0.023509,
        -0.374016 0.070664 0.028265,
        -0.374016 0.093504 0.034881,
        -0.374016 0.115738 0.043313,
        -0.374016 0.137221 0.053507,
        -0.374016 0.157815 0.065396,
        -0.374016 0.177385 0.078905,
        -0.374016 0.195804 0.093944,
        -0.374016 0.212954 0.110416,
        -0.374016 0.228722 0.128215,
        -0.374016 0.243007 0.147225,
        -0.374016 0.255716 0.167323,
        -0.374016 0.266767 0.188378,
        -0.374016 0.276087 0.210254,
        -0.374016 0.283618 0.232810,
        -0.374016 0.289308 0.255898,
        -0.374016 0.293123 0.279369,
        -0.374016 0.295036 0.303071,
        -0.374016 0.295036 0.326850,
        -0.374016 0.293123 0.350552,
        -0.374016 0.289308 0.374023,
        -0.374016 0.283618 0.397111,
        -0.374016 0.276087 0.419667,
        -0.374016 0.266767 0.441543,
        -0.374016 0.255716 0.462598,
        -0.374016 0.243007 0.482696,
        -0.374016 0.228722 0.501706,
        -0.374016 0.212954 0.519505,
        -0.374016 0.195804 0.535978,
        -0.374016 0.177385 0.551017,
        -0.374016 0.157815 0.564524,
        -0.374016 0.137221 0.576414,
        -0.374016 0.115738 0.586608,
        -0.374016 0.093504 0.595040,
        -0.374016 0.070664 0.601656,
        -0.374016 0.047365 0.606413,
        -0.452756 -0.211752 0.109172,
        -0.452756 -0.186913 0.086376,
        -0.452756 -0.177124 0.079263,
        -0.452756 -0.159638 0.066559,
        -0.452756 -0.280824 0.223715,
        -0.452756 -0.268592 0.192299,
        -0.452756 -0.266576 0.188479,
        -0.452756 -0.252859 0.162481,
        -0.452756 -0.242612 0.147495,
        -0.452756 -0.233830 0.134651,
        -0.452756 -0.212883 0.110478,
        -0.452756 -0.295155 0.323393,
        -0.452756 -0.294193 0.289693,
        -0.452756 -0.292717 0.279428,
        -0.452756 -0.289394 0.256322,
        -0.452756 -0.283240 0.232909,
        -0.452756 -0.261152 0.452756,
        -0.452756 -0.275157 0.422089,
        -0.452756 -0.275957 0.419624,
        -0.452756 -0.285575 0.390025,
        -0.452756 -0.288837 0.373928,
        -0.452756 -0.292270 0.356983,
        -0.452756 -0.294859 0.326835,
        -0.452756 -0.195645 0.535783,
        -0.452756 -0.199658 0.532502,
        -0.452756 -0.223154 0.508325,
        -0.452756 -0.228431 0.501482,
        -0.452756 -0.243742 0.481627,
        -0.452756 -0.255350 0.462377,
        -0.452756 -0.173559 0.553844,
        -0.452756 -0.157559 0.564126,
        -0.452756 -0.145197 0.572071,
        -0.452756 -0.115717 0.586565,
        -0.452756 -0.114942 0.586946,
        -0.452756 -0.083189 0.598276,
        -0.452756 0.016857 0.609755,
        -0.452756 -0.016857 0.609755,
        -0.452756 -0.070561 0.601212,
        -0.452756 -0.050351 0.605911,
        -0.452756 -0.023724 0.608967,
        -0.452756 0.114942 0.586946,
        -0.452756 0.083189 0.598276,
        -0.452756 0.070561 0.601212,
        -0.452756 0.050351 0.605911,
        -0.452756 0.023724 0.608967,
        -0.452756 0.223154 0.508325,
        -0.452756 0.199658 0.532502,
        -0.452756 0.195645 0.535783,
        -0.452756 0.173559 0.553844,
        -0.452756 0.157559 0.564126,
        -0.452756 0.145197 0.572071,
        -0.452756 0.115717 0.586565,
        -0.452756 0.275157 0.422089,
        -0.452756 0.261152 0.452756,
        -0.452756 0.255350 0.462377,
        -0.452756 0.243742 0.481627,
        -0.452756 0.228431 0.501482,
        -0.452756 0.294193 0.289693,
        -0.452756 0.295155 0.323393,
        -0.452756 0.294859 0.326835,
        -0.452756 0.292270 0.356983,
        -0.452756 0.288837 0.373928,
        -0.452756 0.285575 0.390025,
        -0.452756 0.275957 0.419624,
        -0.452756 0.268592 0.192299,
        -0.452756 0.280824 0.223715,
        -0.452756 0.283240 0.232909,
        -0.452756 0.289394 0.256322,
        -0.452756 0.292717 0.279428,
        -0.452756 0.211752 0.109172,
        -0.452756 0.212883 0.110478,
        -0.452756 0.233830 0.134651,
        -0.452756 0.242612 0.147495,
        -0.452756 0.252859 0.162481,
        -0.452756 0.266576 0.188479,
        -0.452756 0.099227 0.036857,
        -0.452756 0.130282 0.049981,
        -0.452756 0.137053 0.053805,
        -0.452756 0.159638 0.066559,
        -0.452756 0.177124 0.079263,
        -0.452756 0.186913 0.086376,
        -0.452756 -0.137053 0.053805,
        -0.452756 -0.130282 0.049981,
        -0.452756 -0.099227 0.036857,
        -0.452756 -0.093424 0.035153,
        -0.452756 -0.066879 0.027359,
        -0.452756 -0.047286 0.023968,
        -0.452756 -0.033659 0.021610,
        -0.452756 0.000000 0.019685,
        -0.452756 0.033659 0.021610,
        -0.452756 0.047286 0.023968,
        -0.452756 0.066879 0.027359,
        -0.452756 0.093424 0.035153,
      ]
    }
    coordIndex [
      31, 79, 32, -1,
      32, 79, 80, -1,
      32, 80, 33, -1,
      33, 80, 81, -1,
      33, 81, 34, -1,
      34, 81, 82, -1,
      34, 82, 35, -1,
      25, 83, 26, -1,
      26, 83, 84, -1,
      26, 84, 27, -1,
      27, 84, 85, -1,
      27, 85, 28, -1,
      28, 85, 86, -1,
      28, 86, 29, -1,
      29, 86, 87, -1,
      29, 87, 30, -1,
      30, 87, 88, -1,
      30, 88, 31, -1,
      31, 88, 89, -1,
      31, 89, 79, -1,
      21, 90, 22, -1,
      22, 90, 91, -1,
      22, 91, 23, -1,
      23, 91, 92, -1,
      23, 92, 24, -1,
      24, 92, 93, -1,
      24, 93, 25, -1,
      25, 93, 94, -1,
      25, 94, 83, -1,
      15, 95, 16, -1,
      16, 95, 96, -1,
      16, 96, 17, -1,
      17, 96, 97, -1,
      17, 97, 18, -1,
      18, 97, 98, -1,
      18, 98, 19, -1,
      19, 98, 99, -1,
      19, 99, 20, -1,
      20, 99, 100, -1,
      20, 100, 21, -1,
      21, 100, 101, -1,
      21, 101, 90, -1,
      11, 102, 103, -1,
      11, 103, 12, -1,
      12, 103, 104, -1,
      12, 104, 13, -1,
      13, 104, 105, -1,
      13, 105, 14, -1,
      14, 105, 106, -1,
      14, 106, 15, -1,
      15, 106, 107, -1,
      15, 107, 95, -1,
      102, 11, 108, -1,
      108, 11, 10, -1,
      108, 10, 109, -1,
      109, 10, 9, -1,
      109, 9, 110, -1,
      110, 9, 8, -1,
      110, 8, 111, -1,
      111, 8, 7, -1,
      111, 7, 112, -1,
      112, 7, 6, -1,
      112, 6, 113, -1,
      0, 114, 1, -1,
      1, 114, 115, -1,
      113, 6, 116, -1,
      116, 6, 5, -1,
      116, 5, 117, -1,
      117, 5, 4, -1,
      117, 4, 118, -1,
      118, 4, 3, -1,
      118, 3, 115, -1,
      115, 3, 2, -1,
      115, 2, 1, -1,
      75, 119, 76, -1,
      76, 119, 120, -1,
      76, 120, 77, -1,
      77, 120, 121, -1,
      77, 121, 78, -1,
      78, 121, 122, -1,
      78, 122, 0, -1,
      0, 122, 123, -1,
      0, 123, 114, -1,
      69, 124, 70, -1,
      70, 124, 125, -1,
      70, 125, 71, -1,
      71, 125, 126, -1,
      71, 126, 72, -1,
      72, 126, 127, -1,
      72, 127, 73, -1,
      73, 127, 128, -1,
      73, 128, 74, -1,
      74, 128, 129, -1,
      74, 129, 75, -1,
      75, 129, 130, -1,
      75, 130, 119, -1,
      65, 131, 66, -1,
      66, 131, 132, -1,
      66, 132, 67, -1,
      67, 132, 133, -1,
      67, 133, 68, -1,
      68, 133, 134, -1,
      68, 134, 69, -1,
      69, 134, 135, -1,
      69, 135, 124, -1,
      59, 136, 60, -1,
      60, 136, 137, -1,
      60, 137, 61, -1,
      61, 137, 138, -1,
      61, 138, 62, -1,
      62, 138, 139, -1,
      62, 139, 63, -1,
      63, 139, 140, -1,
      63, 140, 64, -1,
      64, 140, 141, -1,
      64, 141, 65, -1,
      65, 141, 142, -1,
      65, 142, 131, -1,
      55, 143, 56, -1,
      56, 143, 144, -1,
      56, 144, 57, -1,
      57, 144, 145, -1,
      57, 145, 58, -1,
      58, 145, 146, -1,
      58, 146, 59, -1,
      59, 146, 147, -1,
      59, 147, 136, -1,
      50, 148, 51, -1,
      51, 148, 149, -1,
      51, 149, 52, -1,
      52, 149, 150, -1,
      52, 150, 53, -1,
      53, 150, 151, -1,
      53, 151, 54, -1,
      54, 151, 152, -1,
      54, 152, 55, -1,
      55, 152, 153, -1,
      55, 153, 143, -1,
      45, 154, 46, -1,
      46, 154, 155, -1,
      46, 155, 47, -1,
      47, 155, 156, -1,
      47, 156, 48, -1,
      48, 156, 157, -1,
      48, 157, 49, -1,
      49, 157, 158, -1,
      49, 158, 50, -1,
      50, 158, 159, -1,
      50, 159, 148, -1,
      82, 160, 35, -1,
      35, 160, 161, -1,
      35, 161, 36, -1,
      36, 161, 162, -1,
      36, 162, 37, -1,
      37, 162, 163, -1,
      37, 163, 38, -1,
      38, 163, 164, -1,
      38, 164, 39, -1,
      39, 164, 165, -1,
      39, 165, 40, -1,
      40, 165, 166, -1,
      40, 166, 41, -1,
      41, 166, 167, -1,
      41, 167, 42, -1,
      42, 167, 168, -1,
      42, 168, 43, -1,
      43, 168, 169, -1,
      43, 169, 44, -1,
      44, 169, 170, -1,
      44, 170, 45, -1,
      45, 170, 171, -1,
      45, 171, 154, -1,
    ]
  }
}

Shape {
  appearance Appearance {
    material Material {
      diffuseColor 0.7686 0.7686 0.7686
      specularColor 0.6157 0.6157 0.6157
      ambientIntensity 0.2
      transparency 0.0000
      shininess 0.5
    }
  }
  geometry IndexedFaceSet {
    ccw TRUE
    solid FALSE
    coord DEF co Coordinate {
      point [
        0.630315 -0.034648 0.001911,
        0.512205 -0.034648 0.001911,
        0.630315 0.000000 -0.000000,
        0.512205 0.000000 -0.000000,
        0.630315 0.034648 0.001911,
        0.512205 0.034648 0.001911,
        0.630315 0.049194 0.004339,
        0.512205 0.049194 0.004339,
        0.630315 0.068876 0.007623,
        0.512205 0.068876 0.007623,
        0.630315 0.097262 0.015650,
        0.512205 0.097262 0.015650,
        0.630315 0.102268 0.017065,
        0.512205 0.102268 0.017065,
        0.630315 0.134418 0.030124,
        0.512205 0.134418 0.030124,
        0.630315 0.142807 0.034664,
        0.512205 0.142807 0.034664,
        0.630315 0.164936 0.046639,
        0.512205 0.164936 0.046639,
        0.630315 0.184900 0.060482,
        0.512205 0.184900 0.060482,
        0.630315 0.193453 0.066413,
        0.512205 0.193453 0.066413,
        0.630315 0.219621 0.089202,
        0.512205 0.219621 0.089202,
        0.630315 0.222557 0.092391,
        0.512205 0.222557 0.092391,
        0.630315 0.243123 0.114733,
        0.512205 0.243123 0.114733,
        0.630315 0.254427 0.130112,
        0.512205 0.254427 0.130112,
        0.630315 0.263674 0.142693,
        0.512205 0.263674 0.142693,
        0.630315 0.280592 0.171995,
        0.512205 0.280592 0.171995,
        0.630315 0.281025 0.172745,
        0.512205 0.281025 0.172745,
        0.630315 0.294964 0.204524,
        0.512205 0.294964 0.204524,
        0.630315 0.299107 0.217770,
        0.512205 0.299107 0.217770,
        0.630315 0.305323 0.237643,
        0.512205 0.305323 0.237643,
        0.630315 0.310812 0.265743,
        0.512205 0.310812 0.265743,
        0.630315 0.311976 0.271700,
        0.512205 0.311976 0.271700,
        0.630315 0.314841 0.306282,
        0.512205 0.314841 0.306282,
        0.630315 0.314602 0.314951,
        0.512205 0.314602 0.314951,
        0.630315 0.313885 0.340970,
        0.512205 0.313885 0.340970,
        0.630315 0.310667 0.364174,
        0.512205 0.310667 0.364174,
        0.630315 0.309119 0.375342,
        0.512205 0.309119 0.375342,
        0.630315 0.300600 0.408981,
        0.512205 0.300600 0.408981,
        0.630315 0.299384 0.412228,
        0.512205 0.299384 0.412228,
        0.630315 0.288433 0.441479,
        0.512205 0.288433 0.441479,
        0.630315 0.280206 0.457734,
        0.512205 0.280206 0.457734,
        0.630315 0.272764 0.472441,
        0.512205 0.272764 0.472441,
        0.630315 0.254732 0.500040,
        0.512205 0.254732 0.500040,
        0.630315 0.253784 0.501491,
        0.512205 0.253784 0.501491,
        0.630315 0.231724 0.528278,
        0.512205 0.231724 0.528278,
        0.630315 0.222398 0.537350,
        0.512205 0.222398 0.537350,
        0.630315 0.206851 0.552474,
        0.512205 0.206851 0.552474,
        0.630315 0.184941 0.569528,
        0.512205 0.184941 0.569528,
        0.630315 0.179467 0.573788,
        0.512205 0.179467 0.573788,
        0.630315 0.149905 0.591960,
        0.512205 0.149905 0.591960,
        0.630315 0.142847 0.595291,
        0.512205 0.142847 0.595291,
        0.630315 0.118523 0.606770,
        0.512205 0.118523 0.606770,
        0.630315 0.097187 0.614094,
        0.512205 0.097187 0.614094,
        0.630315 0.085702 0.618037,
        0.512205 0.085702 0.618037,
        0.630315 0.051841 0.625626,
        0.512205 0.051841 0.625626,
        0.630315 0.049256 0.625912,
        0.512205 0.049256 0.625912,
        0.630315 0.017350 0.629443,
        0.512205 0.017350 0.629443,
        0.630315 -0.000000 0.629443,
        0.512205 -0.000000 0.629443,
        0.630315 -0.017350 0.629443,
        0.512205 -0.017350 0.629443,
        0.630315 -0.049256 0.625912,
        0.512205 -0.049256 0.625912,
        0.630315 -0.051841 0.625626,
        0.512205 -0.051841 0.625626,
        0.630315 -0.085702 0.618037,
        0.512205 -0.085702 0.618037,
        0.630315 -0.097187 0.614094,
        0.512205 -0.097187 0.614094,
        0.630315 -0.118523 0.606770,
        0.512205 -0.118523 0.606770,
        0.630315 -0.142847 0.595291,
        0.512205 -0.142847 0.595291,
        0.630315 -0.149905 0.591960,
        0.512205 -0.149905 0.591960,
        0.630315 -0.179467 0.573788,
        0.512205 -0.179467 0.573788,
        0.630315 -0.184941 0.569528,
        0.512205 -0.184941 0.569528,
        0.630315 -0.206851 0.552474,
        0.512205 -0.206851 0.552474,
        0.630315 -0.222398 0.537350,
        0.512205 -0.222398 0.537350,
        0.630315 -0.231724 0.528278,
        0.512205 -0.231724 0.528278,
        0.630315 -0.253784 0.501491,
        0.512205 -0.253784 0.501491,
        0.630315 -0.254732 0.500040,
        0.512205 -0.254732 0.500040,
        0.630315 -0.272764 0.472441,
        0.512205 -0.272764 0.472441,
        0.630315 -0.280206 0.457734,
        0.512205 -0.280206 0.457734,
        0.630315 -0.288433 0.441479,
        0.512205 -0.288433 0.441479,
        0.630315 -0.299384 0.412228,
        0.512205 -0.299384 0.412228,
        0.630315 -0.300600 0.408981,
        0.512205 -0.300600 0.408981,
        0.630315 -0.309119 0.375342,
        0.512205 -0.309119 0.375342,
        0.630315 -0.310667 0.364174,
        0.512205 -0.310667 0.364174,
        0.630315 -0.313885 0.340970,
        0.512205 -0.313885 0.340970,
        0.630315 -0.314602 0.314951,
        0.512205 -0.314602 0.314951,
        0.630315 -0.314841 0.306282,
        0.512205 -0.314841 0.306282,
        0.630315 -0.311976 0.271700,
        0.512205 -0.311976 0.271700,
        0.630315 -0.310812 0.265743,
        0.512205 -0.310812 0.265743,
        0.630315 -0.305323 0.237643,
        0.512205 -0.305323 0.237643,
        0.630315 -0.299107 0.217770,
        0.512205 -0.299107 0.217770,
        0.630315 -0.294964 0.204524,
        0.512205 -0.294964 0.204524,
        0.630315 -0.281025 0.172745,
        0.512205 -0.281025 0.172745,
        0.630315 -0.280592 0.171995,
        0.512205 -0.280592 0.171995,
        0.630315 -0.263674 0.142693,
        0.512205 -0.263674 0.142693,
        0.630315 -0.254427 0.130112,
        0.512205 -0.254427 0.130112,
        0.630315 -0.243123 0.114733,
        0.512205 -0.243123 0.114733,
        0.630315 -0.222557 0.092391,
        0.512205 -0.222557 0.092391,
        0.630315 -0.219621 0.089202,
        0.512205 -0.219621 0.089202,
        0.630315 -0.193453 0.066413,
        0.512205 -0.193453 0.066413,
        0.630315 -0.184900 0.060482,
        0.512205 -0.184900 0.060482,
        0.630315 -0.164936 0.046639,
        0.512205 -0.164936 0.046639,
        0.630315 -0.142807 0.034664,
        0.512205 -0.142807 0.034664,
        0.630315 -0.134418 0.030124,
        0.512205 -0.134418 0.030124,
        0.630315 -0.102268 0.017065,
        0.512205 -0.102268 0.017065,
        0.630315 -0.097262 0.015650,
        0.512205 -0.097262 0.015650,
        0.630315 -0.068876 0.007623,
        0.512205 -0.068876 0.007623,
        0.630315 -0.049194 0.004339,
        0.512205 -0.049194 0.004339,
        0.650000 -0.064571 0.026832,
        0.650000 -0.032483 0.021477,
        0.650000 -0.000000 0.019685,
        0.650000 0.032483 0.021477,
        0.650000 -0.154628 0.063409,
        0.650000 -0.126017 0.047926,
        0.650000 -0.095876 0.035684,
        0.650000 -0.227928 0.127247,
        0.650000 -0.205895 0.103312,
        0.650000 -0.181362 0.081947,
        0.650000 -0.276529 0.211426,
        0.650000 -0.263461 0.181634,
        0.650000 -0.247195 0.153460,
        0.650000 -0.295163 0.306824,
        0.650000 -0.292477 0.274404,
        0.650000 -0.286240 0.242475,
        0.650000 -0.281813 0.403105,
        0.650000 -0.289799 0.371568,
        0.650000 -0.294267 0.339344,
        0.650000 -0.237923 0.489833,
        0.650000 -0.255716 0.462598,
        0.650000 -0.270406 0.433572,
        0.650000 -0.168250 0.557611,
        0.650000 -0.193923 0.537630,
        0.650000 -0.217241 0.514945,
        0.650000 -0.080346 0.599095,
        0.650000 -0.111115 0.588532,
        0.650000 -0.140536 0.574648,
        0.650000 0.016266 0.609788,
        0.650000 -0.016266 0.609788,
        0.650000 -0.048601 0.606209,
        0.650000 0.111115 0.588532,
        0.650000 0.080346 0.599095,
        0.650000 0.048601 0.606209,
        0.650000 0.193923 0.537630,
        0.650000 0.168250 0.557611,
        0.650000 0.140536 0.574648,
        0.650000 0.255716 0.462598,
        0.650000 0.237923 0.489833,
        0.650000 0.217241 0.514945,
        0.650000 0.289799 0.371568,
        0.650000 0.281813 0.403105,
        0.650000 0.270406 0.433572,
        0.650000 0.292477 0.274404,
        0.650000 0.295163 0.306824,
        0.650000 0.294267 0.339344,
        0.650000 0.263461 0.181634,
        0.650000 0.276529 0.211426,
        0.650000 0.286240 0.242475,
        0.650000 0.205895 0.103312,
        0.650000 0.227928 0.127247,
        0.650000 0.247195 0.153460,
        0.650000 0.126017 0.047926,
        0.650000 0.154628 0.063409,
        0.650000 0.181362 0.081947,
        0.650000 0.064571 0.026832,
        0.650000 0.095876 0.035684,
        0.492520 -0.217241 0.514945,
        0.492520 -0.193923 0.537630,
        0.492520 0.140536 0.574648,
        0.492520 0.168250 0.557611,
        0.492520 -0.016266 0.609788,
        0.492520 -0.048601 0.606209,
        0.492520 -0.168250 0.557611,
        0.492520 -0.140536 0.574648,
        0.492520 -0.111115 0.588532,
        0.492520 -0.080346 0.599095,
        0.492520 0.255716 0.462598,
        0.492520 0.270406 0.433572,
        0.492520 0.193923 0.537630,
        0.492520 0.217241 0.514945,
        0.492520 0.237923 0.489833,
        0.492520 -0.255716 0.462598,
        0.492520 -0.237923 0.489833,
        0.492520 -0.205895 0.103312,
        0.492520 -0.227928 0.127247,
        0.492520 -0.126017 0.047926,
        0.492520 -0.154628 0.063409,
        0.492520 -0.181362 0.081947,
        0.492520 0.016266 0.609788,
        0.492520 0.048601 0.606209,
        0.492520 0.080346 0.599095,
        0.492520 0.111115 0.588532,
        0.492520 -0.247195 0.153460,
        0.492520 -0.263461 0.181634,
        0.492520 -0.276529 0.211426,
        0.492520 0.292477 0.274404,
        0.492520 0.286240 0.242475,
        0.492520 0.281813 0.403105,
        0.492520 0.289799 0.371568,
        0.492520 0.294267 0.339344,
        0.492520 0.295163 0.306824,
        0.492520 -0.289799 0.371568,
        0.492520 -0.281813 0.403105,
        0.492520 -0.270406 0.433572,
        0.492520 -0.286240 0.242475,
        0.492520 -0.292477 0.274404,
        0.492520 -0.295163 0.306824,
        0.492520 -0.294267 0.339344,
        0.492520 -0.032483 0.021477,
        0.492520 -0.064571 0.026832,
        0.492520 -0.095876 0.035684,
        0.492520 0.032483 0.021477,
        0.492520 0.000000 0.019685,
        0.492520 0.126017 0.047926,
        0.492520 0.095876 0.035684,
        0.492520 0.064571 0.026832,
        0.492520 0.276529 0.211426,
        0.492520 0.263461 0.181634,
        0.492520 0.247195 0.153460,
        0.492520 0.227928 0.127247,
        0.492520 0.205895 0.103312,
        0.492520 0.181362 0.081947,
        0.492520 0.154628 0.063409,
        -0.650000 -0.064571 0.603089,
        -0.650000 -0.032483 0.608444,
        -0.650000 -0.000000 0.610236,
        -0.650000 0.032483 0.608444,
        -0.650000 -0.154628 0.566512,
        -0.650000 -0.126017 0.581995,
        -0.650000 -0.095876 0.594237,
        -0.650000 -0.227928 0.502674,
        -0.650000 -0.205895 0.526609,
        -0.650000 -0.181362 0.547974,
        -0.650000 -0.276529 0.418495,
        -0.650000 -0.263461 0.448287,
        -0.650000 -0.247195 0.476461,
        -0.650000 -0.295163 0.323097,
        -0.650000 -0.292477 0.355518,
        -0.650000 -0.286240 0.387446,
        -0.650000 -0.281813 0.226817,
        -0.650000 -0.289799 0.258353,
        -0.650000 -0.294267 0.290577,
        -0.650000 -0.237923 0.140088,
        -0.650000 -0.255716 0.167323,
        -0.650000 -0.270406 0.196350,
        -0.650000 -0.168250 0.072310,
        -0.650000 -0.193923 0.092291,
        -0.650000 -0.217241 0.114976,
        -0.650000 -0.080346 0.030826,
        -0.650000 -0.111115 0.041389,
        -0.650000 -0.140536 0.055274,
        -0.650000 0.016266 0.020133,
        -0.650000 -0.016266 0.020133,
        -0.650000 -0.048601 0.023712,
        -0.650000 0.111115 0.041389,
        -0.650000 0.080346 0.030826,
        -0.650000 0.048601 0.023712,
        -0.650000 0.193923 0.092291,
        -0.650000 0.168250 0.072310,
        -0.650000 0.140536 0.055274,
        -0.650000 0.255716 0.167323,
        -0.650000 0.237923 0.140088,
        -0.650000 0.217241 0.114976,
        -0.650000 0.289799 0.258353,
        -0.650000 0.281813 0.226817,
        -0.650000 0.270406 0.196350,
        -0.650000 0.292477 0.355518,
        -0.650000 0.295163 0.323097,
        -0.650000 0.294267 0.290577,
        -0.650000 0.263461 0.448287,
        -0.650000 0.276529 0.418495,
        -0.650000 0.286240 0.387446,
        -0.650000 0.205895 0.526609,
        -0.650000 0.227928 0.502674,
        -0.650000 0.247195 0.476461,
        -0.650000 0.126017 0.581995,
        -0.650000 0.154628 0.566512,
        -0.650000 0.181362 0.547974,
        -0.650000 0.064571 0.603089,
        -0.650000 0.095876 0.594237,
        -0.630315 0.017350 0.000478,
        -0.512205 0.017350 0.000478,
        -0.630315 -0.000000 0.000478,
        -0.512205 0.000000 0.000478,
        -0.630315 -0.017350 0.000478,
        -0.512205 -0.017350 0.000478,
        -0.630315 -0.049256 0.004009,
        -0.512205 -0.049256 0.004009,
        -0.630315 -0.051841 0.004296,
        -0.512205 -0.051841 0.004296,
        -0.630315 -0.085702 0.011884,
        -0.512205 -0.085702 0.011884,
        -0.630315 -0.097187 0.015827,
        -0.512205 -0.097187 0.015827,
        -0.630315 -0.118523 0.023152,
        -0.512205 -0.118523 0.023152,
        -0.630315 -0.142847 0.034630,
        -0.512205 -0.142847 0.034630,
        -0.630315 -0.149905 0.037961,
        -0.512205 -0.149905 0.037961,
        -0.630315 -0.179467 0.056133,
        -0.512205 -0.179467 0.056133,
        -0.630315 -0.184941 0.060394,
        -0.512205 -0.184941 0.060394,
        -0.630315 -0.206851 0.077447,
        -0.512205 -0.206851 0.077447,
        -0.630315 -0.222398 0.092571,
        -0.512205 -0.222398 0.092571,
        -0.630315 -0.231724 0.101644,
        -0.512205 -0.231724 0.101644,
        -0.630315 -0.253784 0.128430,
        -0.512205 -0.253784 0.128430,
        -0.630315 -0.254732 0.129881,
        -0.512205 -0.254732 0.129881,
        -0.630315 -0.272764 0.157480,
        -0.512205 -0.272764 0.157480,
        -0.630315 -0.280206 0.172187,
        -0.512205 -0.280206 0.172187,
        -0.630315 -0.288433 0.188443,
        -0.512205 -0.288433 0.188443,
        -0.630315 -0.299384 0.217693,
        -0.512205 -0.299384 0.217693,
        -0.630315 -0.300600 0.220940,
        -0.512205 -0.300600 0.220940,
        -0.630315 -0.309119 0.254579,
        -0.512205 -0.309119 0.254579,
        -0.630315 -0.310667 0.265748,
        -0.512205 -0.310667 0.265748,
        -0.630315 -0.313885 0.288951,
        -0.512205 -0.313885 0.288951,
        -0.630315 -0.314602 0.314970,
        -0.512205 -0.314602 0.314970,
        -0.630315 -0.314841 0.323639,
        -0.512205 -0.314841 0.323639,
        -0.630315 -0.311976 0.358222,
        -0.512205 -0.311976 0.358222,
        -0.630315 -0.310812 0.364178,
        -0.512205 -0.310812 0.364178,
        -0.630315 -0.305323 0.392279,
        -0.512205 -0.305323 0.392279,
        -0.630315 -0.299107 0.412152,
        -0.512205 -0.299107 0.412152,
        -0.630315 -0.294964 0.425398,
        -0.512205 -0.294964 0.425398,
        -0.630315 -0.281025 0.457176,
        -0.512205 -0.281025 0.457176,
        -0.630315 -0.280592 0.457926,
        -0.512205 -0.280592 0.457926,
        -0.630315 -0.263674 0.487228,
        -0.512205 -0.263674 0.487228,
        -0.630315 -0.254427 0.499809,
        -0.512205 -0.254427 0.499809,
        -0.630315 -0.243123 0.515189,
        -0.512205 -0.243123 0.515189,
        -0.630315 -0.222557 0.537530,
        -0.512205 -0.222557 0.537530,
        -0.630315 -0.219621 0.540719,
        -0.512205 -0.219621 0.540719,
        -0.630315 -0.193453 0.563509,
        -0.512205 -0.193453 0.563509,
        -0.630315 -0.184900 0.569439,
        -0.512205 -0.184900 0.569439,
        -0.630315 -0.164936 0.583282,
        -0.512205 -0.164936 0.583282,
        -0.630315 -0.142807 0.595257,
        -0.512205 -0.142807 0.595257,
        -0.630315 -0.134418 0.599798,
        -0.512205 -0.134418 0.599798,
        -0.630315 -0.102268 0.612856,
        -0.512205 -0.102268 0.612856,
        -0.630315 -0.097262 0.614271,
        -0.512205 -0.097262 0.614271,
        -0.630315 -0.068876 0.622298,
        -0.512205 -0.068876 0.622298,
        -0.630315 -0.049194 0.625582,
        -0.512205 -0.049194 0.625582,
        -0.630315 -0.034648 0.628010,
        -0.512205 -0.034648 0.628010,
        -0.630315 0.000000 0.629921,
        -0.512205 0.000000 0.629921,
        -0.630315 0.034648 0.628010,
        -0.512205 0.034648 0.628010,
        -0.630315 0.049194 0.625582,
        -0.512205 0.049194 0.625582,
        -0.630315 0.068876 0.622298,
        -0.512205 0.068876 0.622298,
        -0.630315 0.097262 0.614271,
        -0.512205 0.097262 0.614271,
        -0.630315 0.102268 0.612856,
        -0.512205 0.102268 0.612856,
        -0.630315 0.134418 0.599798,
        -0.512205 0.134418 0.599798,
        -0.630315 0.142807 0.595257,
        -0.512205 0.142807 0.595257,
        -0.630315 0.164936 0.583282,
        -0.512205 0.164936 0.583282,
        -0.630315 0.184900 0.569439,
        -0.512205 0.184900 0.569439,
        -0.630315 0.193453 0.563509,
        -0.512205 0.193453 0.563509,
        -0.630315 0.219621 0.540719,
        -0.512205 0.219621 0.540719,
        -0.630315 0.222557 0.537530,
        -0.512205 0.222557 0.537530,
        -0.630315 0.243123 0.515189,
        -0.512205 0.243123 0.515189,
        -0.630315 0.254427 0.499809,
        -0.512205 0.254427 0.499809,
        -0.630315 0.263674 0.487228,
        -0.512205 0.263674 0.487228,
        -0.630315 0.280592 0.457926,
        -0.512205 0.280592 0.457926,
        -0.630315 0.281025 0.457176,
        -0.512205 0.281025 0.457176,
        -0.630315 0.294964 0.425398,
        -0.512205 0.294964 0.425398,
        -0.630315 0.299107 0.412152,
        -0.512205 0.299107 0.412152,
        -0.630315 0.305323 0.392279,
        -0.512205 0.305323 0.392279,
        -0.630315 0.310812 0.364178,
        -0.512205 0.310812 0.364178,
        -0.630315 0.311976 0.358222,
        -0.512205 0.311976 0.358222,
        -0.630315 0.314841 0.323639,
        -0.512205 0.314841 0.323639,
        -0.630315 0.314602 0.314970,
        -0.512205 0.314602 0.314970,
        -0.630315 0.313885 0.288951,
        -0.512205 0.313885 0.288951,
        -0.630315 0.310667 0.265748,
        -0.512205 0.310667 0.265748,
        -0.630315 0.309119 0.254579,
        -0.512205 0.309119 0.254579,
        -0.630315 0.300600 0.220940,
        -0.512205 0.300600 0.220940,
        -0.630315 0.299384 0.217693,
        -0.512205 0.299384 0.217693,
        -0.630315 0.288433 0.188443,
        -0.512205 0.288433 0.188443,
        -0.630315 0.280206 0.172187,
        -0.512205 0.280206 0.172187,
        -0.630315 0.272764 0.157480,
        -0.512205 0.272764 0.157480,
        -0.630315 0.254732 0.129881,
        -0.512205 0.254732 0.129881,
        -0.630315 0.253784 0.128430,
        -0.512205 0.253784 0.128430,
        -0.630315 0.231724 0.101644,
        -0.512205 0.231724 0.101644,
        -0.630315 0.222398 0.092571,
        -0.512205 0.222398 0.092571,
        -0.630315 0.206851 0.077447,
        -0.512205 0.206851 0.077447,
        -0.630315 0.184941 0.060394,
        -0.512205 0.184941 0.060394,
        -0.630315 0.179467 0.056133,
        -0.512205 0.179467 0.056133,
        -0.630315 0.149905 0.037961,
        -0.512205 0.149905 0.037961,
        -0.630315 0.142847 0.034630,
        -0.512205 0.142847 0.034630,
        -0.630315 0.118523 0.023152,
        -0.512205 0.118523 0.023152,
        -0.630315 0.097187 0.015827,
        -0.512205 0.097187 0.015827,
        -0.630315 0.085702 0.011884,
        -0.512205 0.085702 0.011884,
        -0.630315 0.051841 0.004296,
        -0.512205 0.051841 0.004296,
        -0.630315 0.049256 0.004009,
        -0.512205 0.049256 0.004009,
        -0.492520 -0.281813 0.226817,
        -0.492520 -0.270406 0.196350,
        -0.492520 -0.080346 0.030826,
        -0.492520 -0.048601 0.023712,
        -0.492520 -0.295163 0.323097,
        -0.492520 -0.294267 0.290577,
        -0.492520 -0.289799 0.258353,
        -0.492520 0.276529 0.418495,
        -0.492520 0.295163 0.323097,
        -0.492520 0.292477 0.355518,
        -0.492520 0.286240 0.387446,
        -0.492520 0.080346 0.030826,
        -0.492520 0.111115 0.041389,
        -0.492520 0.281813 0.226817,
        -0.492520 0.289799 0.258353,
        -0.492520 0.294267 0.290577,
        -0.492520 -0.016266 0.020133,
        -0.492520 0.016266 0.020133,
        -0.492520 0.048601 0.023712,
        -0.492520 -0.168250 0.072310,
        -0.492520 -0.140536 0.055274,
        -0.492520 -0.111115 0.041389,
        -0.492520 -0.255716 0.167323,
        -0.492520 -0.237923 0.140088,
        -0.492520 -0.217241 0.114976,
        -0.492520 -0.193923 0.092291,
        -0.492520 -0.276529 0.418495,
        -0.492520 -0.286240 0.387446,
        -0.492520 -0.292477 0.355518,
        -0.492520 0.237923 0.140088,
        -0.492520 0.255716 0.167323,
        -0.492520 0.270406 0.196350,
        -0.492520 0.140536 0.055274,
        -0.492520 0.168250 0.072310,
        -0.492520 0.193923 0.092291,
        -0.492520 0.217241 0.114976,
        -0.492520 -0.181362 0.547974,
        -0.492520 -0.205895 0.526609,
        -0.492520 0.181362 0.547974,
        -0.492520 0.154628 0.566512,
        -0.492520 0.263461 0.448287,
        -0.492520 0.247195 0.476461,
        -0.492520 0.227928 0.502674,
        -0.492520 0.205895 0.526609,
        -0.492520 -0.227928 0.502674,
        -0.492520 -0.247195 0.476461,
        -0.492520 -0.263461 0.448287,
        -0.492520 -0.095876 0.594237,
        -0.492520 -0.126017 0.581995,
        -0.492520 -0.154628 0.566512,
        -0.492520 0.126017 0.581995,
        -0.492520 0.095876 0.594237,
        -0.492520 0.064571 0.603089,
        -0.492520 0.032483 0.608444,
        -0.492520 0.000000 0.610236,
        -0.492520 -0.032483 0.608444,
        -0.492520 -0.064571 0.603089,
        0.507110 -0.193041 0.066942,
        0.507110 -0.164585 0.047211,
        0.507110 -0.134131 0.030730,
        0.507110 -0.102050 0.017700,
        0.507110 -0.219153 0.089683,
        0.507110 -0.242606 0.115159,
        0.507110 -0.263113 0.143060,
        0.507110 -0.280426 0.173048,
        0.507110 -0.294336 0.204759,
        0.507110 -0.304673 0.237807,
        0.507110 -0.311311 0.271792,
        0.507110 -0.314170 0.306300,
        0.507110 -0.313217 0.340915,
        0.507110 -0.308460 0.375213,
        0.507110 -0.272183 0.472106,
        0.507110 -0.287818 0.441209,
        0.507110 -0.299960 0.408781,
        0.507110 -0.253244 0.501094,
        0.507110 -0.231231 0.527823,
        0.507110 -0.206411 0.551969,
        0.507110 -0.179085 0.573237,
        0.507110 -0.149585 0.591370,
        0.507110 -0.118270 0.606148,
        0.507110 -0.085519 0.617392,
        0.507110 0.017313 0.628773,
        0.507110 -0.017313 0.628773,
        0.507110 -0.051730 0.624964,
        0.507110 0.051730 0.624964,
        0.507110 0.085519 0.617392,
        0.507110 0.118270 0.606148,
        0.507110 0.149585 0.591370,
        0.507110 0.179085 0.573237,
        0.507110 0.206411 0.551969,
        0.507110 0.231231 0.527823,
        0.507110 0.253244 0.501094,
        0.507110 0.272183 0.472106,
        0.507110 0.287818 0.441209,
        0.507110 0.299960 0.408781,
        0.507110 0.308460 0.375213,
        0.507110 0.313217 0.340915,
        0.507110 0.314170 0.306300,
        0.507110 0.311311 0.271792,
        0.507110 0.304673 0.237807,
        0.507110 0.294336 0.204759,
        0.507110 0.280426 0.173048,
        0.507110 0.263113 0.143060,
        0.507110 0.242606 0.115159,
        0.507110 0.219153 0.089683,
        0.507110 0.193041 0.066942,
        0.507110 0.164585 0.047211,
        0.507110 0.134131 0.030730,
        0.507110 0.102050 0.017700,
        0.507110 0.068729 0.008278,
        0.507110 0.034574 0.002578,
        0.507110 0.000000 0.000671,
        0.507110 -0.034574 0.002578,
        0.507110 -0.068729 0.008278,
        0.502362 0.034358 0.004533,
        0.502362 0.068299 0.010196,
        0.502362 0.101411 0.019560,
        0.502362 0.133292 0.032509,
        0.502362 0.163555 0.048886,
        0.502362 0.191833 0.068494,
        0.502362 0.217782 0.091093,
        0.502362 0.241087 0.116409,
        0.502362 0.261467 0.144136,
        0.502362 0.278672 0.173936,
        0.502362 0.292494 0.205448,
        0.502362 0.302766 0.238290,
        0.502362 0.309363 0.272062,
        0.502362 0.312205 0.306355,
        0.502362 0.311257 0.340752,
        0.502362 0.306530 0.374836,
        0.502362 0.298083 0.408194,
        0.502362 0.286017 0.440419,
        0.502362 0.270480 0.471122,
        0.502362 0.251659 0.499930,
        0.502362 0.229784 0.526491,
        0.502362 0.205119 0.550486,
        0.502362 0.177964 0.571621,
        0.502362 0.148650 0.589641,
        0.502362 0.117530 0.604326,
        0.502362 0.084984 0.615499,
        0.502362 0.051407 0.623024,
        0.502362 0.017205 0.626810,
        0.502362 -0.017205 0.626810,
        0.502362 -0.051407 0.623024,
        0.502362 -0.084984 0.615499,
        0.502362 -0.117530 0.604326,
        0.502362 -0.148650 0.589641,
        0.502362 -0.177964 0.571621,
        0.502362 -0.205119 0.550486,
        0.502362 -0.229784 0.526491,
        0.502362 -0.251659 0.499930,
        0.502362 -0.270480 0.471122,
        0.502362 -0.286017 0.440419,
        0.502362 -0.298083 0.408194,
        0.502362 -0.306530 0.374836,
        0.502362 -0.311257 0.340752,
        0.502362 -0.312205 0.306355,
        0.502362 -0.309363 0.272062,
        0.502362 -0.302766 0.238290,
        0.502362 -0.292494 0.205448,
        0.502362 -0.278672 0.173936,
        0.502362 -0.261467 0.144136,
        0.502362 -0.241087 0.116409,
        0.502362 -0.217782 0.091093,
        0.502362 -0.191833 0.068494,
        0.502362 -0.163555 0.048886,
        0.502362 -0.133292 0.032509,
        0.502362 -0.101411 0.019560,
        0.502362 -0.068299 0.010196,
        0.502362 -0.034358 0.004533,
        0.502362 0.000000 0.002637,
        0.498285 0.034014 0.007642,
        0.498285 0.067615 0.013249,
        0.498285 0.100395 0.022519,
        0.498285 0.131957 0.035338,
        0.498285 0.161917 0.051552,
        0.498285 0.189911 0.070962,
        0.498285 0.215601 0.093335,
        0.498285 0.238673 0.118398,
        0.498285 0.258848 0.145847,
        0.498285 0.275881 0.175349,
        0.498285 0.289565 0.206545,
        0.498285 0.299734 0.239058,
        0.498285 0.306265 0.272492,
        0.498285 0.309078 0.306441,
        0.498285 0.308139 0.340494,
        0.498285 0.303460 0.374237,
        0.498285 0.295097 0.407260,
        0.498285 0.283152 0.439163,
        0.498285 0.267771 0.469558,
        0.498285 0.249139 0.498077,
        0.498285 0.227482 0.524373,
        0.498285 0.203065 0.548127,
        0.498285 0.176182 0.569050,
        0.498285 0.147161 0.586889,
        0.498285 0.116353 0.601428,
        0.498285 0.084133 0.612489,
        0.498285 0.050892 0.619939,
        0.498285 0.017033 0.623686,
        0.498285 -0.017033 0.623686,
        0.498285 -0.050892 0.619939,
        0.498285 -0.084133 0.612489,
        0.498285 -0.116353 0.601428,
        0.498285 -0.147161 0.586889,
        0.498285 -0.176182 0.569050,
        0.498285 -0.203065 0.548127,
        0.498285 -0.227482 0.524373,
        0.498285 -0.249139 0.498077,
        0.498285 -0.267771 0.469558,
        0.498285 -0.283152 0.439163,
        0.498285 -0.295097 0.407260,
        0.498285 -0.303460 0.374237,
        0.498285 -0.308139 0.340494,
        0.498285 -0.309078 0.306441,
        0.498285 -0.306265 0.272492,
        0.498285 -0.299734 0.239058,
        0.498285 -0.289565 0.206545,
        0.498285 -0.275881 0.175349,
        0.498285 -0.258848 0.145847,
        0.498285 -0.238673 0.118398,
        0.498285 -0.215601 0.093335,
        0.498285 -0.189911 0.070962,
        0.498285 -0.161917 0.051552,
        0.498285 -0.131957 0.035338,
        0.498285 -0.100395 0.022519,
        0.498285 -0.067615 0.013249,
        0.498285 -0.034014 0.007642,
        0.498285 0.000000 0.005766,
        0.495157 0.033565 0.011694,
        0.495157 0.066724 0.017228,
        0.495157 0.099072 0.026375,
        0.495157 0.130217 0.039025,
        0.495157 0.159782 0.055024,
        0.495157 0.187407 0.074180,
        0.495157 0.212758 0.096257,
        0.495157 0.235526 0.120990,
        0.495157 0.255435 0.148077,
        0.495157 0.272243 0.177190,
        0.495157 0.285746 0.207975,
        0.495157 0.295781 0.240059,
        0.495157 0.302226 0.273052,
        0.495157 0.305002 0.306553,
        0.495157 0.304076 0.340157,
        0.495157 0.299459 0.373455,
        0.495157 0.291206 0.406043,
        0.495157 0.279419 0.437525,
        0.495157 0.264240 0.467520,
        0.495157 0.245854 0.495662,
        0.495157 0.224483 0.521611,
        0.495157 0.200387 0.545052,
        0.495157 0.173859 0.565700,
        0.495157 0.145220 0.583304,
        0.495157 0.114819 0.597651,
        0.495157 0.083024 0.608566,
        0.495157 0.050221 0.615917,
        0.495157 0.016808 0.619615,
        0.495157 -0.016808 0.619615,
        0.495157 -0.050221 0.615917,
        0.495157 -0.083024 0.608566,
        0.495157 -0.114819 0.597651,
        0.495157 -0.145220 0.583304,
        0.495157 -0.173859 0.565700,
        0.495157 -0.200387 0.545052,
        0.495157 -0.224483 0.521611,
        0.495157 -0.245854 0.495662,
        0.495157 -0.264240 0.467520,
        0.495157 -0.279419 0.437525,
        0.495157 -0.291206 0.406043,
        0.495157 -0.299459 0.373455,
        0.495157 -0.304076 0.340157,
        0.495157 -0.305002 0.306553,
        0.495157 -0.302226 0.273052,
        0.495157 -0.295781 0.240059,
        0.495157 -0.285746 0.207975,
        0.495157 -0.272243 0.177190,
        0.495157 -0.255435 0.148077,
        0.495157 -0.235526 0.120990,
        0.495157 -0.212758 0.096257,
        0.495157 -0.187407 0.074180,
        0.495157 -0.159782 0.055024,
        0.495157 -0.130217 0.039025,
        0.495157 -0.099072 0.026375,
        0.495157 -0.066724 0.017228,
        0.495157 -0.033565 0.011694,
        0.495157 0.000000 0.009843,
        0.493191 0.033043 0.016413,
        0.493191 0.065685 0.021860,
        0.493191 0.097530 0.030865,
        0.493191 0.128191 0.043319,
        0.493191 0.157296 0.059069,
        0.493191 0.184491 0.077926,
        0.493191 0.209447 0.099660,
        0.493191 0.231861 0.124008,
        0.493191 0.251460 0.150674,
        0.493191 0.268007 0.179333,
        0.493191 0.281300 0.209639,
        0.493191 0.291179 0.241224,
        0.493191 0.297524 0.273704,
        0.493191 0.300256 0.306684,
        0.493191 0.299344 0.339765,
        0.493191 0.294799 0.372545,
        0.493191 0.286675 0.404626,
        0.493191 0.275071 0.435618,
        0.493191 0.260128 0.465146,
        0.493191 0.242028 0.492850,
        0.493191 0.220990 0.518396,
        0.493191 0.197269 0.541472,
        0.493191 0.171154 0.561798,
        0.493191 0.142961 0.579128,
        0.493191 0.113032 0.593252,
        0.493191 0.081732 0.603998,
        0.493191 0.049439 0.611234,
        0.493191 0.016547 0.614875,
        0.493191 -0.016547 0.614875,
        0.493191 -0.049439 0.611234,
        0.493191 -0.081732 0.603998,
        0.493191 -0.113032 0.593252,
        0.493191 -0.142961 0.579128,
        0.493191 -0.171154 0.561798,
        0.493191 -0.197269 0.541472,
        0.493191 -0.220990 0.518396,
        0.493191 -0.242028 0.492850,
        0.493191 -0.260128 0.465146,
        0.493191 -0.275071 0.435618,
        0.493191 -0.286675 0.404626,
        0.493191 -0.294799 0.372545,
        0.493191 -0.299344 0.339765,
        0.493191 -0.300256 0.306684,
        0.493191 -0.297524 0.273704,
        0.493191 -0.291179 0.241224,
        0.493191 -0.281300 0.209639,
        0.493191 -0.268007 0.179333,
        0.493191 -0.251460 0.150674,
        0.493191 -0.231861 0.124008,
        0.493191 -0.209447 0.099660,
        0.493191 -0.184491 0.077926,
        0.493191 -0.157296 0.059069,
        0.493191 -0.128191 0.043319,
        0.493191 -0.097530 0.030865,
        0.493191 -0.065685 0.021860,
        0.493191 -0.033043 0.016413,
        0.493191 0.000000 0.014590,
        0.635410 0.068729 0.008278,
        0.635410 0.164585 0.047211,
        0.635410 0.242606 0.115159,
        0.635410 0.280426 0.173048,
        0.635410 0.304673 0.237807,
        0.635410 0.313217 0.340915,
        0.635410 0.287818 0.441209,
        0.635410 0.272183 0.472106,
        0.635410 0.253244 0.501094,
        0.635410 0.206411 0.551969,
        0.635410 0.118270 0.606148,
        0.635410 0.017313 0.628773,
        0.635410 -0.017313 0.628773,
        0.635410 -0.051730 0.624964,
        0.635410 -0.118270 0.606148,
        0.635410 -0.206411 0.551969,
        0.635410 -0.272183 0.472106,
        0.635410 -0.287818 0.441209,
        0.635410 -0.313217 0.340915,
        0.635410 -0.304673 0.237807,
        0.635410 -0.263113 0.143060,
        0.635410 -0.242606 0.115159,
        0.635410 -0.164585 0.047211,
        0.635410 -0.068729 0.008278,
        0.649329 -0.033043 0.016413,
        0.649329 -0.065685 0.021860,
        0.647363 -0.033565 0.011694,
        0.647363 -0.066724 0.017228,
        0.644234 -0.034014 0.007642,
        0.644234 -0.067615 0.013249,
        0.640157 -0.034358 0.004533,
        0.640157 -0.068299 0.010196,
        0.635410 -0.034574 0.002578,
        0.649329 -0.128191 0.043319,
        0.649329 -0.157296 0.059069,
        0.647363 -0.130217 0.039025,
        0.647363 -0.159782 0.055024,
        0.644234 -0.131957 0.035338,
        0.644234 -0.161917 0.051552,
        0.640157 -0.133292 0.032509,
        0.640157 -0.163555 0.048886,
        0.635410 -0.134131 0.030730,
        0.649329 -0.209447 0.099660,
        0.649329 -0.231861 0.124008,
        0.647363 -0.212758 0.096257,
        0.647363 -0.235526 0.120990,
        0.644234 -0.215601 0.093335,
        0.644234 -0.238673 0.118398,
        0.640157 -0.217782 0.091093,
        0.640157 -0.241087 0.116409,
        0.635410 -0.219153 0.089683,
        0.649329 -0.281300 0.209639,
        0.649329 -0.291179 0.241224,
        0.647363 -0.285746 0.207975,
        0.647363 -0.295781 0.240059,
        0.644234 -0.289565 0.206545,
        0.644234 -0.299734 0.239058,
        0.640157 -0.292494 0.205448,
        0.640157 -0.302766 0.238290,
        0.635410 -0.294336 0.204759,
        0.649329 -0.300256 0.306684,
        0.649329 -0.299344 0.339765,
        0.647363 -0.305002 0.306553,
        0.647363 -0.304076 0.340157,
        0.644234 -0.309078 0.306441,
        0.644234 -0.308139 0.340494,
        0.640157 -0.312205 0.306355,
        0.640157 -0.311257 0.340752,
        0.635410 -0.314170 0.306300,
        0.649329 -0.286675 0.404626,
        0.649329 -0.275071 0.435618,
        0.647363 -0.291206 0.406043,
        0.647363 -0.279419 0.437525,
        0.644234 -0.295097 0.407260,
        0.644234 -0.283152 0.439163,
        0.640157 -0.298083 0.408194,
        0.640157 -0.286017 0.440419,
        0.635410 -0.299960 0.408781,
        0.649329 -0.220990 0.518396,
        0.649329 -0.197269 0.541472,
        0.647363 -0.224483 0.521611,
        0.647363 -0.200387 0.545052,
        0.644234 -0.227482 0.524373,
        0.644234 -0.203065 0.548127,
        0.640157 -0.229784 0.526491,
        0.640157 -0.205119 0.550486,
        0.635410 -0.231231 0.527823,
        0.649329 -0.142961 0.579128,
        0.649329 -0.113032 0.593252,
        0.647363 -0.145220 0.583304,
        0.647363 -0.114819 0.597651,
        0.644234 -0.147161 0.586889,
        0.644234 -0.116353 0.601428,
        0.640157 -0.148650 0.589641,
        0.640157 -0.117530 0.604326,
        0.635410 -0.149585 0.591370,
        0.649329 0.081732 0.603998,
        0.649329 0.113032 0.593252,
        0.647363 0.083024 0.608566,
        0.647363 0.114819 0.597651,
        0.644234 0.084133 0.612489,
        0.644234 0.116353 0.601428,
        0.640157 0.084984 0.615499,
        0.640157 0.117530 0.604326,
        0.635410 0.085519 0.617392,
        0.649329 0.171154 0.561798,
        0.649329 0.197269 0.541472,
        0.647363 0.173859 0.565700,
        0.647363 0.200387 0.545052,
        0.644234 0.176182 0.569050,
        0.644234 0.203065 0.548127,
        0.640157 0.177964 0.571621,
        0.640157 0.205119 0.550486,
        0.635410 0.179085 0.573237,
        0.649329 0.294799 0.372545,
        0.649329 0.299344 0.339765,
        0.647363 0.299459 0.373455,
        0.647363 0.304076 0.340157,
        0.644234 0.303460 0.374237,
        0.644234 0.308139 0.340494,
        0.640157 0.306530 0.374836,
        0.640157 0.311257 0.340752,
        0.635410 0.308460 0.375213,
        0.649329 0.297524 0.273704,
        0.649329 0.291179 0.241224,
        0.647363 0.302226 0.273052,
        0.647363 0.295781 0.240059,
        0.644234 0.306265 0.272492,
        0.644234 0.299734 0.239058,
        0.640157 0.309363 0.272062,
        0.640157 0.302766 0.238290,
        0.635410 0.311311 0.271792,
        0.649329 0.251460 0.150674,
        0.649329 0.231861 0.124008,
        0.647363 0.255435 0.148077,
        0.647363 0.235526 0.120990,
        0.644234 0.258848 0.145847,
        0.644234 0.238673 0.118398,
        0.640157 0.261467 0.144136,
        0.640157 0.241087 0.116409,
        0.635410 0.263113 0.143060,
        0.649329 0.184491 0.077926,
        0.649329 0.157296 0.059069,
        0.647363 0.187407 0.074180,
        0.647363 0.159782 0.055024,
        0.644234 0.189911 0.070962,
        0.644234 0.161917 0.051552,
        0.640157 0.191833 0.068494,
        0.640157 0.163555 0.048886,
        0.635410 0.193041 0.066942,
        0.649329 0.097530 0.030865,
        0.649329 0.065685 0.021860,
        0.647363 0.099072 0.026375,
        0.647363 0.066724 0.017228,
        0.644234 0.100395 0.022519,
        0.644234 0.067615 0.013249,
        0.640157 0.101411 0.019560,
        0.640157 0.068299 0.010196,
        0.635410 0.102050 0.017700,
        0.649329 0.000000 0.014590,
        0.647363 0.000000 0.009843,
        0.644234 0.000000 0.005766,
        0.640157 0.000000 0.002637,
        0.635410 0.000000 0.000671,
        0.635410 -0.102050 0.017700,
        0.640157 -0.101411 0.019560,
        0.644234 -0.100395 0.022519,
        0.647363 -0.099072 0.026375,
        0.649329 -0.097530 0.030865,
        0.635410 -0.193041 0.066942,
        0.640157 -0.191833 0.068494,
        0.644234 -0.189911 0.070962,
        0.647363 -0.187407 0.074180,
        0.649329 -0.184491 0.077926,
        0.640157 -0.261467 0.144136,
        0.644234 -0.258848 0.145847,
        0.647363 -0.255435 0.148077,
        0.649329 -0.251460 0.150674,
        0.635410 -0.280426 0.173048,
        0.640157 -0.278672 0.173936,
        0.644234 -0.275881 0.175349,
        0.647363 -0.272243 0.177190,
        0.649329 -0.268007 0.179333,
        0.635410 -0.311311 0.271792,
        0.640157 -0.309363 0.272062,
        0.644234 -0.306265 0.272492,
        0.647363 -0.302226 0.273052,
        0.649329 -0.297524 0.273704,
        0.635410 -0.308460 0.375213,
        0.640157 -0.306530 0.374836,
        0.644234 -0.303460 0.374237,
        0.647363 -0.299459 0.373455,
        0.649329 -0.294799 0.372545,
        0.640157 -0.270480 0.471122,
        0.644234 -0.267771 0.469558,
        0.647363 -0.264240 0.467520,
        0.649329 -0.260128 0.465146,
        0.635410 -0.253244 0.501094,
        0.640157 -0.251659 0.499930,
        0.644234 -0.249139 0.498077,
        0.647363 -0.245854 0.495662,
        0.649329 -0.242028 0.492850,
        0.635410 -0.179085 0.573237,
        0.640157 -0.177964 0.571621,
        0.644234 -0.176182 0.569050,
        0.647363 -0.173859 0.565700,
        0.649329 -0.171154 0.561798,
        0.635410 -0.085519 0.617392,
        0.640157 -0.084984 0.615499,
        0.644234 -0.084133 0.612489,
        0.647363 -0.083024 0.608566,
        0.649329 -0.081732 0.603998,
        0.649329 -0.049439 0.611234,
        0.647363 -0.050221 0.615917,
        0.644234 -0.050892 0.619939,
        0.640157 -0.051407 0.623024,
        0.640157 -0.017205 0.626810,
        0.644234 -0.017033 0.623686,
        0.647363 -0.016808 0.619615,
        0.649329 -0.016547 0.614875,
        0.640157 0.017205 0.626810,
        0.644234 0.017033 0.623686,
        0.647363 0.016808 0.619615,
        0.649329 0.016547 0.614875,
        0.635410 0.051730 0.624964,
        0.640157 0.051407 0.623024,
        0.644234 0.050892 0.619939,
        0.647363 0.050221 0.615917,
        0.649329 0.049439 0.611234,
        0.635410 0.149585 0.591370,
        0.640157 0.148650 0.589641,
        0.644234 0.147161 0.586889,
        0.647363 0.145220 0.583304,
        0.649329 0.142961 0.579128,
        0.635410 0.231231 0.527823,
        0.640157 0.229784 0.526491,
        0.644234 0.227482 0.524373,
        0.647363 0.224483 0.521611,
        0.649329 0.220990 0.518396,
        0.649329 0.242028 0.492850,
        0.647363 0.245854 0.495662,
        0.644234 0.249139 0.498077,
        0.640157 0.251659 0.499930,
        0.640157 0.270480 0.471122,
        0.644234 0.267771 0.469558,
        0.647363 0.264240 0.467520,
        0.649329 0.260128 0.465146,
        0.649329 0.275071 0.435618,
        0.647363 0.279419 0.437525,
        0.644234 0.283152 0.439163,
        0.640157 0.286017 0.440419,
        0.635410 0.299960 0.408781,
        0.640157 0.298083 0.408194,
        0.644234 0.295097 0.407260,
        0.647363 0.291206 0.406043,
        0.649329 0.286675 0.404626,
        0.635410 0.314170 0.306300,
        0.640157 0.312205 0.306355,
        0.644234 0.309078 0.306441,
        0.647363 0.305002 0.306553,
        0.649329 0.300256 0.306684,
        0.635410 0.294336 0.204759,
        0.640157 0.292494 0.205448,
        0.644234 0.289565 0.206545,
        0.647363 0.285746 0.207975,
        0.649329 0.281300 0.209639,
        0.649329 0.268007 0.179333,
        0.647363 0.272243 0.177190,
        0.644234 0.275881 0.175349,
        0.640157 0.278672 0.173936,
        0.635410 0.219153 0.089683,
        0.640157 0.217782 0.091093,
        0.644234 0.215601 0.093335,
        0.647363 0.212758 0.096257,
        0.649329 0.209447 0.099660,
        0.635410 0.134131 0.030730,
        0.640157 0.133292 0.032509,
        0.644234 0.131957 0.035338,
        0.647363 0.130217 0.039025,
        0.649329 0.128191 0.043319,
        0.635410 0.034574 0.002578,
        0.640157 0.034358 0.004533,
        0.644234 0.034014 0.007642,
        0.647363 0.033565 0.011694,
        0.649329 0.033043 0.016413,
        -0.635410 0.068729 0.621644,
        -0.635410 0.164585 0.582710,
        -0.635410 0.242606 0.514762,
        -0.635410 0.280426 0.456873,
        -0.635410 0.304673 0.392114,
        -0.635410 0.313217 0.289007,
        -0.635410 0.287818 0.188712,
        -0.635410 0.272183 0.157816,
        -0.635410 0.253244 0.128827,
        -0.635410 0.206411 0.077952,
        -0.635410 0.118270 0.023773,
        -0.635410 0.017313 0.001148,
        -0.635410 -0.017313 0.001148,
        -0.635410 -0.051730 0.004957,
        -0.635410 -0.118270 0.023773,
        -0.635410 -0.206411 0.077952,
        -0.635410 -0.272183 0.157816,
        -0.635410 -0.287818 0.188712,
        -0.635410 -0.313217 0.289007,
        -0.635410 -0.304673 0.392114,
        -0.635410 -0.263113 0.486861,
        -0.635410 -0.242606 0.514762,
        -0.635410 -0.164585 0.582710,
        -0.635410 -0.068729 0.621644,
        -0.649329 -0.033043 0.613508,
        -0.649329 -0.065685 0.608061,
        -0.647363 -0.033565 0.618227,
        -0.647363 -0.066724 0.612694,
        -0.644234 -0.034014 0.622279,
        -0.644234 -0.067615 0.616672,
        -0.640157 -0.034358 0.625388,
        -0.640157 -0.068299 0.619724,
        -0.635410 -0.034574 0.627343,
        -0.649329 -0.128191 0.586603,
        -0.649329 -0.157296 0.570852,
        -0.647363 -0.130217 0.590896,
        -0.647363 -0.159782 0.574897,
        -0.644234 -0.131957 0.594583,
        -0.644234 -0.161917 0.578370,
        -0.640157 -0.133292 0.597413,
        -0.640157 -0.163555 0.581035,
        -0.635410 -0.134131 0.599191,
        -0.649329 -0.209447 0.530261,
        -0.649329 -0.231861 0.505913,
        -0.647363 -0.212758 0.533664,
        -0.647363 -0.235526 0.508931,
        -0.644234 -0.215601 0.536586,
        -0.644234 -0.238673 0.511523,
        -0.640157 -0.217782 0.538828,
        -0.640157 -0.241087 0.513512,
        -0.635410 -0.219153 0.540238,
        -0.649329 -0.281300 0.420282,
        -0.649329 -0.291179 0.388697,
        -0.647363 -0.285746 0.421946,
        -0.647363 -0.295781 0.389863,
        -0.644234 -0.289565 0.423376,
        -0.644234 -0.299734 0.390863,
        -0.640157 -0.292494 0.424473,
        -0.640157 -0.302766 0.391631,
        -0.635410 -0.294336 0.425163,
        -0.649329 -0.300256 0.323237,
        -0.649329 -0.299344 0.290156,
        -0.647363 -0.305002 0.323368,
        -0.647363 -0.304076 0.289764,
        -0.644234 -0.309078 0.323480,
        -0.644234 -0.308139 0.289428,
        -0.640157 -0.312205 0.323567,
        -0.640157 -0.311257 0.289169,
        -0.635410 -0.314170 0.323621,
        -0.649329 -0.286675 0.225296,
        -0.649329 -0.275071 0.194303,
        -0.647363 -0.291206 0.223878,
        -0.647363 -0.279419 0.192396,
        -0.644234 -0.295097 0.222661,
        -0.644234 -0.283152 0.190758,
        -0.640157 -0.298083 0.221728,
        -0.640157 -0.286017 0.189502,
        -0.635410 -0.299960 0.221141,
        -0.649329 -0.220990 0.111525,
        -0.649329 -0.197269 0.088449,
        -0.647363 -0.224483 0.108310,
        -0.647363 -0.200387 0.084869,
        -0.644234 -0.227482 0.105548,
        -0.644234 -0.203065 0.081794,
        -0.640157 -0.229784 0.103430,
        -0.640157 -0.205119 0.079435,
        -0.635410 -0.231231 0.102098,
        -0.649329 -0.142961 0.050793,
        -0.649329 -0.113032 0.036669,
        -0.647363 -0.145220 0.046617,
        -0.647363 -0.114819 0.032270,
        -0.644234 -0.147161 0.043032,
        -0.644234 -0.116353 0.028493,
        -0.640157 -0.148650 0.040280,
        -0.640157 -0.117530 0.025595,
        -0.635410 -0.149585 0.038551,
        -0.649329 0.081732 0.025924,
        -0.649329 0.113032 0.036669,
        -0.647363 0.083024 0.021355,
        -0.647363 0.114819 0.032270,
        -0.644234 0.084133 0.017432,
        -0.644234 0.116353 0.028493,
        -0.640157 0.084984 0.014422,
        -0.640157 0.117530 0.025595,
        -0.635410 0.085519 0.012530,
        -0.649329 0.171154 0.068123,
        -0.649329 0.197269 0.088449,
        -0.647363 0.173859 0.064221,
        -0.647363 0.200387 0.084869,
        -0.644234 0.176182 0.060871,
        -0.644234 0.203065 0.081794,
        -0.640157 0.177964 0.058300,
        -0.640157 0.205119 0.079435,
        -0.635410 0.179085 0.056684,
        -0.649329 0.294799 0.257376,
        -0.649329 0.299344 0.290156,
        -0.647363 0.299459 0.256466,
        -0.647363 0.304076 0.289764,
        -0.644234 0.303460 0.255685,
        -0.644234 0.308139 0.289428,
        -0.640157 0.306530 0.255085,
        -0.640157 0.311257 0.289169,
        -0.635410 0.308460 0.254708,
        -0.649329 0.297524 0.356218,
        -0.649329 0.291179 0.388697,
        -0.647363 0.302226 0.356870,
        -0.647363 0.295781 0.389863,
        -0.644234 0.306265 0.357430,
        -0.644234 0.299734 0.390863,
        -0.640157 0.309363 0.357859,
        -0.640157 0.302766 0.391631,
        -0.635410 0.311311 0.358130,
        -0.649329 0.251460 0.479248,
        -0.649329 0.231861 0.505913,
        -0.647363 0.255435 0.481844,
        -0.647363 0.235526 0.508931,
        -0.644234 0.258848 0.484074,
        -0.644234 0.238673 0.511523,
        -0.640157 0.261467 0.485785,
        -0.640157 0.241087 0.513512,
        -0.635410 0.263113 0.486861,
        -0.649329 0.184491 0.551995,
        -0.649329 0.157296 0.570852,
        -0.647363 0.187407 0.555742,
        -0.647363 0.159782 0.574897,
        -0.644234 0.189911 0.558959,
        -0.644234 0.161917 0.578370,
        -0.640157 0.191833 0.561428,
        -0.640157 0.163555 0.581035,
        -0.635410 0.193041 0.562980,
        -0.649329 0.097530 0.599056,
        -0.649329 0.065685 0.608061,
        -0.647363 0.099072 0.603546,
        -0.647363 0.066724 0.612694,
        -0.644234 0.100395 0.607403,
        -0.644234 0.067615 0.616672,
        -0.640157 0.101411 0.610361,
        -0.640157 0.068299 0.619724,
        -0.635410 0.102050 0.612221,
        -0.649329 0.000000 0.615331,
        -0.647363 0.000000 0.620079,
        -0.644234 0.000000 0.624156,
        -0.640157 0.000000 0.627284,
        -0.635410 0.000000 0.629250,
        -0.635410 -0.102050 0.612221,
        -0.640157 -0.101411 0.610361,
        -0.644234 -0.100395 0.607403,
        -0.647363 -0.099072 0.603546,
        -0.649329 -0.097530 0.599056,
        -0.635410 -0.193041 0.562980,
        -0.640157 -0.191833 0.561428,
        -0.644234 -0.189911 0.558959,
        -0.647363 -0.187407 0.555742,
        -0.649329 -0.184491 0.551995,
        -0.640157 -0.261467 0.485785,
        -0.644234 -0.258848 0.484074,
        -0.647363 -0.255435 0.481844,
        -0.649329 -0.251460 0.479248,
        -0.635410 -0.280426 0.456873,
        -0.640157 -0.278672 0.455985,
        -0.644234 -0.275881 0.454572,
        -0.647363 -0.272243 0.452731,
        -0.649329 -0.268007 0.450588,
        -0.635410 -0.311311 0.358130,
        -0.640157 -0.309363 0.357859,
        -0.644234 -0.306265 0.357430,
        -0.647363 -0.302226 0.356870,
        -0.649329 -0.297524 0.356218,
        -0.635410 -0.308460 0.254708,
        -0.640157 -0.306530 0.255085,
        -0.644234 -0.303460 0.255685,
        -0.647363 -0.299459 0.256466,
        -0.649329 -0.294799 0.257376,
        -0.640157 -0.270480 0.158799,
        -0.644234 -0.267771 0.160363,
        -0.647363 -0.264240 0.162402,
        -0.649329 -0.260128 0.164776,
        -0.635410 -0.253244 0.128827,
        -0.640157 -0.251659 0.129992,
        -0.644234 -0.249139 0.131844,
        -0.647363 -0.245854 0.134259,
        -0.649329 -0.242028 0.137070,
        -0.635410 -0.179085 0.056684,
        -0.640157 -0.177964 0.058300,
        -0.644234 -0.176182 0.060871,
        -0.647363 -0.173859 0.064221,
        -0.649329 -0.171154 0.068123,
        -0.635410 -0.085519 0.012530,
        -0.640157 -0.084984 0.014422,
        -0.644234 -0.084133 0.017432,
        -0.647363 -0.083024 0.021355,
        -0.649329 -0.081732 0.025924,
        -0.649329 -0.049439 0.018687,
        -0.647363 -0.050221 0.014004,
        -0.644234 -0.050892 0.009983,
        -0.640157 -0.051407 0.006897,
        -0.640157 -0.017205 0.003111,
        -0.644234 -0.017033 0.006235,
        -0.647363 -0.016808 0.010306,
        -0.649329 -0.016547 0.015046,
        -0.640157 0.017205 0.003111,
        -0.644234 0.017033 0.006235,
        -0.647363 0.016808 0.010306,
        -0.649329 0.016547 0.015046,
        -0.635410 0.051730 0.004957,
        -0.640157 0.051407 0.006897,
        -0.644234 0.050892 0.009983,
        -0.647363 0.050221 0.014004,
        -0.649329 0.049439 0.018687,
        -0.635410 0.149585 0.038551,
        -0.640157 0.148650 0.040280,
        -0.644234 0.147161 0.043032,
        -0.647363 0.145220 0.046617,
        -0.649329 0.142961 0.050793,
        -0.635410 0.231231 0.102098,
        -0.640157 0.229784 0.103430,
        -0.644234 0.227482 0.105548,
        -0.647363 0.224483 0.108310,
        -0.649329 0.220990 0.111525,
        -0.649329 0.242028 0.137070,
        -0.647363 0.245854 0.134259,
        -0.644234 0.249139 0.131844,
        -0.640157 0.251659 0.129992,
        -0.640157 0.270480 0.158799,
        -0.644234 0.267771 0.160363,
        -0.647363 0.264240 0.162402,
        -0.649329 0.260128 0.164776,
        -0.649329 0.275071 0.194303,
        -0.647363 0.279419 0.192396,
        -0.644234 0.283152 0.190758,
        -0.640157 0.286017 0.189502,
        -0.635410 0.299960 0.221141,
        -0.640157 0.298083 0.221728,
        -0.644234 0.295097 0.222661,
        -0.647363 0.291206 0.223878,
        -0.649329 0.286675 0.225296,
        -0.635410 0.314170 0.323621,
        -0.640157 0.312205 0.323567,
        -0.644234 0.309078 0.323480,
        -0.647363 0.305002 0.323368,
        -0.649329 0.300256 0.323237,
        -0.635410 0.294336 0.425163,
        -0.640157 0.292494 0.424473,
        -0.644234 0.289565 0.423376,
        -0.647363 0.285746 0.421946,
        -0.649329 0.281300 0.420282,
        -0.649329 0.268007 0.450588,
        -0.647363 0.272243 0.452731,
        -0.644234 0.275881 0.454572,
        -0.640157 0.278672 0.455985,
        -0.635410 0.219153 0.540238,
        -0.640157 0.217782 0.538828,
        -0.644234 0.215601 0.536586,
        -0.647363 0.212758 0.533664,
        -0.649329 0.209447 0.530261,
        -0.635410 0.134131 0.599191,
        -0.640157 0.133292 0.597413,
        -0.644234 0.131957 0.594583,
        -0.647363 0.130217 0.590896,
        -0.649329 0.128191 0.586603,
        -0.635410 0.034574 0.627343,
        -0.640157 0.034358 0.625388,
        -0.644234 0.034014 0.622279,
        -0.647363 0.033565 0.618227,
        -0.649329 0.033043 0.613508,
        -0.507110 -0.193041 0.562980,
        -0.507110 -0.164585 0.582710,
        -0.507110 -0.134131 0.599191,
        -0.507110 -0.102050 0.612221,
        -0.507110 -0.219153 0.540238,
        -0.507110 -0.242606 0.514762,
        -0.507110 -0.263113 0.486861,
        -0.507110 -0.280426 0.456873,
        -0.507110 -0.294336 0.425163,
        -0.507110 -0.304673 0.392114,
        -0.507110 -0.311311 0.358130,
        -0.507110 -0.314170 0.323621,
        -0.507110 -0.313217 0.289007,
        -0.507110 -0.308460 0.254708,
        -0.507110 -0.272183 0.157816,
        -0.507110 -0.287818 0.188712,
        -0.507110 -0.299960 0.221141,
        -0.507110 -0.253244 0.128827,
        -0.507110 -0.231231 0.102098,
        -0.507110 -0.206411 0.077952,
        -0.507110 -0.179085 0.056684,
        -0.507110 -0.149585 0.038551,
        -0.507110 -0.118270 0.023773,
        -0.507110 -0.085519 0.012530,
        -0.507110 0.017313 0.001148,
        -0.507110 -0.017313 0.001148,
        -0.507110 -0.051730 0.004957,
        -0.507110 0.051730 0.004957,
        -0.507110 0.085519 0.012530,
        -0.507110 0.118270 0.023773,
        -0.507110 0.149585 0.038551,
        -0.507110 0.179085 0.056684,
        -0.507110 0.206411 0.077952,
        -0.507110 0.231231 0.102098,
        -0.507110 0.253244 0.128827,
        -0.507110 0.272183 0.157816,
        -0.507110 0.287818 0.188712,
        -0.507110 0.299960 0.221141,
        -0.507110 0.308460 0.254708,
        -0.507110 0.313217 0.289007,
        -0.507110 0.314170 0.323621,
        -0.507110 0.311311 0.358130,
        -0.507110 0.304673 0.392114,
        -0.507110 0.294336 0.425163,
        -0.507110 0.280426 0.456873,
        -0.507110 0.263113 0.486861,
        -0.507110 0.242606 0.514762,
        -0.507110 0.219153 0.540238,
        -0.507110 0.193041 0.562980,
        -0.507110 0.164585 0.582710,
        -0.507110 0.134131 0.599191,
        -0.507110 0.102050 0.612221,
        -0.507110 0.068729 0.621644,
        -0.507110 0.034574 0.627343,
        -0.507110 0.000000 0.629250,
        -0.507110 -0.034574 0.627343,
        -0.507110 -0.068729 0.621644,
        -0.502362 0.034358 0.625388,
        -0.502362 0.068299 0.619724,
        -0.502362 0.101411 0.610361,
        -0.502362 0.133292 0.597413,
        -0.502362 0.163555 0.581035,
        -0.502362 0.191833 0.561428,
        -0.502362 0.217782 0.538828,
        -0.502362 0.241087 0.513512,
        -0.502362 0.261467 0.485785,
        -0.502362 0.278672 0.455985,
        -0.502362 0.292494 0.424473,
        -0.502362 0.302766 0.391631,
        -0.502362 0.309363 0.357859,
        -0.502362 0.312205 0.323567,
        -0.502362 0.311257 0.289169,
        -0.502362 0.306530 0.255085,
        -0.502362 0.298083 0.221728,
        -0.502362 0.286017 0.189502,
        -0.502362 0.270480 0.158799,
        -0.502362 0.251659 0.129992,
        -0.502362 0.229784 0.103430,
        -0.502362 0.205119 0.079435,
        -0.502362 0.177964 0.058300,
        -0.502362 0.148650 0.040280,
        -0.502362 0.117530 0.025595,
        -0.502362 0.084984 0.014422,
        -0.502362 0.051407 0.006897,
        -0.502362 0.017205 0.003111,
        -0.502362 -0.017205 0.003111,
        -0.502362 -0.051407 0.006897,
        -0.502362 -0.084984 0.014422,
        -0.502362 -0.117530 0.025595,
        -0.502362 -0.148650 0.040280,
        -0.502362 -0.177964 0.058300,
        -0.502362 -0.205119 0.079435,
        -0.502362 -0.229784 0.103430,
        -0.502362 -0.251659 0.129992,
        -0.502362 -0.270480 0.158799,
        -0.502362 -0.286017 0.189502,
        -0.502362 -0.298083 0.221728,
        -0.502362 -0.306530 0.255085,
        -0.502362 -0.311257 0.289169,
        -0.502362 -0.312205 0.323567,
        -0.502362 -0.309363 0.357859,
        -0.502362 -0.302766 0.391631,
        -0.502362 -0.292494 0.424473,
        -0.502362 -0.278672 0.455985,
        -0.502362 -0.261467 0.485785,
        -0.502362 -0.241087 0.513512,
        -0.502362 -0.217782 0.538828,
        -0.502362 -0.191833 0.561428,
        -0.502362 -0.163555 0.581035,
        -0.502362 -0.133292 0.597413,
        -0.502362 -0.101411 0.610361,
        -0.502362 -0.068299 0.619724,
        -0.502362 -0.034358 0.625388,
        -0.502362 0.000000 0.627284,
        -0.498285 0.034014 0.622279,
        -0.498285 0.067615 0.616672,
        -0.498285 0.100395 0.607403,
        -0.498285 0.131957 0.594583,
        -0.498285 0.161917 0.578370,
        -0.498285 0.189911 0.558959,
        -0.498285 0.215601 0.536586,
        -0.498285 0.238673 0.511523,
        -0.498285 0.258848 0.484074,
        -0.498285 0.275881 0.454572,
        -0.498285 0.289565 0.423376,
        -0.498285 0.299734 0.390863,
        -0.498285 0.306265 0.357430,
        -0.498285 0.309078 0.323480,
        -0.498285 0.308139 0.289428,
        -0.498285 0.303460 0.255685,
        -0.498285 0.295097 0.222661,
        -0.498285 0.283152 0.190758,
        -0.498285 0.267771 0.160363,
        -0.498285 0.249139 0.131844,
        -0.498285 0.227482 0.105548,
        -0.498285 0.203065 0.081794,
        -0.498285 0.176182 0.060871,
        -0.498285 0.147161 0.043032,
        -0.498285 0.116353 0.028493,
        -0.498285 0.084133 0.017432,
        -0.498285 0.050892 0.009983,
        -0.498285 0.017033 0.006235,
        -0.498285 -0.017033 0.006235,
        -0.498285 -0.050892 0.009983,
        -0.498285 -0.084133 0.017432,
        -0.498285 -0.116353 0.028493,
        -0.498285 -0.147161 0.043032,
        -0.498285 -0.176182 0.060871,
        -0.498285 -0.203065 0.081794,
        -0.498285 -0.227482 0.105548,
        -0.498285 -0.249139 0.131844,
        -0.498285 -0.267771 0.160363,
        -0.498285 -0.283152 0.190758,
        -0.498285 -0.295097 0.222661,
        -0.498285 -0.303460 0.255685,
        -0.498285 -0.308139 0.289428,
        -0.498285 -0.309078 0.323480,
        -0.498285 -0.306265 0.357430,
        -0.498285 -0.299734 0.390863,
        -0.498285 -0.289565 0.423376,
        -0.498285 -0.275881 0.454572,
        -0.498285 -0.258848 0.484074,
        -0.498285 -0.238673 0.511523,
        -0.498285 -0.215601 0.536586,
        -0.498285 -0.189911 0.558959,
        -0.498285 -0.161917 0.578370,
        -0.498285 -0.131957 0.594583,
        -0.498285 -0.100395 0.607403,
        -0.498285 -0.067615 0.616672,
        -0.498285 -0.034014 0.622279,
        -0.498285 0.000000 0.624156,
        -0.495157 0.033565 0.618227,
        -0.495157 0.066724 0.612694,
        -0.495157 0.099072 0.603546,
        -0.495157 0.130217 0.590896,
        -0.495157 0.159782 0.574897,
        -0.495157 0.187407 0.555742,
        -0.495157 0.212758 0.533664,
        -0.495157 0.235526 0.508931,
        -0.495157 0.255435 0.481844,
        -0.495157 0.272243 0.452731,
        -0.495157 0.285746 0.421946,
        -0.495157 0.295781 0.389863,
        -0.495157 0.302226 0.356870,
        -0.495157 0.305002 0.323368,
        -0.495157 0.304076 0.289764,
        -0.495157 0.299459 0.256466,
        -0.495157 0.291206 0.223878,
        -0.495157 0.279419 0.192396,
        -0.495157 0.264240 0.162402,
        -0.495157 0.245854 0.134259,
        -0.495157 0.224483 0.108310,
        -0.495157 0.200387 0.084869,
        -0.495157 0.173859 0.064221,
        -0.495157 0.145220 0.046617,
        -0.495157 0.114819 0.032270,
        -0.495157 0.083024 0.021355,
        -0.495157 0.050221 0.014004,
        -0.495157 0.016808 0.010306,
        -0.495157 -0.016808 0.010306,
        -0.495157 -0.050221 0.014004,
        -0.495157 -0.083024 0.021355,
        -0.495157 -0.114819 0.032270,
        -0.495157 -0.145220 0.046617,
        -0.495157 -0.173859 0.064221,
        -0.495157 -0.200387 0.084869,
        -0.495157 -0.224483 0.108310,
        -0.495157 -0.245854 0.134259,
        -0.495157 -0.264240 0.162402,
        -0.495157 -0.279419 0.192396,
        -0.495157 -0.291206 0.223878,
        -0.495157 -0.299459 0.256466,
        -0.495157 -0.304076 0.289764,
        -0.495157 -0.305002 0.323368,
        -0.495157 -0.302226 0.356870,
        -0.495157 -0.295781 0.389863,
        -0.495157 -0.285746 0.421946,
        -0.495157 -0.272243 0.452731,
        -0.495157 -0.255435 0.481844,
        -0.495157 -0.235526 0.508931,
        -0.495157 -0.212758 0.533664,
        -0.495157 -0.187407 0.555742,
        -0.495157 -0.159782 0.574897,
        -0.495157 -0.130217 0.590896,
        -0.495157 -0.099072 0.603546,
        -0.495157 -0.066724 0.612694,
        -0.495157 -0.033565 0.618227,
        -0.495157 0.000000 0.620079,
        -0.493191 0.033043 0.613508,
        -0.493191 0.065685 0.608061,
        -0.493191 0.097530 0.599056,
        -0.493191 0.128191 0.586603,
        -0.493191 0.157296 0.570852,
        -0.493191 0.184491 0.551995,
        -0.493191 0.209447 0.530261,
        -0.493191 0.231861 0.505913,
        -0.493191 0.251460 0.479248,
        -0.493191 0.268007 0.450588,
        -0.493191 0.281300 0.420282,
        -0.493191 0.291179 0.388697,
        -0.493191 0.297524 0.356218,
        -0.493191 0.300256 0.323237,
        -0.493191 0.299344 0.290156,
        -0.493191 0.294799 0.257376,
        -0.493191 0.286675 0.225296,
        -0.493191 0.275071 0.194303,
        -0.493191 0.260128 0.164776,
        -0.493191 0.242028 0.137070,
        -0.493191 0.220990 0.111525,
        -0.493191 0.197269 0.088449,
        -0.493191 0.171154 0.068123,
        -0.493191 0.142961 0.050793,
        -0.493191 0.113032 0.036669,
        -0.493191 0.081732 0.025924,
        -0.493191 0.049439 0.018687,
        -0.493191 0.016547 0.015046,
        -0.493191 -0.016547 0.015046,
        -0.493191 -0.049439 0.018687,
        -0.493191 -0.081732 0.025924,
        -0.493191 -0.113032 0.036669,
        -0.493191 -0.142961 0.050793,
        -0.493191 -0.171154 0.068123,
        -0.493191 -0.197269 0.088449,
        -0.493191 -0.220990 0.111525,
        -0.493191 -0.242028 0.137070,
        -0.493191 -0.260128 0.164776,
        -0.493191 -0.275071 0.194303,
        -0.493191 -0.286675 0.225296,
        -0.493191 -0.294799 0.257376,
        -0.493191 -0.299344 0.290156,
        -0.493191 -0.300256 0.323237,
        -0.493191 -0.297524 0.356218,
        -0.493191 -0.291179 0.388697,
        -0.493191 -0.281300 0.420282,
        -0.493191 -0.268007 0.450588,
        -0.493191 -0.251460 0.479248,
        -0.493191 -0.231861 0.505913,
        -0.493191 -0.209447 0.530261,
        -0.493191 -0.184491 0.551995,
        -0.493191 -0.157296 0.570852,
        -0.493191 -0.128191 0.586603,
        -0.493191 -0.097530 0.599056,
        -0.493191 -0.065685 0.608061,
        -0.493191 -0.033043 0.613508,
        -0.493191 0.000000 0.615331,
      ]
    }
    coordIndex [
      177, 612, 179, -1,
      179, 612, 613, -1,
      179, 613, 181, -1,
      181, 613, 614, -1,
      181, 614, 183, -1,
      183, 614, 615, -1,
      183, 615, 185, -1,
      177, 175, 612, -1,
      612, 175, 173, -1,
      612, 173, 616, -1,
      616, 173, 171, -1,
      616, 171, 617, -1,
      617, 171, 169, -1,
      617, 169, 618, -1,
      618, 169, 167, -1,
      167, 165, 618, -1,
      618, 165, 163, -1,
      618, 163, 619, -1,
      163, 161, 619, -1,
      619, 161, 159, -1,
      619, 159, 620, -1,
      620, 159, 157, -1,
      620, 157, 621, -1,
      621, 157, 155, -1,
      621, 155, 622, -1,
      622, 155, 153, -1,
      153, 151, 622, -1,
      622, 151, 149, -1,
      622, 149, 623, -1,
      623, 149, 147, -1,
      623, 147, 624, -1,
      624, 147, 145, -1,
      624, 145, 625, -1,
      625, 145, 143, -1,
      133, 626, 627, -1,
      143, 141, 625, -1,
      625, 141, 139, -1,
      625, 139, 628, -1,
      628, 139, 137, -1,
      628, 137, 627, -1,
      627, 137, 135, -1,
      627, 135, 133, -1,
      133, 131, 626, -1,
      626, 131, 129, -1,
      626, 129, 629, -1,
      129, 127, 629, -1,
      629, 127, 125, -1,
      629, 125, 630, -1,
      630, 125, 123, -1,
      630, 123, 631, -1,
      631, 123, 121, -1,
      631, 121, 632, -1,
      632, 121, 119, -1,
      119, 117, 632, -1,
      632, 117, 115, -1,
      632, 115, 633, -1,
      633, 115, 113, -1,
      633, 113, 634, -1,
      634, 113, 111, -1,
      634, 111, 635, -1,
      635, 111, 109, -1,
      99, 636, 637, -1,
      109, 107, 635, -1,
      635, 107, 105, -1,
      635, 105, 638, -1,
      638, 105, 103, -1,
      638, 103, 637, -1,
      637, 103, 101, -1,
      637, 101, 99, -1,
      99, 97, 636, -1,
      636, 97, 95, -1,
      636, 95, 639, -1,
      95, 93, 639, -1,
      639, 93, 91, -1,
      639, 91, 640, -1,
      640, 91, 89, -1,
      640, 89, 641, -1,
      641, 89, 87, -1,
      641, 87, 642, -1,
      642, 87, 85, -1,
      85, 83, 642, -1,
      642, 83, 81, -1,
      642, 81, 643, -1,
      643, 81, 79, -1,
      643, 79, 644, -1,
      644, 79, 77, -1,
      644, 77, 645, -1,
      645, 77, 75, -1,
      75, 73, 645, -1,
      645, 73, 71, -1,
      645, 71, 646, -1,
      646, 71, 69, -1,
      646, 69, 647, -1,
      69, 67, 647, -1,
      647, 67, 65, -1,
      647, 65, 648, -1,
      648, 65, 63, -1,
      648, 63, 649, -1,
      649, 63, 61, -1,
      61, 59, 649, -1,
      649, 59, 57, -1,
      649, 57, 650, -1,
      650, 57, 55, -1,
      650, 55, 651, -1,
      651, 55, 53, -1,
      651, 53, 652, -1,
      652, 53, 51, -1,
      51, 49, 652, -1,
      652, 49, 47, -1,
      652, 47, 653, -1,
      653, 47, 45, -1,
      653, 45, 654, -1,
      654, 45, 43, -1,
      654, 43, 655, -1,
      655, 43, 41, -1,
      41, 39, 655, -1,
      655, 39, 37, -1,
      655, 37, 656, -1,
      656, 37, 35, -1,
      656, 35, 657, -1,
      35, 33, 657, -1,
      657, 33, 31, -1,
      657, 31, 658, -1,
      658, 31, 29, -1,
      658, 29, 659, -1,
      659, 29, 27, -1,
      27, 25, 659, -1,
      659, 25, 23, -1,
      659, 23, 660, -1,
      660, 23, 21, -1,
      660, 21, 661, -1,
      661, 21, 19, -1,
      661, 19, 662, -1,
      662, 19, 17, -1,
      17, 15, 662, -1,
      662, 15, 13, -1,
      662, 13, 663, -1,
      663, 13, 11, -1,
      663, 11, 664, -1,
      664, 11, 9, -1,
      664, 9, 665, -1,
      665, 9, 7, -1,
      7, 5, 665, -1,
      665, 5, 3, -1,
      665, 3, 666, -1,
      666, 3, 1, -1,
      666, 1, 667, -1,
      667, 1, 191, -1,
      667, 191, 668, -1,
      668, 191, 189, -1,
      668, 189, 615, -1,
      615, 189, 187, -1,
      615, 187, 185, -1,
      666, 669, 665, -1,
      665, 669, 670, -1,
      665, 670, 664, -1,
      664, 670, 671, -1,
      664, 671, 663, -1,
      663, 671, 672, -1,
      663, 672, 662, -1,
      662, 672, 673, -1,
      662, 673, 661, -1,
      661, 673, 674, -1,
      661, 674, 660, -1,
      660, 674, 675, -1,
      660, 675, 659, -1,
      659, 675, 676, -1,
      659, 676, 658, -1,
      658, 676, 677, -1,
      658, 677, 657, -1,
      657, 677, 678, -1,
      657, 678, 656, -1,
      656, 678, 679, -1,
      656, 679, 655, -1,
      655, 679, 680, -1,
      655, 680, 654, -1,
      654, 680, 681, -1,
      654, 681, 653, -1,
      653, 681, 682, -1,
      653, 682, 652, -1,
      652, 682, 683, -1,
      652, 683, 651, -1,
      651, 683, 684, -1,
      651, 684, 650, -1,
      650, 684, 685, -1,
      650, 685, 649, -1,
      649, 685, 686, -1,
      649, 686, 648, -1,
      648, 686, 687, -1,
      648, 687, 647, -1,
      647, 687, 688, -1,
      647, 688, 646, -1,
      646, 688, 689, -1,
      646, 689, 645, -1,
      645, 689, 690, -1,
      645, 690, 644, -1,
      644, 690, 691, -1,
      644, 691, 643, -1,
      643, 691, 692, -1,
      643, 692, 642, -1,
      642, 692, 693, -1,
      642, 693, 641, -1,
      641, 693, 694, -1,
      641, 694, 640, -1,
      640, 694, 695, -1,
      640, 695, 639, -1,
      639, 695, 696, -1,
      639, 696, 636, -1,
      636, 696, 697, -1,
      636, 697, 637, -1,
      637, 697, 698, -1,
      637, 698, 638, -1,
      638, 698, 699, -1,
      638, 699, 635, -1,
      635, 699, 700, -1,
      635, 700, 634, -1,
      634, 700, 701, -1,
      634, 701, 633, -1,
      633, 701, 702, -1,
      633, 702, 632, -1,
      632, 702, 703, -1,
      632, 703, 631, -1,
      631, 703, 704, -1,
      631, 704, 630, -1,
      630, 704, 705, -1,
      630, 705, 629, -1,
      629, 705, 706, -1,
      629, 706, 626, -1,
      626, 706, 707, -1,
      626, 707, 627, -1,
      627, 707, 708, -1,
      627, 708, 628, -1,
      628, 708, 709, -1,
      628, 709, 625, -1,
      625, 709, 710, -1,
      625, 710, 624, -1,
      624, 710, 711, -1,
      624, 711, 623, -1,
      623, 711, 712, -1,
      623, 712, 622, -1,
      622, 712, 713, -1,
      622, 713, 621, -1,
      621, 713, 714, -1,
      621, 714, 620, -1,
      620, 714, 715, -1,
      620, 715, 619, -1,
      619, 715, 716, -1,
      619, 716, 618, -1,
      618, 716, 717, -1,
      618, 717, 617, -1,
      617, 717, 718, -1,
      617, 718, 616, -1,
      616, 718, 719, -1,
      616, 719, 612, -1,
      612, 719, 720, -1,
      612, 720, 613, -1,
      613, 720, 721, -1,
      613, 721, 614, -1,
      614, 721, 722, -1,
      614, 722, 615, -1,
      615, 722, 723, -1,
      615, 723, 668, -1,
      668, 723, 724, -1,
      668, 724, 667, -1,
      667, 724, 725, -1,
      667, 725, 666, -1,
      666, 725, 669, -1,
      725, 726, 669, -1,
      669, 726, 727, -1,
      669, 727, 670, -1,
      670, 727, 728, -1,
      670, 728, 671, -1,
      671, 728, 729, -1,
      671, 729, 672, -1,
      672, 729, 730, -1,
      672, 730, 673, -1,
      673, 730, 731, -1,
      673, 731, 674, -1,
      674, 731, 732, -1,
      674, 732, 675, -1,
      675, 732, 733, -1,
      675, 733, 676, -1,
      676, 733, 734, -1,
      676, 734, 677, -1,
      677, 734, 735, -1,
      677, 735, 678, -1,
      678, 735, 736, -1,
      678, 736, 679, -1,
      679, 736, 737, -1,
      679, 737, 680, -1,
      680, 737, 738, -1,
      680, 738, 681, -1,
      681, 738, 739, -1,
      681, 739, 682, -1,
      682, 739, 740, -1,
      682, 740, 683, -1,
      683, 740, 741, -1,
      683, 741, 684, -1,
      684, 741, 742, -1,
      684, 742, 685, -1,
      685, 742, 743, -1,
      685, 743, 686, -1,
      686, 743, 744, -1,
      686, 744, 687, -1,
      687, 744, 745, -1,
      687, 745, 688, -1,
      688, 745, 746, -1,
      688, 746, 689, -1,
      689, 746, 747, -1,
      689, 747, 690, -1,
      690, 747, 748, -1,
      690, 748, 691, -1,
      691, 748, 749, -1,
      691, 749, 692, -1,
      692, 749, 750, -1,
      692, 750, 693, -1,
      693, 750, 751, -1,
      693, 751, 694, -1,
      694, 751, 752, -1,
      694, 752, 695, -1,
      695, 752, 753, -1,
      695, 753, 696, -1,
      696, 753, 754, -1,
      696, 754, 697, -1,
      697, 754, 755, -1,
      697, 755, 698, -1,
      698, 755, 756, -1,
      698, 756, 699, -1,
      699, 756, 757, -1,
      699, 757, 700, -1,
      700, 757, 758, -1,
      700, 758, 701, -1,
      701, 758, 759, -1,
      701, 759, 702, -1,
      702, 759, 760, -1,
      702, 760, 703, -1,
      703, 760, 761, -1,
      703, 761, 704, -1,
      704, 761, 762, -1,
      704, 762, 705, -1,
      705, 762, 763, -1,
      705, 763, 706, -1,
      706, 763, 764, -1,
      706, 764, 707, -1,
      707, 764, 765, -1,
      707, 765, 708, -1,
      708, 765, 766, -1,
      708, 766, 709, -1,
      709, 766, 767, -1,
      709, 767, 710, -1,
      710, 767, 768, -1,
      710, 768, 711, -1,
      711, 768, 769, -1,
      711, 769, 712, -1,
      712, 769, 770, -1,
      712, 770, 713, -1,
      713, 770, 771, -1,
      713, 771, 714, -1,
      714, 771, 772, -1,
      714, 772, 715, -1,
      715, 772, 773, -1,
      715, 773, 716, -1,
      716, 773, 774, -1,
      716, 774, 717, -1,
      717, 774, 775, -1,
      717, 775, 718, -1,
      718, 775, 776, -1,
      718, 776, 719, -1,
      719, 776, 777, -1,
      719, 777, 720, -1,
      720, 777, 778, -1,
      720, 778, 721, -1,
      721, 778, 779, -1,
      721, 779, 722, -1,
      722, 779, 780, -1,
      722, 780, 723, -1,
      723, 780, 781, -1,
      723, 781, 724, -1,
      724, 781, 782, -1,
      724, 782, 725, -1,
      725, 782, 726, -1,
      782, 783, 726, -1,
      726, 783, 784, -1,
      726, 784, 727, -1,
      727, 784, 785, -1,
      727, 785, 728, -1,
      728, 785, 786, -1,
      728, 786, 729, -1,
      729, 786, 787, -1,
      729, 787, 730, -1,
      730, 787, 788, -1,
      730, 788, 731, -1,
      731, 788, 789, -1,
      731, 789, 732, -1,
      732, 789, 790, -1,
      732, 790, 733, -1,
      733, 790, 791, -1,
      733, 791, 734, -1,
      734, 791, 792, -1,
      734, 792, 735, -1,
      735, 792, 793, -1,
      735, 793, 736, -1,
      736, 793, 794, -1,
      736, 794, 737, -1,
      737, 794, 795, -1,
      737, 795, 738, -1,
      738, 795, 796, -1,
      738, 796, 739, -1,
      739, 796, 797, -1,
      739, 797, 740, -1,
      740, 797, 798, -1,
      740, 798, 741, -1,
      741, 798, 799, -1,
      741, 799, 742, -1,
      742, 799, 800, -1,
      742, 800, 743, -1,
      743, 800, 801, -1,
      743, 801, 744, -1,
      744, 801, 802, -1,
      744, 802, 745, -1,
      745, 802, 803, -1,
      745, 803, 746, -1,
      746, 803, 804, -1,
      746, 804, 747, -1,
      747, 804, 805, -1,
      747, 805, 748, -1,
      748, 805, 806, -1,
      748, 806, 749, -1,
      749, 806, 807, -1,
      749, 807, 750, -1,
      750, 807, 808, -1,
      750, 808, 751, -1,
      751, 808, 809, -1,
      751, 809, 752, -1,
      752, 809, 810, -1,
      752, 810, 753, -1,
      753, 810, 811, -1,
      753, 811, 754, -1,
      754, 811, 812, -1,
      754, 812, 755, -1,
      755, 812, 813, -1,
      755, 813, 756, -1,
      756, 813, 814, -1,
      756, 814, 757, -1,
      757, 814, 815, -1,
      757, 815, 758, -1,
      758, 815, 816, -1,
      758, 816, 759, -1,
      759, 816, 817, -1,
      759, 817, 760, -1,
      760, 817, 818, -1,
      760, 818, 761, -1,
      761, 818, 819, -1,
      761, 819, 762, -1,
      762, 819, 820, -1,
      762, 820, 763, -1,
      763, 820, 821, -1,
      763, 821, 764, -1,
      764, 821, 822, -1,
      764, 822, 765, -1,
      765, 822, 823, -1,
      765, 823, 766, -1,
      766, 823, 824, -1,
      766, 824, 767, -1,
      767, 824, 825, -1,
      767, 825, 768, -1,
      768, 825, 826, -1,
      768, 826, 769, -1,
      769, 826, 827, -1,
      769, 827, 770, -1,
      770, 827, 828, -1,
      770, 828, 771, -1,
      771, 828, 829, -1,
      771, 829, 772, -1,
      772, 829, 830, -1,
      772, 830, 773, -1,
      773, 830, 831, -1,
      773, 831, 774, -1,
      774, 831, 832, -1,
      774, 832, 775, -1,
      775, 832, 833, -1,
      775, 833, 776, -1,
      776, 833, 834, -1,
      776, 834, 777, -1,
      777, 834, 835, -1,
      777, 835, 778, -1,
      778, 835, 836, -1,
      778, 836, 779, -1,
      779, 836, 837, -1,
      779, 837, 780, -1,
      780, 837, 838, -1,
      780, 838, 781, -1,
      781, 838, 839, -1,
      781, 839, 782, -1,
      782, 839, 783, -1,
      839, 840, 783, -1,
      783, 840, 841, -1,
      783, 841, 784, -1,
      784, 841, 842, -1,
      784, 842, 785, -1,
      785, 842, 843, -1,
      785, 843, 786, -1,
      786, 843, 844, -1,
      786, 844, 787, -1,
      787, 844, 845, -1,
      787, 845, 788, -1,
      788, 845, 846, -1,
      788, 846, 789, -1,
      789, 846, 847, -1,
      789, 847, 790, -1,
      790, 847, 848, -1,
      790, 848, 791, -1,
      791, 848, 849, -1,
      791, 849, 792, -1,
      792, 849, 850, -1,
      792, 850, 793, -1,
      793, 850, 851, -1,
      793, 851, 794, -1,
      794, 851, 852, -1,
      794, 852, 795, -1,
      795, 852, 853, -1,
      795, 853, 796, -1,
      796, 853, 854, -1,
      796, 854, 797, -1,
      797, 854, 855, -1,
      797, 855, 798, -1,
      798, 855, 856, -1,
      798, 856, 799, -1,
      799, 856, 857, -1,
      799, 857, 800, -1,
      800, 857, 858, -1,
      800, 858, 801, -1,
      801, 858, 859, -1,
      801, 859, 802, -1,
      802, 859, 860, -1,
      802, 860, 803, -1,
      803, 860, 861, -1,
      803, 861, 804, -1,
      804, 861, 862, -1,
      804, 862, 805, -1,
      805, 862, 863, -1,
      805, 863, 806, -1,
      806, 863, 864, -1,
      806, 864, 807, -1,
      807, 864, 865, -1,
      807, 865, 808, -1,
      808, 865, 866, -1,
      808, 866, 809, -1,
      809, 866, 867, -1,
      809, 867, 810, -1,
      810, 867, 868, -1,
      810, 868, 811, -1,
      811, 868, 869, -1,
      811, 869, 812, -1,
      812, 869, 870, -1,
      812, 870, 813, -1,
      813, 870, 871, -1,
      813, 871, 814, -1,
      814, 871, 872, -1,
      814, 872, 815, -1,
      815, 872, 873, -1,
      815, 873, 816, -1,
      816, 873, 874, -1,
      816, 874, 817, -1,
      817, 874, 875, -1,
      817, 875, 818, -1,
      818, 875, 876, -1,
      818, 876, 819, -1,
      819, 876, 877, -1,
      819, 877, 820, -1,
      820, 877, 878, -1,
      820, 878, 821, -1,
      821, 878, 879, -1,
      821, 879, 822, -1,
      822, 879, 880, -1,
      822, 880, 823, -1,
      823, 880, 881, -1,
      823, 881, 824, -1,
      824, 881, 882, -1,
      824, 882, 825, -1,
      825, 882, 883, -1,
      825, 883, 826, -1,
      826, 883, 884, -1,
      826, 884, 827, -1,
      827, 884, 885, -1,
      827, 885, 828, -1,
      828, 885, 886, -1,
      828, 886, 829, -1,
      829, 886, 887, -1,
      829, 887, 830, -1,
      830, 887, 888, -1,
      830, 888, 831, -1,
      831, 888, 889, -1,
      831, 889, 832, -1,
      832, 889, 890, -1,
      832, 890, 833, -1,
      833, 890, 891, -1,
      833, 891, 834, -1,
      834, 891, 892, -1,
      834, 892, 835, -1,
      835, 892, 893, -1,
      835, 893, 836, -1,
      836, 893, 894, -1,
      836, 894, 837, -1,
      837, 894, 895, -1,
      837, 895, 838, -1,
      838, 895, 896, -1,
      838, 896, 839, -1,
      839, 896, 840, -1,
      896, 294, 840, -1,
      840, 294, 298, -1,
      840, 298, 841, -1,
      841, 298, 297, -1,
      841, 297, 842, -1,
      842, 297, 296, -1,
      842, 296, 843, -1,
      843, 296, 305, -1,
      843, 305, 844, -1,
      844, 305, 304, -1,
      844, 304, 845, -1,
      845, 304, 303, -1,
      845, 303, 846, -1,
      846, 303, 302, -1,
      846, 302, 847, -1,
      847, 302, 301, -1,
      847, 301, 848, -1,
      848, 301, 300, -1,
      848, 300, 849, -1,
      849, 300, 299, -1,
      849, 299, 850, -1,
      850, 299, 279, -1,
      850, 279, 851, -1,
      851, 279, 278, -1,
      851, 278, 852, -1,
      852, 278, 283, -1,
      852, 283, 853, -1,
      853, 283, 282, -1,
      853, 282, 854, -1,
      854, 282, 281, -1,
      854, 281, 855, -1,
      855, 281, 280, -1,
      855, 280, 856, -1,
      856, 280, 260, -1,
      856, 260, 857, -1,
      857, 260, 259, -1,
      857, 259, 858, -1,
      858, 259, 263, -1,
      858, 263, 859, -1,
      859, 263, 262, -1,
      859, 262, 860, -1,
      860, 262, 261, -1,
      860, 261, 861, -1,
      861, 261, 252, -1,
      861, 252, 862, -1,
      862, 252, 251, -1,
      862, 251, 863, -1,
      863, 251, 274, -1,
      863, 274, 864, -1,
      864, 274, 273, -1,
      864, 273, 865, -1,
      865, 273, 272, -1,
      865, 272, 866, -1,
      866, 272, 271, -1,
      866, 271, 867, -1,
      867, 271, 253, -1,
      867, 253, 868, -1,
      868, 253, 254, -1,
      868, 254, 869, -1,
      869, 254, 258, -1,
      869, 258, 870, -1,
      870, 258, 257, -1,
      870, 257, 871, -1,
      871, 257, 256, -1,
      871, 256, 872, -1,
      872, 256, 255, -1,
      872, 255, 873, -1,
      873, 255, 250, -1,
      873, 250, 874, -1,
      874, 250, 249, -1,
      874, 249, 875, -1,
      875, 249, 265, -1,
      875, 265, 876, -1,
      876, 265, 264, -1,
      876, 264, 877, -1,
      877, 264, 286, -1,
      877, 286, 878, -1,
      878, 286, 285, -1,
      878, 285, 879, -1,
      879, 285, 284, -1,
      879, 284, 880, -1,
      880, 284, 290, -1,
      880, 290, 881, -1,
      881, 290, 289, -1,
      881, 289, 882, -1,
      882, 289, 288, -1,
      882, 288, 883, -1,
      883, 288, 287, -1,
      883, 287, 884, -1,
      884, 287, 277, -1,
      884, 277, 885, -1,
      885, 277, 276, -1,
      885, 276, 886, -1,
      886, 276, 275, -1,
      886, 275, 887, -1,
      887, 275, 267, -1,
      887, 267, 888, -1,
      888, 267, 266, -1,
      888, 266, 889, -1,
      889, 266, 270, -1,
      889, 270, 890, -1,
      890, 270, 269, -1,
      890, 269, 891, -1,
      891, 269, 268, -1,
      891, 268, 892, -1,
      892, 268, 293, -1,
      892, 293, 893, -1,
      893, 293, 292, -1,
      893, 292, 894, -1,
      894, 292, 291, -1,
      894, 291, 895, -1,
      895, 291, 295, -1,
      895, 295, 896, -1,
      896, 295, 294, -1,
      6, 8, 897, -1,
      16, 18, 898, -1,
      26, 28, 899, -1,
      34, 36, 900, -1,
      40, 42, 901, -1,
      50, 52, 902, -1,
      60, 62, 903, -1,
      64, 66, 904, -1,
      68, 70, 905, -1,
      74, 76, 906, -1,
      84, 86, 907, -1,
      94, 96, 908, -1,
      98, 100, 909, -1,
      102, 104, 910, -1,
      108, 110, 911, -1,
      118, 120, 912, -1,
      128, 130, 913, -1,
      132, 134, 914, -1,
      142, 144, 915, -1,
      152, 154, 916, -1,
      162, 164, 917, -1,
      166, 168, 918, -1,
      176, 178, 919, -1,
      186, 188, 920, -1,
      193, 192, 921, -1,
      921, 192, 922, -1,
      921, 922, 923, -1,
      923, 922, 924, -1,
      923, 924, 925, -1,
      925, 924, 926, -1,
      925, 926, 927, -1,
      927, 926, 928, -1,
      927, 928, 929, -1,
      929, 928, 920, -1,
      197, 196, 930, -1,
      930, 196, 931, -1,
      930, 931, 932, -1,
      932, 931, 933, -1,
      932, 933, 934, -1,
      934, 933, 935, -1,
      934, 935, 936, -1,
      936, 935, 937, -1,
      936, 937, 938, -1,
      938, 937, 919, -1,
      200, 199, 939, -1,
      939, 199, 940, -1,
      939, 940, 941, -1,
      941, 940, 942, -1,
      941, 942, 943, -1,
      943, 942, 944, -1,
      943, 944, 945, -1,
      945, 944, 946, -1,
      945, 946, 947, -1,
      947, 946, 918, -1,
      202, 207, 948, -1,
      948, 207, 949, -1,
      948, 949, 950, -1,
      950, 949, 951, -1,
      950, 951, 952, -1,
      952, 951, 953, -1,
      952, 953, 954, -1,
      954, 953, 955, -1,
      954, 955, 956, -1,
      956, 955, 916, -1,
      205, 210, 957, -1,
      957, 210, 958, -1,
      957, 958, 959, -1,
      959, 958, 960, -1,
      959, 960, 961, -1,
      961, 960, 962, -1,
      961, 962, 963, -1,
      963, 962, 964, -1,
      963, 964, 965, -1,
      965, 964, 915, -1,
      208, 213, 966, -1,
      966, 213, 967, -1,
      966, 967, 968, -1,
      968, 967, 969, -1,
      968, 969, 970, -1,
      970, 969, 971, -1,
      970, 971, 972, -1,
      972, 971, 973, -1,
      972, 973, 974, -1,
      974, 973, 914, -1,
      216, 215, 975, -1,
      975, 215, 976, -1,
      975, 976, 977, -1,
      977, 976, 978, -1,
      977, 978, 979, -1,
      979, 978, 980, -1,
      979, 980, 981, -1,
      981, 980, 982, -1,
      981, 982, 983, -1,
      983, 982, 912, -1,
      219, 218, 984, -1,
      984, 218, 985, -1,
      984, 985, 986, -1,
      986, 985, 987, -1,
      986, 987, 988, -1,
      988, 987, 989, -1,
      988, 989, 990, -1,
      990, 989, 991, -1,
      990, 991, 992, -1,
      992, 991, 911, -1,
      224, 223, 993, -1,
      993, 223, 994, -1,
      993, 994, 995, -1,
      995, 994, 996, -1,
      995, 996, 997, -1,
      997, 996, 998, -1,
      997, 998, 999, -1,
      999, 998, 1000, -1,
      999, 1000, 1001, -1,
      1001, 1000, 907, -1,
      227, 226, 1002, -1,
      1002, 226, 1003, -1,
      1002, 1003, 1004, -1,
      1004, 1003, 1005, -1,
      1004, 1005, 1006, -1,
      1006, 1005, 1007, -1,
      1006, 1007, 1008, -1,
      1008, 1007, 1009, -1,
      1008, 1009, 1010, -1,
      1010, 1009, 906, -1,
      232, 237, 1011, -1,
      1011, 237, 1012, -1,
      1011, 1012, 1013, -1,
      1013, 1012, 1014, -1,
      1013, 1014, 1015, -1,
      1015, 1014, 1016, -1,
      1015, 1016, 1017, -1,
      1017, 1016, 1018, -1,
      1017, 1018, 1019, -1,
      1019, 1018, 902, -1,
      235, 240, 1020, -1,
      1020, 240, 1021, -1,
      1020, 1021, 1022, -1,
      1022, 1021, 1023, -1,
      1022, 1023, 1024, -1,
      1024, 1023, 1025, -1,
      1024, 1025, 1026, -1,
      1026, 1025, 1027, -1,
      1026, 1027, 1028, -1,
      1028, 1027, 901, -1,
      243, 242, 1029, -1,
      1029, 242, 1030, -1,
      1029, 1030, 1031, -1,
      1031, 1030, 1032, -1,
      1031, 1032, 1033, -1,
      1033, 1032, 1034, -1,
      1033, 1034, 1035, -1,
      1035, 1034, 1036, -1,
      1035, 1036, 1037, -1,
      1037, 1036, 899, -1,
      246, 245, 1038, -1,
      1038, 245, 1039, -1,
      1038, 1039, 1040, -1,
      1040, 1039, 1041, -1,
      1040, 1041, 1042, -1,
      1042, 1041, 1043, -1,
      1042, 1043, 1044, -1,
      1044, 1043, 1045, -1,
      1044, 1045, 1046, -1,
      1046, 1045, 898, -1,
      248, 247, 1047, -1,
      1047, 247, 1048, -1,
      1047, 1048, 1049, -1,
      1049, 1048, 1050, -1,
      1049, 1050, 1051, -1,
      1051, 1050, 1052, -1,
      1051, 1052, 1053, -1,
      1053, 1052, 1054, -1,
      1053, 1054, 1055, -1,
      1055, 1054, 897, -1,
      194, 193, 1056, -1,
      1056, 193, 921, -1,
      1056, 921, 1057, -1,
      1057, 921, 923, -1,
      1057, 923, 1058, -1,
      1058, 923, 925, -1,
      1058, 925, 1059, -1,
      1059, 925, 927, -1,
      1059, 927, 1060, -1,
      1060, 927, 929, -1,
      1060, 929, 2, -1,
      2, 929, 0, -1,
      920, 188, 929, -1,
      929, 188, 190, -1,
      929, 190, 0, -1,
      184, 186, 1061, -1,
      1061, 186, 920, -1,
      1061, 920, 1062, -1,
      1062, 920, 928, -1,
      1062, 928, 1063, -1,
      1063, 928, 926, -1,
      1063, 926, 1064, -1,
      1064, 926, 924, -1,
      1064, 924, 1065, -1,
      1065, 924, 922, -1,
      1065, 922, 198, -1,
      198, 922, 192, -1,
      198, 197, 1065, -1,
      1065, 197, 930, -1,
      1065, 930, 1064, -1,
      1064, 930, 932, -1,
      1064, 932, 1063, -1,
      1063, 932, 934, -1,
      1063, 934, 1062, -1,
      1062, 934, 936, -1,
      1062, 936, 1061, -1,
      1061, 936, 938, -1,
      1061, 938, 184, -1,
      184, 938, 182, -1,
      919, 178, 938, -1,
      938, 178, 180, -1,
      938, 180, 182, -1,
      174, 176, 1066, -1,
      1066, 176, 919, -1,
      1066, 919, 1067, -1,
      1067, 919, 937, -1,
      1067, 937, 1068, -1,
      1068, 937, 935, -1,
      1068, 935, 1069, -1,
      1069, 935, 933, -1,
      1069, 933, 1070, -1,
      1070, 933, 931, -1,
      1070, 931, 201, -1,
      201, 931, 196, -1,
      201, 200, 1070, -1,
      1070, 200, 939, -1,
      1070, 939, 1069, -1,
      1069, 939, 941, -1,
      1069, 941, 1068, -1,
      1068, 941, 943, -1,
      1068, 943, 1067, -1,
      1067, 943, 945, -1,
      1067, 945, 1066, -1,
      1066, 945, 947, -1,
      1066, 947, 174, -1,
      174, 947, 172, -1,
      918, 168, 947, -1,
      947, 168, 170, -1,
      947, 170, 172, -1,
      164, 166, 917, -1,
      917, 166, 918, -1,
      917, 918, 1071, -1,
      1071, 918, 946, -1,
      1071, 946, 1072, -1,
      1072, 946, 944, -1,
      1072, 944, 1073, -1,
      1073, 944, 942, -1,
      1073, 942, 1074, -1,
      1074, 942, 940, -1,
      1074, 940, 204, -1,
      204, 940, 199, -1,
      160, 162, 1075, -1,
      1075, 162, 917, -1,
      1075, 917, 1076, -1,
      1076, 917, 1071, -1,
      1076, 1071, 1077, -1,
      1077, 1071, 1072, -1,
      1077, 1072, 1078, -1,
      1078, 1072, 1073, -1,
      1078, 1073, 1079, -1,
      1079, 1073, 1074, -1,
      1079, 1074, 203, -1,
      203, 1074, 204, -1,
      203, 202, 1079, -1,
      1079, 202, 948, -1,
      1079, 948, 1078, -1,
      1078, 948, 950, -1,
      1078, 950, 1077, -1,
      1077, 950, 952, -1,
      1077, 952, 1076, -1,
      1076, 952, 954, -1,
      1076, 954, 1075, -1,
      1075, 954, 956, -1,
      1075, 956, 160, -1,
      160, 956, 158, -1,
      916, 154, 956, -1,
      956, 154, 156, -1,
      956, 156, 158, -1,
      150, 152, 1080, -1,
      1080, 152, 916, -1,
      1080, 916, 1081, -1,
      1081, 916, 955, -1,
      1081, 955, 1082, -1,
      1082, 955, 953, -1,
      1082, 953, 1083, -1,
      1083, 953, 951, -1,
      1083, 951, 1084, -1,
      1084, 951, 949, -1,
      1084, 949, 206, -1,
      206, 949, 207, -1,
      206, 205, 1084, -1,
      1084, 205, 957, -1,
      1084, 957, 1083, -1,
      1083, 957, 959, -1,
      1083, 959, 1082, -1,
      1082, 959, 961, -1,
      1082, 961, 1081, -1,
      1081, 961, 963, -1,
      1081, 963, 1080, -1,
      1080, 963, 965, -1,
      1080, 965, 150, -1,
      150, 965, 148, -1,
      915, 144, 965, -1,
      965, 144, 146, -1,
      965, 146, 148, -1,
      140, 142, 1085, -1,
      1085, 142, 915, -1,
      1085, 915, 1086, -1,
      1086, 915, 964, -1,
      1086, 964, 1087, -1,
      1087, 964, 962, -1,
      1087, 962, 1088, -1,
      1088, 962, 960, -1,
      1088, 960, 1089, -1,
      1089, 960, 958, -1,
      1089, 958, 209, -1,
      209, 958, 210, -1,
      209, 208, 1089, -1,
      1089, 208, 966, -1,
      1089, 966, 1088, -1,
      1088, 966, 968, -1,
      1088, 968, 1087, -1,
      1087, 968, 970, -1,
      1087, 970, 1086, -1,
      1086, 970, 972, -1,
      1086, 972, 1085, -1,
      1085, 972, 974, -1,
      1085, 974, 140, -1,
      140, 974, 138, -1,
      914, 134, 974, -1,
      974, 134, 136, -1,
      974, 136, 138, -1,
      130, 132, 913, -1,
      913, 132, 914, -1,
      913, 914, 1090, -1,
      1090, 914, 973, -1,
      1090, 973, 1091, -1,
      1091, 973, 971, -1,
      1091, 971, 1092, -1,
      1092, 971, 969, -1,
      1092, 969, 1093, -1,
      1093, 969, 967, -1,
      1093, 967, 212, -1,
      212, 967, 213, -1,
      126, 128, 1094, -1,
      1094, 128, 913, -1,
      1094, 913, 1095, -1,
      1095, 913, 1090, -1,
      1095, 1090, 1096, -1,
      1096, 1090, 1091, -1,
      1096, 1091, 1097, -1,
      1097, 1091, 1092, -1,
      1097, 1092, 1098, -1,
      1098, 1092, 1093, -1,
      1098, 1093, 211, -1,
      211, 1093, 212, -1,
      211, 216, 1098, -1,
      1098, 216, 975, -1,
      1098, 975, 1097, -1,
      1097, 975, 977, -1,
      1097, 977, 1096, -1,
      1096, 977, 979, -1,
      1096, 979, 1095, -1,
      1095, 979, 981, -1,
      1095, 981, 1094, -1,
      1094, 981, 983, -1,
      1094, 983, 126, -1,
      126, 983, 124, -1,
      912, 120, 983, -1,
      983, 120, 122, -1,
      983, 122, 124, -1,
      116, 118, 1099, -1,
      1099, 118, 912, -1,
      1099, 912, 1100, -1,
      1100, 912, 982, -1,
      1100, 982, 1101, -1,
      1101, 982, 980, -1,
      1101, 980, 1102, -1,
      1102, 980, 978, -1,
      1102, 978, 1103, -1,
      1103, 978, 976, -1,
      1103, 976, 214, -1,
      214, 976, 215, -1,
      214, 219, 1103, -1,
      1103, 219, 984, -1,
      1103, 984, 1102, -1,
      1102, 984, 986, -1,
      1102, 986, 1101, -1,
      1101, 986, 988, -1,
      1101, 988, 1100, -1,
      1100, 988, 990, -1,
      1100, 990, 1099, -1,
      1099, 990, 992, -1,
      1099, 992, 116, -1,
      116, 992, 114, -1,
      911, 110, 992, -1,
      992, 110, 112, -1,
      992, 112, 114, -1,
      106, 108, 1104, -1,
      1104, 108, 911, -1,
      1104, 911, 1105, -1,
      1105, 911, 991, -1,
      1105, 991, 1106, -1,
      1106, 991, 989, -1,
      1106, 989, 1107, -1,
      1107, 989, 987, -1,
      1107, 987, 1108, -1,
      1108, 987, 985, -1,
      1108, 985, 217, -1,
      217, 985, 218, -1,
      217, 222, 1108, -1,
      1108, 222, 1109, -1,
      1108, 1109, 1107, -1,
      1107, 1109, 1110, -1,
      1107, 1110, 1106, -1,
      1106, 1110, 1111, -1,
      1106, 1111, 1105, -1,
      1105, 1111, 1112, -1,
      1105, 1112, 1104, -1,
      1104, 1112, 910, -1,
      1104, 910, 106, -1,
      106, 910, 104, -1,
      100, 102, 909, -1,
      909, 102, 910, -1,
      909, 910, 1113, -1,
      1113, 910, 1112, -1,
      1113, 1112, 1114, -1,
      1114, 1112, 1111, -1,
      1114, 1111, 1115, -1,
      1115, 1111, 1110, -1,
      1115, 1110, 1116, -1,
      1116, 1110, 1109, -1,
      1116, 1109, 221, -1,
      221, 1109, 222, -1,
      96, 98, 908, -1,
      908, 98, 909, -1,
      908, 909, 1117, -1,
      1117, 909, 1113, -1,
      1117, 1113, 1118, -1,
      1118, 1113, 1114, -1,
      1118, 1114, 1119, -1,
      1119, 1114, 1115, -1,
      1119, 1115, 1120, -1,
      1120, 1115, 1116, -1,
      1120, 1116, 220, -1,
      220, 1116, 221, -1,
      92, 94, 1121, -1,
      1121, 94, 908, -1,
      1121, 908, 1122, -1,
      1122, 908, 1117, -1,
      1122, 1117, 1123, -1,
      1123, 1117, 1118, -1,
      1123, 1118, 1124, -1,
      1124, 1118, 1119, -1,
      1124, 1119, 1125, -1,
      1125, 1119, 1120, -1,
      1125, 1120, 225, -1,
      225, 1120, 220, -1,
      225, 224, 1125, -1,
      1125, 224, 993, -1,
      1125, 993, 1124, -1,
      1124, 993, 995, -1,
      1124, 995, 1123, -1,
      1123, 995, 997, -1,
      1123, 997, 1122, -1,
      1122, 997, 999, -1,
      1122, 999, 1121, -1,
      1121, 999, 1001, -1,
      1121, 1001, 92, -1,
      92, 1001, 90, -1,
      907, 86, 1001, -1,
      1001, 86, 88, -1,
      1001, 88, 90, -1,
      82, 84, 1126, -1,
      1126, 84, 907, -1,
      1126, 907, 1127, -1,
      1127, 907, 1000, -1,
      1127, 1000, 1128, -1,
      1128, 1000, 998, -1,
      1128, 998, 1129, -1,
      1129, 998, 996, -1,
      1129, 996, 1130, -1,
      1130, 996, 994, -1,
      1130, 994, 228, -1,
      228, 994, 223, -1,
      228, 227, 1130, -1,
      1130, 227, 1002, -1,
      1130, 1002, 1129, -1,
      1129, 1002, 1004, -1,
      1129, 1004, 1128, -1,
      1128, 1004, 1006, -1,
      1128, 1006, 1127, -1,
      1127, 1006, 1008, -1,
      1127, 1008, 1126, -1,
      1126, 1008, 1010, -1,
      1126, 1010, 82, -1,
      82, 1010, 80, -1,
      906, 76, 1010, -1,
      1010, 76, 78, -1,
      1010, 78, 80, -1,
      72, 74, 1131, -1,
      1131, 74, 906, -1,
      1131, 906, 1132, -1,
      1132, 906, 1009, -1,
      1132, 1009, 1133, -1,
      1133, 1009, 1007, -1,
      1133, 1007, 1134, -1,
      1134, 1007, 1005, -1,
      1134, 1005, 1135, -1,
      1135, 1005, 1003, -1,
      1135, 1003, 231, -1,
      231, 1003, 226, -1,
      231, 230, 1135, -1,
      1135, 230, 1136, -1,
      1135, 1136, 1134, -1,
      1134, 1136, 1137, -1,
      1134, 1137, 1133, -1,
      1133, 1137, 1138, -1,
      1133, 1138, 1132, -1,
      1132, 1138, 1139, -1,
      1132, 1139, 1131, -1,
      1131, 1139, 905, -1,
      1131, 905, 72, -1,
      72, 905, 70, -1,
      66, 68, 904, -1,
      904, 68, 905, -1,
      904, 905, 1140, -1,
      1140, 905, 1139, -1,
      1140, 1139, 1141, -1,
      1141, 1139, 1138, -1,
      1141, 1138, 1142, -1,
      1142, 1138, 1137, -1,
      1142, 1137, 1143, -1,
      1143, 1137, 1136, -1,
      1143, 1136, 229, -1,
      229, 1136, 230, -1,
      229, 234, 1143, -1,
      1143, 234, 1144, -1,
      1143, 1144, 1142, -1,
      1142, 1144, 1145, -1,
      1142, 1145, 1141, -1,
      1141, 1145, 1146, -1,
      1141, 1146, 1140, -1,
      1140, 1146, 1147, -1,
      1140, 1147, 904, -1,
      904, 1147, 903, -1,
      904, 903, 64, -1,
      64, 903, 62, -1,
      58, 60, 1148, -1,
      1148, 60, 903, -1,
      1148, 903, 1149, -1,
      1149, 903, 1147, -1,
      1149, 1147, 1150, -1,
      1150, 1147, 1146, -1,
      1150, 1146, 1151, -1,
      1151, 1146, 1145, -1,
      1151, 1145, 1152, -1,
      1152, 1145, 1144, -1,
      1152, 1144, 233, -1,
      233, 1144, 234, -1,
      233, 232, 1152, -1,
      1152, 232, 1011, -1,
      1152, 1011, 1151, -1,
      1151, 1011, 1013, -1,
      1151, 1013, 1150, -1,
      1150, 1013, 1015, -1,
      1150, 1015, 1149, -1,
      1149, 1015, 1017, -1,
      1149, 1017, 1148, -1,
      1148, 1017, 1019, -1,
      1148, 1019, 58, -1,
      58, 1019, 56, -1,
      902, 52, 1019, -1,
      1019, 52, 54, -1,
      1019, 54, 56, -1,
      48, 50, 1153, -1,
      1153, 50, 902, -1,
      1153, 902, 1154, -1,
      1154, 902, 1018, -1,
      1154, 1018, 1155, -1,
      1155, 1018, 1016, -1,
      1155, 1016, 1156, -1,
      1156, 1016, 1014, -1,
      1156, 1014, 1157, -1,
      1157, 1014, 1012, -1,
      1157, 1012, 236, -1,
      236, 1012, 237, -1,
      236, 235, 1157, -1,
      1157, 235, 1020, -1,
      1157, 1020, 1156, -1,
      1156, 1020, 1022, -1,
      1156, 1022, 1155, -1,
      1155, 1022, 1024, -1,
      1155, 1024, 1154, -1,
      1154, 1024, 1026, -1,
      1154, 1026, 1153, -1,
      1153, 1026, 1028, -1,
      1153, 1028, 48, -1,
      48, 1028, 46, -1,
      901, 42, 1028, -1,
      1028, 42, 44, -1,
      1028, 44, 46, -1,
      38, 40, 1158, -1,
      1158, 40, 901, -1,
      1158, 901, 1159, -1,
      1159, 901, 1027, -1,
      1159, 1027, 1160, -1,
      1160, 1027, 1025, -1,
      1160, 1025, 1161, -1,
      1161, 1025, 1023, -1,
      1161, 1023, 1162, -1,
      1162, 1023, 1021, -1,
      1162, 1021, 239, -1,
      239, 1021, 240, -1,
      239, 238, 1162, -1,
      1162, 238, 1163, -1,
      1162, 1163, 1161, -1,
      1161, 1163, 1164, -1,
      1161, 1164, 1160, -1,
      1160, 1164, 1165, -1,
      1160, 1165, 1159, -1,
      1159, 1165, 1166, -1,
      1159, 1166, 1158, -1,
      1158, 1166, 900, -1,
      1158, 900, 38, -1,
      38, 900, 36, -1,
      32, 34, 1037, -1,
      1037, 34, 900, -1,
      1037, 900, 1035, -1,
      1035, 900, 1166, -1,
      1035, 1166, 1033, -1,
      1033, 1166, 1165, -1,
      1033, 1165, 1031, -1,
      1031, 1165, 1164, -1,
      1031, 1164, 1029, -1,
      1029, 1164, 1163, -1,
      1029, 1163, 243, -1,
      243, 1163, 238, -1,
      899, 28, 1037, -1,
      1037, 28, 30, -1,
      1037, 30, 32, -1,
      24, 26, 1167, -1,
      1167, 26, 899, -1,
      1167, 899, 1168, -1,
      1168, 899, 1036, -1,
      1168, 1036, 1169, -1,
      1169, 1036, 1034, -1,
      1169, 1034, 1170, -1,
      1170, 1034, 1032, -1,
      1170, 1032, 1171, -1,
      1171, 1032, 1030, -1,
      1171, 1030, 241, -1,
      241, 1030, 242, -1,
      241, 246, 1171, -1,
      1171, 246, 1038, -1,
      1171, 1038, 1170, -1,
      1170, 1038, 1040, -1,
      1170, 1040, 1169, -1,
      1169, 1040, 1042, -1,
      1169, 1042, 1168, -1,
      1168, 1042, 1044, -1,
      1168, 1044, 1167, -1,
      1167, 1044, 1046, -1,
      1167, 1046, 24, -1,
      24, 1046, 22, -1,
      898, 18, 1046, -1,
      1046, 18, 20, -1,
      1046, 20, 22, -1,
      14, 16, 1172, -1,
      1172, 16, 898, -1,
      1172, 898, 1173, -1,
      1173, 898, 1045, -1,
      1173, 1045, 1174, -1,
      1174, 1045, 1043, -1,
      1174, 1043, 1175, -1,
      1175, 1043, 1041, -1,
      1175, 1041, 1176, -1,
      1176, 1041, 1039, -1,
      1176, 1039, 244, -1,
      244, 1039, 245, -1,
      244, 248, 1176, -1,
      1176, 248, 1047, -1,
      1176, 1047, 1175, -1,
      1175, 1047, 1049, -1,
      1175, 1049, 1174, -1,
      1174, 1049, 1051, -1,
      1174, 1051, 1173, -1,
      1173, 1051, 1053, -1,
      1173, 1053, 1172, -1,
      1172, 1053, 1055, -1,
      1172, 1055, 14, -1,
      14, 1055, 12, -1,
      897, 8, 1055, -1,
      1055, 8, 10, -1,
      1055, 10, 12, -1,
      4, 6, 1177, -1,
      1177, 6, 897, -1,
      1177, 897, 1178, -1,
      1178, 897, 1054, -1,
      1178, 1054, 1179, -1,
      1179, 1054, 1052, -1,
      1179, 1052, 1180, -1,
      1180, 1052, 1050, -1,
      1180, 1050, 1181, -1,
      1181, 1050, 1048, -1,
      1181, 1048, 195, -1,
      195, 1048, 247, -1,
      195, 194, 1181, -1,
      1181, 194, 1056, -1,
      1181, 1056, 1180, -1,
      1180, 1056, 1057, -1,
      1180, 1057, 1179, -1,
      1179, 1057, 1058, -1,
      1179, 1058, 1178, -1,
      1178, 1058, 1059, -1,
      1178, 1059, 1177, -1,
      1177, 1059, 1060, -1,
      1177, 1060, 4, -1,
      4, 1060, 2, -1,
      465, 467, 1182, -1,
      475, 477, 1183, -1,
      485, 487, 1184, -1,
      493, 495, 1185, -1,
      499, 501, 1186, -1,
      509, 511, 1187, -1,
      519, 521, 1188, -1,
      523, 525, 1189, -1,
      527, 529, 1190, -1,
      533, 535, 1191, -1,
      543, 545, 1192, -1,
      553, 363, 1193, -1,
      365, 367, 1194, -1,
      369, 371, 1195, -1,
      375, 377, 1196, -1,
      385, 387, 1197, -1,
      395, 397, 1198, -1,
      399, 401, 1199, -1,
      409, 411, 1200, -1,
      419, 421, 1201, -1,
      429, 431, 1202, -1,
      433, 435, 1203, -1,
      443, 445, 1204, -1,
      453, 455, 1205, -1,
      307, 306, 1206, -1,
      1206, 306, 1207, -1,
      1206, 1207, 1208, -1,
      1208, 1207, 1209, -1,
      1208, 1209, 1210, -1,
      1210, 1209, 1211, -1,
      1210, 1211, 1212, -1,
      1212, 1211, 1213, -1,
      1212, 1213, 1214, -1,
      1214, 1213, 1205, -1,
      311, 310, 1215, -1,
      1215, 310, 1216, -1,
      1215, 1216, 1217, -1,
      1217, 1216, 1218, -1,
      1217, 1218, 1219, -1,
      1219, 1218, 1220, -1,
      1219, 1220, 1221, -1,
      1221, 1220, 1222, -1,
      1221, 1222, 1223, -1,
      1223, 1222, 1204, -1,
      314, 313, 1224, -1,
      1224, 313, 1225, -1,
      1224, 1225, 1226, -1,
      1226, 1225, 1227, -1,
      1226, 1227, 1228, -1,
      1228, 1227, 1229, -1,
      1228, 1229, 1230, -1,
      1230, 1229, 1231, -1,
      1230, 1231, 1232, -1,
      1232, 1231, 1203, -1,
      316, 321, 1233, -1,
      1233, 321, 1234, -1,
      1233, 1234, 1235, -1,
      1235, 1234, 1236, -1,
      1235, 1236, 1237, -1,
      1237, 1236, 1238, -1,
      1237, 1238, 1239, -1,
      1239, 1238, 1240, -1,
      1239, 1240, 1241, -1,
      1241, 1240, 1201, -1,
      319, 324, 1242, -1,
      1242, 324, 1243, -1,
      1242, 1243, 1244, -1,
      1244, 1243, 1245, -1,
      1244, 1245, 1246, -1,
      1246, 1245, 1247, -1,
      1246, 1247, 1248, -1,
      1248, 1247, 1249, -1,
      1248, 1249, 1250, -1,
      1250, 1249, 1200, -1,
      322, 327, 1251, -1,
      1251, 327, 1252, -1,
      1251, 1252, 1253, -1,
      1253, 1252, 1254, -1,
      1253, 1254, 1255, -1,
      1255, 1254, 1256, -1,
      1255, 1256, 1257, -1,
      1257, 1256, 1258, -1,
      1257, 1258, 1259, -1,
      1259, 1258, 1199, -1,
      330, 329, 1260, -1,
      1260, 329, 1261, -1,
      1260, 1261, 1262, -1,
      1262, 1261, 1263, -1,
      1262, 1263, 1264, -1,
      1264, 1263, 1265, -1,
      1264, 1265, 1266, -1,
      1266, 1265, 1267, -1,
      1266, 1267, 1268, -1,
      1268, 1267, 1197, -1,
      333, 332, 1269, -1,
      1269, 332, 1270, -1,
      1269, 1270, 1271, -1,
      1271, 1270, 1272, -1,
      1271, 1272, 1273, -1,
      1273, 1272, 1274, -1,
      1273, 1274, 1275, -1,
      1275, 1274, 1276, -1,
      1275, 1276, 1277, -1,
      1277, 1276, 1196, -1,
      338, 337, 1278, -1,
      1278, 337, 1279, -1,
      1278, 1279, 1280, -1,
      1280, 1279, 1281, -1,
      1280, 1281, 1282, -1,
      1282, 1281, 1283, -1,
      1282, 1283, 1284, -1,
      1284, 1283, 1285, -1,
      1284, 1285, 1286, -1,
      1286, 1285, 1192, -1,
      341, 340, 1287, -1,
      1287, 340, 1288, -1,
      1287, 1288, 1289, -1,
      1289, 1288, 1290, -1,
      1289, 1290, 1291, -1,
      1291, 1290, 1292, -1,
      1291, 1292, 1293, -1,
      1293, 1292, 1294, -1,
      1293, 1294, 1295, -1,
      1295, 1294, 1191, -1,
      346, 351, 1296, -1,
      1296, 351, 1297, -1,
      1296, 1297, 1298, -1,
      1298, 1297, 1299, -1,
      1298, 1299, 1300, -1,
      1300, 1299, 1301, -1,
      1300, 1301, 1302, -1,
      1302, 1301, 1303, -1,
      1302, 1303, 1304, -1,
      1304, 1303, 1187, -1,
      349, 354, 1305, -1,
      1305, 354, 1306, -1,
      1305, 1306, 1307, -1,
      1307, 1306, 1308, -1,
      1307, 1308, 1309, -1,
      1309, 1308, 1310, -1,
      1309, 1310, 1311, -1,
      1311, 1310, 1312, -1,
      1311, 1312, 1313, -1,
      1313, 1312, 1186, -1,
      357, 356, 1314, -1,
      1314, 356, 1315, -1,
      1314, 1315, 1316, -1,
      1316, 1315, 1317, -1,
      1316, 1317, 1318, -1,
      1318, 1317, 1319, -1,
      1318, 1319, 1320, -1,
      1320, 1319, 1321, -1,
      1320, 1321, 1322, -1,
      1322, 1321, 1184, -1,
      360, 359, 1323, -1,
      1323, 359, 1324, -1,
      1323, 1324, 1325, -1,
      1325, 1324, 1326, -1,
      1325, 1326, 1327, -1,
      1327, 1326, 1328, -1,
      1327, 1328, 1329, -1,
      1329, 1328, 1330, -1,
      1329, 1330, 1331, -1,
      1331, 1330, 1183, -1,
      362, 361, 1332, -1,
      1332, 361, 1333, -1,
      1332, 1333, 1334, -1,
      1334, 1333, 1335, -1,
      1334, 1335, 1336, -1,
      1336, 1335, 1337, -1,
      1336, 1337, 1338, -1,
      1338, 1337, 1339, -1,
      1338, 1339, 1340, -1,
      1340, 1339, 1182, -1,
      308, 307, 1341, -1,
      1341, 307, 1206, -1,
      1341, 1206, 1342, -1,
      1342, 1206, 1208, -1,
      1342, 1208, 1343, -1,
      1343, 1208, 1210, -1,
      1343, 1210, 1344, -1,
      1344, 1210, 1212, -1,
      1344, 1212, 1345, -1,
      1345, 1212, 1214, -1,
      1345, 1214, 461, -1,
      461, 1214, 459, -1,
      1205, 455, 1214, -1,
      1214, 455, 457, -1,
      1214, 457, 459, -1,
      451, 453, 1346, -1,
      1346, 453, 1205, -1,
      1346, 1205, 1347, -1,
      1347, 1205, 1213, -1,
      1347, 1213, 1348, -1,
      1348, 1213, 1211, -1,
      1348, 1211, 1349, -1,
      1349, 1211, 1209, -1,
      1349, 1209, 1350, -1,
      1350, 1209, 1207, -1,
      1350, 1207, 312, -1,
      312, 1207, 306, -1,
      312, 311, 1350, -1,
      1350, 311, 1215, -1,
      1350, 1215, 1349, -1,
      1349, 1215, 1217, -1,
      1349, 1217, 1348, -1,
      1348, 1217, 1219, -1,
      1348, 1219, 1347, -1,
      1347, 1219, 1221, -1,
      1347, 1221, 1346, -1,
      1346, 1221, 1223, -1,
      1346, 1223, 451, -1,
      451, 1223, 449, -1,
      1204, 445, 1223, -1,
      1223, 445, 447, -1,
      1223, 447, 449, -1,
      441, 443, 1351, -1,
      1351, 443, 1204, -1,
      1351, 1204, 1352, -1,
      1352, 1204, 1222, -1,
      1352, 1222, 1353, -1,
      1353, 1222, 1220, -1,
      1353, 1220, 1354, -1,
      1354, 1220, 1218, -1,
      1354, 1218, 1355, -1,
      1355, 1218, 1216, -1,
      1355, 1216, 315, -1,
      315, 1216, 310, -1,
      315, 314, 1355, -1,
      1355, 314, 1224, -1,
      1355, 1224, 1354, -1,
      1354, 1224, 1226, -1,
      1354, 1226, 1353, -1,
      1353, 1226, 1228, -1,
      1353, 1228, 1352, -1,
      1352, 1228, 1230, -1,
      1352, 1230, 1351, -1,
      1351, 1230, 1232, -1,
      1351, 1232, 441, -1,
      441, 1232, 439, -1,
      1203, 435, 1232, -1,
      1232, 435, 437, -1,
      1232, 437, 439, -1,
      431, 433, 1202, -1,
      1202, 433, 1203, -1,
      1202, 1203, 1356, -1,
      1356, 1203, 1231, -1,
      1356, 1231, 1357, -1,
      1357, 1231, 1229, -1,
      1357, 1229, 1358, -1,
      1358, 1229, 1227, -1,
      1358, 1227, 1359, -1,
      1359, 1227, 1225, -1,
      1359, 1225, 318, -1,
      318, 1225, 313, -1,
      427, 429, 1360, -1,
      1360, 429, 1202, -1,
      1360, 1202, 1361, -1,
      1361, 1202, 1356, -1,
      1361, 1356, 1362, -1,
      1362, 1356, 1357, -1,
      1362, 1357, 1363, -1,
      1363, 1357, 1358, -1,
      1363, 1358, 1364, -1,
      1364, 1358, 1359, -1,
      1364, 1359, 317, -1,
      317, 1359, 318, -1,
      317, 316, 1364, -1,
      1364, 316, 1233, -1,
      1364, 1233, 1363, -1,
      1363, 1233, 1235, -1,
      1363, 1235, 1362, -1,
      1362, 1235, 1237, -1,
      1362, 1237, 1361, -1,
      1361, 1237, 1239, -1,
      1361, 1239, 1360, -1,
      1360, 1239, 1241, -1,
      1360, 1241, 427, -1,
      427, 1241, 425, -1,
      1201, 421, 1241, -1,
      1241, 421, 423, -1,
      1241, 423, 425, -1,
      417, 419, 1365, -1,
      1365, 419, 1201, -1,
      1365, 1201, 1366, -1,
      1366, 1201, 1240, -1,
      1366, 1240, 1367, -1,
      1367, 1240, 1238, -1,
      1367, 1238, 1368, -1,
      1368, 1238, 1236, -1,
      1368, 1236, 1369, -1,
      1369, 1236, 1234, -1,
      1369, 1234, 320, -1,
      320, 1234, 321, -1,
      320, 319, 1369, -1,
      1369, 319, 1242, -1,
      1369, 1242, 1368, -1,
      1368, 1242, 1244, -1,
      1368, 1244, 1367, -1,
      1367, 1244, 1246, -1,
      1367, 1246, 1366, -1,
      1366, 1246, 1248, -1,
      1366, 1248, 1365, -1,
      1365, 1248, 1250, -1,
      1365, 1250, 417, -1,
      417, 1250, 415, -1,
      1200, 411, 1250, -1,
      1250, 411, 413, -1,
      1250, 413, 415, -1,
      407, 409, 1370, -1,
      1370, 409, 1200, -1,
      1370, 1200, 1371, -1,
      1371, 1200, 1249, -1,
      1371, 1249, 1372, -1,
      1372, 1249, 1247, -1,
      1372, 1247, 1373, -1,
      1373, 1247, 1245, -1,
      1373, 1245, 1374, -1,
      1374, 1245, 1243, -1,
      1374, 1243, 323, -1,
      323, 1243, 324, -1,
      323, 322, 1374, -1,
      1374, 322, 1251, -1,
      1374, 1251, 1373, -1,
      1373, 1251, 1253, -1,
      1373, 1253, 1372, -1,
      1372, 1253, 1255, -1,
      1372, 1255, 1371, -1,
      1371, 1255, 1257, -1,
      1371, 1257, 1370, -1,
      1370, 1257, 1259, -1,
      1370, 1259, 407, -1,
      407, 1259, 405, -1,
      1199, 401, 1259, -1,
      1259, 401, 403, -1,
      1259, 403, 405, -1,
      397, 399, 1198, -1,
      1198, 399, 1199, -1,
      1198, 1199, 1375, -1,
      1375, 1199, 1258, -1,
      1375, 1258, 1376, -1,
      1376, 1258, 1256, -1,
      1376, 1256, 1377, -1,
      1377, 1256, 1254, -1,
      1377, 1254, 1378, -1,
      1378, 1254, 1252, -1,
      1378, 1252, 326, -1,
      326, 1252, 327, -1,
      393, 395, 1379, -1,
      1379, 395, 1198, -1,
      1379, 1198, 1380, -1,
      1380, 1198, 1375, -1,
      1380, 1375, 1381, -1,
      1381, 1375, 1376, -1,
      1381, 1376, 1382, -1,
      1382, 1376, 1377, -1,
      1382, 1377, 1383, -1,
      1383, 1377, 1378, -1,
      1383, 1378, 325, -1,
      325, 1378, 326, -1,
      325, 330, 1383, -1,
      1383, 330, 1260, -1,
      1383, 1260, 1382, -1,
      1382, 1260, 1262, -1,
      1382, 1262, 1381, -1,
      1381, 1262, 1264, -1,
      1381, 1264, 1380, -1,
      1380, 1264, 1266, -1,
      1380, 1266, 1379, -1,
      1379, 1266, 1268, -1,
      1379, 1268, 393, -1,
      393, 1268, 391, -1,
      1197, 387, 1268, -1,
      1268, 387, 389, -1,
      1268, 389, 391, -1,
      383, 385, 1384, -1,
      1384, 385, 1197, -1,
      1384, 1197, 1385, -1,
      1385, 1197, 1267, -1,
      1385, 1267, 1386, -1,
      1386, 1267, 1265, -1,
      1386, 1265, 1387, -1,
      1387, 1265, 1263, -1,
      1387, 1263, 1388, -1,
      1388, 1263, 1261, -1,
      1388, 1261, 328, -1,
      328, 1261, 329, -1,
      328, 333, 1388, -1,
      1388, 333, 1269, -1,
      1388, 1269, 1387, -1,
      1387, 1269, 1271, -1,
      1387, 1271, 1386, -1,
      1386, 1271, 1273, -1,
      1386, 1273, 1385, -1,
      1385, 1273, 1275, -1,
      1385, 1275, 1384, -1,
      1384, 1275, 1277, -1,
      1384, 1277, 383, -1,
      383, 1277, 381, -1,
      1196, 377, 1277, -1,
      1277, 377, 379, -1,
      1277, 379, 381, -1,
      373, 375, 1389, -1,
      1389, 375, 1196, -1,
      1389, 1196, 1390, -1,
      1390, 1196, 1276, -1,
      1390, 1276, 1391, -1,
      1391, 1276, 1274, -1,
      1391, 1274, 1392, -1,
      1392, 1274, 1272, -1,
      1392, 1272, 1393, -1,
      1393, 1272, 1270, -1,
      1393, 1270, 331, -1,
      331, 1270, 332, -1,
      331, 336, 1393, -1,
      1393, 336, 1394, -1,
      1393, 1394, 1392, -1,
      1392, 1394, 1395, -1,
      1392, 1395, 1391, -1,
      1391, 1395, 1396, -1,
      1391, 1396, 1390, -1,
      1390, 1396, 1397, -1,
      1390, 1397, 1389, -1,
      1389, 1397, 1195, -1,
      1389, 1195, 373, -1,
      373, 1195, 371, -1,
      367, 369, 1194, -1,
      1194, 369, 1195, -1,
      1194, 1195, 1398, -1,
      1398, 1195, 1397, -1,
      1398, 1397, 1399, -1,
      1399, 1397, 1396, -1,
      1399, 1396, 1400, -1,
      1400, 1396, 1395, -1,
      1400, 1395, 1401, -1,
      1401, 1395, 1394, -1,
      1401, 1394, 335, -1,
      335, 1394, 336, -1,
      363, 365, 1193, -1,
      1193, 365, 1194, -1,
      1193, 1194, 1402, -1,
      1402, 1194, 1398, -1,
      1402, 1398, 1403, -1,
      1403, 1398, 1399, -1,
      1403, 1399, 1404, -1,
      1404, 1399, 1400, -1,
      1404, 1400, 1405, -1,
      1405, 1400, 1401, -1,
      1405, 1401, 334, -1,
      334, 1401, 335, -1,
      551, 553, 1406, -1,
      1406, 553, 1193, -1,
      1406, 1193, 1407, -1,
      1407, 1193, 1402, -1,
      1407, 1402, 1408, -1,
      1408, 1402, 1403, -1,
      1408, 1403, 1409, -1,
      1409, 1403, 1404, -1,
      1409, 1404, 1410, -1,
      1410, 1404, 1405, -1,
      1410, 1405, 339, -1,
      339, 1405, 334, -1,
      339, 338, 1410, -1,
      1410, 338, 1278, -1,
      1410, 1278, 1409, -1,
      1409, 1278, 1280, -1,
      1409, 1280, 1408, -1,
      1408, 1280, 1282, -1,
      1408, 1282, 1407, -1,
      1407, 1282, 1284, -1,
      1407, 1284, 1406, -1,
      1406, 1284, 1286, -1,
      1406, 1286, 551, -1,
      551, 1286, 549, -1,
      1192, 545, 1286, -1,
      1286, 545, 547, -1,
      1286, 547, 549, -1,
      541, 543, 1411, -1,
      1411, 543, 1192, -1,
      1411, 1192, 1412, -1,
      1412, 1192, 1285, -1,
      1412, 1285, 1413, -1,
      1413, 1285, 1283, -1,
      1413, 1283, 1414, -1,
      1414, 1283, 1281, -1,
      1414, 1281, 1415, -1,
      1415, 1281, 1279, -1,
      1415, 1279, 342, -1,
      342, 1279, 337, -1,
      342, 341, 1415, -1,
      1415, 341, 1287, -1,
      1415, 1287, 1414, -1,
      1414, 1287, 1289, -1,
      1414, 1289, 1413, -1,
      1413, 1289, 1291, -1,
      1413, 1291, 1412, -1,
      1412, 1291, 1293, -1,
      1412, 1293, 1411, -1,
      1411, 1293, 1295, -1,
      1411, 1295, 541, -1,
      541, 1295, 539, -1,
      1191, 535, 1295, -1,
      1295, 535, 537, -1,
      1295, 537, 539, -1,
      531, 533, 1416, -1,
      1416, 533, 1191, -1,
      1416, 1191, 1417, -1,
      1417, 1191, 1294, -1,
      1417, 1294, 1418, -1,
      1418, 1294, 1292, -1,
      1418, 1292, 1419, -1,
      1419, 1292, 1290, -1,
      1419, 1290, 1420, -1,
      1420, 1290, 1288, -1,
      1420, 1288, 345, -1,
      345, 1288, 340, -1,
      345, 344, 1420, -1,
      1420, 344, 1421, -1,
      1420, 1421, 1419, -1,
      1419, 1421, 1422, -1,
      1419, 1422, 1418, -1,
      1418, 1422, 1423, -1,
      1418, 1423, 1417, -1,
      1417, 1423, 1424, -1,
      1417, 1424, 1416, -1,
      1416, 1424, 1190, -1,
      1416, 1190, 531, -1,
      531, 1190, 529, -1,
      525, 527, 1189, -1,
      1189, 527, 1190, -1,
      1189, 1190, 1425, -1,
      1425, 1190, 1424, -1,
      1425, 1424, 1426, -1,
      1426, 1424, 1423, -1,
      1426, 1423, 1427, -1,
      1427, 1423, 1422, -1,
      1427, 1422, 1428, -1,
      1428, 1422, 1421, -1,
      1428, 1421, 343, -1,
      343, 1421, 344, -1,
      343, 348, 1428, -1,
      1428, 348, 1429, -1,
      1428, 1429, 1427, -1,
      1427, 1429, 1430, -1,
      1427, 1430, 1426, -1,
      1426, 1430, 1431, -1,
      1426, 1431, 1425, -1,
      1425, 1431, 1432, -1,
      1425, 1432, 1189, -1,
      1189, 1432, 1188, -1,
      1189, 1188, 523, -1,
      523, 1188, 521, -1,
      517, 519, 1433, -1,
      1433, 519, 1188, -1,
      1433, 1188, 1434, -1,
      1434, 1188, 1432, -1,
      1434, 1432, 1435, -1,
      1435, 1432, 1431, -1,
      1435, 1431, 1436, -1,
      1436, 1431, 1430, -1,
      1436, 1430, 1437, -1,
      1437, 1430, 1429, -1,
      1437, 1429, 347, -1,
      347, 1429, 348, -1,
      347, 346, 1437, -1,
      1437, 346, 1296, -1,
      1437, 1296, 1436, -1,
      1436, 1296, 1298, -1,
      1436, 1298, 1435, -1,
      1435, 1298, 1300, -1,
      1435, 1300, 1434, -1,
      1434, 1300, 1302, -1,
      1434, 1302, 1433, -1,
      1433, 1302, 1304, -1,
      1433, 1304, 517, -1,
      517, 1304, 515, -1,
      1187, 511, 1304, -1,
      1304, 511, 513, -1,
      1304, 513, 515, -1,
      507, 509, 1438, -1,
      1438, 509, 1187, -1,
      1438, 1187, 1439, -1,
      1439, 1187, 1303, -1,
      1439, 1303, 1440, -1,
      1440, 1303, 1301, -1,
      1440, 1301, 1441, -1,
      1441, 1301, 1299, -1,
      1441, 1299, 1442, -1,
      1442, 1299, 1297, -1,
      1442, 1297, 350, -1,
      350, 1297, 351, -1,
      350, 349, 1442, -1,
      1442, 349, 1305, -1,
      1442, 1305, 1441, -1,
      1441, 1305, 1307, -1,
      1441, 1307, 1440, -1,
      1440, 1307, 1309, -1,
      1440, 1309, 1439, -1,
      1439, 1309, 1311, -1,
      1439, 1311, 1438, -1,
      1438, 1311, 1313, -1,
      1438, 1313, 507, -1,
      507, 1313, 505, -1,
      1186, 501, 1313, -1,
      1313, 501, 503, -1,
      1313, 503, 505, -1,
      497, 499, 1443, -1,
      1443, 499, 1186, -1,
      1443, 1186, 1444, -1,
      1444, 1186, 1312, -1,
      1444, 1312, 1445, -1,
      1445, 1312, 1310, -1,
      1445, 1310, 1446, -1,
      1446, 1310, 1308, -1,
      1446, 1308, 1447, -1,
      1447, 1308, 1306, -1,
      1447, 1306, 353, -1,
      353, 1306, 354, -1,
      353, 352, 1447, -1,
      1447, 352, 1448, -1,
      1447, 1448, 1446, -1,
      1446, 1448, 1449, -1,
      1446, 1449, 1445, -1,
      1445, 1449, 1450, -1,
      1445, 1450, 1444, -1,
      1444, 1450, 1451, -1,
      1444, 1451, 1443, -1,
      1443, 1451, 1185, -1,
      1443, 1185, 497, -1,
      497, 1185, 495, -1,
      491, 493, 1322, -1,
      1322, 493, 1185, -1,
      1322, 1185, 1320, -1,
      1320, 1185, 1451, -1,
      1320, 1451, 1318, -1,
      1318, 1451, 1450, -1,
      1318, 1450, 1316, -1,
      1316, 1450, 1449, -1,
      1316, 1449, 1314, -1,
      1314, 1449, 1448, -1,
      1314, 1448, 357, -1,
      357, 1448, 352, -1,
      1184, 487, 1322, -1,
      1322, 487, 489, -1,
      1322, 489, 491, -1,
      483, 485, 1452, -1,
      1452, 485, 1184, -1,
      1452, 1184, 1453, -1,
      1453, 1184, 1321, -1,
      1453, 1321, 1454, -1,
      1454, 1321, 1319, -1,
      1454, 1319, 1455, -1,
      1455, 1319, 1317, -1,
      1455, 1317, 1456, -1,
      1456, 1317, 1315, -1,
      1456, 1315, 355, -1,
      355, 1315, 356, -1,
      355, 360, 1456, -1,
      1456, 360, 1323, -1,
      1456, 1323, 1455, -1,
      1455, 1323, 1325, -1,
      1455, 1325, 1454, -1,
      1454, 1325, 1327, -1,
      1454, 1327, 1453, -1,
      1453, 1327, 1329, -1,
      1453, 1329, 1452, -1,
      1452, 1329, 1331, -1,
      1452, 1331, 483, -1,
      483, 1331, 481, -1,
      1183, 477, 1331, -1,
      1331, 477, 479, -1,
      1331, 479, 481, -1,
      473, 475, 1457, -1,
      1457, 475, 1183, -1,
      1457, 1183, 1458, -1,
      1458, 1183, 1330, -1,
      1458, 1330, 1459, -1,
      1459, 1330, 1328, -1,
      1459, 1328, 1460, -1,
      1460, 1328, 1326, -1,
      1460, 1326, 1461, -1,
      1461, 1326, 1324, -1,
      1461, 1324, 358, -1,
      358, 1324, 359, -1,
      358, 362, 1461, -1,
      1461, 362, 1332, -1,
      1461, 1332, 1460, -1,
      1460, 1332, 1334, -1,
      1460, 1334, 1459, -1,
      1459, 1334, 1336, -1,
      1459, 1336, 1458, -1,
      1458, 1336, 1338, -1,
      1458, 1338, 1457, -1,
      1457, 1338, 1340, -1,
      1457, 1340, 473, -1,
      473, 1340, 471, -1,
      1182, 467, 1340, -1,
      1340, 467, 469, -1,
      1340, 469, 471, -1,
      463, 465, 1462, -1,
      1462, 465, 1182, -1,
      1462, 1182, 1463, -1,
      1463, 1182, 1339, -1,
      1463, 1339, 1464, -1,
      1464, 1339, 1337, -1,
      1464, 1337, 1465, -1,
      1465, 1337, 1335, -1,
      1465, 1335, 1466, -1,
      1466, 1335, 1333, -1,
      1466, 1333, 309, -1,
      309, 1333, 361, -1,
      309, 308, 1466, -1,
      1466, 308, 1341, -1,
      1466, 1341, 1465, -1,
      1465, 1341, 1342, -1,
      1465, 1342, 1464, -1,
      1464, 1342, 1343, -1,
      1464, 1343, 1463, -1,
      1463, 1343, 1344, -1,
      1463, 1344, 1462, -1,
      1462, 1344, 1345, -1,
      1462, 1345, 463, -1,
      463, 1345, 461, -1,
      444, 1467, 446, -1,
      446, 1467, 1468, -1,
      446, 1468, 448, -1,
      448, 1468, 1469, -1,
      448, 1469, 450, -1,
      450, 1469, 1470, -1,
      450, 1470, 452, -1,
      444, 442, 1467, -1,
      1467, 442, 440, -1,
      1467, 440, 1471, -1,
      1471, 440, 438, -1,
      1471, 438, 1472, -1,
      1472, 438, 436, -1,
      1472, 436, 1473, -1,
      1473, 436, 434, -1,
      434, 432, 1473, -1,
      1473, 432, 430, -1,
      1473, 430, 1474, -1,
      430, 428, 1474, -1,
      1474, 428, 426, -1,
      1474, 426, 1475, -1,
      1475, 426, 424, -1,
      1475, 424, 1476, -1,
      1476, 424, 422, -1,
      1476, 422, 1477, -1,
      1477, 422, 420, -1,
      420, 418, 1477, -1,
      1477, 418, 416, -1,
      1477, 416, 1478, -1,
      1478, 416, 414, -1,
      1478, 414, 1479, -1,
      1479, 414, 412, -1,
      1479, 412, 1480, -1,
      1480, 412, 410, -1,
      400, 1481, 1482, -1,
      410, 408, 1480, -1,
      1480, 408, 406, -1,
      1480, 406, 1483, -1,
      1483, 406, 404, -1,
      1483, 404, 1482, -1,
      1482, 404, 402, -1,
      1482, 402, 400, -1,
      400, 398, 1481, -1,
      1481, 398, 396, -1,
      1481, 396, 1484, -1,
      396, 394, 1484, -1,
      1484, 394, 392, -1,
      1484, 392, 1485, -1,
      1485, 392, 390, -1,
      1485, 390, 1486, -1,
      1486, 390, 388, -1,
      1486, 388, 1487, -1,
      1487, 388, 386, -1,
      386, 384, 1487, -1,
      1487, 384, 382, -1,
      1487, 382, 1488, -1,
      1488, 382, 380, -1,
      1488, 380, 1489, -1,
      1489, 380, 378, -1,
      1489, 378, 1490, -1,
      1490, 378, 376, -1,
      366, 1491, 1492, -1,
      376, 374, 1490, -1,
      1490, 374, 372, -1,
      1490, 372, 1493, -1,
      1493, 372, 370, -1,
      1493, 370, 1492, -1,
      1492, 370, 368, -1,
      1492, 368, 366, -1,
      366, 364, 1491, -1,
      1491, 364, 554, -1,
      1491, 554, 1494, -1,
      554, 552, 1494, -1,
      1494, 552, 550, -1,
      1494, 550, 1495, -1,
      1495, 550, 548, -1,
      1495, 548, 1496, -1,
      1496, 548, 546, -1,
      1496, 546, 1497, -1,
      1497, 546, 544, -1,
      544, 542, 1497, -1,
      1497, 542, 540, -1,
      1497, 540, 1498, -1,
      1498, 540, 538, -1,
      1498, 538, 1499, -1,
      1499, 538, 536, -1,
      1499, 536, 1500, -1,
      1500, 536, 534, -1,
      534, 532, 1500, -1,
      1500, 532, 530, -1,
      1500, 530, 1501, -1,
      1501, 530, 528, -1,
      1501, 528, 1502, -1,
      528, 526, 1502, -1,
      1502, 526, 524, -1,
      1502, 524, 1503, -1,
      1503, 524, 522, -1,
      1503, 522, 1504, -1,
      1504, 522, 520, -1,
      520, 518, 1504, -1,
      1504, 518, 516, -1,
      1504, 516, 1505, -1,
      1505, 516, 514, -1,
      1505, 514, 1506, -1,
      1506, 514, 512, -1,
      1506, 512, 1507, -1,
      1507, 512, 510, -1,
      510, 508, 1507, -1,
      1507, 508, 506, -1,
      1507, 506, 1508, -1,
      1508, 506, 504, -1,
      1508, 504, 1509, -1,
      1509, 504, 502, -1,
      1509, 502, 1510, -1,
      1510, 502, 500, -1,
      500, 498, 1510, -1,
      1510, 498, 496, -1,
      1510, 496, 1511, -1,
      1511, 496, 494, -1,
      1511, 494, 1512, -1,
      494, 492, 1512, -1,
      1512, 492, 490, -1,
      1512, 490, 1513, -1,
      1513, 490, 488, -1,
      1513, 488, 1514, -1,
      1514, 488, 486, -1,
      486, 484, 1514, -1,
      1514, 484, 482, -1,
      1514, 482, 1515, -1,
      1515, 482, 480, -1,
      1515, 480, 1516, -1,
      1516, 480, 478, -1,
      1516, 478, 1517, -1,
      1517, 478, 476, -1,
      476, 474, 1517, -1,
      1517, 474, 472, -1,
      1517, 472, 1518, -1,
      1518, 472, 470, -1,
      1518, 470, 1519, -1,
      1519, 470, 468, -1,
      1519, 468, 1520, -1,
      1520, 468, 466, -1,
      466, 464, 1520, -1,
      1520, 464, 462, -1,
      1520, 462, 1521, -1,
      1521, 462, 460, -1,
      1521, 460, 1522, -1,
      1522, 460, 458, -1,
      1522, 458, 1523, -1,
      1523, 458, 456, -1,
      1523, 456, 1470, -1,
      1470, 456, 454, -1,
      1470, 454, 452, -1,
      1521, 1524, 1520, -1,
      1520, 1524, 1525, -1,
      1520, 1525, 1519, -1,
      1519, 1525, 1526, -1,
      1519, 1526, 1518, -1,
      1518, 1526, 1527, -1,
      1518, 1527, 1517, -1,
      1517, 1527, 1528, -1,
      1517, 1528, 1516, -1,
      1516, 1528, 1529, -1,
      1516, 1529, 1515, -1,
      1515, 1529, 1530, -1,
      1515, 1530, 1514, -1,
      1514, 1530, 1531, -1,
      1514, 1531, 1513, -1,
      1513, 1531, 1532, -1,
      1513, 1532, 1512, -1,
      1512, 1532, 1533, -1,
      1512, 1533, 1511, -1,
      1511, 1533, 1534, -1,
      1511, 1534, 1510, -1,
      1510, 1534, 1535, -1,
      1510, 1535, 1509, -1,
      1509, 1535, 1536, -1,
      1509, 1536, 1508, -1,
      1508, 1536, 1537, -1,
      1508, 1537, 1507, -1,
      1507, 1537, 1538, -1,
      1507, 1538, 1506, -1,
      1506, 1538, 1539, -1,
      1506, 1539, 1505, -1,
      1505, 1539, 1540, -1,
      1505, 1540, 1504, -1,
      1504, 1540, 1541, -1,
      1504, 1541, 1503, -1,
      1503, 1541, 1542, -1,
      1503, 1542, 1502, -1,
      1502, 1542, 1543, -1,
      1502, 1543, 1501, -1,
      1501, 1543, 1544, -1,
      1501, 1544, 1500, -1,
      1500, 1544, 1545, -1,
      1500, 1545, 1499, -1,
      1499, 1545, 1546, -1,
      1499, 1546, 1498, -1,
      1498, 1546, 1547, -1,
      1498, 1547, 1497, -1,
      1497, 1547, 1548, -1,
      1497, 1548, 1496, -1,
      1496, 1548, 1549, -1,
      1496, 1549, 1495, -1,
      1495, 1549, 1550, -1,
      1495, 1550, 1494, -1,
      1494, 1550, 1551, -1,
      1494, 1551, 1491, -1,
      1491, 1551, 1552, -1,
      1491, 1552, 1492, -1,
      1492, 1552, 1553, -1,
      1492, 1553, 1493, -1,
      1493, 1553, 1554, -1,
      1493, 1554, 1490, -1,
      1490, 1554, 1555, -1,
      1490, 1555, 1489, -1,
      1489, 1555, 1556, -1,
      1489, 1556, 1488, -1,
      1488, 1556, 1557, -1,
      1488, 1557, 1487, -1,
      1487, 1557, 1558, -1,
      1487, 1558, 1486, -1,
      1486, 1558, 1559, -1,
      1486, 1559, 1485, -1,
      1485, 1559, 1560, -1,
      1485, 1560, 1484, -1,
      1484, 1560, 1561, -1,
      1484, 1561, 1481, -1,
      1481, 1561, 1562, -1,
      1481, 1562, 1482, -1,
      1482, 1562, 1563, -1,
      1482, 1563, 1483, -1,
      1483, 1563, 1564, -1,
      1483, 1564, 1480, -1,
      1480, 1564, 1565, -1,
      1480, 1565, 1479, -1,
      1479, 1565, 1566, -1,
      1479, 1566, 1478, -1,
      1478, 1566, 1567, -1,
      1478, 1567, 1477, -1,
      1477, 1567, 1568, -1,
      1477, 1568, 1476, -1,
      1476, 1568, 1569, -1,
      1476, 1569, 1475, -1,
      1475, 1569, 1570, -1,
      1475, 1570, 1474, -1,
      1474, 1570, 1571, -1,
      1474, 1571, 1473, -1,
      1473, 1571, 1572, -1,
      1473, 1572, 1472, -1,
      1472, 1572, 1573, -1,
      1472, 1573, 1471, -1,
      1471, 1573, 1574, -1,
      1471, 1574, 1467, -1,
      1467, 1574, 1575, -1,
      1467, 1575, 1468, -1,
      1468, 1575, 1576, -1,
      1468, 1576, 1469, -1,
      1469, 1576, 1577, -1,
      1469, 1577, 1470, -1,
      1470, 1577, 1578, -1,
      1470, 1578, 1523, -1,
      1523, 1578, 1579, -1,
      1523, 1579, 1522, -1,
      1522, 1579, 1580, -1,
      1522, 1580, 1521, -1,
      1521, 1580, 1524, -1,
      1580, 1581, 1524, -1,
      1524, 1581, 1582, -1,
      1524, 1582, 1525, -1,
      1525, 1582, 1583, -1,
      1525, 1583, 1526, -1,
      1526, 1583, 1584, -1,
      1526, 1584, 1527, -1,
      1527, 1584, 1585, -1,
      1527, 1585, 1528, -1,
      1528, 1585, 1586, -1,
      1528, 1586, 1529, -1,
      1529, 1586, 1587, -1,
      1529, 1587, 1530, -1,
      1530, 1587, 1588, -1,
      1530, 1588, 1531, -1,
      1531, 1588, 1589, -1,
      1531, 1589, 1532, -1,
      1532, 1589, 1590, -1,
      1532, 1590, 1533, -1,
      1533, 1590, 1591, -1,
      1533, 1591, 1534, -1,
      1534, 1591, 1592, -1,
      1534, 1592, 1535, -1,
      1535, 1592, 1593, -1,
      1535, 1593, 1536, -1,
      1536, 1593, 1594, -1,
      1536, 1594, 1537, -1,
      1537, 1594, 1595, -1,
      1537, 1595, 1538, -1,
      1538, 1595, 1596, -1,
      1538, 1596, 1539, -1,
      1539, 1596, 1597, -1,
      1539, 1597, 1540, -1,
      1540, 1597, 1598, -1,
      1540, 1598, 1541, -1,
      1541, 1598, 1599, -1,
      1541, 1599, 1542, -1,
      1542, 1599, 1600, -1,
      1542, 1600, 1543, -1,
      1543, 1600, 1601, -1,
      1543, 1601, 1544, -1,
      1544, 1601, 1602, -1,
      1544, 1602, 1545, -1,
      1545, 1602, 1603, -1,
      1545, 1603, 1546, -1,
      1546, 1603, 1604, -1,
      1546, 1604, 1547, -1,
      1547, 1604, 1605, -1,
      1547, 1605, 1548, -1,
      1548, 1605, 1606, -1,
      1548, 1606, 1549, -1,
      1549, 1606, 1607, -1,
      1549, 1607, 1550, -1,
      1550, 1607, 1608, -1,
      1550, 1608, 1551, -1,
      1551, 1608, 1609, -1,
      1551, 1609, 1552, -1,
      1552, 1609, 1610, -1,
      1552, 1610, 1553, -1,
      1553, 1610, 1611, -1,
      1553, 1611, 1554, -1,
      1554, 1611, 1612, -1,
      1554, 1612, 1555, -1,
      1555, 1612, 1613, -1,
      1555, 1613, 1556, -1,
      1556, 1613, 1614, -1,
      1556, 1614, 1557, -1,
      1557, 1614, 1615, -1,
      1557, 1615, 1558, -1,
      1558, 1615, 1616, -1,
      1558, 1616, 1559, -1,
      1559, 1616, 1617, -1,
      1559, 1617, 1560, -1,
      1560, 1617, 1618, -1,
      1560, 1618, 1561, -1,
      1561, 1618, 1619, -1,
      1561, 1619, 1562, -1,
      1562, 1619, 1620, -1,
      1562, 1620, 1563, -1,
      1563, 1620, 1621, -1,
      1563, 1621, 1564, -1,
      1564, 1621, 1622, -1,
      1564, 1622, 1565, -1,
      1565, 1622, 1623, -1,
      1565, 1623, 1566, -1,
      1566, 1623, 1624, -1,
      1566, 1624, 1567, -1,
      1567, 1624, 1625, -1,
      1567, 1625, 1568, -1,
      1568, 1625, 1626, -1,
      1568, 1626, 1569, -1,
      1569, 1626, 1627, -1,
      1569, 1627, 1570, -1,
      1570, 1627, 1628, -1,
      1570, 1628, 1571, -1,
      1571, 1628, 1629, -1,
      1571, 1629, 1572, -1,
      1572, 1629, 1630, -1,
      1572, 1630, 1573, -1,
      1573, 1630, 1631, -1,
      1573, 1631, 1574, -1,
      1574, 1631, 1632, -1,
      1574, 1632, 1575, -1,
      1575, 1632, 1633, -1,
      1575, 1633, 1576, -1,
      1576, 1633, 1634, -1,
      1576, 1634, 1577, -1,
      1577, 1634, 1635, -1,
      1577, 1635, 1578, -1,
      1578, 1635, 1636, -1,
      1578, 1636, 1579, -1,
      1579, 1636, 1637, -1,
      1579, 1637, 1580, -1,
      1580, 1637, 1581, -1,
      1637, 1638, 1581, -1,
      1581, 1638, 1639, -1,
      1581, 1639, 1582, -1,
      1582, 1639, 1640, -1,
      1582, 1640, 1583, -1,
      1583, 1640, 1641, -1,
      1583, 1641, 1584, -1,
      1584, 1641, 1642, -1,
      1584, 1642, 1585, -1,
      1585, 1642, 1643, -1,
      1585, 1643, 1586, -1,
      1586, 1643, 1644, -1,
      1586, 1644, 1587, -1,
      1587, 1644, 1645, -1,
      1587, 1645, 1588, -1,
      1588, 1645, 1646, -1,
      1588, 1646, 1589, -1,
      1589, 1646, 1647, -1,
      1589, 1647, 1590, -1,
      1590, 1647, 1648, -1,
      1590, 1648, 1591, -1,
      1591, 1648, 1649, -1,
      1591, 1649, 1592, -1,
      1592, 1649, 1650, -1,
      1592, 1650, 1593, -1,
      1593, 1650, 1651, -1,
      1593, 1651, 1594, -1,
      1594, 1651, 1652, -1,
      1594, 1652, 1595, -1,
      1595, 1652, 1653, -1,
      1595, 1653, 1596, -1,
      1596, 1653, 1654, -1,
      1596, 1654, 1597, -1,
      1597, 1654, 1655, -1,
      1597, 1655, 1598, -1,
      1598, 1655, 1656, -1,
      1598, 1656, 1599, -1,
      1599, 1656, 1657, -1,
      1599, 1657, 1600, -1,
      1600, 1657, 1658, -1,
      1600, 1658, 1601, -1,
      1601, 1658, 1659, -1,
      1601, 1659, 1602, -1,
      1602, 1659, 1660, -1,
      1602, 1660, 1603, -1,
      1603, 1660, 1661, -1,
      1603, 1661, 1604, -1,
      1604, 1661, 1662, -1,
      1604, 1662, 1605, -1,
      1605, 1662, 1663, -1,
      1605, 1663, 1606, -1,
      1606, 1663, 1664, -1,
      1606, 1664, 1607, -1,
      1607, 1664, 1665, -1,
      1607, 1665, 1608, -1,
      1608, 1665, 1666, -1,
      1608, 1666, 1609, -1,
      1609, 1666, 1667, -1,
      1609, 1667, 1610, -1,
      1610, 1667, 1668, -1,
      1610, 1668, 1611, -1,
      1611, 1668, 1669, -1,
      1611, 1669, 1612, -1,
      1612, 1669, 1670, -1,
      1612, 1670, 1613, -1,
      1613, 1670, 1671, -1,
      1613, 1671, 1614, -1,
      1614, 1671, 1672, -1,
      1614, 1672, 1615, -1,
      1615, 1672, 1673, -1,
      1615, 1673, 1616, -1,
      1616, 1673, 1674, -1,
      1616, 1674, 1617, -1,
      1617, 1674, 1675, -1,
      1617, 1675, 1618, -1,
      1618, 1675, 1676, -1,
      1618, 1676, 1619, -1,
      1619, 1676, 1677, -1,
      1619, 1677, 1620, -1,
      1620, 1677, 1678, -1,
      1620, 1678, 1621, -1,
      1621, 1678, 1679, -1,
      1621, 1679, 1622, -1,
      1622, 1679, 1680, -1,
      1622, 1680, 1623, -1,
      1623, 1680, 1681, -1,
      1623, 1681, 1624, -1,
      1624, 1681, 1682, -1,
      1624, 1682, 1625, -1,
      1625, 1682, 1683, -1,
      1625, 1683, 1626, -1,
      1626, 1683, 1684, -1,
      1626, 1684, 1627, -1,
      1627, 1684, 1685, -1,
      1627, 1685, 1628, -1,
      1628, 1685, 1686, -1,
      1628, 1686, 1629, -1,
      1629, 1686, 1687, -1,
      1629, 1687, 1630, -1,
      1630, 1687, 1688, -1,
      1630, 1688, 1631, -1,
      1631, 1688, 1689, -1,
      1631, 1689, 1632, -1,
      1632, 1689, 1690, -1,
      1632, 1690, 1633, -1,
      1633, 1690, 1691, -1,
      1633, 1691, 1634, -1,
      1634, 1691, 1692, -1,
      1634, 1692, 1635, -1,
      1635, 1692, 1693, -1,
      1635, 1693, 1636, -1,
      1636, 1693, 1694, -1,
      1636, 1694, 1637, -1,
      1637, 1694, 1638, -1,
      1694, 1695, 1638, -1,
      1638, 1695, 1696, -1,
      1638, 1696, 1639, -1,
      1639, 1696, 1697, -1,
      1639, 1697, 1640, -1,
      1640, 1697, 1698, -1,
      1640, 1698, 1641, -1,
      1641, 1698, 1699, -1,
      1641, 1699, 1642, -1,
      1642, 1699, 1700, -1,
      1642, 1700, 1643, -1,
      1643, 1700, 1701, -1,
      1643, 1701, 1644, -1,
      1644, 1701, 1702, -1,
      1644, 1702, 1645, -1,
      1645, 1702, 1703, -1,
      1645, 1703, 1646, -1,
      1646, 1703, 1704, -1,
      1646, 1704, 1647, -1,
      1647, 1704, 1705, -1,
      1647, 1705, 1648, -1,
      1648, 1705, 1706, -1,
      1648, 1706, 1649, -1,
      1649, 1706, 1707, -1,
      1649, 1707, 1650, -1,
      1650, 1707, 1708, -1,
      1650, 1708, 1651, -1,
      1651, 1708, 1709, -1,
      1651, 1709, 1652, -1,
      1652, 1709, 1710, -1,
      1652, 1710, 1653, -1,
      1653, 1710, 1711, -1,
      1653, 1711, 1654, -1,
      1654, 1711, 1712, -1,
      1654, 1712, 1655, -1,
      1655, 1712, 1713, -1,
      1655, 1713, 1656, -1,
      1656, 1713, 1714, -1,
      1656, 1714, 1657, -1,
      1657, 1714, 1715, -1,
      1657, 1715, 1658, -1,
      1658, 1715, 1716, -1,
      1658, 1716, 1659, -1,
      1659, 1716, 1717, -1,
      1659, 1717, 1660, -1,
      1660, 1717, 1718, -1,
      1660, 1718, 1661, -1,
      1661, 1718, 1719, -1,
      1661, 1719, 1662, -1,
      1662, 1719, 1720, -1,
      1662, 1720, 1663, -1,
      1663, 1720, 1721, -1,
      1663, 1721, 1664, -1,
      1664, 1721, 1722, -1,
      1664, 1722, 1665, -1,
      1665, 1722, 1723, -1,
      1665, 1723, 1666, -1,
      1666, 1723, 1724, -1,
      1666, 1724, 1667, -1,
      1667, 1724, 1725, -1,
      1667, 1725, 1668, -1,
      1668, 1725, 1726, -1,
      1668, 1726, 1669, -1,
      1669, 1726, 1727, -1,
      1669, 1727, 1670, -1,
      1670, 1727, 1728, -1,
      1670, 1728, 1671, -1,
      1671, 1728, 1729, -1,
      1671, 1729, 1672, -1,
      1672, 1729, 1730, -1,
      1672, 1730, 1673, -1,
      1673, 1730, 1731, -1,
      1673, 1731, 1674, -1,
      1674, 1731, 1732, -1,
      1674, 1732, 1675, -1,
      1675, 1732, 1733, -1,
      1675, 1733, 1676, -1,
      1676, 1733, 1734, -1,
      1676, 1734, 1677, -1,
      1677, 1734, 1735, -1,
      1677, 1735, 1678, -1,
      1678, 1735, 1736, -1,
      1678, 1736, 1679, -1,
      1679, 1736, 1737, -1,
      1679, 1737, 1680, -1,
      1680, 1737, 1738, -1,
      1680, 1738, 1681, -1,
      1681, 1738, 1739, -1,
      1681, 1739, 1682, -1,
      1682, 1739, 1740, -1,
      1682, 1740, 1683, -1,
      1683, 1740, 1741, -1,
      1683, 1741, 1684, -1,
      1684, 1741, 1742, -1,
      1684, 1742, 1685, -1,
      1685, 1742, 1743, -1,
      1685, 1743, 1686, -1,
      1686, 1743, 1744, -1,
      1686, 1744, 1687, -1,
      1687, 1744, 1745, -1,
      1687, 1745, 1688, -1,
      1688, 1745, 1746, -1,
      1688, 1746, 1689, -1,
      1689, 1746, 1747, -1,
      1689, 1747, 1690, -1,
      1690, 1747, 1748, -1,
      1690, 1748, 1691, -1,
      1691, 1748, 1749, -1,
      1691, 1749, 1692, -1,
      1692, 1749, 1750, -1,
      1692, 1750, 1693, -1,
      1693, 1750, 1751, -1,
      1693, 1751, 1694, -1,
      1694, 1751, 1695, -1,
      1751, 608, 1695, -1,
      1695, 608, 607, -1,
      1695, 607, 1696, -1,
      1696, 607, 606, -1,
      1696, 606, 1697, -1,
      1697, 606, 605, -1,
      1697, 605, 1698, -1,
      1698, 605, 594, -1,
      1698, 594, 1699, -1,
      1699, 594, 593, -1,
      1699, 593, 1700, -1,
      1700, 593, 598, -1,
      1700, 598, 1701, -1,
      1701, 598, 597, -1,
      1701, 597, 1702, -1,
      1702, 597, 596, -1,
      1702, 596, 1703, -1,
      1703, 596, 595, -1,
      1703, 595, 1704, -1,
      1704, 595, 562, -1,
      1704, 562, 1705, -1,
      1705, 562, 565, -1,
      1705, 565, 1706, -1,
      1706, 565, 564, -1,
      1706, 564, 1707, -1,
      1707, 564, 563, -1,
      1707, 563, 1708, -1,
      1708, 563, 570, -1,
      1708, 570, 1709, -1,
      1709, 570, 569, -1,
      1709, 569, 1710, -1,
      1710, 569, 568, -1,
      1710, 568, 1711, -1,
      1711, 568, 586, -1,
      1711, 586, 1712, -1,
      1712, 586, 585, -1,
      1712, 585, 1713, -1,
      1713, 585, 584, -1,
      1713, 584, 1714, -1,
      1714, 584, 590, -1,
      1714, 590, 1715, -1,
      1715, 590, 589, -1,
      1715, 589, 1716, -1,
      1716, 589, 588, -1,
      1716, 588, 1717, -1,
      1717, 588, 587, -1,
      1717, 587, 1718, -1,
      1718, 587, 567, -1,
      1718, 567, 1719, -1,
      1719, 567, 566, -1,
      1719, 566, 1720, -1,
      1720, 566, 573, -1,
      1720, 573, 1721, -1,
      1721, 573, 572, -1,
      1721, 572, 1722, -1,
      1722, 572, 571, -1,
      1722, 571, 1723, -1,
      1723, 571, 558, -1,
      1723, 558, 1724, -1,
      1724, 558, 557, -1,
      1724, 557, 1725, -1,
      1725, 557, 576, -1,
      1725, 576, 1726, -1,
      1726, 576, 575, -1,
      1726, 575, 1727, -1,
      1727, 575, 574, -1,
      1727, 574, 1728, -1,
      1728, 574, 580, -1,
      1728, 580, 1729, -1,
      1729, 580, 579, -1,
      1729, 579, 1730, -1,
      1730, 579, 578, -1,
      1730, 578, 1731, -1,
      1731, 578, 577, -1,
      1731, 577, 1732, -1,
      1732, 577, 556, -1,
      1732, 556, 1733, -1,
      1733, 556, 555, -1,
      1733, 555, 1734, -1,
      1734, 555, 561, -1,
      1734, 561, 1735, -1,
      1735, 561, 560, -1,
      1735, 560, 1736, -1,
      1736, 560, 559, -1,
      1736, 559, 1737, -1,
      1737, 559, 583, -1,
      1737, 583, 1738, -1,
      1738, 583, 582, -1,
      1738, 582, 1739, -1,
      1739, 582, 581, -1,
      1739, 581, 1740, -1,
      1740, 581, 601, -1,
      1740, 601, 1741, -1,
      1741, 601, 600, -1,
      1741, 600, 1742, -1,
      1742, 600, 599, -1,
      1742, 599, 1743, -1,
      1743, 599, 592, -1,
      1743, 592, 1744, -1,
      1744, 592, 591, -1,
      1744, 591, 1745, -1,
      1745, 591, 604, -1,
      1745, 604, 1746, -1,
      1746, 604, 603, -1,
      1746, 603, 1747, -1,
      1747, 603, 602, -1,
      1747, 602, 1748, -1,
      1748, 602, 611, -1,
      1748, 611, 1749, -1,
      1749, 611, 610, -1,
      1749, 610, 1750, -1,
      1750, 610, 609, -1,
      1750, 609, 1751, -1,
      1751, 609, 608, -1,
    ]
  }
}

Shape {
  appearance Appearance {
    material Material {
      diffuseColor 0.5804 0.1294 0.0784
      specularColor 0.2902 0.0667 0.0392
      ambientIntensity 0.2
      transparency 0.0000
      shininess 0.5
    }
  }
  geometry IndexedFaceSet {
    ccw TRUE
    solid FALSE
    coord DEF co Coordinate {
      point [
        0.452756 0.093424 0.035153,
        0.452756 0.066879 0.027359,
        0.452756 0.000000 0.019685,
        0.452756 0.033659 0.021610,
        0.452756 0.047286 0.023968,
        0.452756 -0.047286 0.023968,
        0.452756 -0.033659 0.021610,
        0.452756 -0.066879 0.027359,
        0.452756 -0.093424 0.035153,
        0.452756 -0.099227 0.036857,
        0.452756 -0.130282 0.049981,
        0.452756 -0.137053 0.053805,
        0.452756 -0.159638 0.066559,
        0.452756 -0.177124 0.079263,
        0.452756 -0.186913 0.086376,
        0.452756 -0.211752 0.109172,
        0.452756 -0.212883 0.110478,
        0.452756 -0.233830 0.134651,
        0.452756 -0.242612 0.147495,
        0.452756 -0.252859 0.162481,
        0.452756 -0.266576 0.188479,
        0.452756 -0.268592 0.192299,
        0.452756 -0.280824 0.223715,
        0.452756 -0.283240 0.232909,
        0.452756 -0.289394 0.256322,
        0.452756 -0.292717 0.279428,
        0.452756 -0.294193 0.289693,
        0.452756 -0.295155 0.323393,
        0.452756 -0.294859 0.326835,
        0.452756 -0.292270 0.356983,
        0.452756 -0.288837 0.373928,
        0.452756 -0.285575 0.390025,
        0.452756 -0.275957 0.419624,
        0.452756 -0.275157 0.422089,
        0.452756 -0.261152 0.452756,
        0.452756 -0.255350 0.462377,
        0.452756 -0.243742 0.481627,
        0.452756 -0.228431 0.501482,
        0.452756 -0.223154 0.508325,
        0.452756 -0.199658 0.532502,
        0.452756 -0.195645 0.535783,
        0.452756 -0.173559 0.553844,
        0.452756 -0.157559 0.564126,
        0.452756 -0.145197 0.572071,
        0.452756 -0.115717 0.586565,
        0.452756 -0.114942 0.586946,
        0.452756 -0.083189 0.598276,
        0.452756 -0.070561 0.601212,
        0.452756 -0.050351 0.605911,
        0.452756 -0.023724 0.608967,
        0.452756 -0.016857 0.609755,
        0.452756 0.016857 0.609755,
        0.452756 0.023724 0.608967,
        0.452756 0.050351 0.605911,
        0.452756 0.070561 0.601212,
        0.452756 0.083189 0.598276,
        0.452756 0.114942 0.586946,
        0.452756 0.115717 0.586565,
        0.452756 0.145197 0.572071,
        0.452756 0.157559 0.564126,
        0.452756 0.173559 0.553844,
        0.452756 0.195645 0.535783,
        0.452756 0.199658 0.532502,
        0.452756 0.223154 0.508325,
        0.452756 0.228431 0.501482,
        0.452756 0.243742 0.481627,
        0.452756 0.255350 0.462377,
        0.452756 0.261152 0.452756,
        0.452756 0.275157 0.422089,
        0.452756 0.275957 0.419624,
        0.452756 0.285575 0.390025,
        0.452756 0.288837 0.373928,
        0.452756 0.292270 0.356983,
        0.452756 0.294859 0.326835,
        0.452756 0.295155 0.323393,
        0.452756 0.294193 0.289693,
        0.452756 0.292717 0.279428,
        0.452756 0.289394 0.256322,
        0.452756 0.283240 0.232909,
        0.452756 0.280824 0.223715,
        0.452756 0.268592 0.192299,
        0.452756 0.266576 0.188479,
        0.452756 0.252859 0.162481,
        0.452756 0.242612 0.147495,
        0.452756 0.233830 0.134651,
        0.452756 0.212883 0.110478,
        0.452756 0.099227 0.036857,
        0.452756 0.211752 0.109172,
        0.452756 0.186913 0.086376,
        0.452756 0.177124 0.079263,
        0.452756 0.159638 0.066559,
        0.452756 0.137053 0.053805,
        0.452756 0.130282 0.049981,
        0.492126 0.029171 0.060723,
        0.492126 0.043177 0.063147,
        0.492126 0.057962 0.065706,
        0.492126 0.085240 0.073715,
        0.492126 0.160715 0.115926,
        0.492126 0.138353 0.099679,
        0.492126 0.085997 0.073937,
        0.492126 0.112911 0.085311,
        0.492126 0.124600 0.091913,
        0.492126 0.202652 0.158693,
        0.492126 0.161991 0.116854,
        0.492126 0.183518 0.136611,
        0.492126 0.191791 0.146159,
        0.492126 0.217808 0.180858,
        0.492126 0.219144 0.182812,
        0.492126 0.232780 0.208654,
        0.492126 0.237077 0.219691,
        0.492126 0.243381 0.235881,
        0.492126 0.250006 0.261087,
        0.492126 0.250809 0.264140,
        0.492126 0.254967 0.293061,
        0.492126 0.255282 0.304111,
        0.492126 0.255801 0.322268,
        0.492126 0.253639 0.347448,
        0.492126 0.253301 0.351380,
        0.492126 0.247498 0.380017,
        0.492126 0.244326 0.389778,
        0.492126 0.238469 0.407805,
        0.492126 0.228298 0.430076,
        0.492126 0.226331 0.434383,
        0.492126 0.211243 0.459405,
        0.492126 0.205457 0.466907,
        0.492126 0.193400 0.482543,
        0.492126 0.176887 0.499535,
        0.492126 0.173037 0.503497,
        0.492126 0.150417 0.521993,
        0.492126 0.143112 0.526687,
        0.492126 0.125837 0.537789,
        0.492126 0.105283 0.547895,
        0.492126 0.099617 0.550681,
        0.492126 0.072097 0.560500,
        0.492126 0.064408 0.562288,
        0.492126 0.043637 0.567118,
        0.492126 0.021667 0.569639,
        0.492126 0.014609 0.570449,
        0.492126 -0.014609 0.570449,
        0.492126 -0.021667 0.569639,
        0.492126 -0.043637 0.567118,
        0.492126 -0.064408 0.562288,
        0.492126 -0.072097 0.560500,
        0.492126 -0.099617 0.550681,
        0.492126 -0.105283 0.547895,
        0.492126 -0.125837 0.537789,
        0.492126 -0.143112 0.526687,
        0.492126 -0.150417 0.521993,
        0.492126 -0.173037 0.503497,
        0.492126 -0.176887 0.499535,
        0.492126 -0.193400 0.482543,
        0.492126 -0.205457 0.466907,
        0.492126 -0.211243 0.459405,
        0.492126 -0.226331 0.434383,
        0.492126 -0.228298 0.430076,
        0.492126 -0.238469 0.407805,
        0.492126 -0.244326 0.389778,
        0.492126 -0.247498 0.380017,
        0.492126 -0.253301 0.351380,
        0.492126 -0.253639 0.347448,
        0.492126 -0.255801 0.322268,
        0.492126 -0.255282 0.304111,
        0.492126 -0.254967 0.293061,
        0.492126 -0.250809 0.264140,
        0.492126 -0.237077 0.219691,
        0.492126 -0.243381 0.235881,
        0.492126 -0.250006 0.261087,
        0.492126 -0.232780 0.208654,
        0.492126 -0.219144 0.182812,
        0.492126 -0.217808 0.180858,
        0.492126 -0.202652 0.158693,
        0.492126 -0.191791 0.146159,
        0.492126 -0.183518 0.136611,
        0.492126 -0.161991 0.116854,
        0.492126 -0.160715 0.115926,
        0.492126 -0.138353 0.099679,
        0.492126 -0.124600 0.091913,
        0.492126 -0.112911 0.085311,
        0.492126 -0.085997 0.073937,
        0.492126 -0.085240 0.073715,
        0.492126 -0.057962 0.065706,
        0.492126 -0.043177 0.063147,
        0.492126 -0.029171 0.060723,
        0.492126 0.000000 0.059055,
        -0.492126 -0.029171 0.060723,
        -0.492126 -0.043177 0.063147,
        -0.492126 -0.057962 0.065706,
        -0.492126 -0.085240 0.073715,
        -0.492126 -0.160715 0.115926,
        -0.492126 -0.138353 0.099679,
        -0.492126 -0.085997 0.073937,
        -0.492126 -0.112911 0.085311,
        -0.492126 -0.124600 0.091913,
        -0.492126 -0.202652 0.158693,
        -0.492126 -0.161991 0.116854,
        -0.492126 -0.183518 0.136611,
        -0.492126 -0.191791 0.146159,
        -0.492126 -0.217808 0.180858,
        -0.492126 -0.219144 0.182812,
        -0.492126 -0.232780 0.208654,
        -0.492126 -0.237077 0.219691,
        -0.492126 -0.243381 0.235881,
        -0.492126 -0.250006 0.261087,
        -0.492126 -0.250809 0.264140,
        -0.492126 -0.254967 0.293061,
        -0.492126 -0.255282 0.304111,
        -0.492126 -0.255801 0.322268,
        -0.492126 -0.253639 0.347448,
        -0.492126 -0.253301 0.351380,
        -0.492126 -0.247498 0.380017,
        -0.492126 -0.244326 0.389778,
        -0.492126 -0.238469 0.407805,
        -0.492126 -0.228298 0.430076,
        -0.492126 -0.226331 0.434383,
        -0.492126 -0.211243 0.459405,
        -0.492126 -0.205457 0.466907,
        -0.492126 -0.193400 0.482543,
        -0.492126 -0.176887 0.499535,
        -0.492126 -0.173037 0.503497,
        -0.492126 -0.150417 0.521993,
        -0.492126 -0.143112 0.526687,
        -0.492126 -0.125837 0.537789,
        -0.492126 -0.105283 0.547895,
        -0.492126 -0.099617 0.550681,
        -0.492126 -0.072097 0.560500,
        -0.492126 -0.064408 0.562288,
        -0.492126 -0.043637 0.567118,
        -0.492126 -0.021667 0.569639,
        -0.492126 -0.014609 0.570449,
        -0.492126 0.014609 0.570449,
        -0.492126 0.021667 0.569639,
        -0.492126 0.043637 0.567118,
        -0.492126 0.064408 0.562288,
        -0.492126 0.072097 0.560500,
        -0.492126 0.099617 0.550681,
        -0.492126 0.105283 0.547895,
        -0.492126 0.125837 0.537789,
        -0.492126 0.143112 0.526687,
        -0.492126 0.150417 0.521993,
        -0.492126 0.173037 0.503497,
        -0.492126 0.176887 0.499535,
        -0.492126 0.193400 0.482543,
        -0.492126 0.205457 0.466907,
        -0.492126 0.211243 0.459405,
        -0.492126 0.226331 0.434383,
        -0.492126 0.228298 0.430076,
        -0.492126 0.238469 0.407805,
        -0.492126 0.244326 0.389778,
        -0.492126 0.247498 0.380017,
        -0.492126 0.253301 0.351380,
        -0.492126 0.253639 0.347448,
        -0.492126 0.255801 0.322268,
        -0.492126 0.255282 0.304111,
        -0.492126 0.254967 0.293061,
        -0.492126 0.250809 0.264140,
        -0.492126 0.237077 0.219691,
        -0.492126 0.243381 0.235881,
        -0.492126 0.250006 0.261087,
        -0.492126 0.232780 0.208654,
        -0.492126 0.219144 0.182812,
        -0.492126 0.217808 0.180858,
        -0.492126 0.202652 0.158693,
        -0.492126 0.191791 0.146159,
        -0.492126 0.183518 0.136611,
        -0.492126 0.161991 0.116854,
        -0.492126 0.160715 0.115926,
        -0.492126 0.138353 0.099679,
        -0.492126 0.124600 0.091913,
        -0.492126 0.112911 0.085311,
        -0.492126 0.085997 0.073937,
        -0.492126 0.085240 0.073715,
        -0.492126 0.057962 0.065706,
        -0.492126 0.043177 0.063147,
        -0.492126 0.029171 0.060723,
        -0.492126 0.000000 0.059055,
        -0.452756 -0.211752 0.109172,
        -0.452756 -0.186913 0.086376,
        -0.452756 -0.177124 0.079263,
        -0.452756 -0.159638 0.066559,
        -0.452756 -0.280824 0.223715,
        -0.452756 -0.268592 0.192299,
        -0.452756 -0.266576 0.188479,
        -0.452756 -0.252859 0.162481,
        -0.452756 -0.242612 0.147495,
        -0.452756 -0.233830 0.134651,
        -0.452756 -0.212883 0.110478,
        -0.452756 -0.295155 0.323393,
        -0.452756 -0.294193 0.289693,
        -0.452756 -0.292717 0.279428,
        -0.452756 -0.289394 0.256322,
        -0.452756 -0.283240 0.232909,
        -0.452756 -0.261152 0.452756,
        -0.452756 -0.275157 0.422089,
        -0.452756 -0.275957 0.419624,
        -0.452756 -0.285575 0.390025,
        -0.452756 -0.288837 0.373928,
        -0.452756 -0.292270 0.356983,
        -0.452756 -0.294859 0.326835,
        -0.452756 -0.195645 0.535783,
        -0.452756 -0.199658 0.532502,
        -0.452756 -0.223154 0.508325,
        -0.452756 -0.228431 0.501482,
        -0.452756 -0.243742 0.481627,
        -0.452756 -0.255350 0.462377,
        -0.452756 -0.173559 0.553844,
        -0.452756 -0.157559 0.564126,
        -0.452756 -0.145197 0.572071,
        -0.452756 -0.115717 0.586565,
        -0.452756 -0.114942 0.586946,
        -0.452756 -0.083189 0.598276,
        -0.452756 0.016857 0.609755,
        -0.452756 -0.016857 0.609755,
        -0.452756 -0.070561 0.601212,
        -0.452756 -0.050351 0.605911,
        -0.452756 -0.023724 0.608967,
        -0.452756 0.114942 0.586946,
        -0.452756 0.083189 0.598276,
        -0.452756 0.070561 0.601212,
        -0.452756 0.050351 0.605911,
        -0.452756 0.023724 0.608967,
        -0.452756 0.223154 0.508325,
        -0.452756 0.199658 0.532502,
        -0.452756 0.195645 0.535783,
        -0.452756 0.173559 0.553844,
        -0.452756 0.157559 0.564126,
        -0.452756 0.145197 0.572071,
        -0.452756 0.115717 0.586565,
        -0.452756 0.275157 0.422089,
        -0.452756 0.261152 0.452756,
        -0.452756 0.255350 0.462377,
        -0.452756 0.243742 0.481627,
        -0.452756 0.228431 0.501482,
        -0.452756 0.294193 0.289693,
        -0.452756 0.295155 0.323393,
        -0.452756 0.294859 0.326835,
        -0.452756 0.292270 0.356983,
        -0.452756 0.288837 0.373928,
        -0.452756 0.285575 0.390025,
        -0.452756 0.275957 0.419624,
        -0.452756 0.268592 0.192299,
        -0.452756 0.280824 0.223715,
        -0.452756 0.283240 0.232909,
        -0.452756 0.289394 0.256322,
        -0.452756 0.292717 0.279428,
        -0.452756 0.211752 0.109172,
        -0.452756 0.212883 0.110478,
        -0.452756 0.233830 0.134651,
        -0.452756 0.242612 0.147495,
        -0.452756 0.252859 0.162481,
        -0.452756 0.266576 0.188479,
        -0.452756 0.099227 0.036857,
        -0.452756 0.130282 0.049981,
        -0.452756 0.137053 0.053805,
        -0.452756 0.159638 0.066559,
        -0.452756 0.177124 0.079263,
        -0.452756 0.186913 0.086376,
        -0.452756 -0.137053 0.053805,
        -0.452756 -0.130282 0.049981,
        -0.452756 -0.099227 0.036857,
        -0.452756 -0.093424 0.035153,
        -0.452756 -0.066879 0.027359,
        -0.452756 -0.047286 0.023968,
        -0.452756 -0.033659 0.021610,
        -0.452756 0.000000 0.019685,
        -0.452756 0.033659 0.021610,
        -0.452756 0.047286 0.023968,
        -0.452756 0.066879 0.027359,
        -0.452756 0.093424 0.035153,
        -0.490785 0.060270 0.055781,
        -0.490785 0.089421 0.064340,
        -0.490785 0.143862 0.091107,
        -0.490785 0.168442 0.108965,
        -0.490785 0.210721 0.152470,
        -0.490785 0.227870 0.177550,
        -0.490785 0.253072 0.232733,
        -0.490785 0.260795 0.262117,
        -0.490785 0.265987 0.322559,
        -0.490785 0.263387 0.352830,
        -0.490785 0.247965 0.411502,
        -0.490785 0.235343 0.439139,
        -0.490785 0.201102 0.489216,
        -0.490785 0.130848 0.546662,
        -0.490785 0.045375 0.577159,
        -0.490785 -0.045375 0.577159,
        -0.490785 -0.130848 0.546662,
        -0.490785 -0.201102 0.489216,
        -0.490785 -0.247965 0.411502,
        -0.490785 -0.265987 0.322559,
        -0.490785 -0.253072 0.232733,
        -0.490785 -0.210721 0.152470,
        -0.490785 -0.143862 0.091107,
        -0.490785 -0.060270 0.055781,
        -0.462946 0.033506 0.022943,
        -0.462946 0.129690 0.051185,
        -0.462946 0.210789 0.110107,
        -0.462946 0.232767 0.135470,
        -0.462946 0.279548 0.224130,
        -0.462946 0.293814 0.323354,
        -0.462946 0.290942 0.356792,
        -0.462946 0.284278 0.389684,
        -0.462946 0.259965 0.452130,
        -0.462946 0.198751 0.531514,
        -0.462946 0.172770 0.552758,
        -0.462946 0.144537 0.570903,
        -0.462946 0.082811 0.596988,
        -0.462946 -0.016780 0.608415,
        -0.462946 -0.114420 0.585710,
        -0.462946 -0.144537 0.570903,
        -0.462946 -0.222141 0.507446,
        -0.462946 -0.273907 0.421602,
        -0.462946 -0.284278 0.389684,
        -0.462946 -0.292856 0.289807,
        -0.462946 -0.267372 0.192856,
        -0.462946 -0.251710 0.163174,
        -0.462946 -0.232767 0.135470,
        -0.462946 -0.186064 0.087414,
        -0.462946 -0.098776 0.038120,
        -0.462946 -0.033506 0.022943,
        -0.462946 -0.066575 0.028665,
        -0.472441 -0.033057 0.026850,
        -0.472441 -0.065684 0.032496,
        -0.480595 -0.032344 0.033066,
        -0.480595 -0.064267 0.038590,
        -0.486852 -0.031415 0.041167,
        -0.486852 -0.062420 0.046532,
        -0.490785 -0.030333 0.050600,
        -0.462946 -0.129690 0.051185,
        -0.462946 -0.158913 0.067687,
        -0.472441 -0.127955 0.054714,
        -0.472441 -0.156786 0.070996,
        -0.480595 -0.125194 0.060329,
        -0.480595 -0.153404 0.076260,
        -0.486852 -0.121596 0.067646,
        -0.486852 -0.148996 0.083119,
        -0.490785 -0.117407 0.076167,
        -0.462946 -0.210789 0.110107,
        -0.472441 -0.207969 0.112848,
        -0.472441 -0.229652 0.137872,
        -0.480595 -0.203482 0.117209,
        -0.480595 -0.224698 0.141693,
        -0.486852 -0.197635 0.122891,
        -0.486852 -0.218241 0.146672,
        -0.490785 -0.190825 0.129509,
        -0.462946 -0.279548 0.224130,
        -0.472441 -0.263794 0.194490,
        -0.472441 -0.275807 0.225345,
        -0.480595 -0.258103 0.197089,
        -0.480595 -0.269857 0.227279,
        -0.486852 -0.250686 0.200476,
        -0.486852 -0.262102 0.229798,
        -0.490785 -0.242049 0.204421,
        -0.462946 -0.293814 0.323354,
        -0.472441 -0.288937 0.290144,
        -0.472441 -0.289883 0.323242,
        -0.480595 -0.282704 0.290679,
        -0.480595 -0.283629 0.323063,
        -0.486852 -0.274580 0.291377,
        -0.486852 -0.275478 0.322830,
        -0.490785 -0.265119 0.292189,
        -0.472441 -0.280474 0.388684,
        -0.472441 -0.270241 0.420175,
        -0.480595 -0.274422 0.387094,
        -0.480595 -0.264411 0.417905,
        -0.486852 -0.266537 0.385021,
        -0.486852 -0.256813 0.414947,
        -0.490785 -0.257353 0.382607,
        -0.462946 -0.242634 0.480870,
        -0.472441 -0.239388 0.478650,
        -0.472441 -0.219168 0.504871,
        -0.480595 -0.234223 0.475118,
        -0.480595 -0.214440 0.500774,
        -0.486852 -0.227492 0.470516,
        -0.486852 -0.208278 0.495434,
        -0.490785 -0.219654 0.465156,
        -0.462946 -0.172770 0.552758,
        -0.472441 -0.170458 0.549576,
        -0.472441 -0.142603 0.567478,
        -0.480595 -0.166781 0.544515,
        -0.480595 -0.139526 0.562030,
        -0.486852 -0.161988 0.537918,
        -0.486852 -0.135517 0.554930,
        -0.490785 -0.156407 0.530236,
        -0.462946 -0.082811 0.596988,
        -0.462946 -0.050122 0.604590,
        -0.472441 -0.081703 0.593215,
        -0.472441 -0.049452 0.600714,
        -0.480595 -0.079940 0.587211,
        -0.480595 -0.048385 0.594549,
        -0.486852 -0.077643 0.579388,
        -0.486852 -0.046994 0.586515,
        -0.490785 -0.074968 0.570277,
        -0.462946 0.016780 0.608415,
        -0.462946 0.050122 0.604590,
        -0.472441 0.016556 0.604489,
        -0.472441 0.049452 0.600714,
        -0.480595 0.016199 0.598242,
        -0.480595 0.048385 0.594549,
        -0.486852 0.015733 0.590102,
        -0.486852 0.046994 0.586515,
        -0.490785 0.015191 0.580622,
        -0.462946 0.114420 0.585710,
        -0.472441 0.112889 0.582087,
        -0.472441 0.142603 0.567478,
        -0.480595 0.110453 0.576324,
        -0.480595 0.139526 0.562030,
        -0.486852 0.107279 0.568814,
        -0.486852 0.135517 0.554930,
        -0.490785 0.103583 0.560067,
        -0.462946 0.222141 0.507446,
        -0.472441 0.196091 0.528616,
        -0.472441 0.219168 0.504871,
        -0.480595 0.191861 0.524007,
        -0.480595 0.214440 0.500774,
        -0.486852 0.186347 0.518000,
        -0.486852 0.208278 0.495434,
        -0.490785 0.179927 0.511004,
        -0.462946 0.000000 0.021026,
        -0.472441 0.000000 0.024959,
        -0.480595 0.000000 0.031216,
        -0.486852 0.000000 0.039370,
        -0.490785 0.000000 0.048865,
        -0.490785 -0.089421 0.064340,
        -0.486852 -0.092612 0.055397,
        -0.480595 -0.095352 0.047718,
        -0.472441 -0.097455 0.041825,
        -0.490785 -0.168442 0.108965,
        -0.486852 -0.174452 0.101615,
        -0.480595 -0.179614 0.095302,
        -0.472441 -0.183574 0.090459,
        -0.490785 -0.227870 0.177550,
        -0.486852 -0.236002 0.172646,
        -0.480595 -0.242984 0.168436,
        -0.472441 -0.248342 0.165205,
        -0.490785 -0.260795 0.262117,
        -0.486852 -0.270102 0.260231,
        -0.480595 -0.278093 0.258612,
        -0.472441 -0.284225 0.257369,
        -0.462946 -0.288080 0.256588,
        -0.490785 -0.263387 0.352830,
        -0.486852 -0.272785 0.354181,
        -0.480595 -0.280856 0.355342,
        -0.472441 -0.287049 0.356232,
        -0.462946 -0.290942 0.356792,
        -0.490785 -0.235343 0.439139,
        -0.486852 -0.243741 0.443570,
        -0.480595 -0.250953 0.447375,
        -0.472441 -0.256487 0.450294,
        -0.462946 -0.259965 0.452130,
        -0.490785 -0.179927 0.511004,
        -0.486852 -0.186347 0.518000,
        -0.480595 -0.191861 0.524007,
        -0.472441 -0.196091 0.528616,
        -0.462946 -0.198751 0.531514,
        -0.490785 -0.103583 0.560067,
        -0.486852 -0.107279 0.568814,
        -0.480595 -0.110453 0.576324,
        -0.472441 -0.112889 0.582087,
        -0.490785 -0.015191 0.580622,
        -0.486852 -0.015733 0.590102,
        -0.480595 -0.016199 0.598242,
        -0.472441 -0.016556 0.604489,
        -0.490785 0.074968 0.570277,
        -0.486852 0.077643 0.579388,
        -0.480595 0.079940 0.587211,
        -0.472441 0.081703 0.593215,
        -0.490785 0.156407 0.530236,
        -0.486852 0.161988 0.537918,
        -0.480595 0.166781 0.544515,
        -0.472441 0.170458 0.549576,
        -0.490785 0.219654 0.465156,
        -0.486852 0.227492 0.470516,
        -0.480595 0.234223 0.475118,
        -0.472441 0.239388 0.478650,
        -0.462946 0.242634 0.480870,
        -0.472441 0.256487 0.450294,
        -0.480595 0.250953 0.447375,
        -0.486852 0.243741 0.443570,
        -0.486852 0.256813 0.414947,
        -0.480595 0.264411 0.417905,
        -0.472441 0.270241 0.420175,
        -0.462946 0.273907 0.421602,
        -0.490785 0.257353 0.382607,
        -0.486852 0.266537 0.385021,
        -0.480595 0.274422 0.387094,
        -0.472441 0.280474 0.388684,
        -0.472441 0.287049 0.356232,
        -0.480595 0.280856 0.355342,
        -0.486852 0.272785 0.354181,
        -0.486852 0.275478 0.322830,
        -0.480595 0.283629 0.323063,
        -0.472441 0.289883 0.323242,
        -0.490785 0.265119 0.292189,
        -0.486852 0.274580 0.291377,
        -0.480595 0.282704 0.290679,
        -0.472441 0.288937 0.290144,
        -0.462946 0.292856 0.289807,
        -0.462946 0.288080 0.256588,
        -0.472441 0.284225 0.257369,
        -0.480595 0.278093 0.258612,
        -0.486852 0.270102 0.260231,
        -0.486852 0.262102 0.229798,
        -0.480595 0.269857 0.227279,
        -0.472441 0.275807 0.225345,
        -0.490785 0.242049 0.204421,
        -0.486852 0.250686 0.200476,
        -0.480595 0.258103 0.197089,
        -0.472441 0.263794 0.194490,
        -0.462946 0.267372 0.192856,
        -0.462946 0.251710 0.163174,
        -0.472441 0.248342 0.165205,
        -0.480595 0.242984 0.168436,
        -0.486852 0.236002 0.172646,
        -0.486852 0.218241 0.146672,
        -0.480595 0.224698 0.141693,
        -0.472441 0.229652 0.137872,
        -0.490785 0.190825 0.129509,
        -0.486852 0.197635 0.122891,
        -0.480595 0.203482 0.117209,
        -0.472441 0.207969 0.112848,
        -0.462946 0.186064 0.087414,
        -0.472441 0.183574 0.090459,
        -0.480595 0.179614 0.095302,
        -0.486852 0.174452 0.101615,
        -0.486852 0.148996 0.083119,
        -0.480595 0.153404 0.076260,
        -0.472441 0.156786 0.070996,
        -0.462946 0.158913 0.067687,
        -0.490785 0.117407 0.076167,
        -0.486852 0.121596 0.067646,
        -0.480595 0.125194 0.060329,
        -0.472441 0.127955 0.054714,
        -0.462946 0.098776 0.038120,
        -0.472441 0.097455 0.041825,
        -0.480595 0.095352 0.047718,
        -0.486852 0.092612 0.055397,
        -0.486852 0.062420 0.046532,
        -0.480595 0.064267 0.038590,
        -0.472441 0.065684 0.032496,
        -0.462946 0.066575 0.028665,
        -0.490785 0.030333 0.050600,
        -0.486852 0.031415 0.041167,
        -0.480595 0.032344 0.033066,
        -0.472441 0.033057 0.026850,
        0.462946 0.066575 0.028665,
        0.462946 0.158913 0.067687,
        0.462946 0.232767 0.135470,
        0.462946 0.251710 0.163174,
        0.462946 0.267372 0.192856,
        0.462946 0.288080 0.256588,
        0.462946 0.290942 0.356792,
        0.462946 0.273907 0.421602,
        0.462946 0.242634 0.480870,
        0.462946 0.172770 0.552758,
        0.462946 0.114420 0.585710,
        0.462946 0.050122 0.604590,
        0.462946 -0.050122 0.604590,
        0.462946 -0.144537 0.570903,
        0.462946 -0.172770 0.552758,
        0.462946 -0.198751 0.531514,
        0.462946 -0.242634 0.480870,
        0.462946 -0.284278 0.389684,
        0.462946 -0.290942 0.356792,
        0.462946 -0.293814 0.323354,
        0.462946 -0.288080 0.256588,
        0.462946 -0.251710 0.163174,
        0.462946 -0.210789 0.110107,
        0.462946 -0.158913 0.067687,
        0.462946 -0.066575 0.028665,
        0.490785 0.030333 0.050600,
        0.490785 0.117407 0.076167,
        0.490785 0.190825 0.129509,
        0.490785 0.242049 0.204421,
        0.490785 0.265119 0.292189,
        0.490785 0.257353 0.382607,
        0.490785 0.219654 0.465156,
        0.490785 0.156407 0.530236,
        0.490785 0.074968 0.570277,
        0.490785 -0.015191 0.580622,
        0.490785 -0.103583 0.560067,
        0.490785 -0.179927 0.511004,
        0.490785 -0.235343 0.439139,
        0.490785 -0.247965 0.411502,
        0.490785 -0.263387 0.352830,
        0.490785 -0.265987 0.322559,
        0.490785 -0.260795 0.262117,
        0.490785 -0.253072 0.232733,
        0.490785 -0.227870 0.177550,
        0.490785 -0.210721 0.152470,
        0.490785 -0.168442 0.108965,
        0.490785 -0.143862 0.091107,
        0.490785 -0.089421 0.064340,
        0.490785 -0.060270 0.055781,
        0.490785 -0.030333 0.050600,
        0.486852 -0.031415 0.041167,
        0.486852 -0.062420 0.046532,
        0.480595 -0.032344 0.033066,
        0.480595 -0.064267 0.038590,
        0.472441 -0.033057 0.026850,
        0.472441 -0.065684 0.032496,
        0.462946 -0.033506 0.022943,
        0.490785 -0.117407 0.076167,
        0.486852 -0.121596 0.067646,
        0.486852 -0.148996 0.083119,
        0.480595 -0.125194 0.060329,
        0.480595 -0.153404 0.076260,
        0.472441 -0.127955 0.054714,
        0.472441 -0.156786 0.070996,
        0.462946 -0.129690 0.051185,
        0.486852 -0.218241 0.146672,
        0.486852 -0.236002 0.172646,
        0.480595 -0.224698 0.141693,
        0.480595 -0.242984 0.168436,
        0.472441 -0.229652 0.137872,
        0.472441 -0.248342 0.165205,
        0.462946 -0.232767 0.135470,
        0.486852 -0.262102 0.229798,
        0.486852 -0.270102 0.260231,
        0.480595 -0.269857 0.227279,
        0.480595 -0.278093 0.258612,
        0.472441 -0.275807 0.225345,
        0.472441 -0.284225 0.257369,
        0.462946 -0.279548 0.224130,
        0.490785 -0.219654 0.465156,
        0.486852 -0.243741 0.443570,
        0.486852 -0.227492 0.470516,
        0.480595 -0.250953 0.447375,
        0.480595 -0.234223 0.475118,
        0.472441 -0.256487 0.450294,
        0.472441 -0.239388 0.478650,
        0.462946 -0.259965 0.452130,
        0.490785 -0.074968 0.570277,
        0.490785 -0.045375 0.577159,
        0.486852 -0.077643 0.579388,
        0.486852 -0.046994 0.586515,
        0.480595 -0.079940 0.587211,
        0.480595 -0.048385 0.594549,
        0.472441 -0.081703 0.593215,
        0.472441 -0.049452 0.600714,
        0.462946 -0.082811 0.596988,
        0.490785 0.015191 0.580622,
        0.490785 0.045375 0.577159,
        0.486852 0.015733 0.590102,
        0.486852 0.046994 0.586515,
        0.480595 0.016199 0.598242,
        0.480595 0.048385 0.594549,
        0.472441 0.016556 0.604489,
        0.472441 0.049452 0.600714,
        0.462946 0.016780 0.608415,
        0.490785 0.130848 0.546662,
        0.486852 0.135517 0.554930,
        0.486852 0.161988 0.537918,
        0.480595 0.139526 0.562030,
        0.480595 0.166781 0.544515,
        0.472441 0.142603 0.567478,
        0.472441 0.170458 0.549576,
        0.462946 0.144537 0.570903,
        0.490785 0.201102 0.489216,
        0.486852 0.208278 0.495434,
        0.486852 0.227492 0.470516,
        0.480595 0.214440 0.500774,
        0.480595 0.234223 0.475118,
        0.472441 0.219168 0.504871,
        0.472441 0.239388 0.478650,
        0.462946 0.222141 0.507446,
        0.490785 0.263387 0.352830,
        0.486852 0.266537 0.385021,
        0.486852 0.272785 0.354181,
        0.480595 0.274422 0.387094,
        0.480595 0.280856 0.355342,
        0.472441 0.280474 0.388684,
        0.472441 0.287049 0.356232,
        0.462946 0.284278 0.389684,
        0.490785 0.260795 0.262117,
        0.486852 0.274580 0.291377,
        0.486852 0.270102 0.260231,
        0.480595 0.282704 0.290679,
        0.480595 0.278093 0.258612,
        0.472441 0.288937 0.290144,
        0.472441 0.284225 0.257369,
        0.462946 0.292856 0.289807,
        0.490785 0.168442 0.108965,
        0.490785 0.143862 0.091107,
        0.486852 0.174452 0.101615,
        0.486852 0.148996 0.083119,
        0.480595 0.179614 0.095302,
        0.480595 0.153404 0.076260,
        0.472441 0.183574 0.090459,
        0.472441 0.156786 0.070996,
        0.462946 0.186064 0.087414,
        0.490785 0.089421 0.064340,
        0.490785 0.060270 0.055781,
        0.486852 0.092612 0.055397,
        0.486852 0.062420 0.046532,
        0.480595 0.095352 0.047718,
        0.480595 0.064267 0.038590,
        0.472441 0.097455 0.041825,
        0.472441 0.065684 0.032496,
        0.462946 0.098776 0.038120,
        0.490785 0.000000 0.048865,
        0.486852 0.000000 0.039370,
        0.480595 0.000000 0.031216,
        0.472441 0.000000 0.024959,
        0.462946 0.000000 0.021026,
        0.462946 -0.098776 0.038120,
        0.472441 -0.097455 0.041825,
        0.480595 -0.095352 0.047718,
        0.486852 -0.092612 0.055397,
        0.462946 -0.186064 0.087414,
        0.472441 -0.183574 0.090459,
        0.480595 -0.179614 0.095302,
        0.486852 -0.174452 0.101615,
        0.490785 -0.190825 0.129509,
        0.486852 -0.197635 0.122891,
        0.480595 -0.203482 0.117209,
        0.472441 -0.207969 0.112848,
        0.462946 -0.267372 0.192856,
        0.472441 -0.263794 0.194490,
        0.480595 -0.258103 0.197089,
        0.486852 -0.250686 0.200476,
        0.490785 -0.242049 0.204421,
        0.462946 -0.292856 0.289807,
        0.472441 -0.288937 0.290144,
        0.480595 -0.282704 0.290679,
        0.486852 -0.274580 0.291377,
        0.490785 -0.265119 0.292189,
        0.486852 -0.275478 0.322830,
        0.480595 -0.283629 0.323063,
        0.472441 -0.289883 0.323242,
        0.472441 -0.287049 0.356232,
        0.480595 -0.280856 0.355342,
        0.486852 -0.272785 0.354181,
        0.472441 -0.280474 0.388684,
        0.480595 -0.274422 0.387094,
        0.486852 -0.266537 0.385021,
        0.490785 -0.257353 0.382607,
        0.462946 -0.273907 0.421602,
        0.472441 -0.270241 0.420175,
        0.480595 -0.264411 0.417905,
        0.486852 -0.256813 0.414947,
        0.462946 -0.222141 0.507446,
        0.472441 -0.219168 0.504871,
        0.480595 -0.214440 0.500774,
        0.486852 -0.208278 0.495434,
        0.490785 -0.201102 0.489216,
        0.486852 -0.186347 0.518000,
        0.480595 -0.191861 0.524007,
        0.472441 -0.196091 0.528616,
        0.472441 -0.170458 0.549576,
        0.480595 -0.166781 0.544515,
        0.486852 -0.161988 0.537918,
        0.490785 -0.156407 0.530236,
        0.472441 -0.142603 0.567478,
        0.480595 -0.139526 0.562030,
        0.486852 -0.135517 0.554930,
        0.490785 -0.130848 0.546662,
        0.462946 -0.114420 0.585710,
        0.472441 -0.112889 0.582087,
        0.480595 -0.110453 0.576324,
        0.486852 -0.107279 0.568814,
        0.462946 -0.016780 0.608415,
        0.472441 -0.016556 0.604489,
        0.480595 -0.016199 0.598242,
        0.486852 -0.015733 0.590102,
        0.462946 0.082811 0.596988,
        0.472441 0.081703 0.593215,
        0.480595 0.079940 0.587211,
        0.486852 0.077643 0.579388,
        0.490785 0.103583 0.560067,
        0.486852 0.107279 0.568814,
        0.480595 0.110453 0.576324,
        0.472441 0.112889 0.582087,
        0.462946 0.198751 0.531514,
        0.472441 0.196091 0.528616,
        0.480595 0.191861 0.524007,
        0.486852 0.186347 0.518000,
        0.490785 0.179927 0.511004,
        0.462946 0.259965 0.452130,
        0.472441 0.256487 0.450294,
        0.480595 0.250953 0.447375,
        0.486852 0.243741 0.443570,
        0.490785 0.235343 0.439139,
        0.490785 0.247965 0.411502,
        0.486852 0.256813 0.414947,
        0.480595 0.264411 0.417905,
        0.472441 0.270241 0.420175,
        0.462946 0.293814 0.323354,
        0.472441 0.289883 0.323242,
        0.480595 0.283629 0.323063,
        0.486852 0.275478 0.322830,
        0.490785 0.265987 0.322559,
        0.462946 0.279548 0.224130,
        0.472441 0.275807 0.225345,
        0.480595 0.269857 0.227279,
        0.486852 0.262102 0.229798,
        0.490785 0.253072 0.232733,
        0.486852 0.250686 0.200476,
        0.480595 0.258103 0.197089,
        0.472441 0.263794 0.194490,
        0.472441 0.248342 0.165205,
        0.480595 0.242984 0.168436,
        0.486852 0.236002 0.172646,
        0.490785 0.227870 0.177550,
        0.472441 0.229652 0.137872,
        0.480595 0.224698 0.141693,
        0.486852 0.218241 0.146672,
        0.490785 0.210721 0.152470,
        0.462946 0.210789 0.110107,
        0.472441 0.207969 0.112848,
        0.480595 0.203482 0.117209,
        0.486852 0.197635 0.122891,
        0.462946 0.129690 0.051185,
        0.472441 0.127955 0.054714,
        0.480595 0.125194 0.060329,
        0.486852 0.121596 0.067646,
        0.462946 0.033506 0.022943,
        0.472441 0.033057 0.026850,
        0.480595 0.032344 0.033066,
        0.486852 0.031415 0.041167,
      ]
    }
    coordIndex [
      272, 271, 368, -1,
      270, 269, 369, -1,
      267, 266, 370, -1,
      265, 264, 371, -1,
      262, 261, 372, -1,
      260, 259, 373, -1,
      255, 256, 374, -1,
      257, 254, 375, -1,
      252, 251, 376, -1,
      250, 249, 377, -1,
      247, 246, 378, -1,
      245, 244, 379, -1,
      242, 241, 380, -1,
      237, 236, 381, -1,
      232, 231, 382, -1,
      227, 226, 383, -1,
      222, 221, 384, -1,
      217, 216, 385, -1,
      212, 211, 386, -1,
      207, 206, 387, -1,
      202, 201, 388, -1,
      197, 193, 389, -1,
      188, 189, 390, -1,
      187, 186, 391, -1,
      365, 364, 392, -1,
      352, 351, 393, -1,
      345, 344, 394, -1,
      347, 346, 395, -1,
      341, 340, 396, -1,
      334, 333, 397, -1,
      336, 335, 398, -1,
      338, 337, 399, -1,
      329, 328, 400, -1,
      322, 321, 401, -1,
      324, 323, 402, -1,
      326, 325, 403, -1,
      317, 316, 404, -1,
      314, 311, 405, -1,
      307, 308, 406, -1,
      305, 306, 407, -1,
      301, 300, 408, -1,
      293, 292, 409, -1,
      295, 294, 410, -1,
      288, 287, 411, -1,
      281, 280, 412, -1,
      283, 282, 413, -1,
      285, 284, 414, -1,
      277, 276, 415, -1,
      359, 358, 416, -1,
      359, 416, 360, -1,
      277, 415, 278, -1,
      288, 411, 289, -1,
      295, 410, 296, -1,
      301, 408, 302, -1,
      305, 407, 304, -1,
      314, 405, 313, -1,
      317, 404, 318, -1,
      329, 400, 330, -1,
      341, 396, 342, -1,
      347, 395, 348, -1,
      352, 393, 353, -1,
      365, 392, 366, -1,
      362, 361, 417, -1,
      417, 361, 418, -1,
      417, 418, 419, -1,
      419, 418, 420, -1,
      419, 420, 421, -1,
      421, 420, 422, -1,
      421, 422, 423, -1,
      423, 422, 424, -1,
      423, 424, 425, -1,
      425, 424, 391, -1,
      357, 356, 426, -1,
      426, 356, 427, -1,
      426, 427, 428, -1,
      428, 427, 429, -1,
      428, 429, 430, -1,
      430, 429, 431, -1,
      430, 431, 432, -1,
      432, 431, 433, -1,
      432, 433, 434, -1,
      434, 433, 390, -1,
      275, 285, 435, -1,
      435, 285, 414, -1,
      435, 414, 436, -1,
      436, 414, 437, -1,
      436, 437, 438, -1,
      438, 437, 439, -1,
      438, 439, 440, -1,
      440, 439, 441, -1,
      440, 441, 442, -1,
      442, 441, 389, -1,
      280, 279, 412, -1,
      412, 279, 443, -1,
      412, 443, 444, -1,
      444, 443, 445, -1,
      444, 445, 446, -1,
      446, 445, 447, -1,
      446, 447, 448, -1,
      448, 447, 449, -1,
      448, 449, 450, -1,
      450, 449, 388, -1,
      287, 286, 411, -1,
      411, 286, 451, -1,
      411, 451, 452, -1,
      452, 451, 453, -1,
      452, 453, 454, -1,
      454, 453, 455, -1,
      454, 455, 456, -1,
      456, 455, 457, -1,
      456, 457, 458, -1,
      458, 457, 387, -1,
      294, 293, 410, -1,
      410, 293, 409, -1,
      410, 409, 459, -1,
      459, 409, 460, -1,
      459, 460, 461, -1,
      461, 460, 462, -1,
      461, 462, 463, -1,
      463, 462, 464, -1,
      463, 464, 465, -1,
      465, 464, 386, -1,
      303, 302, 466, -1,
      466, 302, 408, -1,
      466, 408, 467, -1,
      467, 408, 468, -1,
      467, 468, 469, -1,
      469, 468, 470, -1,
      469, 470, 471, -1,
      471, 470, 472, -1,
      471, 472, 473, -1,
      473, 472, 385, -1,
      298, 304, 474, -1,
      474, 304, 407, -1,
      474, 407, 475, -1,
      475, 407, 476, -1,
      475, 476, 477, -1,
      477, 476, 478, -1,
      477, 478, 479, -1,
      479, 478, 480, -1,
      479, 480, 481, -1,
      481, 480, 384, -1,
      309, 312, 482, -1,
      482, 312, 483, -1,
      482, 483, 484, -1,
      484, 483, 485, -1,
      484, 485, 486, -1,
      486, 485, 487, -1,
      486, 487, 488, -1,
      488, 487, 489, -1,
      488, 489, 490, -1,
      490, 489, 383, -1,
      310, 319, 491, -1,
      491, 319, 492, -1,
      491, 492, 493, -1,
      493, 492, 494, -1,
      493, 494, 495, -1,
      495, 494, 496, -1,
      495, 496, 497, -1,
      497, 496, 498, -1,
      497, 498, 499, -1,
      499, 498, 382, -1,
      315, 326, 500, -1,
      500, 326, 403, -1,
      500, 403, 501, -1,
      501, 403, 502, -1,
      501, 502, 503, -1,
      503, 502, 504, -1,
      503, 504, 505, -1,
      505, 504, 506, -1,
      505, 506, 507, -1,
      507, 506, 381, -1,
      321, 320, 401, -1,
      401, 320, 508, -1,
      401, 508, 509, -1,
      509, 508, 510, -1,
      509, 510, 511, -1,
      511, 510, 512, -1,
      511, 512, 513, -1,
      513, 512, 514, -1,
      513, 514, 515, -1,
      515, 514, 380, -1,
      363, 362, 516, -1,
      516, 362, 417, -1,
      516, 417, 517, -1,
      517, 417, 419, -1,
      517, 419, 518, -1,
      518, 419, 421, -1,
      518, 421, 519, -1,
      519, 421, 423, -1,
      519, 423, 520, -1,
      520, 423, 425, -1,
      520, 425, 274, -1,
      274, 425, 184, -1,
      391, 186, 425, -1,
      425, 186, 185, -1,
      425, 185, 184, -1,
      190, 187, 521, -1,
      521, 187, 391, -1,
      521, 391, 522, -1,
      522, 391, 424, -1,
      522, 424, 523, -1,
      523, 424, 422, -1,
      523, 422, 524, -1,
      524, 422, 420, -1,
      524, 420, 416, -1,
      416, 420, 418, -1,
      416, 418, 360, -1,
      360, 418, 361, -1,
      358, 357, 416, -1,
      416, 357, 426, -1,
      416, 426, 524, -1,
      524, 426, 428, -1,
      524, 428, 523, -1,
      523, 428, 430, -1,
      523, 430, 522, -1,
      522, 430, 432, -1,
      522, 432, 521, -1,
      521, 432, 434, -1,
      521, 434, 190, -1,
      190, 434, 191, -1,
      390, 189, 434, -1,
      434, 189, 192, -1,
      434, 192, 191, -1,
      194, 188, 525, -1,
      525, 188, 390, -1,
      525, 390, 526, -1,
      526, 390, 433, -1,
      526, 433, 527, -1,
      527, 433, 431, -1,
      527, 431, 528, -1,
      528, 431, 429, -1,
      528, 429, 415, -1,
      415, 429, 427, -1,
      415, 427, 278, -1,
      278, 427, 356, -1,
      276, 275, 415, -1,
      415, 275, 435, -1,
      415, 435, 528, -1,
      528, 435, 436, -1,
      528, 436, 527, -1,
      527, 436, 438, -1,
      527, 438, 526, -1,
      526, 438, 440, -1,
      526, 440, 525, -1,
      525, 440, 442, -1,
      525, 442, 194, -1,
      194, 442, 195, -1,
      389, 193, 442, -1,
      442, 193, 196, -1,
      442, 196, 195, -1,
      198, 197, 529, -1,
      529, 197, 389, -1,
      529, 389, 530, -1,
      530, 389, 441, -1,
      530, 441, 531, -1,
      531, 441, 439, -1,
      531, 439, 532, -1,
      532, 439, 437, -1,
      532, 437, 413, -1,
      413, 437, 414, -1,
      413, 414, 283, -1,
      283, 414, 284, -1,
      282, 281, 413, -1,
      413, 281, 412, -1,
      413, 412, 532, -1,
      532, 412, 444, -1,
      532, 444, 531, -1,
      531, 444, 446, -1,
      531, 446, 530, -1,
      530, 446, 448, -1,
      530, 448, 529, -1,
      529, 448, 450, -1,
      529, 450, 198, -1,
      198, 450, 199, -1,
      388, 201, 450, -1,
      450, 201, 200, -1,
      450, 200, 199, -1,
      203, 202, 533, -1,
      533, 202, 388, -1,
      533, 388, 534, -1,
      534, 388, 449, -1,
      534, 449, 535, -1,
      535, 449, 447, -1,
      535, 447, 536, -1,
      536, 447, 445, -1,
      536, 445, 537, -1,
      537, 445, 443, -1,
      537, 443, 290, -1,
      290, 443, 279, -1,
      290, 289, 537, -1,
      537, 289, 411, -1,
      537, 411, 536, -1,
      536, 411, 452, -1,
      536, 452, 535, -1,
      535, 452, 454, -1,
      535, 454, 534, -1,
      534, 454, 456, -1,
      534, 456, 533, -1,
      533, 456, 458, -1,
      533, 458, 203, -1,
      203, 458, 204, -1,
      387, 206, 458, -1,
      458, 206, 205, -1,
      458, 205, 204, -1,
      208, 207, 538, -1,
      538, 207, 387, -1,
      538, 387, 539, -1,
      539, 387, 457, -1,
      539, 457, 540, -1,
      540, 457, 455, -1,
      540, 455, 541, -1,
      541, 455, 453, -1,
      541, 453, 542, -1,
      542, 453, 451, -1,
      542, 451, 297, -1,
      297, 451, 286, -1,
      297, 296, 542, -1,
      542, 296, 410, -1,
      542, 410, 541, -1,
      541, 410, 459, -1,
      541, 459, 540, -1,
      540, 459, 461, -1,
      540, 461, 539, -1,
      539, 461, 463, -1,
      539, 463, 538, -1,
      538, 463, 465, -1,
      538, 465, 208, -1,
      208, 465, 209, -1,
      386, 211, 465, -1,
      465, 211, 210, -1,
      465, 210, 209, -1,
      213, 212, 543, -1,
      543, 212, 386, -1,
      543, 386, 544, -1,
      544, 386, 464, -1,
      544, 464, 545, -1,
      545, 464, 462, -1,
      545, 462, 546, -1,
      546, 462, 460, -1,
      546, 460, 547, -1,
      547, 460, 409, -1,
      547, 409, 291, -1,
      291, 409, 292, -1,
      291, 303, 547, -1,
      547, 303, 466, -1,
      547, 466, 546, -1,
      546, 466, 467, -1,
      546, 467, 545, -1,
      545, 467, 469, -1,
      545, 469, 544, -1,
      544, 469, 471, -1,
      544, 471, 543, -1,
      543, 471, 473, -1,
      543, 473, 213, -1,
      213, 473, 214, -1,
      385, 216, 473, -1,
      473, 216, 215, -1,
      473, 215, 214, -1,
      218, 217, 548, -1,
      548, 217, 385, -1,
      548, 385, 549, -1,
      549, 385, 472, -1,
      549, 472, 550, -1,
      550, 472, 470, -1,
      550, 470, 551, -1,
      551, 470, 468, -1,
      551, 468, 552, -1,
      552, 468, 408, -1,
      552, 408, 299, -1,
      299, 408, 300, -1,
      299, 298, 552, -1,
      552, 298, 474, -1,
      552, 474, 551, -1,
      551, 474, 475, -1,
      551, 475, 550, -1,
      550, 475, 477, -1,
      550, 477, 549, -1,
      549, 477, 479, -1,
      549, 479, 548, -1,
      548, 479, 481, -1,
      548, 481, 218, -1,
      218, 481, 219, -1,
      384, 221, 481, -1,
      481, 221, 220, -1,
      481, 220, 219, -1,
      223, 222, 553, -1,
      553, 222, 384, -1,
      553, 384, 554, -1,
      554, 384, 480, -1,
      554, 480, 555, -1,
      555, 480, 478, -1,
      555, 478, 556, -1,
      556, 478, 476, -1,
      556, 476, 406, -1,
      406, 476, 407, -1,
      406, 407, 307, -1,
      307, 407, 306, -1,
      308, 309, 406, -1,
      406, 309, 482, -1,
      406, 482, 556, -1,
      556, 482, 484, -1,
      556, 484, 555, -1,
      555, 484, 486, -1,
      555, 486, 554, -1,
      554, 486, 488, -1,
      554, 488, 553, -1,
      553, 488, 490, -1,
      553, 490, 223, -1,
      223, 490, 224, -1,
      383, 226, 490, -1,
      490, 226, 225, -1,
      490, 225, 224, -1,
      228, 227, 557, -1,
      557, 227, 383, -1,
      557, 383, 558, -1,
      558, 383, 489, -1,
      558, 489, 559, -1,
      559, 489, 487, -1,
      559, 487, 560, -1,
      560, 487, 485, -1,
      560, 485, 405, -1,
      405, 485, 483, -1,
      405, 483, 313, -1,
      313, 483, 312, -1,
      311, 310, 405, -1,
      405, 310, 491, -1,
      405, 491, 560, -1,
      560, 491, 493, -1,
      560, 493, 559, -1,
      559, 493, 495, -1,
      559, 495, 558, -1,
      558, 495, 497, -1,
      558, 497, 557, -1,
      557, 497, 499, -1,
      557, 499, 228, -1,
      228, 499, 229, -1,
      382, 231, 499, -1,
      499, 231, 230, -1,
      499, 230, 229, -1,
      233, 232, 561, -1,
      561, 232, 382, -1,
      561, 382, 562, -1,
      562, 382, 498, -1,
      562, 498, 563, -1,
      563, 498, 496, -1,
      563, 496, 564, -1,
      564, 496, 494, -1,
      564, 494, 404, -1,
      404, 494, 492, -1,
      404, 492, 318, -1,
      318, 492, 319, -1,
      316, 315, 404, -1,
      404, 315, 500, -1,
      404, 500, 564, -1,
      564, 500, 501, -1,
      564, 501, 563, -1,
      563, 501, 503, -1,
      563, 503, 562, -1,
      562, 503, 505, -1,
      562, 505, 561, -1,
      561, 505, 507, -1,
      561, 507, 233, -1,
      233, 507, 234, -1,
      381, 236, 507, -1,
      507, 236, 235, -1,
      507, 235, 234, -1,
      238, 237, 565, -1,
      565, 237, 381, -1,
      565, 381, 566, -1,
      566, 381, 506, -1,
      566, 506, 567, -1,
      567, 506, 504, -1,
      567, 504, 568, -1,
      568, 504, 502, -1,
      568, 502, 402, -1,
      402, 502, 403, -1,
      402, 403, 324, -1,
      324, 403, 325, -1,
      323, 322, 402, -1,
      402, 322, 401, -1,
      402, 401, 568, -1,
      568, 401, 509, -1,
      568, 509, 567, -1,
      567, 509, 511, -1,
      567, 511, 566, -1,
      566, 511, 513, -1,
      566, 513, 565, -1,
      565, 513, 515, -1,
      565, 515, 238, -1,
      238, 515, 239, -1,
      380, 241, 515, -1,
      515, 241, 240, -1,
      515, 240, 239, -1,
      243, 242, 569, -1,
      569, 242, 380, -1,
      569, 380, 570, -1,
      570, 380, 514, -1,
      570, 514, 571, -1,
      571, 514, 512, -1,
      571, 512, 572, -1,
      572, 512, 510, -1,
      572, 510, 573, -1,
      573, 510, 508, -1,
      573, 508, 331, -1,
      331, 508, 320, -1,
      331, 330, 573, -1,
      573, 330, 400, -1,
      573, 400, 572, -1,
      572, 400, 574, -1,
      572, 574, 571, -1,
      571, 574, 575, -1,
      571, 575, 570, -1,
      570, 575, 576, -1,
      570, 576, 569, -1,
      569, 576, 379, -1,
      569, 379, 243, -1,
      243, 379, 244, -1,
      246, 245, 378, -1,
      378, 245, 379, -1,
      378, 379, 577, -1,
      577, 379, 576, -1,
      577, 576, 578, -1,
      578, 576, 575, -1,
      578, 575, 579, -1,
      579, 575, 574, -1,
      579, 574, 580, -1,
      580, 574, 400, -1,
      580, 400, 327, -1,
      327, 400, 328, -1,
      248, 247, 581, -1,
      581, 247, 378, -1,
      581, 378, 582, -1,
      582, 378, 577, -1,
      582, 577, 583, -1,
      583, 577, 578, -1,
      583, 578, 584, -1,
      584, 578, 579, -1,
      584, 579, 399, -1,
      399, 579, 580, -1,
      399, 580, 338, -1,
      338, 580, 327, -1,
      337, 336, 399, -1,
      399, 336, 398, -1,
      399, 398, 584, -1,
      584, 398, 585, -1,
      584, 585, 583, -1,
      583, 585, 586, -1,
      583, 586, 582, -1,
      582, 586, 587, -1,
      582, 587, 581, -1,
      581, 587, 377, -1,
      581, 377, 248, -1,
      248, 377, 249, -1,
      251, 250, 376, -1,
      376, 250, 377, -1,
      376, 377, 588, -1,
      588, 377, 587, -1,
      588, 587, 589, -1,
      589, 587, 586, -1,
      589, 586, 590, -1,
      590, 586, 585, -1,
      590, 585, 397, -1,
      397, 585, 398, -1,
      397, 398, 334, -1,
      334, 398, 335, -1,
      253, 252, 591, -1,
      591, 252, 376, -1,
      591, 376, 592, -1,
      592, 376, 588, -1,
      592, 588, 593, -1,
      593, 588, 589, -1,
      593, 589, 594, -1,
      594, 589, 590, -1,
      594, 590, 595, -1,
      595, 590, 397, -1,
      595, 397, 332, -1,
      332, 397, 333, -1,
      332, 343, 595, -1,
      595, 343, 596, -1,
      595, 596, 594, -1,
      594, 596, 597, -1,
      594, 597, 593, -1,
      593, 597, 598, -1,
      593, 598, 592, -1,
      592, 598, 599, -1,
      592, 599, 591, -1,
      591, 599, 375, -1,
      591, 375, 253, -1,
      253, 375, 254, -1,
      256, 257, 374, -1,
      374, 257, 375, -1,
      374, 375, 600, -1,
      600, 375, 599, -1,
      600, 599, 601, -1,
      601, 599, 598, -1,
      601, 598, 602, -1,
      602, 598, 597, -1,
      602, 597, 396, -1,
      396, 597, 596, -1,
      396, 596, 342, -1,
      342, 596, 343, -1,
      258, 255, 603, -1,
      603, 255, 374, -1,
      603, 374, 604, -1,
      604, 374, 600, -1,
      604, 600, 605, -1,
      605, 600, 601, -1,
      605, 601, 606, -1,
      606, 601, 602, -1,
      606, 602, 607, -1,
      607, 602, 396, -1,
      607, 396, 339, -1,
      339, 396, 340, -1,
      339, 349, 607, -1,
      607, 349, 608, -1,
      607, 608, 606, -1,
      606, 608, 609, -1,
      606, 609, 605, -1,
      605, 609, 610, -1,
      605, 610, 604, -1,
      604, 610, 611, -1,
      604, 611, 603, -1,
      603, 611, 373, -1,
      603, 373, 258, -1,
      258, 373, 259, -1,
      261, 260, 372, -1,
      372, 260, 373, -1,
      372, 373, 612, -1,
      612, 373, 611, -1,
      612, 611, 613, -1,
      613, 611, 610, -1,
      613, 610, 614, -1,
      614, 610, 609, -1,
      614, 609, 395, -1,
      395, 609, 608, -1,
      395, 608, 348, -1,
      348, 608, 349, -1,
      263, 262, 615, -1,
      615, 262, 372, -1,
      615, 372, 616, -1,
      616, 372, 612, -1,
      616, 612, 617, -1,
      617, 612, 613, -1,
      617, 613, 618, -1,
      618, 613, 614, -1,
      618, 614, 394, -1,
      394, 614, 395, -1,
      394, 395, 345, -1,
      345, 395, 346, -1,
      344, 355, 394, -1,
      394, 355, 619, -1,
      394, 619, 618, -1,
      618, 619, 620, -1,
      618, 620, 617, -1,
      617, 620, 621, -1,
      617, 621, 616, -1,
      616, 621, 622, -1,
      616, 622, 615, -1,
      615, 622, 371, -1,
      615, 371, 263, -1,
      263, 371, 264, -1,
      266, 265, 370, -1,
      370, 265, 371, -1,
      370, 371, 623, -1,
      623, 371, 622, -1,
      623, 622, 624, -1,
      624, 622, 621, -1,
      624, 621, 625, -1,
      625, 621, 620, -1,
      625, 620, 626, -1,
      626, 620, 619, -1,
      626, 619, 354, -1,
      354, 619, 355, -1,
      268, 267, 627, -1,
      627, 267, 370, -1,
      627, 370, 628, -1,
      628, 370, 623, -1,
      628, 623, 629, -1,
      629, 623, 624, -1,
      629, 624, 630, -1,
      630, 624, 625, -1,
      630, 625, 393, -1,
      393, 625, 626, -1,
      393, 626, 353, -1,
      353, 626, 354, -1,
      351, 350, 393, -1,
      393, 350, 631, -1,
      393, 631, 630, -1,
      630, 631, 632, -1,
      630, 632, 629, -1,
      629, 632, 633, -1,
      629, 633, 628, -1,
      628, 633, 634, -1,
      628, 634, 627, -1,
      627, 634, 369, -1,
      627, 369, 268, -1,
      268, 369, 269, -1,
      271, 270, 368, -1,
      368, 270, 369, -1,
      368, 369, 635, -1,
      635, 369, 634, -1,
      635, 634, 636, -1,
      636, 634, 633, -1,
      636, 633, 637, -1,
      637, 633, 632, -1,
      637, 632, 638, -1,
      638, 632, 631, -1,
      638, 631, 367, -1,
      367, 631, 350, -1,
      273, 272, 639, -1,
      639, 272, 368, -1,
      639, 368, 640, -1,
      640, 368, 635, -1,
      640, 635, 641, -1,
      641, 635, 636, -1,
      641, 636, 642, -1,
      642, 636, 637, -1,
      642, 637, 392, -1,
      392, 637, 638, -1,
      392, 638, 366, -1,
      366, 638, 367, -1,
      364, 363, 392, -1,
      392, 363, 516, -1,
      392, 516, 642, -1,
      642, 516, 517, -1,
      642, 517, 641, -1,
      641, 517, 518, -1,
      641, 518, 640, -1,
      640, 518, 519, -1,
      640, 519, 639, -1,
      639, 519, 520, -1,
      639, 520, 273, -1,
      273, 520, 274, -1,
      4, 1, 643, -1,
      91, 90, 644, -1,
      85, 84, 645, -1,
      83, 82, 646, -1,
      81, 80, 647, -1,
      78, 77, 648, -1,
      73, 72, 649, -1,
      69, 68, 650, -1,
      66, 65, 651, -1,
      61, 60, 652, -1,
      57, 56, 653, -1,
      54, 53, 654, -1,
      49, 48, 655, -1,
      44, 43, 656, -1,
      42, 41, 657, -1,
      40, 39, 658, -1,
      37, 36, 659, -1,
      32, 31, 660, -1,
      30, 29, 661, -1,
      28, 27, 662, -1,
      25, 24, 663, -1,
      20, 19, 664, -1,
      16, 15, 665, -1,
      13, 12, 666, -1,
      8, 7, 667, -1,
      94, 93, 668, -1,
      101, 100, 669, -1,
      105, 104, 670, -1,
      109, 108, 671, -1,
      114, 113, 672, -1,
      119, 118, 673, -1,
      124, 123, 674, -1,
      129, 128, 675, -1,
      134, 133, 676, -1,
      139, 138, 677, -1,
      144, 143, 678, -1,
      149, 148, 679, -1,
      154, 153, 680, -1,
      156, 155, 681, -1,
      159, 158, 682, -1,
      161, 160, 683, -1,
      166, 163, 684, -1,
      164, 165, 685, -1,
      169, 168, 686, -1,
      171, 170, 687, -1,
      174, 173, 688, -1,
      176, 175, 689, -1,
      179, 178, 690, -1,
      181, 180, 691, -1,
      149, 679, 150, -1,
      144, 678, 145, -1,
      139, 677, 140, -1,
      134, 676, 135, -1,
      129, 675, 130, -1,
      124, 674, 125, -1,
      119, 673, 120, -1,
      114, 672, 115, -1,
      109, 671, 110, -1,
      105, 670, 102, -1,
      101, 669, 98, -1,
      94, 668, 95, -1,
      182, 181, 692, -1,
      692, 181, 691, -1,
      692, 691, 693, -1,
      693, 691, 694, -1,
      693, 694, 695, -1,
      695, 694, 696, -1,
      695, 696, 697, -1,
      697, 696, 698, -1,
      697, 698, 699, -1,
      699, 698, 667, -1,
      177, 176, 700, -1,
      700, 176, 689, -1,
      700, 689, 701, -1,
      701, 689, 702, -1,
      701, 702, 703, -1,
      703, 702, 704, -1,
      703, 704, 705, -1,
      705, 704, 706, -1,
      705, 706, 707, -1,
      707, 706, 666, -1,
      170, 169, 687, -1,
      687, 169, 686, -1,
      687, 686, 708, -1,
      708, 686, 709, -1,
      708, 709, 710, -1,
      710, 709, 711, -1,
      710, 711, 712, -1,
      712, 711, 713, -1,
      712, 713, 714, -1,
      714, 713, 664, -1,
      165, 166, 685, -1,
      685, 166, 684, -1,
      685, 684, 715, -1,
      715, 684, 716, -1,
      715, 716, 717, -1,
      717, 716, 718, -1,
      717, 718, 719, -1,
      719, 718, 720, -1,
      719, 720, 721, -1,
      721, 720, 663, -1,
      153, 152, 680, -1,
      680, 152, 722, -1,
      680, 722, 723, -1,
      723, 722, 724, -1,
      723, 724, 725, -1,
      725, 724, 726, -1,
      725, 726, 727, -1,
      727, 726, 728, -1,
      727, 728, 729, -1,
      729, 728, 659, -1,
      142, 141, 730, -1,
      730, 141, 731, -1,
      730, 731, 732, -1,
      732, 731, 733, -1,
      732, 733, 734, -1,
      734, 733, 735, -1,
      734, 735, 736, -1,
      736, 735, 737, -1,
      736, 737, 738, -1,
      738, 737, 655, -1,
      137, 136, 739, -1,
      739, 136, 740, -1,
      739, 740, 741, -1,
      741, 740, 742, -1,
      741, 742, 743, -1,
      743, 742, 744, -1,
      743, 744, 745, -1,
      745, 744, 746, -1,
      745, 746, 747, -1,
      747, 746, 654, -1,
      131, 130, 748, -1,
      748, 130, 675, -1,
      748, 675, 749, -1,
      749, 675, 750, -1,
      749, 750, 751, -1,
      751, 750, 752, -1,
      751, 752, 753, -1,
      753, 752, 754, -1,
      753, 754, 755, -1,
      755, 754, 652, -1,
      126, 125, 756, -1,
      756, 125, 674, -1,
      756, 674, 757, -1,
      757, 674, 758, -1,
      757, 758, 759, -1,
      759, 758, 760, -1,
      759, 760, 761, -1,
      761, 760, 762, -1,
      761, 762, 763, -1,
      763, 762, 651, -1,
      118, 117, 673, -1,
      673, 117, 764, -1,
      673, 764, 765, -1,
      765, 764, 766, -1,
      765, 766, 767, -1,
      767, 766, 768, -1,
      767, 768, 769, -1,
      769, 768, 770, -1,
      769, 770, 771, -1,
      771, 770, 649, -1,
      113, 112, 672, -1,
      672, 112, 772, -1,
      672, 772, 773, -1,
      773, 772, 774, -1,
      773, 774, 775, -1,
      775, 774, 776, -1,
      775, 776, 777, -1,
      777, 776, 778, -1,
      777, 778, 779, -1,
      779, 778, 648, -1,
      103, 97, 780, -1,
      780, 97, 781, -1,
      780, 781, 782, -1,
      782, 781, 783, -1,
      782, 783, 784, -1,
      784, 783, 785, -1,
      784, 785, 786, -1,
      786, 785, 787, -1,
      786, 787, 788, -1,
      788, 787, 644, -1,
      99, 96, 789, -1,
      789, 96, 790, -1,
      789, 790, 791, -1,
      791, 790, 792, -1,
      791, 792, 793, -1,
      793, 792, 794, -1,
      793, 794, 795, -1,
      795, 794, 796, -1,
      795, 796, 797, -1,
      797, 796, 643, -1,
      183, 182, 798, -1,
      798, 182, 692, -1,
      798, 692, 799, -1,
      799, 692, 693, -1,
      799, 693, 800, -1,
      800, 693, 695, -1,
      800, 695, 801, -1,
      801, 695, 697, -1,
      801, 697, 802, -1,
      802, 697, 699, -1,
      802, 699, 2, -1,
      2, 699, 6, -1,
      667, 7, 699, -1,
      699, 7, 5, -1,
      699, 5, 6, -1,
      9, 8, 803, -1,
      803, 8, 667, -1,
      803, 667, 804, -1,
      804, 667, 698, -1,
      804, 698, 805, -1,
      805, 698, 696, -1,
      805, 696, 806, -1,
      806, 696, 694, -1,
      806, 694, 690, -1,
      690, 694, 691, -1,
      690, 691, 179, -1,
      179, 691, 180, -1,
      178, 177, 690, -1,
      690, 177, 700, -1,
      690, 700, 806, -1,
      806, 700, 701, -1,
      806, 701, 805, -1,
      805, 701, 703, -1,
      805, 703, 804, -1,
      804, 703, 705, -1,
      804, 705, 803, -1,
      803, 705, 707, -1,
      803, 707, 9, -1,
      9, 707, 10, -1,
      666, 12, 707, -1,
      707, 12, 11, -1,
      707, 11, 10, -1,
      14, 13, 807, -1,
      807, 13, 666, -1,
      807, 666, 808, -1,
      808, 666, 706, -1,
      808, 706, 809, -1,
      809, 706, 704, -1,
      809, 704, 810, -1,
      810, 704, 702, -1,
      810, 702, 688, -1,
      688, 702, 689, -1,
      688, 689, 174, -1,
      174, 689, 175, -1,
      173, 172, 688, -1,
      688, 172, 811, -1,
      688, 811, 810, -1,
      810, 811, 812, -1,
      810, 812, 809, -1,
      809, 812, 813, -1,
      809, 813, 808, -1,
      808, 813, 814, -1,
      808, 814, 807, -1,
      807, 814, 665, -1,
      807, 665, 14, -1,
      14, 665, 15, -1,
      17, 16, 714, -1,
      714, 16, 665, -1,
      714, 665, 712, -1,
      712, 665, 814, -1,
      712, 814, 710, -1,
      710, 814, 813, -1,
      710, 813, 708, -1,
      708, 813, 812, -1,
      708, 812, 687, -1,
      687, 812, 811, -1,
      687, 811, 171, -1,
      171, 811, 172, -1,
      664, 19, 714, -1,
      714, 19, 18, -1,
      714, 18, 17, -1,
      21, 20, 815, -1,
      815, 20, 664, -1,
      815, 664, 816, -1,
      816, 664, 713, -1,
      816, 713, 817, -1,
      817, 713, 711, -1,
      817, 711, 818, -1,
      818, 711, 709, -1,
      818, 709, 819, -1,
      819, 709, 686, -1,
      819, 686, 167, -1,
      167, 686, 168, -1,
      167, 164, 819, -1,
      819, 164, 685, -1,
      819, 685, 818, -1,
      818, 685, 715, -1,
      818, 715, 817, -1,
      817, 715, 717, -1,
      817, 717, 816, -1,
      816, 717, 719, -1,
      816, 719, 815, -1,
      815, 719, 721, -1,
      815, 721, 21, -1,
      21, 721, 22, -1,
      663, 24, 721, -1,
      721, 24, 23, -1,
      721, 23, 22, -1,
      26, 25, 820, -1,
      820, 25, 663, -1,
      820, 663, 821, -1,
      821, 663, 720, -1,
      821, 720, 822, -1,
      822, 720, 718, -1,
      822, 718, 823, -1,
      823, 718, 716, -1,
      823, 716, 824, -1,
      824, 716, 684, -1,
      824, 684, 162, -1,
      162, 684, 163, -1,
      162, 161, 824, -1,
      824, 161, 683, -1,
      824, 683, 823, -1,
      823, 683, 825, -1,
      823, 825, 822, -1,
      822, 825, 826, -1,
      822, 826, 821, -1,
      821, 826, 827, -1,
      821, 827, 820, -1,
      820, 827, 662, -1,
      820, 662, 26, -1,
      26, 662, 27, -1,
      29, 28, 661, -1,
      661, 28, 662, -1,
      661, 662, 828, -1,
      828, 662, 827, -1,
      828, 827, 829, -1,
      829, 827, 826, -1,
      829, 826, 830, -1,
      830, 826, 825, -1,
      830, 825, 682, -1,
      682, 825, 683, -1,
      682, 683, 159, -1,
      159, 683, 160, -1,
      31, 30, 660, -1,
      660, 30, 661, -1,
      660, 661, 831, -1,
      831, 661, 828, -1,
      831, 828, 832, -1,
      832, 828, 829, -1,
      832, 829, 833, -1,
      833, 829, 830, -1,
      833, 830, 834, -1,
      834, 830, 682, -1,
      834, 682, 157, -1,
      157, 682, 158, -1,
      33, 32, 835, -1,
      835, 32, 660, -1,
      835, 660, 836, -1,
      836, 660, 831, -1,
      836, 831, 837, -1,
      837, 831, 832, -1,
      837, 832, 838, -1,
      838, 832, 833, -1,
      838, 833, 681, -1,
      681, 833, 834, -1,
      681, 834, 156, -1,
      156, 834, 157, -1,
      155, 154, 681, -1,
      681, 154, 680, -1,
      681, 680, 838, -1,
      838, 680, 723, -1,
      838, 723, 837, -1,
      837, 723, 725, -1,
      837, 725, 836, -1,
      836, 725, 727, -1,
      836, 727, 835, -1,
      835, 727, 729, -1,
      835, 729, 33, -1,
      33, 729, 34, -1,
      659, 36, 729, -1,
      729, 36, 35, -1,
      729, 35, 34, -1,
      38, 37, 839, -1,
      839, 37, 659, -1,
      839, 659, 840, -1,
      840, 659, 728, -1,
      840, 728, 841, -1,
      841, 728, 726, -1,
      841, 726, 842, -1,
      842, 726, 724, -1,
      842, 724, 843, -1,
      843, 724, 722, -1,
      843, 722, 151, -1,
      151, 722, 152, -1,
      151, 150, 843, -1,
      843, 150, 679, -1,
      843, 679, 842, -1,
      842, 679, 844, -1,
      842, 844, 841, -1,
      841, 844, 845, -1,
      841, 845, 840, -1,
      840, 845, 846, -1,
      840, 846, 839, -1,
      839, 846, 658, -1,
      839, 658, 38, -1,
      38, 658, 39, -1,
      41, 40, 657, -1,
      657, 40, 658, -1,
      657, 658, 847, -1,
      847, 658, 846, -1,
      847, 846, 848, -1,
      848, 846, 845, -1,
      848, 845, 849, -1,
      849, 845, 844, -1,
      849, 844, 850, -1,
      850, 844, 679, -1,
      850, 679, 147, -1,
      147, 679, 148, -1,
      43, 42, 656, -1,
      656, 42, 657, -1,
      656, 657, 851, -1,
      851, 657, 847, -1,
      851, 847, 852, -1,
      852, 847, 848, -1,
      852, 848, 853, -1,
      853, 848, 849, -1,
      853, 849, 854, -1,
      854, 849, 850, -1,
      854, 850, 146, -1,
      146, 850, 147, -1,
      45, 44, 855, -1,
      855, 44, 656, -1,
      855, 656, 856, -1,
      856, 656, 851, -1,
      856, 851, 857, -1,
      857, 851, 852, -1,
      857, 852, 858, -1,
      858, 852, 853, -1,
      858, 853, 678, -1,
      678, 853, 854, -1,
      678, 854, 145, -1,
      145, 854, 146, -1,
      143, 142, 678, -1,
      678, 142, 730, -1,
      678, 730, 858, -1,
      858, 730, 732, -1,
      858, 732, 857, -1,
      857, 732, 734, -1,
      857, 734, 856, -1,
      856, 734, 736, -1,
      856, 736, 855, -1,
      855, 736, 738, -1,
      855, 738, 45, -1,
      45, 738, 46, -1,
      655, 48, 738, -1,
      738, 48, 47, -1,
      738, 47, 46, -1,
      50, 49, 859, -1,
      859, 49, 655, -1,
      859, 655, 860, -1,
      860, 655, 737, -1,
      860, 737, 861, -1,
      861, 737, 735, -1,
      861, 735, 862, -1,
      862, 735, 733, -1,
      862, 733, 677, -1,
      677, 733, 731, -1,
      677, 731, 140, -1,
      140, 731, 141, -1,
      138, 137, 677, -1,
      677, 137, 739, -1,
      677, 739, 862, -1,
      862, 739, 741, -1,
      862, 741, 861, -1,
      861, 741, 743, -1,
      861, 743, 860, -1,
      860, 743, 745, -1,
      860, 745, 859, -1,
      859, 745, 747, -1,
      859, 747, 50, -1,
      50, 747, 51, -1,
      654, 53, 747, -1,
      747, 53, 52, -1,
      747, 52, 51, -1,
      55, 54, 863, -1,
      863, 54, 654, -1,
      863, 654, 864, -1,
      864, 654, 746, -1,
      864, 746, 865, -1,
      865, 746, 744, -1,
      865, 744, 866, -1,
      866, 744, 742, -1,
      866, 742, 676, -1,
      676, 742, 740, -1,
      676, 740, 135, -1,
      135, 740, 136, -1,
      133, 132, 676, -1,
      676, 132, 867, -1,
      676, 867, 866, -1,
      866, 867, 868, -1,
      866, 868, 865, -1,
      865, 868, 869, -1,
      865, 869, 864, -1,
      864, 869, 870, -1,
      864, 870, 863, -1,
      863, 870, 653, -1,
      863, 653, 55, -1,
      55, 653, 56, -1,
      58, 57, 755, -1,
      755, 57, 653, -1,
      755, 653, 753, -1,
      753, 653, 870, -1,
      753, 870, 751, -1,
      751, 870, 869, -1,
      751, 869, 749, -1,
      749, 869, 868, -1,
      749, 868, 748, -1,
      748, 868, 867, -1,
      748, 867, 131, -1,
      131, 867, 132, -1,
      652, 60, 755, -1,
      755, 60, 59, -1,
      755, 59, 58, -1,
      62, 61, 871, -1,
      871, 61, 652, -1,
      871, 652, 872, -1,
      872, 652, 754, -1,
      872, 754, 873, -1,
      873, 754, 752, -1,
      873, 752, 874, -1,
      874, 752, 750, -1,
      874, 750, 875, -1,
      875, 750, 675, -1,
      875, 675, 127, -1,
      127, 675, 128, -1,
      127, 126, 875, -1,
      875, 126, 756, -1,
      875, 756, 874, -1,
      874, 756, 757, -1,
      874, 757, 873, -1,
      873, 757, 759, -1,
      873, 759, 872, -1,
      872, 759, 761, -1,
      872, 761, 871, -1,
      871, 761, 763, -1,
      871, 763, 62, -1,
      62, 763, 63, -1,
      651, 65, 763, -1,
      763, 65, 64, -1,
      763, 64, 63, -1,
      67, 66, 876, -1,
      876, 66, 651, -1,
      876, 651, 877, -1,
      877, 651, 762, -1,
      877, 762, 878, -1,
      878, 762, 760, -1,
      878, 760, 879, -1,
      879, 760, 758, -1,
      879, 758, 880, -1,
      880, 758, 674, -1,
      880, 674, 122, -1,
      122, 674, 123, -1,
      122, 121, 880, -1,
      880, 121, 881, -1,
      880, 881, 879, -1,
      879, 881, 882, -1,
      879, 882, 878, -1,
      878, 882, 883, -1,
      878, 883, 877, -1,
      877, 883, 884, -1,
      877, 884, 876, -1,
      876, 884, 650, -1,
      876, 650, 67, -1,
      67, 650, 68, -1,
      70, 69, 771, -1,
      771, 69, 650, -1,
      771, 650, 769, -1,
      769, 650, 884, -1,
      769, 884, 767, -1,
      767, 884, 883, -1,
      767, 883, 765, -1,
      765, 883, 882, -1,
      765, 882, 673, -1,
      673, 882, 881, -1,
      673, 881, 120, -1,
      120, 881, 121, -1,
      649, 72, 771, -1,
      771, 72, 71, -1,
      771, 71, 70, -1,
      74, 73, 885, -1,
      885, 73, 649, -1,
      885, 649, 886, -1,
      886, 649, 770, -1,
      886, 770, 887, -1,
      887, 770, 768, -1,
      887, 768, 888, -1,
      888, 768, 766, -1,
      888, 766, 889, -1,
      889, 766, 764, -1,
      889, 764, 116, -1,
      116, 764, 117, -1,
      116, 115, 889, -1,
      889, 115, 672, -1,
      889, 672, 888, -1,
      888, 672, 773, -1,
      888, 773, 887, -1,
      887, 773, 775, -1,
      887, 775, 886, -1,
      886, 775, 777, -1,
      886, 777, 885, -1,
      885, 777, 779, -1,
      885, 779, 74, -1,
      74, 779, 75, -1,
      648, 77, 779, -1,
      779, 77, 76, -1,
      779, 76, 75, -1,
      79, 78, 890, -1,
      890, 78, 648, -1,
      890, 648, 891, -1,
      891, 648, 778, -1,
      891, 778, 892, -1,
      892, 778, 776, -1,
      892, 776, 893, -1,
      893, 776, 774, -1,
      893, 774, 894, -1,
      894, 774, 772, -1,
      894, 772, 111, -1,
      111, 772, 112, -1,
      111, 110, 894, -1,
      894, 110, 671, -1,
      894, 671, 893, -1,
      893, 671, 895, -1,
      893, 895, 892, -1,
      892, 895, 896, -1,
      892, 896, 891, -1,
      891, 896, 897, -1,
      891, 897, 890, -1,
      890, 897, 647, -1,
      890, 647, 79, -1,
      79, 647, 80, -1,
      82, 81, 646, -1,
      646, 81, 647, -1,
      646, 647, 898, -1,
      898, 647, 897, -1,
      898, 897, 899, -1,
      899, 897, 896, -1,
      899, 896, 900, -1,
      900, 896, 895, -1,
      900, 895, 901, -1,
      901, 895, 671, -1,
      901, 671, 107, -1,
      107, 671, 108, -1,
      84, 83, 645, -1,
      645, 83, 646, -1,
      645, 646, 902, -1,
      902, 646, 898, -1,
      902, 898, 903, -1,
      903, 898, 899, -1,
      903, 899, 904, -1,
      904, 899, 900, -1,
      904, 900, 905, -1,
      905, 900, 901, -1,
      905, 901, 106, -1,
      106, 901, 107, -1,
      87, 85, 906, -1,
      906, 85, 645, -1,
      906, 645, 907, -1,
      907, 645, 902, -1,
      907, 902, 908, -1,
      908, 902, 903, -1,
      908, 903, 909, -1,
      909, 903, 904, -1,
      909, 904, 670, -1,
      670, 904, 905, -1,
      670, 905, 102, -1,
      102, 905, 106, -1,
      104, 103, 670, -1,
      670, 103, 780, -1,
      670, 780, 909, -1,
      909, 780, 782, -1,
      909, 782, 908, -1,
      908, 782, 784, -1,
      908, 784, 907, -1,
      907, 784, 786, -1,
      907, 786, 906, -1,
      906, 786, 788, -1,
      906, 788, 87, -1,
      87, 788, 88, -1,
      644, 90, 788, -1,
      788, 90, 89, -1,
      788, 89, 88, -1,
      92, 91, 910, -1,
      910, 91, 644, -1,
      910, 644, 911, -1,
      911, 644, 787, -1,
      911, 787, 912, -1,
      912, 787, 785, -1,
      912, 785, 913, -1,
      913, 785, 783, -1,
      913, 783, 669, -1,
      669, 783, 781, -1,
      669, 781, 98, -1,
      98, 781, 97, -1,
      100, 99, 669, -1,
      669, 99, 789, -1,
      669, 789, 913, -1,
      913, 789, 791, -1,
      913, 791, 912, -1,
      912, 791, 793, -1,
      912, 793, 911, -1,
      911, 793, 795, -1,
      911, 795, 910, -1,
      910, 795, 797, -1,
      910, 797, 92, -1,
      92, 797, 86, -1,
      643, 1, 797, -1,
      797, 1, 0, -1,
      797, 0, 86, -1,
      3, 4, 914, -1,
      914, 4, 643, -1,
      914, 643, 915, -1,
      915, 643, 796, -1,
      915, 796, 916, -1,
      916, 796, 794, -1,
      916, 794, 917, -1,
      917, 794, 792, -1,
      917, 792, 668, -1,
      668, 792, 790, -1,
      668, 790, 95, -1,
      95, 790, 96, -1,
      93, 183, 668, -1,
      668, 183, 798, -1,
      668, 798, 917, -1,
      917, 798, 799, -1,
      917, 799, 916, -1,
      916, 799, 800, -1,
      916, 800, 915, -1,
      915, 800, 801, -1,
      915, 801, 914, -1,
      914, 801, 802, -1,
      914, 802, 3, -1,
      3, 802, 2, -1,
    ]
  }
}

Shape {
  appearance Appearance {
    material Material {
      diffuseColor 1.0000 1.0000 1.0000
      specularColor 0.8784 0.8784 0.8784
      ambientIntensity 0.2
      transparency 0.0000
      shininess 0.5
    }
  }
  geometry IndexedFaceSet {
    ccw TRUE
    solid FALSE
    coord DEF co Coordinate {
      point [
        0.185877 0.000046 0.019685,
        0.193509 0.002673 0.019697,
        0.219805 0.000000 0.019685,
        0.213083 0.037885 0.022126,
        0.249572 0.047365 0.023509,
        0.212322 0.028766 0.021089,
        0.249572 0.008642 0.019811,
        0.209952 0.020431 0.020393,
        0.219805 0.008642 0.019811,
        0.205757 0.012944 0.019969,
        0.199843 0.006717 0.019761,
        0.098814 0.070098 0.028126,
        0.128581 0.070098 0.028126,
        0.128581 0.047365 0.023509,
        0.249572 0.078740 0.030377,
        0.260135 0.078740 0.030377,
        0.260135 0.047365 0.023509,
        0.197204 0.072200 0.028648,
        0.189724 0.076505 0.029768,
        0.204313 0.065363 0.027010,
        0.212124 0.047361 0.023537,
        0.211950 0.049079 0.023793,
        0.208928 0.058001 0.025438,
        0.139144 0.078740 0.030377,
        0.173038 0.079700 0.030645,
        0.180946 0.079055 0.030465,
        -0.017376 0.078740 0.030377,
        0.059309 0.078740 0.030377,
        0.047933 0.077524 0.030044,
        0.038720 0.074289 0.029183,
        0.030158 0.068534 0.027749,
        0.030068 0.068473 0.027734,
        0.024500 0.062299 0.026332,
        0.020840 0.055527 0.024953,
        -0.005515 0.047365 0.023509,
        0.018726 0.047769 0.023575,
        0.081530 0.078740 0.030377,
        0.098814 0.078740 0.030377,
        0.081530 0.047365 0.023509,
        -0.027939 0.078740 0.030377,
        -0.040182 0.047365 0.023509,
        0.163612 0.079050 0.030463,
        0.154508 0.076580 0.029788,
        0.139144 0.047365 0.023509,
        0.154508 0.066017 0.027159,
        0.201471 0.047361 0.023535,
        0.158804 0.068224 0.027675,
        0.180701 0.070187 0.028148,
        0.172948 0.071058 0.028363,
        0.163378 0.069815 0.028057,
        0.200046 0.053086 0.024496,
        0.196800 0.059165 0.025673,
        0.186595 0.068061 0.027636,
        0.192045 0.064415 0.026797,
        0.260135 0.000000 0.019685,
        0.202145 0.044656 0.023081,
        0.202520 0.038530 0.022210,
        0.155919 0.011942 0.019927,
        0.201723 0.030006 0.021214,
        0.199584 0.023233 0.020600,
        0.182063 0.008506 0.019807,
        0.174719 0.007682 0.019785,
        0.187800 0.010618 0.019876,
        0.192632 0.013875 0.020011,
        0.196327 0.017773 0.020220,
        0.164266 0.008842 0.019817,
        0.154508 0.004081 0.019713,
        0.139144 0.000000 0.019685,
        0.154508 0.012723 0.019959,
        0.000869 0.000000 0.019685,
        0.012392 0.000000 0.019685,
        0.096893 0.000000 0.019685,
        0.174047 -0.000705 0.019687,
        0.168183 0.000000 0.019686,
        0.162902 0.000635 0.019686,
        0.176174 -0.000960 0.019687,
        0.185435 0.000000 0.019685,
        0.128581 0.044171 0.023007,
        0.100734 0.044171 0.023007,
        0.100734 0.035529 0.021830,
        0.128581 0.035529 0.021830,
        0.128581 0.008642 0.019811,
        0.096893 0.008642 0.019811,
        0.081530 0.000000 0.019685,
        0.018694 0.047365 0.023514,
        0.018153 0.040360 0.022456,
        0.003409 0.023760 0.020643,
        0.019258 0.029822 0.021195,
        0.022085 0.021581 0.020475,
        0.026601 0.014538 0.020043,
        0.033081 0.008333 0.019803,
        0.041303 0.003555 0.019706,
        0.060119 0.000000 0.019685,
        0.050376 0.000850 0.019686,
        -0.049394 0.023760 0.020643,
        -0.058667 0.000000 0.019685,
        -0.047143 0.000000 0.019685,
        -0.039176 0.022086 0.020512,
        -0.006648 0.022086 0.020512,
        -0.027939 0.078740 0.039370,
        -0.058667 -0.000000 0.039370,
        -0.047143 -0.000000 0.039370,
        -0.039176 0.022086 0.039370,
        -0.006648 0.022086 0.039370,
        0.000869 -0.000000 0.039370,
        0.012392 -0.000000 0.039370,
        -0.017376 0.078740 0.039370,
        -0.009304 0.030728 0.039370,
        -0.021052 0.063616 0.039370,
        -0.021809 0.066347 0.039370,
        -0.022312 0.069138 0.039370,
        -0.022567 0.069138 0.039370,
        -0.023081 0.066356 0.039370,
        -0.023783 0.063616 0.039370,
        -0.035635 0.030728 0.039370,
        -0.035635 0.030728 0.021288,
        -0.009304 0.030728 0.021288,
        -0.021052 0.063616 0.026619,
        -0.022312 0.069138 0.027893,
        -0.021682 0.066376 0.027256,
        -0.022567 0.069138 0.027893,
        -0.023783 0.063616 0.026619,
        -0.023175 0.066376 0.027256,
        0.081530 -0.000000 0.039370,
        0.060119 -0.000000 0.039370,
        0.081530 0.078740 0.039370,
        0.059309 0.078740 0.039370,
        0.047933 0.077524 0.039370,
        0.038720 0.074289 0.039370,
        0.030150 0.068546 0.039370,
        0.030068 0.068473 0.039370,
        0.024500 0.062299 0.039370,
        0.020840 0.055527 0.039370,
        0.018726 0.047769 0.039370,
        0.018153 0.040360 0.039370,
        0.019258 0.029822 0.039370,
        0.022085 0.021581 0.039370,
        0.026601 0.014538 0.039370,
        0.033081 0.008333 0.039370,
        0.041303 0.003555 0.039370,
        0.050376 0.000850 0.039370,
        0.033958 0.059056 0.039370,
        0.037783 0.063117 0.039370,
        0.043535 0.066833 0.039370,
        0.050034 0.069107 0.039370,
        0.059354 0.070098 0.039370,
        0.070967 0.070098 0.039370,
        0.070967 0.008642 0.039370,
        0.059789 0.008642 0.039370,
        0.051482 0.009415 0.039370,
        0.044856 0.011484 0.039370,
        0.039486 0.014672 0.039370,
        0.035069 0.019035 0.039370,
        0.031748 0.024463 0.039370,
        0.029439 0.031865 0.039370,
        0.028716 0.040135 0.039370,
        0.029385 0.047972 0.039370,
        0.031223 0.054200 0.039370,
        0.070967 0.070098 0.028126,
        0.059354 0.070098 0.028126,
        0.028716 0.040135 0.022426,
        0.029385 0.047972 0.023608,
        0.031223 0.054200 0.024702,
        0.033958 0.059056 0.025651,
        0.037783 0.063117 0.026510,
        0.043535 0.066833 0.027348,
        0.050034 0.069107 0.027886,
        0.059789 0.008642 0.019811,
        0.051482 0.009415 0.019835,
        0.044856 0.011484 0.019908,
        0.039486 0.014672 0.020050,
        0.035069 0.019035 0.020299,
        0.031748 0.024463 0.020700,
        0.029439 0.031865 0.021409,
        0.028764 0.039588 0.022358,
        0.070967 0.008642 0.019811,
        0.070967 0.039589 0.022351,
        0.096893 -0.000000 0.039370,
        0.096893 0.008642 0.039370,
        0.139144 -0.000000 0.039370,
        0.139144 0.078740 0.039370,
        0.098814 0.078740 0.039370,
        0.098814 0.070098 0.039370,
        0.128581 0.070098 0.039370,
        0.128581 0.044171 0.039370,
        0.100734 0.044171 0.039370,
        0.100734 0.035529 0.039370,
        0.128581 0.035529 0.039370,
        0.128581 0.008642 0.039370,
        0.154508 0.004081 0.039370,
        0.154508 0.012723 0.039370,
        0.162902 0.000635 0.039370,
        0.174021 -0.000923 0.039370,
        0.176174 -0.000960 0.039370,
        0.185877 0.000046 0.039370,
        0.193509 0.002673 0.039370,
        0.199843 0.006717 0.039370,
        0.205757 0.012944 0.039370,
        0.209952 0.020431 0.039370,
        0.212322 0.028766 0.039370,
        0.213083 0.037885 0.039370,
        0.211950 0.049079 0.039370,
        0.208928 0.058001 0.039370,
        0.204313 0.065363 0.039370,
        0.197204 0.072200 0.039370,
        0.189724 0.076505 0.039370,
        0.180946 0.079055 0.039370,
        0.173038 0.079700 0.039370,
        0.163612 0.079050 0.039370,
        0.154508 0.076580 0.039370,
        0.154508 0.066017 0.039370,
        0.163378 0.069815 0.039370,
        0.172948 0.071058 0.039370,
        0.180701 0.070187 0.039370,
        0.186595 0.068061 0.039370,
        0.192045 0.064415 0.039370,
        0.196800 0.059165 0.039370,
        0.200046 0.053086 0.039370,
        0.202145 0.044656 0.039370,
        0.202520 0.038530 0.039370,
        0.201723 0.030006 0.039370,
        0.199584 0.023233 0.039370,
        0.196327 0.017773 0.039370,
        0.192632 0.013875 0.039370,
        0.187800 0.010618 0.039370,
        0.182063 0.008506 0.039370,
        0.174719 0.007682 0.039370,
        0.164266 0.008842 0.039370,
        0.155919 0.011942 0.039370,
        0.219805 -0.000000 0.039370,
        0.219805 0.008642 0.039370,
        0.260135 -0.000000 0.039370,
        0.260135 0.078740 0.039370,
        0.249572 0.078740 0.039370,
        0.249572 0.008642 0.039370,
      ]
    }
    coordIndex [
      39, 99, 40, -1,
      40, 99, 100, -1,
      40, 100, 94, -1,
      94, 100, 95, -1,
      101, 96, 100, -1,
      100, 96, 95, -1,
      102, 97, 101, -1,
      101, 97, 96, -1,
      103, 98, 102, -1,
      102, 98, 97, -1,
      104, 69, 103, -1,
      103, 69, 98, -1,
      105, 70, 104, -1,
      104, 70, 69, -1,
      86, 70, 105, -1,
      106, 26, 105, -1,
      105, 26, 34, -1,
      105, 34, 86, -1,
      99, 39, 106, -1,
      106, 39, 26, -1,
      107, 108, 106, -1,
      105, 104, 103, -1,
      108, 109, 106, -1,
      106, 109, 110, -1,
      106, 110, 99, -1,
      99, 110, 111, -1,
      99, 111, 112, -1,
      112, 113, 99, -1,
      99, 113, 114, -1,
      99, 114, 100, -1,
      101, 100, 102, -1,
      102, 100, 114, -1,
      102, 114, 103, -1,
      103, 114, 107, -1,
      103, 107, 105, -1,
      105, 107, 106, -1,
      114, 115, 107, -1,
      107, 115, 116, -1,
      107, 116, 108, -1,
      108, 116, 117, -1,
      118, 110, 109, -1,
      118, 109, 119, -1,
      119, 109, 108, -1,
      119, 108, 117, -1,
      110, 118, 111, -1,
      111, 118, 120, -1,
      121, 113, 112, -1,
      121, 112, 122, -1,
      122, 112, 111, -1,
      122, 111, 120, -1,
      113, 121, 114, -1,
      114, 121, 115, -1,
      123, 83, 124, -1,
      124, 83, 92, -1,
      125, 36, 123, -1,
      123, 36, 38, -1,
      123, 38, 83, -1,
      126, 27, 125, -1,
      125, 27, 36, -1,
      27, 126, 127, -1,
      27, 127, 28, -1,
      28, 127, 128, -1,
      28, 128, 29, -1,
      29, 128, 129, -1,
      29, 129, 30, -1,
      30, 129, 130, -1,
      30, 130, 31, -1,
      31, 130, 131, -1,
      31, 131, 32, -1,
      32, 131, 132, -1,
      32, 132, 33, -1,
      33, 132, 133, -1,
      33, 133, 35, -1,
      35, 133, 84, -1,
      84, 133, 134, -1,
      84, 134, 85, -1,
      85, 134, 135, -1,
      85, 135, 87, -1,
      87, 135, 136, -1,
      87, 136, 88, -1,
      88, 136, 137, -1,
      88, 137, 89, -1,
      89, 137, 138, -1,
      89, 138, 90, -1,
      90, 138, 139, -1,
      90, 139, 91, -1,
      91, 139, 140, -1,
      91, 140, 93, -1,
      93, 140, 124, -1,
      93, 124, 92, -1,
      132, 131, 141, -1,
      141, 131, 130, -1,
      141, 130, 142, -1,
      142, 130, 129, -1,
      142, 129, 143, -1,
      143, 129, 128, -1,
      143, 128, 144, -1,
      144, 128, 127, -1,
      144, 127, 145, -1,
      145, 127, 126, -1,
      145, 126, 146, -1,
      146, 126, 125, -1,
      146, 125, 147, -1,
      147, 125, 123, -1,
      147, 123, 148, -1,
      148, 123, 124, -1,
      148, 124, 149, -1,
      149, 124, 140, -1,
      149, 140, 150, -1,
      150, 140, 139, -1,
      150, 139, 151, -1,
      151, 139, 138, -1,
      151, 138, 152, -1,
      152, 138, 137, -1,
      152, 137, 153, -1,
      153, 137, 136, -1,
      153, 136, 154, -1,
      154, 136, 135, -1,
      154, 135, 155, -1,
      155, 135, 134, -1,
      155, 134, 156, -1,
      156, 134, 133, -1,
      156, 133, 157, -1,
      157, 133, 132, -1,
      157, 132, 141, -1,
      146, 158, 145, -1,
      145, 158, 159, -1,
      160, 155, 156, -1,
      160, 156, 161, -1,
      161, 156, 157, -1,
      161, 157, 162, -1,
      162, 157, 141, -1,
      162, 141, 163, -1,
      163, 141, 142, -1,
      163, 142, 164, -1,
      164, 142, 143, -1,
      164, 143, 165, -1,
      165, 143, 144, -1,
      165, 144, 166, -1,
      166, 144, 145, -1,
      166, 145, 159, -1,
      167, 148, 149, -1,
      167, 149, 168, -1,
      168, 149, 150, -1,
      168, 150, 169, -1,
      169, 150, 151, -1,
      169, 151, 170, -1,
      170, 151, 152, -1,
      170, 152, 171, -1,
      171, 152, 153, -1,
      171, 153, 172, -1,
      172, 153, 154, -1,
      172, 154, 173, -1,
      173, 154, 174, -1,
      174, 154, 155, -1,
      174, 155, 160, -1,
      148, 167, 147, -1,
      147, 167, 175, -1,
      158, 146, 176, -1,
      176, 146, 147, -1,
      176, 147, 175, -1,
      177, 71, 178, -1,
      178, 71, 82, -1,
      179, 67, 177, -1,
      177, 67, 71, -1,
      180, 23, 179, -1,
      179, 23, 43, -1,
      179, 43, 67, -1,
      181, 37, 180, -1,
      180, 37, 23, -1,
      182, 11, 181, -1,
      181, 11, 37, -1,
      183, 12, 182, -1,
      182, 12, 11, -1,
      12, 183, 13, -1,
      13, 183, 184, -1,
      13, 184, 77, -1,
      185, 78, 184, -1,
      184, 78, 77, -1,
      186, 79, 185, -1,
      185, 79, 78, -1,
      187, 80, 186, -1,
      186, 80, 79, -1,
      188, 81, 187, -1,
      187, 81, 80, -1,
      178, 82, 188, -1,
      188, 82, 81, -1,
      179, 177, 178, -1,
      178, 188, 179, -1,
      179, 188, 187, -1,
      179, 187, 180, -1,
      182, 181, 183, -1,
      183, 181, 180, -1,
      183, 180, 184, -1,
      184, 180, 187, -1,
      184, 187, 185, -1,
      185, 187, 186, -1,
      189, 66, 190, -1,
      190, 66, 68, -1,
      189, 191, 66, -1,
      66, 191, 74, -1,
      74, 191, 73, -1,
      73, 191, 192, -1,
      73, 192, 72, -1,
      72, 192, 193, -1,
      72, 193, 75, -1,
      75, 193, 76, -1,
      76, 193, 194, -1,
      76, 194, 0, -1,
      0, 194, 195, -1,
      0, 195, 1, -1,
      1, 195, 196, -1,
      1, 196, 10, -1,
      10, 196, 197, -1,
      10, 197, 9, -1,
      9, 197, 198, -1,
      9, 198, 7, -1,
      7, 198, 199, -1,
      7, 199, 5, -1,
      5, 199, 200, -1,
      5, 200, 3, -1,
      3, 200, 20, -1,
      20, 200, 201, -1,
      20, 201, 21, -1,
      21, 201, 202, -1,
      21, 202, 22, -1,
      22, 202, 203, -1,
      22, 203, 19, -1,
      19, 203, 204, -1,
      19, 204, 17, -1,
      17, 204, 205, -1,
      17, 205, 18, -1,
      18, 205, 206, -1,
      18, 206, 25, -1,
      25, 206, 207, -1,
      25, 207, 24, -1,
      24, 207, 208, -1,
      24, 208, 41, -1,
      41, 208, 209, -1,
      41, 209, 42, -1,
      210, 44, 209, -1,
      209, 44, 42, -1,
      46, 44, 210, -1,
      46, 210, 49, -1,
      210, 211, 49, -1,
      49, 211, 212, -1,
      49, 212, 48, -1,
      48, 212, 213, -1,
      48, 213, 47, -1,
      47, 213, 214, -1,
      47, 214, 52, -1,
      52, 214, 215, -1,
      52, 215, 53, -1,
      53, 215, 216, -1,
      53, 216, 51, -1,
      51, 216, 217, -1,
      51, 217, 50, -1,
      50, 217, 45, -1,
      45, 217, 218, -1,
      45, 218, 55, -1,
      55, 218, 219, -1,
      55, 219, 56, -1,
      56, 219, 220, -1,
      56, 220, 58, -1,
      58, 220, 221, -1,
      58, 221, 59, -1,
      59, 221, 222, -1,
      59, 222, 64, -1,
      64, 222, 223, -1,
      64, 223, 63, -1,
      63, 223, 224, -1,
      63, 224, 62, -1,
      62, 224, 225, -1,
      62, 225, 60, -1,
      60, 225, 226, -1,
      60, 226, 61, -1,
      61, 226, 227, -1,
      61, 227, 65, -1,
      65, 227, 228, -1,
      65, 228, 57, -1,
      57, 228, 190, -1,
      57, 190, 68, -1,
      225, 193, 226, -1,
      226, 193, 192, -1,
      226, 192, 227, -1,
      227, 192, 191, -1,
      227, 191, 228, -1,
      228, 191, 189, -1,
      228, 189, 190, -1,
      210, 209, 211, -1,
      211, 209, 208, -1,
      211, 208, 212, -1,
      212, 208, 207, -1,
      212, 207, 213, -1,
      213, 207, 206, -1,
      213, 206, 214, -1,
      214, 206, 205, -1,
      214, 205, 215, -1,
      215, 205, 204, -1,
      215, 204, 216, -1,
      216, 204, 203, -1,
      216, 203, 217, -1,
      217, 203, 202, -1,
      217, 202, 218, -1,
      218, 202, 201, -1,
      218, 201, 219, -1,
      219, 201, 200, -1,
      219, 200, 220, -1,
      220, 200, 199, -1,
      220, 199, 221, -1,
      221, 199, 198, -1,
      221, 198, 222, -1,
      222, 198, 197, -1,
      222, 197, 223, -1,
      223, 197, 196, -1,
      223, 196, 224, -1,
      224, 196, 195, -1,
      224, 195, 225, -1,
      225, 195, 194, -1,
      225, 194, 193, -1,
      229, 2, 230, -1,
      230, 2, 8, -1,
      231, 54, 229, -1,
      229, 54, 2, -1,
      232, 15, 231, -1,
      231, 15, 16, -1,
      231, 16, 54, -1,
      233, 14, 232, -1,
      232, 14, 15, -1,
      14, 233, 4, -1,
      4, 233, 234, -1,
      4, 234, 6, -1,
      230, 8, 234, -1,
      234, 8, 6, -1,
      233, 232, 234, -1,
      234, 232, 231, -1,
      234, 231, 230, -1,
      230, 231, 229, -1,
    ]
  }
}

Shape {
  appearance Appearance {
    material Material {
      diffuseColor 0.5804 0.1294 0.0784
      specularColor 0.2902 0.0667 0.0392
      ambientIntensity 0.2
      transparency 0.0000
      shininess 0.5
    }
  }
  geometry IndexedFaceSet {
    ccw TRUE
    solid FALSE
    coord DEF co Coordinate {
      point [
        -0.035635 0.030728 0.021288,
        -0.009304 0.030728 0.021288,
        -0.021052 0.063616 0.026619,
        -0.022312 0.069138 0.027893,
        -0.021682 0.066376 0.027256,
        -0.022567 0.069138 0.027893,
        -0.023783 0.063616 0.026619,
        -0.023175 0.066376 0.027256,
        0.070967 0.070098 0.028126,
        0.059354 0.070098 0.028126,
        0.028716 0.040135 0.022426,
        0.029385 0.047972 0.023608,
        0.031223 0.054200 0.024702,
        0.033958 0.059056 0.025651,
        0.037783 0.063117 0.026510,
        0.043535 0.066833 0.027348,
        0.050034 0.069107 0.027886,
        0.059789 0.008642 0.019811,
        0.051482 0.009415 0.019835,
        0.044856 0.011484 0.019908,
        0.039486 0.014672 0.020050,
        0.035069 0.019035 0.020299,
        0.031748 0.024463 0.020700,
        0.029439 0.031865 0.021409,
        0.028764 0.039588 0.022358,
        0.070967 0.008642 0.019811,
        0.070967 0.039589 0.022351,
      ]
    }
    coordIndex [
      1, 0, 2, -1,
      2, 0, 6, -1,
      2, 6, 4, -1,
      4, 6, 7, -1,
      4, 7, 3, -1,
      3, 7, 5, -1,
      9, 8, 26, -1,
      9, 26, 16, -1,
      26, 24, 10, -1,
      10, 11, 26, -1,
      26, 11, 12, -1,
      26, 12, 13, -1,
      13, 14, 26, -1,
      26, 14, 15, -1,
      26, 15, 16, -1,
      25, 17, 26, -1,
      26, 17, 18, -1,
      18, 19, 26, -1,
      26, 19, 20, -1,
      26, 20, 21, -1,
      21, 22, 26, -1,
      26, 22, 23, -1,
      26, 23, 24, -1,
    ]
  }
}
