  0
SECTION
  2
HEADER
  9
$ACADVER
  1
AC1014
  9
$ACADMAINTVER
 70
     9
  9
$DWGCODEPAGE
  3
ANSI_1252
  9
$INSBASE
 10
0.0
 20
0.0
 30
0.0
  9
$EXTMIN
 10
20.0
 20
10.0
 30
0.0
  9
$EXTMAX
 10
297.0
 20
200.0
 30
0.0
  9
$LIMMIN
 10
0.0
 20
0.0
  9
$LIMMAX
 10
12.0
 20
9.0
  9
$ORTHOMODE
 70
     0
  9
$REGENMODE
 70
     1
  9
$FILLMODE
 70
     1
  9
$QTEXTMODE
 70
     0
  9
$MIRRTEXT
 70
     1
  9
$DRAGMODE
 70
     2
  9
$LTSCALE
 40
12.7
  9
$OSMODE
 70
    23
  9
$ATTMODE
 70
     1
  9
$TEXTSIZE
 40
3.5
  9
$TRACEWID
 40
0.05
  9
$TEXTSTYLE
  7
ONSHAPE-STANDARD
  9
$CLAYER
  8
0
  9
$CELTYPE
  6
BYLAYER
  9
$CECOLOR
 62
   256
  9
$CELTSCALE
 40
1.0
  9
$DELOBJ
 70
     1
  9
$DISPSILH
 70
     0
  9
$DIMSCALE
 40
1.0
  9
$DIMASZ
 40
2.5
  9
$DIMEXO
 40
0.625
  9
$DIMDLI
 40
3.75
  9
$DIMRND
 40
0.0
  9
$DIMDLE
 40
0.0
  9
$DIMEXE
 40
1.25
  9
$DIMTP
 40
0.0
  9
$DIMTM
 40
0.0
  9
$DIMTXT
 40
3.5
  9
$DIMCEN
 40
2.5
  9
$DIMTSZ
 40
0.0
  9
$DIMTOL
 70
     0
  9
$DIMLIM
 70
     0
  9
$DIMTIH
 70
     0
  9
$DIMTOH
 70
     0
  9
$DIMSE1
 70
     0
  9
$DIMSE2
 70
     0
  9
$DIMTAD
 70
     1
  9
$DIMZIN
 70
     8
  9
$DIMBLK
  1

  9
$DIMASO
 70
     1
  9
$DIMSHO
 70
     1
  9
$DIMPOST
  1

  9
$DIMAPOST
  1

  9
$DIMALT
 70
     1
  9
$DIMALTD
 70
     3
  9
$DIMALTF
 40
0.0393700787401575
  9
$DIMLFAC
 40
1.0
  9
$DIMTOFL
 70
     1
  9
$DIMTVP
 40
0.0
  9
$DIMTIX
 70
     0
  9
$DIMSOXD
 70
     0
  9
$DIMSAH
 70
     0
  9
$DIMBLK1
  1

  9
$DIMBLK2
  1

  9
$DIMSTYLE
  2
ONSHAPE-ISO-25
  9
$DIMCLRD
 70
     7
  9
$DIMCLRE
 70
     7
  9
$DIMCLRT
 70
     7
  9
$DIMTFAC
 40
1.0
  9
$DIMGAP
 40
0.625
  9
$DIMJUST
 70
     0
  9
$DIMSD1
 70
     0
  9
$DIMSD2
 70
     0
  9
$DIMTOLJ
 70
     0
  9
$DIMTZIN
 70
     8
  9
$DIMALTZ
 70
     8
  9
$DIMALTTZ
 70
     0
  9
$DIMFIT
 70
     3
  9
$DIMUPT
 70
     1
  9
$DIMUNIT
 70
     2
  9
$DIMDEC
 70
     2
  9
$DIMTDEC
 70
     2
  9
$DIMALTU
 70
     2
  9
$DIMALTTD
 70
     3
  9
$DIMTXSTY
  7
ONSHAPE-STANDARD-DIMENSION
  9
$DIMAUNIT
 70
     0
  9
$LUNITS
 70
     2
  9
$LUPREC
 70
     4
  9
$SKETCHINC
 40
0.1
  9
$FILLETRAD
 40
0.5
  9
$AUNITS
 70
     0
  9
$AUPREC
 70
     0
  9
$MENU
  1
.
  9
$ELEVATION
 40
0.0
  9
$PELEVATION
 40
0.0
  9
$THICKNESS
 40
0.0
  9
$LIMCHECK
 70
     0
  9
$CHAMFERA
 40
0.0
  9
$CHAMFERB
 40
0.0
  9
$CHAMFERC
 40
0.0
  9
$CHAMFERD
 40
0.0
  9
$SKPOLY
 70
     0
  9
$TDCREATE
 40
2461300.537049318
  9
$TDUPDATE
 40
2461300.53705066
  9
$TDINDWG
 40
0.0
  9
$TDUSRTIMER
 40
0.0
  9
$USRTIMER
 70
     1
  9
$ANGBASE
 50
0.0
  9
$ANGDIR
 70
     0
  9
$PDMODE
 70
    33
  9
$PDSIZE
 40
1.0
  9
$PLINEWID
 40
0.0
  9
$COORDS
 70
     1
  9
$SPLFRAME
 70
     0
  9
$SPLINETYPE
 70
     6
  9
$SPLINESEGS
 70
     8
  9
$ATTDIA
 70
     0
  9
$ATTREQ
 70
     1
  9
$HANDLING
 70
     1
  9
$HANDSEED
  5
814
  9
$SURFTAB1
 70
     6
  9
$SURFTAB2
 70
     6
  9
$SURFTYPE
 70
     6
  9
$SURFU
 70
     6
  9
$SURFV
 70
     6
  9
$UCSNAME
  2

  9
$UCSORG
 10
0.0
 20
0.0
 30
0.0
  9
$UCSXDIR
 10
1.0
 20
0.0
 30
0.0
  9
$UCSYDIR
 10
0.0
 20
1.0
 30
0.0
  9
$PUCSNAME
  2

  9
$PUCSORG
 10
0.0
 20
0.0
 30
0.0
  9
$PUCSXDIR
 10
1.0
 20
0.0
 30
0.0
  9
$PUCSYDIR
 10
0.0
 20
1.0
 30
0.0
  9
$USERI1
 70
     0
  9
$USERI2
 70
     0
  9
$USERI3
 70
     0
  9
$USERI4
 70
     0
  9
$USERI5
 70
     0
  9
$USERR1
 40
0.0
  9
$USERR2
 40
0.0
  9
$USERR3
 40
0.0
  9
$USERR4
 40
0.0
  9
$USERR5
 40
0.0
  9
$WORLDVIEW
 70
     1
  9
$SHADEDGE
 70
     3
  9
$SHADEDIF
 70
    70
  9
$TILEMODE
 70
     1
  9
$MAXACTVP
 70
    64
  9
$PINSBASE
 10
0.0
 20
0.0
 30
0.0
  9
$PLIMCHECK
 70
     0
  9
$PEXTMIN
 10
1.000000000000000E+20
 20
1.000000000000000E+20
 30
1.000000000000000E+20
  9
$PEXTMAX
 10
-1.000000000000000E+20
 20
-1.000000000000000E+20
 30
-1.000000000000000E+20
  9
$PLIMMIN
 10
0.0
 20
0.0
  9
$PLIMMAX
 10
12.0
 20
9.0
  9
$UNITMODE
 70
     0
  9
$VISRETAIN
 70
     1
  9
$PLINEGEN
 70
     0
  9
$PSLTSCALE
 70
     1
  9
$TREEDEPTH
 70
  3020
  9
$PICKSTYLE
 70
     1
  9
$CMLSTYLE
  2
STANDARD
  9
$CMLJUST
 70
     0
  9
$CMLSCALE
 40
1.0
  9
$PROXYGRAPHICS
 70
     1
  9
$MEASUREMENT
 70
     0
  0
ENDSEC
  0
SECTION
  2
CLASSES
  0
CLASS
  1
ACDBDICTIONARYWDFLT
  2
AcDbDictionaryWithDefault
  3
ObjectDBX Classes
 90
        0
280
     0
281
     0
  0
CLASS
  1
VISUALSTYLE
  2
AcDbVisualStyle
  3
ObjectDBX Classes
 90
     4095
280
     0
281
     0
  0
CLASS
  1
MATERIAL
  2
AcDbMaterial
  3
ObjectDBX Classes
 90
     1153
280
     0
281
     0
  0
CLASS
  1
SCALE
  2
AcDbScale
  3
ObjectDBX Classes
 90
     1153
280
     0
281
     0
  0
CLASS
  1
TABLESTYLE
  2
AcDbTableStyle
  3
ObjectDBX Classes
 90
     4095
280
     0
281
     0
  0
CLASS
  1
MLEADERSTYLE
  2
AcDbMLeaderStyle
  3
ACDB_MLEADERSTYLE_CLASS
 90
     4095
280
     0
281
     0
  0
CLASS
  1
SUN
  2
AcDbSun
  3
SCENEOE
 90
     1153
280
     0
281
     0
  0
CLASS
  1
DICTIONARYVAR
  2
AcDbDictionaryVar
  3
ObjectDBX Classes
 90
        0
280
     0
281
     0
  0
CLASS
  1
FIELD
  2
AcDbField
  3
ObjectDBX Classes
 90
     1152
280
     0
281
     0
  0
CLASS
  1
FIELDLIST
  2
AcDbFieldList
  3
ObjectDBX Classes
 90
     1152
280
     0
281
     0
  0
CLASS
  1
XRECORD
  2
AcDbXrecord
  3
ObjectDBX Classes
 90
        0
280
     0
281
     0
  0
CLASS
  1
LWPOLYLINE
  2
AcDbPolyline
  3
ObjectDBX Classes
 90
        0
280
     0
281
     1
  0
CLASS
  1
HATCH
  2
AcDbHatch
  3
ObjectDBX Classes
 90
        0
280
     0
281
     1
  0
CLASS
  1
ACDBPLACEHOLDER
  2
AcDbPlaceHolder
  3
ObjectDBX Classes
 90
        0
280
     0
281
     0
  0
CLASS
  1
LAYOUT
  2
AcDbLayout
  3
ObjectDBX Classes
 90
        0
280
     0
281
     0
  0
ENDSEC
  0
SECTION
  2
TABLES
  0
TABLE
  2
VPORT
  5
8
102
{ACAD_XDICTIONARY
360
809
102
}
330
0
100
AcDbSymbolTable
 70
     1
  0
VPORT
  5
29
330
8
100
AcDbSymbolTableRecord
100
AcDbViewportTableRecord
  2
*ACTIVE
 70
     0
 10
0.0
 20
0.0
 11
1.0
 21
1.0
 12
158.5
 22
105.0
 13
0.0
 23
0.0
 14
0.5
 24
0.5
 15
0.5
 25
0.5
 16
0.0
 26
0.0
 36
1.0
 17
0.0
 27
0.0
 37
0.0
 40
193.8
 41
1.457894736842105
 42
50.0
 43
0.0
 44
0.0
 50
0.0
 51
0.0
 71
     0
 72
   100
 73
     1
 74
     3
 75
     0
 76
     0
 77
     0
 78
     0
  0
ENDTAB
  0
TABLE
  2
LTYPE
  5
5
330
0
100
AcDbSymbolTable
 70
     1
  0
LTYPE
  5
14
330
5
100
AcDbSymbolTableRecord
100
AcDbLinetypeTableRecord
  2
BYBLOCK
 70
     0
  3

 72
    65
 73
     0
 40
0.0
  0
LTYPE
  5
15
330
5
100
AcDbSymbolTableRecord
100
AcDbLinetypeTableRecord
  2
BYLAYER
 70
     0
  3

 72
    65
 73
     0
 40
0.0
  0
LTYPE
  5
16
330
5
100
AcDbSymbolTableRecord
100
AcDbLinetypeTableRecord
  2
CONTINUOUS
 70
     0
  3
Solid line
 72
    65
 73
     0
 40
0.0
  0
ENDTAB
  0
TABLE
  2
LAYER
  5
2
330
0
100
AcDbSymbolTable
 70
     6
  0
LAYER
  5
10
330
2
100
AcDbSymbolTableRecord
100
AcDbLayerTableRecord
  2
0
 70
     0
 62
     7
  6
CONTINUOUS
  0
LAYER
  5
73
330
2
100
AcDbSymbolTableRecord
100
AcDbLayerTableRecord
  2
VISIBLE
 70
     0
 62
     7
  6
CONTINUOUS
  0
LAYER
  5
75
330
2
100
AcDbSymbolTableRecord
100
AcDbLayerTableRecord
  2
TANGENT_LINES
 70
     0
 62
     7
  6
CONTINUOUS
  0
LAYER
  5
54B
330
2
100
AcDbSymbolTableRecord
100
AcDbLayerTableRecord
  2
BORDER_FRAME
 70
     0
 62
     7
  6
CONTINUOUS
  0
LAYER
  5
551
330
2
100
AcDbSymbolTableRecord
100
AcDbLayerTableRecord
  2
TITLE_BLOCK
 70
     0
 62
     7
  6
CONTINUOUS
  0
LAYER
  5
5EC
330
2
100
AcDbSymbolTableRecord
100
AcDbLayerTableRecord
  2
ANNOTATION_TEXT
 70
     0
 62
     7
  6
CONTINUOUS
  0
ENDTAB
  0
TABLE
  2
STYLE
  5
3
330
0
100
AcDbSymbolTable
 70
    36
  0
STYLE
  5
11
330
3
100
AcDbSymbolTableRecord
100
AcDbTextStyleTableRecord
  2
STANDARD
 70
     0
 40
0.0
 41
1.0
 50
0.0
 71
     0
 42
3.5
  3
txt
  4

  0
STYLE
  5
70
330
3
100
AcDbSymbolTableRecord
100
AcDbTextStyleTableRecord
  2
ONSHAPE-STANDARD
 70
     0
 40
0.0
 41
1.0
 50
0.0
 71
     0
 42
3.5
  3
NotoSans-Regular.ttf
  4

1001
ACAD
1000
Noto Sans
1071
        0
  0
STYLE
  5
72
330
3
100
AcDbSymbolTableRecord
100
AcDbTextStyleTableRecord
  2
ONSHAPE-STANDARD-DIMENSION
 70
     0
 40
0.0
 41
1.0
 50
0.0
 71
     0
 42
3.5
  3

  4

1001
ACAD
1000
Noto Sans
1071
        0
  0
STYLE
  5
587
330
3
100
AcDbSymbolTableRecord
100
AcDbTextStyleTableRecord
  2
ONSHAPE-STANDARD-FIELDS
 70
     0
 40
0.0
 41
1.0
 50
0.0
 71
     0
 42
3.5
  3

  4

1001
ACAD
1000
Noto Sans
1071
        0
  0
STYLE
  5
5EE
330
3
100
AcDbSymbolTableRecord
100
AcDbTextStyleTableRecord
  2
ONSHAPE-STANDARD-VIEW-LABE
 70
     0
 40
3.5
 41
1.0
 50
0.0
 71
     0
 42
3.5
  3
NotoSans-Regular.ttf
  4

1001
ACAD
1000
Noto Sans
1071
        0
  0
STYLE
  5
78C
330
3
100
AcDbSymbolTableRecord
100
AcDbTextStyleTableRecord
  2
ONSHAPE-STANDARD-BOLD
 70
     0
 40
0.0
 41
1.0
 50
0.0
 71
     0
 42
3.5
  3
NotoSans-Bold.ttf
  4

1001
ACAD
1000
Noto Sans
1071
 33554432
  0
STYLE
  5
78E
330
3
100
AcDbSymbolTableRecord
100
AcDbTextStyleTableRecord
  2
ONSHAPE-STANDARD-TCFIELDS
 70
     0
 40
0.0
 41
1.0
 50
0.0
 71
     0
 42
3.5
  3
NotoSansTC-Regular.otf
  4

1001
ACAD
1000
Noto Sans TC
1071
        0
  0
STYLE
  5
78F
330
3
100
AcDbSymbolTableRecord
100
AcDbTextStyleTableRecord
  2
ONSHAPE-STANDARD-SCFIELDS
 70
     0
 40
0.0
 41
1.0
 50
0.0
 71
     0
 42
3.5
  3
NotoSansSC-Regular.otf
  4

1001
ACAD
1000
Noto Sans SC
1071
        0
  0
STYLE
  5
790
330
3
100
AcDbSymbolTableRecord
100
AcDbTextStyleTableRecord
  2
ONSHAPE-STANDARD-KOREANFIE
 70
     0
 40
0.0
 41
1.0
 50
0.0
 71
     0
 42
3.5
  3
NotoSansKR-Regular.otf
  4

1001
ACAD
1000
Noto Sans KR
1071
        0
  0
STYLE
  5
791
330
3
100
AcDbSymbolTableRecord
100
AcDbTextStyleTableRecord
  2
ONSHAPE-STANDARD-JAPANESEF
 70
     0
 40
0.0
 41
1.0
 50
0.0
 71
     0
 42
3.5
  3
NotoSansJP-Regular.otf
  4

1001
ACAD
1000
Noto Sans JP
1071
        0
  0
STYLE
  5
793
330
3
100
AcDbSymbolTableRecord
100
AcDbTextStyleTableRecord
  2
TTFSTYLE
 70
     0
 40
0.0
 41
1.0
 50
0.0
 71
     0
 42
3.5
  3
Verdana.ttf
  4

1001
ACAD
1000
Verdana
1071
       34
  0
STYLE
  5
794
330
3
100
AcDbSymbolTableRecord
100
AcDbTextStyleTableRecord
  2
ONSHAPE-STANDARD-GTOLERANC
 70
     0
 40
0.0
 41
1.0
 50
0.0
 71
     0
 42
3.5
  3

  4

1001
ACAD
1000
Noto Sans
1071
        0
  0
STYLE
  5
795
330
3
100
AcDbSymbolTableRecord
100
AcDbTextStyleTableRecord
  2
ONSHAPE-STANDARD-TABLE-DAT
 70
     0
 40
0.0
 41
1.0
 50
0.0
 71
     0
 42
3.5
  3
NotoSans-Regular.ttf
  4

1001
ACAD
1000
Noto Sans
1071
        0
  0
STYLE
  5
796
330
3
100
AcDbSymbolTableRecord
100
AcDbTextStyleTableRecord
  2
ONSHAPE-STANDARD-TABLE-TIT
 70
     0
 40
0.0
 41
1.0
 50
0.0
 71
     0
 42
3.5
  3
NotoSans-Bold.ttf
  4

1001
ACAD
1000
Noto Sans
1071
 33554432
  0
STYLE
  5
797
330
3
100
AcDbSymbolTableRecord
100
AcDbTextStyleTableRecord
  2
ONSHAPE-STANDARD-TABLE-HEA
 70
     0
 40
0.0
 41
1.0
 50
0.0
 71
     0
 42
3.5
  3
NotoSans-Bold.ttf
  4

1001
ACAD
1000
Noto Sans
1071
 33554432
  0
STYLE
  5
798
330
3
100
AcDbSymbolTableRecord
100
AcDbTextStyleTableRecord
  2
ONSHAPE-STANDARD-BOMTABLE-
 70
     0
 40
0.0
 41
1.0
 50
0.0
 71
     0
 42
3.5
  3
NotoSans-Regular.ttf
  4

1001
ACAD
1000
Noto Sans
1071
        0
  0
STYLE
  5
799
330
3
100
AcDbSymbolTableRecord
100
AcDbTextStyleTableRecord
  2
ONSHAPE-STANDARD-BOMTABLE0
 70
     0
 40
0.0
 41
1.0
 50
0.0
 71
     0
 42
3.5
  3
NotoSans-Bold.ttf
  4

1001
ACAD
1000
Noto Sans
1071
 33554432
  0
STYLE
  5
79A
330
3
100
AcDbSymbolTableRecord
100
AcDbTextStyleTableRecord
  2
ONSHAPE-STANDARD-BOMTABLE1
 70
     0
 40
0.0
 41
1.0
 50
0.0
 71
     0
 42
3.5
  3
NotoSans-Bold.ttf
  4

1001
ACAD
1000
Noto Sans
1071
 33554432
  0
STYLE
  5
79B
330
3
100
AcDbSymbolTableRecord
100
AcDbTextStyleTableRecord
  2
ONSHAPE-STANDARD-NOTESTYLE
 70
     0
 40
3.5
 41
1.0
 50
0.0
 71
     0
 42
3.5
  3
Noto Sans
  4

1001
ACAD
1000
Noto Sans
1071
        0
  0
STYLE
  5
79C
330
3
100
AcDbSymbolTableRecord
100
AcDbTextStyleTableRecord
  2
ONSHAPE-STANDARD-DATUM-DIM
 70
     0
 40
3.5
 41
1.0
 50
0.0
 71
     0
 42
3.5
  3
Noto Sans
  4

1001
ACAD
1000
Noto Sans
1071
        0
  0
STYLE
  5
79E
330
3
100
AcDbSymbolTableRecord
100
AcDbTextStyleTableRecord
  2
ONSHAPE-DETAIL-VIEW-LEADER
 70
     0
 40
3.5
 41
1.0
 50
0.0
 71
     0
 42
3.5
  3
Noto Sans
  4

1001
ACAD
1000
Noto Sans
1071
        0
  0
STYLE
  5
79F
330
3
100
AcDbSymbolTableRecord
100
AcDbTextStyleTableRecord
  2
ONSHAPE-STANDARD-HOLE-CALL
 70
     0
 40
3.5
 41
1.0
 50
0.0
 71
     0
 42
3.5
  3
Noto Sans
  4

1001
ACAD
1000
Noto Sans
1071
        0
  0
STYLE
  5
7A0
330
3
100
AcDbSymbolTableRecord
100
AcDbTextStyleTableRecord
  2
ONSHAPE-STANDARD-HOLETABLE
 70
     0
 40
0.0
 41
1.0
 50
0.0
 71
     0
 42
3.5
  3
NotoSans-Regular.ttf
  4

1001
ACAD
1000
Noto Sans
1071
        0
  0
STYLE
  5
7A1
330
3
100
AcDbSymbolTableRecord
100
AcDbTextStyleTableRecord
  2
ONSHAPE-STANDARD-HOLETABL0
 70
     0
 40
0.0
 41
1.0
 50
0.0
 71
     0
 42
3.5
  3
NotoSans-Bold.ttf
  4

1001
ACAD
1000
Noto Sans
1071
 33554432
  0
STYLE
  5
7A2
330
3
100
AcDbSymbolTableRecord
100
AcDbTextStyleTableRecord
  2
ONSHAPE-STANDARD-HOLETABL1
 70
     0
 40
0.0
 41
1.0
 50
0.0
 71
     0
 42
3.5
  3
NotoSans-Bold.ttf
  4

1001
ACAD
1000
Noto Sans
1071
 33554432
  0
STYLE
  5
7A3
330
3
100
AcDbSymbolTableRecord
100
AcDbTextStyleTableRecord
  2
ONSHAPE-STANDARD-HOLE-TAG
 70
     0
 40
3.5
 41
1.0
 50
0.0
 71
     0
 42
3.5
  3
Noto Sans
  4

1001
ACAD
1000
Noto Sans
1071
        0
  0
STYLE
  5
7A4
330
3
100
AcDbSymbolTableRecord
100
AcDbTextStyleTableRecord
  2
ONSHAPE-STANDARD-REVISIONT
 70
     0
 40
0.0
 41
1.0
 50
0.0
 71
     0
 42
3.5
  3
NotoSans-Regular.ttf
  4

1001
ACAD
1000
Noto Sans
1071
        0
  0
STYLE
  5
7A5
330
3
100
AcDbSymbolTableRecord
100
AcDbTextStyleTableRecord
  2
ONSHAPE-STANDARD-REVISION0
 70
     0
 40
0.0
 41
1.0
 50
0.0
 71
     0
 42
3.5
  3
NotoSans-Bold.ttf
  4

1001
ACAD
1000
Noto Sans
1071
 33554432
  0
STYLE
  5
7A6
330
3
100
AcDbSymbolTableRecord
100
AcDbTextStyleTableRecord
  2
ONSHAPE-STANDARD-REVISION1
 70
     0
 40
0.0
 41
1.0
 50
0.0
 71
     0
 42
3.5
  3
NotoSans-Bold.ttf
  4

1001
ACAD
1000
Noto Sans
1071
 33554432
  0
STYLE
  5
7A7
330
3
100
AcDbSymbolTableRecord
100
AcDbTextStyleTableRecord
  2
ONSHAPE-STANDARD-REVISION-
 70
     0
 40
3.5
 41
1.0
 50
0.0
 71
     0
 42
3.5
  3
Noto Sans
  4

1001
ACAD
1000
Noto Sans
1071
        0
  0
STYLE
  5
7A8
330
3
100
AcDbSymbolTableRecord
100
AcDbTextStyleTableRecord
  2
ONSHAPE-STANDARD-CUTLISTTA
 70
     0
 40
0.0
 41
1.0
 50
0.0
 71
     0
 42
3.5
  3
NotoSans-Regular.ttf
  4

1001
ACAD
1000
Noto Sans
1071
        0
  0
STYLE
  5
7A9
330
3
100
AcDbSymbolTableRecord
100
AcDbTextStyleTableRecord
  2
ONSHAPE-STANDARD-CUTLISTT0
 70
     0
 40
0.0
 41
1.0
 50
0.0
 71
     0
 42
3.5
  3
NotoSans-Bold.ttf
  4

1001
ACAD
1000
Noto Sans
1071
 33554432
  0
STYLE
  5
7AA
330
3
100
AcDbSymbolTableRecord
100
AcDbTextStyleTableRecord
  2
ONSHAPE-STANDARD-CUTLISTT1
 70
     0
 40
0.0
 41
1.0
 50
0.0
 71
     0
 42
3.5
  3
NotoSans-Bold.ttf
  4

1001
ACAD
1000
Noto Sans
1071
 33554432
  0
STYLE
  5
7AB
330
3
100
AcDbSymbolTableRecord
100
AcDbTextStyleTableRecord
  2
ONSHAPE-STANDARD-CUSTOMTAB
 70
     0
 40
0.0
 41
1.0
 50
0.0
 71
     0
 42
3.5
  3
NotoSans-Regular.ttf
  4

1001
ACAD
1000
Noto Sans
1071
        0
  0
STYLE
  5
7AC
330
3
100
AcDbSymbolTableRecord
100
AcDbTextStyleTableRecord
  2
ONSHAPE-STANDARD-CUSTOMTA0
 70
     0
 40
0.0
 41
1.0
 50
0.0
 71
     0
 42
3.5
  3
NotoSans-Bold.ttf
  4

1001
ACAD
1000
Noto Sans
1071
 33554432
  0
STYLE
  5
7AD
330
3
100
AcDbSymbolTableRecord
100
AcDbTextStyleTableRecord
  2
ONSHAPE-STANDARD-CUSTOMTA1
 70
     0
 40
0.0
 41
1.0
 50
0.0
 71
     0
 42
3.5
  3
NotoSans-Bold.ttf
  4

1001
ACAD
1000
Noto Sans
1071
 33554432
  0
ENDTAB
  0
TABLE
  2
VIEW
  5
6
330
0
100
AcDbSymbolTable
 70
     0
  0
ENDTAB
  0
TABLE
  2
UCS
  5
7
330
0
100
AcDbSymbolTable
 70
     0
  0
ENDTAB
  0
TABLE
  2
APPID
  5
9
330
0
100
AcDbSymbolTable
 70
     3
  0
APPID
  5
12
330
9
100
AcDbSymbolTableRecord
100
AcDbRegAppTableRecord
  2
ACAD
 70
     0
  0
APPID
  5
5F0
330
9
100
AcDbSymbolTableRecord
100
AcDbRegAppTableRecord
  2
ONSHAPE_NOTES_ANNOTATION_D
 70
     0
  0
APPID
  5
813
330
9
100
AcDbSymbolTableRecord
100
AcDbRegAppTableRecord
  2
ACAD_MLEADERVER
 70
     0
  0
ENDTAB
  0
TABLE
  2
DIMSTYLE
  5
A
330
0
100
AcDbSymbolTable
 70
    23
  0
DIMSTYLE
105
27
330
A
100
AcDbSymbolTableRecord
100
AcDbDimStyleTableRecord
  2
STANDARD
 70
     0
  3

  4

  5

  6

  7

 40
1.0
 41
0.18
 42
0.0625
 43
0.38
 44
0.18
 45
0.0
 46
0.0
 47
0.0
 48
0.0
140
0.18
141
0.09
142
0.0
143
0.0393700787401575
144
1.0
145
0.0
146
1.0
147
0.09
 71
     0
 72
     0
 73
     1
 74
     1
 75
     0
 76
     0
 77
     0
 78
     0
170
     0
171
     2
172
     0
173
     0
174
     0
175
     0
176
     0
177
     0
178
     0
270
     2
271
     4
272
     4
273
     2
274
     2
340
11
275
     0
280
     0
281
     0
282
     0
283
     1
284
     0
285
     0
286
     0
287
     3
288
     0
  0
DIMSTYLE
105
71
330
A
100
AcDbSymbolTableRecord
100
AcDbDimStyleTableRecord
  2
ONSHAPE-ISO-25
 70
     0
  3

  4

  5

  6

  7

 40
1.0
 41
2.5
 42
0.625
 43
3.75
 44
1.25
 45
0.0
 46
0.0
 47
0.0
 48
0.0
140
3.5
141
2.5
142
0.0
143
0.0393700787401575
144
1.0
145
0.0
146
1.0
147
0.625
 71
     0
 72
     0
 73
     0
 74
     0
 75
     0
 76
     0
 77
     1
 78
     8
170
     0
171
     3
172
     1
173
     0
174
     0
175
     0
176
     7
177
     7
178
     7
179
     1
270
     2
271
     2
272
     2
273
     2
274
     3
340
72
275
     0
280
     0
281
     0
282
     0
283
     0
284
     8
285
     8
286
     0
287
     3
288
     1
  0
DIMSTYLE
105
7AE
330
A
100
AcDbSymbolTableRecord
100
AcDbDimStyleTableRecord
  2
ISO-25
 70
     0
  3

  4

  5

  6

  7

 40
1.0
 41
2.5
 42
0.625
 43
3.75
 44
1.25
 45
0.0
 46
0.0
 47
0.0
 48
0.0
140
2.5
141
2.5
142
0.0
143
0.0393700787401575
144
1.0
145
0.0
146
1.0
147
0.625
 71
     0
 72
     0
 73
     0
 74
     0
 75
     0
 76
     0
 77
     1
 78
     8
170
     0
171
     3
172
     1
173
     0
174
     0
175
     0
176
     7
177
     7
178
     7
270
     2
271
     2
272
     2
273
     2
274
     3
340
11
275
     0
280
     0
281
     0
282
     0
283
     0
284
     8
285
     0
286
     0
287
     3
288
     1
  0
DIMSTYLE
105
7B0
330
A
100
AcDbSymbolTableRecord
100
AcDbDimStyleTableRecord
  2
ISO
 70
     0
  3

  4
"
  5

  6

  7

 40
1.0
 41
3.5
 42
1.0
 43
10.0
 44
1.0
 45
0.0
 46
0.0
 47
0.1
 48
0.1
140
3.5
141
0.0
142
0.0
143
0.0393700787401575
144
1.0
145
0.0
146
0.71
147
1.5
 71
     0
 72
     0
 73
     0
 74
     0
 75
     0
 76
     0
 77
     1
 78
     8
170
     0
171
     3
172
     1
173
     0
174
     0
175
     0
176
     7
177
     7
178
     7
270
     2
271
     2
272
     3
273
     2
274
     3
340
11
275
     0
280
     0
281
     0
282
     0
283
     0
284
     8
285
     8
286
     0
287
     3
288
     1
  0
DIMSTYLE
105
7B1
330
A
100
AcDbSymbolTableRecord
100
AcDbDimStyleTableRecord
  2
ISO$3
 70
     0
  3

  4
"
  5

  6

  7

 40
1.0
 41
3.5
 42
1.0
 43
10.0
 44
1.0
 45
0.0
 46
0.0
 47
0.1
 48
0.1
140
3.5
141
0.0
142
0.0
143
0.0393700787401575
144
1.0
145
0.0
146
0.71
147
1.5
 71
     0
 72
     0
 73
     0
 74
     1
 75
     0
 76
     0
 77
     1
 78
     8
170
     0
171
     3
172
     0
173
     0
174
     0
175
     0
176
     7
177
     7
178
     7
270
     2
271
     2
272
     3
273
     2
274
     3
340
11
275
     0
280
     0
281
     0
282
     0
283
     0
284
     8
285
     8
286
     0
288
     1
  0
DIMSTYLE
105
7B2
330
A
100
AcDbSymbolTableRecord
100
AcDbDimStyleTableRecord
  2
ISO$4
 70
     0
  3

  4
"
  5

  6

  7

 40
1.0
 41
3.5
 42
1.0
 43
10.0
 44
1.0
 45
0.0
 46
0.0
 47
0.1
 48
0.1
140
3.5
141
0.0
142
0.0
143
0.0393700787401575
144
1.0
145
0.0
146
0.71
147
1.5
 71
     0
 72
     0
 73
     0
 74
     0
 75
     0
 76
     0
 77
     1
 78
     8
170
     0
171
     3
172
     1
173
     0
174
     0
175
     0
176
     7
177
     7
178
     7
270
     2
271
     2
272
     3
273
     2
274
     3
340
11
275
     0
280
     0
281
     0
282
     0
283
     0
284
     8
285
     8
286
     0
287
     3
288
     1
  0
DIMSTYLE
105
7B3
330
A
100
AcDbSymbolTableRecord
100
AcDbDimStyleTableRecord
  2
ISO$6
 70
     0
  3

  4
"
  5

  6

  7

 40
1.0
 41
0.5
 42
1.0
 43
10.0
 44
1.0
 45
0.0
 46
0.0
 47
0.1
 48
0.1
140
3.5
141
0.0
142
0.0
143
0.0393700787401575
144
1.0
145
0.0
146
0.71
147
1.5
 71
     0
 72
     0
 73
     0
 74
     0
 75
     0
 76
     0
 77
     0
 78
     8
170
     0
171
     3
172
     1
173
     0
174
     0
175
     0
176
     7
177
     7
178
     7
270
     2
271
     2
272
     3
273
     2
274
     3
340
11
275
     0
280
     0
281
     0
282
     0
283
     0
284
     8
285
     8
286
     0
287
     3
288
     1
  0
DIMSTYLE
105
7B4
330
A
100
AcDbSymbolTableRecord
100
AcDbDimStyleTableRecord
  2
ISO$7
 70
     0
  3

  4
"
  5

  6

  7

 40
1.0
 41
3.5
 42
1.0
 43
10.0
 44
1.0
 45
0.0
 46
0.0
 47
0.1
 48
0.1
140
3.5
141
0.0
142
0.0
143
0.0393700787401575
144
1.0
145
0.0
146
0.71
147
1.5
 71
     0
 72
     0
 73
     0
 74
     0
 75
     0
 76
     0
 77
     1
 78
     8
170
     0
171
     3
172
     1
173
     0
174
     0
175
     0
176
     7
177
     7
178
     7
270
     2
271
     2
272
     3
273
     2
274
     3
340
11
275
     0
280
     0
281
     0
282
     0
283
     0
284
     8
285
     8
286
     0
287
     3
288
     1
  0
DIMSTYLE
105
7B5
330
A
100
AcDbSymbolTableRecord
100
AcDbDimStyleTableRecord
  2
ISO$SF
 70
     0
  3

  4
"
  5

  6

  7

 40
1.0
 41
3.5
 42
1.0
 43
10.0
 44
1.0
 45
0.0
 46
0.0
 47
0.1
 48
0.1
140
3.5
141
0.0
142
0.0
143
0.0393700787401575
144
1.0
145
0.0
146
0.71
147
1.5
 71
     0
 72
     0
 73
     0
 74
     0
 75
     1
 76
     1
 77
     1
 78
     8
170
     0
171
     3
172
     1
173
     0
174
     0
175
     0
176
     7
177
     7
178
     7
270
     2
271
     2
272
     3
273
     2
274
     3
340
11
275
     0
280
     0
281
     0
282
     0
283
     0
284
     8
285
     8
286
     0
287
     3
288
     1
  0
DIMSTYLE
105
7B6
330
A
100
AcDbSymbolTableRecord
100
AcDbDimStyleTableRecord
  2
ISO$SH
 70
     0
  3

  4
"
  5

  6

  7

 40
1.0
 41
3.5
 42
1.0
 43
10.0
 44
1.0
 45
0.0
 46
0.0
 47
0.1
 48
0.1
140
3.5
141
0.0
142
0.0
143
0.0393700787401575
144
2.0
145
0.0
146
0.71
147
1.5
 71
     0
 72
     0
 73
     0
 74
     0
 75
     1
 76
     1
 77
     1
 78
     8
170
     0
171
     3
172
     1
173
     1
174
     0
175
     0
176
     7
177
     7
178
     7
270
     2
271
     2
272
     3
273
     2
274
     3
340
11
275
     0
280
     0
281
     0
282
     0
283
     0
284
     8
285
     8
286
     0
287
     3
288
     1
  0
DIMSTYLE
105
7B9
330
A
100
AcDbSymbolTableRecord
100
AcDbDimStyleTableRecord
  2
ONSHAPE-ISO-25$0
 70
     0
  3

  4

  5

  6

  7

 40
1.0
 41
2.5
 42
0.625
 43
3.75
 44
1.25
 45
0.0
 46
0.0
 47
0.0
 48
0.0
140
3.5
141
2.5
142
0.0
143
0.0393700787401575
144
1.0
145
0.0
146
1.0
147
0.625
 71
     0
 72
     0
 73
     0
 74
     0
 75
     0
 76
     0
 77
     1
 78
     8
170
     0
171
     3
172
     1
173
     0
174
     0
175
     0
176
     7
177
     7
178
     7
179
     1
270
     2
271
     2
272
     2
273
     2
274
     3
340
72
275
     0
280
     0
281
     0
282
     0
283
     0
284
     8
285
     8
286
     0
287
     3
288
     1
  0
DIMSTYLE
105
7BA
330
A
100
AcDbSymbolTableRecord
100
AcDbDimStyleTableRecord
  2
ONSHAPE-ISO-25$2
 70
     0
  3

  4

  5

  6

  7

 40
1.0
 41
2.5
 42
0.625
 43
3.75
 44
1.25
 45
0.0
 46
0.0
 47
0.0
 48
0.0
140
3.5
141
2.5
142
0.0
143
0.0393700787401575
144
1.0
145
0.0
146
1.0
147
0.625
 71
     0
 72
     0
 73
     0
 74
     0
 75
     0
 76
     0
 77
     1
 78
     8
170
     0
171
     3
172
     1
173
     0
174
     0
175
     0
176
     7
177
     7
178
     7
179
     1
270
     2
271
     2
272
     2
273
     2
274
     3
340
72
275
     0
280
     0
281
     0
282
     0
283
     0
284
     8
285
     8
286
     0
287
     3
288
     1
  0
DIMSTYLE
105
7BB
330
A
100
AcDbSymbolTableRecord
100
AcDbDimStyleTableRecord
  2
ONSHAPE-ISO-25$3
 70
     0
  3

  4

  5

  6

  7

 40
1.0
 41
2.5
 42
0.625
 43
3.75
 44
1.25
 45
0.0
 46
0.0
 47
0.0
 48
0.0
140
3.5
141
0.0
142
0.0
143
0.0393700787401575
144
1.0
145
0.0
146
1.0
147
0.625
 71
     0
 72
     0
 73
     0
 74
     0
 75
     0
 76
     0
 77
     1
 78
     8
170
     0
171
     3
172
     1
173
     0
174
     0
175
     0
176
     7
177
     7
178
     7
179
     1
270
     2
271
     2
272
     2
273
     2
274
     3
340
72
275
     0
280
     0
281
     0
282
     0
283
     0
284
     8
285
     8
286
     0
287
     3
288
     1
  0
DIMSTYLE
105
7BC
330
A
100
AcDbSymbolTableRecord
100
AcDbDimStyleTableRecord
  2
ONSHAPE-ISO-25$4
 70
     0
  3

  4

  5

  6

  7

 40
1.0
 41
2.5
 42
0.625
 43
3.75
 44
1.25
 45
0.0
 46
0.0
 47
0.0
 48
0.0
140
3.5
141
0.0
142
0.0
143
0.0393700787401575
144
1.0
145
0.0
146
1.0
147
0.625
 71
     0
 72
     0
 73
     0
 74
     0
 75
     0
 76
     0
 77
     1
 78
     8
170
     0
171
     3
172
     1
173
     0
174
     0
175
     0
176
     7
177
     7
178
     7
179
     1
270
     2
271
     2
272
     2
273
     2
274
     3
340
72
275
     0
280
     0
281
     0
282
     0
283
     0
284
     8
285
     8
286
     0
287
     3
288
     1
  0
DIMSTYLE
105
7BD
330
A
100
AcDbSymbolTableRecord
100
AcDbDimStyleTableRecord
  2
ONSHAPE-ISO-25$6
 70
     0
  3

  4

  5

  6

  7

 40
1.0
 41
0.5
 42
0.625
 43
3.75
 44
1.25
 45
0.0
 46
0.0
 47
0.0
 48
0.0
140
3.5
141
2.5
142
0.0
143
0.0393700787401575
144
1.0
145
0.0
146
1.0
147
0.625
 71
     0
 72
     0
 73
     0
 74
     0
 75
     0
 76
     0
 77
     1
 78
     8
170
     0
171
     3
172
     1
173
     0
174
     0
175
     0
176
     7
177
     7
178
     7
179
     1
270
     2
271
     2
272
     2
273
     2
274
     3
340
72
275
     0
280
     0
281
     0
282
     0
283
     0
284
     8
285
     8
286
     0
287
     3
288
     1
  0
DIMSTYLE
105
7BE
330
A
100
AcDbSymbolTableRecord
100
AcDbDimStyleTableRecord
  2
ONSHAPE-ISO-25$7
 70
     0
  3

  4

  5

  6

  7

 40
1.0
 41
2.5
 42
0.625
 43
3.75
 44
1.25
 45
0.0
 46
0.0
 47
0.0
 48
0.0
140
3.5
141
2.5
142
0.0
143
0.0393700787401575
144
1.0
145
0.0
146
1.0
147
0.625
 71
     0
 72
     0
 73
     0
 74
     0
 75
     0
 76
     0
 77
     1
 78
     8
170
     0
171
     3
172
     1
173
     0
174
     0
175
     0
176
     7
177
     7
178
     7
179
     1
270
     2
271
     2
272
     2
273
     2
274
     3
340
72
275
     0
280
     0
281
     0
282
     0
283
     0
284
     8
285
     8
286
     0
287
     3
288
     1
  0
DIMSTYLE
105
7BF
330
A
100
AcDbSymbolTableRecord
100
AcDbDimStyleTableRecord
  2
ONSHAPE-STANDARD-GTOLERANC
 70
     0
  3

  4

  5

  6

  7

 40
1.0
 41
2.5
 42
0.625
 43
3.75
 44
1.25
 45
0.0
 46
0.0
 47
0.0
 48
0.0
140
3.5
141
2.5
142
0.0
143
0.03937
144
1.0
145
0.0
146
1.0
147
0.625
 71
     0
 72
     0
 73
     0
 74
     0
 75
     0
 76
     0
 77
     1
 78
     8
170
     0
171
     3
172
     1
173
     0
174
     0
175
     0
176
     7
177
     7
178
     7
179
     1
270
     2
271
     2
272
     2
273
     2
274
     3
340
794
275
     0
280
     0
281
     0
282
     0
283
     0
284
     8
285
     8
286
     0
287
     3
288
     1
  0
DIMSTYLE
105
7C1
330
A
100
AcDbSymbolTableRecord
100
AcDbDimStyleTableRecord
  2
ONSHAPE-ORDINATESTYLE
 70
     0
  3

  4

  5

  6

  7

 40
1.0
 41
2.5
 42
0.625
 43
3.75
 44
1.25
 45
0.0
 46
0.0
 47
0.0
 48
0.0
140
3.5
141
2.5
142
0.0
143
0.0393700787401575
144
1.0
145
0.0
146
1.0
147
0.625
 71
     0
 72
     0
 73
     0
 74
     0
 75
     0
 76
     0
 77
     1
 78
     8
170
     0
171
     3
172
     1
173
     0
174
     0
175
     0
176
     7
177
     7
178
     7
179
     1
270
     2
271
     2
272
     2
273
     2
274
     3
340
72
275
     0
280
     0
281
     0
282
     0
283
     0
284
     8
285
     8
286
     0
287
     3
288
     1
  0
DIMSTYLE
105
7C2
330
A
100
AcDbSymbolTableRecord
100
AcDbDimStyleTableRecord
  2
ONSHAPE-CHAMFERDIMSTYLE
 70
     0
  3

  4

  5

  6

  7

 40
1.0
 41
2.5
 42
0.625
 43
3.75
 44
1.25
 45
0.0
 46
0.0
 47
0.0
 48
0.0
140
3.5
141
2.5
142
0.0
143
0.0393700787401575
144
1.0
145
0.0
146
1.0
147
0.625
 71
     0
 72
     0
 73
     0
 74
     0
 75
     0
 76
     0
 77
     1
 78
     8
170
     0
171
     3
172
     1
173
     0
174
     0
175
     0
176
     7
177
     7
178
     7
179
     1
270
     2
271
     2
272
     2
273
     2
274
     3
340
72
275
     0
280
     0
281
     0
282
     0
283
     0
284
     8
285
     8
286
     0
287
     3
288
     1
  0
DIMSTYLE
105
7C3
330
A
100
AcDbSymbolTableRecord
100
AcDbDimStyleTableRecord
  2
ONSHAPE-SKETCHDRIVENDIMSTY
 70
     0
  3

  4

  5

  6

  7

 40
1.0
 41
2.5
 42
0.625
 43
3.75
 44
1.25
 45
0.0
 46
0.0
 47
0.0
 48
0.0
140
3.5
141
2.5
142
0.0
143
0.0393700787401575
144
1.0
145
0.0
146
1.0
147
0.625
 71
     0
 72
     0
 73
     0
 74
     0
 75
     0
 76
     0
 77
     1
 78
     8
170
     0
171
     3
172
     1
173
     0
174
     0
175
     0
176
   251
177
   251
178
   251
179
     1
270
     2
271
     2
272
     2
273
     2
274
     3
340
72
275
     0
280
     0
281
     0
282
     0
283
     0
284
     8
285
     8
286
     0
287
     3
288
     1
  0
DIMSTYLE
105
7C4
330
A
100
AcDbSymbolTableRecord
100
AcDbDimStyleTableRecord
  2
ONSHAPE-SKETCHDRIVENDIMST0
 70
     0
  3

  4

  5

  6

  7

 40
1.0
 41
2.5
 42
0.625
 43
3.75
 44
1.25
 45
0.0
 46
0.0
 47
0.0
 48
0.0
140
3.5
141
2.5
142
0.0
143
0.0393700787401575
144
1.0
145
0.0
146
1.0
147
0.625
 71
     0
 72
     0
 73
     0
 74
     0
 75
     0
 76
     0
 77
     1
 78
     8
170
     0
171
     3
172
     1
173
     0
174
     0
175
     0
176
   251
177
   251
178
   251
179
     1
270
     2
271
     2
272
     2
273
     2
274
     3
340
72
275
     0
280
     0
281
     0
282
     0
283
     0
284
     8
285
     8
286
     0
287
     3
288
     1
  0
DIMSTYLE
105
7C5
330
A
100
AcDbSymbolTableRecord
100
AcDbDimStyleTableRecord
  2
ONSHAPE-SKETCHDRIVENDIMST1
 70
     0
  3

  4

  5

  6

  7

 40
1.0
 41
2.5
 42
0.625
 43
3.75
 44
1.25
 45
0.0
 46
0.0
 47
0.0
 48
0.0
140
3.5
141
0.0
142
0.0
143
0.0393700787401575
144
1.0
145
0.0
146
1.0
147
0.625
 71
     0
 72
     0
 73
     0
 74
     0
 75
     0
 76
     0
 77
     1
 78
     8
170
     0
171
     3
172
     1
173
     0
174
     0
175
     0
176
   251
177
   251
178
   251
179
     1
270
     2
271
     2
272
     2
273
     2
274
     3
340
72
275
     0
280
     0
281
     0
282
     0
283
     0
284
     8
285
     8
286
     0
287
     3
288
     1
  0
DIMSTYLE
105
7C6
330
A
100
AcDbSymbolTableRecord
100
AcDbDimStyleTableRecord
  2
ONSHAPE-SKETCHDRIVENDIMST2
 70
     0
  3

  4

  5

  6

  7

 40
1.0
 41
2.5
 42
0.625
 43
3.75
 44
1.25
 45
0.0
 46
0.0
 47
0.0
 48
0.0
140
3.5
141
0.0
142
0.0
143
0.0393700787401575
144
1.0
145
0.0
146
1.0
147
0.625
 71
     0
 72
     0
 73
     0
 74
     0
 75
     0
 76
     0
 77
     1
 78
     8
170
     0
171
     3
172
     1
173
     0
174
     0
175
     0
176
   251
177
   251
178
   251
179
     1
270
     2
271
     2
272
     2
273
     2
274
     3
340
72
275
     0
280
     0
281
     0
282
     0
283
     0
284
     8
285
     8
286
     0
287
     3
288
     1
  0
ENDTAB
  0
TABLE
  2
BLOCK_RECORD
  5
1
330
0
100
AcDbSymbolTable
 70
     0
  0
BLOCK_RECORD
  5
1F
330
1
100
AcDbSymbolTableRecord
100
AcDbBlockTableRecord
  2
*MODEL_SPACE
  0
BLOCK_RECORD
  5
1B
330
1
100
AcDbSymbolTableRecord
100
AcDbBlockTableRecord
  2
*PAPER_SPACE
  0
ENDTAB
  0
ENDSEC
  0
SECTION
  2
BLOCKS
  0
BLOCK
  5
20
330
1F
100
AcDbEntity
  8
0
100
AcDbBlockBegin
  2
*MODEL_SPACE
 70
     0
 10
0.0
 20
0.0
 30
0.0
  3
*MODEL_SPACE
  1

  0
ENDBLK
  5
21
330
1F
100
AcDbEntity
  8
0
100
AcDbBlockEnd
  0
BLOCK
  5
1C
330
1B
100
AcDbEntity
 67
     1
  8
0
100
AcDbBlockBegin
  2
*PAPER_SPACE
 70
     0
 10
0.0
 20
0.0
 30
0.0
  3
*PAPER_SPACE
  1

  0
ENDBLK
  5
1D
330
1B
100
AcDbEntity
 67
     1
  8
0
100
AcDbBlockEnd
  0
ENDSEC
  0
SECTION
  2
ENTITIES
  0
SPLINE
  5
76
330
1F
100
AcDbEntity
  8
VISIBLE
100
AcDbSpline
210
0.0
220
0.0
230
1.0
 70
    12
 71
     3
 72
     8
 73
     4
 74
     0
 42
0.000000001
 43
0.0000000170226204
 40
0.0
 40
0.0
 40
0.0
 40
0.0
 40
1.0
 40
1.0
 40
1.0
 40
1.0
 10
75.43781267129921
 20
154.6087787685336
 30
0.0
 41
1.0
 10
75.43783685203293
 20
151.1089357301681
 30
0.0
 41
0.3333379393939396
 10
78.93767989048196
 20
151.1089357301681
 30
0.0
 41
0.3333379393939396
 10
78.93770407121568
 20
154.6087787685336
 30
0.0
 41
1.0
  0
LINE
  5
77
330
1F
100
AcDbEntity
  8
VISIBLE
100
AcDbLine
 10
87.18775837125747
 20
154.6087217681585
 30
0.0
 11
78.93770407121568
 21
154.6087787685336
 31
0.0
  0
LINE
  5
78
330
1F
100
AcDbEntity
  8
VISIBLE
100
AcDbLine
 10
87.18775837125747
 20
122.6087148590676
 30
0.0
 11
87.18775837125747
 21
154.6087217681585
 31
0.0
  0
LINE
  5
79
330
1F
100
AcDbEntity
  8
VISIBLE
100
AcDbLine
 10
67.18775837125742
 20
122.6087148590676
 30
0.0
 11
87.18775837125747
 21
122.6087148590676
 31
0.0
  0
LINE
  5
7A
330
1F
100
AcDbEntity
  8
VISIBLE
100
AcDbLine
 10
67.18775837125742
 20
154.6087217681585
 30
0.0
 11
67.18775837125742
 21
122.6087148590676
 31
0.0
  0
LINE
  5
7B
330
1F
100
AcDbEntity
  8
VISIBLE
100
AcDbLine
 10
67.18775837125742
 20
154.6087217681585
 30
0.0
 11
75.43781267129921
 21
154.6087787685336
 31
0.0
  0
CIRCLE
  5
7C
330
1F
100
AcDbEntity
  8
VISIBLE
100
AcDbCircle
 10
77.18775837125744
 20
142.6087773685336
 30
0.0
 40
1.7499457
  0
LINE
  5
7D
330
1F
100
AcDbEntity
  8
VISIBLE
100
AcDbLine
 10
88.18775837125747
 20
116.6087148590676
 30
0.0
 11
88.18775837125747
 21
154.6087148590676
 31
0.0
  0
LINE
  5
7E
330
1F
100
AcDbEntity
  8
VISIBLE
100
AcDbLine
 10
88.1298442290124
 20
116.6087148590676
 30
0.0
 11
88.18775837125747
 21
116.6087148590676
 31
0.0
  0
LINE
  5
7F
330
1F
100
AcDbEntity
  8
VISIBLE
100
AcDbLine
 10
66.18775837125742
 20
116.6087148590676
 30
0.0
 11
66.2298442290124
 21
116.6087148590676
 31
0.0
  0
LINE
  5
80
330
1F
100
AcDbEntity
  8
VISIBLE
100
AcDbLine
 10
66.18775837125742
 20
154.6087148590676
 30
0.0
 11
66.18775837125742
 21
116.6087148590676
 31
0.0
  0
LINE
  5
81
330
1F
100
AcDbEntity
  8
VISIBLE
100
AcDbLine
 10
66.18775837125742
 20
154.6087148590676
 30
0.0
 11
67.18775837125742
 21
154.6087217681585
 31
0.0
  0
LINE
  5
82
330
1F
100
AcDbEntity
  8
VISIBLE
100
AcDbLine
 10
88.18775837125747
 20
154.6087148590676
 30
0.0
 11
87.18775837125747
 21
154.6087217681585
 31
0.0
  0
LINE
  5
83
330
1F
100
AcDbEntity
  8
VISIBLE
100
AcDbLine
 10
87.40484422901241
 20
109.8300835069155
 30
0.0
 11
86.4898442290124
 21
109.8300835069155
 31
0.0
  0
LINE
  5
84
330
1F
100
AcDbEntity
  8
VISIBLE
100
AcDbLine
 10
86.3698442290124
 20
109.8300835069155
 30
0.0
 11
85.9898442290124
 21
109.8300835069155
 31
0.0
  0
LINE
  5
85
330
1F
100
AcDbEntity
  8
VISIBLE
100
AcDbLine
 10
85.8698442290124
 20
109.8300835069155
 30
0.0
 11
85.4898442290124
 21
109.8300835069155
 31
0.0
  0
LINE
  5
86
330
1F
100
AcDbEntity
  8
VISIBLE
100
AcDbLine
 10
84.86984422901241
 20
109.8300835069155
 30
0.0
 11
84.4898442290124
 21
109.8300835069155
 31
0.0
  0
LINE
  5
87
330
1F
100
AcDbEntity
  8
VISIBLE
100
AcDbLine
 10
84.36984422901241
 20
109.8300835069155
 30
0.0
 11
81.9898442290124
 21
109.8300835069155
 31
0.0
  0
LINE
  5
88
330
1F
100
AcDbEntity
  8
VISIBLE
100
AcDbLine
 10
81.86984422901241
 20
109.8300835069155
 30
0.0
 11
81.4898442290124
 21
109.8300835069155
 31
0.0
  0
LINE
  5
89
330
1F
100
AcDbEntity
  8
VISIBLE
100
AcDbLine
 10
81.3698442290124
 20
109.8300835069155
 30
0.0
 11
80.9898442290124
 21
109.8300835069155
 31
0.0
  0
LINE
  5
8A
330
1F
100
AcDbEntity
  8
VISIBLE
100
AcDbLine
 10
80.8698442290124
 20
109.8300835069155
 30
0.0
 11
80.4898442290124
 21
109.8300835069155
 31
0.0
  0
LINE
  5
8B
330
1F
100
AcDbEntity
  8
VISIBLE
100
AcDbLine
 10
80.3698442290124
 20
109.8300835069155
 30
0.0
 11
79.9898442290124
 21
109.8300835069155
 31
0.0
  0
LINE
  5
8C
330
1F
100
AcDbEntity
  8
VISIBLE
100
AcDbLine
 10
79.86984422901241
 20
109.8300835069155
 30
0.0
 11
79.4898442290124
 21
109.8300835069155
 31
0.0
  0
LINE
  5
8D
330
1F
100
AcDbEntity
  8
VISIBLE
100
AcDbLine
 10
79.3698442290124
 20
109.8300835069155
 30
0.0
 11
78.9898442290124
 21
109.8300835069155
 31
0.0
  0
LINE
  5
8E
330
1F
100
AcDbEntity
  8
VISIBLE
100
AcDbLine
 10
78.8698442290124
 20
109.8300835069155
 30
0.0
 11
78.4898442290124
 21
109.8300835069155
 31
0.0
  0
LINE
  5
8F
330
1F
100
AcDbEntity
  8
VISIBLE
100
AcDbLine
 10
77.8698442290124
 20
109.8300835069155
 30
0.0
 11
77.4898442290124
 21
109.8300835069155
 31
0.0
  0
LINE
  5
90
330
1F
100
AcDbEntity
  8
VISIBLE
100
AcDbLine
 10
76.8698442290124
 20
109.8300835069155
 30
0.0
 11
76.4898442290124
 21
109.8300835069155
 31
0.0
  0
LINE
  5
91
330
1F
100
AcDbEntity
  8
VISIBLE
100
AcDbLine
 10
76.36984422901241
 20
109.8300835069155
 30
0.0
 11
75.9898442290124
 21
109.8300835069155
 31
0.0
  0
LINE
  5
92
330
1F
100
AcDbEntity
  8
VISIBLE
100
AcDbLine
 10
75.86984422901241
 20
109.8300835069155
 30
0.0
 11
75.4898442290124
 21
109.8300835069155
 31
0.0
  0
LINE
  5
93
330
1F
100
AcDbEntity
  8
VISIBLE
100
AcDbLine
 10
74.8698442290124
 20
109.8300835069155
 30
0.0
 11
74.4898442290124
 21
109.8300835069155
 31
0.0
  0
LINE
  5
94
330
1F
100
AcDbEntity
  8
VISIBLE
100
AcDbLine
 10
74.3698442290124
 20
109.8300835069155
 30
0.0
 11
73.9898442290124
 21
109.8300835069155
 31
0.0
  0
LINE
  5
95
330
1F
100
AcDbEntity
  8
VISIBLE
100
AcDbLine
 10
73.3698442290124
 20
109.8300835069155
 30
0.0
 11
72.9898442290124
 21
109.8300835069155
 31
0.0
  0
LINE
  5
96
330
1F
100
AcDbEntity
  8
VISIBLE
100
AcDbLine
 10
72.8698442290124
 20
109.8300835069155
 30
0.0
 11
72.4898442290124
 21
109.8300835069155
 31
0.0
  0
LINE
  5
97
330
1F
100
AcDbEntity
  8
VISIBLE
100
AcDbLine
 10
72.3698442290124
 20
109.8300835069155
 30
0.0
 11
71.9898442290124
 21
109.8300835069155
 31
0.0
  0
LINE
  5
98
330
1F
100
AcDbEntity
  8
VISIBLE
100
AcDbLine
 10
71.8698442290124
 20
109.8300835069155
 30
0.0
 11
71.4898442290124
 21
109.8300835069155
 31
0.0
  0
LINE
  5
99
330
1F
100
AcDbEntity
  8
VISIBLE
100
AcDbLine
 10
70.8698442290124
 20
109.8300835069155
 30
0.0
 11
70.4898442290124
 21
109.8300835069155
 31
0.0
  0
LINE
  5
9A
330
1F
100
AcDbEntity
  8
VISIBLE
100
AcDbLine
 10
69.8698442290124
 20
109.8300835069155
 30
0.0
 11
69.4898442290124
 21
109.8300835069155
 31
0.0
  0
LINE
  5
9B
330
1F
100
AcDbEntity
  8
VISIBLE
100
AcDbLine
 10
69.3698442290124
 20
109.8300835069155
 30
0.0
 11
68.9898442290124
 21
109.8300835069155
 31
0.0
  0
LINE
  5
9C
330
1F
100
AcDbEntity
  8
VISIBLE
100
AcDbLine
 10
68.36984422901241
 20
109.8300835069155
 30
0.0
 11
67.9898442290124
 21
109.8300835069155
 31
0.0
  0
LINE
  5
9D
330
1F
100
AcDbEntity
  8
VISIBLE
100
AcDbLine
 10
66.70484422901241
 20
109.8300835069155
 30
0.0
 11
66.2298442290124
 21
109.8300835069155
 31
0.0
  0
LINE
  5
9E
330
1F
100
AcDbEntity
  8
VISIBLE
100
AcDbLine
 10
86.2398442290124
 20
117.0300835069155
 30
0.0
 11
88.1298442290124
 21
117.0300835069155
 31
0.0
  0
LINE
  5
9F
330
1F
100
AcDbEntity
  8
VISIBLE
100
AcDbLine
 10
69.7398442290124
 20
117.0300835069155
 30
0.0
 11
70.1198442290124
 21
117.0300835069155
 31
0.0
  0
LINE
  5
A0
330
1F
100
AcDbEntity
  8
VISIBLE
100
AcDbLine
 10
70.2398442290124
 20
117.0300835069155
 30
0.0
 11
70.6198442290124
 21
117.0300835069155
 31
0.0
  0
LINE
  5
A1
330
1F
100
AcDbEntity
  8
VISIBLE
100
AcDbLine
 10
70.7398442290124
 20
117.0300835069155
 30
0.0
 11
71.1198442290124
 21
117.0300835069155
 31
0.0
  0
LINE
  5
A2
330
1F
100
AcDbEntity
  8
VISIBLE
100
AcDbLine
 10
71.2398442290124
 20
117.0300835069155
 30
0.0
 11
71.6198442290124
 21
117.0300835069155
 31
0.0
  0
LINE
  5
A3
330
1F
100
AcDbEntity
  8
VISIBLE
100
AcDbLine
 10
68.86984422901241
 20
109.8300835069155
 30
0.0
 11
68.4898442290124
 21
109.8300835069155
 31
0.0
  0
LINE
  5
A4
330
1F
100
AcDbEntity
  8
VISIBLE
100
AcDbLine
 10
73.7398442290124
 20
117.0300835069155
 30
0.0
 11
74.1198442290124
 21
117.0300835069155
 31
0.0
  0
LINE
  5
A5
330
1F
100
AcDbEntity
  8
VISIBLE
100
AcDbLine
 10
74.2398442290124
 20
117.0300835069155
 30
0.0
 11
74.6198442290124
 21
117.0300835069155
 31
0.0
  0
LINE
  5
A6
330
1F
100
AcDbEntity
  8
VISIBLE
100
AcDbLine
 10
74.7398442290124
 20
117.0300835069155
 30
0.0
 11
75.1198442290124
 21
117.0300835069155
 31
0.0
  0
LINE
  5
A7
330
1F
100
AcDbEntity
  8
VISIBLE
100
AcDbLine
 10
75.7398442290124
 20
117.0300835069155
 30
0.0
 11
76.11984422901241
 21
117.0300835069155
 31
0.0
  0
LINE
  5
A8
330
1F
100
AcDbEntity
  8
VISIBLE
100
AcDbLine
 10
76.2398442290124
 20
117.0300835069155
 30
0.0
 11
76.6198442290124
 21
117.0300835069155
 31
0.0
  0
LINE
  5
A9
330
1F
100
AcDbEntity
  8
VISIBLE
100
AcDbLine
 10
76.7398442290124
 20
117.0300835069155
 30
0.0
 11
77.1198442290124
 21
117.0300835069155
 31
0.0
  0
LINE
  5
AA
330
1F
100
AcDbEntity
  8
VISIBLE
100
AcDbLine
 10
77.2398442290124
 20
117.0300835069155
 30
0.0
 11
77.6198442290124
 21
117.0300835069155
 31
0.0
  0
LINE
  5
AB
330
1F
100
AcDbEntity
  8
VISIBLE
100
AcDbLine
 10
78.7398442290124
 20
117.0300835069155
 30
0.0
 11
79.1198442290124
 21
117.0300835069155
 31
0.0
  0
LINE
  5
AC
330
1F
100
AcDbEntity
  8
VISIBLE
100
AcDbLine
 10
79.2398442290124
 20
117.0300835069155
 30
0.0
 11
79.6198442290124
 21
117.0300835069155
 31
0.0
  0
LINE
  5
AD
330
1F
100
AcDbEntity
  8
VISIBLE
100
AcDbLine
 10
79.7398442290124
 20
117.0300835069155
 30
0.0
 11
80.1198442290124
 21
117.0300835069155
 31
0.0
  0
LINE
  5
AE
330
1F
100
AcDbEntity
  8
VISIBLE
100
AcDbLine
 10
81.2398442290124
 20
117.0300835069155
 30
0.0
 11
81.6198442290124
 21
117.0300835069155
 31
0.0
  0
LINE
  5
AF
330
1F
100
AcDbEntity
  8
VISIBLE
100
AcDbLine
 10
81.7398442290124
 20
117.0300835069155
 30
0.0
 11
82.11984422901241
 21
117.0300835069155
 31
0.0
  0
LINE
  5
B0
330
1F
100
AcDbEntity
  8
VISIBLE
100
AcDbLine
 10
82.2398442290124
 20
117.0300835069155
 30
0.0
 11
84.61984422901241
 21
117.0300835069155
 31
0.0
  0
LINE
  5
B1
330
1F
100
AcDbEntity
  8
VISIBLE
100
AcDbLine
 10
84.7398442290124
 20
117.0300835069155
 30
0.0
 11
85.1198442290124
 21
117.0300835069155
 31
0.0
  0
LINE
  5
B2
330
1F
100
AcDbEntity
  8
VISIBLE
100
AcDbLine
 10
85.2398442290124
 20
117.0300835069155
 30
0.0
 11
85.6198442290124
 21
117.0300835069155
 31
0.0
  0
LINE
  5
B3
330
1F
100
AcDbEntity
  8
VISIBLE
100
AcDbLine
 10
66.2298442290124
 20
117.0300835069155
 30
0.0
 11
66.2298442290124
 21
109.8300835069155
 31
0.0
  0
LINE
  5
B4
330
1F
100
AcDbEntity
  8
VISIBLE
100
AcDbLine
 10
66.70484422901241
 20
111.3800835069155
 30
0.0
 11
66.70484422901241
 21
111.2600835069155
 31
0.0
  0
LINE
  5
B5
330
1F
100
AcDbEntity
  8
VISIBLE
100
AcDbLine
 10
66.95484422901241
 20
111.2600835069155
 30
0.0
 11
66.95484422901241
 21
111.3800835069155
 31
0.0
  0
LINE
  5
B6
330
1F
100
AcDbEntity
  8
VISIBLE
100
AcDbLine
 10
66.70484422901241
 20
111.2600835069155
 30
0.0
 11
66.70484422901241
 21
109.4600835069155
 31
0.0
  0
LINE
  5
B7
330
1F
100
AcDbEntity
  8
VISIBLE
100
AcDbLine
 10
66.95484422901241
 20
109.4600835069155
 30
0.0
 11
66.95484422901241
 21
111.2600835069155
 31
0.0
  0
LINE
  5
B8
330
1F
100
AcDbEntity
  8
VISIBLE
100
AcDbLine
 10
70.6198442290124
 20
116.9307941850326
 30
0.0
 11
70.6198442290124
 21
116.8100835069153
 31
0.0
  0
LINE
  5
B9
330
1F
100
AcDbEntity
  8
VISIBLE
100
AcDbLine
 10
68.2398442290124
 20
117.0300835069155
 30
0.0
 11
68.61984422901241
 21
117.0300835069155
 31
0.0
  0
LINE
  5
BA
330
1F
100
AcDbEntity
  8
VISIBLE
100
AcDbLine
 10
70.7398442290124
 20
116.8100835069155
 30
0.0
 11
70.7398442290124
 21
116.9307941850328
 31
0.0
  0
LINE
  5
BB
330
1F
100
AcDbEntity
  8
VISIBLE
100
AcDbLine
 10
80.6198442290124
 20
116.9307941850326
 30
0.0
 11
80.6198442290124
 21
116.8100835069153
 31
0.0
  0
LINE
  5
BC
330
1F
100
AcDbEntity
  8
VISIBLE
100
AcDbLine
 10
80.7398442290124
 20
116.8100835069155
 30
0.0
 11
80.6198442290124
 21
116.8100835069153
 31
0.0
  0
LINE
  5
BD
330
1F
100
AcDbEntity
  8
VISIBLE
100
AcDbLine
 10
77.4898442290124
 20
109.1600835069155
 30
0.0
 11
77.4898442290124
 21
109.8298059431416
 31
0.0
  0
LINE
  5
BE
330
1F
100
AcDbEntity
  8
VISIBLE
100
AcDbLine
 10
72.9898442290124
 20
109.1600835069155
 30
0.0
 11
72.8698442290124
 21
109.1600835069155
 31
0.0
  0
LINE
  5
BF
330
1F
100
AcDbEntity
  8
VISIBLE
100
AcDbLine
 10
72.9898442290124
 20
109.1600835069155
 30
0.0
 11
72.9898442290124
 21
109.8298059431416
 31
0.0
  0
LINE
  5
C0
330
1F
100
AcDbEntity
  8
TANGENT_LINES
100
AcDbLine
 10
72.9898442290124
 20
109.8298059431416
 30
0.0
 11
72.8698442290124
 21
109.8298059431412
 31
0.0
  0
LINE
  5
C1
330
1F
100
AcDbEntity
  8
VISIBLE
100
AcDbLine
 10
72.7398442290124
 20
117.0015048631535
 30
0.0
 11
72.7398442290124
 21
117.5600835069155
 31
0.0
  0
LINE
  5
C2
330
1F
100
AcDbEntity
  8
TANGENT_LINES
100
AcDbLine
 10
75.4898442290124
 20
109.8298059431416
 30
0.0
 11
75.3698442290124
 21
109.8298059431412
 31
0.0
  0
LINE
  5
C3
330
1F
100
AcDbEntity
  8
TANGENT_LINES
100
AcDbLine
 10
77.3698442290124
 20
109.8852759627658
 30
0.0
 11
77.4898442290124
 21
109.8852759627655
 31
0.0
  0
LINE
  5
C4
330
1F
100
AcDbEntity
  8
VISIBLE
100
AcDbLine
 10
77.3698442290124
 20
109.8298059431412
 30
0.0
 11
77.3698442290124
 21
109.1600835069155
 31
0.0
  0
LINE
  5
C5
330
1F
100
AcDbEntity
  8
VISIBLE
100
AcDbLine
 10
80.4898442290124
 20
109.1600835069155
 30
0.0
 11
80.3698442290124
 21
109.1600835069155
 31
0.0
  0
LINE
  5
C6
330
1F
100
AcDbEntity
  8
VISIBLE
100
AcDbLine
 10
70.9898442290124
 20
109.1600835069155
 30
0.0
 11
70.8698442290124
 21
109.1600835069155
 31
0.0
  0
LINE
  5
C7
330
1F
100
AcDbEntity
  8
VISIBLE
100
AcDbLine
 10
80.1198442290124
 20
117.5600835069155
 30
0.0
 11
80.1198442290124
 21
117.0015048631535
 31
0.0
  0
LINE
  5
C8
330
1F
100
AcDbEntity
  8
VISIBLE
100
AcDbLine
 10
85.9898442290124
 20
109.1600835069155
 30
0.0
 11
85.8698442290124
 21
109.1600835069155
 31
0.0
  0
LINE
  5
C9
330
1F
100
AcDbEntity
  8
TANGENT_LINES
100
AcDbLine
 10
77.9898442290124
 20
109.8298059431416
 30
0.0
 11
77.8698442290124
 21
109.8298059431412
 31
0.0
  0
LINE
  5
CA
330
1F
100
AcDbEntity
  8
VISIBLE
100
AcDbLine
 10
71.4898442290124
 20
109.1600835069155
 30
0.0
 11
71.3698442290124
 21
109.1600835069155
 31
0.0
  0
LINE
  5
CB
330
1F
100
AcDbEntity
  8
TANGENT_LINES
100
AcDbLine
 10
71.4898442290124
 20
109.8298059431416
 30
0.0
 11
71.3698442290124
 21
109.8298059431412
 31
0.0
  0
LINE
  5
CC
330
1F
100
AcDbEntity
  8
TANGENT_LINES
100
AcDbLine
 10
79.9898442290124
 20
109.8298059431416
 30
0.0
 11
79.86984422901241
 21
109.8298059431412
 31
0.0
  0
LINE
  5
CD
330
1F
100
AcDbEntity
  8
VISIBLE
100
AcDbLine
 10
68.9898442290124
 20
109.1600835069155
 30
0.0
 11
68.86984422901241
 21
109.1600835069155
 31
0.0
  0
LINE
  5
CE
330
1F
100
AcDbEntity
  8
VISIBLE
100
AcDbLine
 10
74.4898442290124
 20
109.1600835069155
 30
0.0
 11
74.3698442290124
 21
109.1600835069155
 31
0.0
  0
LINE
  5
CF
330
1F
100
AcDbEntity
  8
VISIBLE
100
AcDbLine
 10
74.4898442290124
 20
109.1600835069155
 30
0.0
 11
74.4898442290124
 21
109.8298059431416
 31
0.0
  0
LINE
  5
D0
330
1F
100
AcDbEntity
  8
VISIBLE
100
AcDbLine
 10
76.4898442290124
 20
109.1600835069155
 30
0.0
 11
76.4898442290124
 21
109.8298059431416
 31
0.0
  0
LINE
  5
D1
330
1F
100
AcDbEntity
  8
TANGENT_LINES
100
AcDbLine
 10
76.4898442290124
 20
109.8298059431416
 30
0.0
 11
76.36984422901241
 21
109.8298059431412
 31
0.0
  0
LINE
  5
D2
330
1F
100
AcDbEntity
  8
VISIBLE
100
AcDbLine
 10
69.8698442290124
 20
109.8298059431412
 30
0.0
 11
69.8698442290124
 21
109.1600835069155
 31
0.0
  0
LINE
  5
D3
330
1F
100
AcDbEntity
  8
VISIBLE
100
AcDbLine
 10
69.9898442290124
 20
109.1600835069155
 30
0.0
 11
69.9898442290124
 21
109.8298059431416
 31
0.0
  0
LINE
  5
D4
330
1F
100
AcDbEntity
  8
TANGENT_LINES
100
AcDbLine
 10
77.6198442290124
 20
117.0015048631535
 30
0.0
 11
77.7398442290124
 21
117.0015048631535
 31
0.0
  0
LINE
  5
D5
330
1F
100
AcDbEntity
  8
VISIBLE
100
AcDbLine
 10
84.36984422901241
 20
109.8298059431412
 30
0.0
 11
84.36984422901241
 21
109.1600835069155
 31
0.0
  0
LINE
  5
D6
330
1F
100
AcDbEntity
  8
VISIBLE
100
AcDbLine
 10
75.4898442290124
 20
109.1600835069155
 30
0.0
 11
75.3698442290124
 21
109.1600835069155
 31
0.0
  0
LINE
  5
D7
330
1F
100
AcDbEntity
  8
TANGENT_LINES
100
AcDbLine
 10
72.8698442290124
 20
109.8852759627658
 30
0.0
 11
72.9898442290124
 21
109.8852759627655
 31
0.0
  0
LINE
  5
D8
330
1F
100
AcDbEntity
  8
VISIBLE
100
AcDbLine
 10
75.4898442290124
 20
109.1600835069155
 30
0.0
 11
75.4898442290124
 21
109.8298059431416
 31
0.0
  0
LINE
  5
D9
330
1F
100
AcDbEntity
  8
VISIBLE
100
AcDbLine
 10
73.1198442290124
 20
117.5600835069155
 30
0.0
 11
73.1198442290124
 21
117.0015048631535
 31
0.0
  0
LINE
  5
DA
330
1F
100
AcDbEntity
  8
TANGENT_LINES
100
AcDbLine
 10
84.36984422901241
 20
109.8852759627658
 30
0.0
 11
84.4898442290124
 21
109.8852759627655
 31
0.0
  0
LINE
  5
DB
330
1F
100
AcDbEntity
  8
TANGENT_LINES
100
AcDbLine
 10
78.3698442290124
 20
109.8852759627658
 30
0.0
 11
78.4898442290124
 21
109.8852759627655
 31
0.0
  0
LINE
  5
DC
330
1F
100
AcDbEntity
  8
VISIBLE
100
AcDbLine
 10
71.8698442290124
 20
109.8298059431412
 30
0.0
 11
71.8698442290124
 21
109.1600835069155
 31
0.0
  0
LINE
  5
DD
330
1F
100
AcDbEntity
  8
TANGENT_LINES
100
AcDbLine
 10
69.3698442290124
 20
109.8852759627658
 30
0.0
 11
69.4898442290124
 21
109.8852759627655
 31
0.0
  0
LINE
  5
DE
330
1F
100
AcDbEntity
  8
VISIBLE
100
AcDbLine
 10
80.4898442290124
 20
109.1600835069155
 30
0.0
 11
80.4898442290124
 21
109.8298059431416
 31
0.0
  0
LINE
  5
DF
330
1F
100
AcDbEntity
  8
VISIBLE
100
AcDbLine
 10
73.4898442290124
 20
109.1600835069155
 30
0.0
 11
73.4898442290124
 21
109.8298059431416
 31
0.0
  0
LINE
  5
E0
330
1F
100
AcDbEntity
  8
VISIBLE
100
AcDbLine
 10
74.9898442290124
 20
109.1600835069155
 30
0.0
 11
74.8698442290124
 21
109.1600835069155
 31
0.0
  0
LINE
  5
E1
330
1F
100
AcDbEntity
  8
VISIBLE
100
AcDbLine
 10
74.9898442290124
 20
109.1600835069155
 30
0.0
 11
74.9898442290124
 21
109.8298059431416
 31
0.0
  0
LINE
  5
E2
330
1F
100
AcDbEntity
  8
TANGENT_LINES
100
AcDbLine
 10
74.9898442290124
 20
109.8298059431416
 30
0.0
 11
74.8698442290124
 21
109.8298059431412
 31
0.0
  0
LINE
  5
E3
330
1F
100
AcDbEntity
  8
VISIBLE
100
AcDbLine
 10
81.3698442290124
 20
109.8298059431412
 30
0.0
 11
81.3698442290124
 21
109.1600835069155
 31
0.0
  0
LINE
  5
E4
330
1F
100
AcDbEntity
  8
VISIBLE
100
AcDbLine
 10
67.9898442290124
 20
109.1600835069155
 30
0.0
 11
67.8698442290124
 21
109.1600835069155
 31
0.0
  0
LINE
  5
E5
330
1F
100
AcDbEntity
  8
TANGENT_LINES
100
AcDbLine
 10
75.9898442290124
 20
109.8298059431416
 30
0.0
 11
75.86984422901241
 21
109.8298059431412
 31
0.0
  0
LINE
  5
E6
330
1F
100
AcDbEntity
  8
TANGENT_LINES
100
AcDbLine
 10
80.8698442290124
 20
109.8852759627658
 30
0.0
 11
80.9898442290124
 21
109.8852759627655
 31
0.0
  0
LINE
  5
E7
330
1F
100
AcDbEntity
  8
TANGENT_LINES
100
AcDbLine
 10
81.4898442290124
 20
109.8298059431416
 30
0.0
 11
81.3698442290124
 21
109.8298059431412
 31
0.0
  0
LINE
  5
E8
330
1F
100
AcDbEntity
  8
VISIBLE
100
AcDbLine
 10
78.2398442290124
 20
117.0015048631535
 30
0.0
 11
78.2398442290124
 21
117.5600835069155
 31
0.0
  0
LINE
  5
E9
330
1F
100
AcDbEntity
  8
TANGENT_LINES
100
AcDbLine
 10
85.3698442290124
 20
109.8852759627658
 30
0.0
 11
85.4898442290124
 21
109.8852759627655
 31
0.0
  0
LINE
  5
EA
330
1F
100
AcDbEntity
  8
VISIBLE
100
AcDbLine
 10
78.4898442290124
 20
109.1600835069155
 30
0.0
 11
78.3698442290124
 21
109.1600835069155
 31
0.0
  0
LINE
  5
EB
330
1F
100
AcDbEntity
  8
TANGENT_LINES
100
AcDbLine
 10
86.4898442290124
 20
109.8298059431416
 30
0.0
 11
86.3698442290124
 21
109.8298059431412
 31
0.0
  0
LINE
  5
EC
330
1F
100
AcDbEntity
  8
VISIBLE
100
AcDbLine
 10
79.9898442290124
 20
109.1600835069155
 30
0.0
 11
79.86984422901241
 21
109.1600835069155
 31
0.0
  0
LINE
  5
ED
330
1F
100
AcDbEntity
  8
VISIBLE
100
AcDbLine
 10
74.3698442290124
 20
109.8298059431412
 30
0.0
 11
74.3698442290124
 21
109.1600835069155
 31
0.0
  0
LINE
  5
EE
330
1F
100
AcDbEntity
  8
TANGENT_LINES
100
AcDbLine
 10
85.7398442290124
 20
116.9307941850328
 30
0.0
 11
85.6198442290124
 21
116.9307941850326
 31
0.0
  0
LINE
  5
EF
330
1F
100
AcDbEntity
  8
VISIBLE
100
AcDbLine
 10
79.4898442290124
 20
109.1600835069155
 30
0.0
 11
79.4898442290124
 21
109.8298059431416
 31
0.0
  0
LINE
  5
F0
330
1F
100
AcDbEntity
  8
VISIBLE
100
AcDbLine
 10
74.4898442290124
 20
109.8852759627655
 30
0.0
 11
74.4898442290124
 21
110.0850835069155
 31
0.0
  0
LINE
  5
F1
330
1F
100
AcDbEntity
  8
VISIBLE
100
AcDbLine
 10
68.2398442290124
 20
116.8100835069155
 30
0.0
 11
68.2398442290124
 21
116.9307941850328
 31
0.0
  0
LINE
  5
F2
330
1F
100
AcDbEntity
  8
VISIBLE
100
AcDbLine
 10
77.7398442290124
 20
116.8100835069155
 30
0.0
 11
77.6198442290124
 21
116.8100835069153
 31
0.0
  0
LINE
  5
F3
330
1F
100
AcDbEntity
  8
VISIBLE
100
AcDbLine
 10
66.70484422901241
 20
111.2600835069155
 30
0.0
 11
66.95484422901241
 21
111.2600835069155
 31
0.0
  0
LINE
  5
F4
330
1F
100
AcDbEntity
  8
VISIBLE
100
AcDbLine
 10
85.9898442290124
 20
109.1600835069155
 30
0.0
 11
85.9898442290124
 21
109.8298059431416
 31
0.0
  0
LINE
  5
F5
330
1F
100
AcDbEntity
  8
VISIBLE
100
AcDbLine
 10
70.4898442290124
 20
109.1600835069155
 30
0.0
 11
70.3698442290124
 21
109.1600835069155
 31
0.0
  0
LINE
  5
F6
330
1F
100
AcDbEntity
  8
VISIBLE
100
AcDbLine
 10
74.8698442290124
 20
109.8298059431412
 30
0.0
 11
74.8698442290124
 21
109.1600835069155
 31
0.0
  0
LINE
  5
F7
330
1F
100
AcDbEntity
  8
VISIBLE
100
AcDbLine
 10
79.2398442290124
 20
117.0015048631535
 30
0.0
 11
79.2398442290124
 21
117.5600835069155
 31
0.0
  0
LINE
  5
F8
330
1F
100
AcDbEntity
  8
VISIBLE
100
AcDbLine
 10
82.2398442290124
 20
116.8100835069155
 30
0.0
 11
82.2398442290124
 21
116.9307941850328
 31
0.0
  0
LINE
  5
F9
330
1F
100
AcDbEntity
  8
VISIBLE
100
AcDbLine
 10
70.4898442290124
 20
109.1600835069155
 30
0.0
 11
70.4898442290124
 21
109.8298059431416
 31
0.0
  0
LINE
  5
FA
330
1F
100
AcDbEntity
  8
VISIBLE
100
AcDbLine
 10
85.2398442290124
 20
117.0015048631535
 30
0.0
 11
85.2398442290124
 21
117.5600835069155
 31
0.0
  0
LINE
  5
FB
330
1F
100
AcDbEntity
  8
VISIBLE
100
AcDbLine
 10
67.8698442290124
 20
110.0850835069155
 30
0.0
 11
67.8698442290124
 21
109.8852759627675
 31
0.0
  0
LINE
  5
FC
330
1F
100
AcDbEntity
  8
VISIBLE
100
AcDbLine
 10
73.2398442290124
 20
116.8100835069155
 30
0.0
 11
73.2398442290124
 21
116.9307941850328
 31
0.0
  0
LINE
  5
FD
330
1F
100
AcDbEntity
  8
VISIBLE
100
AcDbLine
 10
75.86984422901241
 20
110.0850835069155
 30
0.0
 11
75.86984422901241
 21
109.8852759627658
 31
0.0
  0
LINE
  5
FE
330
1F
100
AcDbEntity
  8
VISIBLE
100
AcDbLine
 10
69.3698442290124
 20
109.8298059431412
 30
0.0
 11
69.3698442290124
 21
109.1600835069155
 31
0.0
  0
LINE
  5
FF
330
1F
100
AcDbEntity
  8
VISIBLE
100
AcDbLine
 10
69.4898442290124
 20
109.1600835069155
 30
0.0
 11
69.3698442290124
 21
109.1600835069155
 31
0.0
  0
LINE
  5
100
330
1F
100
AcDbEntity
  8
VISIBLE
100
AcDbLine
 10
74.1198442290124
 20
117.5600835069155
 30
0.0
 11
74.2398442290124
 21
117.5600835069155
 31
0.0
  0
LINE
  5
101
330
1F
100
AcDbEntity
  8
TANGENT_LINES
100
AcDbLine
 10
78.8698442290124
 20
109.8852759627658
 30
0.0
 11
78.9898442290124
 21
109.8852759627655
 31
0.0
  0
LINE
  5
102
330
1F
100
AcDbEntity
  8
VISIBLE
100
AcDbLine
 10
87.40484422901241
 20
109.4600835069155
 30
0.0
 11
87.65484422901241
 21
109.4600835069155
 31
0.0
  0
LINE
  5
103
330
1F
100
AcDbEntity
  8
VISIBLE
100
AcDbLine
 10
74.2398442290124
 20
116.8100835069155
 30
0.0
 11
74.2398442290124
 21
116.9307941850328
 31
0.0
  0
LINE
  5
104
330
1F
100
AcDbEntity
  8
TANGENT_LINES
100
AcDbLine
 10
84.9898442290124
 20
109.8298059431416
 30
0.0
 11
84.86984422901241
 21
109.8298059431412
 31
0.0
  0
LINE
  5
105
330
1F
100
AcDbEntity
  8
TANGENT_LINES
100
AcDbLine
 10
77.4898442290124
 20
109.8298059431416
 30
0.0
 11
77.3698442290124
 21
109.8298059431412
 31
0.0
  0
LINE
  5
106
330
1F
100
AcDbEntity
  8
VISIBLE
100
AcDbLine
 10
78.3698442290124
 20
109.8298059431412
 30
0.0
 11
78.3698442290124
 21
109.1600835069155
 31
0.0
  0
LINE
  5
107
330
1F
100
AcDbEntity
  8
VISIBLE
100
AcDbLine
 10
78.9898442290124
 20
109.1600835069155
 30
0.0
 11
78.8698442290124
 21
109.1600835069155
 31
0.0
  0
LINE
  5
108
330
1F
100
AcDbEntity
  8
VISIBLE
100
AcDbLine
 10
87.65484422901241
 20
109.4600835069155
 30
0.0
 11
87.65484422901241
 21
111.2600835069155
 31
0.0
  0
LINE
  5
109
330
1F
100
AcDbEntity
  8
VISIBLE
100
AcDbLine
 10
80.3698442290124
 20
109.8298059431412
 30
0.0
 11
80.3698442290124
 21
109.1600835069155
 31
0.0
  0
LINE
  5
10A
330
1F
100
AcDbEntity
  8
VISIBLE
100
AcDbLine
 10
68.61984422901241
 20
117.5600835069155
 30
0.0
 11
68.61984422901241
 21
117.0015048631535
 31
0.0
  0
LINE
  5
10B
330
1F
100
AcDbEntity
  8
VISIBLE
100
AcDbLine
 10
69.8698442290124
 20
110.0850835069155
 30
0.0
 11
69.9898442290124
 21
110.0850835069155
 31
0.0
  0
LINE
  5
10C
330
1F
100
AcDbEntity
  8
VISIBLE
100
AcDbLine
 10
79.4898442290124
 20
109.1600835069155
 30
0.0
 11
79.3698442290124
 21
109.1600835069155
 31
0.0
  0
LINE
  5
10D
330
1F
100
AcDbEntity
  8
TANGENT_LINES
100
AcDbLine
 10
69.2398442290124
 20
116.9307941850328
 30
0.0
 11
69.11984422901241
 21
116.9307941850326
 31
0.0
  0
LINE
  5
10E
330
1F
100
AcDbEntity
  8
VISIBLE
100
AcDbLine
 10
73.9898442290124
 20
109.1600835069155
 30
0.0
 11
73.9898442290124
 21
109.8298059431416
 31
0.0
  0
LINE
  5
10F
330
1F
100
AcDbEntity
  8
TANGENT_LINES
100
AcDbLine
 10
79.4898442290124
 20
109.8298059431416
 30
0.0
 11
79.3698442290124
 21
109.8298059431412
 31
0.0
  0
LINE
  5
110
330
1F
100
AcDbEntity
  8
TANGENT_LINES
100
AcDbLine
 10
70.9898442290124
 20
109.8298059431416
 30
0.0
 11
70.8698442290124
 21
109.8298059431412
 31
0.0
  0
LINE
  5
111
330
1F
100
AcDbEntity
  8
VISIBLE
100
AcDbLine
 10
85.3698442290124
 20
109.8298059431412
 30
0.0
 11
85.3698442290124
 21
109.1600835069155
 31
0.0
  0
LINE
  5
112
330
1F
100
AcDbEntity
  8
TANGENT_LINES
100
AcDbLine
 10
74.4898442290124
 20
109.8298059431416
 30
0.0
 11
74.3698442290124
 21
109.8298059431412
 31
0.0
  0
LINE
  5
113
330
1F
100
AcDbEntity
  8
TANGENT_LINES
100
AcDbLine
 10
73.9898442290124
 20
109.8298059431416
 30
0.0
 11
73.8698442290124
 21
109.8298059431412
 31
0.0
  0
LINE
  5
114
330
1F
100
AcDbEntity
  8
VISIBLE
100
AcDbLine
 10
85.8698442290124
 20
109.8298059431412
 30
0.0
 11
85.8698442290124
 21
109.1600835069155
 31
0.0
  0
LINE
  5
115
330
1F
100
AcDbEntity
  8
VISIBLE
100
AcDbLine
 10
71.7398442290124
 20
116.8100835069155
 30
0.0
 11
71.6198442290124
 21
116.8100835069153
 31
0.0
  0
LINE
  5
116
330
1F
100
AcDbEntity
  8
VISIBLE
100
AcDbLine
 10
81.9898442290124
 20
109.1600835069155
 30
0.0
 11
81.86984422901241
 21
109.1600835069155
 31
0.0
  0
LINE
  5
117
330
1F
100
AcDbEntity
  8
TANGENT_LINES
100
AcDbLine
 10
73.6198442290124
 20
117.0015048631535
 30
0.0
 11
73.7398442290124
 21
117.0015048631535
 31
0.0
  0
LINE
  5
118
330
1F
100
AcDbEntity
  8
VISIBLE
100
AcDbLine
 10
69.9898442290124
 20
109.1600835069155
 30
0.0
 11
69.8698442290124
 21
109.1600835069155
 31
0.0
  0
LINE
  5
119
330
1F
100
AcDbEntity
  8
VISIBLE
100
AcDbLine
 10
75.9898442290124
 20
109.1600835069155
 30
0.0
 11
75.86984422901241
 21
109.1600835069155
 31
0.0
  0
LINE
  5
11A
330
1F
100
AcDbEntity
  8
VISIBLE
100
AcDbLine
 10
70.7398442290124
 20
116.8100835069155
 30
0.0
 11
70.6198442290124
 21
116.8100835069153
 31
0.0
  0
LINE
  5
11B
330
1F
100
AcDbEntity
  8
TANGENT_LINES
100
AcDbLine
 10
76.6198442290124
 20
117.0015048631535
 30
0.0
 11
76.7398442290124
 21
117.0015048631535
 31
0.0
  0
LINE
  5
11C
330
1F
100
AcDbEntity
  8
VISIBLE
100
AcDbLine
 10
80.7398442290124
 20
116.8100835069155
 30
0.0
 11
80.7398442290124
 21
116.9307941850328
 31
0.0
  0
LINE
  5
11D
330
1F
100
AcDbEntity
  8
TANGENT_LINES
100
AcDbLine
 10
80.4898442290124
 20
109.8298059431416
 30
0.0
 11
80.3698442290124
 21
109.8298059431412
 31
0.0
  0
LINE
  5
11E
330
1F
100
AcDbEntity
  8
VISIBLE
100
AcDbLine
 10
74.6198442290124
 20
117.5600835069155
 30
0.0
 11
74.7398442290124
 21
117.5600835069155
 31
0.0
  0
LINE
  5
11F
330
1F
100
AcDbEntity
  8
TANGENT_LINES
100
AcDbLine
 10
68.4898442290124
 20
109.8298059431416
 30
0.0
 11
68.36984422901241
 21
109.8298059431412
 31
0.0
  0
LINE
  5
120
330
1F
100
AcDbEntity
  8
VISIBLE
100
AcDbLine
 10
72.4898442290124
 20
109.1600835069155
 30
0.0
 11
72.3698442290124
 21
109.1600835069155
 31
0.0
  0
LINE
  5
121
330
1F
100
AcDbEntity
  8
VISIBLE
100
AcDbLine
 10
71.7398442290124
 20
117.0015048631535
 30
0.0
 11
71.7398442290124
 21
117.5600835069155
 31
0.0
  0
LINE
  5
122
330
1F
100
AcDbEntity
  8
TANGENT_LINES
100
AcDbLine
 10
84.4898442290124
 20
109.8298059431416
 30
0.0
 11
84.36984422901241
 21
109.8298059431412
 31
0.0
  0
LINE
  5
123
330
1F
100
AcDbEntity
  8
TANGENT_LINES
100
AcDbLine
 10
70.2398442290124
 20
116.9307941850328
 30
0.0
 11
70.1198442290124
 21
116.9307941850326
 31
0.0
  0
LINE
  5
124
330
1F
100
AcDbEntity
  8
VISIBLE
100
AcDbLine
 10
72.3698442290124
 20
110.0850835069155
 30
0.0
 11
72.3698442290124
 21
109.8852759627658
 31
0.0
  0
LINE
  5
125
330
1F
100
AcDbEntity
  8
TANGENT_LINES
100
AcDbLine
 10
71.6198442290124
 20
117.0015048631535
 30
0.0
 11
71.7398442290124
 21
117.0015048631535
 31
0.0
  0
LINE
  5
126
330
1F
100
AcDbEntity
  8
TANGENT_LINES
100
AcDbLine
 10
72.2398442290124
 20
116.9307941850328
 30
0.0
 11
72.1198442290124
 21
116.9307941850326
 31
0.0
  0
LINE
  5
127
330
1F
100
AcDbEntity
  8
VISIBLE
100
AcDbLine
 10
67.9898442290124
 20
109.1600835069155
 30
0.0
 11
67.9898442290124
 21
109.8298059431416
 31
0.0
  0
LINE
  5
128
330
1F
100
AcDbEntity
  8
VISIBLE
100
AcDbLine
 10
75.6198442290124
 20
116.9307941850326
 30
0.0
 11
75.6198442290124
 21
116.8100835069153
 31
0.0
  0
LINE
  5
129
330
1F
100
AcDbEntity
  8
VISIBLE
100
AcDbLine
 10
78.7398442290124
 20
117.0015048631535
 30
0.0
 11
78.7398442290124
 21
117.5600835069155
 31
0.0
  0
LINE
  5
12A
330
1F
100
AcDbEntity
  8
TANGENT_LINES
100
AcDbLine
 10
80.2398442290124
 20
116.9307941850328
 30
0.0
 11
80.1198442290124
 21
116.9307941850326
 31
0.0
  0
LINE
  5
12B
330
1F
100
AcDbEntity
  8
VISIBLE
100
AcDbLine
 10
80.2398442290124
 20
117.0300835069155
 30
0.0
 11
80.6198442290124
 21
117.0300835069155
 31
0.0
  0
LINE
  5
12C
330
1F
100
AcDbEntity
  8
TANGENT_LINES
100
AcDbLine
 10
76.11984422901241
 20
117.0015048631535
 30
0.0
 11
76.2398442290124
 21
117.0015048631535
 31
0.0
  0
LINE
  5
12D
330
1F
100
AcDbEntity
  8
VISIBLE
100
AcDbLine
 10
75.1198442290124
 20
117.5600835069155
 30
0.0
 11
75.1198442290124
 21
117.0015048631535
 31
0.0
  0
LINE
  5
12E
330
1F
100
AcDbEntity
  8
TANGENT_LINES
100
AcDbLine
 10
70.6198442290124
 20
117.0015048631535
 30
0.0
 11
70.7398442290124
 21
117.0015048631535
 31
0.0
  0
LINE
  5
12F
330
1F
100
AcDbEntity
  8
VISIBLE
100
AcDbLine
 10
80.2398442290124
 20
116.8100835069155
 30
0.0
 11
80.2398442290124
 21
116.9307941850328
 31
0.0
  0
LINE
  5
130
330
1F
100
AcDbEntity
  8
VISIBLE
100
AcDbLine
 10
86.4898442290124
 20
109.1600835069155
 30
0.0
 11
86.3698442290124
 21
109.1600835069155
 31
0.0
  0
LINE
  5
131
330
1F
100
AcDbEntity
  8
VISIBLE
100
AcDbLine
 10
81.1198442290124
 20
117.5600835069155
 30
0.0
 11
81.1198442290124
 21
117.0015048631535
 31
0.0
  0
LINE
  5
132
330
1F
100
AcDbEntity
  8
TANGENT_LINES
100
AcDbLine
 10
82.2398442290124
 20
116.9307941850328
 30
0.0
 11
82.11984422901241
 21
116.9307941850326
 31
0.0
  0
LINE
  5
133
330
1F
100
AcDbEntity
  8
TANGENT_LINES
100
AcDbLine
 10
68.61984422901241
 20
117.0015048631535
 30
0.0
 11
68.7398442290124
 21
117.0015048631535
 31
0.0
  0
LINE
  5
134
330
1F
100
AcDbEntity
  8
VISIBLE
100
AcDbLine
 10
77.7398442290124
 20
117.0300835069155
 30
0.0
 11
78.1198442290124
 21
117.0300835069155
 31
0.0
  0
LINE
  5
135
330
1F
100
AcDbEntity
  8
VISIBLE
100
AcDbLine
 10
72.1198442290124
 20
117.5600835069155
 30
0.0
 11
72.1198442290124
 21
117.0015048631535
 31
0.0
  0
LINE
  5
136
330
1F
100
AcDbEntity
  8
VISIBLE
100
AcDbLine
 10
85.6198442290124
 20
117.5600835069155
 30
0.0
 11
85.7398442290124
 21
117.5600835069155
 31
0.0
  0
LINE
  5
137
330
1F
100
AcDbEntity
  8
TANGENT_LINES
100
AcDbLine
 10
68.11984422901241
 20
117.0015048631535
 30
0.0
 11
68.2398442290124
 21
117.0015048631535
 31
0.0
  0
LINE
  5
138
330
1F
100
AcDbEntity
  8
VISIBLE
100
AcDbLine
 10
87.07984516513184
 20
115.3754736611136
 30
0.0
 11
87.07984385901096
 21
114.3446960475088
 31
0.0
  0
LINE
  5
139
330
1F
100
AcDbEntity
  8
VISIBLE
100
AcDbLine
 10
70.2398442290124
 20
117.0015048631535
 30
0.0
 11
70.2398442290124
 21
117.5600835069155
 31
0.0
  0
LINE
  5
13A
330
1F
100
AcDbEntity
  8
VISIBLE
100
AcDbLine
 10
76.2398442290124
 20
117.0015048631535
 30
0.0
 11
76.2398442290124
 21
117.5600835069155
 31
0.0
  0
LINE
  5
13B
330
1F
100
AcDbEntity
  8
VISIBLE
100
AcDbLine
 10
68.2398442290124
 20
116.8100835069155
 30
0.0
 11
68.11984422901241
 21
116.8100835069153
 31
0.0
  0
LINE
  5
13C
330
1F
100
AcDbEntity
  8
VISIBLE
100
AcDbLine
 10
71.2398442290124
 20
116.8100835069155
 30
0.0
 11
71.2398442290124
 21
116.9307941850328
 31
0.0
  0
LINE
  5
13D
330
1F
100
AcDbEntity
  8
VISIBLE
100
AcDbLine
 10
81.2398442290124
 20
117.0015048631535
 30
0.0
 11
81.2398442290124
 21
117.5600835069155
 31
0.0
  0
LINE
  5
13E
330
1F
100
AcDbEntity
  8
VISIBLE
100
AcDbLine
 10
70.1198442290124
 20
117.5600835069155
 30
0.0
 11
70.1198442290124
 21
117.0015048631535
 31
0.0
  0
LINE
  5
13F
330
1F
100
AcDbEntity
  8
VISIBLE
100
AcDbLine
 10
78.6198442290124
 20
117.5600835069155
 30
0.0
 11
78.7398442290124
 21
117.5600835069155
 31
0.0
  0
LINE
  5
140
330
1F
100
AcDbEntity
  8
VISIBLE
100
AcDbLine
 10
69.11984422901241
 20
117.5600835069155
 30
0.0
 11
69.2398442290124
 21
117.5600835069155
 31
0.0
  0
LINE
  5
141
330
1F
100
AcDbEntity
  8
TANGENT_LINES
100
AcDbLine
 10
70.3698442290124
 20
109.8852759627658
 30
0.0
 11
70.4898442290124
 21
109.8852759627655
 31
0.0
  0
LINE
  5
142
330
1F
100
AcDbEntity
  8
VISIBLE
100
AcDbLine
 10
80.6198442290124
 20
117.5600835069155
 30
0.0
 11
80.6198442290124
 21
117.0015048631535
 31
0.0
  0
LINE
  5
143
330
1F
100
AcDbEntity
  8
VISIBLE
100
AcDbLine
 10
85.4898442290124
 20
109.1600835069155
 30
0.0
 11
85.3698442290124
 21
109.1600835069155
 31
0.0
  0
LINE
  5
144
330
1F
100
AcDbEntity
  8
VISIBLE
100
AcDbLine
 10
70.8698442290124
 20
109.8298059431412
 30
0.0
 11
70.8698442290124
 21
109.1600835069155
 31
0.0
  0
LINE
  5
145
330
1F
100
AcDbEntity
  8
VISIBLE
100
AcDbLine
 10
71.1198442290124
 20
117.5600835069155
 30
0.0
 11
71.1198442290124
 21
117.0015048631535
 31
0.0
  0
LINE
  5
146
330
1F
100
AcDbEntity
  8
VISIBLE
100
AcDbLine
 10
69.6198442290124
 20
117.5600835069155
 30
0.0
 11
69.7398442290124
 21
117.5600835069155
 31
0.0
  0
LINE
  5
147
330
1F
100
AcDbEntity
  8
VISIBLE
100
AcDbLine
 10
75.2398442290124
 20
116.8100835069155
 30
0.0
 11
75.1198442290124
 21
116.8100835069153
 31
0.0
  0
LINE
  5
148
330
1F
100
AcDbEntity
  8
VISIBLE
100
AcDbLine
 10
84.7398442290124
 20
117.0015048631535
 30
0.0
 11
84.7398442290124
 21
117.5600835069155
 31
0.0
  0
LINE
  5
149
330
1F
100
AcDbEntity
  8
VISIBLE
100
AcDbLine
 10
85.2398442290124
 20
116.8100835069155
 30
0.0
 11
85.2398442290124
 21
116.9307941850328
 31
0.0
  0
LINE
  5
14A
330
1F
100
AcDbEntity
  8
VISIBLE
100
AcDbLine
 10
79.86984422901241
 20
110.0850835069155
 30
0.0
 11
79.9898442290124
 21
110.0850835069155
 31
0.0
  0
LINE
  5
14B
330
1F
100
AcDbEntity
  8
VISIBLE
100
AcDbLine
 10
68.61984422901241
 20
117.5600835069155
 30
0.0
 11
68.7398442290124
 21
117.5600835069155
 31
0.0
  0
LINE
  5
14C
330
1F
100
AcDbEntity
  8
VISIBLE
100
AcDbLine
 10
75.2398442290124
 20
117.0015048631535
 30
0.0
 11
75.2398442290124
 21
117.5600835069155
 31
0.0
  0
LINE
  5
14D
330
1F
100
AcDbEntity
  8
VISIBLE
100
AcDbLine
 10
78.3698442290124
 20
110.0850835069155
 30
0.0
 11
78.4898442290124
 21
110.0850835069155
 31
0.0
  0
LINE
  5
14E
330
1F
100
AcDbEntity
  8
VISIBLE
100
AcDbLine
 10
74.7398442290124
 20
117.0015048631535
 30
0.0
 11
74.7398442290124
 21
117.5600835069155
 31
0.0
  0
LINE
  5
14F
330
1F
100
AcDbEntity
  8
VISIBLE
100
AcDbLine
 10
74.1198442290124
 20
117.5600835069155
 30
0.0
 11
74.1198442290124
 21
117.0015048631535
 31
0.0
  0
LINE
  5
150
330
1F
100
AcDbEntity
  8
VISIBLE
100
AcDbLine
 10
79.1198442290124
 20
117.5600835069155
 30
0.0
 11
79.2398442290124
 21
117.5600835069155
 31
0.0
  0
LINE
  5
151
330
1F
100
AcDbEntity
  8
TANGENT_LINES
100
AcDbLine
 10
85.1198442290124
 20
117.0015048631535
 30
0.0
 11
85.2398442290124
 21
117.0015048631535
 31
0.0
  0
LINE
  5
152
330
1F
100
AcDbEntity
  8
TANGENT_LINES
100
AcDbLine
 10
81.1198442290124
 20
117.0015048631535
 30
0.0
 11
81.2398442290124
 21
117.0015048631535
 31
0.0
  0
LINE
  5
153
330
1F
100
AcDbEntity
  8
VISIBLE
100
AcDbLine
 10
80.8698442290124
 20
110.0850835069155
 30
0.0
 11
80.8698442290124
 21
109.8852759627658
 31
0.0
  0
LINE
  5
154
330
1F
100
AcDbEntity
  8
VISIBLE
100
AcDbLine
 10
71.1198442290124
 20
117.5600835069155
 30
0.0
 11
71.2398442290124
 21
117.5600835069155
 31
0.0
  0
LINE
  5
155
330
1F
100
AcDbEntity
  8
VISIBLE
100
AcDbLine
 10
78.8698442290124
 20
110.0850835069155
 30
0.0
 11
78.9898442290124
 21
110.0850835069155
 31
0.0
  0
LINE
  5
156
330
1F
100
AcDbEntity
  8
TANGENT_LINES
100
AcDbLine
 10
73.1198442290124
 20
117.0015048631535
 30
0.0
 11
73.2398442290124
 21
117.0015048631535
 31
0.0
  0
LINE
  5
157
330
1F
100
AcDbEntity
  8
VISIBLE
100
AcDbLine
 10
75.6198442290124
 20
117.5600835069155
 30
0.0
 11
75.7398442290124
 21
117.5600835069155
 31
0.0
  0
LINE
  5
158
330
1F
100
AcDbEntity
  8
VISIBLE
100
AcDbLine
 10
79.86984422901241
 20
109.8298059431412
 30
0.0
 11
79.86984422901241
 21
109.1600835069155
 31
0.0
  0
LINE
  5
159
330
1F
100
AcDbEntity
  8
VISIBLE
100
AcDbLine
 10
76.9898442290124
 20
109.1600835069155
 30
0.0
 11
76.9898442290124
 21
109.8298059431416
 31
0.0
  0
LINE
  5
15A
330
1F
100
AcDbEntity
  8
VISIBLE
100
AcDbLine
 10
67.27984420895042
 20
114.6039091809675
 30
0.0
 11
67.27984408967842
 21
115.1162556066405
 31
0.0
  0
LINE
  5
15B
330
1F
100
AcDbEntity
  8
VISIBLE
100
AcDbLine
 10
76.11984422901241
 20
117.5600835069155
 30
0.0
 11
76.2398442290124
 21
117.5600835069155
 31
0.0
  0
LINE
  5
15C
330
1F
100
AcDbEntity
  8
VISIBLE
100
AcDbLine
 10
70.1198442290124
 20
117.5600835069155
 30
0.0
 11
70.2398442290124
 21
117.5600835069155
 31
0.0
  0
LINE
  5
15D
330
1F
100
AcDbEntity
  8
TANGENT_LINES
100
AcDbLine
 10
70.1198442290124
 20
117.0015048631535
 30
0.0
 11
70.2398442290124
 21
117.0015048631535
 31
0.0
  0
LINE
  5
15E
330
1F
100
AcDbEntity
  8
VISIBLE
100
AcDbLine
 10
68.9898442290124
 20
109.1600835069155
 30
0.0
 11
68.9898442290124
 21
109.8298059431416
 31
0.0
  0
LINE
  5
15F
330
1F
100
AcDbEntity
  8
TANGENT_LINES
100
AcDbLine
 10
79.6198442290124
 20
117.0015048631535
 30
0.0
 11
79.7398442290124
 21
117.0015048631535
 31
0.0
  0
LINE
  5
160
330
1F
100
AcDbEntity
  8
VISIBLE
100
AcDbLine
 10
69.8698442290124
 20
110.0850835069155
 30
0.0
 11
69.8698442290124
 21
109.8852759627658
 31
0.0
  0
LINE
  5
161
330
1F
100
AcDbEntity
  8
VISIBLE
100
AcDbLine
 10
68.7398442290124
 20
117.0015048631535
 30
0.0
 11
68.7398442290124
 21
117.5600835069155
 31
0.0
  0
LINE
  5
162
330
1F
100
AcDbEntity
  8
VISIBLE
100
AcDbLine
 10
68.2398442290124
 20
117.0015048631535
 30
0.0
 11
68.2398442290124
 21
117.5600835069155
 31
0.0
  0
LINE
  5
163
330
1F
100
AcDbEntity
  8
TANGENT_LINES
100
AcDbLine
 10
80.6198442290124
 20
117.0015048631535
 30
0.0
 11
80.7398442290124
 21
117.0015048631535
 31
0.0
  0
LINE
  5
164
330
1F
100
AcDbEntity
  8
VISIBLE
100
AcDbLine
 10
86.4898442290124
 20
109.1600835069155
 30
0.0
 11
86.4898442290124
 21
109.8298059431416
 31
0.0
  0
LINE
  5
165
330
1F
100
AcDbEntity
  8
VISIBLE
100
AcDbLine
 10
84.9898442290124
 20
109.1600835069155
 30
0.0
 11
84.86984422901241
 21
109.1600835069155
 31
0.0
  0
LINE
  5
166
330
1F
100
AcDbEntity
  8
VISIBLE
100
AcDbLine
 10
74.6198442290124
 20
116.9307941850326
 30
0.0
 11
74.6198442290124
 21
116.8100835069153
 31
0.0
  0
LINE
  5
167
330
1F
100
AcDbEntity
  8
VISIBLE
100
AcDbLine
 10
80.2398442290124
 20
117.0015048631535
 30
0.0
 11
80.2398442290124
 21
117.5600835069155
 31
0.0
  0
LINE
  5
168
330
1F
100
AcDbEntity
  8
VISIBLE
100
AcDbLine
 10
70.6198442290124
 20
117.5600835069155
 30
0.0
 11
70.6198442290124
 21
117.0015048631535
 31
0.0
  0
LINE
  5
169
330
1F
100
AcDbEntity
  8
VISIBLE
100
AcDbLine
 10
68.7398442290124
 20
117.0300835069155
 30
0.0
 11
69.11984422901241
 21
117.0300835069155
 31
0.0
  0
LINE
  5
16A
330
1F
100
AcDbEntity
  8
VISIBLE
100
AcDbLine
 10
71.6198442290124
 20
116.9307941850326
 30
0.0
 11
71.6198442290124
 21
116.8100835069153
 31
0.0
  0
LINE
  5
16B
330
1F
100
AcDbEntity
  8
TANGENT_LINES
100
AcDbLine
 10
67.8698442290124
 20
109.8852759627675
 30
0.0
 11
67.9898442290124
 21
109.8852759627669
 31
0.0
  0
LINE
  5
16C
330
1F
100
AcDbEntity
  8
TANGENT_LINES
100
AcDbLine
 10
69.9898442290124
 20
109.8298059431416
 30
0.0
 11
69.8698442290124
 21
109.8298059431412
 31
0.0
  0
LINE
  5
16D
330
1F
100
AcDbEntity
  8
VISIBLE
100
AcDbLine
 10
77.2398442290124
 20
117.0015048631535
 30
0.0
 11
77.2398442290124
 21
117.5600835069155
 31
0.0
  0
LINE
  5
16E
330
1F
100
AcDbEntity
  8
VISIBLE
100
AcDbLine
 10
66.70484422901241
 20
109.4600835069155
 30
0.0
 11
66.95484422901241
 21
109.4600835069155
 31
0.0
  0
LINE
  5
16F
330
1F
100
AcDbEntity
  8
VISIBLE
100
AcDbLine
 10
75.6198442290124
 20
117.5600835069155
 30
0.0
 11
75.6198442290124
 21
117.0015048631535
 31
0.0
  0
LINE
  5
170
330
1F
100
AcDbEntity
  8
VISIBLE
100
AcDbLine
 10
85.1198442290124
 20
117.5600835069155
 30
0.0
 11
85.2398442290124
 21
117.5600835069155
 31
0.0
  0
LINE
  5
171
330
1F
100
AcDbEntity
  8
TANGENT_LINES
100
AcDbLine
 10
85.6198442290124
 20
117.0015048631535
 30
0.0
 11
85.7398442290124
 21
117.0015048631535
 31
0.0
  0
LINE
  5
172
330
1F
100
AcDbEntity
  8
TANGENT_LINES
100
AcDbLine
 10
81.6198442290124
 20
117.0015048631535
 30
0.0
 11
81.7398442290124
 21
117.0015048631535
 31
0.0
  0
LINE
  5
173
330
1F
100
AcDbEntity
  8
TANGENT_LINES
100
AcDbLine
 10
74.1198442290124
 20
117.0015048631535
 30
0.0
 11
74.2398442290124
 21
117.0015048631535
 31
0.0
  0
LINE
  5
174
330
1F
100
AcDbEntity
  8
TANGENT_LINES
100
AcDbLine
 10
72.7398442290124
 20
116.9307941850328
 30
0.0
 11
72.6198442290124
 21
116.9307941850326
 31
0.0
  0
LINE
  5
175
330
1F
100
AcDbEntity
  8
TANGENT_LINES
100
AcDbLine
 10
76.9898442290124
 20
109.8298059431416
 30
0.0
 11
76.8698442290124
 21
109.8298059431412
 31
0.0
  0
LINE
  5
176
330
1F
100
AcDbEntity
  8
VISIBLE
100
AcDbLine
 10
87.40484422901241
 20
111.2600835069155
 30
0.0
 11
87.65484422901241
 21
111.2600835069155
 31
0.0
  0
LINE
  5
177
330
1F
100
AcDbEntity
  8
VISIBLE
100
AcDbLine
 10
70.3698442290124
 20
109.8298059431412
 30
0.0
 11
70.3698442290124
 21
109.1600835069155
 31
0.0
  0
LINE
  5
178
330
1F
100
AcDbEntity
  8
TANGENT_LINES
100
AcDbLine
 10
75.6198442290124
 20
117.0015048631535
 30
0.0
 11
75.7398442290124
 21
117.0015048631535
 31
0.0
  0
LINE
  5
179
330
1F
100
AcDbEntity
  8
VISIBLE
100
AcDbLine
 10
80.7398442290124
 20
117.0015048631535
 30
0.0
 11
80.7398442290124
 21
117.5600835069155
 31
0.0
  0
LINE
  5
17A
330
1F
100
AcDbEntity
  8
VISIBLE
100
AcDbLine
 10
73.6198442290124
 20
117.5600835069155
 30
0.0
 11
73.7398442290124
 21
117.5600835069155
 31
0.0
  0
LINE
  5
17B
330
1F
100
AcDbEntity
  8
VISIBLE
100
AcDbLine
 10
69.2398442290124
 20
117.0015048631535
 30
0.0
 11
69.2398442290124
 21
117.5600835069155
 31
0.0
  0
LINE
  5
17C
330
1F
100
AcDbEntity
  8
VISIBLE
100
AcDbLine
 10
78.2398442290124
 20
117.0300835069155
 30
0.0
 11
78.6198442290124
 21
117.0300835069155
 31
0.0
  0
LINE
  5
17D
330
1F
100
AcDbEntity
  8
TANGENT_LINES
100
AcDbLine
 10
69.8698442290124
 20
109.8852759627658
 30
0.0
 11
69.9898442290124
 21
109.8852759627655
 31
0.0
  0
LINE
  5
17E
330
1F
100
AcDbEntity
  8
VISIBLE
100
AcDbLine
 10
68.86984422901241
 20
109.8298059431412
 30
0.0
 11
68.86984422901241
 21
109.1600835069155
 31
0.0
  0
LINE
  5
17F
330
1F
100
AcDbEntity
  8
VISIBLE
100
AcDbLine
 10
85.3698442290124
 20
110.0850835069155
 30
0.0
 11
85.4898442290124
 21
110.0850835069155
 31
0.0
  0
LINE
  5
180
330
1F
100
AcDbEntity
  8
VISIBLE
100
AcDbLine
 10
73.8698442290124
 20
109.8300835069155
 30
0.0
 11
73.4898442290124
 21
109.8300835069155
 31
0.0
  0
LINE
  5
181
330
1F
100
AcDbEntity
  8
VISIBLE
100
AcDbLine
 10
86.2398442290124
 20
117.0015048631585
 30
0.0
 11
86.2398442290124
 21
117.5600835069155
 31
0.0
  0
LINE
  5
182
330
1F
100
AcDbEntity
  8
VISIBLE
100
AcDbLine
 10
73.7398442290124
 20
117.0015048631535
 30
0.0
 11
73.7398442290124
 21
117.5600835069155
 31
0.0
  0
LINE
  5
183
330
1F
100
AcDbEntity
  8
TANGENT_LINES
100
AcDbLine
 10
74.2398442290124
 20
116.9307941850328
 30
0.0
 11
74.1198442290124
 21
116.9307941850326
 31
0.0
  0
LINE
  5
184
330
1F
100
AcDbEntity
  8
VISIBLE
100
AcDbLine
 10
73.8698442290124
 20
110.0850835069155
 30
0.0
 11
73.9898442290124
 21
110.0850835069155
 31
0.0
  0
LINE
  5
185
330
1F
100
AcDbEntity
  8
VISIBLE
100
AcDbLine
 10
86.1198442290124
 20
117.5600835069155
 30
0.0
 11
86.1198442290124
 21
117.0015048631555
 31
0.0
  0
LINE
  5
186
330
1F
100
AcDbEntity
  8
VISIBLE
100
AcDbLine
 10
87.40484422901241
 20
111.2600835069155
 30
0.0
 11
87.40484422901241
 21
109.4600835069155
 31
0.0
  0
LINE
  5
187
330
1F
100
AcDbEntity
  8
VISIBLE
100
AcDbLine
 10
86.1198442290124
 20
117.5600835069155
 30
0.0
 11
86.2398442290124
 21
117.5600835069155
 31
0.0
  0
LINE
  5
188
330
1F
100
AcDbEntity
  8
VISIBLE
100
AcDbLine
 10
81.6198442290124
 20
117.5600835069155
 30
0.0
 11
81.7398442290124
 21
117.5600835069155
 31
0.0
  0
LINE
  5
189
330
1F
100
AcDbEntity
  8
VISIBLE
100
AcDbLine
 10
72.6198442290124
 20
117.5600835069155
 30
0.0
 11
72.6198442290124
 21
117.0015048631535
 31
0.0
  0
LINE
  5
18A
330
1F
100
AcDbEntity
  8
TANGENT_LINES
100
AcDbLine
 10
81.9898442290124
 20
109.8298059431416
 30
0.0
 11
81.86984422901241
 21
109.8298059431412
 31
0.0
  0
LINE
  5
18B
330
1F
100
AcDbEntity
  8
VISIBLE
100
AcDbLine
 10
79.7398442290124
 20
117.0015048631535
 30
0.0
 11
79.7398442290124
 21
117.5600835069155
 31
0.0
  0
LINE
  5
18C
330
1F
100
AcDbEntity
  8
VISIBLE
100
AcDbLine
 10
78.8698442290124
 20
109.8298059431412
 30
0.0
 11
78.8698442290124
 21
109.1600835069155
 31
0.0
  0
LINE
  5
18D
330
1F
100
AcDbEntity
  8
VISIBLE
100
AcDbLine
 10
71.6198442290124
 20
117.5600835069155
 30
0.0
 11
71.7398442290124
 21
117.5600835069155
 31
0.0
  0
LINE
  5
18E
330
1F
100
AcDbEntity
  8
VISIBLE
100
AcDbLine
 10
80.1198442290124
 20
117.5600835069155
 30
0.0
 11
80.2398442290124
 21
117.5600835069155
 31
0.0
  0
LINE
  5
18F
330
1F
100
AcDbEntity
  8
VISIBLE
100
AcDbLine
 10
76.8698442290124
 20
109.8298059431412
 30
0.0
 11
76.8698442290124
 21
109.1600835069155
 31
0.0
  0
LINE
  5
190
330
1F
100
AcDbEntity
  8
TANGENT_LINES
100
AcDbLine
 10
86.2398442290124
 20
116.9307941850315
 30
0.0
 11
86.1198442290124
 21
116.9307941850313
 31
0.0
  0
LINE
  5
191
330
1F
100
AcDbEntity
  8
VISIBLE
100
AcDbLine
 10
78.1198442290124
 20
117.5600835069155
 30
0.0
 11
78.1198442290124
 21
117.0015048631535
 31
0.0
  0
LINE
  5
192
330
1F
100
AcDbEntity
  8
TANGENT_LINES
100
AcDbLine
 10
69.7398442290124
 20
116.9307941850328
 30
0.0
 11
69.6198442290124
 21
116.9307941850326
 31
0.0
  0
LINE
  5
193
330
1F
100
AcDbEntity
  8
VISIBLE
100
AcDbLine
 10
67.47984515502213
 20
114.491807964762
 30
0.0
 11
67.47984485851944
 21
115.2283575587043
 31
0.0
  0
LINE
  5
194
330
1F
100
AcDbEntity
  8
VISIBLE
100
AcDbLine
 10
69.11984422901241
 20
117.5600835069155
 30
0.0
 11
69.11984422901241
 21
117.0015048631535
 31
0.0
  0
LINE
  5
195
330
1F
100
AcDbEntity
  8
VISIBLE
100
AcDbLine
 10
68.4898442290124
 20
109.1600835069155
 30
0.0
 11
68.36984422901241
 21
109.1600835069155
 31
0.0
  0
LINE
  5
196
330
1F
100
AcDbEntity
  8
VISIBLE
100
AcDbLine
 10
72.2398442290124
 20
117.0015048631535
 30
0.0
 11
72.2398442290124
 21
117.5600835069155
 31
0.0
  0
LINE
  5
197
330
1F
100
AcDbEntity
  8
VISIBLE
100
AcDbLine
 10
71.6198442290124
 20
117.5600835069155
 30
0.0
 11
71.6198442290124
 21
117.0015048631535
 31
0.0
  0
LINE
  5
198
330
1F
100
AcDbEntity
  8
VISIBLE
100
AcDbLine
 10
76.9898442290124
 20
109.1600835069155
 30
0.0
 11
76.8698442290124
 21
109.1600835069155
 31
0.0
  0
LINE
  5
199
330
1F
100
AcDbEntity
  8
VISIBLE
100
AcDbLine
 10
77.1198442290124
 20
117.5600835069155
 30
0.0
 11
77.2398442290124
 21
117.5600835069155
 31
0.0
  0
LINE
  5
19A
330
1F
100
AcDbEntity
  8
VISIBLE
100
AcDbLine
 10
75.3698442290124
 20
109.8298059431412
 30
0.0
 11
75.3698442290124
 21
109.1600835069155
 31
0.0
  0
LINE
  5
19B
330
1F
100
AcDbEntity
  8
VISIBLE
100
AcDbLine
 10
82.11984422901241
 20
117.5600835069155
 30
0.0
 11
82.11984422901241
 21
117.0015048631535
 31
0.0
  0
LINE
  5
19C
330
1F
100
AcDbEntity
  8
VISIBLE
100
AcDbLine
 10
78.3698442290124
 20
110.0850835069155
 30
0.0
 11
78.3698442290124
 21
109.8852759627658
 31
0.0
  0
LINE
  5
19D
330
1F
100
AcDbEntity
  8
VISIBLE
100
AcDbLine
 10
71.3698442290124
 20
109.8300835069155
 30
0.0
 11
70.9898442290124
 21
109.8300835069155
 31
0.0
  0
LINE
  5
19E
330
1F
100
AcDbEntity
  8
TANGENT_LINES
100
AcDbLine
 10
69.4898442290124
 20
109.8298059431416
 30
0.0
 11
69.3698442290124
 21
109.8298059431412
 31
0.0
  0
LINE
  5
19F
330
1F
100
AcDbEntity
  8
VISIBLE
100
AcDbLine
 10
70.6198442290124
 20
117.5600835069155
 30
0.0
 11
70.7398442290124
 21
117.5600835069155
 31
0.0
  0
LINE
  5
1A0
330
1F
100
AcDbEntity
  8
VISIBLE
100
AcDbLine
 10
76.6198442290124
 20
117.5600835069155
 30
0.0
 11
76.7398442290124
 21
117.5600835069155
 31
0.0
  0
LINE
  5
1A1
330
1F
100
AcDbEntity
  8
VISIBLE
100
AcDbLine
 10
80.6198442290124
 20
117.5600835069155
 30
0.0
 11
80.7398442290124
 21
117.5600835069155
 31
0.0
  0
LINE
  5
1A2
330
1F
100
AcDbEntity
  8
VISIBLE
100
AcDbLine
 10
77.1198442290124
 20
116.9307941850326
 30
0.0
 11
77.1198442290124
 21
116.8100835069153
 31
0.0
  0
LINE
  5
1A3
330
1F
100
AcDbEntity
  8
VISIBLE
100
AcDbLine
 10
71.4898442290124
 20
109.1600835069155
 30
0.0
 11
71.4898442290124
 21
109.8298059431416
 31
0.0
  0
LINE
  5
1A4
330
1F
100
AcDbEntity
  8
VISIBLE
100
AcDbLine
 10
81.86984422901241
 20
109.8298059431412
 30
0.0
 11
81.86984422901241
 21
109.1600835069155
 31
0.0
  0
LINE
  5
1A5
330
1F
100
AcDbEntity
  8
VISIBLE
100
AcDbLine
 10
75.7398442290124
 20
117.0015048631535
 30
0.0
 11
75.7398442290124
 21
117.5600835069155
 31
0.0
  0
LINE
  5
1A6
330
1F
100
AcDbEntity
  8
VISIBLE
100
AcDbLine
 10
74.2398442290124
 20
117.0015048631535
 30
0.0
 11
74.2398442290124
 21
117.5600835069155
 31
0.0
  0
LINE
  5
1A7
330
1F
100
AcDbEntity
  8
TANGENT_LINES
100
AcDbLine
 10
67.9898442290124
 20
109.8298059431416
 30
0.0
 11
67.8698442290124
 21
109.8298059431412
 31
0.0
  0
LINE
  5
1A8
330
1F
100
AcDbEntity
  8
VISIBLE
100
AcDbLine
 10
69.2398442290124
 20
117.0300835069155
 30
0.0
 11
69.6198442290124
 21
117.0300835069155
 31
0.0
  0
LINE
  5
1A9
330
1F
100
AcDbEntity
  8
VISIBLE
100
AcDbLine
 10
76.4898442290124
 20
109.1600835069155
 30
0.0
 11
76.36984422901241
 21
109.1600835069155
 31
0.0
  0
LINE
  5
1AA
330
1F
100
AcDbEntity
  8
VISIBLE
100
AcDbLine
 10
84.61984422901241
 20
117.5600835069155
 30
0.0
 11
84.7398442290124
 21
117.5600835069155
 31
0.0
  0
LINE
  5
1AB
330
1F
100
AcDbEntity
  8
VISIBLE
100
AcDbLine
 10
71.3698442290124
 20
109.8298059431412
 30
0.0
 11
71.3698442290124
 21
109.1600835069155
 31
0.0
  0
LINE
  5
1AC
330
1F
100
AcDbEntity
  8
VISIBLE
100
AcDbLine
 10
72.6198442290124
 20
116.9307941850326
 30
0.0
 11
72.6198442290124
 21
116.8100835069153
 31
0.0
  0
LINE
  5
1AD
330
1F
100
AcDbEntity
  8
VISIBLE
100
AcDbLine
 10
81.4898442290124
 20
109.1600835069155
 30
0.0
 11
81.4898442290124
 21
109.8298059431416
 31
0.0
  0
LINE
  5
1AE
330
1F
100
AcDbEntity
  8
VISIBLE
100
AcDbLine
 10
78.4898442290124
 20
109.1600835069155
 30
0.0
 11
78.4898442290124
 21
109.8298059431416
 31
0.0
  0
LINE
  5
1AF
330
1F
100
AcDbEntity
  8
VISIBLE
100
AcDbLine
 10
73.2398442290124
 20
117.0015048631535
 30
0.0
 11
73.2398442290124
 21
117.5600835069155
 31
0.0
  0
LINE
  5
1B0
330
1F
100
AcDbEntity
  8
TANGENT_LINES
100
AcDbLine
 10
85.9898442290124
 20
109.8298059431416
 30
0.0
 11
85.8698442290124
 21
109.8298059431412
 31
0.0
  0
LINE
  5
1B1
330
1F
100
AcDbEntity
  8
VISIBLE
100
AcDbLine
 10
79.86984422901241
 20
110.0850835069155
 30
0.0
 11
79.86984422901241
 21
109.8852759627658
 31
0.0
  0
LINE
  5
1B2
330
1F
100
AcDbEntity
  8
TANGENT_LINES
100
AcDbLine
 10
80.1198442290124
 20
117.0015048631535
 30
0.0
 11
80.2398442290124
 21
117.0015048631535
 31
0.0
  0
LINE
  5
1B3
330
1F
100
AcDbEntity
  8
TANGENT_LINES
100
AcDbLine
 10
69.6198442290124
 20
117.0015048631535
 30
0.0
 11
69.7398442290124
 21
117.0015048631535
 31
0.0
  0
LINE
  5
1B4
330
1F
100
AcDbEntity
  8
VISIBLE
100
AcDbLine
 10
72.4898442290124
 20
109.1600835069155
 30
0.0
 11
72.4898442290124
 21
109.8298059431416
 31
0.0
  0
LINE
  5
1B5
330
1F
100
AcDbEntity
  8
VISIBLE
100
AcDbLine
 10
73.3698442290124
 20
110.0850835069155
 30
0.0
 11
73.4898442290124
 21
110.0850835069155
 31
0.0
  0
LINE
  5
1B6
330
1F
100
AcDbEntity
  8
VISIBLE
100
AcDbLine
 10
75.7398442290124
 20
116.8100835069155
 30
0.0
 11
75.7398442290124
 21
116.9307941850328
 31
0.0
  0
LINE
  5
1B7
330
1F
100
AcDbEntity
  8
TANGENT_LINES
100
AcDbLine
 10
73.3698442290124
 20
109.8852759627658
 30
0.0
 11
73.4898442290124
 21
109.8852759627655
 31
0.0
  0
LINE
  5
1B8
330
1F
100
AcDbEntity
  8
VISIBLE
100
AcDbLine
 10
69.6198442290124
 20
117.5600835069155
 30
0.0
 11
69.6198442290124
 21
117.0015048631535
 31
0.0
  0
LINE
  5
1B9
330
1F
100
AcDbEntity
  8
VISIBLE
100
AcDbLine
 10
87.65484422901241
 20
111.3800835069155
 30
0.0
 11
87.40484422901241
 21
111.3800835069155
 31
0.0
  0
LINE
  5
1BA
330
1F
100
AcDbEntity
  8
TANGENT_LINES
100
AcDbLine
 10
71.1198442290124
 20
117.0015048631535
 30
0.0
 11
71.2398442290124
 21
117.0015048631535
 31
0.0
  0
LINE
  5
1BB
330
1F
100
AcDbEntity
  8
VISIBLE
100
AcDbLine
 10
86.3698442290124
 20
110.0850835069155
 30
0.0
 11
86.4898442290124
 21
110.0850835069156
 31
0.0
  0
LINE
  5
1BC
330
1F
100
AcDbEntity
  8
VISIBLE
100
AcDbLine
 10
69.4898442290124
 20
109.1600835069155
 30
0.0
 11
69.4898442290124
 21
109.8298059431416
 31
0.0
  0
LINE
  5
1BD
330
1F
100
AcDbEntity
  8
VISIBLE
100
AcDbLine
 10
71.8698442290124
 20
110.0850835069155
 30
0.0
 11
71.8698442290124
 21
109.8852759627658
 31
0.0
  0
LINE
  5
1BE
330
1F
100
AcDbEntity
  8
VISIBLE
100
AcDbLine
 10
71.2398442290124
 20
117.0015048631535
 30
0.0
 11
71.2398442290124
 21
117.5600835069155
 31
0.0
  0
LINE
  5
1BF
330
1F
100
AcDbEntity
  8
VISIBLE
100
AcDbLine
 10
77.3698442290124
 20
110.0850835069155
 30
0.0
 11
77.4898442290124
 21
110.0850835069155
 31
0.0
  0
LINE
  5
1C0
330
1F
100
AcDbEntity
  8
VISIBLE
100
AcDbLine
 10
70.2398442290124
 20
116.8100835069155
 30
0.0
 11
70.1198442290124
 21
116.8100835069153
 31
0.0
  0
LINE
  5
1C1
330
1F
100
AcDbEntity
  8
VISIBLE
100
AcDbLine
 10
82.2398442290124
 20
117.0015048631535
 30
0.0
 11
82.2398442290124
 21
117.5600835069155
 31
0.0
  0
LINE
  5
1C2
330
1F
100
AcDbEntity
  8
VISIBLE
100
AcDbLine
 10
79.1198442290124
 20
117.5600835069155
 30
0.0
 11
79.1198442290124
 21
117.0015048631535
 31
0.0
  0
LINE
  5
1C3
330
1F
100
AcDbEntity
  8
VISIBLE
100
AcDbLine
 10
82.11984422901241
 20
117.5600835069155
 30
0.0
 11
82.2398442290124
 21
117.5600835069155
 31
0.0
  0
LINE
  5
1C4
330
1F
100
AcDbEntity
  8
VISIBLE
100
AcDbLine
 10
84.7398442290124
 20
116.8100835069155
 30
0.0
 11
84.7398442290124
 21
116.9307941850328
 31
0.0
  0
LINE
  5
1C5
330
1F
100
AcDbEntity
  8
VISIBLE
100
AcDbLine
 10
76.7398442290124
 20
117.0015048631535
 30
0.0
 11
76.7398442290124
 21
117.5600835069155
 31
0.0
  0
LINE
  5
1C6
330
1F
100
AcDbEntity
  8
TANGENT_LINES
100
AcDbLine
 10
82.11984422901241
 20
117.0015048631535
 30
0.0
 11
82.2398442290124
 21
117.0015048631535
 31
0.0
  0
LINE
  5
1C7
330
1F
100
AcDbEntity
  8
VISIBLE
100
AcDbLine
 10
77.6198442290124
 20
117.5600835069155
 30
0.0
 11
77.6198442290124
 21
117.0015048631535
 31
0.0
  0
LINE
  5
1C8
330
1F
100
AcDbEntity
  8
VISIBLE
100
AcDbLine
 10
81.7398442290124
 20
117.0015048631535
 30
0.0
 11
81.7398442290124
 21
117.5600835069155
 31
0.0
  0
LINE
  5
1C9
330
1F
100
AcDbEntity
  8
VISIBLE
100
AcDbLine
 10
81.1198442290124
 20
117.5600835069155
 30
0.0
 11
81.2398442290124
 21
117.5600835069155
 31
0.0
  0
LINE
  5
1CA
330
1F
100
AcDbEntity
  8
VISIBLE
100
AcDbLine
 10
70.3698442290124
 20
109.8300835069155
 30
0.0
 11
69.9898442290124
 21
109.8300835069155
 31
0.0
  0
LINE
  5
1CB
330
1F
100
AcDbEntity
  8
VISIBLE
100
AcDbLine
 10
71.9898442290124
 20
109.1600835069155
 30
0.0
 11
71.8698442290124
 21
109.1600835069155
 31
0.0
  0
LINE
  5
1CC
330
1F
100
AcDbEntity
  8
VISIBLE
100
AcDbLine
 10
87.65484422901241
 20
111.2600835069155
 30
0.0
 11
87.65484422901241
 21
111.3800835069155
 31
0.0
  0
LINE
  5
1CD
330
1F
100
AcDbEntity
  8
VISIBLE
100
AcDbLine
 10
78.1198442290124
 20
116.9307941850326
 30
0.0
 11
78.1198442290124
 21
116.8100835069153
 31
0.0
  0
LINE
  5
1CE
330
1F
100
AcDbEntity
  8
VISIBLE
100
AcDbLine
 10
79.6198442290124
 20
117.5600835069155
 30
0.0
 11
79.7398442290124
 21
117.5600835069155
 31
0.0
  0
LINE
  5
1CF
330
1F
100
AcDbEntity
  8
VISIBLE
100
AcDbLine
 10
78.9898442290124
 20
109.1600835069155
 30
0.0
 11
78.9898442290124
 21
109.8298059431416
 31
0.0
  0
LINE
  5
1D0
330
1F
100
AcDbEntity
  8
VISIBLE
100
AcDbLine
 10
72.6198442290124
 20
117.5600835069155
 30
0.0
 11
72.7398442290124
 21
117.5600835069155
 31
0.0
  0
LINE
  5
1D1
330
1F
100
AcDbEntity
  8
VISIBLE
100
AcDbLine
 10
84.4898442290124
 20
109.8852759627655
 30
0.0
 11
84.4898442290124
 21
110.0850835069155
 31
0.0
  0
LINE
  5
1D2
330
1F
100
AcDbEntity
  8
VISIBLE
100
AcDbLine
 10
73.1198442290124
 20
117.5600835069155
 30
0.0
 11
73.2398442290124
 21
117.5600835069155
 31
0.0
  0
LINE
  5
1D3
330
1F
100
AcDbEntity
  8
TANGENT_LINES
100
AcDbLine
 10
77.1198442290124
 20
117.0015048631535
 30
0.0
 11
77.2398442290124
 21
117.0015048631535
 31
0.0
  0
LINE
  5
1D4
330
1F
100
AcDbEntity
  8
VISIBLE
100
AcDbLine
 10
71.7398442290124
 20
117.0300835069155
 30
0.0
 11
72.1198442290124
 21
117.0300835069155
 31
0.0
  0
LINE
  5
1D5
330
1F
100
AcDbEntity
  8
VISIBLE
100
AcDbLine
 10
84.61984422901241
 20
116.9307941850326
 30
0.0
 11
84.61984422901241
 21
116.8100835069153
 31
0.0
  0
LINE
  5
1D6
330
1F
100
AcDbEntity
  8
VISIBLE
100
AcDbLine
 10
84.86984422901241
 20
109.8298059431412
 30
0.0
 11
84.86984422901241
 21
109.1600835069155
 31
0.0
  0
LINE
  5
1D7
330
1F
100
AcDbEntity
  8
VISIBLE
100
AcDbLine
 10
73.9898442290124
 20
109.1600835069155
 30
0.0
 11
73.8698442290124
 21
109.1600835069155
 31
0.0
  0
LINE
  5
1D8
330
1F
100
AcDbEntity
  8
VISIBLE
100
AcDbLine
 10
73.3698442290124
 20
110.0850835069155
 30
0.0
 11
73.3698442290124
 21
109.8852759627658
 31
0.0
  0
LINE
  5
1D9
330
1F
100
AcDbEntity
  8
VISIBLE
100
AcDbLine
 10
81.4898442290124
 20
109.1600835069155
 30
0.0
 11
81.3698442290124
 21
109.1600835069155
 31
0.0
  0
LINE
  5
1DA
330
1F
100
AcDbEntity
  8
VISIBLE
100
AcDbLine
 10
79.3698442290124
 20
109.8298059431412
 30
0.0
 11
79.3698442290124
 21
109.1600835069155
 31
0.0
  0
LINE
  5
1DB
330
1F
100
AcDbEntity
  8
VISIBLE
100
AcDbLine
 10
73.6198442290124
 20
116.9307941850326
 30
0.0
 11
73.6198442290124
 21
116.8100835069153
 31
0.0
  0
LINE
  5
1DC
330
1F
100
AcDbEntity
  8
VISIBLE
100
AcDbLine
 10
77.6198442290124
 20
116.9307941850326
 30
0.0
 11
77.6198442290124
 21
116.8100835069153
 31
0.0
  0
LINE
  5
1DD
330
1F
100
AcDbEntity
  8
VISIBLE
100
AcDbLine
 10
77.1198442290124
 20
117.5600835069155
 30
0.0
 11
77.1198442290124
 21
117.0015048631535
 31
0.0
  0
LINE
  5
1DE
330
1F
100
AcDbEntity
  8
TANGENT_LINES
100
AcDbLine
 10
85.8698442290124
 20
109.8852759627658
 30
0.0
 11
85.9898442290124
 21
109.8852759627655
 31
0.0
  0
LINE
  5
1DF
330
1F
100
AcDbEntity
  8
TANGENT_LINES
100
AcDbLine
 10
84.61984422901241
 20
117.0015048631535
 30
0.0
 11
84.7398442290124
 21
117.0015048631535
 31
0.0
  0
LINE
  5
1E0
330
1F
100
AcDbEntity
  8
VISIBLE
100
AcDbLine
 10
86.2398442290124
 20
116.8100835069155
 30
0.0
 11
86.1198442290124
 21
116.8100835069154
 31
0.0
  0
LINE
  5
1E1
330
1F
100
AcDbEntity
  8
TANGENT_LINES
100
AcDbLine
 10
69.11984422901241
 20
117.0015048631535
 30
0.0
 11
69.2398442290124
 21
117.0015048631535
 31
0.0
  0
LINE
  5
1E2
330
1F
100
AcDbEntity
  8
VISIBLE
100
AcDbLine
 10
66.95484422901241
 20
111.3800835069155
 30
0.0
 11
66.70484422901241
 21
111.3800835069155
 31
0.0
  0
LINE
  5
1E3
330
1F
100
AcDbEntity
  8
VISIBLE
100
AcDbLine
 10
77.7398442290124
 20
117.0015048631535
 30
0.0
 11
77.7398442290124
 21
117.5600835069155
 31
0.0
  0
LINE
  5
1E4
330
1F
100
AcDbEntity
  8
VISIBLE
100
AcDbLine
 10
71.7398442290124
 20
116.8100835069155
 30
0.0
 11
71.7398442290124
 21
116.9307941850328
 31
0.0
  0
LINE
  5
1E5
330
1F
100
AcDbEntity
  8
VISIBLE
100
AcDbLine
 10
84.61984422901241
 20
117.5600835069155
 30
0.0
 11
84.61984422901241
 21
117.0015048631535
 31
0.0
  0
LINE
  5
1E6
330
1F
100
AcDbEntity
  8
VISIBLE
100
AcDbLine
 10
72.1198442290124
 20
117.5600835069155
 30
0.0
 11
72.2398442290124
 21
117.5600835069155
 31
0.0
  0
LINE
  5
1E7
330
1F
100
AcDbEntity
  8
TANGENT_LINES
100
AcDbLine
 10
68.9898442290124
 20
109.8298059431416
 30
0.0
 11
68.86984422901241
 21
109.8298059431412
 31
0.0
  0
LINE
  5
1E8
330
1F
100
AcDbEntity
  8
VISIBLE
100
AcDbLine
 10
85.4898442290124
 20
109.1600835069155
 30
0.0
 11
85.4898442290124
 21
109.8298059431416
 31
0.0
  0
LINE
  5
1E9
330
1F
100
AcDbEntity
  8
TANGENT_LINES
100
AcDbLine
 10
78.7398442290124
 20
116.9307941850328
 30
0.0
 11
78.6198442290124
 21
116.9307941850326
 31
0.0
  0
LINE
  5
1EA
330
1F
100
AcDbEntity
  8
VISIBLE
100
AcDbLine
 10
79.7398442290124
 20
116.8100835069155
 30
0.0
 11
79.7398442290124
 21
116.9307941850328
 31
0.0
  0
LINE
  5
1EB
330
1F
100
AcDbEntity
  8
VISIBLE
100
AcDbLine
 10
77.6198442290124
 20
117.5600835069155
 30
0.0
 11
77.7398442290124
 21
117.5600835069155
 31
0.0
  0
LINE
  5
1EC
330
1F
100
AcDbEntity
  8
TANGENT_LINES
100
AcDbLine
 10
72.6198442290124
 20
117.0015048631535
 30
0.0
 11
72.7398442290124
 21
117.0015048631535
 31
0.0
  0
LINE
  5
1ED
330
1F
100
AcDbEntity
  8
VISIBLE
100
AcDbLine
 10
75.2398442290124
 20
117.0300835069155
 30
0.0
 11
75.6198442290124
 21
117.0300835069155
 31
0.0
  0
LINE
  5
1EE
330
1F
100
AcDbEntity
  8
VISIBLE
100
AcDbLine
 10
84.4898442290124
 20
109.1600835069155
 30
0.0
 11
84.36984422901241
 21
109.1600835069155
 31
0.0
  0
LINE
  5
1EF
330
1F
100
AcDbEntity
  8
TANGENT_LINES
100
AcDbLine
 10
85.4898442290124
 20
109.8298059431416
 30
0.0
 11
85.3698442290124
 21
109.8298059431412
 31
0.0
  0
LINE
  5
1F0
330
1F
100
AcDbEntity
  8
VISIBLE
100
AcDbLine
 10
68.4898442290124
 20
109.8852759627655
 30
0.0
 11
68.4898442290124
 21
110.0850835069155
 31
0.0
  0
LINE
  5
1F1
330
1F
100
AcDbEntity
  8
VISIBLE
100
AcDbLine
 10
76.6198442290124
 20
117.5600835069155
 30
0.0
 11
76.6198442290124
 21
117.0015048631535
 31
0.0
  0
LINE
  5
1F2
330
1F
100
AcDbEntity
  8
VISIBLE
100
AcDbLine
 10
72.3698442290124
 20
109.8298059431412
 30
0.0
 11
72.3698442290124
 21
109.1600835069155
 31
0.0
  0
LINE
  5
1F3
330
1F
100
AcDbEntity
  8
VISIBLE
100
AcDbLine
 10
86.4898442290124
 20
109.8852759627658
 30
0.0
 11
86.4898442290124
 21
110.0850835069156
 31
0.0
  0
LINE
  5
1F4
330
1F
100
AcDbEntity
  8
TANGENT_LINES
100
AcDbLine
 10
78.1198442290124
 20
117.0015048631535
 30
0.0
 11
78.2398442290124
 21
117.0015048631535
 31
0.0
  0
LINE
  5
1F5
330
1F
100
AcDbEntity
  8
TANGENT_LINES
100
AcDbLine
 10
74.6198442290124
 20
117.0015048631535
 30
0.0
 11
74.7398442290124
 21
117.0015048631535
 31
0.0
  0
LINE
  5
1F6
330
1F
100
AcDbEntity
  8
TANGENT_LINES
100
AcDbLine
 10
78.9898442290124
 20
109.8298059431416
 30
0.0
 11
78.8698442290124
 21
109.8298059431412
 31
0.0
  0
LINE
  5
1F7
330
1F
100
AcDbEntity
  8
VISIBLE
100
AcDbLine
 10
76.7398442290124
 20
116.8100835069155
 30
0.0
 11
76.7398442290124
 21
116.9307941850328
 31
0.0
  0
LINE
  5
1F8
330
1F
100
AcDbEntity
  8
VISIBLE
100
AcDbLine
 10
78.1198442290124
 20
117.5600835069155
 30
0.0
 11
78.2398442290124
 21
117.5600835069155
 31
0.0
  0
LINE
  5
1F9
330
1F
100
AcDbEntity
  8
TANGENT_LINES
100
AcDbLine
 10
81.7398442290124
 20
116.9307941850328
 30
0.0
 11
81.6198442290124
 21
116.9307941850326
 31
0.0
  0
LINE
  5
1FA
330
1F
100
AcDbEntity
  8
TANGENT_LINES
100
AcDbLine
 10
78.4898442290124
 20
109.8298059431416
 30
0.0
 11
78.3698442290124
 21
109.8298059431412
 31
0.0
  0
LINE
  5
1FB
330
1F
100
AcDbEntity
  8
VISIBLE
100
AcDbLine
 10
72.8698442290124
 20
109.8298059431412
 30
0.0
 11
72.8698442290124
 21
109.1600835069155
 31
0.0
  0
LINE
  5
1FC
330
1F
100
AcDbEntity
  8
VISIBLE
100
AcDbLine
 10
81.86984422901241
 20
110.0850835069155
 30
0.0
 11
81.86984422901241
 21
109.8852759627658
 31
0.0
  0
LINE
  5
1FD
330
1F
100
AcDbEntity
  8
VISIBLE
100
AcDbLine
 10
71.9898442290124
 20
109.8852759627655
 30
0.0
 11
71.9898442290124
 21
110.0850835069155
 31
0.0
  0
LINE
  5
1FE
330
1F
100
AcDbEntity
  8
VISIBLE
100
AcDbLine
 10
75.9898442290124
 20
109.1600835069155
 30
0.0
 11
75.9898442290124
 21
109.8298059431416
 31
0.0
  0
LINE
  5
1FF
330
1F
100
AcDbEntity
  8
TANGENT_LINES
100
AcDbLine
 10
72.1198442290124
 20
117.0015048631535
 30
0.0
 11
72.2398442290124
 21
117.0015048631535
 31
0.0
  0
LINE
  5
200
330
1F
100
AcDbEntity
  8
TANGENT_LINES
100
AcDbLine
 10
75.1198442290124
 20
117.0015048631535
 30
0.0
 11
75.2398442290124
 21
117.0015048631535
 31
0.0
  0
LINE
  5
201
330
1F
100
AcDbEntity
  8
TANGENT_LINES
100
AcDbLine
 10
73.7398442290124
 20
116.9307941850328
 30
0.0
 11
73.6198442290124
 21
116.9307941850326
 31
0.0
  0
LINE
  5
202
330
1F
100
AcDbEntity
  8
VISIBLE
100
AcDbLine
 10
85.6198442290124
 20
117.5600835069155
 30
0.0
 11
85.6198442290124
 21
117.0015048631535
 31
0.0
  0
LINE
  5
203
330
1F
100
AcDbEntity
  8
VISIBLE
100
AcDbLine
 10
68.36984422901241
 20
110.0850835069155
 30
0.0
 11
68.36984422901241
 21
109.8852759627658
 31
0.0
  0
LINE
  5
204
330
1F
100
AcDbEntity
  8
VISIBLE
100
AcDbLine
 10
85.7398442290124
 20
117.0015048631535
 30
0.0
 11
85.7398442290124
 21
117.5600835069155
 31
0.0
  0
LINE
  5
205
330
1F
100
AcDbEntity
  8
TANGENT_LINES
100
AcDbLine
 10
73.8698442290124
 20
109.8852759627658
 30
0.0
 11
73.9898442290124
 21
109.8852759627655
 31
0.0
  0
LINE
  5
206
330
1F
100
AcDbEntity
  8
TANGENT_LINES
100
AcDbLine
 10
78.6198442290124
 20
117.0015048631535
 30
0.0
 11
78.7398442290124
 21
117.0015048631535
 31
0.0
  0
LINE
  5
207
330
1F
100
AcDbEntity
  8
VISIBLE
100
AcDbLine
 10
73.8698442290124
 20
110.0850835069155
 30
0.0
 11
73.8698442290124
 21
109.8852759627658
 31
0.0
  0
LINE
  5
208
330
1F
100
AcDbEntity
  8
VISIBLE
100
AcDbLine
 10
78.6198442290124
 20
117.5600835069155
 30
0.0
 11
78.6198442290124
 21
117.0015048631535
 31
0.0
  0
LINE
  5
209
330
1F
100
AcDbEntity
  8
VISIBLE
100
AcDbLine
 10
72.9898442290124
 20
109.8852759627655
 30
0.0
 11
72.9898442290124
 21
110.0850835069155
 31
0.0
  0
LINE
  5
20A
330
1F
100
AcDbEntity
  8
VISIBLE
100
AcDbLine
 10
68.11984422901241
 20
117.5600835069155
 30
0.0
 11
68.11984422901241
 21
117.0015048631535
 31
0.0
  0
LINE
  5
20B
330
1F
100
AcDbEntity
  8
VISIBLE
100
AcDbLine
 10
73.2398442290124
 20
117.0300835069155
 30
0.0
 11
73.6198442290124
 21
117.0300835069155
 31
0.0
  0
LINE
  5
20C
330
1F
100
AcDbEntity
  8
TANGENT_LINES
100
AcDbLine
 10
76.2398442290124
 20
116.9307941850328
 30
0.0
 11
76.11984422901241
 21
116.9307941850326
 31
0.0
  0
LINE
  5
20D
330
1F
100
AcDbEntity
  8
VISIBLE
100
AcDbLine
 10
81.6198442290124
 20
117.5600835069155
 30
0.0
 11
81.6198442290124
 21
117.0015048631535
 31
0.0
  0
LINE
  5
20E
330
1F
100
AcDbEntity
  8
VISIBLE
100
AcDbLine
 10
68.36984422901241
 20
109.8298059431412
 30
0.0
 11
68.36984422901241
 21
109.1600835069155
 31
0.0
  0
LINE
  5
20F
330
1F
100
AcDbEntity
  8
TANGENT_LINES
100
AcDbLine
 10
71.9898442290124
 20
109.8298059431416
 30
0.0
 11
71.8698442290124
 21
109.8298059431412
 31
0.0
  0
LINE
  5
210
330
1F
100
AcDbEntity
  8
VISIBLE
100
AcDbLine
 10
77.4898442290124
 20
109.1600835069155
 30
0.0
 11
77.3698442290124
 21
109.1600835069155
 31
0.0
  0
LINE
  5
211
330
1F
100
AcDbEntity
  8
TANGENT_LINES
100
AcDbLine
 10
86.1198442290124
 20
117.0015048631555
 30
0.0
 11
86.2398442290124
 21
117.0015048631554
 31
0.0
  0
LINE
  5
212
330
1F
100
AcDbEntity
  8
VISIBLE
100
AcDbLine
 10
80.4898442290124
 20
109.8852759627655
 30
0.0
 11
80.4898442290124
 21
110.0850835069155
 31
0.0
  0
LINE
  5
213
330
1F
100
AcDbEntity
  8
TANGENT_LINES
100
AcDbLine
 10
73.4898442290124
 20
109.8298059431416
 30
0.0
 11
73.3698442290124
 21
109.8298059431412
 31
0.0
  0
LINE
  5
214
330
1F
100
AcDbEntity
  8
TANGENT_LINES
100
AcDbLine
 10
71.2398442290124
 20
116.9307941850328
 30
0.0
 11
71.1198442290124
 21
116.9307941850326
 31
0.0
  0
LINE
  5
215
330
1F
100
AcDbEntity
  8
TANGENT_LINES
100
AcDbLine
 10
68.86984422901241
 20
109.8852759627658
 30
0.0
 11
68.9898442290124
 21
109.8852759627655
 31
0.0
  0
LINE
  5
216
330
1F
100
AcDbEntity
  8
VISIBLE
100
AcDbLine
 10
73.4898442290124
 20
109.1600835069155
 30
0.0
 11
73.3698442290124
 21
109.1600835069155
 31
0.0
  0
LINE
  5
217
330
1F
100
AcDbEntity
  8
VISIBLE
100
AcDbLine
 10
73.3698442290124
 20
109.8298059431412
 30
0.0
 11
73.3698442290124
 21
109.1600835069155
 31
0.0
  0
LINE
  5
218
330
1F
100
AcDbEntity
  8
VISIBLE
100
AcDbLine
 10
75.2398442290124
 20
116.8100835069155
 30
0.0
 11
75.2398442290124
 21
116.9307941850328
 31
0.0
  0
LINE
  5
219
330
1F
100
AcDbEntity
  8
VISIBLE
100
AcDbLine
 10
80.9898442290124
 20
109.1600835069155
 30
0.0
 11
80.9898442290124
 21
109.8298059431416
 31
0.0
  0
LINE
  5
21A
330
1F
100
AcDbEntity
  8
VISIBLE
100
AcDbLine
 10
80.8698442290124
 20
109.8298059431412
 30
0.0
 11
80.8698442290124
 21
109.1600835069155
 31
0.0
  0
LINE
  5
21B
330
1F
100
AcDbEntity
  8
VISIBLE
100
AcDbLine
 10
77.9898442290124
 20
109.1600835069155
 30
0.0
 11
77.8698442290124
 21
109.1600835069155
 31
0.0
  0
LINE
  5
21C
330
1F
100
AcDbEntity
  8
VISIBLE
100
AcDbLine
 10
77.8698442290124
 20
109.8298059431412
 30
0.0
 11
77.8698442290124
 21
109.1600835069155
 31
0.0
  0
LINE
  5
21D
330
1F
100
AcDbEntity
  8
VISIBLE
100
AcDbLine
 10
80.9898442290124
 20
109.1600835069155
 30
0.0
 11
80.8698442290124
 21
109.1600835069155
 31
0.0
  0
LINE
  5
21E
330
1F
100
AcDbEntity
  8
TANGENT_LINES
100
AcDbLine
 10
77.2398442290124
 20
116.9307941850328
 30
0.0
 11
77.1198442290124
 21
116.9307941850326
 31
0.0
  0
LINE
  5
21F
330
1F
100
AcDbEntity
  8
VISIBLE
100
AcDbLine
 10
74.3698442290124
 20
110.0850835069155
 30
0.0
 11
74.4898442290124
 21
110.0850835069155
 31
0.0
  0
LINE
  5
220
330
1F
100
AcDbEntity
  8
TANGENT_LINES
100
AcDbLine
 10
68.7398442290124
 20
116.9307941850328
 30
0.0
 11
68.61984422901241
 21
116.9307941850326
 31
0.0
  0
LINE
  5
221
330
1F
100
AcDbEntity
  8
VISIBLE
100
AcDbLine
 10
85.6198442290124
 20
116.9307941850326
 30
0.0
 11
85.6198442290124
 21
116.8100835069153
 31
0.0
  0
LINE
  5
222
330
1F
100
AcDbEntity
  8
TANGENT_LINES
100
AcDbLine
 10
77.7398442290124
 20
116.9307941850328
 30
0.0
 11
77.6198442290124
 21
116.9307941850326
 31
0.0
  0
LINE
  5
223
330
1F
100
AcDbEntity
  8
VISIBLE
100
AcDbLine
 10
68.61984422901241
 20
116.9307941850326
 30
0.0
 11
68.61984422901241
 21
116.8100835069153
 31
0.0
  0
LINE
  5
224
330
1F
100
AcDbEntity
  8
TANGENT_LINES
100
AcDbLine
 10
84.7398442290124
 20
116.9307941850328
 30
0.0
 11
84.61984422901241
 21
116.9307941850326
 31
0.0
  0
LINE
  5
225
330
1F
100
AcDbEntity
  8
TANGENT_LINES
100
AcDbLine
 10
80.7398442290124
 20
116.9307941850328
 30
0.0
 11
80.6198442290124
 21
116.9307941850326
 31
0.0
  0
LINE
  5
226
330
1F
100
AcDbEntity
  8
TANGENT_LINES
100
AcDbLine
 10
79.2398442290124
 20
116.9307941850328
 30
0.0
 11
79.1198442290124
 21
116.9307941850326
 31
0.0
  0
LINE
  5
227
330
1F
100
AcDbEntity
  8
VISIBLE
100
AcDbLine
 10
75.86984422901241
 20
110.0850835069155
 30
0.0
 11
75.9898442290124
 21
110.0850835069155
 31
0.0
  0
LINE
  5
228
330
1F
100
AcDbEntity
  8
VISIBLE
100
AcDbLine
 10
66.2298442290124
 20
117.0300835069155
 30
0.0
 11
68.11984422901241
 21
117.0300835069155
 31
0.0
  0
LINE
  5
229
330
1F
100
AcDbEntity
  8
TANGENT_LINES
100
AcDbLine
 10
70.7398442290124
 20
116.9307941850328
 30
0.0
 11
70.6198442290124
 21
116.9307941850326
 31
0.0
  0
LINE
  5
22A
330
1F
100
AcDbEntity
  8
VISIBLE
100
AcDbLine
 10
74.3698442290124
 20
110.0850835069155
 30
0.0
 11
74.3698442290124
 21
109.8852759627658
 31
0.0
  0
LINE
  5
22B
330
1F
100
AcDbEntity
  8
TANGENT_LINES
100
AcDbLine
 10
71.7398442290124
 20
116.9307941850328
 30
0.0
 11
71.6198442290124
 21
116.9307941850326
 31
0.0
  0
LINE
  5
22C
330
1F
100
AcDbEntity
  8
VISIBLE
100
AcDbLine
 10
85.8698442290124
 20
110.0850835069155
 30
0.0
 11
85.8698442290124
 21
109.8852759627658
 31
0.0
  0
LINE
  5
22D
330
1F
100
AcDbEntity
  8
TANGENT_LINES
100
AcDbLine
 10
68.2398442290124
 20
116.9307941850328
 30
0.0
 11
68.11984422901241
 21
116.9307941850326
 31
0.0
  0
LINE
  5
22E
330
1F
100
AcDbEntity
  8
VISIBLE
100
AcDbLine
 10
69.7398442290124
 20
116.8100835069155
 30
0.0
 11
69.7398442290124
 21
116.9307941850328
 31
0.0
  0
LINE
  5
22F
330
1F
100
AcDbEntity
  8
TANGENT_LINES
100
AcDbLine
 10
76.7398442290124
 20
116.9307941850328
 30
0.0
 11
76.6198442290124
 21
116.9307941850326
 31
0.0
  0
LINE
  5
230
330
1F
100
AcDbEntity
  8
TANGENT_LINES
100
AcDbLine
 10
75.7398442290124
 20
116.9307941850328
 30
0.0
 11
75.6198442290124
 21
116.9307941850326
 31
0.0
  0
LINE
  5
231
330
1F
100
AcDbEntity
  8
VISIBLE
100
AcDbLine
 10
75.3698442290124
 20
110.0850835069155
 30
0.0
 11
75.4898442290124
 21
110.0850835069155
 31
0.0
  0
LINE
  5
232
330
1F
100
AcDbEntity
  8
VISIBLE
100
AcDbLine
 10
74.6198442290124
 20
117.5600835069155
 30
0.0
 11
74.6198442290124
 21
117.0015048631535
 31
0.0
  0
LINE
  5
233
330
1F
100
AcDbEntity
  8
TANGENT_LINES
100
AcDbLine
 10
78.2398442290124
 20
116.9307941850328
 30
0.0
 11
78.1198442290124
 21
116.9307941850326
 31
0.0
  0
LINE
  5
234
330
1F
100
AcDbEntity
  8
TANGENT_LINES
100
AcDbLine
 10
85.2398442290124
 20
116.9307941850328
 30
0.0
 11
85.1198442290124
 21
116.9307941850326
 31
0.0
  0
LINE
  5
235
330
1F
100
AcDbEntity
  8
VISIBLE
100
AcDbLine
 10
80.3698442290124
 20
110.0850835069155
 30
0.0
 11
80.3698442290124
 21
109.8852759627658
 31
0.0
  0
LINE
  5
236
330
1F
100
AcDbEntity
  8
VISIBLE
100
AcDbLine
 10
86.87984295825609
 20
115.520106760925
 30
0.0
 11
86.87984353795889
 21
114.2000637778495
 31
0.0
  0
LINE
  5
237
330
1F
100
AcDbEntity
  8
VISIBLE
100
AcDbLine
 10
69.7398442290124
 20
116.8100835069155
 30
0.0
 11
69.6198442290124
 21
116.8100835069153
 31
0.0
  0
LINE
  5
238
330
1F
100
AcDbEntity
  8
TANGENT_LINES
100
AcDbLine
 10
81.2398442290124
 20
116.9307941850328
 30
0.0
 11
81.1198442290124
 21
116.9307941850326
 31
0.0
  0
LINE
  5
239
330
1F
100
AcDbEntity
  8
VISIBLE
100
AcDbLine
 10
85.8698442290124
 20
110.0850835069155
 30
0.0
 11
85.9898442290124
 21
110.0850835069155
 31
0.0
  0
LINE
  5
23A
330
1F
100
AcDbEntity
  8
VISIBLE
100
AcDbLine
 10
77.3698442290124
 20
109.8300835069155
 30
0.0
 11
76.9898442290124
 21
109.8300835069155
 31
0.0
  0
LINE
  5
23B
330
1F
100
AcDbEntity
  8
VISIBLE
100
AcDbLine
 10
80.7398442290124
 20
117.0300835069155
 30
0.0
 11
81.1198442290124
 21
117.0300835069155
 31
0.0
  0
LINE
  5
23C
330
1F
100
AcDbEntity
  8
VISIBLE
100
AcDbLine
 10
85.4898442290124
 20
109.8852759627655
 30
0.0
 11
85.4898442290124
 21
110.0850835069155
 31
0.0
  0
LINE
  5
23D
330
1F
100
AcDbEntity
  8
TANGENT_LINES
100
AcDbLine
 10
71.3698442290124
 20
109.8852759627658
 30
0.0
 11
71.4898442290124
 21
109.8852759627655
 31
0.0
  0
LINE
  5
23E
330
1F
100
AcDbEntity
  8
VISIBLE
100
AcDbLine
 10
88.1298442290124
 20
117.0300835069155
 30
0.0
 11
88.1298442290124
 21
109.8300835069155
 31
0.0
  0
LINE
  5
23F
330
1F
100
AcDbEntity
  8
TANGENT_LINES
100
AcDbLine
 10
77.8698442290124
 20
109.8852759627658
 30
0.0
 11
77.9898442290124
 21
109.8852759627655
 31
0.0
  0
LINE
  5
240
330
1F
100
AcDbEntity
  8
VISIBLE
100
AcDbLine
 10
70.3698442290124
 20
110.0850835069155
 30
0.0
 11
70.4898442290124
 21
110.0850835069155
 31
0.0
  0
LINE
  5
241
330
1F
100
AcDbEntity
  8
VISIBLE
100
AcDbLine
 10
81.9898442290124
 20
109.1600835069155
 30
0.0
 11
81.9898442290124
 21
109.8298059431416
 31
0.0
  0
LINE
  5
242
330
1F
100
AcDbEntity
  8
TANGENT_LINES
100
AcDbLine
 10
74.3698442290124
 20
109.8852759627658
 30
0.0
 11
74.4898442290124
 21
109.8852759627655
 31
0.0
  0
LINE
  5
243
330
1F
100
AcDbEntity
  8
TANGENT_LINES
100
AcDbLine
 10
79.1198442290124
 20
117.0015048631535
 30
0.0
 11
79.2398442290124
 21
117.0015048631535
 31
0.0
  0
LINE
  5
244
330
1F
100
AcDbEntity
  8
TANGENT_LINES
100
AcDbLine
 10
76.8698442290124
 20
109.8852759627658
 30
0.0
 11
76.9898442290124
 21
109.8852759627655
 31
0.0
  0
LINE
  5
245
330
1F
100
AcDbEntity
  8
TANGENT_LINES
100
AcDbLine
 10
81.86984422901241
 20
109.8852759627658
 30
0.0
 11
81.9898442290124
 21
109.8852759627658
 31
0.0
  0
LINE
  5
246
330
1F
100
AcDbEntity
  8
TANGENT_LINES
100
AcDbLine
 10
70.4898442290124
 20
109.8298059431416
 30
0.0
 11
70.3698442290124
 21
109.8298059431412
 31
0.0
  0
LINE
  5
247
330
1F
100
AcDbEntity
  8
VISIBLE
100
AcDbLine
 10
76.9898442290124
 20
109.8852759627655
 30
0.0
 11
76.9898442290124
 21
110.0850835069155
 31
0.0
  0
LINE
  5
248
330
1F
100
AcDbEntity
  8
VISIBLE
100
AcDbLine
 10
73.4898442290124
 20
109.8852759627655
 30
0.0
 11
73.4898442290124
 21
110.0850835069155
 31
0.0
  0
LINE
  5
249
330
1F
100
AcDbEntity
  8
TANGENT_LINES
100
AcDbLine
 10
72.3698442290124
 20
109.8852759627658
 30
0.0
 11
72.4898442290124
 21
109.8852759627655
 31
0.0
  0
LINE
  5
24A
330
1F
100
AcDbEntity
  8
TANGENT_LINES
100
AcDbLine
 10
68.36984422901241
 20
109.8852759627658
 30
0.0
 11
68.4898442290124
 21
109.8852759627655
 31
0.0
  0
LINE
  5
24B
330
1F
100
AcDbEntity
  8
VISIBLE
100
AcDbLine
 10
73.9898442290124
 20
109.8852759627655
 30
0.0
 11
73.9898442290124
 21
110.0850835069155
 31
0.0
  0
LINE
  5
24C
330
1F
100
AcDbEntity
  8
TANGENT_LINES
100
AcDbLine
 10
79.3698442290124
 20
109.8852759627658
 30
0.0
 11
79.4898442290124
 21
109.8852759627655
 31
0.0
  0
LINE
  5
24D
330
1F
100
AcDbEntity
  8
TANGENT_LINES
100
AcDbLine
 10
84.86984422901241
 20
109.8852759627658
 30
0.0
 11
84.9898442290124
 21
109.8852759627655
 31
0.0
  0
LINE
  5
24E
330
1F
100
AcDbEntity
  8
VISIBLE
100
AcDbLine
 10
67.8698442290124
 20
109.8298059431412
 30
0.0
 11
67.8698442290124
 21
109.1600835069155
 31
0.0
  0
LINE
  5
24F
330
1F
100
AcDbEntity
  8
VISIBLE
100
AcDbLine
 10
84.4898442290124
 20
109.1600835069155
 30
0.0
 11
84.4898442290124
 21
109.8298059431416
 31
0.0
  0
LINE
  5
250
330
1F
100
AcDbEntity
  8
TANGENT_LINES
100
AcDbLine
 10
75.3698442290124
 20
109.8852759627658
 30
0.0
 11
75.4898442290124
 21
109.8852759627655
 31
0.0
  0
LINE
  5
251
330
1F
100
AcDbEntity
  8
TANGENT_LINES
100
AcDbLine
 10
72.4898442290124
 20
109.8298059431416
 30
0.0
 11
72.3698442290124
 21
109.8298059431412
 31
0.0
  0
LINE
  5
252
330
1F
100
AcDbEntity
  8
TANGENT_LINES
100
AcDbLine
 10
86.3698442290124
 20
109.8852759627658
 30
0.0
 11
86.4898442290124
 21
109.8852759627658
 31
0.0
  0
LINE
  5
253
330
1F
100
AcDbEntity
  8
TANGENT_LINES
100
AcDbLine
 10
70.8698442290124
 20
109.8852759627658
 30
0.0
 11
70.9898442290124
 21
109.8852759627655
 31
0.0
  0
LINE
  5
254
330
1F
100
AcDbEntity
  8
TANGENT_LINES
100
AcDbLine
 10
75.2398442290124
 20
116.9307941850328
 30
0.0
 11
75.1198442290124
 21
116.9307941850326
 31
0.0
  0
LINE
  5
255
330
1F
100
AcDbEntity
  8
TANGENT_LINES
100
AcDbLine
 10
74.8698442290124
 20
109.8852759627658
 30
0.0
 11
74.9898442290124
 21
109.8852759627655
 31
0.0
  0
LINE
  5
256
330
1F
100
AcDbEntity
  8
VISIBLE
100
AcDbLine
 10
79.6198442290124
 20
117.5600835069155
 30
0.0
 11
79.6198442290124
 21
117.0015048631535
 31
0.0
  0
LINE
  5
257
330
1F
100
AcDbEntity
  8
VISIBLE
100
AcDbLine
 10
84.36984422901241
 20
110.0850835069155
 30
0.0
 11
84.4898442290124
 21
110.0850835069155
 31
0.0
  0
LINE
  5
258
330
1F
100
AcDbEntity
  8
TANGENT_LINES
100
AcDbLine
 10
81.3698442290124
 20
109.8852759627658
 30
0.0
 11
81.4898442290124
 21
109.8852759627655
 31
0.0
  0
LINE
  5
259
330
1F
100
AcDbEntity
  8
TANGENT_LINES
100
AcDbLine
 10
76.36984422901241
 20
109.8852759627658
 30
0.0
 11
76.4898442290124
 21
109.8852759627655
 31
0.0
  0
LINE
  5
25A
330
1F
100
AcDbEntity
  8
VISIBLE
100
AcDbLine
 10
84.86984422901241
 20
110.0850835069155
 30
0.0
 11
84.86984422901241
 21
109.8852759627658
 31
0.0
  0
LINE
  5
25B
330
1F
100
AcDbEntity
  8
TANGENT_LINES
100
AcDbLine
 10
71.8698442290124
 20
109.8852759627658
 30
0.0
 11
71.9898442290124
 21
109.8852759627655
 31
0.0
  0
LINE
  5
25C
330
1F
100
AcDbEntity
  8
TANGENT_LINES
100
AcDbLine
 10
80.3698442290124
 20
109.8852759627658
 30
0.0
 11
80.4898442290124
 21
109.8852759627655
 31
0.0
  0
LINE
  5
25D
330
1F
100
AcDbEntity
  8
VISIBLE
100
AcDbLine
 10
67.8698442290124
 20
110.0850835069155
 30
0.0
 11
67.9898442290124
 21
110.0850835069157
 31
0.0
  0
LINE
  5
25E
330
1F
100
AcDbEntity
  8
VISIBLE
100
AcDbLine
 10
67.9898442290124
 20
109.8852759627665
 30
0.0
 11
67.9898442290124
 21
110.0850835069155
 31
0.0
  0
LINE
  5
25F
330
1F
100
AcDbEntity
  8
VISIBLE
100
AcDbLine
 10
72.4898442290124
 20
109.8852759627655
 30
0.0
 11
72.4898442290124
 21
110.0850835069155
 31
0.0
  0
LINE
  5
260
330
1F
100
AcDbEntity
  8
VISIBLE
100
AcDbLine
 10
75.4898442290124
 20
109.8852759627655
 30
0.0
 11
75.4898442290124
 21
110.0850835069155
 31
0.0
  0
LINE
  5
261
330
1F
100
AcDbEntity
  8
VISIBLE
100
AcDbLine
 10
75.3698442290124
 20
110.0850835069155
 30
0.0
 11
75.3698442290124
 21
109.8852759627658
 31
0.0
  0
LINE
  5
262
330
1F
100
AcDbEntity
  8
VISIBLE
100
AcDbLine
 10
70.8698442290124
 20
110.0850835069155
 30
0.0
 11
70.9898442290124
 21
110.0850835069155
 31
0.0
  0
LINE
  5
263
330
1F
100
AcDbEntity
  8
VISIBLE
100
AcDbLine
 10
85.1198442290124
 20
117.5600835069155
 30
0.0
 11
85.1198442290124
 21
117.0015048631535
 31
0.0
  0
LINE
  5
264
330
1F
100
AcDbEntity
  8
VISIBLE
100
AcDbLine
 10
70.9898442290124
 20
109.8852759627655
 30
0.0
 11
70.9898442290124
 21
110.0850835069155
 31
0.0
  0
LINE
  5
265
330
1F
100
AcDbEntity
  8
VISIBLE
100
AcDbLine
 10
70.8698442290124
 20
110.0850835069155
 30
0.0
 11
70.8698442290124
 21
109.8852759627658
 31
0.0
  0
LINE
  5
266
330
1F
100
AcDbEntity
  8
VISIBLE
100
AcDbLine
 10
88.1298442290124
 20
109.8300835069155
 30
0.0
 11
87.65484422901241
 21
109.8300835069155
 31
0.0
  0
LINE
  5
267
330
1F
100
AcDbEntity
  8
VISIBLE
100
AcDbLine
 10
72.8698442290124
 20
110.0850835069155
 30
0.0
 11
72.9898442290124
 21
110.0850835069155
 31
0.0
  0
LINE
  5
268
330
1F
100
AcDbEntity
  8
VISIBLE
100
AcDbLine
 10
72.2398442290124
 20
117.0300835069155
 30
0.0
 11
72.6198442290124
 21
117.0300835069155
 31
0.0
  0
LINE
  5
269
330
1F
100
AcDbEntity
  8
VISIBLE
100
AcDbLine
 10
72.8698442290124
 20
110.0850835069155
 30
0.0
 11
72.8698442290124
 21
109.8852759627658
 31
0.0
  0
LINE
  5
26A
330
1F
100
AcDbEntity
  8
VISIBLE
100
AcDbLine
 10
79.3698442290124
 20
110.0850835069155
 30
0.0
 11
79.3698442290124
 21
109.8852759627658
 31
0.0
  0
LINE
  5
26B
330
1F
100
AcDbEntity
  8
VISIBLE
100
AcDbLine
 10
68.36984422901241
 20
110.0850835069155
 30
0.0
 11
68.4898442290124
 21
110.0850835069155
 31
0.0
  0
LINE
  5
26C
330
1F
100
AcDbEntity
  8
VISIBLE
100
AcDbLine
 10
85.7398442290124
 20
116.8100835069155
 30
0.0
 11
85.7398442290124
 21
116.9307941850328
 31
0.0
  0
LINE
  5
26D
330
1F
100
AcDbEntity
  8
VISIBLE
100
AcDbLine
 10
69.3698442290124
 20
110.0850835069155
 30
0.0
 11
69.4898442290124
 21
110.0850835069155
 31
0.0
  0
LINE
  5
26E
330
1F
100
AcDbEntity
  8
VISIBLE
100
AcDbLine
 10
71.9898442290124
 20
109.1600835069155
 30
0.0
 11
71.9898442290124
 21
109.8298059431416
 31
0.0
  0
LINE
  5
26F
330
1F
100
AcDbEntity
  8
VISIBLE
100
AcDbLine
 10
69.4898442290124
 20
109.8852759627655
 30
0.0
 11
69.4898442290124
 21
110.0850835069155
 31
0.0
  0
LINE
  5
270
330
1F
100
AcDbEntity
  8
VISIBLE
100
AcDbLine
 10
69.3698442290124
 20
110.0850835069155
 30
0.0
 11
69.3698442290124
 21
109.8852759627658
 31
0.0
  0
LINE
  5
271
330
1F
100
AcDbEntity
  8
VISIBLE
100
AcDbLine
 10
85.3698442290124
 20
110.0850835069155
 30
0.0
 11
85.3698442290124
 21
109.8852759627658
 31
0.0
  0
LINE
  5
272
330
1F
100
AcDbEntity
  8
VISIBLE
100
AcDbLine
 10
78.4898442290124
 20
109.8852759627655
 30
0.0
 11
78.4898442290124
 21
110.0850835069155
 31
0.0
  0
LINE
  5
273
330
1F
100
AcDbEntity
  8
VISIBLE
100
AcDbLine
 10
70.9898442290124
 20
109.1600835069155
 30
0.0
 11
70.9898442290124
 21
109.8298059431416
 31
0.0
  0
LINE
  5
274
330
1F
100
AcDbEntity
  8
VISIBLE
100
AcDbLine
 10
77.9898442290124
 20
109.1600835069155
 30
0.0
 11
77.9898442290124
 21
109.8298059431416
 31
0.0
  0
LINE
  5
275
330
1F
100
AcDbEntity
  8
VISIBLE
100
AcDbLine
 10
79.9898442290124
 20
109.8852759627655
 30
0.0
 11
79.9898442290124
 21
110.0850835069155
 31
0.0
  0
LINE
  5
276
330
1F
100
AcDbEntity
  8
VISIBLE
100
AcDbLine
 10
81.1198442290124
 20
116.9307941850326
 30
0.0
 11
81.1198442290124
 21
116.8100835069153
 31
0.0
  0
LINE
  5
277
330
1F
100
AcDbEntity
  8
VISIBLE
100
AcDbLine
 10
84.9898442290124
 20
109.1600835069155
 30
0.0
 11
84.9898442290124
 21
109.8298059431416
 31
0.0
  0
LINE
  5
278
330
1F
100
AcDbEntity
  8
VISIBLE
100
AcDbLine
 10
85.9898442290124
 20
109.8852759627655
 30
0.0
 11
85.9898442290124
 21
110.0850835069155
 31
0.0
  0
LINE
  5
279
330
1F
100
AcDbEntity
  8
VISIBLE
100
AcDbLine
 10
77.4898442290124
 20
109.8852759627655
 30
0.0
 11
77.4898442290124
 21
110.0850835069155
 31
0.0
  0
LINE
  5
27A
330
1F
100
AcDbEntity
  8
VISIBLE
100
AcDbLine
 10
77.3698442290124
 20
110.0850835069155
 30
0.0
 11
77.3698442290124
 21
109.8852759627658
 31
0.0
  0
LINE
  5
27B
330
1F
100
AcDbEntity
  8
VISIBLE
100
AcDbLine
 10
80.9898442290124
 20
109.8852759627655
 30
0.0
 11
80.9898442290124
 21
110.0850835069155
 31
0.0
  0
LINE
  5
27C
330
1F
100
AcDbEntity
  8
VISIBLE
100
AcDbLine
 10
75.86984422901241
 20
109.8298059431412
 30
0.0
 11
75.86984422901241
 21
109.1600835069155
 31
0.0
  0
LINE
  5
27D
330
1F
100
AcDbEntity
  8
VISIBLE
100
AcDbLine
 10
68.86984422901241
 20
110.0850835069155
 30
0.0
 11
68.9898442290124
 21
110.0850835069155
 31
0.0
  0
LINE
  5
27E
330
1F
100
AcDbEntity
  8
VISIBLE
100
AcDbLine
 10
77.9898442290124
 20
109.8852759627655
 30
0.0
 11
77.9898442290124
 21
110.0850835069155
 31
0.0
  0
LINE
  5
27F
330
1F
100
AcDbEntity
  8
VISIBLE
100
AcDbLine
 10
68.9898442290124
 20
109.8852759627655
 30
0.0
 11
68.9898442290124
 21
110.0850835069155
 31
0.0
  0
LINE
  5
280
330
1F
100
AcDbEntity
  8
VISIBLE
100
AcDbLine
 10
68.86984422901241
 20
110.0850835069155
 30
0.0
 11
68.86984422901241
 21
109.8852759627658
 31
0.0
  0
LINE
  5
281
330
1F
100
AcDbEntity
  8
VISIBLE
100
AcDbLine
 10
77.8698442290124
 20
110.0850835069155
 30
0.0
 11
77.9898442290124
 21
110.0850835069155
 31
0.0
  0
LINE
  5
282
330
1F
100
AcDbEntity
  8
VISIBLE
100
AcDbLine
 10
76.36984422901241
 20
110.0850835069155
 30
0.0
 11
76.4898442290124
 21
110.0850835069155
 31
0.0
  0
LINE
  5
283
330
1F
100
AcDbEntity
  8
VISIBLE
100
AcDbLine
 10
76.4898442290124
 20
109.8852759627655
 30
0.0
 11
76.4898442290124
 21
110.0850835069155
 31
0.0
  0
LINE
  5
284
330
1F
100
AcDbEntity
  8
VISIBLE
100
AcDbLine
 10
76.36984422901241
 20
110.0850835069155
 30
0.0
 11
76.36984422901241
 21
109.8852759627658
 31
0.0
  0
LINE
  5
285
330
1F
100
AcDbEntity
  8
VISIBLE
100
AcDbLine
 10
74.8698442290124
 20
110.0850835069155
 30
0.0
 11
74.9898442290124
 21
110.0850835069155
 31
0.0
  0
LINE
  5
286
330
1F
100
AcDbEntity
  8
VISIBLE
100
AcDbLine
 10
85.3698442290124
 20
109.8300835069155
 30
0.0
 11
84.9898442290124
 21
109.8300835069155
 31
0.0
  0
LINE
  5
287
330
1F
100
AcDbEntity
  8
VISIBLE
100
AcDbLine
 10
74.9898442290124
 20
109.8852759627655
 30
0.0
 11
74.9898442290124
 21
110.0850835069155
 31
0.0
  0
LINE
  5
288
330
1F
100
AcDbEntity
  8
VISIBLE
100
AcDbLine
 10
74.8698442290124
 20
110.0850835069155
 30
0.0
 11
74.8698442290124
 21
109.8852759627658
 31
0.0
  0
LINE
  5
289
330
1F
100
AcDbEntity
  8
VISIBLE
100
AcDbLine
 10
77.8698442290124
 20
110.0850835069155
 30
0.0
 11
77.8698442290124
 21
109.8852759627658
 31
0.0
  0
LINE
  5
28A
330
1F
100
AcDbEntity
  8
VISIBLE
100
AcDbLine
 10
69.9898442290124
 20
109.8852759627655
 30
0.0
 11
69.9898442290124
 21
110.0850835069155
 31
0.0
  0
LINE
  5
28B
330
1F
100
AcDbEntity
  8
VISIBLE
100
AcDbLine
 10
81.6198442290124
 20
116.9307941850326
 30
0.0
 11
81.6198442290124
 21
116.8100835069153
 31
0.0
  0
LINE
  5
28C
330
1F
100
AcDbEntity
  8
VISIBLE
100
AcDbLine
 10
76.36984422901241
 20
109.8298059431412
 30
0.0
 11
76.36984422901241
 21
109.1600835069155
 31
0.0
  0
LINE
  5
28D
330
1F
100
AcDbEntity
  8
TANGENT_LINES
100
AcDbLine
 10
74.7398442290124
 20
116.9307941850328
 30
0.0
 11
74.6198442290124
 21
116.9307941850326
 31
0.0
  0
LINE
  5
28E
330
1F
100
AcDbEntity
  8
VISIBLE
100
AcDbLine
 10
84.86984422901241
 20
110.0850835069155
 30
0.0
 11
84.9898442290124
 21
110.0850835069155
 31
0.0
  0
LINE
  5
28F
330
1F
100
AcDbEntity
  8
VISIBLE
100
AcDbLine
 10
76.8698442290124
 20
110.0850835069155
 30
0.0
 11
76.8698442290124
 21
109.8852759627658
 31
0.0
  0
LINE
  5
290
330
1F
100
AcDbEntity
  8
VISIBLE
100
AcDbLine
 10
84.9898442290124
 20
109.8852759627655
 30
0.0
 11
84.9898442290124
 21
110.0850835069155
 31
0.0
  0
LINE
  5
291
330
1F
100
AcDbEntity
  8
VISIBLE
100
AcDbLine
 10
72.7398442290124
 20
117.0300835069155
 30
0.0
 11
73.1198442290124
 21
117.0300835069155
 31
0.0
  0
LINE
  5
292
330
1F
100
AcDbEntity
  8
VISIBLE
100
AcDbLine
 10
80.8698442290124
 20
110.0850835069155
 30
0.0
 11
80.9898442290124
 21
110.0850835069155
 31
0.0
  0
LINE
  5
293
330
1F
100
AcDbEntity
  8
VISIBLE
100
AcDbLine
 10
74.1198442290124
 20
116.9307941850326
 30
0.0
 11
74.1198442290124
 21
116.8100835069153
 31
0.0
  0
LINE
  5
294
330
1F
100
AcDbEntity
  8
VISIBLE
100
AcDbLine
 10
78.9898442290124
 20
109.8852759627655
 30
0.0
 11
78.9898442290124
 21
110.0850835069155
 31
0.0
  0
LINE
  5
295
330
1F
100
AcDbEntity
  8
VISIBLE
100
AcDbLine
 10
78.8698442290124
 20
110.0850835069155
 30
0.0
 11
78.8698442290124
 21
109.8852759627658
 31
0.0
  0
LINE
  5
296
330
1F
100
AcDbEntity
  8
VISIBLE
100
AcDbLine
 10
81.3698442290124
 20
110.0850835069155
 30
0.0
 11
81.4898442290124
 21
110.0850835069155
 31
0.0
  0
LINE
  5
297
330
1F
100
AcDbEntity
  8
VISIBLE
100
AcDbLine
 10
81.4898442290124
 20
109.8852759627655
 30
0.0
 11
81.4898442290124
 21
110.0850835069155
 31
0.0
  0
LINE
  5
298
330
1F
100
AcDbEntity
  8
VISIBLE
100
AcDbLine
 10
79.9898442290124
 20
109.1600835069155
 30
0.0
 11
79.9898442290124
 21
109.8298059431416
 31
0.0
  0
LINE
  5
299
330
1F
100
AcDbEntity
  8
VISIBLE
100
AcDbLine
 10
81.3698442290124
 20
110.0850835069155
 30
0.0
 11
81.3698442290124
 21
109.8852759627658
 31
0.0
  0
LINE
  5
29A
330
1F
100
AcDbEntity
  8
VISIBLE
100
AcDbLine
 10
70.4898442290124
 20
109.8852759627655
 30
0.0
 11
70.4898442290124
 21
110.0850835069155
 31
0.0
  0
LINE
  5
29B
330
1F
100
AcDbEntity
  8
VISIBLE
100
AcDbLine
 10
67.8698442290124
 20
109.8300835069155
 30
0.0
 11
66.95484422901241
 21
109.8300835069155
 31
0.0
  0
LINE
  5
29C
330
1F
100
AcDbEntity
  8
VISIBLE
100
AcDbLine
 10
75.1198442290124
 20
117.5600835069155
 30
0.0
 11
75.2398442290124
 21
117.5600835069155
 31
0.0
  0
LINE
  5
29D
330
1F
100
AcDbEntity
  8
VISIBLE
100
AcDbLine
 10
70.3698442290124
 20
110.0850835069155
 30
0.0
 11
70.3698442290124
 21
109.8852759627658
 31
0.0
  0
LINE
  5
29E
330
1F
100
AcDbEntity
  8
VISIBLE
100
AcDbLine
 10
72.3698442290124
 20
110.0850835069155
 30
0.0
 11
72.4898442290124
 21
110.0850835069155
 31
0.0
  0
LINE
  5
29F
330
1F
100
AcDbEntity
  8
VISIBLE
100
AcDbLine
 10
79.3698442290124
 20
110.0850835069155
 30
0.0
 11
79.4898442290124
 21
110.0850835069155
 31
0.0
  0
LINE
  5
2A0
330
1F
100
AcDbEntity
  8
VISIBLE
100
AcDbLine
 10
69.7398442290124
 20
117.0015048631535
 30
0.0
 11
69.7398442290124
 21
117.5600835069155
 31
0.0
  0
LINE
  5
2A1
330
1F
100
AcDbEntity
  8
VISIBLE
100
AcDbLine
 10
79.4898442290124
 20
109.8852759627655
 30
0.0
 11
79.4898442290124
 21
110.0850835069155
 31
0.0
  0
LINE
  5
2A2
330
1F
100
AcDbEntity
  8
VISIBLE
100
AcDbLine
 10
71.8698442290124
 20
110.0850835069155
 30
0.0
 11
71.9898442290124
 21
110.0850835069155
 31
0.0
  0
LINE
  5
2A3
330
1F
100
AcDbEntity
  8
VISIBLE
100
AcDbLine
 10
76.8698442290124
 20
110.0850835069155
 30
0.0
 11
76.9898442290124
 21
110.0850835069155
 31
0.0
  0
LINE
  5
2A4
330
1F
100
AcDbEntity
  8
VISIBLE
100
AcDbLine
 10
71.3698442290124
 20
110.0850835069155
 30
0.0
 11
71.4898442290124
 21
110.0850835069155
 31
0.0
  0
LINE
  5
2A5
330
1F
100
AcDbEntity
  8
VISIBLE
100
AcDbLine
 10
71.4898442290124
 20
109.8852759627655
 30
0.0
 11
71.4898442290124
 21
110.0850835069155
 31
0.0
  0
LINE
  5
2A6
330
1F
100
AcDbEntity
  8
VISIBLE
100
AcDbLine
 10
76.7398442290124
 20
116.8100835069155
 30
0.0
 11
76.6198442290124
 21
116.8100835069153
 31
0.0
  0
LINE
  5
2A7
330
1F
100
AcDbEntity
  8
VISIBLE
100
AcDbLine
 10
71.3698442290124
 20
110.0850835069155
 30
0.0
 11
71.3698442290124
 21
109.8852759627658
 31
0.0
  0
LINE
  5
2A8
330
1F
100
AcDbEntity
  8
VISIBLE
100
AcDbLine
 10
80.3698442290124
 20
110.0850835069155
 30
0.0
 11
80.4898442290124
 21
110.0850835069155
 31
0.0
  0
LINE
  5
2A9
330
1F
100
AcDbEntity
  8
TANGENT_LINES
100
AcDbLine
 10
79.7398442290124
 20
116.9307941850328
 30
0.0
 11
79.6198442290124
 21
116.9307941850326
 31
0.0
  0
LINE
  5
2AA
330
1F
100
AcDbEntity
  8
VISIBLE
100
AcDbLine
 10
75.9898442290124
 20
109.8852759627655
 30
0.0
 11
75.9898442290124
 21
110.0850835069155
 31
0.0
  0
LINE
  5
2AB
330
1F
100
AcDbEntity
  8
VISIBLE
100
AcDbLine
 10
81.86984422901241
 20
110.0850835069155
 30
0.0
 11
81.9898442290124
 21
110.0850835069156
 31
0.0
  0
LINE
  5
2AC
330
1F
100
AcDbEntity
  8
VISIBLE
100
AcDbLine
 10
81.9898442290124
 20
109.8852759627658
 30
0.0
 11
81.9898442290124
 21
110.0850835069156
 31
0.0
  0
LINE
  5
2AD
330
1F
100
AcDbEntity
  8
VISIBLE
100
AcDbLine
 10
77.7398442290124
 20
116.8100835069155
 30
0.0
 11
77.7398442290124
 21
116.9307941850328
 31
0.0
  0
LINE
  5
2AE
330
1F
100
AcDbEntity
  8
VISIBLE
100
AcDbLine
 10
73.8698442290124
 20
109.8298059431412
 30
0.0
 11
73.8698442290124
 21
109.1600835069155
 31
0.0
  0
LINE
  5
2AF
330
1F
100
AcDbEntity
  8
VISIBLE
100
AcDbLine
 10
86.3698442290124
 20
110.0850835069155
 30
0.0
 11
86.3698442290124
 21
109.8852759627658
 31
0.0
  0
LINE
  5
2B0
330
1F
100
AcDbEntity
  8
VISIBLE
100
AcDbLine
 10
86.1198442290124
 20
116.9307941850275
 30
0.0
 11
86.1198442290124
 21
116.8100835069154
 31
0.0
  0
LINE
  5
2B1
330
1F
100
AcDbEntity
  8
VISIBLE
100
AcDbLine
 10
86.2398442290124
 20
116.8100835069155
 30
0.0
 11
86.2398442290124
 21
116.9307941850317
 31
0.0
  0
LINE
  5
2B2
330
1F
100
AcDbEntity
  8
VISIBLE
100
AcDbLine
 10
81.2398442290124
 20
116.8100835069155
 30
0.0
 11
81.1198442290124
 21
116.8100835069153
 31
0.0
  0
LINE
  5
2B3
330
1F
100
AcDbEntity
  8
VISIBLE
100
AcDbLine
 10
74.7398442290124
 20
116.8100835069155
 30
0.0
 11
74.7398442290124
 21
116.9307941850328
 31
0.0
  0
LINE
  5
2B4
330
1F
100
AcDbEntity
  8
VISIBLE
100
AcDbLine
 10
79.2398442290124
 20
116.8100835069155
 30
0.0
 11
79.1198442290124
 21
116.8100835069153
 31
0.0
  0
LINE
  5
2B5
330
1F
100
AcDbEntity
  8
VISIBLE
100
AcDbLine
 10
87.40484422901241
 20
111.3800835069155
 30
0.0
 11
87.40484422901241
 21
111.2600835069155
 31
0.0
  0
LINE
  5
2B6
330
1F
100
AcDbEntity
  8
VISIBLE
100
AcDbLine
 10
73.7398442290124
 20
116.8100835069155
 30
0.0
 11
73.7398442290124
 21
116.9307941850328
 31
0.0
  0
LINE
  5
2B7
330
1F
100
AcDbEntity
  8
VISIBLE
100
AcDbLine
 10
68.11984422901241
 20
117.5600835069155
 30
0.0
 11
68.2398442290124
 21
117.5600835069155
 31
0.0
  0
LINE
  5
2B8
330
1F
100
AcDbEntity
  8
VISIBLE
100
AcDbLine
 10
78.7398442290124
 20
116.8100835069155
 30
0.0
 11
78.6198442290124
 21
116.8100835069153
 31
0.0
  0
LINE
  5
2B9
330
1F
100
AcDbEntity
  8
VISIBLE
100
AcDbLine
 10
78.7398442290124
 20
116.8100835069155
 30
0.0
 11
78.7398442290124
 21
116.9307941850328
 31
0.0
  0
LINE
  5
2BA
330
1F
100
AcDbEntity
  8
VISIBLE
100
AcDbLine
 10
78.3698442290124
 20
109.8300835069155
 30
0.0
 11
77.9898442290124
 21
109.8300835069155
 31
0.0
  0
LINE
  5
2BB
330
1F
100
AcDbEntity
  8
VISIBLE
100
AcDbLine
 10
78.6198442290124
 20
116.9307941850326
 30
0.0
 11
78.6198442290124
 21
116.8100835069153
 31
0.0
  0
LINE
  5
2BC
330
1F
100
AcDbEntity
  8
VISIBLE
100
AcDbLine
 10
75.3698442290124
 20
109.8300835069155
 30
0.0
 11
74.9898442290124
 21
109.8300835069155
 31
0.0
  0
LINE
  5
2BD
330
1F
100
AcDbEntity
  8
VISIBLE
100
AcDbLine
 10
78.2398442290124
 20
116.8100835069155
 30
0.0
 11
78.1198442290124
 21
116.8100835069153
 31
0.0
  0
LINE
  5
2BE
330
1F
100
AcDbEntity
  8
VISIBLE
100
AcDbLine
 10
78.2398442290124
 20
116.8100835069155
 30
0.0
 11
78.2398442290124
 21
116.9307941850328
 31
0.0
  0
LINE
  5
2BF
330
1F
100
AcDbEntity
  8
VISIBLE
100
AcDbLine
 10
85.1198442290124
 20
116.9307941850326
 30
0.0
 11
85.1198442290124
 21
116.8100835069153
 31
0.0
  0
LINE
  5
2C0
330
1F
100
AcDbEntity
  8
VISIBLE
100
AcDbLine
 10
79.2398442290124
 20
116.8100835069155
 30
0.0
 11
79.2398442290124
 21
116.9307941850328
 31
0.0
  0
LINE
  5
2C1
330
1F
100
AcDbEntity
  8
VISIBLE
100
AcDbLine
 10
79.1198442290124
 20
116.9307941850326
 30
0.0
 11
79.1198442290124
 21
116.8100835069153
 31
0.0
  0
LINE
  5
2C2
330
1F
100
AcDbEntity
  8
VISIBLE
100
AcDbLine
 10
72.7398442290124
 20
116.8100835069155
 30
0.0
 11
72.6198442290124
 21
116.8100835069153
 31
0.0
  0
LINE
  5
2C3
330
1F
100
AcDbEntity
  8
TANGENT_LINES
100
AcDbLine
 10
73.2398442290124
 20
116.9307941850328
 30
0.0
 11
73.1198442290124
 21
116.9307941850326
 31
0.0
  0
LINE
  5
2C4
330
1F
100
AcDbEntity
  8
VISIBLE
100
AcDbLine
 10
72.7398442290124
 20
116.8100835069155
 30
0.0
 11
72.7398442290124
 21
116.9307941850328
 31
0.0
  0
LINE
  5
2C5
330
1F
100
AcDbEntity
  8
VISIBLE
100
AcDbLine
 10
68.4898442290124
 20
109.1600835069155
 30
0.0
 11
68.4898442290124
 21
109.8298059431416
 31
0.0
  0
LINE
  5
2C6
330
1F
100
AcDbEntity
  8
VISIBLE
100
AcDbLine
 10
85.2398442290124
 20
116.8100835069155
 30
0.0
 11
85.1198442290124
 21
116.8100835069153
 31
0.0
  0
LINE
  5
2C7
330
1F
100
AcDbEntity
  8
VISIBLE
100
AcDbLine
 10
72.2398442290124
 20
116.8100835069155
 30
0.0
 11
72.1198442290124
 21
116.8100835069153
 31
0.0
  0
LINE
  5
2C8
330
1F
100
AcDbEntity
  8
VISIBLE
100
AcDbLine
 10
72.2398442290124
 20
116.8100835069155
 30
0.0
 11
72.2398442290124
 21
116.9307941850328
 31
0.0
  0
LINE
  5
2C9
330
1F
100
AcDbEntity
  8
TANGENT_LINES
100
AcDbLine
 10
75.86984422901241
 20
109.8852759627658
 30
0.0
 11
75.9898442290124
 21
109.8852759627655
 31
0.0
  0
LINE
  5
2CA
330
1F
100
AcDbEntity
  8
VISIBLE
100
AcDbLine
 10
72.1198442290124
 20
116.9307941850326
 30
0.0
 11
72.1198442290124
 21
116.8100835069153
 31
0.0
  0
LINE
  5
2CB
330
1F
100
AcDbEntity
  8
VISIBLE
100
AcDbLine
 10
80.2398442290124
 20
116.8100835069155
 30
0.0
 11
80.1198442290124
 21
116.8100835069153
 31
0.0
  0
LINE
  5
2CC
330
1F
100
AcDbEntity
  8
VISIBLE
100
AcDbLine
 10
82.2398442290124
 20
116.8100835069155
 30
0.0
 11
82.11984422901241
 21
116.8100835069153
 31
0.0
  0
LINE
  5
2CD
330
1F
100
AcDbEntity
  8
TANGENT_LINES
100
AcDbLine
 10
80.9898442290124
 20
109.8298059431416
 30
0.0
 11
80.8698442290124
 21
109.8298059431412
 31
0.0
  0
LINE
  5
2CE
330
1F
100
AcDbEntity
  8
VISIBLE
100
AcDbLine
 10
80.1198442290124
 20
116.9307941850326
 30
0.0
 11
80.1198442290124
 21
116.8100835069153
 31
0.0
  0
LINE
  5
2CF
330
1F
100
AcDbEntity
  8
VISIBLE
100
AcDbLine
 10
68.7398442290124
 20
116.8100835069155
 30
0.0
 11
68.61984422901241
 21
116.8100835069153
 31
0.0
  0
LINE
  5
2D0
330
1F
100
AcDbEntity
  8
VISIBLE
100
AcDbLine
 10
70.7398442290124
 20
117.0015048631535
 30
0.0
 11
70.7398442290124
 21
117.5600835069155
 31
0.0
  0
LINE
  5
2D1
330
1F
100
AcDbEntity
  8
VISIBLE
100
AcDbLine
 10
68.7398442290124
 20
116.8100835069155
 30
0.0
 11
68.7398442290124
 21
116.9307941850328
 31
0.0
  0
LINE
  5
2D2
330
1F
100
AcDbEntity
  8
VISIBLE
100
AcDbLine
 10
76.11984422901241
 20
117.5600835069155
 30
0.0
 11
76.11984422901241
 21
117.0015048631535
 31
0.0
  0
LINE
  5
2D3
330
1F
100
AcDbEntity
  8
VISIBLE
100
AcDbLine
 10
69.2398442290124
 20
116.8100835069155
 30
0.0
 11
69.11984422901241
 21
116.8100835069153
 31
0.0
  0
LINE
  5
2D4
330
1F
100
AcDbEntity
  8
VISIBLE
100
AcDbLine
 10
69.11984422901241
 20
116.9307941850326
 30
0.0
 11
69.11984422901241
 21
116.8100835069153
 31
0.0
  0
LINE
  5
2D5
330
1F
100
AcDbEntity
  8
VISIBLE
100
AcDbLine
 10
68.11984422901241
 20
116.9307941850326
 30
0.0
 11
68.11984422901241
 21
116.8100835069153
 31
0.0
  0
LINE
  5
2D6
330
1F
100
AcDbEntity
  8
VISIBLE
100
AcDbLine
 10
70.2398442290124
 20
116.8100835069155
 30
0.0
 11
70.2398442290124
 21
116.9307941850328
 31
0.0
  0
LINE
  5
2D7
330
1F
100
AcDbEntity
  8
VISIBLE
100
AcDbLine
 10
85.7398442290124
 20
116.8100835069155
 30
0.0
 11
85.6198442290124
 21
116.8100835069153
 31
0.0
  0
LINE
  5
2D8
330
1F
100
AcDbEntity
  8
VISIBLE
100
AcDbLine
 10
70.1198442290124
 20
116.9307941850326
 30
0.0
 11
70.1198442290124
 21
116.8100835069153
 31
0.0
  0
LINE
  5
2D9
330
1F
100
AcDbEntity
  8
VISIBLE
100
AcDbLine
 10
84.36984422901241
 20
110.0850835069155
 30
0.0
 11
84.36984422901241
 21
109.8852759627658
 31
0.0
  0
LINE
  5
2DA
330
1F
100
AcDbEntity
  8
VISIBLE
100
AcDbLine
 10
81.7398442290124
 20
116.8100835069155
 30
0.0
 11
81.6198442290124
 21
116.8100835069153
 31
0.0
  0
LINE
  5
2DB
330
1F
100
AcDbEntity
  8
VISIBLE
100
AcDbLine
 10
85.7398442290124
 20
117.0300835069155
 30
0.0
 11
86.1198442290124
 21
117.0300835069155
 31
0.0
  0
LINE
  5
2DC
330
1F
100
AcDbEntity
  8
VISIBLE
100
AcDbLine
 10
81.7398442290124
 20
116.8100835069155
 30
0.0
 11
81.7398442290124
 21
116.9307941850328
 31
0.0
  0
LINE
  5
2DD
330
1F
100
AcDbEntity
  8
VISIBLE
100
AcDbLine
 10
75.1198442290124
 20
116.9307941850326
 30
0.0
 11
75.1198442290124
 21
116.8100835069153
 31
0.0
  0
LINE
  5
2DE
330
1F
100
AcDbEntity
  8
VISIBLE
100
AcDbLine
 10
69.2398442290124
 20
116.8100835069155
 30
0.0
 11
69.2398442290124
 21
116.9307941850328
 31
0.0
  0
LINE
  5
2DF
330
1F
100
AcDbEntity
  8
VISIBLE
100
AcDbLine
 10
74.2398442290124
 20
116.8100835069155
 30
0.0
 11
74.1198442290124
 21
116.8100835069153
 31
0.0
  0
LINE
  5
2E0
330
1F
100
AcDbEntity
  8
VISIBLE
100
AcDbLine
 10
76.6198442290124
 20
116.9307941850326
 30
0.0
 11
76.6198442290124
 21
116.8100835069153
 31
0.0
  0
LINE
  5
2E1
330
1F
100
AcDbEntity
  8
TANGENT_LINES
100
AcDbLine
 10
79.86984422901241
 20
109.8852759627658
 30
0.0
 11
79.9898442290124
 21
109.8852759627655
 31
0.0
  0
LINE
  5
2E2
330
1F
100
AcDbEntity
  8
VISIBLE
100
AcDbLine
 10
79.7398442290124
 20
116.8100835069155
 30
0.0
 11
79.6198442290124
 21
116.8100835069153
 31
0.0
  0
LINE
  5
2E3
330
1F
100
AcDbEntity
  8
VISIBLE
100
AcDbLine
 10
79.6198442290124
 20
116.9307941850326
 30
0.0
 11
79.6198442290124
 21
116.8100835069153
 31
0.0
  0
LINE
  5
2E4
330
1F
100
AcDbEntity
  8
VISIBLE
100
AcDbLine
 10
76.2398442290124
 20
116.8100835069155
 30
0.0
 11
76.11984422901241
 21
116.8100835069153
 31
0.0
  0
LINE
  5
2E5
330
1F
100
AcDbEntity
  8
VISIBLE
100
AcDbLine
 10
76.2398442290124
 20
116.8100835069155
 30
0.0
 11
76.2398442290124
 21
116.9307941850328
 31
0.0
  0
LINE
  5
2E6
330
1F
100
AcDbEntity
  8
VISIBLE
100
AcDbLine
 10
76.11984422901241
 20
116.9307941850326
 30
0.0
 11
76.11984422901241
 21
116.8100835069153
 31
0.0
  0
LINE
  5
2E7
330
1F
100
AcDbEntity
  8
VISIBLE
100
AcDbLine
 10
73.7398442290124
 20
116.8100835069155
 30
0.0
 11
73.6198442290124
 21
116.8100835069153
 31
0.0
  0
LINE
  5
2E8
330
1F
100
AcDbEntity
  8
VISIBLE
100
AcDbLine
 10
74.7398442290124
 20
116.8100835069155
 30
0.0
 11
74.6198442290124
 21
116.8100835069153
 31
0.0
  0
LINE
  5
2E9
330
1F
100
AcDbEntity
  8
VISIBLE
100
AcDbLine
 10
71.1198442290124
 20
116.9307941850326
 30
0.0
 11
71.1198442290124
 21
116.8100835069153
 31
0.0
  0
LINE
  5
2EA
330
1F
100
AcDbEntity
  8
VISIBLE
100
AcDbLine
 10
69.6198442290124
 20
116.9307941850326
 30
0.0
 11
69.6198442290124
 21
116.8100835069153
 31
0.0
  0
LINE
  5
2EB
330
1F
100
AcDbEntity
  8
VISIBLE
100
AcDbLine
 10
73.6198442290124
 20
117.5600835069155
 30
0.0
 11
73.6198442290124
 21
117.0015048631535
 31
0.0
  0
LINE
  5
2EC
330
1F
100
AcDbEntity
  8
VISIBLE
100
AcDbLine
 10
71.2398442290124
 20
116.8100835069155
 30
0.0
 11
71.1198442290124
 21
116.8100835069153
 31
0.0
  0
LINE
  5
2ED
330
1F
100
AcDbEntity
  8
VISIBLE
100
AcDbLine
 10
84.7398442290124
 20
116.8100835069155
 30
0.0
 11
84.61984422901241
 21
116.8100835069153
 31
0.0
  0
LINE
  5
2EE
330
1F
100
AcDbEntity
  8
VISIBLE
100
AcDbLine
 10
86.3698442290124
 20
109.8298059431412
 30
0.0
 11
86.3698442290124
 21
109.1600835069155
 31
0.0
  0
LINE
  5
2EF
330
1F
100
AcDbEntity
  8
VISIBLE
100
AcDbLine
 10
77.2398442290124
 20
116.8100835069155
 30
0.0
 11
77.1198442290124
 21
116.8100835069153
 31
0.0
  0
LINE
  5
2F0
330
1F
100
AcDbEntity
  8
VISIBLE
100
AcDbLine
 10
77.2398442290124
 20
116.8100835069155
 30
0.0
 11
77.2398442290124
 21
116.9307941850328
 31
0.0
  0
LINE
  5
2F1
330
1F
100
AcDbEntity
  8
VISIBLE
100
AcDbLine
 10
75.7398442290124
 20
116.8100835069155
 30
0.0
 11
75.6198442290124
 21
116.8100835069153
 31
0.0
  0
LINE
  5
2F2
330
1F
100
AcDbEntity
  8
VISIBLE
100
AcDbLine
 10
82.11984422901241
 20
116.9307941850326
 30
0.0
 11
82.11984422901241
 21
116.8100835069153
 31
0.0
  0
LINE
  5
2F3
330
1F
100
AcDbEntity
  8
VISIBLE
100
AcDbLine
 10
81.2398442290124
 20
116.8100835069155
 30
0.0
 11
81.2398442290124
 21
116.9307941850328
 31
0.0
  0
LINE
  5
2F4
330
1F
100
AcDbEntity
  8
VISIBLE
100
AcDbLine
 10
73.2398442290124
 20
116.8100835069155
 30
0.0
 11
73.1198442290124
 21
116.8100835069153
 31
0.0
  0
LINE
  5
2F5
330
1F
100
AcDbEntity
  8
VISIBLE
100
AcDbLine
 10
73.1198442290124
 20
116.9307941850326
 30
0.0
 11
73.1198442290124
 21
116.8100835069153
 31
0.0
  0
SPLINE
  5
2F6
330
1F
100
AcDbEntity
  8
VISIBLE
100
AcDbSpline
210
0.0
220
0.0
230
1.0
 70
     8
 71
     3
 72
    10
 73
     6
 74
     0
 42
0.000000001
 43
0.000000013840557
 40
0.0
 40
0.0
 40
0.0
 40
0.0
 40
0.3333333333333
 40
0.6666666666667
 40
1.0
 40
1.0
 40
1.0
 40
1.0
 10
86.8798435379594
 20
114.2000644691025
 30
0.0
 10
86.90451779174239
 20
114.2159530219005
 30
0.0
 10
86.9522384446974
 20
114.2478275091635
 30
0.0
 10
87.01889551006741
 20
114.2959880818975
 30
0.0
 10
87.0600785268374
 20
114.3283929108375
 30
0.0
 10
87.0798444496414
 20
114.3446925781705
 30
0.0
  0
SPLINE
  5
2F7
330
1F
100
AcDbEntity
  8
VISIBLE
100
AcDbSpline
210
0.0
220
0.0
230
1.0
 70
     8
 71
     3
 72
    10
 73
     6
 74
     0
 42
0.000000001
 43
0.0000000139378218
 40
0.0
 40
0.0
 40
0.0
 40
0.0
 40
0.3333333333333
 40
0.6666666666667
 40
1.0
 40
1.0
 40
1.0
 40
1.0
 10
87.0798455550534
 20
115.3754753745875
 30
0.0
 10
87.06013401256041
 20
115.3917303045645
 30
0.0
 10
87.01902055697141
 20
115.4240869027945
 30
0.0
 10
86.9523492828044
 20
115.4722698414035
 30
0.0
 10
86.90456432124141
 20
115.5041849618375
 30
0.0
 10
86.8798429582574
 20
115.5201037867105
 30
0.0
  0
SPLINE
  5
2F8
330
1F
100
AcDbEntity
  8
VISIBLE
100
AcDbSpline
210
0.0
220
0.0
230
1.0
 70
     8
 71
     3
 72
    10
 73
     6
 74
     0
 42
0.000000001
 43
0.0000000129312016
 40
0.0
 40
0.0
 40
0.0
 40
0.0
 40
0.3333333333333
 40
0.6666666666667
 40
1.0
 40
1.0
 40
1.0
 40
1.0
 10
67.47984485851941
 20
115.2283566833415
 30
0.0
 10
67.45457377504441
 20
115.2163477967595
 30
0.0
 10
67.4060439031864
 20
115.1921132061585
 30
0.0
 10
67.3393061438624
 20
115.1548903810465
 30
0.0
 10
67.2989584962594
 20
115.1293134982925
 30
0.0
 10
67.2798440896784
 20
115.1162556066405
 30
0.0
  0
SPLINE
  5
2F9
330
1F
100
AcDbEntity
  8
VISIBLE
100
AcDbSpline
210
0.0
220
0.0
230
1.0
 70
     8
 71
     3
 72
    10
 73
     6
 74
     0
 42
0.000000001
 43
0.0000000128755891
 40
0.0
 40
0.0
 40
0.0
 40
0.0
 40
0.3333333333333
 40
0.6666666666667
 40
1.0
 40
1.0
 40
1.0
 40
1.0
 10
67.27984420895041
 20
114.6039092513465
 30
0.0
 10
67.2989266005904
 20
114.5908732500555
 30
0.0
 10
67.33923434326141
 20
114.5653343797625
 30
0.0
 10
67.4059697484854
 20
114.5280733380125
 30
0.0
 10
67.4545437521084
 20
114.5038330111875
 30
0.0
 10
67.47984515502141
 20
114.4918097709855
 30
0.0
  0
LINE
  5
2FA
330
1F
100
AcDbEntity
  8
VISIBLE
100
AcDbLine
 10
71.8698442290124
 20
109.8852759627657
 30
0.0
 11
71.8698442290124
 21
109.8298059431412
 31
0.0
  0
LINE
  5
2FB
330
1F
100
AcDbEntity
  8
VISIBLE
100
AcDbLine
 10
71.9898442290124
 20
109.8298059431416
 30
0.0
 11
71.9898442290124
 21
109.8852759627655
 31
0.0
  0
LINE
  5
2FC
330
1F
100
AcDbEntity
  8
VISIBLE
100
AcDbLine
 10
76.4898442290124
 20
109.8298059431416
 30
0.0
 11
76.4898442290124
 21
109.8852759627655
 31
0.0
  0
LINE
  5
2FD
330
1F
100
AcDbEntity
  8
VISIBLE
100
AcDbLine
 10
81.3698442290124
 20
109.8852759627657
 30
0.0
 11
81.3698442290124
 21
109.8298059431412
 31
0.0
  0
LINE
  5
2FE
330
1F
100
AcDbEntity
  8
VISIBLE
100
AcDbLine
 10
81.4898442290124
 20
109.8298059431416
 30
0.0
 11
81.4898442290124
 21
109.8852759627655
 31
0.0
  0
LINE
  5
2FF
330
1F
100
AcDbEntity
  8
VISIBLE
100
AcDbLine
 10
85.3698442290124
 20
109.8852759627657
 30
0.0
 11
85.3698442290124
 21
109.8298059431412
 31
0.0
  0
LINE
  5
300
330
1F
100
AcDbEntity
  8
VISIBLE
100
AcDbLine
 10
85.4898442290124
 20
109.8298059431416
 30
0.0
 11
85.4898442290124
 21
109.8852759627655
 31
0.0
  0
LINE
  5
301
330
1F
100
AcDbEntity
  8
VISIBLE
100
AcDbLine
 10
74.8698442290124
 20
109.8852759627657
 30
0.0
 11
74.8698442290124
 21
109.8298059431412
 31
0.0
  0
LINE
  5
302
330
1F
100
AcDbEntity
  8
VISIBLE
100
AcDbLine
 10
70.1198442290124
 20
117.0015048631535
 30
0.0
 11
70.1198442290124
 21
116.9307941850329
 31
0.0
  0
LINE
  5
303
330
1F
100
AcDbEntity
  8
VISIBLE
100
AcDbLine
 10
74.3698442290124
 20
109.8852759627657
 30
0.0
 11
74.3698442290124
 21
109.8298059431412
 31
0.0
  0
LINE
  5
304
330
1F
100
AcDbEntity
  8
VISIBLE
100
AcDbLine
 10
70.2398442290124
 20
116.930794185033
 30
0.0
 11
70.2398442290124
 21
117.0015048631535
 31
0.0
  0
LINE
  5
305
330
1F
100
AcDbEntity
  8
VISIBLE
100
AcDbLine
 10
74.9898442290124
 20
109.8298059431416
 30
0.0
 11
74.9898442290124
 21
109.8852759627655
 31
0.0
  0
LINE
  5
306
330
1F
100
AcDbEntity
  8
VISIBLE
100
AcDbLine
 10
68.11984422901241
 20
117.0015048631535
 30
0.0
 11
68.11984422901241
 21
116.9307941850329
 31
0.0
  0
LINE
  5
307
330
1F
100
AcDbEntity
  8
VISIBLE
100
AcDbLine
 10
69.2398442290124
 20
116.930794185033
 30
0.0
 11
69.2398442290124
 21
117.0015048631535
 31
0.0
  0
LINE
  5
308
330
1F
100
AcDbEntity
  8
VISIBLE
100
AcDbLine
 10
71.7398442290124
 20
116.930794185033
 30
0.0
 11
71.7398442290124
 21
117.0015048631535
 31
0.0
  0
LINE
  5
309
330
1F
100
AcDbEntity
  8
VISIBLE
100
AcDbLine
 10
74.1198442290124
 20
117.0015048631535
 30
0.0
 11
74.1198442290124
 21
116.9307941850329
 31
0.0
  0
LINE
  5
30A
330
1F
100
AcDbEntity
  8
VISIBLE
100
AcDbLine
 10
70.9898442290124
 20
109.8298059431416
 30
0.0
 11
70.9898442290124
 21
109.8852759627655
 31
0.0
  0
LINE
  5
30B
330
1F
100
AcDbEntity
  8
VISIBLE
100
AcDbLine
 10
76.7398442290124
 20
116.930794185033
 30
0.0
 11
76.7398442290124
 21
117.0015048631535
 31
0.0
  0
LINE
  5
30C
330
1F
100
AcDbEntity
  8
VISIBLE
100
AcDbLine
 10
74.2398442290124
 20
116.930794185033
 30
0.0
 11
74.2398442290124
 21
117.0015048631535
 31
0.0
  0
LINE
  5
30D
330
1F
100
AcDbEntity
  8
VISIBLE
100
AcDbLine
 10
79.1198442290124
 20
117.0015048631535
 30
0.0
 11
79.1198442290124
 21
116.9307941850329
 31
0.0
  0
LINE
  5
30E
330
1F
100
AcDbEntity
  8
VISIBLE
100
AcDbLine
 10
80.1198442290124
 20
117.0015048631535
 30
0.0
 11
80.1198442290124
 21
116.9307941850329
 31
0.0
  0
LINE
  5
30F
330
1F
100
AcDbEntity
  8
VISIBLE
100
AcDbLine
 10
85.1198442290124
 20
117.0015048631535
 30
0.0
 11
85.1198442290124
 21
116.9307941850329
 31
0.0
  0
LINE
  5
310
330
1F
100
AcDbEntity
  8
VISIBLE
100
AcDbLine
 10
84.61984422901241
 20
117.0015048631535
 30
0.0
 11
84.61984422901241
 21
116.9307941850329
 31
0.0
  0
LINE
  5
311
330
1F
100
AcDbEntity
  8
VISIBLE
100
AcDbLine
 10
70.7398442290124
 20
116.930794185033
 30
0.0
 11
70.7398442290124
 21
117.0015048631535
 31
0.0
  0
LINE
  5
312
330
1F
100
AcDbEntity
  8
VISIBLE
100
AcDbLine
 10
80.6198442290124
 20
117.0015048631535
 30
0.0
 11
80.6198442290124
 21
116.9307941850329
 31
0.0
  0
LINE
  5
313
330
1F
100
AcDbEntity
  8
VISIBLE
100
AcDbLine
 10
77.6198442290124
 20
117.0015048631535
 30
0.0
 11
77.6198442290124
 21
116.9307941850329
 31
0.0
  0
LINE
  5
314
330
1F
100
AcDbEntity
  8
VISIBLE
100
AcDbLine
 10
77.2398442290124
 20
116.930794185033
 30
0.0
 11
77.2398442290124
 21
117.0015048631535
 31
0.0
  0
LINE
  5
315
330
1F
100
AcDbEntity
  8
VISIBLE
100
AcDbLine
 10
72.1198442290124
 20
117.0015048631535
 30
0.0
 11
72.1198442290124
 21
116.9307941850329
 31
0.0
  0
LINE
  5
316
330
1F
100
AcDbEntity
  8
VISIBLE
100
AcDbLine
 10
82.2398442290124
 20
116.930794185033
 30
0.0
 11
82.2398442290124
 21
117.0015048631535
 31
0.0
  0
LINE
  5
317
330
1F
100
AcDbEntity
  8
VISIBLE
100
AcDbLine
 10
75.6198442290124
 20
117.0015048631535
 30
0.0
 11
75.6198442290124
 21
116.9307941850329
 31
0.0
  0
LINE
  5
318
330
1F
100
AcDbEntity
  8
VISIBLE
100
AcDbLine
 10
71.6198442290124
 20
117.0015048631535
 30
0.0
 11
71.6198442290124
 21
116.9307941850329
 31
0.0
  0
LINE
  5
319
330
1F
100
AcDbEntity
  8
VISIBLE
100
AcDbLine
 10
71.2398442290124
 20
116.930794185033
 30
0.0
 11
71.2398442290124
 21
117.0015048631535
 31
0.0
  0
LINE
  5
31A
330
1F
100
AcDbEntity
  8
VISIBLE
100
AcDbLine
 10
84.4898442290124
 20
109.8298059431416
 30
0.0
 11
84.4898442290124
 21
109.8852759627655
 31
0.0
  0
LINE
  5
31B
330
1F
100
AcDbEntity
  8
VISIBLE
100
AcDbLine
 10
76.8698442290124
 20
109.8852759627657
 30
0.0
 11
76.8698442290124
 21
109.8298059431412
 31
0.0
  0
LINE
  5
31C
330
1F
100
AcDbEntity
  8
VISIBLE
100
AcDbLine
 10
80.2398442290124
 20
116.930794185033
 30
0.0
 11
80.2398442290124
 21
117.0015048631535
 31
0.0
  0
LINE
  5
31D
330
1F
100
AcDbEntity
  8
VISIBLE
100
AcDbLine
 10
67.9898442290124
 20
109.8298059431416
 30
0.0
 11
67.9898442290124
 21
109.8852759627665
 31
0.0
  0
ARC
  5
31E
330
1F
100
AcDbEntity
  8
VISIBLE
100
AcDbCircle
 10
87.17984103241841
 20
114.8600856165725
 30
0.0
 40
0.7250016341379001
100
AcDbArc
 50
245.5569342317878
 51
114.4431983840817
  0
LINE
  5
31F
330
1F
100
AcDbEntity
  8
VISIBLE
100
AcDbLine
 10
86.2398442290124
 20
116.9307941850318
 30
0.0
 11
86.2398442290124
 21
117.0015048631585
 31
0.0
  0
LINE
  5
320
330
1F
100
AcDbEntity
  8
VISIBLE
100
AcDbLine
 10
75.7398442290124
 20
116.930794185033
 30
0.0
 11
75.7398442290124
 21
117.0015048631535
 31
0.0
  0
LINE
  5
321
330
1F
100
AcDbEntity
  8
VISIBLE
100
AcDbLine
 10
69.4898442290124
 20
109.8298059431416
 30
0.0
 11
69.4898442290124
 21
109.8852759627655
 31
0.0
  0
LINE
  5
322
330
1F
100
AcDbEntity
  8
VISIBLE
100
AcDbLine
 10
86.1198442290124
 20
117.0015048631555
 30
0.0
 11
86.1198442290124
 21
116.9307941850278
 31
0.0
  0
ARC
  5
323
330
1F
100
AcDbEntity
  8
VISIBLE
100
AcDbCircle
 10
87.17984103241841
 20
114.8600856165725
 30
0.0
 40
0.524998364559094
100
AcDbArc
 50
259.0197557968061
 51
100.9801359594861
  0
LINE
  5
324
330
1F
100
AcDbEntity
  8
VISIBLE
100
AcDbLine
 10
69.7398442290124
 20
116.930794185033
 30
0.0
 11
69.7398442290124
 21
117.0015048631535
 31
0.0
  0
LINE
  5
325
330
1F
100
AcDbEntity
  8
VISIBLE
100
AcDbLine
 10
72.6198442290124
 20
117.0015048631535
 30
0.0
 11
72.6198442290124
 21
116.9307941850329
 31
0.0
  0
ARC
  5
326
330
1F
100
AcDbEntity
  8
VISIBLE
100
AcDbCircle
 10
67.1798466127774
 20
114.8600823367175
 30
0.0
 40
0.2749985318495
100
AcDbArc
 50
68.67676561149808
 51
291.323254107608
  0
LINE
  5
327
330
1F
100
AcDbEntity
  8
VISIBLE
100
AcDbLine
 10
85.8698442290124
 20
109.8852759627657
 30
0.0
 11
85.8698442290124
 21
109.8298059431412
 31
0.0
  0
LINE
  5
328
330
1F
100
AcDbEntity
  8
VISIBLE
100
AcDbLine
 10
73.1198442290124
 20
117.0015048631535
 30
0.0
 11
73.1198442290124
 21
116.9307941850329
 31
0.0
  0
LINE
  5
329
330
1F
100
AcDbEntity
  8
VISIBLE
100
AcDbLine
 10
70.6198442290124
 20
117.0015048631535
 30
0.0
 11
70.6198442290124
 21
116.9307941850329
 31
0.0
  0
LINE
  5
32A
330
1F
100
AcDbEntity
  8
VISIBLE
100
AcDbLine
 10
75.86984422901241
 20
109.8852759627657
 30
0.0
 11
75.86984422901241
 21
109.8298059431412
 31
0.0
  0
LINE
  5
32B
330
1F
100
AcDbEntity
  8
VISIBLE
100
AcDbLine
 10
79.9898442290124
 20
109.8298059431416
 30
0.0
 11
79.9898442290124
 21
109.8852759627655
 31
0.0
  0
LINE
  5
32C
330
1F
100
AcDbEntity
  8
VISIBLE
100
AcDbLine
 10
73.6198442290124
 20
117.0015048631535
 30
0.0
 11
73.6198442290124
 21
116.9307941850329
 31
0.0
  0
LINE
  5
32D
330
1F
100
AcDbEntity
  8
VISIBLE
100
AcDbLine
 10
78.7398442290124
 20
116.930794185033
 30
0.0
 11
78.7398442290124
 21
117.0015048631535
 31
0.0
  0
LINE
  5
32E
330
1F
100
AcDbEntity
  8
VISIBLE
100
AcDbLine
 10
74.7398442290124
 20
116.930794185033
 30
0.0
 11
74.7398442290124
 21
117.0015048631535
 31
0.0
  0
LINE
  5
32F
330
1F
100
AcDbEntity
  8
VISIBLE
100
AcDbLine
 10
74.6198442290124
 20
117.0015048631535
 30
0.0
 11
74.6198442290124
 21
116.9307941850329
 31
0.0
  0
LINE
  5
330
330
1F
100
AcDbEntity
  8
VISIBLE
100
AcDbLine
 10
86.3698442290124
 20
109.8852759627657
 30
0.0
 11
86.3698442290124
 21
109.8298059431412
 31
0.0
  0
LINE
  5
331
330
1F
100
AcDbEntity
  8
VISIBLE
100
AcDbLine
 10
68.2398442290124
 20
116.930794185033
 30
0.0
 11
68.2398442290124
 21
117.0015048631535
 31
0.0
  0
LINE
  5
332
330
1F
100
AcDbEntity
  8
VISIBLE
100
AcDbLine
 10
80.7398442290124
 20
116.930794185033
 30
0.0
 11
80.7398442290124
 21
117.0015048631535
 31
0.0
  0
LINE
  5
333
330
1F
100
AcDbEntity
  8
VISIBLE
100
AcDbLine
 10
68.7398442290124
 20
116.930794185033
 30
0.0
 11
68.7398442290124
 21
117.0015048631535
 31
0.0
  0
LINE
  5
334
330
1F
100
AcDbEntity
  8
VISIBLE
100
AcDbLine
 10
82.11984422901241
 20
117.0015048631535
 30
0.0
 11
82.11984422901241
 21
116.9307941850329
 31
0.0
  0
LINE
  5
335
330
1F
100
AcDbEntity
  8
VISIBLE
100
AcDbLine
 10
68.61984422901241
 20
117.0015048631535
 30
0.0
 11
68.61984422901241
 21
116.9307941850329
 31
0.0
  0
LINE
  5
336
330
1F
100
AcDbEntity
  8
VISIBLE
100
AcDbLine
 10
73.7398442290124
 20
116.930794185033
 30
0.0
 11
73.7398442290124
 21
117.0015048631535
 31
0.0
  0
LINE
  5
337
330
1F
100
AcDbEntity
  8
VISIBLE
100
AcDbLine
 10
78.1198442290124
 20
117.0015048631535
 30
0.0
 11
78.1198442290124
 21
116.9307941850329
 31
0.0
  0
LINE
  5
338
330
1F
100
AcDbEntity
  8
VISIBLE
100
AcDbLine
 10
72.9898442290124
 20
109.8298059431416
 30
0.0
 11
72.9898442290124
 21
109.8852759627655
 31
0.0
  0
LINE
  5
339
330
1F
100
AcDbEntity
  8
VISIBLE
100
AcDbLine
 10
75.2398442290124
 20
116.930794185033
 30
0.0
 11
75.2398442290124
 21
117.0015048631535
 31
0.0
  0
LINE
  5
33A
330
1F
100
AcDbEntity
  8
VISIBLE
100
AcDbLine
 10
79.7398442290124
 20
116.930794185033
 30
0.0
 11
79.7398442290124
 21
117.0015048631535
 31
0.0
  0
LINE
  5
33B
330
1F
100
AcDbEntity
  8
VISIBLE
100
AcDbLine
 10
73.9898442290124
 20
109.8298059431416
 30
0.0
 11
73.9898442290124
 21
109.8852759627655
 31
0.0
  0
LINE
  5
33C
330
1F
100
AcDbEntity
  8
VISIBLE
100
AcDbLine
 10
69.11984422901241
 20
117.0015048631535
 30
0.0
 11
69.11984422901241
 21
116.9307941850329
 31
0.0
  0
LINE
  5
33D
330
1F
100
AcDbEntity
  8
VISIBLE
100
AcDbLine
 10
79.6198442290124
 20
117.0015048631535
 30
0.0
 11
79.6198442290124
 21
116.9307941850329
 31
0.0
  0
LINE
  5
33E
330
1F
100
AcDbEntity
  8
VISIBLE
100
AcDbLine
 10
85.7398442290124
 20
116.930794185033
 30
0.0
 11
85.7398442290124
 21
117.0015048631535
 31
0.0
  0
LINE
  5
33F
330
1F
100
AcDbEntity
  8
VISIBLE
100
AcDbLine
 10
85.2398442290124
 20
116.930794185033
 30
0.0
 11
85.2398442290124
 21
117.0015048631535
 31
0.0
  0
LINE
  5
340
330
1F
100
AcDbEntity
  8
VISIBLE
100
AcDbLine
 10
69.6198442290124
 20
117.0015048631535
 30
0.0
 11
69.6198442290124
 21
116.9307941850329
 31
0.0
  0
LINE
  5
341
330
1F
100
AcDbEntity
  8
VISIBLE
100
AcDbLine
 10
76.9898442290124
 20
109.8298059431416
 30
0.0
 11
76.9898442290124
 21
109.8852759627655
 31
0.0
  0
LINE
  5
342
330
1F
100
AcDbEntity
  8
VISIBLE
100
AcDbLine
 10
78.2398442290124
 20
116.930794185033
 30
0.0
 11
78.2398442290124
 21
117.0015048631535
 31
0.0
  0
LINE
  5
343
330
1F
100
AcDbEntity
  8
VISIBLE
100
AcDbLine
 10
78.4898442290124
 20
109.8298059431416
 30
0.0
 11
78.4898442290124
 21
109.8852759627655
 31
0.0
  0
LINE
  5
344
330
1F
100
AcDbEntity
  8
VISIBLE
100
AcDbLine
 10
77.1198442290124
 20
117.0015048631535
 30
0.0
 11
77.1198442290124
 21
116.9307941850329
 31
0.0
  0
LINE
  5
345
330
1F
100
AcDbEntity
  8
VISIBLE
100
AcDbLine
 10
70.4898442290124
 20
109.8298059431416
 30
0.0
 11
70.4898442290124
 21
109.8852759627655
 31
0.0
  0
LINE
  5
346
330
1F
100
AcDbEntity
  8
VISIBLE
100
AcDbLine
 10
72.2398442290124
 20
116.930794185033
 30
0.0
 11
72.2398442290124
 21
117.0015048631535
 31
0.0
  0
LINE
  5
347
330
1F
100
AcDbEntity
  8
VISIBLE
100
AcDbLine
 10
78.6198442290124
 20
117.0015048631535
 30
0.0
 11
78.6198442290124
 21
116.9307941850329
 31
0.0
  0
LINE
  5
348
330
1F
100
AcDbEntity
  8
VISIBLE
100
AcDbLine
 10
85.6198442290124
 20
117.0015048631535
 30
0.0
 11
85.6198442290124
 21
116.9307941850329
 31
0.0
  0
LINE
  5
349
330
1F
100
AcDbEntity
  8
VISIBLE
100
AcDbLine
 10
81.7398442290124
 20
116.930794185033
 30
0.0
 11
81.7398442290124
 21
117.0015048631535
 31
0.0
  0
LINE
  5
34A
330
1F
100
AcDbEntity
  8
VISIBLE
100
AcDbLine
 10
78.3698442290124
 20
109.8852759627657
 30
0.0
 11
78.3698442290124
 21
109.8298059431412
 31
0.0
  0
LINE
  5
34B
330
1F
100
AcDbEntity
  8
VISIBLE
100
AcDbLine
 10
81.6198442290124
 20
117.0015048631535
 30
0.0
 11
81.6198442290124
 21
116.9307941850329
 31
0.0
  0
LINE
  5
34C
330
1F
100
AcDbEntity
  8
VISIBLE
100
AcDbLine
 10
71.1198442290124
 20
117.0015048631535
 30
0.0
 11
71.1198442290124
 21
116.9307941850329
 31
0.0
  0
LINE
  5
34D
330
1F
100
AcDbEntity
  8
VISIBLE
100
AcDbLine
 10
81.1198442290124
 20
117.0015048631535
 30
0.0
 11
81.1198442290124
 21
116.9307941850329
 31
0.0
  0
LINE
  5
34E
330
1F
100
AcDbEntity
  8
VISIBLE
100
AcDbLine
 10
76.2398442290124
 20
116.930794185033
 30
0.0
 11
76.2398442290124
 21
117.0015048631535
 31
0.0
  0
LINE
  5
34F
330
1F
100
AcDbEntity
  8
VISIBLE
100
AcDbLine
 10
76.11984422901241
 20
117.0015048631535
 30
0.0
 11
76.11984422901241
 21
116.9307941850329
 31
0.0
  0
LINE
  5
350
330
1F
100
AcDbEntity
  8
VISIBLE
100
AcDbLine
 10
73.2398442290124
 20
116.930794185033
 30
0.0
 11
73.2398442290124
 21
117.0015048631535
 31
0.0
  0
LINE
  5
351
330
1F
100
AcDbEntity
  8
VISIBLE
100
AcDbLine
 10
80.9898442290124
 20
109.8298059431416
 30
0.0
 11
80.9898442290124
 21
109.8852759627655
 31
0.0
  0
LINE
  5
352
330
1F
100
AcDbEntity
  8
VISIBLE
100
AcDbLine
 10
80.8698442290124
 20
109.8852759627657
 30
0.0
 11
80.8698442290124
 21
109.8298059431412
 31
0.0
  0
LINE
  5
353
330
1F
100
AcDbEntity
  8
VISIBLE
100
AcDbLine
 10
78.9898442290124
 20
109.8298059431416
 30
0.0
 11
78.9898442290124
 21
109.8852759627655
 31
0.0
  0
LINE
  5
354
330
1F
100
AcDbEntity
  8
VISIBLE
100
AcDbLine
 10
68.9898442290124
 20
109.8298059431416
 30
0.0
 11
68.9898442290124
 21
109.8852759627655
 31
0.0
  0
LINE
  5
355
330
1F
100
AcDbEntity
  8
VISIBLE
100
AcDbLine
 10
85.9898442290124
 20
109.8298059431416
 30
0.0
 11
85.9898442290124
 21
109.8852759627655
 31
0.0
  0
LINE
  5
356
330
1F
100
AcDbEntity
  8
VISIBLE
100
AcDbLine
 10
73.8698442290124
 20
109.8852759627657
 30
0.0
 11
73.8698442290124
 21
109.8298059431412
 31
0.0
  0
LINE
  5
357
330
1F
100
AcDbEntity
  8
VISIBLE
100
AcDbLine
 10
72.7398442290124
 20
116.930794185033
 30
0.0
 11
72.7398442290124
 21
117.0015048631535
 31
0.0
  0
LINE
  5
358
330
1F
100
AcDbEntity
  8
VISIBLE
100
AcDbLine
 10
80.4898442290124
 20
109.8298059431416
 30
0.0
 11
80.4898442290124
 21
109.8852759627655
 31
0.0
  0
LINE
  5
359
330
1F
100
AcDbEntity
  8
VISIBLE
100
AcDbLine
 10
68.86984422901241
 20
109.8852759627657
 30
0.0
 11
68.86984422901241
 21
109.8298059431412
 31
0.0
  0
LINE
  5
35A
330
1F
100
AcDbEntity
  8
VISIBLE
100
AcDbLine
 10
78.8698442290124
 20
109.8852759627657
 30
0.0
 11
78.8698442290124
 21
109.8298059431412
 31
0.0
  0
LINE
  5
35B
330
1F
100
AcDbEntity
  8
VISIBLE
100
AcDbLine
 10
71.4898442290124
 20
109.8298059431416
 30
0.0
 11
71.4898442290124
 21
109.8852759627655
 31
0.0
  0
LINE
  5
35C
330
1F
100
AcDbEntity
  8
VISIBLE
100
AcDbLine
 10
71.3698442290124
 20
109.8852759627657
 30
0.0
 11
71.3698442290124
 21
109.8298059431412
 31
0.0
  0
LINE
  5
35D
330
1F
100
AcDbEntity
  8
VISIBLE
100
AcDbLine
 10
79.86984422901241
 20
109.8852759627657
 30
0.0
 11
79.86984422901241
 21
109.8298059431412
 31
0.0
  0
LINE
  5
35E
330
1F
100
AcDbEntity
  8
VISIBLE
100
AcDbLine
 10
73.4898442290124
 20
109.8298059431416
 30
0.0
 11
73.4898442290124
 21
109.8852759627655
 31
0.0
  0
LINE
  5
35F
330
1F
100
AcDbEntity
  8
VISIBLE
100
AcDbLine
 10
73.3698442290124
 20
109.8852759627657
 30
0.0
 11
73.3698442290124
 21
109.8298059431412
 31
0.0
  0
ARC
  5
360
330
1F
100
AcDbEntity
  8
VISIBLE
100
AcDbCircle
 10
67.1798466127774
 20
114.8600823367175
 30
0.0
 40
0.4750009690165
100
AcDbArc
 50
50.83357082247697
 51
309.1665915220503
  0
LINE
  5
361
330
1F
100
AcDbEntity
  8
VISIBLE
100
AcDbLine
 10
84.36984422901241
 20
109.8852759627657
 30
0.0
 11
84.36984422901241
 21
109.8298059431412
 31
0.0
  0
LINE
  5
362
330
1F
100
AcDbEntity
  8
VISIBLE
100
AcDbLine
 10
77.9898442290124
 20
109.8298059431416
 30
0.0
 11
77.9898442290124
 21
109.8852759627655
 31
0.0
  0
LINE
  5
363
330
1F
100
AcDbEntity
  8
VISIBLE
100
AcDbLine
 10
77.8698442290124
 20
109.8852759627657
 30
0.0
 11
77.8698442290124
 21
109.8298059431412
 31
0.0
  0
LINE
  5
364
330
1F
100
AcDbEntity
  8
VISIBLE
100
AcDbLine
 10
75.9898442290124
 20
109.8298059431416
 30
0.0
 11
75.9898442290124
 21
109.8852759627655
 31
0.0
  0
LINE
  5
365
330
1F
100
AcDbEntity
  8
VISIBLE
100
AcDbLine
 10
68.4898442290124
 20
109.8298059431416
 30
0.0
 11
68.4898442290124
 21
109.8852759627655
 31
0.0
  0
LINE
  5
366
330
1F
100
AcDbEntity
  8
VISIBLE
100
AcDbLine
 10
76.6198442290124
 20
117.0015048631535
 30
0.0
 11
76.6198442290124
 21
116.9307941850329
 31
0.0
  0
LINE
  5
367
330
1F
100
AcDbEntity
  8
VISIBLE
100
AcDbLine
 10
74.4898442290124
 20
109.8298059431416
 30
0.0
 11
74.4898442290124
 21
109.8852759627655
 31
0.0
  0
LINE
  5
368
330
1F
100
AcDbEntity
  8
VISIBLE
100
AcDbLine
 10
69.3698442290124
 20
109.8852759627657
 30
0.0
 11
69.3698442290124
 21
109.8298059431412
 31
0.0
  0
LINE
  5
369
330
1F
100
AcDbEntity
  8
VISIBLE
100
AcDbLine
 10
69.9898442290124
 20
109.8298059431416
 30
0.0
 11
69.9898442290124
 21
109.8852759627655
 31
0.0
  0
LINE
  5
36A
330
1F
100
AcDbEntity
  8
VISIBLE
100
AcDbLine
 10
72.4898442290124
 20
109.8298059431416
 30
0.0
 11
72.4898442290124
 21
109.8852759627655
 31
0.0
  0
LINE
  5
36B
330
1F
100
AcDbEntity
  8
VISIBLE
100
AcDbLine
 10
84.7398442290124
 20
116.930794185033
 30
0.0
 11
84.7398442290124
 21
117.0015048631535
 31
0.0
  0
LINE
  5
36C
330
1F
100
AcDbEntity
  8
VISIBLE
100
AcDbLine
 10
69.8698442290124
 20
109.8852759627657
 30
0.0
 11
69.8698442290124
 21
109.8298059431412
 31
0.0
  0
LINE
  5
36D
330
1F
100
AcDbEntity
  8
VISIBLE
100
AcDbLine
 10
80.3698442290124
 20
109.8852759627657
 30
0.0
 11
80.3698442290124
 21
109.8298059431412
 31
0.0
  0
LINE
  5
36E
330
1F
100
AcDbEntity
  8
VISIBLE
100
AcDbLine
 10
81.9898442290124
 20
109.8298059431416
 30
0.0
 11
81.9898442290124
 21
109.8852759627657
 31
0.0
  0
LINE
  5
36F
330
1F
100
AcDbEntity
  8
VISIBLE
100
AcDbLine
 10
70.8698442290124
 20
109.8852759627657
 30
0.0
 11
70.8698442290124
 21
109.8298059431412
 31
0.0
  0
LINE
  5
370
330
1F
100
AcDbEntity
  8
VISIBLE
100
AcDbLine
 10
67.8698442290124
 20
109.8852759627674
 30
0.0
 11
67.8698442290124
 21
109.8298059431412
 31
0.0
  0
LINE
  5
371
330
1F
100
AcDbEntity
  8
VISIBLE
100
AcDbLine
 10
81.86984422901241
 20
109.8852759627657
 30
0.0
 11
81.86984422901241
 21
109.8298059431412
 31
0.0
  0
LINE
  5
372
330
1F
100
AcDbEntity
  8
VISIBLE
100
AcDbLine
 10
68.36984422901241
 20
109.8852759627657
 30
0.0
 11
68.36984422901241
 21
109.8298059431412
 31
0.0
  0
LINE
  5
373
330
1F
100
AcDbEntity
  8
VISIBLE
100
AcDbLine
 10
77.7398442290124
 20
116.930794185033
 30
0.0
 11
77.7398442290124
 21
117.0015048631535
 31
0.0
  0
LINE
  5
374
330
1F
100
AcDbEntity
  8
VISIBLE
100
AcDbLine
 10
79.4898442290124
 20
109.8298059431416
 30
0.0
 11
79.4898442290124
 21
109.8852759627655
 31
0.0
  0
LINE
  5
375
330
1F
100
AcDbEntity
  8
VISIBLE
100
AcDbLine
 10
76.36984422901241
 20
109.8852759627657
 30
0.0
 11
76.36984422901241
 21
109.8298059431412
 31
0.0
  0
LINE
  5
376
330
1F
100
AcDbEntity
  8
VISIBLE
100
AcDbLine
 10
79.3698442290124
 20
109.8852759627657
 30
0.0
 11
79.3698442290124
 21
109.8298059431412
 31
0.0
  0
LINE
  5
377
330
1F
100
AcDbEntity
  8
VISIBLE
100
AcDbLine
 10
72.8698442290124
 20
109.8852759627657
 30
0.0
 11
72.8698442290124
 21
109.8298059431412
 31
0.0
  0
LINE
  5
378
330
1F
100
AcDbEntity
  8
VISIBLE
100
AcDbLine
 10
70.3698442290124
 20
109.8852759627657
 30
0.0
 11
70.3698442290124
 21
109.8298059431412
 31
0.0
  0
LINE
  5
379
330
1F
100
AcDbEntity
  8
VISIBLE
100
AcDbLine
 10
75.4898442290124
 20
109.8298059431416
 30
0.0
 11
75.4898442290124
 21
109.8852759627655
 31
0.0
  0
LINE
  5
37A
330
1F
100
AcDbEntity
  8
VISIBLE
100
AcDbLine
 10
79.2398442290124
 20
116.930794185033
 30
0.0
 11
79.2398442290124
 21
117.0015048631535
 31
0.0
  0
LINE
  5
37B
330
1F
100
AcDbEntity
  8
VISIBLE
100
AcDbLine
 10
81.2398442290124
 20
116.930794185033
 30
0.0
 11
81.2398442290124
 21
117.0015048631535
 31
0.0
  0
LINE
  5
37C
330
1F
100
AcDbEntity
  8
VISIBLE
100
AcDbLine
 10
77.4898442290124
 20
109.8298059431416
 30
0.0
 11
77.4898442290124
 21
109.8852759627655
 31
0.0
  0
LINE
  5
37D
330
1F
100
AcDbEntity
  8
VISIBLE
100
AcDbLine
 10
77.3698442290124
 20
109.8852759627657
 30
0.0
 11
77.3698442290124
 21
109.8298059431412
 31
0.0
  0
LINE
  5
37E
330
1F
100
AcDbEntity
  8
VISIBLE
100
AcDbLine
 10
84.9898442290124
 20
109.8298059431416
 30
0.0
 11
84.9898442290124
 21
109.8852759627655
 31
0.0
  0
LINE
  5
37F
330
1F
100
AcDbEntity
  8
VISIBLE
100
AcDbLine
 10
84.86984422901241
 20
109.8852759627657
 30
0.0
 11
84.86984422901241
 21
109.8298059431412
 31
0.0
  0
LINE
  5
380
330
1F
100
AcDbEntity
  8
VISIBLE
100
AcDbLine
 10
75.3698442290124
 20
109.8852759627657
 30
0.0
 11
75.3698442290124
 21
109.8298059431412
 31
0.0
  0
LINE
  5
381
330
1F
100
AcDbEntity
  8
VISIBLE
100
AcDbLine
 10
75.1198442290124
 20
117.0015048631535
 30
0.0
 11
75.1198442290124
 21
116.9307941850329
 31
0.0
  0
LINE
  5
382
330
1F
100
AcDbEntity
  8
VISIBLE
100
AcDbLine
 10
72.3698442290124
 20
109.8852759627657
 30
0.0
 11
72.3698442290124
 21
109.8298059431412
 31
0.0
  0
LINE
  5
383
330
1F
100
AcDbEntity
  8
VISIBLE
100
AcDbLine
 10
86.4898442290124
 20
109.8298059431416
 30
0.0
 11
86.4898442290124
 21
109.8852759627657
 31
0.0
  0
CIRCLE
  5
387
330
1F
100
AcDbEntity
  8
VISIBLE
100
AcDbCircle
 10
109.5054671840929
 20
120.8831719671771
 30
0.0
 40
1.7499457
  0
LINE
  5
388
330
1F
100
AcDbEntity
  8
VISIBLE
100
AcDbLine
 10
120.5054671840929
 20
146.8832344766431
 30
0.0
 11
120.5054671840929
 21
108.8832344766432
 31
0.0
  0
LINE
  5
389
330
1F
100
AcDbEntity
  8
VISIBLE
100
AcDbLine
 10
98.50546718409286
 20
146.8832344766431
 30
0.0
 11
98.58046718409287
 21
146.8832344766431
 31
0.0
  0
LINE
  5
38A
330
1F
100
AcDbEntity
  8
VISIBLE
100
AcDbLine
 10
120.4304671840929
 20
146.8832344766431
 30
0.0
 11
120.5054671840929
 21
146.8832344766431
 31
0.0
  0
LINE
  5
38B
330
1F
100
AcDbEntity
  8
VISIBLE
100
AcDbLine
 10
119.4304671840929
 20
148.2818658287952
 30
0.0
 11
119.4304671840929
 21
147.8832344766431
 31
0.0
  0
LINE
  5
38C
330
1F
100
AcDbEntity
  8
VISIBLE
100
AcDbLine
 10
115.0304671840929
 20
148.2818658287952
 30
0.0
 11
115.0304671840929
 21
147.9832344766431
 31
0.0
  0
LINE
  5
38D
330
1F
100
AcDbEntity
  8
VISIBLE
100
AcDbLine
 10
99.58046718409287
 20
147.8832344766431
 30
0.0
 11
99.58046718409287
 21
148.2818658287952
 31
0.0
  0
LINE
  5
38E
330
1F
100
AcDbEntity
  8
VISIBLE
100
AcDbLine
 10
107.7555214841346
 20
108.8831705671771
 30
0.0
 11
98.50546718409286
 21
108.8832344766432
 31
0.0
  0
LINE
  5
38F
330
1F
100
AcDbEntity
  8
VISIBLE
100
AcDbLine
 10
116.2304671840929
 20
147.9832344766431
 30
0.0
 11
116.2304671840929
 21
148.2818658287952
 31
0.0
  0
LINE
  5
390
330
1F
100
AcDbEntity
  8
VISIBLE
100
AcDbLine
 10
111.2554128840511
 20
108.8831705671771
 30
0.0
 11
120.5054671840929
 21
108.8832344766432
 31
0.0
  0
LINE
  5
391
330
1F
100
AcDbEntity
  8
VISIBLE
100
AcDbLine
 10
98.50546718409286
 20
108.8832344766432
 30
0.0
 11
98.50546718409286
 21
146.8832344766431
 31
0.0
  0
SPLINE
  5
392
330
1F
100
AcDbEntity
  8
VISIBLE
100
AcDbSpline
210
0.0
220
0.0
230
1.0
 70
    12
 71
     3
 72
     8
 73
     4
 74
     0
 42
0.000000001
 43
0.0000000152144906
 40
0.0
 40
0.0
 40
0.0
 40
0.0
 40
1.0
 40
1.0
 40
1.0
 40
1.0
 10
111.2554128840511
 20
108.8831705671771
 30
0.0
 41
1.0
 10
111.2553887033174
 20
112.3830136055426
 30
0.0
 41
0.3333379393939396
 10
107.7555456648684
 20
112.3830136055426
 30
0.0
 41
0.3333379393939396
 10
107.7555214841346
 20
108.8831705671771
 30
0.0
 41
1.0
  0
ARC
  5
393
330
1F
100
AcDbEntity
  8
VISIBLE
100
AcDbCircle
 10
115.6304671840929
 20
147.9832344766431
 30
0.0
 40
0.6
100
AcDbArc
 50
179.9999999999999
 51
0.0000000000000464
  0
ARC
  5
394
330
1F
100
AcDbEntity
  8
VISIBLE
100
AcDbCircle
 10
98.58046718409287
 20
147.8832344766431
 30
0.0
 40
1.0
100
AcDbArc
 50
270.0
 51
0.0000000000000278
  0
ARC
  5
395
330
1F
100
AcDbEntity
  8
VISIBLE
100
AcDbCircle
 10
120.4304671840929
 20
147.8832344766431
 30
0.0
 40
1.0
100
AcDbArc
 50
180.0
 51
270.0
  0
LINE
  5
396
330
1F
100
AcDbEntity
  8
VISIBLE
100
AcDbLine
 10
111.1875530418478
 20
154.3318658287952
 30
0.0
 11
111.3075530418479
 21
154.3318658287952
 31
0.0
  0
LINE
  5
397
330
1F
100
AcDbEntity
  8
VISIBLE
100
AcDbLine
 10
110.6875530418478
 20
154.3318658287952
 30
0.0
 11
110.8075530418479
 21
154.3318658287952
 31
0.0
  0
LINE
  5
398
330
1F
100
AcDbEntity
  8
VISIBLE
100
AcDbLine
 10
117.6875530418478
 20
154.3318658287952
 30
0.0
 11
117.8075530418479
 21
154.3318658287952
 31
0.0
  0
LINE
  5
399
330
1F
100
AcDbEntity
  8
VISIBLE
100
AcDbLine
 10
103.6875530418478
 20
154.3318658287952
 30
0.0
 11
103.8075530418479
 21
154.3318658287952
 31
0.0
  0
LINE
  5
39A
330
1F
100
AcDbEntity
  8
VISIBLE
100
AcDbLine
 10
101.6875530418478
 20
154.3318658287952
 30
0.0
 11
101.8075530418479
 21
154.3318658287952
 31
0.0
  0
LINE
  5
39B
330
1F
100
AcDbEntity
  8
VISIBLE
100
AcDbLine
 10
105.1875530418478
 20
154.3318658287952
 30
0.0
 11
105.3075530418479
 21
154.3318658287952
 31
0.0
  0
LINE
  5
39C
330
1F
100
AcDbEntity
  8
VISIBLE
100
AcDbLine
 10
108.1875530418478
 20
154.3318658287952
 30
0.0
 11
108.3075530418479
 21
154.3318658287952
 31
0.0
  0
LINE
  5
39D
330
1F
100
AcDbEntity
  8
VISIBLE
100
AcDbLine
 10
101.1875530418478
 20
154.3318658287952
 30
0.0
 11
101.3075530418479
 21
154.3318658287952
 31
0.0
  0
LINE
  5
39E
330
1F
100
AcDbEntity
  8
VISIBLE
100
AcDbLine
 10
113.6875530418478
 20
154.3318658287952
 30
0.0
 11
113.8075530418479
 21
154.3318658287952
 31
0.0
  0
LINE
  5
39F
330
1F
100
AcDbEntity
  8
VISIBLE
100
AcDbLine
 10
106.1875530418478
 20
154.3318658287952
 30
0.0
 11
106.3075530418479
 21
154.3318658287952
 31
0.0
  0
LINE
  5
3A0
330
1F
100
AcDbEntity
  8
VISIBLE
100
AcDbLine
 10
107.1875530418478
 20
154.3318658287952
 30
0.0
 11
107.3075530418479
 21
154.3318658287952
 31
0.0
  0
LINE
  5
3A1
330
1F
100
AcDbEntity
  8
VISIBLE
100
AcDbLine
 10
112.6875530418478
 20
154.3318658287952
 30
0.0
 11
112.8075530418479
 21
154.3318658287952
 31
0.0
  0
LINE
  5
3A2
330
1F
100
AcDbEntity
  8
VISIBLE
100
AcDbLine
 10
118.6875530418478
 20
154.3318658287952
 30
0.0
 11
118.8075530418479
 21
154.3318658287952
 31
0.0
  0
LINE
  5
3A3
330
1F
100
AcDbEntity
  8
VISIBLE
100
AcDbLine
 10
104.1875530418478
 20
154.3318658287952
 30
0.0
 11
104.3075530418479
 21
154.3318658287952
 31
0.0
  0
LINE
  5
3A4
330
1F
100
AcDbEntity
  8
VISIBLE
100
AcDbLine
 10
111.6875530418478
 20
154.3318658287952
 30
0.0
 11
111.8075530418479
 21
154.3318658287952
 31
0.0
  0
LINE
  5
3A5
330
1F
100
AcDbEntity
  8
VISIBLE
100
AcDbLine
 10
105.6875530418478
 20
154.3318658287952
 30
0.0
 11
105.8075530418479
 21
154.3318658287952
 31
0.0
  0
LINE
  5
3A6
330
1F
100
AcDbEntity
  8
VISIBLE
100
AcDbLine
 10
102.1875530418478
 20
154.3318658287952
 30
0.0
 11
102.3075530418479
 21
154.3318658287952
 31
0.0
  0
LINE
  5
3A7
330
1F
100
AcDbEntity
  8
VISIBLE
100
AcDbLine
 10
100.6875530418478
 20
154.3318658287952
 30
0.0
 11
100.8075530418479
 21
154.3318658287952
 31
0.0
  0
LINE
  5
3A8
330
1F
100
AcDbEntity
  8
VISIBLE
100
AcDbLine
 10
110.1875530418478
 20
154.3318658287952
 30
0.0
 11
110.3075530418479
 21
154.3318658287952
 31
0.0
  0
LINE
  5
3A9
330
1F
100
AcDbEntity
  8
VISIBLE
100
AcDbLine
 10
116.6875530418478
 20
154.3318658287952
 30
0.0
 11
116.8075530418479
 21
154.3318658287952
 31
0.0
  0
LINE
  5
3AA
330
1F
100
AcDbEntity
  8
VISIBLE
100
AcDbLine
 10
112.1875530418478
 20
154.3318658287952
 30
0.0
 11
112.3075530418479
 21
154.3318658287952
 31
0.0
  0
LINE
  5
3AB
330
1F
100
AcDbEntity
  8
VISIBLE
100
AcDbLine
 10
107.6875530418478
 20
154.3318658287952
 30
0.0
 11
107.8075530418479
 21
154.3318658287952
 31
0.0
  0
LINE
  5
3AC
330
1F
100
AcDbEntity
  8
VISIBLE
100
AcDbLine
 10
109.1875530418478
 20
154.3318658287952
 30
0.0
 11
109.3075530418479
 21
154.3318658287952
 31
0.0
  0
LINE
  5
3AD
330
1F
100
AcDbEntity
  8
VISIBLE
100
AcDbLine
 10
118.1875530418478
 20
154.3318658287952
 30
0.0
 11
118.3075530418479
 21
154.3318658287952
 31
0.0
  0
LINE
  5
3AE
330
1F
100
AcDbEntity
  8
VISIBLE
100
AcDbLine
 10
104.6875530418478
 20
154.3318658287952
 30
0.0
 11
104.8075530418479
 21
154.3318658287952
 31
0.0
  0
LINE
  5
3AF
330
1F
100
AcDbEntity
  8
TANGENT_LINES
100
AcDbLine
 10
104.3075530418479
 20
154.2818658287952
 30
0.0
 11
104.1875530418478
 21
154.2818658287954
 31
0.0
  0
LINE
  5
3B0
330
1F
100
AcDbEntity
  8
VISIBLE
100
AcDbLine
 10
108.6875530418478
 20
154.2818658287954
 30
0.0
 11
108.6875530418478
 21
153.9174483266792
 31
0.0
  0
LINE
  5
3B1
330
1F
100
AcDbEntity
  8
VISIBLE
100
AcDbLine
 10
117.1875530418478
 20
154.3318658287952
 30
0.0
 11
117.3075530418479
 21
154.3318658287952
 31
0.0
  0
LINE
  5
3B2
330
1F
100
AcDbEntity
  8
VISIBLE
100
AcDbLine
 10
108.8075530418479
 20
153.9174483266789
 30
0.0
 11
108.8075530418479
 21
154.2818658287952
 31
0.0
  0
LINE
  5
3B3
330
1F
100
AcDbEntity
  8
TANGENT_LINES
100
AcDbLine
 10
108.8075530418479
 20
154.2818658287952
 30
0.0
 11
108.6875530418478
 21
154.2818658287954
 31
0.0
  0
LINE
  5
3B4
330
1F
100
AcDbEntity
  8
VISIBLE
100
AcDbLine
 10
117.8075530418479
 20
153.9174483266789
 30
0.0
 11
117.8075530418479
 21
154.2818658287952
 31
0.0
  0
LINE
  5
3B5
330
1F
100
AcDbEntity
  8
TANGENT_LINES
100
AcDbLine
 10
118.8075530418479
 20
153.854281031563
 30
0.0
 11
118.6875530418478
 21
153.854281031563
 31
0.0
  0
LINE
  5
3B6
330
1F
100
AcDbEntity
  8
VISIBLE
100
AcDbLine
 10
117.1875530418478
 20
154.2818658287954
 30
0.0
 11
117.1875530418478
 21
153.9174483266792
 31
0.0
  0
LINE
  5
3B7
330
1F
100
AcDbEntity
  8
VISIBLE
100
AcDbLine
 10
114.1875530418478
 20
153.854281031563
 30
0.0
 11
114.1875530418478
 21
153.6618658287952
 31
0.0
  0
LINE
  5
3B8
330
1F
100
AcDbEntity
  8
VISIBLE
100
AcDbLine
 10
116.8075530418479
 20
153.6618658287952
 30
0.0
 11
116.8075530418479
 21
153.854281031563
 31
0.0
  0
LINE
  5
3B9
330
1F
100
AcDbEntity
  8
VISIBLE
100
AcDbLine
 10
109.6875530418478
 20
154.3318658287952
 30
0.0
 11
109.8075530418479
 21
154.3318658287952
 31
0.0
  0
LINE
  5
3BA
330
1F
100
AcDbEntity
  8
VISIBLE
100
AcDbLine
 10
114.3075530418479
 20
153.6618658287952
 30
0.0
 11
114.3075530418479
 21
153.8542810315629
 31
0.0
  0
LINE
  5
3BB
330
1F
100
AcDbEntity
  8
TANGENT_LINES
100
AcDbLine
 10
117.3075530418479
 20
154.2818658287952
 30
0.0
 11
117.1875530418478
 21
154.2818658287954
 31
0.0
  0
LINE
  5
3BC
330
1F
100
AcDbEntity
  8
TANGENT_LINES
100
AcDbLine
 10
114.3075530418479
 20
153.8542810315629
 30
0.0
 11
114.1875530418478
 21
153.854281031563
 31
0.0
  0
LINE
  5
3BD
330
1F
100
AcDbEntity
  8
VISIBLE
100
AcDbLine
 10
107.8075530418479
 20
153.9174483266789
 30
0.0
 11
107.8075530418479
 21
154.2818658287952
 31
0.0
  0
LINE
  5
3BE
330
1F
100
AcDbEntity
  8
VISIBLE
100
AcDbLine
 10
100.8075530418479
 20
153.6618658287952
 30
0.0
 11
100.8075530418479
 21
153.8542810315629
 31
0.0
  0
LINE
  5
3BF
330
1F
100
AcDbEntity
  8
VISIBLE
100
AcDbLine
 10
107.8075530418479
 20
153.6618658287952
 30
0.0
 11
107.8075530418479
 21
153.854281031563
 31
0.0
  0
LINE
  5
3C0
330
1F
100
AcDbEntity
  8
VISIBLE
100
AcDbLine
 10
105.1875530418478
 20
153.854281031563
 30
0.0
 11
105.1875530418478
 21
153.6618658287952
 31
0.0
  0
LINE
  5
3C1
330
1F
100
AcDbEntity
  8
TANGENT_LINES
100
AcDbLine
 10
107.3075530418479
 20
153.854281031563
 30
0.0
 11
107.1875530418478
 21
153.854281031563
 31
0.0
  0
LINE
  5
3C2
330
1F
100
AcDbEntity
  8
TANGENT_LINES
100
AcDbLine
 10
106.8075530418479
 20
153.8542810315629
 30
0.0
 11
106.6875530418478
 21
153.854281031563
 31
0.0
  0
LINE
  5
3C3
330
1F
100
AcDbEntity
  8
VISIBLE
100
AcDbLine
 10
103.6875530418478
 20
153.854281031563
 30
0.0
 11
103.6875530418478
 21
153.6618658287952
 31
0.0
  0
LINE
  5
3C4
330
1F
100
AcDbEntity
  8
TANGENT_LINES
100
AcDbLine
 10
112.6875530418478
 20
153.9174483266792
 30
0.0
 11
112.8075530418479
 21
153.9174483266789
 31
0.0
  0
LINE
  5
3C5
330
1F
100
AcDbEntity
  8
TANGENT_LINES
100
AcDbLine
 10
111.3075530418479
 20
153.8542810315629
 30
0.0
 11
111.1875530418478
 21
153.854281031563
 31
0.0
  0
LINE
  5
3C6
330
1F
100
AcDbEntity
  8
VISIBLE
100
AcDbLine
 10
102.1875530418478
 20
153.854281031563
 30
0.0
 11
102.1875530418478
 21
153.6618658287952
 31
0.0
  0
LINE
  5
3C7
330
1F
100
AcDbEntity
  8
VISIBLE
100
AcDbLine
 10
104.3075530418479
 20
153.9174483266789
 30
0.0
 11
104.3075530418479
 21
154.2818658287952
 31
0.0
  0
LINE
  5
3C8
330
1F
100
AcDbEntity
  8
TANGENT_LINES
100
AcDbLine
 10
113.3075530418479
 20
154.2818658287952
 30
0.0
 11
113.1875530418478
 21
154.2818658287954
 31
0.0
  0
LINE
  5
3C9
330
1F
100
AcDbEntity
  8
TANGENT_LINES
100
AcDbLine
 10
116.8075530418479
 20
154.2818658287952
 30
0.0
 11
116.6875530418478
 21
154.2818658287954
 31
0.0
  0
LINE
  5
3CA
330
1F
100
AcDbEntity
  8
VISIBLE
100
AcDbLine
 10
107.6875530418478
 20
153.854281031563
 30
0.0
 11
107.6875530418478
 21
153.6618658287952
 31
0.0
  0
LINE
  5
3CB
330
1F
100
AcDbEntity
  8
TANGENT_LINES
100
AcDbLine
 10
105.8075530418479
 20
154.2818658287952
 30
0.0
 11
105.6875530418478
 21
154.2818658287954
 31
0.0
  0
LINE
  5
3CC
330
1F
100
AcDbEntity
  8
VISIBLE
100
AcDbLine
 10
109.8075530418479
 20
153.6618658287952
 30
0.0
 11
109.8075530418479
 21
153.8542810315629
 31
0.0
  0
LINE
  5
3CD
330
1F
100
AcDbEntity
  8
VISIBLE
100
AcDbLine
 10
108.3075530418479
 20
153.9174483266789
 30
0.0
 11
108.3075530418479
 21
154.2818658287952
 31
0.0
  0
LINE
  5
3CE
330
1F
100
AcDbEntity
  8
TANGENT_LINES
100
AcDbLine
 10
107.8075530418479
 20
153.854281031563
 30
0.0
 11
107.6875530418478
 21
153.854281031563
 31
0.0
  0
LINE
  5
3CF
330
1F
100
AcDbEntity
  8
VISIBLE
100
AcDbLine
 10
112.8075530418479
 20
153.6618658287952
 30
0.0
 11
112.8075530418479
 21
153.8542810315629
 31
0.0
  0
LINE
  5
3D0
330
1F
100
AcDbEntity
  8
VISIBLE
100
AcDbLine
 10
120.4475530418479
 20
153.6618658287952
 30
0.0
 11
120.4475530418479
 21
147.1818658287952
 31
0.0
  0
LINE
  5
3D1
330
1F
100
AcDbEntity
  8
VISIBLE
100
AcDbLine
 10
103.3075530418479
 20
153.6618658287952
 30
0.0
 11
103.3075530418479
 21
153.854281031563
 31
0.0
  0
LINE
  5
3D2
330
1F
100
AcDbEntity
  8
TANGENT_LINES
100
AcDbLine
 10
103.3075530418479
 20
153.854281031563
 30
0.0
 11
103.1875530418478
 21
153.854281031563
 31
0.0
  0
LINE
  5
3D3
330
1F
100
AcDbEntity
  8
VISIBLE
100
AcDbLine
 10
112.1875530418478
 20
153.854281031563
 30
0.0
 11
112.1875530418478
 21
153.6618658287952
 31
0.0
  0
LINE
  5
3D4
330
1F
100
AcDbEntity
  8
VISIBLE
100
AcDbLine
 10
113.3075530418479
 20
153.6618658287952
 30
0.0
 11
113.3075530418479
 21
153.854281031563
 31
0.0
  0
LINE
  5
3D5
330
1F
100
AcDbEntity
  8
VISIBLE
100
AcDbLine
 10
119.7725530418479
 20
147.1818658287952
 30
0.0
 11
119.5725530418479
 21
147.3818658287952
 31
0.0
  0
LINE
  5
3D6
330
1F
100
AcDbEntity
  8
VISIBLE
100
AcDbLine
 10
104.8075530418479
 20
153.6618658287952
 30
0.0
 11
104.8075530418479
 21
153.854281031563
 31
0.0
  0
LINE
  5
3D7
330
1F
100
AcDbEntity
  8
VISIBLE
100
AcDbLine
 10
98.54755304184785
 20
153.6618658287952
 30
0.0
 11
98.54755304184785
 21
147.1818658287952
 31
0.0
  0
LINE
  5
3D8
330
1F
100
AcDbEntity
  8
TANGENT_LINES
100
AcDbLine
 10
118.6875530418478
 20
153.9174483266792
 30
0.0
 11
118.8075530418479
 21
153.9174483266789
 31
0.0
  0
LINE
  5
3D9
330
1F
100
AcDbEntity
  8
TANGENT_LINES
100
AcDbLine
 10
102.3075530418479
 20
153.8542810315629
 30
0.0
 11
102.1875530418478
 21
153.854281031563
 31
0.0
  0
LINE
  5
3DA
330
1F
100
AcDbEntity
  8
TANGENT_LINES
100
AcDbLine
 10
112.3075530418479
 20
153.854281031563
 30
0.0
 11
112.1875530418478
 21
153.854281031563
 31
0.0
  0
LINE
  5
3DB
330
1F
100
AcDbEntity
  8
VISIBLE
100
AcDbLine
 10
109.6875530418478
 20
153.854281031563
 30
0.0
 11
109.6875530418478
 21
153.6618658287952
 31
0.0
  0
LINE
  5
3DC
330
1F
100
AcDbEntity
  8
VISIBLE
100
AcDbLine
 10
101.6875530418478
 20
153.854281031563
 30
0.0
 11
101.6875530418478
 21
153.6618658287952
 31
0.0
  0
LINE
  5
3DD
330
1F
100
AcDbEntity
  8
VISIBLE
100
AcDbLine
 10
101.8075530418479
 20
153.6618658287952
 30
0.0
 11
101.8075530418479
 21
153.854281031563
 31
0.0
  0
LINE
  5
3DE
330
1F
100
AcDbEntity
  8
TANGENT_LINES
100
AcDbLine
 10
102.6875530418478
 20
153.9174483266792
 30
0.0
 11
102.8075530418479
 21
153.9174483266789
 31
0.0
  0
LINE
  5
3DF
330
1F
100
AcDbEntity
  8
VISIBLE
100
AcDbLine
 10
105.3075530418479
 20
153.9174483266789
 30
0.0
 11
105.3075530418479
 21
154.2818658287952
 31
0.0
  0
LINE
  5
3E0
330
1F
100
AcDbEntity
  8
TANGENT_LINES
100
AcDbLine
 10
102.8075530418479
 20
154.2818658287952
 30
0.0
 11
102.6875530418478
 21
154.2818658287954
 31
0.0
  0
LINE
  5
3E1
330
1F
100
AcDbEntity
  8
VISIBLE
100
AcDbLine
 10
116.6875530418478
 20
153.854281031563
 30
0.0
 11
116.6875530418478
 21
153.6618658287952
 31
0.0
  0
LINE
  5
3E2
330
1F
100
AcDbEntity
  8
TANGENT_LINES
100
AcDbLine
 10
116.8075530418479
 20
153.854281031563
 30
0.0
 11
116.6875530418478
 21
153.854281031563
 31
0.0
  0
LINE
  5
3E3
330
1F
100
AcDbEntity
  8
VISIBLE
100
AcDbLine
 10
106.1875530418478
 20
153.854281031563
 30
0.0
 11
106.1875530418478
 21
153.6618658287952
 31
0.0
  0
LINE
  5
3E4
330
1F
100
AcDbEntity
  8
TANGENT_LINES
100
AcDbLine
 10
104.3075530418479
 20
153.854281031563
 30
0.0
 11
104.1875530418478
 21
153.854281031563
 31
0.0
  0
LINE
  5
3E5
330
1F
100
AcDbEntity
  8
VISIBLE
100
AcDbLine
 10
101.8075530418479
 20
153.9174483266789
 30
0.0
 11
101.8075530418479
 21
154.2818658287952
 31
0.0
  0
LINE
  5
3E6
330
1F
100
AcDbEntity
  8
TANGENT_LINES
100
AcDbLine
 10
106.3075530418479
 20
153.854281031563
 30
0.0
 11
106.1875530418478
 21
153.854281031563
 31
0.0
  0
LINE
  5
3E7
330
1F
100
AcDbEntity
  8
VISIBLE
100
AcDbLine
 10
119.7225530418478
 20
153.7618658287952
 30
0.0
 11
119.7225530418478
 21
153.6618658287952
 31
0.0
  0
LINE
  5
3E8
330
1F
100
AcDbEntity
  8
VISIBLE
100
AcDbLine
 10
119.5725530418479
 20
148.2818658287952
 30
0.0
 11
119.5725530418479
 21
147.3818658287952
 31
0.0
  0
LINE
  5
3E9
330
1F
100
AcDbEntity
  8
VISIBLE
100
AcDbLine
 10
100.1875530418478
 20
153.8542810315633
 30
0.0
 11
100.1875530418478
 21
153.6618658287952
 31
0.0
  0
LINE
  5
3EA
330
1F
100
AcDbEntity
  8
VISIBLE
100
AcDbLine
 10
99.27255304184786
 20
153.7618658287952
 30
0.0
 11
99.27255304184786
 21
154.0318658287952
 31
0.0
  0
LINE
  5
3EB
330
1F
100
AcDbEntity
  8
VISIBLE
100
AcDbLine
 10
99.02255304184786
 20
154.0318658287952
 30
0.0
 11
99.27255304184786
 21
154.0318658287952
 31
0.0
  0
LINE
  5
3EC
330
1F
100
AcDbEntity
  8
VISIBLE
100
AcDbLine
 10
112.6875530418478
 20
154.2818658287954
 30
0.0
 11
112.6875530418478
 21
153.9174483266792
 31
0.0
  0
LINE
  5
3ED
330
1F
100
AcDbEntity
  8
TANGENT_LINES
100
AcDbLine
 10
100.8075530418479
 20
153.8542810315629
 30
0.0
 11
100.6875530418478
 21
153.854281031563
 31
0.0
  0
LINE
  5
3EE
330
1F
100
AcDbEntity
  8
TANGENT_LINES
100
AcDbLine
 10
106.1875530418478
 20
153.9174483266792
 30
0.0
 11
106.3075530418479
 21
153.9174483266789
 31
0.0
  0
LINE
  5
3EF
330
1F
100
AcDbEntity
  8
VISIBLE
100
AcDbLine
 10
111.3075530418479
 20
153.6618658287952
 30
0.0
 11
111.3075530418479
 21
153.8542810315629
 31
0.0
  0
LINE
  5
3F0
330
1F
100
AcDbEntity
  8
TANGENT_LINES
100
AcDbLine
 10
118.3075530418479
 20
154.2818658287952
 30
0.0
 11
118.1875530418478
 21
154.2818658287954
 31
0.0
  0
LINE
  5
3F1
330
1F
100
AcDbEntity
  8
VISIBLE
100
AcDbLine
 10
106.3075530418479
 20
153.6618658287952
 30
0.0
 11
106.3075530418479
 21
153.854281031563
 31
0.0
  0
LINE
  5
3F2
330
1F
100
AcDbEntity
  8
VISIBLE
100
AcDbLine
 10
103.8075530418479
 20
153.6618658287952
 30
0.0
 11
103.8075530418479
 21
153.8542810315629
 31
0.0
  0
LINE
  5
3F3
330
1F
100
AcDbEntity
  8
TANGENT_LINES
100
AcDbLine
 10
101.6875530418478
 20
153.9174483266792
 30
0.0
 11
101.8075530418479
 21
153.9174483266789
 31
0.0
  0
LINE
  5
3F4
330
1F
100
AcDbEntity
  8
VISIBLE
100
AcDbLine
 10
105.6875530418478
 20
154.2818658287954
 30
0.0
 11
105.6875530418478
 21
153.9174483266792
 31
0.0
  0
LINE
  5
3F5
330
1F
100
AcDbEntity
  8
VISIBLE
100
AcDbLine
 10
99.27255304184786
 20
153.6618658287952
 30
0.0
 11
99.27255304184786
 21
153.7618658287952
 31
0.0
  0
LINE
  5
3F6
330
1F
100
AcDbEntity
  8
VISIBLE
100
AcDbLine
 10
115.0725530418479
 20
148.0118658287952
 30
0.0
 11
115.0725530418479
 21
148.2818658287952
 31
0.0
  0
LINE
  5
3F7
330
1F
100
AcDbEntity
  8
VISIBLE
100
AcDbLine
 10
112.8075530418479
 20
153.9174483266789
 30
0.0
 11
112.8075530418479
 21
154.2818658287952
 31
0.0
  0
LINE
  5
3F8
330
1F
100
AcDbEntity
  8
VISIBLE
100
AcDbLine
 10
109.8075530418479
 20
153.9174483266789
 30
0.0
 11
109.8075530418479
 21
154.2818658287952
 31
0.0
  0
LINE
  5
3F9
330
1F
100
AcDbEntity
  8
VISIBLE
100
AcDbLine
 10
119.9725530418478
 20
153.7618658287952
 30
0.0
 11
119.9725530418478
 21
154.0318658287952
 31
0.0
  0
LINE
  5
3FA
330
1F
100
AcDbEntity
  8
VISIBLE
100
AcDbLine
 10
99.42255304184785
 20
148.2818658287952
 30
0.0
 11
119.5725530418479
 21
148.2818658287952
 31
0.0
  0
LINE
  5
3FB
330
1F
100
AcDbEntity
  8
TANGENT_LINES
100
AcDbLine
 10
103.1875530418478
 20
153.9174483266792
 30
0.0
 11
103.3075530418479
 21
153.9174483266789
 31
0.0
  0
LINE
  5
3FC
330
1F
100
AcDbEntity
  8
VISIBLE
100
AcDbLine
 10
110.8075530418479
 20
153.6618658287952
 30
0.0
 11
110.8075530418479
 21
153.854281031563
 31
0.0
  0
LINE
  5
3FD
330
1F
100
AcDbEntity
  8
VISIBLE
100
AcDbLine
 10
118.1875530418478
 20
153.854281031563
 30
0.0
 11
118.1875530418478
 21
153.6618658287952
 31
0.0
  0
LINE
  5
3FE
330
1F
100
AcDbEntity
  8
TANGENT_LINES
100
AcDbLine
 10
109.1875530418478
 20
153.9174483266792
 30
0.0
 11
109.3075530418479
 21
153.9174483266789
 31
0.0
  0
LINE
  5
3FF
330
1F
100
AcDbEntity
  8
TANGENT_LINES
100
AcDbLine
 10
101.3075530418479
 20
153.854281031563
 30
0.0
 11
101.1875530418478
 21
153.854281031563
 31
0.0
  0
LINE
  5
400
330
1F
100
AcDbEntity
  8
TANGENT_LINES
100
AcDbLine
 10
109.3075530418479
 20
153.854281031563
 30
0.0
 11
109.1875530418478
 21
153.854281031563
 31
0.0
  0
LINE
  5
401
330
1F
100
AcDbEntity
  8
VISIBLE
100
AcDbLine
 10
116.6875530418478
 20
154.2818658287954
 30
0.0
 11
116.6875530418478
 21
153.9174483266792
 31
0.0
  0
LINE
  5
402
330
1F
100
AcDbEntity
  8
VISIBLE
100
AcDbLine
 10
99.02255304184786
 20
153.7618658287952
 30
0.0
 11
99.02255304184786
 21
153.6618658287952
 31
0.0
  0
LINE
  5
403
330
1F
100
AcDbEntity
  8
VISIBLE
100
AcDbLine
 10
100.6875530418478
 20
153.854281031563
 30
0.0
 11
100.6875530418478
 21
153.6618658287952
 31
0.0
  0
LINE
  5
404
330
1F
100
AcDbEntity
  8
VISIBLE
100
AcDbLine
 10
105.8075530418479
 20
153.6618658287952
 30
0.0
 11
105.8075530418479
 21
153.854281031563
 31
0.0
  0
LINE
  5
405
330
1F
100
AcDbEntity
  8
TANGENT_LINES
100
AcDbLine
 10
103.8075530418479
 20
154.2818658287952
 30
0.0
 11
103.6875530418478
 21
154.2818658287954
 31
0.0
  0
LINE
  5
406
330
1F
100
AcDbEntity
  8
TANGENT_LINES
100
AcDbLine
 10
100.3075530418479
 20
154.2818658287952
 30
0.0
 11
100.1875530418478
 21
154.2818658287954
 31
0.0
  0
LINE
  5
407
330
1F
100
AcDbEntity
  8
VISIBLE
100
AcDbLine
 10
105.6875530418478
 20
153.854281031563
 30
0.0
 11
105.6875530418478
 21
153.6618658287952
 31
0.0
  0
LINE
  5
408
330
1F
100
AcDbEntity
  8
VISIBLE
100
AcDbLine
 10
106.6875530418478
 20
153.854281031563
 30
0.0
 11
106.6875530418478
 21
153.6618658287952
 31
0.0
  0
LINE
  5
409
330
1F
100
AcDbEntity
  8
VISIBLE
100
AcDbLine
 10
118.6875530418478
 20
153.854281031563
 30
0.0
 11
118.6875530418478
 21
153.6618658287952
 31
0.0
  0
LINE
  5
40A
330
1F
100
AcDbEntity
  8
TANGENT_LINES
100
AcDbLine
 10
103.8075530418479
 20
153.8542810315629
 30
0.0
 11
103.6875530418478
 21
153.854281031563
 31
0.0
  0
LINE
  5
40B
330
1F
100
AcDbEntity
  8
VISIBLE
100
AcDbLine
 10
98.54755304184785
 20
147.1818658287952
 30
0.0
 11
99.22255304184785
 21
147.1818658287952
 31
0.0
  0
LINE
  5
40C
330
1F
100
AcDbEntity
  8
TANGENT_LINES
100
AcDbLine
 10
105.3075530418479
 20
153.8542810315629
 30
0.0
 11
105.1875530418478
 21
153.854281031563
 31
0.0
  0
LINE
  5
40D
330
1F
100
AcDbEntity
  8
VISIBLE
100
AcDbLine
 10
119.7225530418478
 20
153.7618658287952
 30
0.0
 11
119.9725530418478
 21
153.7618658287952
 31
0.0
  0
LINE
  5
40E
330
1F
100
AcDbEntity
  8
TANGENT_LINES
100
AcDbLine
 10
108.6875530418478
 20
153.9174483266792
 30
0.0
 11
108.8075530418479
 21
153.9174483266789
 31
0.0
  0
LINE
  5
40F
330
1F
100
AcDbEntity
  8
VISIBLE
100
AcDbLine
 10
113.1875530418478
 20
154.3318658287952
 30
0.0
 11
113.3075530418479
 21
154.3318658287952
 31
0.0
  0
LINE
  5
410
330
1F
100
AcDbEntity
  8
TANGENT_LINES
100
AcDbLine
 10
108.3075530418479
 20
153.8542810315629
 30
0.0
 11
108.1875530418478
 21
153.854281031563
 31
0.0
  0
LINE
  5
411
330
1F
100
AcDbEntity
  8
VISIBLE
100
AcDbLine
 10
102.6875530418478
 20
154.2818658287954
 30
0.0
 11
102.6875530418478
 21
153.9174483266792
 31
0.0
  0
LINE
  5
412
330
1F
100
AcDbEntity
  8
VISIBLE
100
AcDbLine
 10
119.7225530418478
 20
154.0318658287952
 30
0.0
 11
119.7225530418478
 21
153.7618658287952
 31
0.0
  0
LINE
  5
413
330
1F
100
AcDbEntity
  8
VISIBLE
100
AcDbLine
 10
109.1875530418478
 20
153.854281031563
 30
0.0
 11
109.1875530418478
 21
153.6618658287952
 31
0.0
  0
LINE
  5
414
330
1F
100
AcDbEntity
  8
VISIBLE
100
AcDbLine
 10
112.3075530418479
 20
153.9174483266789
 30
0.0
 11
112.3075530418479
 21
154.2818658287952
 31
0.0
  0
LINE
  5
415
330
1F
100
AcDbEntity
  8
VISIBLE
100
AcDbLine
 10
110.6875530418478
 20
153.854281031563
 30
0.0
 11
110.6875530418478
 21
153.6618658287952
 31
0.0
  0
LINE
  5
416
330
1F
100
AcDbEntity
  8
VISIBLE
100
AcDbLine
 10
100.3075530418479
 20
153.6618658287952
 30
0.0
 11
100.3075530418479
 21
153.8542810315632
 31
0.0
  0
LINE
  5
417
330
1F
100
AcDbEntity
  8
TANGENT_LINES
100
AcDbLine
 10
104.8075530418479
 20
153.854281031563
 30
0.0
 11
104.6875530418478
 21
153.854281031563
 31
0.0
  0
LINE
  5
418
330
1F
100
AcDbEntity
  8
VISIBLE
100
AcDbLine
 10
117.3075530418479
 20
153.6618658287952
 30
0.0
 11
117.3075530418479
 21
153.854281031563
 31
0.0
  0
LINE
  5
419
330
1F
100
AcDbEntity
  8
VISIBLE
100
AcDbLine
 10
109.3075530418479
 20
153.6618658287952
 30
0.0
 11
109.3075530418479
 21
153.854281031563
 31
0.0
  0
LINE
  5
41A
330
1F
100
AcDbEntity
  8
VISIBLE
100
AcDbLine
 10
108.6875530418478
 20
153.854281031563
 30
0.0
 11
108.6875530418478
 21
153.6618658287952
 31
0.0
  0
LINE
  5
41B
330
1F
100
AcDbEntity
  8
VISIBLE
100
AcDbLine
 10
105.3075530418479
 20
153.6618658287952
 30
0.0
 11
105.3075530418479
 21
153.8542810315629
 31
0.0
  0
LINE
  5
41C
330
1F
100
AcDbEntity
  8
VISIBLE
100
AcDbLine
 10
110.3075530418479
 20
153.6618658287952
 30
0.0
 11
110.3075530418479
 21
153.854281031563
 31
0.0
  0
LINE
  5
41D
330
1F
100
AcDbEntity
  8
VISIBLE
100
AcDbLine
 10
107.3075530418479
 20
153.6618658287952
 30
0.0
 11
107.3075530418479
 21
153.854281031563
 31
0.0
  0
LINE
  5
41E
330
1F
100
AcDbEntity
  8
VISIBLE
100
AcDbLine
 10
116.1725530418479
 20
148.2818658287952
 30
0.0
 11
116.1725530418479
 21
148.0118658287952
 31
0.0
  0
LINE
  5
41F
330
1F
100
AcDbEntity
  8
VISIBLE
100
AcDbLine
 10
103.8075530418479
 20
153.9174483266789
 30
0.0
 11
103.8075530418479
 21
154.2818658287952
 31
0.0
  0
LINE
  5
420
330
1F
100
AcDbEntity
  8
VISIBLE
100
AcDbLine
 10
111.1875530418478
 20
153.854281031563
 30
0.0
 11
111.1875530418478
 21
153.6618658287952
 31
0.0
  0
LINE
  5
421
330
1F
100
AcDbEntity
  8
TANGENT_LINES
100
AcDbLine
 10
100.6875530418478
 20
153.9174483266792
 30
0.0
 11
100.8075530418479
 21
153.9174483266789
 31
0.0
  0
LINE
  5
422
330
1F
100
AcDbEntity
  8
VISIBLE
100
AcDbLine
 10
106.6875530418478
 20
154.3318658287952
 30
0.0
 11
106.8075530418479
 21
154.3318658287952
 31
0.0
  0
LINE
  5
423
330
1F
100
AcDbEntity
  8
TANGENT_LINES
100
AcDbLine
 10
108.1875530418478
 20
153.9174483266792
 30
0.0
 11
108.3075530418479
 21
153.9174483266789
 31
0.0
  0
LINE
  5
424
330
1F
100
AcDbEntity
  8
VISIBLE
100
AcDbLine
 10
114.1875530418478
 20
154.2818658287954
 30
0.0
 11
114.1875530418478
 21
153.9174483266792
 31
0.0
  0
LINE
  5
425
330
1F
100
AcDbEntity
  8
VISIBLE
100
AcDbLine
 10
98.54755304184785
 20
153.6618658287952
 30
0.0
 11
120.4475530418479
 21
153.6618658287952
 31
0.0
  0
LINE
  5
426
330
1F
100
AcDbEntity
  8
VISIBLE
100
AcDbLine
 10
113.1875530418478
 20
153.854281031563
 30
0.0
 11
113.1875530418478
 21
153.6618658287952
 31
0.0
  0
LINE
  5
427
330
1F
100
AcDbEntity
  8
VISIBLE
100
AcDbLine
 10
110.1875530418478
 20
153.854281031563
 30
0.0
 11
110.1875530418478
 21
153.6618658287952
 31
0.0
  0
LINE
  5
428
330
1F
100
AcDbEntity
  8
VISIBLE
100
AcDbLine
 10
118.3075530418479
 20
153.6618658287952
 30
0.0
 11
118.3075530418479
 21
153.854281031563
 31
0.0
  0
LINE
  5
429
330
1F
100
AcDbEntity
  8
VISIBLE
100
AcDbLine
 10
119.7225530418478
 20
154.0318658287952
 30
0.0
 11
119.9725530418478
 21
154.0318658287952
 31
0.0
  0
LINE
  5
42A
330
1F
100
AcDbEntity
  8
TANGENT_LINES
100
AcDbLine
 10
109.8075530418479
 20
153.8542810315629
 30
0.0
 11
109.6875530418478
 21
153.854281031563
 31
0.0
  0
LINE
  5
42B
330
1F
100
AcDbEntity
  8
TANGENT_LINES
100
AcDbLine
 10
111.8075530418479
 20
153.854281031563
 30
0.0
 11
111.6875530418478
 21
153.854281031563
 31
0.0
  0
LINE
  5
42C
330
1F
100
AcDbEntity
  8
TANGENT_LINES
100
AcDbLine
 10
101.8075530418479
 20
154.2818658287952
 30
0.0
 11
101.6875530418478
 21
154.2818658287954
 31
0.0
  0
LINE
  5
42D
330
1F
100
AcDbEntity
  8
VISIBLE
100
AcDbLine
 10
106.6875530418478
 20
154.2818658287954
 30
0.0
 11
106.6875530418478
 21
153.9174483266792
 31
0.0
  0
LINE
  5
42E
330
1F
100
AcDbEntity
  8
VISIBLE
100
AcDbLine
 10
117.1875530418478
 20
153.854281031563
 30
0.0
 11
117.1875530418478
 21
153.6618658287952
 31
0.0
  0
LINE
  5
42F
330
1F
100
AcDbEntity
  8
VISIBLE
100
AcDbLine
 10
113.6875530418478
 20
153.854281031563
 30
0.0
 11
113.6875530418478
 21
153.6618658287952
 31
0.0
  0
LINE
  5
430
330
1F
100
AcDbEntity
  8
VISIBLE
100
AcDbLine
 10
99.02255304184786
 20
154.0318658287952
 30
0.0
 11
99.02255304184786
 21
153.7618658287952
 31
0.0
  0
LINE
  5
431
330
1F
100
AcDbEntity
  8
VISIBLE
100
AcDbLine
 10
98.54755304184785
 20
147.1818658287952
 30
0.0
 11
98.54755304184785
 21
146.8832344766431
 31
0.0
  0
LINE
  5
432
330
1F
100
AcDbEntity
  8
TANGENT_LINES
100
AcDbLine
 10
105.8075530418479
 20
153.854281031563
 30
0.0
 11
105.6875530418478
 21
153.854281031563
 31
0.0
  0
LINE
  5
433
330
1F
100
AcDbEntity
  8
TANGENT_LINES
100
AcDbLine
 10
107.6875530418478
 20
153.9174483266792
 30
0.0
 11
107.8075530418479
 21
153.9174483266789
 31
0.0
  0
LINE
  5
434
330
1F
100
AcDbEntity
  8
VISIBLE
100
AcDbLine
 10
109.6875530418478
 20
154.2818658287954
 30
0.0
 11
109.6875530418478
 21
153.9174483266792
 31
0.0
  0
LINE
  5
435
330
1F
100
AcDbEntity
  8
VISIBLE
100
AcDbLine
 10
111.8075530418479
 20
153.6618658287952
 30
0.0
 11
111.8075530418479
 21
153.854281031563
 31
0.0
  0
LINE
  5
436
330
1F
100
AcDbEntity
  8
TANGENT_LINES
100
AcDbLine
 10
101.8075530418479
 20
153.854281031563
 30
0.0
 11
101.6875530418478
 21
153.854281031563
 31
0.0
  0
LINE
  5
437
330
1F
100
AcDbEntity
  8
VISIBLE
100
AcDbLine
 10
119.9725530418478
 20
153.6618658287952
 30
0.0
 11
119.9725530418478
 21
153.7618658287952
 31
0.0
  0
LINE
  5
438
330
1F
100
AcDbEntity
  8
VISIBLE
100
AcDbLine
 10
111.6875530418478
 20
153.854281031563
 30
0.0
 11
111.6875530418478
 21
153.6618658287952
 31
0.0
  0
LINE
  5
439
330
1F
100
AcDbEntity
  8
TANGENT_LINES
100
AcDbLine
 10
101.3075530418479
 20
154.2818658287952
 30
0.0
 11
101.1875530418478
 21
154.2818658287954
 31
0.0
  0
LINE
  5
43A
330
1F
100
AcDbEntity
  8
VISIBLE
100
AcDbLine
 10
120.4475530418479
 20
147.1818658287952
 30
0.0
 11
119.7725530418479
 21
147.1818658287952
 31
0.0
  0
LINE
  5
43B
330
1F
100
AcDbEntity
  8
VISIBLE
100
AcDbLine
 10
114.3075530418479
 20
153.9174483266789
 30
0.0
 11
114.3075530418479
 21
154.2818658287952
 31
0.0
  0
LINE
  5
43C
330
1F
100
AcDbEntity
  8
TANGENT_LINES
100
AcDbLine
 10
102.8075530418479
 20
153.854281031563
 30
0.0
 11
102.6875530418478
 21
153.854281031563
 31
0.0
  0
LINE
  5
43D
330
1F
100
AcDbEntity
  8
TANGENT_LINES
100
AcDbLine
 10
107.1875530418478
 20
153.9174483266792
 30
0.0
 11
107.3075530418479
 21
153.9174483266789
 31
0.0
  0
LINE
  5
43E
330
1F
100
AcDbEntity
  8
TANGENT_LINES
100
AcDbLine
 10
113.3075530418479
 20
153.854281031563
 30
0.0
 11
113.1875530418478
 21
153.854281031563
 31
0.0
  0
LINE
  5
43F
330
1F
100
AcDbEntity
  8
VISIBLE
100
AcDbLine
 10
106.8075530418479
 20
153.9174483266789
 30
0.0
 11
106.8075530418479
 21
154.2818658287952
 31
0.0
  0
LINE
  5
440
330
1F
100
AcDbEntity
  8
TANGENT_LINES
100
AcDbLine
 10
106.3075530418479
 20
154.2818658287952
 30
0.0
 11
106.1875530418478
 21
154.2818658287954
 31
0.0
  0
LINE
  5
441
330
1F
100
AcDbEntity
  8
TANGENT_LINES
100
AcDbLine
 10
117.3075530418479
 20
153.854281031563
 30
0.0
 11
117.1875530418478
 21
153.854281031563
 31
0.0
  0
LINE
  5
442
330
1F
100
AcDbEntity
  8
VISIBLE
100
AcDbLine
 10
116.8075530418479
 20
153.9174483266789
 30
0.0
 11
116.8075530418479
 21
154.2818658287952
 31
0.0
  0
LINE
  5
443
330
1F
100
AcDbEntity
  8
TANGENT_LINES
100
AcDbLine
 10
118.3075530418479
 20
153.854281031563
 30
0.0
 11
118.1875530418478
 21
153.854281031563
 31
0.0
  0
LINE
  5
444
330
1F
100
AcDbEntity
  8
VISIBLE
100
AcDbLine
 10
102.8075530418479
 20
153.6618658287952
 30
0.0
 11
102.8075530418479
 21
153.854281031563
 31
0.0
  0
LINE
  5
445
330
1F
100
AcDbEntity
  8
VISIBLE
100
AcDbLine
 10
111.3075530418479
 20
153.9174483266789
 30
0.0
 11
111.3075530418479
 21
154.2818658287952
 31
0.0
  0
LINE
  5
446
330
1F
100
AcDbEntity
  8
VISIBLE
100
AcDbLine
 10
108.3075530418479
 20
153.6618658287952
 30
0.0
 11
108.3075530418479
 21
153.8542810315629
 31
0.0
  0
LINE
  5
447
330
1F
100
AcDbEntity
  8
TANGENT_LINES
100
AcDbLine
 10
108.8075530418479
 20
153.854281031563
 30
0.0
 11
108.6875530418478
 21
153.854281031563
 31
0.0
  0
LINE
  5
448
330
1F
100
AcDbEntity
  8
VISIBLE
100
AcDbLine
 10
111.6875530418478
 20
154.2818658287954
 30
0.0
 11
111.6875530418478
 21
153.9174483266792
 31
0.0
  0
LINE
  5
449
330
1F
100
AcDbEntity
  8
VISIBLE
100
AcDbLine
 10
104.6875530418478
 20
153.854281031563
 30
0.0
 11
104.6875530418478
 21
153.6618658287952
 31
0.0
  0
LINE
  5
44A
330
1F
100
AcDbEntity
  8
VISIBLE
100
AcDbLine
 10
99.02255304184786
 20
153.7618658287952
 30
0.0
 11
99.27255304184786
 21
153.7618658287952
 31
0.0
  0
LINE
  5
44B
330
1F
100
AcDbEntity
  8
VISIBLE
100
AcDbLine
 10
104.6875530418478
 20
154.2818658287954
 30
0.0
 11
104.6875530418478
 21
153.9174483266792
 31
0.0
  0
LINE
  5
44C
330
1F
100
AcDbEntity
  8
VISIBLE
100
AcDbLine
 10
108.8075530418479
 20
153.6618658287952
 30
0.0
 11
108.8075530418479
 21
153.854281031563
 31
0.0
  0
LINE
  5
44D
330
1F
100
AcDbEntity
  8
TANGENT_LINES
100
AcDbLine
 10
117.1875530418478
 20
153.9174483266792
 30
0.0
 11
117.3075530418479
 21
153.9174483266789
 31
0.0
  0
LINE
  5
44E
330
1F
100
AcDbEntity
  8
VISIBLE
100
AcDbLine
 10
113.8075530418479
 20
153.6618658287952
 30
0.0
 11
113.8075530418479
 21
153.854281031563
 31
0.0
  0
LINE
  5
44F
330
1F
100
AcDbEntity
  8
VISIBLE
100
AcDbLine
 10
99.42255304184785
 20
147.3818658287952
 30
0.0
 11
99.42255304184785
 21
148.2818658287952
 31
0.0
  0
LINE
  5
450
330
1F
100
AcDbEntity
  8
VISIBLE
100
AcDbLine
 10
107.1875530418478
 20
153.854281031563
 30
0.0
 11
107.1875530418478
 21
153.6618658287952
 31
0.0
  0
LINE
  5
451
330
1F
100
AcDbEntity
  8
VISIBLE
100
AcDbLine
 10
99.42255304184785
 20
147.3818658287952
 30
0.0
 11
99.22255304184785
 21
147.1818658287952
 31
0.0
  0
LINE
  5
452
330
1F
100
AcDbEntity
  8
VISIBLE
100
AcDbLine
 10
101.3075530418479
 20
153.6618658287952
 30
0.0
 11
101.3075530418479
 21
153.854281031563
 31
0.0
  0
LINE
  5
453
330
1F
100
AcDbEntity
  8
VISIBLE
100
AcDbLine
 10
104.1875530418478
 20
153.854281031563
 30
0.0
 11
104.1875530418478
 21
153.6618658287952
 31
0.0
  0
LINE
  5
454
330
1F
100
AcDbEntity
  8
TANGENT_LINES
100
AcDbLine
 10
117.8075530418479
 20
153.854281031563
 30
0.0
 11
117.6875530418478
 21
153.854281031563
 31
0.0
  0
LINE
  5
455
330
1F
100
AcDbEntity
  8
TANGENT_LINES
100
AcDbLine
 10
113.6875530418478
 20
153.9174483266792
 30
0.0
 11
113.8075530418479
 21
153.9174483266789
 31
0.0
  0
LINE
  5
456
330
1F
100
AcDbEntity
  8
VISIBLE
100
AcDbLine
 10
104.3075530418479
 20
153.6618658287952
 30
0.0
 11
104.3075530418479
 21
153.854281031563
 31
0.0
  0
LINE
  5
457
330
1F
100
AcDbEntity
  8
VISIBLE
100
AcDbLine
 10
103.1875530418478
 20
153.854281031563
 30
0.0
 11
103.1875530418478
 21
153.6618658287952
 31
0.0
  0
LINE
  5
458
330
1F
100
AcDbEntity
  8
TANGENT_LINES
100
AcDbLine
 10
116.6875530418478
 20
153.9174483266792
 30
0.0
 11
116.8075530418479
 21
153.9174483266789
 31
0.0
  0
LINE
  5
459
330
1F
100
AcDbEntity
  8
TANGENT_LINES
100
AcDbLine
 10
110.8075530418479
 20
153.854281031563
 30
0.0
 11
110.6875530418478
 21
153.854281031563
 31
0.0
  0
LINE
  5
45A
330
1F
100
AcDbEntity
  8
VISIBLE
100
AcDbLine
 10
112.1875530418478
 20
154.2818658287954
 30
0.0
 11
112.1875530418478
 21
153.9174483266792
 31
0.0
  0
LINE
  5
45B
330
1F
100
AcDbEntity
  8
TANGENT_LINES
100
AcDbLine
 10
113.8075530418479
 20
153.854281031563
 30
0.0
 11
113.6875530418478
 21
153.854281031563
 31
0.0
  0
LINE
  5
45C
330
1F
100
AcDbEntity
  8
TANGENT_LINES
100
AcDbLine
 10
100.3075530418479
 20
153.8542810315632
 30
0.0
 11
100.1875530418478
 21
153.8542810315631
 31
0.0
  0
LINE
  5
45D
330
1F
100
AcDbEntity
  8
VISIBLE
100
AcDbLine
 10
107.6875530418478
 20
154.2818658287954
 30
0.0
 11
107.6875530418478
 21
153.9174483266792
 31
0.0
  0
LINE
  5
45E
330
1F
100
AcDbEntity
  8
VISIBLE
100
AcDbLine
 10
101.6875530418478
 20
154.2818658287954
 30
0.0
 11
101.6875530418478
 21
153.9174483266792
 31
0.0
  0
LINE
  5
45F
330
1F
100
AcDbEntity
  8
VISIBLE
100
AcDbLine
 10
118.8075530418479
 20
153.6618658287952
 30
0.0
 11
118.8075530418479
 21
153.854281031563
 31
0.0
  0
LINE
  5
460
330
1F
100
AcDbEntity
  8
TANGENT_LINES
100
AcDbLine
 10
100.1875530418478
 20
153.9174483266792
 30
0.0
 11
100.3075530418479
 21
153.9174483266789
 31
0.0
  0
LINE
  5
461
330
1F
100
AcDbEntity
  8
TANGENT_LINES
100
AcDbLine
 10
110.6875530418478
 20
153.9174483266792
 30
0.0
 11
110.8075530418479
 21
153.9174483266789
 31
0.0
  0
LINE
  5
462
330
1F
100
AcDbEntity
  8
VISIBLE
100
AcDbLine
 10
110.6875530418478
 20
154.2818658287954
 30
0.0
 11
110.6875530418478
 21
153.9174483266792
 31
0.0
  0
LINE
  5
463
330
1F
100
AcDbEntity
  8
VISIBLE
100
AcDbLine
 10
107.1875530418478
 20
154.2818658287954
 30
0.0
 11
107.1875530418478
 21
153.9174483266792
 31
0.0
  0
LINE
  5
464
330
1F
100
AcDbEntity
  8
TANGENT_LINES
100
AcDbLine
 10
112.1875530418478
 20
153.9174483266792
 30
0.0
 11
112.3075530418479
 21
153.9174483266789
 31
0.0
  0
LINE
  5
465
330
1F
100
AcDbEntity
  8
TANGENT_LINES
100
AcDbLine
 10
101.1875530418478
 20
153.9174483266792
 30
0.0
 11
101.3075530418479
 21
153.9174483266789
 31
0.0
  0
LINE
  5
466
330
1F
100
AcDbEntity
  8
TANGENT_LINES
100
AcDbLine
 10
107.8075530418479
 20
154.2818658287952
 30
0.0
 11
107.6875530418478
 21
154.2818658287954
 31
0.0
  0
LINE
  5
467
330
1F
100
AcDbEntity
  8
TANGENT_LINES
100
AcDbLine
 10
105.6875530418478
 20
153.9174483266792
 30
0.0
 11
105.8075530418479
 21
153.9174483266789
 31
0.0
  0
LINE
  5
468
330
1F
100
AcDbEntity
  8
VISIBLE
100
AcDbLine
 10
108.1875530418478
 20
154.2818658287954
 30
0.0
 11
108.1875530418478
 21
153.9174483266792
 31
0.0
  0
LINE
  5
469
330
1F
100
AcDbEntity
  8
TANGENT_LINES
100
AcDbLine
 10
104.1875530418478
 20
153.9174483266792
 30
0.0
 11
104.3075530418479
 21
153.9174483266789
 31
0.0
  0
LINE
  5
46A
330
1F
100
AcDbEntity
  8
TANGENT_LINES
100
AcDbLine
 10
117.6875530418478
 20
153.9174483266792
 30
0.0
 11
117.8075530418479
 21
153.9174483266789
 31
0.0
  0
LINE
  5
46B
330
1F
100
AcDbEntity
  8
TANGENT_LINES
100
AcDbLine
 10
110.1875530418478
 20
153.9174483266792
 30
0.0
 11
110.3075530418479
 21
153.9174483266789
 31
0.0
  0
LINE
  5
46C
330
1F
100
AcDbEntity
  8
TANGENT_LINES
100
AcDbLine
 10
104.6875530418478
 20
153.9174483266792
 30
0.0
 11
104.8075530418479
 21
153.9174483266789
 31
0.0
  0
LINE
  5
46D
330
1F
100
AcDbEntity
  8
VISIBLE
100
AcDbLine
 10
120.4475530418479
 20
147.1818658287952
 30
0.0
 11
120.4475530418479
 21
146.8832344766431
 31
0.0
  0
LINE
  5
46E
330
1F
100
AcDbEntity
  8
TANGENT_LINES
100
AcDbLine
 10
111.6875530418478
 20
153.9174483266792
 30
0.0
 11
111.8075530418479
 21
153.9174483266789
 31
0.0
  0
LINE
  5
46F
330
1F
100
AcDbEntity
  8
TANGENT_LINES
100
AcDbLine
 10
113.1875530418478
 20
153.9174483266792
 30
0.0
 11
113.3075530418479
 21
153.9174483266789
 31
0.0
  0
LINE
  5
470
330
1F
100
AcDbEntity
  8
TANGENT_LINES
100
AcDbLine
 10
118.1875530418478
 20
153.9174483266792
 30
0.0
 11
118.3075530418479
 21
153.9174483266789
 31
0.0
  0
LINE
  5
471
330
1F
100
AcDbEntity
  8
VISIBLE
100
AcDbLine
 10
103.1875530418478
 20
154.2818658287954
 30
0.0
 11
103.1875530418478
 21
153.9174483266792
 31
0.0
  0
LINE
  5
472
330
1F
100
AcDbEntity
  8
TANGENT_LINES
100
AcDbLine
 10
110.8075530418479
 20
154.2818658287952
 30
0.0
 11
110.6875530418478
 21
154.2818658287954
 31
0.0
  0
LINE
  5
473
330
1F
100
AcDbEntity
  8
TANGENT_LINES
100
AcDbLine
 10
106.6875530418478
 20
153.9174483266792
 30
0.0
 11
106.8075530418479
 21
153.9174483266789
 31
0.0
  0
LINE
  5
474
330
1F
100
AcDbEntity
  8
TANGENT_LINES
100
AcDbLine
 10
109.6875530418478
 20
153.9174483266792
 30
0.0
 11
109.8075530418479
 21
153.9174483266789
 31
0.0
  0
LINE
  5
475
330
1F
100
AcDbEntity
  8
TANGENT_LINES
100
AcDbLine
 10
114.1875530418478
 20
153.9174483266792
 30
0.0
 11
114.3075530418479
 21
153.9174483266789
 31
0.0
  0
LINE
  5
476
330
1F
100
AcDbEntity
  8
TANGENT_LINES
100
AcDbLine
 10
102.1875530418478
 20
153.9174483266792
 30
0.0
 11
102.3075530418479
 21
153.9174483266789
 31
0.0
  0
LINE
  5
477
330
1F
100
AcDbEntity
  8
VISIBLE
100
AcDbLine
 10
110.1875530418478
 20
154.2818658287954
 30
0.0
 11
110.1875530418478
 21
153.9174483266792
 31
0.0
  0
LINE
  5
478
330
1F
100
AcDbEntity
  8
VISIBLE
100
AcDbLine
 10
117.6875530418478
 20
153.854281031563
 30
0.0
 11
117.6875530418478
 21
153.6618658287952
 31
0.0
  0
LINE
  5
479
330
1F
100
AcDbEntity
  8
TANGENT_LINES
100
AcDbLine
 10
103.6875530418478
 20
153.9174483266792
 30
0.0
 11
103.8075530418479
 21
153.9174483266789
 31
0.0
  0
LINE
  5
47A
330
1F
100
AcDbEntity
  8
VISIBLE
100
AcDbLine
 10
108.1875530418478
 20
153.854281031563
 30
0.0
 11
108.1875530418478
 21
153.6618658287952
 31
0.0
  0
LINE
  5
47B
330
1F
100
AcDbEntity
  8
VISIBLE
100
AcDbLine
 10
100.1875530418478
 20
154.3318658287952
 30
0.0
 11
100.3075530418479
 21
154.3318658287952
 31
0.0
  0
LINE
  5
47C
330
1F
100
AcDbEntity
  8
VISIBLE
100
AcDbLine
 10
117.6875530418478
 20
154.2818658287954
 30
0.0
 11
117.6875530418478
 21
153.9174483266792
 31
0.0
  0
LINE
  5
47D
330
1F
100
AcDbEntity
  8
TANGENT_LINES
100
AcDbLine
 10
105.1875530418478
 20
153.9174483266792
 30
0.0
 11
105.3075530418479
 21
153.9174483266789
 31
0.0
  0
LINE
  5
47E
330
1F
100
AcDbEntity
  8
TANGENT_LINES
100
AcDbLine
 10
111.1875530418478
 20
153.9174483266792
 30
0.0
 11
111.3075530418479
 21
153.9174483266789
 31
0.0
  0
LINE
  5
47F
330
1F
100
AcDbEntity
  8
TANGENT_LINES
100
AcDbLine
 10
112.8075530418479
 20
154.2818658287952
 30
0.0
 11
112.6875530418478
 21
154.2818658287954
 31
0.0
  0
LINE
  5
480
330
1F
100
AcDbEntity
  8
TANGENT_LINES
100
AcDbLine
 10
100.8075530418479
 20
154.2818658287952
 30
0.0
 11
100.6875530418478
 21
154.2818658287954
 31
0.0
  0
LINE
  5
481
330
1F
100
AcDbEntity
  8
VISIBLE
100
AcDbLine
 10
102.6875530418478
 20
154.3318658287952
 30
0.0
 11
102.8075530418479
 21
154.3318658287952
 31
0.0
  0
LINE
  5
482
330
1F
100
AcDbEntity
  8
VISIBLE
100
AcDbLine
 10
110.3075530418479
 20
153.9174483266789
 30
0.0
 11
110.3075530418479
 21
154.2818658287952
 31
0.0
  0
LINE
  5
483
330
1F
100
AcDbEntity
  8
VISIBLE
100
AcDbLine
 10
112.6875530418478
 20
153.854281031563
 30
0.0
 11
112.6875530418478
 21
153.6618658287952
 31
0.0
  0
LINE
  5
484
330
1F
100
AcDbEntity
  8
VISIBLE
100
AcDbLine
 10
100.8075530418479
 20
153.9174483266789
 30
0.0
 11
100.8075530418479
 21
154.2818658287952
 31
0.0
  0
LINE
  5
485
330
1F
100
AcDbEntity
  8
VISIBLE
100
AcDbLine
 10
111.8075530418479
 20
153.9174483266789
 30
0.0
 11
111.8075530418479
 21
154.2818658287952
 31
0.0
  0
LINE
  5
486
330
1F
100
AcDbEntity
  8
VISIBLE
100
AcDbLine
 10
100.3075530418479
 20
153.9174483266789
 30
0.0
 11
100.3075530418479
 21
154.2818658287952
 31
0.0
  0
LINE
  5
487
330
1F
100
AcDbEntity
  8
VISIBLE
100
AcDbLine
 10
106.8075530418479
 20
153.6618658287952
 30
0.0
 11
106.8075530418479
 21
153.8542810315629
 31
0.0
  0
LINE
  5
488
330
1F
100
AcDbEntity
  8
VISIBLE
100
AcDbLine
 10
100.1875530418478
 20
154.2818658287954
 30
0.0
 11
100.1875530418478
 21
153.9174483266792
 31
0.0
  0
LINE
  5
489
330
1F
100
AcDbEntity
  8
VISIBLE
100
AcDbLine
 10
103.6875530418478
 20
154.2818658287954
 30
0.0
 11
103.6875530418478
 21
153.9174483266792
 31
0.0
  0
LINE
  5
48A
330
1F
100
AcDbEntity
  8
TANGENT_LINES
100
AcDbLine
 10
106.8075530418479
 20
154.2818658287952
 30
0.0
 11
106.6875530418478
 21
154.2818658287954
 31
0.0
  0
LINE
  5
48B
330
1F
100
AcDbEntity
  8
TANGENT_LINES
100
AcDbLine
 10
105.3075530418479
 20
154.2818658287952
 30
0.0
 11
105.1875530418478
 21
154.2818658287954
 31
0.0
  0
LINE
  5
48C
330
1F
100
AcDbEntity
  8
VISIBLE
100
AcDbLine
 10
105.1875530418478
 20
154.2818658287954
 30
0.0
 11
105.1875530418478
 21
153.9174483266792
 31
0.0
  0
LINE
  5
48D
330
1F
100
AcDbEntity
  8
VISIBLE
100
AcDbLine
 10
105.8075530418479
 20
153.9174483266789
 30
0.0
 11
105.8075530418479
 21
154.2818658287952
 31
0.0
  0
LINE
  5
48E
330
1F
100
AcDbEntity
  8
VISIBLE
100
AcDbLine
 10
117.3075530418479
 20
153.9174483266789
 30
0.0
 11
117.3075530418479
 21
154.2818658287952
 31
0.0
  0
LINE
  5
48F
330
1F
100
AcDbEntity
  8
TANGENT_LINES
100
AcDbLine
 10
109.8075530418479
 20
154.2818658287952
 30
0.0
 11
109.6875530418478
 21
154.2818658287954
 31
0.0
  0
LINE
  5
490
330
1F
100
AcDbEntity
  8
TANGENT_LINES
100
AcDbLine
 10
112.3075530418479
 20
154.2818658287952
 30
0.0
 11
112.1875530418478
 21
154.2818658287954
 31
0.0
  0
LINE
  5
491
330
1F
100
AcDbEntity
  8
VISIBLE
100
AcDbLine
 10
104.1875530418478
 20
154.2818658287954
 30
0.0
 11
104.1875530418478
 21
153.9174483266792
 31
0.0
  0
LINE
  5
492
330
1F
100
AcDbEntity
  8
TANGENT_LINES
100
AcDbLine
 10
107.3075530418479
 20
154.2818658287952
 30
0.0
 11
107.1875530418478
 21
154.2818658287954
 31
0.0
  0
LINE
  5
493
330
1F
100
AcDbEntity
  8
VISIBLE
100
AcDbLine
 10
107.3075530418479
 20
153.9174483266789
 30
0.0
 11
107.3075530418479
 21
154.2818658287952
 31
0.0
  0
LINE
  5
494
330
1F
100
AcDbEntity
  8
VISIBLE
100
AcDbLine
 10
113.8075530418479
 20
153.9174483266789
 30
0.0
 11
113.8075530418479
 21
154.2818658287952
 31
0.0
  0
LINE
  5
495
330
1F
100
AcDbEntity
  8
VISIBLE
100
AcDbLine
 10
106.3075530418479
 20
153.9174483266789
 30
0.0
 11
106.3075530418479
 21
154.2818658287952
 31
0.0
  0
LINE
  5
496
330
1F
100
AcDbEntity
  8
VISIBLE
100
AcDbLine
 10
113.6875530418478
 20
154.2818658287954
 30
0.0
 11
113.6875530418478
 21
153.9174483266792
 31
0.0
  0
LINE
  5
497
330
1F
100
AcDbEntity
  8
VISIBLE
100
AcDbLine
 10
114.1875530418478
 20
154.3318658287952
 30
0.0
 11
114.3075530418479
 21
154.3318658287952
 31
0.0
  0
LINE
  5
498
330
1F
100
AcDbEntity
  8
TANGENT_LINES
100
AcDbLine
 10
112.8075530418479
 20
153.8542810315629
 30
0.0
 11
112.6875530418478
 21
153.854281031563
 31
0.0
  0
LINE
  5
499
330
1F
100
AcDbEntity
  8
VISIBLE
100
AcDbLine
 10
117.8075530418479
 20
153.6618658287952
 30
0.0
 11
117.8075530418479
 21
153.854281031563
 31
0.0
  0
LINE
  5
49A
330
1F
100
AcDbEntity
  8
TANGENT_LINES
100
AcDbLine
 10
118.8075530418479
 20
154.2818658287952
 30
0.0
 11
118.6875530418478
 21
154.2818658287954
 31
0.0
  0
LINE
  5
49B
330
1F
100
AcDbEntity
  8
VISIBLE
100
AcDbLine
 10
118.6875530418478
 20
154.2818658287954
 30
0.0
 11
118.6875530418478
 21
153.9174483266792
 31
0.0
  0
LINE
  5
49C
330
1F
100
AcDbEntity
  8
VISIBLE
100
AcDbLine
 10
118.8075530418479
 20
153.9174483266789
 30
0.0
 11
118.8075530418479
 21
154.2818658287952
 31
0.0
  0
LINE
  5
49D
330
1F
100
AcDbEntity
  8
TANGENT_LINES
100
AcDbLine
 10
104.8075530418479
 20
154.2818658287952
 30
0.0
 11
104.6875530418478
 21
154.2818658287954
 31
0.0
  0
LINE
  5
49E
330
1F
100
AcDbEntity
  8
VISIBLE
100
AcDbLine
 10
104.8075530418479
 20
153.9174483266789
 30
0.0
 11
104.8075530418479
 21
154.2818658287952
 31
0.0
  0
LINE
  5
49F
330
1F
100
AcDbEntity
  8
TANGENT_LINES
100
AcDbLine
 10
111.8075530418479
 20
154.2818658287952
 30
0.0
 11
111.6875530418478
 21
154.2818658287954
 31
0.0
  0
LINE
  5
4A0
330
1F
100
AcDbEntity
  8
TANGENT_LINES
100
AcDbLine
 10
108.3075530418479
 20
154.2818658287952
 30
0.0
 11
108.1875530418478
 21
154.2818658287954
 31
0.0
  0
LINE
  5
4A1
330
1F
100
AcDbEntity
  8
VISIBLE
100
AcDbLine
 10
102.3075530418479
 20
153.6618658287952
 30
0.0
 11
102.3075530418479
 21
153.8542810315629
 31
0.0
  0
LINE
  5
4A2
330
1F
100
AcDbEntity
  8
TANGENT_LINES
100
AcDbLine
 10
111.3075530418479
 20
154.2818658287952
 30
0.0
 11
111.1875530418478
 21
154.2818658287954
 31
0.0
  0
LINE
  5
4A3
330
1F
100
AcDbEntity
  8
TANGENT_LINES
100
AcDbLine
 10
103.3075530418479
 20
154.2818658287952
 30
0.0
 11
103.1875530418478
 21
154.2818658287954
 31
0.0
  0
LINE
  5
4A4
330
1F
100
AcDbEntity
  8
VISIBLE
100
AcDbLine
 10
103.3075530418479
 20
153.9174483266789
 30
0.0
 11
103.3075530418479
 21
154.2818658287952
 31
0.0
  0
LINE
  5
4A5
330
1F
100
AcDbEntity
  8
VISIBLE
100
AcDbLine
 10
112.3075530418479
 20
153.6618658287952
 30
0.0
 11
112.3075530418479
 21
153.854281031563
 31
0.0
  0
LINE
  5
4A6
330
1F
100
AcDbEntity
  8
VISIBLE
100
AcDbLine
 10
118.1875530418478
 20
154.2818658287954
 30
0.0
 11
118.1875530418478
 21
153.9174483266792
 31
0.0
  0
LINE
  5
4A7
330
1F
100
AcDbEntity
  8
VISIBLE
100
AcDbLine
 10
111.1875530418478
 20
154.2818658287954
 30
0.0
 11
111.1875530418478
 21
153.9174483266792
 31
0.0
  0
LINE
  5
4A8
330
1F
100
AcDbEntity
  8
TANGENT_LINES
100
AcDbLine
 10
110.3075530418479
 20
154.2818658287952
 30
0.0
 11
110.1875530418478
 21
154.2818658287954
 31
0.0
  0
LINE
  5
4A9
330
1F
100
AcDbEntity
  8
VISIBLE
100
AcDbLine
 10
106.1875530418478
 20
154.2818658287954
 30
0.0
 11
106.1875530418478
 21
153.9174483266792
 31
0.0
  0
LINE
  5
4AA
330
1F
100
AcDbEntity
  8
VISIBLE
100
AcDbLine
 10
110.8075530418479
 20
153.9174483266789
 30
0.0
 11
110.8075530418479
 21
154.2818658287952
 31
0.0
  0
LINE
  5
4AB
330
1F
100
AcDbEntity
  8
VISIBLE
100
AcDbLine
 10
101.3075530418479
 20
153.9174483266789
 30
0.0
 11
101.3075530418479
 21
154.2818658287952
 31
0.0
  0
LINE
  5
4AC
330
1F
100
AcDbEntity
  8
VISIBLE
100
AcDbLine
 10
102.8075530418479
 20
153.9174483266789
 30
0.0
 11
102.8075530418479
 21
154.2818658287952
 31
0.0
  0
LINE
  5
4AD
330
1F
100
AcDbEntity
  8
VISIBLE
100
AcDbLine
 10
102.6875530418478
 20
153.854281031563
 30
0.0
 11
102.6875530418478
 21
153.6618658287952
 31
0.0
  0
LINE
  5
4AE
330
1F
100
AcDbEntity
  8
TANGENT_LINES
100
AcDbLine
 10
110.3075530418479
 20
153.854281031563
 30
0.0
 11
110.1875530418478
 21
153.854281031563
 31
0.0
  0
LINE
  5
4AF
330
1F
100
AcDbEntity
  8
VISIBLE
100
AcDbLine
 10
101.1875530418478
 20
154.2818658287954
 30
0.0
 11
101.1875530418478
 21
153.9174483266792
 31
0.0
  0
LINE
  5
4B0
330
1F
100
AcDbEntity
  8
TANGENT_LINES
100
AcDbLine
 10
109.3075530418479
 20
154.2818658287952
 30
0.0
 11
109.1875530418478
 21
154.2818658287954
 31
0.0
  0
LINE
  5
4B1
330
1F
100
AcDbEntity
  8
VISIBLE
100
AcDbLine
 10
100.6875530418478
 20
154.2818658287954
 30
0.0
 11
100.6875530418478
 21
153.9174483266792
 31
0.0
  0
LINE
  5
4B2
330
1F
100
AcDbEntity
  8
VISIBLE
100
AcDbLine
 10
109.3075530418479
 20
153.9174483266789
 30
0.0
 11
109.3075530418479
 21
154.2818658287952
 31
0.0
  0
LINE
  5
4B3
330
1F
100
AcDbEntity
  8
VISIBLE
100
AcDbLine
 10
109.1875530418478
 20
154.2818658287954
 30
0.0
 11
109.1875530418478
 21
153.9174483266792
 31
0.0
  0
LINE
  5
4B4
330
1F
100
AcDbEntity
  8
VISIBLE
100
AcDbLine
 10
113.1875530418478
 20
154.2818658287954
 30
0.0
 11
113.1875530418478
 21
153.9174483266792
 31
0.0
  0
LINE
  5
4B5
330
1F
100
AcDbEntity
  8
VISIBLE
100
AcDbLine
 10
103.1875530418478
 20
154.3318658287952
 30
0.0
 11
103.3075530418479
 21
154.3318658287952
 31
0.0
  0
LINE
  5
4B6
330
1F
100
AcDbEntity
  8
TANGENT_LINES
100
AcDbLine
 10
113.8075530418479
 20
154.2818658287952
 30
0.0
 11
113.6875530418478
 21
154.2818658287954
 31
0.0
  0
LINE
  5
4B7
330
1F
100
AcDbEntity
  8
TANGENT_LINES
100
AcDbLine
 10
114.3075530418479
 20
154.2818658287952
 30
0.0
 11
114.1875530418478
 21
154.2818658287954
 31
0.0
  0
LINE
  5
4B8
330
1F
100
AcDbEntity
  8
VISIBLE
100
AcDbLine
 10
118.3075530418479
 20
153.9174483266789
 30
0.0
 11
118.3075530418479
 21
154.2818658287952
 31
0.0
  0
LINE
  5
4B9
330
1F
100
AcDbEntity
  8
TANGENT_LINES
100
AcDbLine
 10
102.3075530418479
 20
154.2818658287952
 30
0.0
 11
102.1875530418478
 21
154.2818658287954
 31
0.0
  0
LINE
  5
4BA
330
1F
100
AcDbEntity
  8
VISIBLE
100
AcDbLine
 10
102.3075530418479
 20
153.9174483266789
 30
0.0
 11
102.3075530418479
 21
154.2818658287952
 31
0.0
  0
LINE
  5
4BB
330
1F
100
AcDbEntity
  8
VISIBLE
100
AcDbLine
 10
108.6875530418478
 20
154.3318658287952
 30
0.0
 11
108.8075530418479
 21
154.3318658287952
 31
0.0
  0
LINE
  5
4BC
330
1F
100
AcDbEntity
  8
VISIBLE
100
AcDbLine
 10
101.1875530418478
 20
153.854281031563
 30
0.0
 11
101.1875530418478
 21
153.6618658287952
 31
0.0
  0
LINE
  5
4BD
330
1F
100
AcDbEntity
  8
VISIBLE
100
AcDbLine
 10
113.3075530418479
 20
153.9174483266789
 30
0.0
 11
113.3075530418479
 21
154.2818658287952
 31
0.0
  0
LINE
  5
4BE
330
1F
100
AcDbEntity
  8
VISIBLE
100
AcDbLine
 10
102.1875530418478
 20
154.2818658287954
 30
0.0
 11
102.1875530418478
 21
153.9174483266792
 31
0.0
  0
LINE
  5
4BF
330
1F
100
AcDbEntity
  8
TANGENT_LINES
100
AcDbLine
 10
117.8075530418479
 20
154.2818658287952
 30
0.0
 11
117.6875530418478
 21
154.2818658287954
 31
0.0
  0
LINE
  5
4C0
330
1F
100
AcDbEntity
  8
VISIBLE
100
AcDbLine
 10
110.6875530418478
 20
154.3318658287952
 30
0.0
 11
110.6875530418478
 21
154.2818658287954
 31
0.0
  0
LINE
  5
4C1
330
1F
100
AcDbEntity
  8
VISIBLE
100
AcDbLine
 10
117.6875530418478
 20
154.3318658287952
 30
0.0
 11
117.6875530418478
 21
154.2818658287954
 31
0.0
  0
LINE
  5
4C2
330
1F
100
AcDbEntity
  8
VISIBLE
100
AcDbLine
 10
103.8075530418479
 20
154.2818658287952
 30
0.0
 11
103.8075530418479
 21
154.3318658287952
 31
0.0
  0
LINE
  5
4C3
330
1F
100
AcDbEntity
  8
VISIBLE
100
AcDbLine
 10
114.1875530418478
 20
154.3318658287952
 30
0.0
 11
114.1875530418478
 21
154.2818658287954
 31
0.0
  0
LINE
  5
4C4
330
1F
100
AcDbEntity
  8
VISIBLE
100
AcDbLine
 10
106.6875530418478
 20
153.9174483266792
 30
0.0
 11
106.6875530418478
 21
153.8542810315631
 31
0.0
  0
LINE
  5
4C5
330
1F
100
AcDbEntity
  8
VISIBLE
100
AcDbLine
 10
100.6875530418478
 20
153.9174483266792
 30
0.0
 11
100.6875530418478
 21
153.8542810315631
 31
0.0
  0
LINE
  5
4C6
330
1F
100
AcDbEntity
  8
VISIBLE
100
AcDbLine
 10
106.8075530418479
 20
154.2818658287952
 30
0.0
 11
106.8075530418479
 21
154.3318658287952
 31
0.0
  0
LINE
  5
4C7
330
1F
100
AcDbEntity
  8
VISIBLE
100
AcDbLine
 10
100.8075530418479
 20
153.854281031563
 30
0.0
 11
100.8075530418479
 21
153.9174483266789
 31
0.0
  0
LINE
  5
4C8
330
1F
100
AcDbEntity
  8
VISIBLE
100
AcDbLine
 10
111.8075530418479
 20
153.854281031563
 30
0.0
 11
111.8075530418479
 21
153.9174483266789
 31
0.0
  0
LINE
  5
4C9
330
1F
100
AcDbEntity
  8
VISIBLE
100
AcDbLine
 10
102.1875530418478
 20
154.3318658287952
 30
0.0
 11
102.1875530418478
 21
154.2818658287954
 31
0.0
  0
LINE
  5
4CA
330
1F
100
AcDbEntity
  8
VISIBLE
100
AcDbLine
 10
112.8075530418479
 20
153.854281031563
 30
0.0
 11
112.8075530418479
 21
153.9174483266789
 31
0.0
  0
LINE
  5
4CB
330
1F
100
AcDbEntity
  8
VISIBLE
100
AcDbLine
 10
112.6875530418478
 20
153.9174483266792
 30
0.0
 11
112.6875530418478
 21
153.8542810315631
 31
0.0
  0
LINE
  5
4CC
330
1F
100
AcDbEntity
  8
VISIBLE
100
AcDbLine
 10
109.3075530418479
 20
154.2818658287952
 30
0.0
 11
109.3075530418479
 21
154.3318658287952
 31
0.0
  0
LINE
  5
4CD
330
1F
100
AcDbEntity
  8
VISIBLE
100
AcDbLine
 10
118.6875530418478
 20
153.9174483266792
 30
0.0
 11
118.6875530418478
 21
153.854281031563
 31
0.0
  0
LINE
  5
4CE
330
1F
100
AcDbEntity
  8
VISIBLE
100
AcDbLine
 10
116.6875530418478
 20
153.9174483266792
 30
0.0
 11
116.6875530418478
 21
153.8542810315629
 31
0.0
  0
LINE
  5
4CF
330
1F
100
AcDbEntity
  8
VISIBLE
100
AcDbLine
 10
116.6875530418478
 20
154.3318658287952
 30
0.0
 11
116.6875530418478
 21
154.2818658287954
 31
0.0
  0
LINE
  5
4D0
330
1F
100
AcDbEntity
  8
VISIBLE
100
AcDbLine
 10
111.1875530418478
 20
154.3318658287952
 30
0.0
 11
111.1875530418478
 21
154.2818658287954
 31
0.0
  0
LINE
  5
4D1
330
1F
100
AcDbEntity
  8
VISIBLE
100
AcDbLine
 10
118.1875530418478
 20
153.9174483266792
 30
0.0
 11
118.1875530418478
 21
153.8542810315629
 31
0.0
  0
LINE
  5
4D2
330
1F
100
AcDbEntity
  8
VISIBLE
100
AcDbLine
 10
118.3075530418479
 20
153.854281031563
 30
0.0
 11
118.3075530418479
 21
153.9174483266789
 31
0.0
  0
LINE
  5
4D3
330
1F
100
AcDbEntity
  8
VISIBLE
100
AcDbLine
 10
102.8075530418479
 20
153.854281031563
 30
0.0
 11
102.8075530418479
 21
153.9174483266789
 31
0.0
  0
LINE
  5
4D4
330
1F
100
AcDbEntity
  8
VISIBLE
100
AcDbLine
 10
113.3075530418479
 20
153.854281031563
 30
0.0
 11
113.3075530418479
 21
153.9174483266789
 31
0.0
  0
LINE
  5
4D5
330
1F
100
AcDbEntity
  8
VISIBLE
100
AcDbLine
 10
103.6875530418478
 20
153.9174483266792
 30
0.0
 11
103.6875530418478
 21
153.8542810315631
 31
0.0
  0
LINE
  5
4D6
330
1F
100
AcDbEntity
  8
VISIBLE
100
AcDbLine
 10
118.8075530418479
 20
153.854281031563
 30
0.0
 11
118.8075530418479
 21
153.9174483266789
 31
0.0
  0
LINE
  5
4D7
330
1F
100
AcDbEntity
  8
VISIBLE
100
AcDbLine
 10
106.8075530418479
 20
153.854281031563
 30
0.0
 11
106.8075530418479
 21
153.9174483266789
 31
0.0
  0
LINE
  5
4D8
330
1F
100
AcDbEntity
  8
VISIBLE
100
AcDbLine
 10
111.3075530418479
 20
153.854281031563
 30
0.0
 11
111.3075530418479
 21
153.9174483266789
 31
0.0
  0
LINE
  5
4D9
330
1F
100
AcDbEntity
  8
VISIBLE
100
AcDbLine
 10
111.6875530418478
 20
153.9174483266792
 30
0.0
 11
111.6875530418478
 21
153.8542810315629
 31
0.0
  0
LINE
  5
4DA
330
1F
100
AcDbEntity
  8
VISIBLE
100
AcDbLine
 10
116.8075530418479
 20
154.2818658287952
 30
0.0
 11
116.8075530418479
 21
154.3318658287952
 31
0.0
  0
LINE
  5
4DB
330
1F
100
AcDbEntity
  8
VISIBLE
100
AcDbLine
 10
102.6875530418478
 20
153.9174483266792
 30
0.0
 11
102.6875530418478
 21
153.8542810315629
 31
0.0
  0
LINE
  5
4DC
330
1F
100
AcDbEntity
  8
VISIBLE
100
AcDbLine
 10
104.6875530418478
 20
153.9174483266792
 30
0.0
 11
104.6875530418478
 21
153.8542810315629
 31
0.0
  0
LINE
  5
4DD
330
1F
100
AcDbEntity
  8
VISIBLE
100
AcDbLine
 10
100.3075530418479
 20
154.2818658287952
 30
0.0
 11
100.3075530418479
 21
154.3318658287952
 31
0.0
  0
LINE
  5
4DE
330
1F
100
AcDbEntity
  8
VISIBLE
100
AcDbLine
 10
116.8075530418479
 20
153.854281031563
 30
0.0
 11
116.8075530418479
 21
153.9174483266789
 31
0.0
  0
LINE
  5
4DF
330
1F
100
AcDbEntity
  8
VISIBLE
100
AcDbLine
 10
104.1875530418478
 20
154.3318658287952
 30
0.0
 11
104.1875530418478
 21
154.2818658287954
 31
0.0
  0
LINE
  5
4E0
330
1F
100
AcDbEntity
  8
VISIBLE
100
AcDbLine
 10
104.8075530418479
 20
153.854281031563
 30
0.0
 11
104.8075530418479
 21
153.9174483266789
 31
0.0
  0
LINE
  5
4E1
330
1F
100
AcDbEntity
  8
VISIBLE
100
AcDbLine
 10
107.1875530418478
 20
153.9174483266792
 30
0.0
 11
107.1875530418478
 21
153.8542810315629
 31
0.0
  0
LINE
  5
4E2
330
1F
100
AcDbEntity
  8
VISIBLE
100
AcDbLine
 10
117.3075530418479
 20
153.854281031563
 30
0.0
 11
117.3075530418479
 21
153.9174483266789
 31
0.0
  0
LINE
  5
4E3
330
1F
100
AcDbEntity
  8
VISIBLE
100
AcDbLine
 10
112.3075530418479
 20
153.854281031563
 30
0.0
 11
112.3075530418479
 21
153.9174483266789
 31
0.0
  0
LINE
  5
4E4
330
1F
100
AcDbEntity
  8
VISIBLE
100
AcDbLine
 10
107.3075530418479
 20
153.854281031563
 30
0.0
 11
107.3075530418479
 21
153.9174483266789
 31
0.0
  0
LINE
  5
4E5
330
1F
100
AcDbEntity
  8
VISIBLE
100
AcDbLine
 10
107.8075530418479
 20
153.854281031563
 30
0.0
 11
107.8075530418479
 21
153.9174483266789
 31
0.0
  0
LINE
  5
4E6
330
1F
100
AcDbEntity
  8
VISIBLE
100
AcDbLine
 10
113.6875530418478
 20
154.3318658287952
 30
0.0
 11
113.6875530418478
 21
154.2818658287954
 31
0.0
  0
LINE
  5
4E7
330
1F
100
AcDbEntity
  8
VISIBLE
100
AcDbLine
 10
101.8075530418479
 20
153.854281031563
 30
0.0
 11
101.8075530418479
 21
153.9174483266789
 31
0.0
  0
LINE
  5
4E8
330
1F
100
AcDbEntity
  8
VISIBLE
100
AcDbLine
 10
103.3075530418479
 20
153.854281031563
 30
0.0
 11
103.3075530418479
 21
153.9174483266789
 31
0.0
  0
LINE
  5
4E9
330
1F
100
AcDbEntity
  8
VISIBLE
100
AcDbLine
 10
111.1875530418478
 20
153.9174483266792
 30
0.0
 11
111.1875530418478
 21
153.8542810315631
 31
0.0
  0
LINE
  5
4EA
330
1F
100
AcDbEntity
  8
VISIBLE
100
AcDbLine
 10
117.1875530418478
 20
153.9174483266792
 30
0.0
 11
117.1875530418478
 21
153.8542810315629
 31
0.0
  0
LINE
  5
4EB
330
1F
100
AcDbEntity
  8
VISIBLE
100
AcDbLine
 10
108.6875530418478
 20
154.3318658287952
 30
0.0
 11
108.6875530418478
 21
154.2818658287954
 31
0.0
  0
LINE
  5
4EC
330
1F
100
AcDbEntity
  8
VISIBLE
100
AcDbLine
 10
113.1875530418478
 20
153.9174483266792
 30
0.0
 11
113.1875530418478
 21
153.8542810315629
 31
0.0
  0
LINE
  5
4ED
330
1F
100
AcDbEntity
  8
VISIBLE
100
AcDbLine
 10
111.6875530418478
 20
154.3318658287952
 30
0.0
 11
111.6875530418478
 21
154.2818658287954
 31
0.0
  0
LINE
  5
4EE
330
1F
100
AcDbEntity
  8
VISIBLE
100
AcDbLine
 10
104.3075530418479
 20
153.854281031563
 30
0.0
 11
104.3075530418479
 21
153.9174483266789
 31
0.0
  0
LINE
  5
4EF
330
1F
100
AcDbEntity
  8
VISIBLE
100
AcDbLine
 10
117.8075530418479
 20
153.854281031563
 30
0.0
 11
117.8075530418479
 21
153.9174483266789
 31
0.0
  0
LINE
  5
4F0
330
1F
100
AcDbEntity
  8
TANGENT_LINES
100
AcDbLine
 10
115.0725530418479
 20
148.0118658287952
 30
0.0
 11
116.1725530418478
 21
148.0118658287952
 31
0.0
  0
LINE
  5
4F1
330
1F
100
AcDbEntity
  8
VISIBLE
100
AcDbLine
 10
101.3075530418479
 20
153.854281031563
 30
0.0
 11
101.3075530418479
 21
153.9174483266789
 31
0.0
  0
LINE
  5
4F2
330
1F
100
AcDbEntity
  8
VISIBLE
100
AcDbLine
 10
109.1875530418478
 20
153.9174483266792
 30
0.0
 11
109.1875530418478
 21
153.8542810315629
 31
0.0
  0
LINE
  5
4F3
330
1F
100
AcDbEntity
  8
VISIBLE
100
AcDbLine
 10
109.6875530418478
 20
154.3318658287952
 30
0.0
 11
109.6875530418478
 21
154.2818658287954
 31
0.0
  0
LINE
  5
4F4
330
1F
100
AcDbEntity
  8
VISIBLE
100
AcDbLine
 10
106.3075530418479
 20
154.2818658287952
 30
0.0
 11
106.3075530418479
 21
154.3318658287952
 31
0.0
  0
LINE
  5
4F5
330
1F
100
AcDbEntity
  8
VISIBLE
100
AcDbLine
 10
110.6875530418478
 20
153.9174483266792
 30
0.0
 11
110.6875530418478
 21
153.8542810315629
 31
0.0
  0
LINE
  5
4F6
330
1F
100
AcDbEntity
  8
VISIBLE
100
AcDbLine
 10
101.3075530418479
 20
154.2818658287952
 30
0.0
 11
101.3075530418479
 21
154.3318658287952
 31
0.0
  0
LINE
  5
4F7
330
1F
100
AcDbEntity
  8
VISIBLE
100
AcDbLine
 10
112.1875530418478
 20
153.9174483266792
 30
0.0
 11
112.1875530418478
 21
153.8542810315629
 31
0.0
  0
LINE
  5
4F8
330
1F
100
AcDbEntity
  8
VISIBLE
100
AcDbLine
 10
113.8075530418479
 20
153.854281031563
 30
0.0
 11
113.8075530418479
 21
153.9174483266789
 31
0.0
  0
LINE
  5
4F9
330
1F
100
AcDbEntity
  8
VISIBLE
100
AcDbLine
 10
110.1875530418478
 20
153.9174483266792
 30
0.0
 11
110.1875530418478
 21
153.8542810315629
 31
0.0
  0
LINE
  5
4FA
330
1F
100
AcDbEntity
  8
VISIBLE
100
AcDbLine
 10
102.3075530418479
 20
154.2818658287952
 30
0.0
 11
102.3075530418479
 21
154.3318658287952
 31
0.0
  0
LINE
  5
4FB
330
1F
100
AcDbEntity
  8
VISIBLE
100
AcDbLine
 10
106.1875530418478
 20
153.9174483266792
 30
0.0
 11
106.1875530418478
 21
153.8542810315629
 31
0.0
  0
LINE
  5
4FC
330
1F
100
AcDbEntity
  8
VISIBLE
100
AcDbLine
 10
104.3075530418479
 20
154.2818658287952
 30
0.0
 11
104.3075530418479
 21
154.3318658287952
 31
0.0
  0
LINE
  5
4FD
330
1F
100
AcDbEntity
  8
VISIBLE
100
AcDbLine
 10
108.6875530418478
 20
153.9174483266792
 30
0.0
 11
108.6875530418478
 21
153.8542810315629
 31
0.0
  0
LINE
  5
4FE
330
1F
100
AcDbEntity
  8
VISIBLE
100
AcDbLine
 10
114.3075530418479
 20
153.854281031563
 30
0.0
 11
114.3075530418479
 21
153.9174483266789
 31
0.0
  0
LINE
  5
4FF
330
1F
100
AcDbEntity
  8
VISIBLE
100
AcDbLine
 10
101.6875530418478
 20
153.9174483266792
 30
0.0
 11
101.6875530418478
 21
153.8542810315629
 31
0.0
  0
LINE
  5
500
330
1F
100
AcDbEntity
  8
VISIBLE
100
AcDbLine
 10
112.8075530418479
 20
154.2818658287952
 30
0.0
 11
112.8075530418479
 21
154.3318658287952
 31
0.0
  0
LINE
  5
501
330
1F
100
AcDbEntity
  8
VISIBLE
100
AcDbLine
 10
108.3075530418479
 20
153.854281031563
 30
0.0
 11
108.3075530418479
 21
153.9174483266789
 31
0.0
  0
LINE
  5
502
330
1F
100
AcDbEntity
  8
VISIBLE
100
AcDbLine
 10
108.1875530418478
 20
153.9174483266792
 30
0.0
 11
108.1875530418478
 21
153.8542810315631
 31
0.0
  0
LINE
  5
503
330
1F
100
AcDbEntity
  8
VISIBLE
100
AcDbLine
 10
108.8075530418479
 20
153.854281031563
 30
0.0
 11
108.8075530418479
 21
153.9174483266789
 31
0.0
  0
ARC
  5
504
330
1F
100
AcDbEntity
  8
VISIBLE
100
AcDbCircle
 10
115.6225530418479
 20
148.0118658287952
 30
0.0
 40
0.55
100
AcDbArc
 50
180.0
 51
0.0
  0
LINE
  5
505
330
1F
100
AcDbEntity
  8
VISIBLE
100
AcDbLine
 10
103.1875530418478
 20
153.9174483266792
 30
0.0
 11
103.1875530418478
 21
153.8542810315629
 31
0.0
  0
LINE
  5
506
330
1F
100
AcDbEntity
  8
VISIBLE
100
AcDbLine
 10
100.3075530418479
 20
153.8542810315632
 30
0.0
 11
100.3075530418479
 21
153.9174483266789
 31
0.0
  0
LINE
  5
507
330
1F
100
AcDbEntity
  8
VISIBLE
100
AcDbLine
 10
114.1875530418478
 20
153.9174483266792
 30
0.0
 11
114.1875530418478
 21
153.8542810315631
 31
0.0
  0
LINE
  5
508
330
1F
100
AcDbEntity
  8
VISIBLE
100
AcDbLine
 10
110.3075530418479
 20
153.854281031563
 30
0.0
 11
110.3075530418479
 21
153.9174483266789
 31
0.0
  0
LINE
  5
509
330
1F
100
AcDbEntity
  8
VISIBLE
100
AcDbLine
 10
117.6875530418478
 20
153.9174483266792
 30
0.0
 11
117.6875530418478
 21
153.8542810315629
 31
0.0
  0
LINE
  5
50A
330
1F
100
AcDbEntity
  8
VISIBLE
100
AcDbLine
 10
102.3075530418479
 20
153.854281031563
 30
0.0
 11
102.3075530418479
 21
153.9174483266789
 31
0.0
  0
LINE
  5
50B
330
1F
100
AcDbEntity
  8
VISIBLE
100
AcDbLine
 10
108.8075530418479
 20
154.2818658287952
 30
0.0
 11
108.8075530418479
 21
154.3318658287952
 31
0.0
  0
LINE
  5
50C
330
1F
100
AcDbEntity
  8
VISIBLE
100
AcDbLine
 10
105.6875530418478
 20
153.9174483266792
 30
0.0
 11
105.6875530418478
 21
153.8542810315629
 31
0.0
  0
LINE
  5
50D
330
1F
100
AcDbEntity
  8
VISIBLE
100
AcDbLine
 10
106.3075530418479
 20
153.854281031563
 30
0.0
 11
106.3075530418479
 21
153.9174483266789
 31
0.0
  0
LINE
  5
50E
330
1F
100
AcDbEntity
  8
VISIBLE
100
AcDbLine
 10
104.1875530418478
 20
153.9174483266792
 30
0.0
 11
104.1875530418478
 21
153.8542810315629
 31
0.0
  0
LINE
  5
50F
330
1F
100
AcDbEntity
  8
VISIBLE
100
AcDbLine
 10
110.8075530418479
 20
153.854281031563
 30
0.0
 11
110.8075530418479
 21
153.9174483266789
 31
0.0
  0
LINE
  5
510
330
1F
100
AcDbEntity
  8
VISIBLE
100
AcDbLine
 10
109.6875530418478
 20
153.9174483266792
 30
0.0
 11
109.6875530418478
 21
153.8542810315631
 31
0.0
  0
LINE
  5
511
330
1F
100
AcDbEntity
  8
VISIBLE
100
AcDbLine
 10
111.3075530418479
 20
154.2818658287952
 30
0.0
 11
111.3075530418479
 21
154.3318658287952
 31
0.0
  0
LINE
  5
512
330
1F
100
AcDbEntity
  8
VISIBLE
100
AcDbLine
 10
100.1875530418478
 20
153.9174483266792
 30
0.0
 11
100.1875530418478
 21
153.8542810315632
 31
0.0
  0
LINE
  5
513
330
1F
100
AcDbEntity
  8
VISIBLE
100
AcDbLine
 10
102.1875530418478
 20
153.9174483266792
 30
0.0
 11
102.1875530418478
 21
153.8542810315631
 31
0.0
  0
LINE
  5
514
330
1F
100
AcDbEntity
  8
VISIBLE
100
AcDbLine
 10
103.8075530418479
 20
153.854281031563
 30
0.0
 11
103.8075530418479
 21
153.9174483266789
 31
0.0
  0
LINE
  5
515
330
1F
100
AcDbEntity
  8
VISIBLE
100
AcDbLine
 10
105.3075530418479
 20
153.854281031563
 30
0.0
 11
105.3075530418479
 21
153.9174483266789
 31
0.0
  0
LINE
  5
516
330
1F
100
AcDbEntity
  8
VISIBLE
100
AcDbLine
 10
105.1875530418478
 20
154.3318658287952
 30
0.0
 11
105.1875530418478
 21
154.2818658287954
 31
0.0
  0
LINE
  5
517
330
1F
100
AcDbEntity
  8
VISIBLE
100
AcDbLine
 10
105.1875530418478
 20
153.9174483266792
 30
0.0
 11
105.1875530418478
 21
153.8542810315631
 31
0.0
  0
LINE
  5
518
330
1F
100
AcDbEntity
  8
VISIBLE
100
AcDbLine
 10
117.1875530418478
 20
154.3318658287952
 30
0.0
 11
117.1875530418478
 21
154.2818658287954
 31
0.0
  0
LINE
  5
519
330
1F
100
AcDbEntity
  8
VISIBLE
100
AcDbLine
 10
100.1875530418478
 20
154.3318658287952
 30
0.0
 11
100.1875530418478
 21
154.2818658287954
 31
0.0
  0
LINE
  5
51A
330
1F
100
AcDbEntity
  8
VISIBLE
100
AcDbLine
 10
112.1875530418478
 20
154.3318658287952
 30
0.0
 11
112.1875530418478
 21
154.2818658287954
 31
0.0
  0
LINE
  5
51B
330
1F
100
AcDbEntity
  8
VISIBLE
100
AcDbLine
 10
104.6875530418478
 20
154.3318658287952
 30
0.0
 11
104.6875530418478
 21
154.2818658287954
 31
0.0
  0
LINE
  5
51C
330
1F
100
AcDbEntity
  8
VISIBLE
100
AcDbLine
 10
104.8075530418479
 20
154.2818658287952
 30
0.0
 11
104.8075530418479
 21
154.3318658287952
 31
0.0
  0
LINE
  5
51D
330
1F
100
AcDbEntity
  8
VISIBLE
100
AcDbLine
 10
118.3075530418479
 20
154.2818658287952
 30
0.0
 11
118.3075530418479
 21
154.3318658287952
 31
0.0
  0
LINE
  5
51E
330
1F
100
AcDbEntity
  8
VISIBLE
100
AcDbLine
 10
108.1875530418478
 20
154.3318658287952
 30
0.0
 11
108.1875530418478
 21
154.2818658287954
 31
0.0
  0
LINE
  5
51F
330
1F
100
AcDbEntity
  8
VISIBLE
100
AcDbLine
 10
118.1875530418478
 20
154.3318658287952
 30
0.0
 11
118.1875530418478
 21
154.2818658287954
 31
0.0
  0
LINE
  5
520
330
1F
100
AcDbEntity
  8
VISIBLE
100
AcDbLine
 10
103.6875530418478
 20
154.3318658287952
 30
0.0
 11
103.6875530418478
 21
154.2818658287954
 31
0.0
  0
LINE
  5
521
330
1F
100
AcDbEntity
  8
VISIBLE
100
AcDbLine
 10
100.6875530418478
 20
154.3318658287952
 30
0.0
 11
100.6875530418478
 21
154.2818658287954
 31
0.0
  0
LINE
  5
522
330
1F
100
AcDbEntity
  8
VISIBLE
100
AcDbLine
 10
105.8075530418479
 20
153.854281031563
 30
0.0
 11
105.8075530418479
 21
153.9174483266789
 31
0.0
  0
LINE
  5
523
330
1F
100
AcDbEntity
  8
VISIBLE
100
AcDbLine
 10
113.1875530418478
 20
154.3318658287952
 30
0.0
 11
113.1875530418478
 21
154.2818658287954
 31
0.0
  0
LINE
  5
524
330
1F
100
AcDbEntity
  8
VISIBLE
100
AcDbLine
 10
109.1875530418478
 20
154.3318658287952
 30
0.0
 11
109.1875530418478
 21
154.2818658287954
 31
0.0
  0
LINE
  5
525
330
1F
100
AcDbEntity
  8
VISIBLE
100
AcDbLine
 10
107.8075530418479
 20
154.2818658287952
 30
0.0
 11
107.8075530418479
 21
154.3318658287952
 31
0.0
  0
LINE
  5
526
330
1F
100
AcDbEntity
  8
VISIBLE
100
AcDbLine
 10
101.1875530418478
 20
153.9174483266792
 30
0.0
 11
101.1875530418478
 21
153.8542810315629
 31
0.0
  0
LINE
  5
527
330
1F
100
AcDbEntity
  8
VISIBLE
100
AcDbLine
 10
107.6875530418478
 20
153.9174483266792
 30
0.0
 11
107.6875530418478
 21
153.8542810315629
 31
0.0
  0
LINE
  5
528
330
1F
100
AcDbEntity
  8
VISIBLE
100
AcDbLine
 10
107.6875530418478
 20
154.3318658287952
 30
0.0
 11
107.6875530418478
 21
154.2818658287954
 31
0.0
  0
LINE
  5
529
330
1F
100
AcDbEntity
  8
VISIBLE
100
AcDbLine
 10
117.8075530418479
 20
154.2818658287952
 30
0.0
 11
117.8075530418479
 21
154.3318658287952
 31
0.0
  0
LINE
  5
52A
330
1F
100
AcDbEntity
  8
VISIBLE
100
AcDbLine
 10
112.3075530418479
 20
154.2818658287952
 30
0.0
 11
112.3075530418479
 21
154.3318658287952
 31
0.0
  0
LINE
  5
52B
330
1F
100
AcDbEntity
  8
VISIBLE
100
AcDbLine
 10
110.3075530418479
 20
154.2818658287952
 30
0.0
 11
110.3075530418479
 21
154.3318658287952
 31
0.0
  0
LINE
  5
52C
330
1F
100
AcDbEntity
  8
VISIBLE
100
AcDbLine
 10
109.8075530418479
 20
153.854281031563
 30
0.0
 11
109.8075530418479
 21
153.9174483266789
 31
0.0
  0
LINE
  5
52D
330
1F
100
AcDbEntity
  8
VISIBLE
100
AcDbLine
 10
110.1875530418478
 20
154.3318658287952
 30
0.0
 11
110.1875530418478
 21
154.2818658287954
 31
0.0
  0
LINE
  5
52E
330
1F
100
AcDbEntity
  8
VISIBLE
100
AcDbLine
 10
100.8075530418479
 20
154.2818658287952
 30
0.0
 11
100.8075530418479
 21
154.3318658287952
 31
0.0
  0
LINE
  5
52F
330
1F
100
AcDbEntity
  8
VISIBLE
100
AcDbLine
 10
105.8075530418479
 20
154.2818658287952
 30
0.0
 11
105.8075530418479
 21
154.3318658287952
 31
0.0
  0
LINE
  5
530
330
1F
100
AcDbEntity
  8
VISIBLE
100
AcDbLine
 10
105.6875530418478
 20
154.3318658287952
 30
0.0
 11
105.6875530418478
 21
154.2818658287954
 31
0.0
  0
LINE
  5
531
330
1F
100
AcDbEntity
  8
VISIBLE
100
AcDbLine
 10
108.3075530418479
 20
154.2818658287952
 30
0.0
 11
108.3075530418479
 21
154.3318658287952
 31
0.0
  0
LINE
  5
532
330
1F
100
AcDbEntity
  8
VISIBLE
100
AcDbLine
 10
103.3075530418479
 20
154.2818658287952
 30
0.0
 11
103.3075530418479
 21
154.3318658287952
 31
0.0
  0
LINE
  5
533
330
1F
100
AcDbEntity
  8
VISIBLE
100
AcDbLine
 10
106.6875530418478
 20
154.3318658287952
 30
0.0
 11
106.6875530418478
 21
154.2818658287954
 31
0.0
  0
LINE
  5
534
330
1F
100
AcDbEntity
  8
VISIBLE
100
AcDbLine
 10
111.8075530418479
 20
154.2818658287952
 30
0.0
 11
111.8075530418479
 21
154.3318658287952
 31
0.0
  0
LINE
  5
535
330
1F
100
AcDbEntity
  8
VISIBLE
100
AcDbLine
 10
113.6875530418478
 20
153.9174483266792
 30
0.0
 11
113.6875530418478
 21
153.8542810315629
 31
0.0
  0
LINE
  5
536
330
1F
100
AcDbEntity
  8
VISIBLE
100
AcDbLine
 10
118.6875530418478
 20
154.3318658287952
 30
0.0
 11
118.6875530418478
 21
154.2818658287954
 31
0.0
  0
LINE
  5
537
330
1F
100
AcDbEntity
  8
VISIBLE
100
AcDbLine
 10
109.3075530418479
 20
153.854281031563
 30
0.0
 11
109.3075530418479
 21
153.9174483266789
 31
0.0
  0
LINE
  5
538
330
1F
100
AcDbEntity
  8
VISIBLE
100
AcDbLine
 10
118.8075530418479
 20
154.2818658287952
 30
0.0
 11
118.8075530418479
 21
154.3318658287952
 31
0.0
  0
LINE
  5
539
330
1F
100
AcDbEntity
  8
VISIBLE
100
AcDbLine
 10
102.8075530418479
 20
154.2818658287952
 30
0.0
 11
102.8075530418479
 21
154.3318658287952
 31
0.0
  0
LINE
  5
53A
330
1F
100
AcDbEntity
  8
VISIBLE
100
AcDbLine
 10
102.6875530418478
 20
154.3318658287952
 30
0.0
 11
102.6875530418478
 21
154.2818658287954
 31
0.0
  0
LINE
  5
53B
330
1F
100
AcDbEntity
  8
VISIBLE
100
AcDbLine
 10
103.1875530418478
 20
154.3318658287952
 30
0.0
 11
103.1875530418478
 21
154.2818658287954
 31
0.0
  0
LINE
  5
53C
330
1F
100
AcDbEntity
  8
VISIBLE
100
AcDbLine
 10
112.6875530418478
 20
154.3318658287952
 30
0.0
 11
112.6875530418478
 21
154.2818658287954
 31
0.0
  0
LINE
  5
53D
330
1F
100
AcDbEntity
  8
VISIBLE
100
AcDbLine
 10
110.8075530418479
 20
154.2818658287952
 30
0.0
 11
110.8075530418479
 21
154.3318658287952
 31
0.0
  0
LINE
  5
53E
330
1F
100
AcDbEntity
  8
VISIBLE
100
AcDbLine
 10
107.3075530418479
 20
154.2818658287952
 30
0.0
 11
107.3075530418479
 21
154.3318658287952
 31
0.0
  0
LINE
  5
53F
330
1F
100
AcDbEntity
  8
VISIBLE
100
AcDbLine
 10
107.1875530418478
 20
154.3318658287952
 30
0.0
 11
107.1875530418478
 21
154.2818658287954
 31
0.0
  0
LINE
  5
540
330
1F
100
AcDbEntity
  8
VISIBLE
100
AcDbLine
 10
113.8075530418479
 20
154.2818658287952
 30
0.0
 11
113.8075530418479
 21
154.3318658287952
 31
0.0
  0
LINE
  5
541
330
1F
100
AcDbEntity
  8
VISIBLE
100
AcDbLine
 10
101.1875530418478
 20
154.3318658287952
 30
0.0
 11
101.1875530418478
 21
154.2818658287954
 31
0.0
  0
LINE
  5
542
330
1F
100
AcDbEntity
  8
VISIBLE
100
AcDbLine
 10
113.3075530418479
 20
154.2818658287952
 30
0.0
 11
113.3075530418479
 21
154.3318658287952
 31
0.0
  0
LINE
  5
543
330
1F
100
AcDbEntity
  8
VISIBLE
100
AcDbLine
 10
105.3075530418479
 20
154.2818658287952
 30
0.0
 11
105.3075530418479
 21
154.3318658287952
 31
0.0
  0
LINE
  5
544
330
1F
100
AcDbEntity
  8
VISIBLE
100
AcDbLine
 10
106.1875530418478
 20
154.3318658287952
 30
0.0
 11
106.1875530418478
 21
154.2818658287954
 31
0.0
  0
LINE
  5
545
330
1F
100
AcDbEntity
  8
VISIBLE
100
AcDbLine
 10
117.3075530418479
 20
154.2818658287952
 30
0.0
 11
117.3075530418479
 21
154.3318658287952
 31
0.0
  0
LINE
  5
546
330
1F
100
AcDbEntity
  8
VISIBLE
100
AcDbLine
 10
109.8075530418479
 20
154.2818658287952
 30
0.0
 11
109.8075530418479
 21
154.3318658287952
 31
0.0
  0
LINE
  5
547
330
1F
100
AcDbEntity
  8
VISIBLE
100
AcDbLine
 10
101.8075530418479
 20
154.2818658287952
 30
0.0
 11
101.8075530418479
 21
154.3318658287952
 31
0.0
  0
LINE
  5
548
330
1F
100
AcDbEntity
  8
VISIBLE
100
AcDbLine
 10
101.6875530418478
 20
154.3318658287952
 30
0.0
 11
101.6875530418478
 21
154.2818658287954
 31
0.0
  0
LINE
  5
549
330
1F
100
AcDbEntity
  8
VISIBLE
100
AcDbLine
 10
114.3075530418479
 20
154.2818658287952
 30
0.0
 11
114.3075530418479
 21
154.3318658287952
 31
0.0
  0
LINE
  5
54A
330
1F
100
AcDbEntity
  8
BORDER_FRAME
100
AcDbLine
 10
20.0
 20
10.0
 30
0.0
 11
20.0
 21
200.0
 31
0.0
  0
LINE
  5
54D
330
1F
100
AcDbEntity
  8
BORDER_FRAME
100
AcDbLine
 10
20.0
 20
200.0
 30
0.0
 11
297.0
 21
200.0
 31
0.0
  0
LINE
  5
54E
330
1F
100
AcDbEntity
  8
BORDER_FRAME
100
AcDbLine
 10
297.0
 20
200.0
 30
0.0
 11
297.0
 21
10.0
 31
0.0
  0
LINE
  5
54F
330
1F
100
AcDbEntity
  8
BORDER_FRAME
100
AcDbLine
 10
297.0
 20
10.0
 30
0.0
 11
20.0
 21
10.0
 31
0.0
  0
LINE
  5
550
330
1F
100
AcDbEntity
  8
TITLE_BLOCK
100
AcDbLine
 10
135.075
 20
10.0
 30
0.0
 11
135.075
 21
48.09999999999999
 31
0.0
  0
LINE
  5
552
330
1F
100
AcDbEntity
  8
TITLE_BLOCK
100
AcDbLine
 10
135.075
 20
10.0
 30
0.0
 11
165.555
 21
10.0
 31
0.0
  0
LINE
  5
553
330
1F
100
AcDbEntity
  8
TITLE_BLOCK
100
AcDbLine
 10
135.075
 20
17.62
 30
0.0
 11
165.555
 21
17.62
 31
0.0
  0
LINE
  5
554
330
1F
100
AcDbEntity
  8
TITLE_BLOCK
100
AcDbLine
 10
135.075
 20
20.668
 30
0.0
 11
165.555
 21
20.668
 31
0.0
  0
LINE
  5
555
330
1F
100
AcDbEntity
  8
TITLE_BLOCK
100
AcDbLine
 10
135.075
 20
25.8496
 30
0.0
 11
165.555
 21
25.8496
 31
0.0
  0
LINE
  5
556
330
1F
100
AcDbEntity
  8
TITLE_BLOCK
100
AcDbLine
 10
135.075
 20
30.2692
 30
0.0
 11
165.555
 21
30.2692
 31
0.0
  0
LINE
  5
557
330
1F
100
AcDbEntity
  8
TITLE_BLOCK
100
AcDbLine
 10
135.075
 20
48.09999999999999
 30
0.0
 11
165.555
 21
48.09999999999999
 31
0.0
  0
LINE
  5
55C
330
1F
100
AcDbEntity
  8
TITLE_BLOCK
100
AcDbLine
 10
148.791
 20
33.3172
 30
0.0
 11
149.553
 21
31.99737728463252
 31
0.0
  0
LINE
  5
55D
330
1F
100
AcDbEntity
  8
TITLE_BLOCK
100
AcDbLine
 10
149.553
 20
31.99737728463252
 30
0.0
 11
151.1532
 21
34.76900498690424
 31
0.0
  0
LINE
  5
55E
330
1F
100
AcDbEntity
  8
TITLE_BLOCK
100
AcDbLine
 10
151.1532
 20
34.76900498690424
 30
0.0
 11
152.8296
 21
34.76900498690424
 31
0.0
  0
CIRCLE
  5
561
330
1F
100
AcDbEntity
  8
TITLE_BLOCK
100
AcDbCircle
 10
153.744
 20
13.77952
 30
0.0
 40
1.3716
  0
CIRCLE
  5
562
330
1F
100
AcDbEntity
  8
TITLE_BLOCK
100
AcDbCircle
 10
153.744
 20
13.77952
 30
0.0
 40
2.743199999999999
  0
LINE
  5
563
330
1F
100
AcDbEntity
  8
TITLE_BLOCK
100
AcDbLine
 10
154.4298
 20
13.77952
 30
0.0
 11
153.0582
 21
13.77952
 31
0.0
  0
LINE
  5
564
330
1F
100
AcDbEntity
  8
TITLE_BLOCK
100
AcDbLine
 10
153.744
 20
14.46532
 30
0.0
 11
153.744
 21
13.09372
 31
0.0
  0
LINE
  5
565
330
1F
100
AcDbEntity
  8
TITLE_BLOCK
100
AcDbLine
 10
155.1156
 20
13.77952
 30
0.0
 11
157.173
 21
13.77952
 31
0.0
  0
LINE
  5
566
330
1F
100
AcDbEntity
  8
TITLE_BLOCK
100
AcDbLine
 10
153.744
 20
15.15112
 30
0.0
 11
153.744
 21
17.20852
 31
0.0
  0
LINE
  5
567
330
1F
100
AcDbEntity
  8
TITLE_BLOCK
100
AcDbLine
 10
152.3724
 20
13.77952
 30
0.0
 11
150.315
 21
13.77952
 31
0.0
  0
LINE
  5
568
330
1F
100
AcDbEntity
  8
TITLE_BLOCK
100
AcDbLine
 10
153.744
 20
12.40792
 30
0.0
 11
153.744
 21
10.35052
 31
0.0
  0
LINE
  5
569
330
1F
100
AcDbEntity
  8
TITLE_BLOCK
100
AcDbLine
 10
149.6292
 20
11.03632
 30
0.0
 11
149.6292
 21
16.52272
 31
0.0
  0
LINE
  5
56A
330
1F
100
AcDbEntity
  8
TITLE_BLOCK
100
AcDbLine
 10
149.6292
 20
16.52272
 30
0.0
 11
144.1428
 21
15.15112
 31
0.0
  0
LINE
  5
56B
330
1F
100
AcDbEntity
  8
TITLE_BLOCK
100
AcDbLine
 10
144.1428
 20
15.15112
 30
0.0
 11
144.1428
 21
12.40792
 31
0.0
  0
LINE
  5
56C
330
1F
100
AcDbEntity
  8
TITLE_BLOCK
100
AcDbLine
 10
144.1428
 20
12.40792
 30
0.0
 11
149.6292
 21
11.03632
 31
0.0
  0
LINE
  5
56D
330
1F
100
AcDbEntity
  8
TITLE_BLOCK
100
AcDbLine
 10
147.5718
 20
13.77952
 30
0.0
 11
149.9721
 21
13.77952
 31
0.0
  0
LINE
  5
56E
330
1F
100
AcDbEntity
  8
TITLE_BLOCK
100
AcDbLine
 10
147.16032
 20
13.77952
 30
0.0
 11
146.61168
 21
13.77952
 31
0.0
  0
LINE
  5
56F
330
1F
100
AcDbEntity
  8
TITLE_BLOCK
100
AcDbLine
 10
146.2002
 20
13.77952
 30
0.0
 11
143.7999
 21
13.77952
 31
0.0
  0
LINE
  5
571
330
1F
100
AcDbEntity
  8
TITLE_BLOCK
100
AcDbLine
 10
165.555
 20
10.0
 30
0.0
 11
165.555
 21
48.09999999999999
 31
0.0
  0
LINE
  5
572
330
1F
100
AcDbEntity
  8
TITLE_BLOCK
100
AcDbLine
 10
178.89
 20
20.668
 30
0.0
 11
178.89
 21
48.09999999999999
 31
0.0
  0
LINE
  5
573
330
1F
100
AcDbEntity
  8
TITLE_BLOCK
100
AcDbLine
 10
194.13
 20
20.668
 30
0.0
 11
194.13
 21
48.09999999999999
 31
0.0
  0
LINE
  5
574
330
1F
100
AcDbEntity
  8
TITLE_BLOCK
100
AcDbLine
 10
192.225
 20
10.0
 30
0.0
 11
192.225
 21
20.668
 31
0.0
  0
LINE
  5
576
330
1F
100
AcDbEntity
  8
TITLE_BLOCK
100
AcDbLine
 10
209.37
 20
20.668
 30
0.0
 11
209.37
 21
48.09999999999999
 31
0.0
  0
LINE
  5
577
330
1F
100
AcDbEntity
  8
TITLE_BLOCK
100
AcDbLine
 10
165.555
 20
48.09999999999999
 30
0.0
 11
218.895
 21
48.09999999999999
 31
0.0
  0
LINE
  5
578
330
1F
100
AcDbEntity
  8
TITLE_BLOCK
100
AcDbLine
 10
165.555
 20
43.528
 30
0.0
 11
218.895
 21
43.528
 31
0.0
  0
LINE
  5
579
330
1F
100
AcDbEntity
  8
TITLE_BLOCK
100
AcDbLine
 10
165.555
 20
38.956
 30
0.0
 11
218.895
 21
38.956
 31
0.0
  0
LINE
  5
57A
330
1F
100
AcDbEntity
  8
TITLE_BLOCK
100
AcDbLine
 10
165.555
 20
34.384
 30
0.0
 11
218.895
 21
34.384
 31
0.0
  0
LINE
  5
57B
330
1F
100
AcDbEntity
  8
TITLE_BLOCK
100
AcDbLine
 10
165.555
 20
29.812
 30
0.0
 11
218.895
 21
29.812
 31
0.0
  0
LINE
  5
57C
330
1F
100
AcDbEntity
  8
TITLE_BLOCK
100
AcDbLine
 10
165.555
 20
25.24
 30
0.0
 11
218.895
 21
25.24
 31
0.0
  0
LINE
  5
57D
330
1F
100
AcDbEntity
  8
TITLE_BLOCK
100
AcDbLine
 10
165.555
 20
20.668
 30
0.0
 11
218.895
 21
20.668
 31
0.0
  0
LINE
  5
5A8
330
1F
100
AcDbEntity
  8
TITLE_BLOCK
100
AcDbLine
 10
218.895
 20
10.0
 30
0.0
 11
218.895
 21
48.09999999999999
 31
0.0
  0
LINE
  5
5A9
330
1F
100
AcDbEntity
  8
TITLE_BLOCK
100
AcDbLine
 10
228.42
 20
14.953
 30
0.0
 11
228.42
 21
22.573
 31
0.0
  0
LINE
  5
5AA
330
1F
100
AcDbEntity
  8
TITLE_BLOCK
100
AcDbLine
 10
235.659
 20
10.0
 30
0.0
 11
235.659
 21
14.953
 31
0.0
  0
LINE
  5
5AB
330
1F
100
AcDbEntity
  8
TITLE_BLOCK
100
AcDbLine
 10
270.33
 20
10.0
 30
0.0
 11
270.33
 21
14.953
 31
0.0
  0
LINE
  5
5AC
330
1F
100
AcDbEntity
  8
TITLE_BLOCK
100
AcDbLine
 10
289.38
 20
14.953
 30
0.0
 11
289.38
 21
22.573
 31
0.0
  0
LINE
  5
5AD
330
1F
100
AcDbEntity
  8
TITLE_BLOCK
100
AcDbLine
 10
218.895
 20
14.953
 30
0.0
 11
297.0
 21
14.953
 31
0.0
  0
LINE
  5
5AE
330
1F
100
AcDbEntity
  8
TITLE_BLOCK
100
AcDbLine
 10
218.895
 20
22.573
 30
0.0
 11
297.0
 21
22.573
 31
0.0
  0
LINE
  5
5AF
330
1F
100
AcDbEntity
  8
TITLE_BLOCK
100
AcDbLine
 10
218.895
 20
38.575
 30
0.0
 11
297.0
 21
38.575
 31
0.0
  0
LINE
  5
5B0
330
1F
100
AcDbEntity
  8
TITLE_BLOCK
100
AcDbLine
 10
218.895
 20
48.09999999999999
 30
0.0
 11
297.0
 21
48.09999999999999
 31
0.0
  0
LWPOLYLINE
  5
5F1
330
1F
100
AcDbEntity
  8
TITLE_BLOCK
100
AcDbPolyline
 90
       55
 70
     1
 43
0.0
 10
136.6898586376022
 20
46.98361809264305
 10
136.5378738964578
 20
46.98361809264305
 10
136.5378738964578
 20
46.19794833787466
 10
136.532683160763
 20
46.12610855585831
 10
136.5171109536785
 20
46.06340446866485
 10
136.5171109536785
 20
46.06340446866485
 10
136.4919877929156
 20
46.00983607629428
 10
136.456483160763
 20
45.96540337874659
 10
136.456483160763
 20
45.96540337874659
 10
136.4116352043597
 20
45.92989874659401
 10
136.3584820708447
 20
45.90477558583106
 10
136.3584820708447
 20
45.90477558583106
 10
136.2961932425068
 20
45.88982626702997
 10
136.2255992370572
 20
45.88484316076294
 10
136.2255992370572
 20
45.88484316076294
 10
136.1508526430518
 20
45.88982626702997
 10
136.0860722615804
 20
45.90477558583106
 10
136.0860722615804
 20
45.90477558583106
 10
136.0312580926431
 20
45.93052163487739
 10
135.9864101362398
 20
45.96623389645777
 10
135.9864101362398
 20
45.96623389645777
 10
135.9515283923706
 20
46.01108185286103
 10
135.9266128610354
 20
46.06423498637602
 10
135.9266128610354
 20
46.06423498637602
 10
135.9122864305177
 20
46.12590092643052
 10
135.9075109536785
 20
46.19628730245232
 10
135.9075109536785
 20
46.19628730245232
 10
135.9075109536785
 20
46.98361809264305
 10
135.7538651771117
 20
46.98361809264305
 10
135.7538651771117
 20
46.20127040871935
 10
135.7613398365123
 20
46.10223117166213
 10
135.7837638147139
 20
46.01440392370572
 10
135.7837638147139
 20
46.01440392370572
 10
135.8219676294278
 20
45.93778866485014
 10
135.8751207629428
 20
45.87238539509537
 10
135.8751207629428
 20
45.87238539509537
 10
135.9417698092643
 20
45.82006277929155
 10
136.0204613623978
 20
45.78268948228883
 10
136.0204613623978
 20
45.78268948228883
 10
136.1122335694823
 20
45.76026550408719
 10
136.2164635422344
 20
45.75279084468665
 10
136.2164635422344
 20
45.75279084468665
 10
136.3215240326976
 20
45.7600578746594
 10
136.4141267574932
 20
45.78185896457766
 10
136.4141267574932
 20
45.78185896457766
 10
136.4953098637602
 20
45.81923226158038
 10
136.5644504632153
 20
45.8715548773842
 10
136.5644504632153
 20
45.8715548773842
 10
136.6190570027248
 20
45.93612762942779
 10
136.6582989645777
 20
46.0119123705722
 10
136.6582989645777
 20
46.0119123705722
 10
136.6819687193461
 20
46.09953198910082
 10
136.6898586376022
 20
46.19794833787466
 10
136.6898586376022
 20
46.19794833787466
 10
136.6898586376022
 20
46.98361809264305
  0
LWPOLYLINE
  5
5F2
330
1F
100
AcDbEntity
  8
TITLE_BLOCK
100
AcDbPolyline
 90
       31
 70
     1
 43
0.0
 10
137.9721779836512
 20
45.76940119891008
 10
137.9721779836512
 20
46.98361809264305
 10
137.8293289373297
 20
46.98361809264305
 10
137.8293289373297
 20
46.29844098092643
 10
137.8296403814714
 20
46.26677749318801
 10
137.8305747138965
 20
46.22660119891008
 10
137.8321319346049
 20
46.17791209809264
 10
137.8343120435968
 20
46.12071019073569
 10
137.8343120435968
 20
46.12071019073569
 10
137.8365959673025
 20
46.06605174386921
 10
137.8384646321526
 20
46.02416250681199
 10
137.8399180381472
 20
45.99504247956403
 10
137.8409561852861
 20
45.97869166212534
 10
137.8409561852861
 20
45.97869166212534
 10
137.8343120435968
 20
45.97869166212534
 10
137.622530027248
 20
46.30840719346049
 10
137.2238815258856
 20
46.92465133514986
 10
137.1865082288829
 20
46.98361809264305
 10
137.0096079564033
 20
46.98361809264305
 10
137.0096079564033
 20
45.76940119891008
 10
137.1507959673025
 20
45.76940119891008
 10
137.1507959673025
 20
46.44793416893733
 10
137.1501730790191
 20
46.50607040871935
 10
137.148304414169
 20
46.5691897547684
 10
137.1451899727521
 20
46.63729220708447
 10
137.1408297547684
 20
46.71037776566757
 10
137.1408297547684
 20
46.71037776566757
 10
137.1366771662126
 20
46.77764970027248
 10
137.1433213079019
 20
46.77764970027248
 10
137.7936166757493
 20
45.76940119891008
 10
137.9721779836512
 20
45.76940119891008
  0
LWPOLYLINE
  5
5F3
330
1F
100
AcDbEntity
  8
TITLE_BLOCK
100
AcDbPolyline
 90
        7
 70
     1
 43
0.0
 10
138.3018935149864
 20
45.76940119891008
 10
138.9854095912807
 20
45.76940119891008
 10
138.9854095912807
 20
45.90560610354223
 10
138.454708773842
 20
45.90560610354223
 10
138.454708773842
 20
46.98361809264305
 10
138.3018935149864
 20
46.98361809264305
 10
138.3018935149864
 20
45.76940119891008
  0
LWPOLYLINE
  5
5F4
330
1F
100
AcDbEntity
  8
TITLE_BLOCK
100
AcDbPolyline
 90
       13
 70
     1
 43
0.0
 10
139.8715719891009
 20
45.76940119891008
 10
139.8715719891009
 20
45.90394506811989
 10
139.3458542779292
 20
45.90394506811989
 10
139.3458542779292
 20
46.3374753133515
 10
139.8408428337875
 20
46.3374753133515
 10
139.8408428337875
 20
46.47035814713897
 10
139.3458542779292
 20
46.47035814713897
 10
139.3458542779292
 20
46.84907422343324
 10
139.8715719891009
 20
46.84907422343324
 10
139.8715719891009
 20
46.98361809264305
 10
139.1930390190736
 20
46.98361809264305
 10
139.1930390190736
 20
45.76940119891008
 10
139.8715719891009
 20
45.76940119891008
  0
LWPOLYLINE
  5
5F5
330
1F
100
AcDbEntity
  8
TITLE_BLOCK
100
AcDbPolyline
 90
      120
 70
     1
 43
0.0
 10
140.8274978746595
 20
46.0941336239782
 10
140.8255253950954
 20
46.13498471389646
 10
140.8196079564033
 20
46.17282517711172
 10
140.8097455585832
 20
46.20765501362398
 10
140.7959382016349
 20
46.23947422343324
 10
140.7959382016349
 20
46.23947422343324
 10
140.7556580926431
 20
46.29719520435967
 10
140.6979371117167
 20
46.34744152588556
 10
140.6979371117167
 20
46.34744152588556
 10
140.6604080926431
 20
46.37126700272479
 10
140.6142624523161
 20
46.39540392370572
 10
140.5595001907357
 20
46.41985228882834
 10
140.4961213079019
 20
46.44461209809264
 10
140.4961213079019
 20
46.44461209809264
 10
140.4433834332426
 20
46.46480405994551
 10
140.3981202179837
 20
46.48385405994551
 10
140.3603316621254
 20
46.50176209809264
 10
140.3300177656676
 20
46.51852817438692
 10
140.3300177656676
 20
46.51852817438692
 10
140.2847545504088
 20
46.55257940054496
 10
140.2536101362398
 20
46.58995269754768
 10
140.2536101362398
 20
46.58995269754768
 10
140.2361692643052
 20
46.63480065395095
 10
140.2361692643052
 20
46.63480065395095
 10
140.230355640327
 20
46.68961482288828
 10
140.230355640327
 20
46.68961482288828
 10
140.2340929700273
 20
46.72885678474115
 10
140.2453049591281
 20
46.76353089918256
 10
140.2453049591281
 20
46.76353089918256
 10
140.2641992370573
 20
46.79426005449591
 10
140.2909834332426
 20
46.82000610354223
 10
140.2909834332426
 20
46.82000610354223
 10
140.324619400545
 20
46.84035378746594
 10
140.3640689918257
 20
46.85488784741145
 10
140.3640689918257
 20
46.85488784741145
 10
140.4093322070845
 20
46.86360828337875
 10
140.4604090463216
 20
46.86651509536784
 10
140.4604090463216
 20
46.86651509536784
 10
140.5290305722071
 20
46.86246632152589
 10
140.600351280654
 20
46.85032
 10
140.6743711716622
 20
46.83007613079019
 10
140.7510902452317
 20
46.80173471389646
 10
140.7510902452317
 20
46.80173471389646
 10
140.7984297547684
 20
46.93295651226158
 10
140.7202053678475
 20
46.96275133514986
 10
140.6383474659401
 20
46.98403335149864
 10
140.5528560490464
 20
46.9968025613079
 10
140.4637311171662
 20
47.00105896457766
 10
140.4637311171662
 20
47.00105896457766
 10
140.3806793460491
 20
46.99566059945504
 10
140.3059327520436
 20
46.97946550408719
 10
140.3059327520436
 20
46.97946550408719
 10
140.2396989645777
 20
46.95351182561308
 10
140.1821856130791
 20
46.91717667574932
 10
140.1821856130791
 20
46.91717667574932
 10
140.1356766212535
 20
46.87129057220709
 10
140.1024559128066
 20
46.81834506811989
 10
140.1024559128066
 20
46.81834506811989
 10
140.0825234877385
 20
46.75834016348774
 10
140.0758793460491
 20
46.69127585831063
 10
140.0758793460491
 20
46.69127585831063
 10
140.0802395640328
 20
46.62794888283378
 10
140.0933202179837
 20
46.57085079019073
 10
140.0933202179837
 20
46.57085079019073
 10
140.1161594550409
 20
46.51998158038147
 10
140.148134386921
 20
46.47534125340599
 10
140.148134386921
 20
46.47534125340599
 10
140.190283160763
 20
46.43516495912807
 10
140.2444744414169
 20
46.39768784741145
 10
140.3107082288829
 20
46.36290991825613
 10
140.3889845231608
 20
46.33083117166213
 10
140.3889845231608
 20
46.33083117166213
 10
140.4445773024524
 20
46.30980869209809
 10
140.4925916076295
 20
46.28992817438692
 10
140.5330274386921
 20
46.27118961852861
 10
140.5658847956404
 20
46.25359302452316
 10
140.5658847956404
 20
46.25359302452316
 10
140.616338746594
 20
46.21829602179837
 10
140.6497670844687
 20
46.18050746594005
 10
140.6497670844687
 20
46.18050746594005
 10
140.6680384741145
 20
46.13565950953679
 10
140.6680384741145
 20
46.13565950953679
 10
140.6746826158038
 20
46.08084534059945
 10
140.6746826158038
 20
46.08084534059945
 10
140.6703223978202
 20
46.03745079019073
 10
140.6572417438693
 20
45.99862408719346
 10
140.6572417438693
 20
45.99862408719346
 10
140.6356482833788
 20
45.96540337874659
 10
140.6057496457766
 20
45.93716577656676
 10
140.6057496457766
 20
45.93716577656676
 10
140.5667153133516
 20
45.91391128065395
 10
140.5193758038148
 20
45.89730092643052
 10
140.5193758038148
 20
45.89730092643052
 10
140.4643540054496
 20
45.88795760217984
 10
140.4006117711172
 20
45.88484316076294
 10
140.4006117711172
 20
45.88484316076294
 10
140.3177676294278
 20
45.88961863760218
 10
140.2286946049047
 20
45.90394506811989
 10
140.2286946049047
 20
45.90394506811989
 10
140.1408673569483
 20
45.92657667574932
 10
140.0600995095368
 20
45.95626768392371
 10
140.0600995095368
 20
45.95626768392371
 10
140.0600995095368
 20
45.81009656675749
 10
140.1251913351499
 20
45.7850253133515
 10
140.2025332970028
 20
45.76711727520436
 10
140.2921253950954
 20
45.75637245231608
 10
140.3939676294278
 20
45.75279084468665
 10
140.3939676294278
 20
45.75279084468665
 10
140.4905153133516
 20
45.75839683923706
 10
140.5758510081744
 20
45.77521482288828
 10
140.5758510081744
 20
45.77521482288828
 10
140.6499747138965
 20
45.8040753133515
 10
140.7128864305178
 20
45.84414779291553
 10
140.7128864305178
 20
45.84414779291553
 10
140.7629251226159
 20
45.89397885558583
 10
140.7984297547684
 20
45.95211509536784
 10
140.7984297547684
 20
45.95211509536784
 10
140.8202308446867
 20
46.01876414168937
 10
140.8274978746595
 20
46.0941336239782
 10
140.8274978746595
 20
46.0941336239782
  0
LWPOLYLINE
  5
5F6
330
1F
100
AcDbEntity
  8
TITLE_BLOCK
100
AcDbPolyline
 90
      120
 70
     1
 43
0.0
 10
141.7609997820164
 20
46.0941336239782
 10
141.7590273024524
 20
46.13498471389646
 10
141.7531098637602
 20
46.17282517711172
 10
141.7432474659401
 20
46.20765501362398
 10
141.7294401089919
 20
46.23947422343324
 10
141.7294401089919
 20
46.23947422343324
 10
141.68916
 20
46.29719520435967
 10
141.6314390190736
 20
46.34744152588556
 10
141.6314390190736
 20
46.34744152588556
 10
141.5939100000001
 20
46.37126700272479
 10
141.5477643596731
 20
46.39540392370572
 10
141.4930020980927
 20
46.41985228882834
 10
141.4296232152589
 20
46.44461209809264
 10
141.4296232152589
 20
46.44461209809264
 10
141.3768853405995
 20
46.46480405994551
 10
141.3316221253406
 20
46.48385405994551
 10
141.2938335694823
 20
46.50176209809264
 10
141.2635196730245
 20
46.51852817438692
 10
141.2635196730245
 20
46.51852817438692
 10
141.2182564577657
 20
46.55257940054496
 10
141.1871120435968
 20
46.58995269754768
 10
141.1871120435968
 20
46.58995269754768
 10
141.1696711716622
 20
46.63480065395095
 10
141.1696711716622
 20
46.63480065395095
 10
141.163857547684
 20
46.68961482288828
 10
141.163857547684
 20
46.68961482288828
 10
141.1675948773842
 20
46.72885678474115
 10
141.178806866485
 20
46.76353089918256
 10
141.178806866485
 20
46.76353089918256
 10
141.1977011444142
 20
46.79426005449591
 10
141.2244853405995
 20
46.82000610354223
 10
141.2244853405995
 20
46.82000610354223
 10
141.2581213079019
 20
46.84035378746594
 10
141.2975708991826
 20
46.85488784741145
 10
141.2975708991826
 20
46.85488784741145
 10
141.3428341144414
 20
46.86360828337875
 10
141.3939109536785
 20
46.86651509536784
 10
141.3939109536785
 20
46.86651509536784
 10
141.4625324795641
 20
46.86246632152589
 10
141.5338531880109
 20
46.85032
 10
141.6078730790191
 20
46.83007613079019
 10
141.6845921525886
 20
46.80173471389646
 10
141.6845921525886
 20
46.80173471389646
 10
141.7319316621254
 20
46.93295651226158
 10
141.6537072752044
 20
46.96275133514986
 10
141.571849373297
 20
46.98403335149864
 10
141.4863579564033
 20
46.9968025613079
 10
141.3972330245232
 20
47.00105896457766
 10
141.3972330245232
 20
47.00105896457766
 10
141.314181253406
 20
46.99566059945504
 10
141.2394346594006
 20
46.97946550408719
 10
141.2394346594006
 20
46.97946550408719
 10
141.1732008719347
 20
46.95351182561308
 10
141.115687520436
 20
46.91717667574932
 10
141.115687520436
 20
46.91717667574932
 10
141.0691785286104
 20
46.87129057220709
 10
141.0359578201635
 20
46.81834506811989
 10
141.0359578201635
 20
46.81834506811989
 10
141.0160253950954
 20
46.75834016348774
 10
141.009381253406
 20
46.69127585831063
 10
141.009381253406
 20
46.69127585831063
 10
141.0137414713897
 20
46.62794888283378
 10
141.0268221253406
 20
46.57085079019073
 10
141.0268221253406
 20
46.57085079019073
 10
141.0496613623979
 20
46.51998158038147
 10
141.081636294278
 20
46.47534125340599
 10
141.081636294278
 20
46.47534125340599
 10
141.1237850681199
 20
46.43516495912807
 10
141.1779763487739
 20
46.39768784741145
 10
141.2442101362398
 20
46.36290991825613
 10
141.3224864305178
 20
46.33083117166213
 10
141.3224864305178
 20
46.33083117166213
 10
141.3780792098093
 20
46.30980869209809
 10
141.4260935149864
 20
46.28992817438692
 10
141.4665293460491
 20
46.27118961852861
 10
141.4993867029973
 20
46.25359302452316
 10
141.4993867029973
 20
46.25359302452316
 10
141.549840653951
 20
46.21829602179837
 10
141.5832689918257
 20
46.18050746594005
 10
141.5832689918257
 20
46.18050746594005
 10
141.6015403814714
 20
46.13565950953679
 10
141.6015403814714
 20
46.13565950953679
 10
141.6081845231608
 20
46.08084534059945
 10
141.6081845231608
 20
46.08084534059945
 10
141.6038243051771
 20
46.03745079019073
 10
141.5907436512262
 20
45.99862408719346
 10
141.5907436512262
 20
45.99862408719346
 10
141.5691501907357
 20
45.96540337874659
 10
141.5392515531335
 20
45.93716577656676
 10
141.5392515531335
 20
45.93716577656676
 10
141.5002172207085
 20
45.91391128065395
 10
141.4528777111717
 20
45.89730092643052
 10
141.4528777111717
 20
45.89730092643052
 10
141.3978559128066
 20
45.88795760217984
 10
141.3341136784742
 20
45.88484316076294
 10
141.3341136784742
 20
45.88484316076294
 10
141.2512695367848
 20
45.88961863760218
 10
141.1621965122616
 20
45.90394506811989
 10
141.1621965122616
 20
45.90394506811989
 10
141.0743692643052
 20
45.92657667574932
 10
140.9936014168938
 20
45.95626768392371
 10
140.9936014168938
 20
45.95626768392371
 10
140.9936014168938
 20
45.81009656675749
 10
141.0586932425068
 20
45.7850253133515
 10
141.1360352043597
 20
45.76711727520436
 10
141.2256273024524
 20
45.75637245231608
 10
141.3274695367848
 20
45.75279084468665
 10
141.3274695367848
 20
45.75279084468665
 10
141.4240172207085
 20
45.75839683923706
 10
141.5093529155314
 20
45.77521482288828
 10
141.5093529155314
 20
45.77521482288828
 10
141.5834766212535
 20
45.8040753133515
 10
141.6463883378747
 20
45.84414779291553
 10
141.6463883378747
 20
45.84414779291553
 10
141.6964270299728
 20
45.89397885558583
 10
141.7319316621254
 20
45.95211509536784
 10
141.7319316621254
 20
45.95211509536784
 10
141.7537327520436
 20
46.01876414168937
 10
141.7609997820164
 20
46.0941336239782
 10
141.7609997820164
 20
46.0941336239782
  0
LWPOLYLINE
  5
5F7
330
1F
100
AcDbEntity
  8
TITLE_BLOCK
100
AcDbPolyline
 90
       81
 70
     1
 43
0.0
 10
143.5075785286104
 20
46.37817068119891
 10
143.5052426975477
 20
46.44928376021798
 10
143.4982352043597
 20
46.51645188010899
 10
143.4865560490464
 20
46.57967504087193
 10
143.4702052316077
 20
46.63895324250681
 10
143.4702052316077
 20
46.63895324250681
 10
143.4496499182562
 20
46.69428648501362
 10
143.4245267574932
 20
46.74567476839237
 10
143.3948357493188
 20
46.79311809264305
 10
143.360576893733
 20
46.83661645776566
 10
143.360576893733
 20
46.83661645776566
 10
143.3218020980927
 20
46.87554697547684
 10
143.279393787466
 20
46.90928675749318
 10
143.2333519618529
 20
46.93783580381471
 10
143.1836766212535
 20
46.96119411444142
 10
143.1836766212535
 20
46.96119411444142
 10
143.1307311171662
 20
46.9793616893733
 10
143.0740482833788
 20
46.99233852861035
 10
143.0136281198911
 20
47.00012463215259
 10
142.949470626703
 20
47.00272
 10
142.949470626703
 20
47.00272
 10
142.883340653951
 20
47.00012463215259
 10
142.821155640327
 20
46.99233852861035
 10
142.7629155858311
 20
46.9793616893733
 10
142.7086204904633
 20
46.96119411444142
 10
142.7086204904633
 20
46.96119411444142
 10
142.6586337057221
 20
46.93830297002724
 10
142.6124880653951
 20
46.91032490463216
 10
142.5701835694823
 20
46.87725991825613
 10
142.5317202179837
 20
46.83910801089918
 10
142.5317202179837
 20
46.83910801089918
 10
142.4974613623979
 20
46.79628444141689
 10
142.4677703542235
 20
46.74920446866485
 10
142.4426471934605
 20
46.69786809264305
 10
142.422091880109
 20
46.6422753133515
 10
142.422091880109
 20
46.6422753133515
 10
142.4064677656676
 20
46.58289329700273
 10
142.3953076839237
 20
46.51935869209809
 10
142.3886116348774
 20
46.4516714986376
 10
142.3863796185287
 20
46.37983171662125
 10
142.3863796185287
 20
46.37983171662125
 10
142.3886635422344
 20
46.30716141689373
 10
142.3955153133515
 20
46.23864370572207
 10
142.4069349318802
 20
46.17427858310626
 10
142.4229223978202
 20
46.11406604904632
 10
142.4229223978202
 20
46.11406604904632
 10
142.4434777111717
 20
46.05842136239782
 10
142.4686008719347
 20
46.00692926430518
 10
142.498291880109
 20
45.95958975476839
 10
142.5325507356949
 20
45.91640283378747
 10
142.5325507356949
 20
45.91640283378747
 10
142.5710140871935
 20
45.87788757493188
 10
142.6133185831063
 20
45.84456305177112
 10
142.6594642234333
 20
45.81642926430518
 10
142.7094510081744
 20
45.79348621253406
 10
142.7094510081744
 20
45.79348621253406
 10
142.7632789373297
 20
45.77568198910082
 10
142.8209480108992
 20
45.7629646866485
 10
142.8824582288829
 20
45.75533430517711
 10
142.9478095912807
 20
45.75279084468665
 10
142.9478095912807
 20
45.75279084468665
 10
143.0120189918256
 20
45.75538621253406
 10
143.0725948773842
 20
45.76317231607629
 10
143.1295372479564
 20
45.77614915531335
 10
143.1828461035423
 20
45.79431673024523
 10
143.1828461035423
 20
45.79431673024523
 10
143.2325214441417
 20
45.81772694822888
 10
143.2785632697548
 20
45.84643171662125
 10
143.3209715803815
 20
45.88043103542234
 10
143.3597463760218
 20
45.91972490463215
 10
143.3597463760218
 20
45.91972490463215
 10
143.3943685831063
 20
45.96322326975477
 10
143.4243191280654
 20
46.01066659400545
 10
143.4495980108992
 20
46.0620548773842
 10
143.4702052316077
 20
46.11738811989101
 10
143.4702052316077
 20
46.11738811989101
 10
143.4865560490464
 20
46.17666632152589
 10
143.4982352043597
 20
46.23988948228883
 10
143.5052426975477
 20
46.30705760217984
 10
143.5075785286104
 20
46.37817068119891
 10
143.5075785286104
 20
46.37817068119891
  0
LWPOLYLINE
  5
5F8
330
1F
100
AcDbEntity
  8
TITLE_BLOCK
100
AcDbPolyline
 90
       69
 70
     1
 43
0.0
 10
142.5475000544959
 20
46.37817068119891
 10
142.5537289373297
 20
46.49070583106267
 10
142.5724155858311
 20
46.58912217983652
 10
142.5724155858311
 20
46.58912217983652
 10
142.604598147139
 20
46.67321209809264
 10
142.6496537329701
 20
46.74276795640327
 10
142.6496537329701
 20
46.74276795640327
 10
142.6764898365123
 20
46.77199179836512
 10
142.7063365667575
 20
46.79737449591281
 10
142.7391939237058
 20
46.81891604904632
 10
142.775061907357
 20
46.83661645776566
 10
142.775061907357
 20
46.83661645776566
 10
142.8143038692099
 20
46.8504238147139
 10
142.8564526430518
 20
46.86028621253406
 10
142.9015082288829
 20
46.86620365122616
 10
142.949470626703
 20
46.86817613079019
 10
142.949470626703
 20
46.86817613079019
 10
142.996602506812
 20
46.86620365122616
 10
143.0408275749319
 20
46.86028621253406
 10
143.0821458310627
 20
46.8504238147139
 10
143.1205572752044
 20
46.83661645776566
 10
143.1205572752044
 20
46.83661645776566
 10
143.1886597275205
 20
46.79820501362398
 10
143.2451349318802
 20
46.74442899182561
 10
143.2451349318802
 20
46.74442899182561
 10
143.2684932425068
 20
46.71177926430518
 10
143.2887371117167
 20
46.67528839237058
 10
143.3058665395096
 20
46.6349563760218
 10
143.3198815258856
 20
46.59078321525885
 10
143.3198815258856
 20
46.59078321525885
 10
143.3311454223434
 20
46.54323607629428
 10
143.3391910626703
 20
46.49195160762942
 10
143.3440184468665
 20
46.43692980926431
 10
143.3456275749319
 20
46.37817068119891
 10
143.3456275749319
 20
46.37817068119891
 10
143.3440184468665
 20
46.31899629427793
 10
143.3391910626703
 20
46.26355923705722
 10
143.3311454223434
 20
46.21185950953679
 10
143.3198815258856
 20
46.16389711171662
 10
143.3198815258856
 20
46.16389711171662
 10
143.3058146321526
 20
46.11967204359673
 10
143.2885294822889
 20
46.07918430517711
 10
143.2680260762943
 20
46.04243389645777
 10
143.244304414169
 20
46.00942081743869
 10
143.244304414169
 20
46.00942081743869
 10
143.2174683106267
 20
45.98019697547684
 10
143.1876215803815
 20
45.95481427792915
 10
143.1547642234333
 20
45.93327272479564
 10
143.1188962397821
 20
45.91557231607629
 10
143.1188962397821
 20
45.91557231607629
 10
143.0391665395096
 20
45.89252544959128
 10
142.9478095912807
 20
45.88484316076294
 10
142.9478095912807
 20
45.88484316076294
 10
142.9002624523161
 20
45.88681564032697
 10
142.8556221253406
 20
45.89273307901907
 10
142.8138886103543
 20
45.90259547683924
 10
142.775061907357
 20
45.91640283378747
 10
142.775061907357
 20
45.91640283378747
 10
142.7391939237058
 20
45.93415514986376
 10
142.7063365667575
 20
45.95585242506812
 10
142.6764898365123
 20
45.98149465940055
 10
142.6496537329701
 20
46.01108185286103
 10
142.6496537329701
 20
46.01108185286103
 10
142.604598147139
 20
46.08126059945504
 10
142.5724155858311
 20
46.16555814713897
 10
142.5724155858311
 20
46.16555814713897
 10
142.5537289373297
 20
46.26480501362398
 10
142.5475000544959
 20
46.37817068119891
 10
142.5475000544959
 20
46.37817068119891
  0
LWPOLYLINE
  5
5F9
330
1F
100
AcDbEntity
  8
TITLE_BLOCK
100
AcDbPolyline
 90
        9
 70
     1
 43
0.0
 10
144.1603654495913
 20
45.76940119891008
 10
144.1603654495913
 20
46.84907422343324
 10
144.5374204904633
 20
46.84907422343324
 10
144.5374204904633
 20
46.98361809264305
 10
143.6271730790191
 20
46.98361809264305
 10
143.6271730790191
 20
46.84907422343324
 10
144.0067196730245
 20
46.84907422343324
 10
144.0067196730245
 20
45.76940119891008
 10
144.1603654495913
 20
45.76940119891008
  0
LWPOLYLINE
  5
5FA
330
1F
100
AcDbEntity
  8
TITLE_BLOCK
100
AcDbPolyline
 90
       13
 70
     1
 43
0.0
 10
145.6503142234333
 20
45.76940119891008
 10
145.6503142234333
 20
46.98361809264305
 10
145.4974989645777
 20
46.98361809264305
 10
145.4974989645777
 20
46.47035814713897
 10
144.874610681199
 20
46.47035814713897
 10
144.874610681199
 20
46.98361809264305
 10
144.7217954223434
 20
46.98361809264305
 10
144.7217954223434
 20
45.76940119891008
 10
144.874610681199
 20
45.76940119891008
 10
144.874610681199
 20
46.33581427792915
 10
145.4974989645777
 20
46.33581427792915
 10
145.4974989645777
 20
45.76940119891008
 10
145.6503142234333
 20
45.76940119891008
  0
LWPOLYLINE
  5
5FB
330
1F
100
AcDbEntity
  8
TITLE_BLOCK
100
AcDbPolyline
 90
       13
 70
     1
 43
0.0
 10
146.6610542779292
 20
45.76940119891008
 10
146.6610542779292
 20
45.90394506811989
 10
146.1353365667575
 20
45.90394506811989
 10
146.1353365667575
 20
46.3374753133515
 10
146.6303251226158
 20
46.3374753133515
 10
146.6303251226158
 20
46.47035814713897
 10
146.1353365667575
 20
46.47035814713897
 10
146.1353365667575
 20
46.84907422343324
 10
146.6610542779292
 20
46.84907422343324
 10
146.6610542779292
 20
46.98361809264305
 10
145.9825213079019
 20
46.98361809264305
 10
145.9825213079019
 20
45.76940119891008
 10
146.6610542779292
 20
45.76940119891008
  0
LWPOLYLINE
  5
5FC
330
1F
100
AcDbEntity
  8
TITLE_BLOCK
100
AcDbPolyline
 90
       33
 70
     1
 43
0.0
 10
147.0812962397821
 20
46.27103389645777
 10
147.322976893733
 20
46.27103389645777
 10
147.6169801634878
 20
45.76940119891008
 10
147.7955414713897
 20
45.76940119891008
 10
147.4625038692099
 20
46.31339029972752
 10
147.5191867029973
 20
46.33664479564032
 10
147.5679796185287
 20
46.36488239782016
 10
147.5679796185287
 20
46.36488239782016
 10
147.6099207629428
 20
46.39810310626703
 10
147.6443872479564
 20
46.43630692098093
 10
147.6443872479564
 20
46.43630692098093
 10
147.6711714441417
 20
46.47949384196185
 10
147.6900657220709
 20
46.52766386920981
 10
147.6900657220709
 20
46.52766386920981
 10
147.7019005994551
 20
46.58081700272479
 10
147.7058455585831
 20
46.63895324250681
 10
147.7058455585831
 20
46.63895324250681
 10
147.698993787466
 20
46.71972108991826
 10
147.6784384741145
 20
46.78927694822888
 10
147.6784384741145
 20
46.78927694822888
 10
147.6443872479564
 20
46.84865896457766
 10
147.5970477384197
 20
46.8972442506812
 10
147.5970477384197
 20
46.8972442506812
 10
147.535589427793
 20
46.93503280653951
 10
147.4591817983652
 20
46.96202463215259
 10
147.4591817983652
 20
46.96202463215259
 10
147.3686553678475
 20
46.97821972752043
 10
147.2631796185287
 20
46.98361809264305
 10
147.2631796185287
 20
46.98361809264305
 10
146.9284809809265
 20
46.98361809264305
 10
146.9284809809265
 20
45.76940119891008
 10
147.0812962397821
 20
45.76940119891008
 10
147.0812962397821
 20
46.27103389645777
  0
LWPOLYLINE
  5
5FD
330
1F
100
AcDbEntity
  8
TITLE_BLOCK
100
AcDbPolyline
 90
       28
 70
     1
 43
0.0
 10
147.0812962397821
 20
46.40059465940055
 10
147.0812962397821
 20
46.85156577656676
 10
147.2548744414169
 20
46.85156577656676
 10
147.3267142234333
 20
46.84824370572207
 10
147.3877572752044
 20
46.83827749318801
 10
147.3877572752044
 20
46.83827749318801
 10
147.4382112261581
 20
46.82166713896458
 10
147.4782837057221
 20
46.79841264305177
 10
147.4782837057221
 20
46.79841264305177
 10
147.5081823433243
 20
46.76809874659401
 10
147.5297758038148
 20
46.73031019073569
 10
147.5297758038148
 20
46.73031019073569
 10
147.5428564577657
 20
46.68483934604905
 10
147.5472166757494
 20
46.63147858310627
 10
147.5472166757494
 20
46.63147858310627
 10
147.5428564577657
 20
46.5777025613079
 10
147.5297758038148
 20
46.53098594005449
 10
147.5297758038148
 20
46.53098594005449
 10
147.5088052316077
 20
46.49132871934605
 10
147.4791142234333
 20
46.45873089918256
 10
147.4791142234333
 20
46.45873089918256
 10
147.4400798910082
 20
46.43319247956403
 10
147.3910793460491
 20
46.41471346049046
 10
147.3910793460491
 20
46.41471346049046
 10
147.3321125885559
 20
46.40412435967303
 10
147.2631796185287
 20
46.40059465940055
 10
147.2631796185287
 20
46.40059465940055
 10
147.0812962397821
 20
46.40059465940055
  0
LWPOLYLINE
  5
5FE
330
1F
100
AcDbEntity
  8
TITLE_BLOCK
100
AcDbPolyline
 90
       38
 70
     1
 43
0.0
 10
149.0579283923706
 20
45.76940119891008
 10
149.3809997820164
 20
46.98361809264305
 10
149.2215403814714
 20
46.98361809264305
 10
149.0338433787466
 20
46.2436268119891
 10
149.0130285286104
 20
46.15943307901907
 10
148.9962624523161
 20
46.08292163487739
 10
148.9835451498638
 20
46.01409247956403
 10
148.9748766212535
 20
45.95294561307902
 10
148.9748766212535
 20
45.95294561307902
 10
148.9466390190736
 20
46.10036250681199
 10
148.9084352043597
 20
46.24528784741145
 10
148.9084352043597
 20
46.24528784741145
 10
148.6850259400545
 20
46.98361809264305
 10
148.5272275749319
 20
46.98361809264305
 10
148.3129540054497
 20
46.25110147138965
 10
148.273504414169
 20
46.09558702997276
 10
148.2481736239783
 20
45.95294561307902
 10
148.2481736239783
 20
45.95294561307902
 10
148.2236733514987
 20
46.0970404359673
 10
148.1900373841962
 20
46.24196577656676
 10
148.1900373841962
 20
46.24196577656676
 10
148.0015098637603
 20
46.98361809264305
 10
147.8420504632153
 20
46.98361809264305
 10
148.1634608174388
 20
45.76940119891008
 10
148.3179371117167
 20
45.76940119891008
 10
148.54716
 20
46.56005405994551
 10
148.5676114986377
 20
46.63142667574932
 10
148.5841180381472
 20
46.69605133514986
 10
148.5966796185287
 20
46.75392803814714
 10
148.6052962397821
 20
46.80505678474115
 10
148.6052962397821
 20
46.80505678474115
 10
148.6125632697548
 20
46.7666972479564
 10
148.6252286648502
 20
46.71390746594005
 10
148.6432924250682
 20
46.6466874386921
 10
148.6667545504088
 20
46.56503716621253
 10
148.6667545504088
 20
46.56503716621253
 10
148.9034520980927
 20
45.76940119891008
 10
149.0579283923706
 20
45.76940119891008
  0
LWPOLYLINE
  5
5FF
330
1F
100
AcDbEntity
  8
TITLE_BLOCK
100
AcDbPolyline
 90
       13
 70
     1
 43
0.0
 10
149.9100395640328
 20
45.76940119891008
 10
149.9100395640328
 20
45.85743607629428
 10
149.7671905177112
 20
45.88982626702997
 10
149.7671905177112
 20
46.86153198910082
 10
149.9100395640328
 20
46.89558321525885
 10
149.9100395640328
 20
46.98361809264305
 10
149.4715262125341
 20
46.98361809264305
 10
149.4715262125341
 20
46.89558321525885
 10
149.6143752588556
 20
46.86153198910082
 10
149.6143752588556
 20
45.88982626702997
 10
149.4715262125341
 20
45.85743607629428
 10
149.4715262125341
 20
45.76940119891008
 10
149.9100395640328
 20
45.76940119891008
  0
LWPOLYLINE
  5
600
330
1F
100
AcDbEntity
  8
TITLE_BLOCK
100
AcDbPolyline
 90
      120
 70
     1
 43
0.0
 10
150.8335752588557
 20
46.0941336239782
 10
150.8316027792916
 20
46.13498471389646
 10
150.8256853405995
 20
46.17282517711172
 10
150.8158229427794
 20
46.20765501362398
 10
150.8020155858311
 20
46.23947422343324
 10
150.8020155858311
 20
46.23947422343324
 10
150.7617354768393
 20
46.29719520435967
 10
150.7040144959129
 20
46.34744152588556
 10
150.7040144959129
 20
46.34744152588556
 10
150.6664854768393
 20
46.37126700272479
 10
150.6203398365123
 20
46.39540392370572
 10
150.565577574932
 20
46.41985228882834
 10
150.5021986920981
 20
46.44461209809264
 10
150.5021986920981
 20
46.44461209809264
 10
150.4494608174388
 20
46.46480405994551
 10
150.4041976021799
 20
46.48385405994551
 10
150.3664090463216
 20
46.50176209809264
 10
150.3360951498638
 20
46.51852817438692
 10
150.3360951498638
 20
46.51852817438692
 10
150.290831934605
 20
46.55257940054496
 10
150.259687520436
 20
46.58995269754768
 10
150.259687520436
 20
46.58995269754768
 10
150.2422466485014
 20
46.63480065395095
 10
150.2422466485014
 20
46.63480065395095
 10
150.2364330245232
 20
46.68961482288828
 10
150.2364330245232
 20
46.68961482288828
 10
150.2401703542235
 20
46.72885678474115
 10
150.2513823433243
 20
46.76353089918256
 10
150.2513823433243
 20
46.76353089918256
 10
150.2702766212535
 20
46.79426005449591
 10
150.2970608174388
 20
46.82000610354223
 10
150.2970608174388
 20
46.82000610354223
 10
150.3306967847412
 20
46.84035378746594
 10
150.3701463760219
 20
46.85488784741145
 10
150.3701463760219
 20
46.85488784741145
 10
150.4154095912807
 20
46.86360828337875
 10
150.4664864305178
 20
46.86651509536784
 10
150.4664864305178
 20
46.86651509536784
 10
150.5351079564033
 20
46.86246632152589
 10
150.6064286648502
 20
46.85032
 10
150.6804485558584
 20
46.83007613079019
 10
150.7571676294279
 20
46.80173471389646
 10
150.7571676294279
 20
46.80173471389646
 10
150.8045071389647
 20
46.93295651226158
 10
150.7262827520437
 20
46.96275133514986
 10
150.6444248501363
 20
46.98403335149864
 10
150.5589334332426
 20
46.9968025613079
 10
150.4698085013625
 20
47.00105896457766
 10
150.4698085013625
 20
47.00105896457766
 10
150.3867567302453
 20
46.99566059945504
 10
150.3120101362398
 20
46.97946550408719
 10
150.3120101362398
 20
46.97946550408719
 10
150.2457763487739
 20
46.95351182561308
 10
150.1882629972753
 20
46.91717667574932
 10
150.1882629972753
 20
46.91717667574932
 10
150.1417540054497
 20
46.87129057220709
 10
150.1085332970028
 20
46.81834506811989
 10
150.1085332970028
 20
46.81834506811989
 10
150.0886008719347
 20
46.75834016348774
 10
150.0819567302453
 20
46.69127585831063
 10
150.0819567302453
 20
46.69127585831063
 10
150.086316948229
 20
46.62794888283378
 10
150.0993976021799
 20
46.57085079019073
 10
150.0993976021799
 20
46.57085079019073
 10
150.1222368392371
 20
46.51998158038147
 10
150.1542117711172
 20
46.47534125340599
 10
150.1542117711172
 20
46.47534125340599
 10
150.1963605449592
 20
46.43516495912807
 10
150.2505518256131
 20
46.39768784741145
 10
150.3167856130791
 20
46.36290991825613
 10
150.395061907357
 20
46.33083117166213
 10
150.395061907357
 20
46.33083117166213
 10
150.4506546866486
 20
46.30980869209809
 10
150.4986689918257
 20
46.28992817438692
 10
150.5391048228883
 20
46.27118961852861
 10
150.5719621798366
 20
46.25359302452316
 10
150.5719621798366
 20
46.25359302452316
 10
150.6224161307902
 20
46.21829602179837
 10
150.6558444686649
 20
46.18050746594005
 10
150.6558444686649
 20
46.18050746594005
 10
150.6741158583107
 20
46.13565950953679
 10
150.6741158583107
 20
46.13565950953679
 10
150.68076
 20
46.08084534059945
 10
150.68076
 20
46.08084534059945
 10
150.6763997820164
 20
46.03745079019073
 10
150.6633191280655
 20
45.99862408719346
 10
150.6633191280655
 20
45.99862408719346
 10
150.641725667575
 20
45.96540337874659
 10
150.6118270299728
 20
45.93716577656676
 10
150.6118270299728
 20
45.93716577656676
 10
150.5727926975478
 20
45.91391128065395
 10
150.525453188011
 20
45.89730092643052
 10
150.525453188011
 20
45.89730092643052
 10
150.4704313896458
 20
45.88795760217984
 10
150.4066891553134
 20
45.88484316076294
 10
150.4066891553134
 20
45.88484316076294
 10
150.323845013624
 20
45.88961863760218
 10
150.2347719891009
 20
45.90394506811989
 10
150.2347719891009
 20
45.90394506811989
 10
150.1469447411445
 20
45.92657667574932
 10
150.066176893733
 20
45.95626768392371
 10
150.066176893733
 20
45.95626768392371
 10
150.066176893733
 20
45.81009656675749
 10
150.1312687193461
 20
45.7850253133515
 10
150.208610681199
 20
45.76711727520436
 10
150.2982027792916
 20
45.75637245231608
 10
150.400045013624
 20
45.75279084468665
 10
150.400045013624
 20
45.75279084468665
 10
150.4965926975478
 20
45.75839683923706
 10
150.5819283923706
 20
45.77521482288828
 10
150.5819283923706
 20
45.77521482288828
 10
150.6560520980927
 20
45.8040753133515
 10
150.718963814714
 20
45.84414779291553
 10
150.718963814714
 20
45.84414779291553
 10
150.7690025068121
 20
45.89397885558583
 10
150.8045071389647
 20
45.95211509536784
 10
150.8045071389647
 20
45.95211509536784
 10
150.8263082288829
 20
46.01876414168937
 10
150.8335752588557
 20
46.0941336239782
 10
150.8335752588557
 20
46.0941336239782
  0
LWPOLYLINE
  5
601
330
1F
100
AcDbEntity
  8
TITLE_BLOCK
100
AcDbPolyline
 90
       13
 70
     1
 43
0.0
 10
151.7571109536785
 20
45.76940119891008
 10
151.7571109536785
 20
45.90394506811989
 10
151.2313932425069
 20
45.90394506811989
 10
151.2313932425069
 20
46.3374753133515
 10
151.7263817983652
 20
46.3374753133515
 10
151.7263817983652
 20
46.47035814713897
 10
151.2313932425069
 20
46.47035814713897
 10
151.2313932425069
 20
46.84907422343324
 10
151.7571109536785
 20
46.84907422343324
 10
151.7571109536785
 20
46.98361809264305
 10
151.0785779836513
 20
46.98361809264305
 10
151.0785779836513
 20
45.76940119891008
 10
151.7571109536785
 20
45.76940119891008
  0
LWPOLYLINE
  5
602
330
1F
100
AcDbEntity
  8
TITLE_BLOCK
100
AcDbPolyline
 90
      120
 70
     1
 43
0.0
 10
153.1548722615805
 20
46.0941336239782
 10
153.1528997820164
 20
46.13498471389646
 10
153.1469823433243
 20
46.17282517711172
 10
153.1371199455042
 20
46.20765501362398
 10
153.1233125885559
 20
46.23947422343324
 10
153.1233125885559
 20
46.23947422343324
 10
153.0830324795641
 20
46.29719520435967
 10
153.0253114986377
 20
46.34744152588556
 10
153.0253114986377
 20
46.34744152588556
 10
152.9877824795641
 20
46.37126700272479
 10
152.9416368392371
 20
46.39540392370572
 10
152.8868745776568
 20
46.41985228882834
 10
152.823495694823
 20
46.44461209809264
 10
152.823495694823
 20
46.44461209809264
 10
152.7707578201636
 20
46.46480405994551
 10
152.7254946049047
 20
46.48385405994551
 10
152.6877060490464
 20
46.50176209809264
 10
152.6573921525886
 20
46.51852817438692
 10
152.6573921525886
 20
46.51852817438692
 10
152.6121289373298
 20
46.55257940054496
 10
152.5809845231608
 20
46.58995269754768
 10
152.5809845231608
 20
46.58995269754768
 10
152.5635436512262
 20
46.63480065395095
 10
152.5635436512262
 20
46.63480065395095
 10
152.557730027248
 20
46.68961482288828
 10
152.557730027248
 20
46.68961482288828
 10
152.5614673569483
 20
46.72885678474115
 10
152.5726793460491
 20
46.76353089918256
 10
152.5726793460491
 20
46.76353089918256
 10
152.5915736239783
 20
46.79426005449591
 10
152.6183578201636
 20
46.82000610354223
 10
152.6183578201636
 20
46.82000610354223
 10
152.651993787466
 20
46.84035378746594
 10
152.6914433787467
 20
46.85488784741145
 10
152.6914433787467
 20
46.85488784741145
 10
152.7367065940055
 20
46.86360828337875
 10
152.7877834332426
 20
46.86651509536784
 10
152.7877834332426
 20
46.86651509536784
 10
152.8564049591281
 20
46.86246632152589
 10
152.927725667575
 20
46.85032
 10
153.0017455585832
 20
46.83007613079019
 10
153.0784646321527
 20
46.80173471389646
 10
153.0784646321527
 20
46.80173471389646
 10
153.1258041416895
 20
46.93295651226158
 10
153.0475797547685
 20
46.96275133514986
 10
152.9657218528611
 20
46.98403335149864
 10
152.8802304359674
 20
46.9968025613079
 10
152.7911055040873
 20
47.00105896457766
 10
152.7911055040873
 20
47.00105896457766
 10
152.7080537329701
 20
46.99566059945504
 10
152.6333071389647
 20
46.97946550408719
 10
152.6333071389647
 20
46.97946550408719
 10
152.5670733514987
 20
46.95351182561308
 10
152.5095600000001
 20
46.91717667574932
 10
152.5095600000001
 20
46.91717667574932
 10
152.4630510081745
 20
46.87129057220709
 10
152.4298302997276
 20
46.81834506811989
 10
152.4298302997276
 20
46.81834506811989
 10
152.4098978746595
 20
46.75834016348774
 10
152.4032537329701
 20
46.69127585831063
 10
152.4032537329701
 20
46.69127585831063
 10
152.4076139509538
 20
46.62794888283378
 10
152.4206946049047
 20
46.57085079019073
 10
152.4206946049047
 20
46.57085079019073
 10
152.4435338419619
 20
46.51998158038147
 10
152.475508773842
 20
46.47534125340599
 10
152.475508773842
 20
46.47534125340599
 10
152.517657547684
 20
46.43516495912807
 10
152.5718488283379
 20
46.39768784741145
 10
152.6380826158039
 20
46.36290991825613
 10
152.7163589100818
 20
46.33083117166213
 10
152.7163589100818
 20
46.33083117166213
 10
152.7719516893734
 20
46.30980869209809
 10
152.8199659945505
 20
46.28992817438692
 10
152.8604018256131
 20
46.27118961852861
 10
152.8932591825614
 20
46.25359302452316
 10
152.8932591825614
 20
46.25359302452316
 10
152.943713133515
 20
46.21829602179837
 10
152.9771414713897
 20
46.18050746594005
 10
152.9771414713897
 20
46.18050746594005
 10
152.9954128610355
 20
46.13565950953679
 10
152.9954128610355
 20
46.13565950953679
 10
153.0020570027249
 20
46.08084534059945
 10
153.0020570027249
 20
46.08084534059945
 10
152.9976967847412
 20
46.03745079019073
 10
152.9846161307903
 20
45.99862408719346
 10
152.9846161307903
 20
45.99862408719346
 10
152.9630226702998
 20
45.96540337874659
 10
152.9331240326976
 20
45.93716577656676
 10
152.9331240326976
 20
45.93716577656676
 10
152.8940897002726
 20
45.91391128065395
 10
152.8467501907358
 20
45.89730092643052
 10
152.8467501907358
 20
45.89730092643052
 10
152.7917283923706
 20
45.88795760217984
 10
152.7279861580382
 20
45.88484316076294
 10
152.7279861580382
 20
45.88484316076294
 10
152.6451420163488
 20
45.88961863760218
 10
152.5560689918257
 20
45.90394506811989
 10
152.5560689918257
 20
45.90394506811989
 10
152.4682417438693
 20
45.92657667574932
 10
152.3874738964578
 20
45.95626768392371
 10
152.3874738964578
 20
45.95626768392371
 10
152.3874738964578
 20
45.81009656675749
 10
152.4525657220709
 20
45.7850253133515
 10
152.5299076839238
 20
45.76711727520436
 10
152.6194997820164
 20
45.75637245231608
 10
152.7213420163488
 20
45.75279084468665
 10
152.7213420163488
 20
45.75279084468665
 10
152.8178897002726
 20
45.75839683923706
 10
152.9032253950954
 20
45.77521482288828
 10
152.9032253950954
 20
45.77521482288828
 10
152.9773491008175
 20
45.8040753133515
 10
153.0402608174388
 20
45.84414779291553
 10
153.0402608174388
 20
45.84414779291553
 10
153.0902995095369
 20
45.89397885558583
 10
153.1258041416895
 20
45.95211509536784
 10
153.1258041416895
 20
45.95211509536784
 10
153.1476052316077
 20
46.01876414168937
 10
153.1548722615805
 20
46.0941336239782
 10
153.1548722615805
 20
46.0941336239782
  0
LWPOLYLINE
  5
603
330
1F
100
AcDbEntity
  8
TITLE_BLOCK
100
AcDbPolyline
 90
       30
 70
     1
 43
0.0
 10
154.1772395640328
 20
46.62649547683924
 10
154.16997253406
 20
46.70996250681199
 10
154.1481714441418
 20
46.78263280653951
 10
154.1481714441418
 20
46.78263280653951
 10
154.1126668119892
 20
46.84367585831063
 10
154.0626281198911
 20
46.89392217983652
 10
154.0626281198911
 20
46.89392217983652
 10
153.9982629972753
 20
46.93316414168937
 10
153.9197790735695
 20
46.96119411444142
 10
153.9197790735695
 20
46.96119411444142
 10
153.8277992370573
 20
46.97801209809264
 10
153.7212853405995
 20
46.98361809264305
 10
153.7212853405995
 20
46.98361809264305
 10
153.3998749863761
 20
46.98361809264305
 10
153.3998749863761
 20
45.76940119891008
 10
153.5526902452317
 20
45.76940119891008
 10
153.5526902452317
 20
46.24196577656676
 10
153.6922172207085
 20
46.24196577656676
 10
153.801015040872
 20
46.24798702997276
 10
153.8965245776567
 20
46.26605079019073
 10
153.8965245776567
 20
46.26605079019073
 10
153.9797839782017
 20
46.29719520435967
 10
154.0501703542235
 20
46.34079738419619
 10
154.0501703542235
 20
46.34079738419619
 10
154.1053997820164
 20
46.3960268119891
 10
154.1448493732971
 20
46.46205297002724
 10
154.1448493732971
 20
46.46205297002724
 10
154.1691420163488
 20
46.53887585831063
 10
154.1772395640328
 20
46.62649547683924
 10
154.1772395640328
 20
46.62649547683924
  0
LWPOLYLINE
  5
604
330
1F
100
AcDbEntity
  8
TITLE_BLOCK
100
AcDbPolyline
 90
       29
 70
     1
 43
0.0
 10
153.5526902452317
 20
46.37318757493188
 10
153.5526902452317
 20
46.8532268119891
 10
153.7071665395096
 20
46.8532268119891
 10
153.7817055040873
 20
46.84948948228883
 10
153.8458629972753
 20
46.83827749318801
 10
153.8458629972753
 20
46.83827749318801
 10
153.8996390190736
 20
46.82042136239782
 10
153.9430335694824
 20
46.79509057220709
 10
153.9430335694824
 20
46.79509057220709
 10
153.9758390190736
 20
46.7622851226158
 10
153.999508773842
 20
46.72200501362398
 10
153.999508773842
 20
46.72200501362398
 10
154.0138352043597
 20
46.6744578746594
 10
154.018610681199
 20
46.61985133514986
 10
154.018610681199
 20
46.61985133514986
 10
154.0134199455042
 20
46.55943117166213
 10
153.9978477384197
 20
46.50773144414169
 10
153.9978477384197
 20
46.50773144414169
 10
153.9721016893734
 20
46.46454452316076
 10
153.9721016893734
 20
46.46454452316076
 10
153.9372199455042
 20
46.4313238147139
 10
153.9372199455042
 20
46.4313238147139
 10
153.890295694823
 20
46.40578539509536
 10
153.8309136784742
 20
46.3873063760218
 10
153.8309136784742
 20
46.3873063760218
 10
153.7590738964578
 20
46.37671727520436
 10
153.6747763487739
 20
46.37318757493188
 10
153.6747763487739
 20
46.37318757493188
 10
153.5526902452317
 20
46.37318757493188
  0
LWPOLYLINE
  5
605
330
1F
100
AcDbEntity
  8
TITLE_BLOCK
100
AcDbPolyline
 90
       13
 70
     1
 43
0.0
 10
155.107419400545
 20
45.76940119891008
 10
155.107419400545
 20
45.90394506811989
 10
154.5817016893734
 20
45.90394506811989
 10
154.5817016893734
 20
46.3374753133515
 10
155.0766902452317
 20
46.3374753133515
 10
155.0766902452317
 20
46.47035814713897
 10
154.5817016893734
 20
46.47035814713897
 10
154.5817016893734
 20
46.84907422343324
 10
155.107419400545
 20
46.84907422343324
 10
155.107419400545
 20
46.98361809264305
 10
154.4288864305178
 20
46.98361809264305
 10
154.4288864305178
 20
45.76940119891008
 10
155.107419400545
 20
45.76940119891008
  0
LWPOLYLINE
  5
606
330
1F
100
AcDbEntity
  8
TITLE_BLOCK
100
AcDbPolyline
 90
       90
 70
     1
 43
0.0
 10
155.8947501907358
 20
46.86651509536784
 10
155.9608801634878
 20
46.86236250681199
 10
156.02887880109
 20
46.84990474114441
 10
156.0987461035423
 20
46.82914179836512
 10
156.1704820708448
 20
46.80007367847411
 10
156.1704820708448
 20
46.80007367847411
 10
156.2319403814715
 20
46.92963444141689
 10
156.1574014168938
 20
46.96088267029972
 10
156.0766335694824
 20
46.98320283378747
 10
155.9896368392371
 20
46.99659493188011
 10
155.8964112261581
 20
47.00105896457766
 10
155.8964112261581
 20
47.00105896457766
 10
155.8096221253407
 20
46.99628348773842
 10
155.7286466485014
 20
46.98195705722071
 10
155.6534847956404
 20
46.95807967302452
 10
155.5841365667576
 20
46.92465133514986
 10
155.5841365667576
 20
46.92465133514986
 10
155.5216401089919
 20
46.88229493188011
 10
155.4670335694824
 20
46.83163335149864
 10
155.4670335694824
 20
46.83163335149864
 10
155.4209398365124
 20
46.77349711171662
 10
155.3823207629429
 20
46.70705569482289
 10
155.3823207629429
 20
46.70705569482289
 10
155.352162588556
 20
46.6335548773842
 10
155.3306210354224
 20
46.5542404359673
 10
155.3176961035423
 20
46.4691123705722
 10
155.3133877929156
 20
46.37817068119891
 10
155.3133877929156
 20
46.37817068119891
 10
155.3156198092644
 20
46.30550038147139
 10
155.3223158583107
 20
46.23698267029972
 10
155.3334759400546
 20
46.17261754768392
 10
155.349100054496
 20
46.11240501362398
 10
155.349100054496
 20
46.11240501362398
 10
155.3696034604905
 20
46.05681223433243
 10
155.3945708991826
 20
46.00547585831062
 10
155.4240023705723
 20
45.95839588555858
 10
155.4578978746595
 20
45.91557231607629
 10
155.4578978746595
 20
45.91557231607629
 10
155.4959978746595
 20
45.87742040871935
 10
155.5380428337876
 20
45.84435542234333
 10
155.5840327520437
 20
45.81637735694823
 10
155.6339676294279
 20
45.79348621253406
 10
155.6339676294279
 20
45.79348621253406
 10
155.6874322070846
 20
45.77568198910082
 10
155.7448417438693
 20
45.7629646866485
 10
155.8061962397821
 20
45.75533430517711
 10
155.871495694823
 20
45.75279084468665
 10
155.871495694823
 20
45.75279084468665
 10
155.9591153133516
 20
45.75549002724796
 10
156.035938201635
 20
45.76358757493188
 10
156.035938201635
 20
45.76358757493188
 10
156.1088161307903
 20
45.77812163487739
 10
156.1846008719347
 20
45.80179138964578
 10
156.1846008719347
 20
45.80179138964578
 10
156.1846008719347
 20
45.93467422343324
 10
156.1056497820164
 20
45.91359983651226
 10
156.0307474659402
 20
45.89854670299727
 10
155.9598939237058
 20
45.88951482288828
 10
155.8930891553134
 20
45.88650419618529
 10
155.8930891553134
 20
45.88650419618529
 10
155.7982025068121
 20
45.89439411444142
 10
155.7145278474115
 20
45.91806386920981
 10
155.7145278474115
 20
45.91806386920981
 10
155.6773621798366
 20
45.93586809264305
 10
155.6431033242508
 20
45.95772108991826
 10
155.611751280654
 20
45.98362286103542
 10
155.5833060490464
 20
46.01357340599455
 10
155.5833060490464
 20
46.01357340599455
 10
155.5353436512262
 20
46.08416741144414
 10
155.5010847956404
 20
46.16804970027248
 10
155.5010847956404
 20
46.16804970027248
 10
155.4811523705723
 20
46.26542790190736
 10
155.4745082288829
 20
46.37650964577657
 10
155.4745082288829
 20
46.37650964577657
 10
155.4813600000001
 20
46.48426931880109
 10
155.5019153133516
 20
46.57998648501362
 10
155.5019153133516
 20
46.57998648501362
 10
155.5372123160764
 20
46.66366114441417
 10
155.5866281198911
 20
46.73529329700273
 10
155.5866281198911
 20
46.73529329700273
 10
155.615800054496
 20
46.76602245231608
 10
155.6476711716622
 20
46.79259901907357
 10
155.6822414713897
 20
46.81502299727521
 10
155.7195109536786
 20
46.83329438692098
 10
155.7195109536786
 20
46.83329438692098
 10
155.7594277111718
 20
46.84782844686649
 10
155.8019398365124
 20
46.85820991825613
 10
155.8470473297004
 20
46.86443880108992
 10
155.8947501907358
 20
46.86651509536784
 10
155.8947501907358
 20
46.86651509536784
  0
LWPOLYLINE
  5
607
330
1F
100
AcDbEntity
  8
TITLE_BLOCK
100
AcDbPolyline
 90
       13
 70
     1
 43
0.0
 10
156.79087880109
 20
45.76940119891008
 10
156.79087880109
 20
45.85743607629428
 10
156.6480297547685
 20
45.88982626702997
 10
156.6480297547685
 20
46.86153198910082
 10
156.79087880109
 20
46.89558321525885
 10
156.79087880109
 20
46.98361809264305
 10
156.3523654495914
 20
46.98361809264305
 10
156.3523654495914
 20
46.89558321525885
 10
156.4952144959129
 20
46.86153198910082
 10
156.4952144959129
 20
45.88982626702997
 10
156.3523654495914
 20
45.85743607629428
 10
156.3523654495914
 20
45.76940119891008
 10
156.79087880109
 20
45.76940119891008
  0
LWPOLYLINE
  5
608
330
1F
100
AcDbEntity
  8
TITLE_BLOCK
100
AcDbPolyline
 90
       11
 70
     1
 43
0.0
 10
157.1787305722072
 20
45.76940119891008
 10
157.1787305722072
 20
46.28515269754769
 10
157.6720580926431
 20
46.28515269754769
 10
157.6720580926431
 20
46.41886604904632
 10
157.1787305722072
 20
46.41886604904632
 10
157.1787305722072
 20
46.84907422343324
 10
157.7044482833788
 20
46.84907422343324
 10
157.7044482833788
 20
46.98361809264305
 10
157.0259153133516
 20
46.98361809264305
 10
157.0259153133516
 20
45.76940119891008
 10
157.1787305722072
 20
45.76940119891008
  0
LWPOLYLINE
  5
609
330
1F
100
AcDbEntity
  8
TITLE_BLOCK
100
AcDbPolyline
 90
       13
 70
     1
 43
0.0
 10
158.2500984196186
 20
45.76940119891008
 10
158.2500984196186
 20
45.85743607629428
 10
158.1072493732971
 20
45.88982626702997
 10
158.1072493732971
 20
46.86153198910082
 10
158.2500984196186
 20
46.89558321525885
 10
158.2500984196186
 20
46.98361809264305
 10
157.81158506812
 20
46.98361809264305
 10
157.81158506812
 20
46.89558321525885
 10
157.9544341144415
 20
46.86153198910082
 10
157.9544341144415
 20
45.88982626702997
 10
157.81158506812
 20
45.85743607629428
 10
157.81158506812
 20
45.76940119891008
 10
158.2500984196186
 20
45.76940119891008
  0
LWPOLYLINE
  5
60A
330
1F
100
AcDbEntity
  8
TITLE_BLOCK
100
AcDbPolyline
 90
       13
 70
     1
 43
0.0
 10
159.1636679019074
 20
45.76940119891008
 10
159.1636679019074
 20
45.90394506811989
 10
158.6379501907358
 20
45.90394506811989
 10
158.6379501907358
 20
46.3374753133515
 10
159.1329387465941
 20
46.3374753133515
 10
159.1329387465941
 20
46.47035814713897
 10
158.6379501907358
 20
46.47035814713897
 10
158.6379501907358
 20
46.84907422343324
 10
159.1636679019074
 20
46.84907422343324
 10
159.1636679019074
 20
46.98361809264305
 10
158.4851349318802
 20
46.98361809264305
 10
158.4851349318802
 20
45.76940119891008
 10
159.1636679019074
 20
45.76940119891008
  0
LWPOLYLINE
  5
60B
330
1F
100
AcDbEntity
  8
TITLE_BLOCK
100
AcDbPolyline
 90
       44
 70
     1
 43
0.0
 10
160.4036308446867
 20
46.38813689373297
 10
160.4011392915532
 20
46.45712177111717
 10
160.3936646321527
 20
46.5220578746594
 10
160.3812068664851
 20
46.58294520435967
 10
160.3637659945505
 20
46.63978376021798
 10
160.3637659945505
 20
46.63978376021798
 10
160.3417572752045
 20
46.69262544959128
 10
160.3147654495914
 20
46.74152217983652
 10
160.2827905177113
 20
46.78647395095368
 10
160.2458324795641
 20
46.82748076294278
 10
160.2458324795641
 20
46.82748076294278
 10
160.2044104087194
 20
46.86407544959128
 10
160.1590433787467
 20
46.89579084468665
 10
160.1097313896459
 20
46.92262694822888
 10
160.056474441417
 20
46.94458376021798
 10
160.056474441417
 20
46.94458376021798
 10
159.999324441417
 20
46.96166128065395
 10
159.9383332970028
 20
46.97385950953679
 10
159.8735010081745
 20
46.98117844686649
 10
159.804827574932
 20
46.98361809264305
 10
159.804827574932
 20
46.98361809264305
 10
159.4310946049047
 20
46.98361809264305
 10
159.4310946049047
 20
45.76940119891008
 10
159.7691153133516
 20
45.76940119891008
 10
159.8433428337875
 20
45.77184084468665
 10
159.9132101362399
 20
45.77915978201635
 10
159.9787172207085
 20
45.79135801089918
 10
160.0398640871936
 20
45.80843553133515
 10
160.0398640871936
 20
45.80843553133515
 10
160.0962354768393
 20
45.83085950953679
 10
160.1482466485014
 20
45.85826659400545
 10
160.1958976021799
 20
45.89065678474115
 10
160.2391883378748
 20
45.92803008174387
 10
160.2391883378748
 20
45.92803008174387
 10
160.2777035967303
 20
45.97007504087193
 10
160.3110281198911
 20
46.01648021798365
 10
160.339161907357
 20
46.06724561307902
 10
160.3621049591281
 20
46.12237122615804
 10
160.3621049591281
 20
46.12237122615804
 10
160.38027253406
 20
46.18227231607629
 10
160.3932493732971
 20
46.2465336239782
 10
160.4010354768393
 20
46.31515514986376
 10
160.4036308446867
 20
46.38813689373297
 10
160.4036308446867
 20
46.38813689373297
  0
LWPOLYLINE
  5
60C
330
1F
100
AcDbEntity
  8
TITLE_BLOCK
100
AcDbPolyline
 90
       44
 70
     1
 43
0.0
 10
160.2425104087194
 20
46.38315378746594
 10
160.2405379291554
 20
46.32444656675749
 10
160.2346204904633
 20
46.26958049046321
 10
160.2247580926432
 20
46.21855555858311
 10
160.2109507356949
 20
46.17137177111717
 10
160.2109507356949
 20
46.17137177111717
 10
160.1936655858312
 20
46.12802912806539
 10
160.1725392915532
 20
46.08852762942779
 10
160.1475718528611
 20
46.05286727520436
 10
160.1187632697549
 20
46.02104806539509
 10
160.1187632697549
 20
46.02104806539509
 10
160.0860616348775
 20
45.99265474114441
 10
160.049415040872
 20
45.9681025613079
 10
160.0088234877385
 20
45.94739152588556
 10
159.9642869754769
 20
45.93052163487739
 10
159.9642869754769
 20
45.93052163487739
 10
159.9162726702998
 20
45.91744098092643
 10
159.8644172207085
 20
45.90809765667575
 10
159.8087206267031
 20
45.90249166212534
 10
159.7491828882835
 20
45.90062299727521
 10
159.7491828882835
 20
45.90062299727521
 10
159.5839098637603
 20
45.90062299727521
 10
159.5839098637603
 20
46.8532268119891
 10
159.7832341144415
 20
46.8532268119891
 10
159.8390864305178
 20
46.85135814713897
 10
159.8912014168938
 20
46.84575215258855
 10
159.9395790735696
 20
46.83640882833787
 10
159.984219400545
 20
46.82332817438692
 10
159.984219400545
 20
46.82332817438692
 10
160.0255895640328
 20
46.80651019073569
 10
160.0633262125342
 20
46.7859548773842
 10
160.0974293460491
 20
46.76166223433243
 10
160.1278989645778
 20
46.73363226158038
 10
160.1278989645778
 20
46.73363226158038
 10
160.15473506812
 20
46.70202068119891
 10
160.1779376566759
 20
46.66698321525885
 10
160.1975067302453
 20
46.62851986376022
 10
160.2134422888284
 20
46.586630626703
 10
160.2134422888284
 20
46.586630626703
 10
160.2261595912807
 20
46.5409002452316
 10
160.2352433787467
 20
46.49174397820163
 10
160.2406936512263
 20
46.43916182561308
 10
160.2425104087194
 20
46.38315378746594
 10
160.2425104087194
 20
46.38315378746594
  0
LWPOLYLINE
  5
60D
330
1F
100
AcDbEntity
  8
TITLE_BLOCK
100
AcDbPolyline
 90
       12
 70
     1
 43
0.0
 10
160.8222117711173
 20
45.96706441416894
 10
160.6619218528611
 20
45.96706441416894
 10
160.6253790735696
 20
45.75818920980927
 10
160.5772090463216
 20
45.55014452316076
 10
160.5772090463216
 20
45.55014452316076
 10
160.6876679019074
 20
45.55014452316076
 10
160.7344883378748
 20
45.65754084468665
 10
160.7744570027249
 20
45.75964261580381
 10
160.8075738964579
 20
45.85644983651226
 10
160.8338390190737
 20
45.94796250681199
 10
160.8338390190737
 20
45.94796250681199
 10
160.8222117711173
 20
45.96706441416894
  0
LWPOLYLINE
  5
60E
330
1F
100
AcDbEntity
  8
TITLE_BLOCK
100
AcDbPolyline
 90
       44
 70
     1
 43
0.0
 10
136.7264014168937
 20
44.34201809264305
 10
136.7239098637602
 20
44.41100297002725
 10
136.7164352043597
 20
44.47593907356949
 10
136.7039774386921
 20
44.53682640326976
 10
136.6865365667575
 20
44.59366495912806
 10
136.6865365667575
 20
44.59366495912806
 10
136.6645278474114
 20
44.64650664850137
 10
136.6375360217984
 20
44.6954033787466
 10
136.6055610899183
 20
44.74035514986376
 10
136.5686030517711
 20
44.78136196185286
 10
136.5686030517711
 20
44.78136196185286
 10
136.5271809809264
 20
44.81795664850137
 10
136.4818139509537
 20
44.84967204359673
 10
136.4325019618529
 20
44.87650814713896
 10
136.379245013624
 20
44.89846495912806
 10
136.379245013624
 20
44.89846495912806
 10
136.322095013624
 20
44.91554247956403
 10
136.2611038692098
 20
44.92774070844687
 10
136.1962715803815
 20
44.93505964577657
 10
136.127598147139
 20
44.93749929155313
 10
136.127598147139
 20
44.93749929155313
 10
135.7538651771117
 20
44.93749929155313
 10
135.7538651771117
 20
43.72328239782016
 10
136.0918858855586
 20
43.72328239782016
 10
136.1661134059945
 20
43.72572204359673
 10
136.2359807084469
 20
43.73304098092643
 10
136.3014877929155
 20
43.74523920980926
 10
136.3626346594006
 20
43.76231673024523
 10
136.3626346594006
 20
43.76231673024523
 10
136.4190060490463
 20
43.78474070844687
 10
136.4710172207084
 20
43.81214779291553
 10
136.5186681743869
 20
43.84453798365123
 10
136.5619589100818
 20
43.88191128065395
 10
136.5619589100818
 20
43.88191128065395
 10
136.6004741689373
 20
43.92395623978202
 10
136.6337986920981
 20
43.97036141689373
 10
136.661932479564
 20
44.0211268119891
 10
136.6848755313351
 20
44.07625242506812
 10
136.6848755313351
 20
44.07625242506812
 10
136.703043106267
 20
44.13615351498638
 10
136.7160199455041
 20
44.20041482288828
 10
136.7238060490463
 20
44.26903634877385
 10
136.7264014168937
 20
44.34201809264305
 10
136.7264014168937
 20
44.34201809264305
  0
LWPOLYLINE
  5
60F
330
1F
100
AcDbEntity
  8
TITLE_BLOCK
100
AcDbPolyline
 90
       44
 70
     1
 43
0.0
 10
136.5652809809264
 20
44.33703498637603
 10
136.5633085013624
 20
44.27832776566758
 10
136.5573910626703
 20
44.22346168937329
 10
136.5475286648501
 20
44.17243675749319
 10
136.5337213079019
 20
44.12525297002725
 10
136.5337213079019
 20
44.12525297002725
 10
136.5164361580381
 20
44.08191032697547
 10
136.4953098637602
 20
44.04240882833788
 10
136.4703424250681
 20
44.00674847411444
 10
136.4415338419618
 20
43.97492926430517
 10
136.4415338419618
 20
43.97492926430517
 10
136.4088322070845
 20
43.9465359400545
 10
136.372185613079
 20
43.92198376021798
 10
136.3315940599455
 20
43.90127272479564
 10
136.2870575476839
 20
43.88440283378747
 10
136.2870575476839
 20
43.88440283378747
 10
136.2390432425068
 20
43.87132217983651
 10
136.1871877929155
 20
43.86197885558583
 10
136.1314911989101
 20
43.85637286103542
 10
136.0719534604904
 20
43.85450419618529
 10
136.0719534604904
 20
43.85450419618529
 10
135.9066804359673
 20
43.85450419618529
 10
135.9066804359673
 20
44.80710801089919
 10
136.1060046866485
 20
44.80710801089919
 10
136.1618570027248
 20
44.80523934604905
 10
136.2139719891008
 20
44.79963335149863
 10
136.2623496457766
 20
44.79029002724796
 10
136.306989972752
 20
44.777209373297
 10
136.306989972752
 20
44.777209373297
 10
136.3483601362398
 20
44.76039138964578
 10
136.3860967847411
 20
44.73983607629428
 10
136.4201999182561
 20
44.71554343324251
 10
136.4506695367847
 20
44.68751346049046
 10
136.4506695367847
 20
44.68751346049046
 10
136.477505640327
 20
44.65590188010899
 10
136.5007082288828
 20
44.62086441416893
 10
136.5202773024523
 20
44.5824010626703
 10
136.5362128610354
 20
44.54051182561308
 10
136.5362128610354
 20
44.54051182561308
 10
136.5489301634877
 20
44.49478144414169
 10
136.5580139509537
 20
44.44562517711172
 10
136.5634642234332
 20
44.39304302452316
 10
136.5652809809264
 20
44.33703498637603
 10
136.5652809809264
 20
44.33703498637603
  0
LWPOLYLINE
  5
610
330
1F
100
AcDbEntity
  8
TITLE_BLOCK
100
AcDbPolyline
 90
       13
 70
     1
 43
0.0
 10
137.3368319346049
 20
43.72328239782016
 10
137.3368319346049
 20
43.81131727520436
 10
137.1939828882834
 20
43.84370746594006
 10
137.1939828882834
 20
44.8154131880109
 10
137.3368319346049
 20
44.84946441416893
 10
137.3368319346049
 20
44.93749929155313
 10
136.8983185831063
 20
44.93749929155313
 10
136.8983185831063
 20
44.84946441416893
 10
137.0411676294278
 20
44.8154131880109
 10
137.0411676294278
 20
43.84370746594006
 10
136.8983185831063
 20
43.81131727520436
 10
136.8983185831063
 20
43.72328239782016
 10
137.3368319346049
 20
43.72328239782016
  0
LWPOLYLINE
  5
611
330
1F
100
AcDbEntity
  8
TITLE_BLOCK
100
AcDbPolyline
 90
       27
 70
     1
 43
0.0
 10
138.1075523705722
 20
43.72328239782016
 10
138.2329605449591
 20
43.72328239782016
 10
138.6382531880109
 20
44.78634506811989
 10
138.6448973297003
 20
44.78634506811989
 10
138.6398104087193
 20
44.69462476839237
 10
138.636176893733
 20
44.61131346049046
 10
138.6339967847412
 20
44.53641114441417
 10
138.6332700817439
 20
44.46991782016349
 10
138.6332700817439
 20
44.46991782016349
 10
138.6332700817439
 20
43.72328239782016
 10
138.7844243051771
 20
43.72328239782016
 10
138.7844243051771
 20
44.93749929155313
 10
138.5601845231608
 20
44.93749929155313
 10
138.178976893733
 20
43.94253907356948
 10
138.1723327520436
 20
43.94253907356948
 10
137.7977692643052
 20
44.93749929155313
 10
137.5718684468665
 20
44.93749929155313
 10
137.5718684468665
 20
43.72328239782016
 10
137.7130564577657
 20
43.72328239782016
 10
137.7130564577657
 20
44.45995160762943
 10
137.7122778474115
 20
44.55364438692098
 10
137.7099420163488
 20
44.6395510626703
 10
137.7060489645777
 20
44.71767163487738
 10
137.7005986920981
 20
44.78800610354224
 10
137.7005986920981
 20
44.78800610354224
 10
137.7072428337875
 20
44.78800610354224
 10
138.1075523705722
 20
43.72328239782016
  0
LWPOLYLINE
  5
612
330
1F
100
AcDbEntity
  8
TITLE_BLOCK
100
AcDbPolyline
 90
       13
 70
     1
 43
0.0
 10
139.7935033242507
 20
43.72328239782016
 10
139.7935033242507
 20
43.85782626702997
 10
139.267785613079
 20
43.85782626702997
 10
139.267785613079
 20
44.29135651226158
 10
139.7627741689373
 20
44.29135651226158
 10
139.7627741689373
 20
44.42423934604905
 10
139.267785613079
 20
44.42423934604905
 10
139.267785613079
 20
44.80295542234332
 10
139.7935033242507
 20
44.80295542234332
 10
139.7935033242507
 20
44.93749929155313
 10
139.1149703542234
 20
44.93749929155313
 10
139.1149703542234
 20
43.72328239782016
 10
139.7935033242507
 20
43.72328239782016
  0
LWPOLYLINE
  5
613
330
1F
100
AcDbEntity
  8
TITLE_BLOCK
100
AcDbPolyline
 90
       31
 70
     1
 43
0.0
 10
141.0235000544959
 20
43.72328239782016
 10
141.0235000544959
 20
44.93749929155313
 10
140.8806510081744
 20
44.93749929155313
 10
140.8806510081744
 20
44.25232217983651
 10
140.8809624523161
 20
44.22065869209809
 10
140.8818967847411
 20
44.18048239782016
 10
140.8834540054496
 20
44.13179329700272
 10
140.8856341144414
 20
44.07459138964578
 10
140.8856341144414
 20
44.07459138964578
 10
140.8879180381471
 20
44.01993294277929
 10
140.8897867029973
 20
43.97804370572207
 10
140.8912401089918
 20
43.94892367847412
 10
140.8922782561308
 20
43.93257286103542
 10
140.8922782561308
 20
43.93257286103542
 10
140.8856341144414
 20
43.93257286103542
 10
140.6738520980927
 20
44.26228839237057
 10
140.2752035967303
 20
44.87853253405994
 10
140.2378302997275
 20
44.93749929155313
 10
140.060930027248
 20
44.93749929155313
 10
140.060930027248
 20
43.72328239782016
 10
140.2021180381471
 20
43.72328239782016
 10
140.2021180381471
 20
44.40181536784741
 10
140.2014951498638
 20
44.45995160762943
 10
140.1996264850136
 20
44.52307095367848
 10
140.1965120435967
 20
44.59117340599455
 10
140.1921518256131
 20
44.66425896457766
 10
140.1921518256131
 20
44.66425896457766
 10
140.1879992370572
 20
44.73153089918256
 10
140.1946433787466
 20
44.73153089918256
 10
140.844938746594
 20
43.72328239782016
 10
141.0235000544959
 20
43.72328239782016
  0
LWPOLYLINE
  5
614
330
1F
100
AcDbEntity
  8
TITLE_BLOCK
100
AcDbPolyline
 90
      120
 70
     1
 43
0.0
 10
142.0417147683924
 20
44.04801482288828
 10
142.0397422888283
 20
44.08886591280654
 10
142.0338248501362
 20
44.1267063760218
 10
142.0239624523161
 20
44.16153621253406
 10
142.0101550953678
 20
44.19335542234332
 10
142.0101550953678
 20
44.19335542234332
 10
141.969874986376
 20
44.25107640326976
 10
141.9121540054496
 20
44.30132272479564
 10
141.9121540054496
 20
44.30132272479564
 10
141.874624986376
 20
44.32514820163487
 10
141.8284793460491
 20
44.3492851226158
 10
141.7737170844687
 20
44.37373348773842
 10
141.7103382016349
 20
44.39849329700272
 10
141.7103382016349
 20
44.39849329700272
 10
141.6576003269755
 20
44.41868525885559
 10
141.6123371117166
 20
44.43773525885559
 10
141.5745485558583
 20
44.45564329700272
 10
141.5442346594005
 20
44.472409373297
 10
141.5442346594005
 20
44.472409373297
 10
141.4989714441417
 20
44.50646059945504
 10
141.4678270299727
 20
44.54383389645776
 10
141.4678270299727
 20
44.54383389645776
 10
141.4503861580382
 20
44.58868185286104
 10
141.4503861580382
 20
44.58868185286104
 10
141.4445725340599
 20
44.64349602179836
 10
141.4445725340599
 20
44.64349602179836
 10
141.4483098637602
 20
44.68273798365123
 10
141.459521852861
 20
44.71741209809264
 10
141.459521852861
 20
44.71741209809264
 10
141.4784161307902
 20
44.748141253406
 10
141.5052003269755
 20
44.77388730245232
 10
141.5052003269755
 20
44.77388730245232
 10
141.5388362942779
 20
44.79423498637603
 10
141.5782858855586
 20
44.80876904632153
 10
141.5782858855586
 20
44.80876904632153
 10
141.6235491008174
 20
44.81748948228883
 10
141.6746259400545
 20
44.82039629427793
 10
141.6746259400545
 20
44.82039629427793
 10
141.74324746594
 20
44.81634752043597
 10
141.8145681743869
 20
44.80420119891008
 10
141.8885880653951
 20
44.78395732970027
 10
141.9653071389646
 20
44.75561591280654
 10
141.9653071389646
 20
44.75561591280654
 10
142.0126466485014
 20
44.88683771117167
 10
141.9344222615804
 20
44.91663253405994
 10
141.852564359673
 20
44.93791455040872
 10
141.7670729427793
 20
44.95068376021798
 10
141.6779480108992
 20
44.95494016348774
 10
141.6779480108992
 20
44.95494016348774
 10
141.594896239782
 20
44.94954179836513
 10
141.5201496457766
 20
44.93334670299728
 10
141.5201496457766
 20
44.93334670299728
 10
141.4539158583106
 20
44.90739302452316
 10
141.396402506812
 20
44.8710578746594
 10
141.396402506812
 20
44.8710578746594
 10
141.3498935149864
 20
44.82517177111717
 10
141.3166728065395
 20
44.77222626702997
 10
141.3166728065395
 20
44.77222626702997
 10
141.2967403814714
 20
44.71222136239782
 10
141.290096239782
 20
44.64515705722071
 10
141.290096239782
 20
44.64515705722071
 10
141.2944564577657
 20
44.58183008174387
 10
141.3075371117166
 20
44.52473198910081
 10
141.3075371117166
 20
44.52473198910081
 10
141.3303763487739
 20
44.47386277929155
 10
141.3623512806539
 20
44.42922245231608
 10
141.3623512806539
 20
44.42922245231608
 10
141.4045000544959
 20
44.38904615803815
 10
141.4586913351499
 20
44.35156904632153
 10
141.5249251226158
 20
44.31679111716621
 10
141.6032014168937
 20
44.28471237057221
 10
141.6032014168937
 20
44.28471237057221
 10
141.6587941961853
 20
44.26368989100818
 10
141.7068085013624
 20
44.243809373297
 10
141.7472443324251
 20
44.22507081743869
 10
141.7801016893733
 20
44.20747422343324
 10
141.7801016893733
 20
44.20747422343324
 10
141.830555640327
 20
44.17217722070845
 10
141.8639839782016
 20
44.13438866485014
 10
141.8639839782016
 20
44.13438866485014
 10
141.8822553678474
 20
44.08954070844687
 10
141.8822553678474
 20
44.08954070844687
 10
141.8888995095368
 20
44.03472653950953
 10
141.8888995095368
 20
44.03472653950953
 10
141.8845392915531
 20
43.99133198910081
 10
141.8714586376022
 20
43.95250528610354
 10
141.8714586376022
 20
43.95250528610354
 10
141.8498651771117
 20
43.91928457765668
 10
141.8199665395095
 20
43.89104697547684
 10
141.8199665395095
 20
43.89104697547684
 10
141.7809322070845
 20
43.86779247956403
 10
141.7335926975477
 20
43.8511821253406
 10
141.7335926975477
 20
43.8511821253406
 10
141.6785708991825
 20
43.84183880108992
 10
141.6148286648501
 20
43.83872435967302
 10
141.6148286648501
 20
43.83872435967302
 10
141.5319845231608
 20
43.84349983651227
 10
141.4429114986376
 20
43.85782626702997
 10
141.4429114986376
 20
43.85782626702997
 10
141.3550842506812
 20
43.8804578746594
 10
141.2743164032698
 20
43.91014888283379
 10
141.2743164032698
 20
43.91014888283379
 10
141.2743164032698
 20
43.76397776566758
 10
141.3394082288828
 20
43.73890651226158
 10
141.4167501907357
 20
43.72099847411444
 10
141.5063422888283
 20
43.71025365122616
 10
141.6081845231608
 20
43.70667204359673
 10
141.6081845231608
 20
43.70667204359673
 10
141.7047322070845
 20
43.71227803814714
 10
141.7900679019073
 20
43.72909602179836
 10
141.7900679019073
 20
43.72909602179836
 10
141.8641916076294
 20
43.75795651226158
 10
141.9271033242507
 20
43.79802899182561
 10
141.9271033242507
 20
43.79802899182561
 10
141.9771420163488
 20
43.84786005449591
 10
142.0126466485014
 20
43.90599629427793
 10
142.0126466485014
 20
43.90599629427793
 10
142.0344477384196
 20
43.97264534059946
 10
142.0417147683924
 20
44.04801482288828
 10
142.0417147683924
 20
44.04801482288828
  0
LWPOLYLINE
  5
615
330
1F
100
AcDbEntity
  8
TITLE_BLOCK
100
AcDbPolyline
 90
       13
 70
     1
 43
0.0
 10
142.6280602724796
 20
43.72328239782016
 10
142.6280602724796
 20
43.81131727520436
 10
142.485211226158
 20
43.84370746594006
 10
142.485211226158
 20
44.8154131880109
 10
142.6280602724796
 20
44.84946441416893
 10
142.6280602724796
 20
44.93749929155313
 10
142.1895469209809
 20
44.93749929155313
 10
142.1895469209809
 20
44.84946441416893
 10
142.3323959673024
 20
44.8154131880109
 10
142.3323959673024
 20
43.84370746594006
 10
142.1895469209809
 20
43.81131727520436
 10
142.1895469209809
 20
43.72328239782016
 10
142.6280602724796
 20
43.72328239782016
  0
LWPOLYLINE
  5
616
330
1F
100
AcDbEntity
  8
TITLE_BLOCK
100
AcDbPolyline
 90
       81
 70
     1
 43
0.0
 10
143.9228373841962
 20
44.33205188010899
 10
143.9205015531335
 20
44.40316495912806
 10
143.9134940599455
 20
44.47033307901907
 10
143.9018149046321
 20
44.53355623978202
 10
143.8854640871935
 20
44.59283444141689
 10
143.8854640871935
 20
44.59283444141689
 10
143.864908773842
 20
44.6481676839237
 10
143.839785613079
 20
44.69955596730245
 10
143.8100946049046
 20
44.74699929155313
 10
143.7758357493188
 20
44.79049765667575
 10
143.7758357493188
 20
44.79049765667575
 10
143.7370609536785
 20
44.82942817438692
 10
143.6946526430518
 20
44.86316795640327
 10
143.6486108174387
 20
44.8917170027248
 10
143.5989354768392
 20
44.9150753133515
 10
143.5989354768392
 20
44.9150753133515
 10
143.545989972752
 20
44.93324288828338
 10
143.4893071389646
 20
44.94621972752044
 10
143.4288869754768
 20
44.95400583106267
 10
143.3647294822888
 20
44.95660119891008
 10
143.3647294822888
 20
44.95660119891008
 10
143.2985995095368
 20
44.95400583106267
 10
143.2364144959128
 20
44.94621972752044
 10
143.1781744414169
 20
44.93324288828338
 10
143.1238793460491
 20
44.9150753133515
 10
143.1238793460491
 20
44.9150753133515
 10
143.0738925613079
 20
44.89218416893733
 10
143.0277469209809
 20
44.86420610354224
 10
142.9854424250681
 20
44.83114111716621
 10
142.9469790735695
 20
44.79298920980926
 10
142.9469790735695
 20
44.79298920980926
 10
142.9127202179837
 20
44.75016564032698
 10
142.8830292098093
 20
44.70308566757493
 10
142.8579060490463
 20
44.65174929155313
 10
142.8373507356948
 20
44.59615651226158
 10
142.8373507356948
 20
44.59615651226158
 10
142.8217266212534
 20
44.53677449591281
 10
142.8105665395095
 20
44.47323989100818
 10
142.8038704904632
 20
44.40555269754768
 10
142.8016384741144
 20
44.33371291553134
 10
142.8016384741144
 20
44.33371291553134
 10
142.8039223978202
 20
44.26104261580382
 10
142.8107741689373
 20
44.19252490463215
 10
142.8221937874659
 20
44.12815978201635
 10
142.838181253406
 20
44.0679472479564
 10
142.838181253406
 20
44.0679472479564
 10
142.8587365667575
 20
44.01230256130791
 10
142.8838597275204
 20
43.96081046321526
 10
142.9135507356948
 20
43.91347095367848
 10
142.9478095912806
 20
43.87028403269755
 10
142.9478095912806
 20
43.87028403269755
 10
142.9862729427793
 20
43.83176877384197
 10
143.0285774386921
 20
43.7984442506812
 10
143.0747230790191
 20
43.77031046321526
 10
143.1247098637602
 20
43.74736741144415
 10
143.1247098637602
 20
43.74736741144415
 10
143.1785377929155
 20
43.7295631880109
 10
143.236206866485
 20
43.71684588555858
 10
143.2977170844687
 20
43.70921550408719
 10
143.3630684468665
 20
43.70667204359673
 10
143.3630684468665
 20
43.70667204359673
 10
143.4272778474114
 20
43.70926741144415
 10
143.48785373297
 20
43.71705351498638
 10
143.5447961035422
 20
43.73003035422343
 10
143.5981049591281
 20
43.74819792915531
 10
143.5981049591281
 20
43.74819792915531
 10
143.6477802997275
 20
43.77160814713896
 10
143.6938221253406
 20
43.80031291553134
 10
143.7362304359673
 20
43.83431223433242
 10
143.7750052316076
 20
43.87360610354224
 10
143.7750052316076
 20
43.87360610354224
 10
143.8096274386921
 20
43.91710446866485
 10
143.8395779836512
 20
43.96454779291553
 10
143.864856866485
 20
44.01593607629428
 10
143.8854640871935
 20
44.07126931880109
 10
143.8854640871935
 20
44.07126931880109
 10
143.9018149046321
 20
44.13054752043597
 10
143.9134940599455
 20
44.19377068119891
 10
143.9205015531335
 20
44.26093880108992
 10
143.9228373841962
 20
44.33205188010899
 10
143.9228373841962
 20
44.33205188010899
  0
LWPOLYLINE
  5
617
330
1F
100
AcDbEntity
  8
TITLE_BLOCK
100
AcDbPolyline
 90
       69
 70
     1
 43
0.0
 10
142.9627589100817
 20
44.33205188010899
 10
142.9689877929155
 20
44.44458702997275
 10
142.9876744414169
 20
44.5430033787466
 10
142.9876744414169
 20
44.5430033787466
 10
143.0198570027248
 20
44.62709329700272
 10
143.0649125885558
 20
44.69664915531335
 10
143.0649125885558
 20
44.69664915531335
 10
143.0917486920981
 20
44.7258729972752
 10
143.1215954223433
 20
44.75125569482289
 10
143.1544527792915
 20
44.7727972479564
 10
143.1903207629428
 20
44.79049765667575
 10
143.1903207629428
 20
44.79049765667575
 10
143.2295627247956
 20
44.80430501362398
 10
143.2717114986376
 20
44.81416741144414
 10
143.3167670844687
 20
44.82008485013624
 10
143.3647294822888
 20
44.82205732970027
 10
143.3647294822888
 20
44.82205732970027
 10
143.4118613623978
 20
44.82008485013624
 10
143.4560864305177
 20
44.81416741144414
 10
143.4974046866485
 20
44.80430501362398
 10
143.5358161307902
 20
44.79049765667575
 10
143.5358161307902
 20
44.79049765667575
 10
143.6039185831063
 20
44.75208621253406
 10
143.6603937874659
 20
44.6983101907357
 10
143.6603937874659
 20
44.6983101907357
 10
143.6837520980926
 20
44.66566046321526
 10
143.7039959673025
 20
44.62916959128066
 10
143.7211253950954
 20
44.58883757493188
 10
143.7351403814714
 20
44.54466441416893
 10
143.7351403814714
 20
44.54466441416893
 10
143.7464042779291
 20
44.49711727520436
 10
143.7544499182561
 20
44.44583280653951
 10
143.7592773024523
 20
44.39081100817439
 10
143.7608864305177
 20
44.33205188010899
 10
143.7608864305177
 20
44.33205188010899
 10
143.7592773024523
 20
44.27287749318801
 10
143.7544499182561
 20
44.2174404359673
 10
143.7464042779291
 20
44.16574070844687
 10
143.7351403814714
 20
44.1177783106267
 10
143.7351403814714
 20
44.1177783106267
 10
143.7210734877384
 20
44.07355324250681
 10
143.7037883378746
 20
44.03306550408719
 10
143.6832849318801
 20
43.99631509536785
 10
143.6595632697548
 20
43.96330201634878
 10
143.6595632697548
 20
43.96330201634878
 10
143.6327271662125
 20
43.93407817438692
 10
143.6028804359673
 20
43.90869547683923
 10
143.5700230790191
 20
43.88715392370572
 10
143.5341550953679
 20
43.86945351498638
 10
143.5341550953679
 20
43.86945351498638
 10
143.4544253950954
 20
43.84640664850136
 10
143.3630684468665
 20
43.83872435967302
 10
143.3630684468665
 20
43.83872435967302
 10
143.3155213079019
 20
43.84069683923705
 10
143.2708809809264
 20
43.84661427792916
 10
143.2291474659401
 20
43.85647667574932
 10
143.1903207629428
 20
43.87028403269755
 10
143.1903207629428
 20
43.87028403269755
 10
143.1544527792915
 20
43.88803634877384
 10
143.1215954223433
 20
43.90973362397821
 10
143.0917486920981
 20
43.93537585831063
 10
143.0649125885558
 20
43.96496305177111
 10
143.0649125885558
 20
43.96496305177111
 10
143.0198570027248
 20
44.03514179836512
 10
142.9876744414169
 20
44.11943934604905
 10
142.9876744414169
 20
44.11943934604905
 10
142.9689877929155
 20
44.21868621253406
 10
142.9627589100817
 20
44.33205188010899
 10
142.9627589100817
 20
44.33205188010899
  0
LWPOLYLINE
  5
618
330
1F
100
AcDbEntity
  8
TITLE_BLOCK
100
AcDbPolyline
 90
       31
 70
     1
 43
0.0
 10
145.1536646321526
 20
43.72328239782016
 10
145.1536646321526
 20
44.93749929155313
 10
145.0108155858311
 20
44.93749929155313
 10
145.0108155858311
 20
44.25232217983651
 10
145.0111270299728
 20
44.22065869209809
 10
145.0120613623978
 20
44.18048239782016
 10
145.0136185831063
 20
44.13179329700272
 10
145.0157986920981
 20
44.07459138964578
 10
145.0157986920981
 20
44.07459138964578
 10
145.0180826158038
 20
44.01993294277929
 10
145.0199512806539
 20
43.97804370572207
 10
145.0214046866485
 20
43.94892367847412
 10
145.0224428337875
 20
43.93257286103542
 10
145.0224428337875
 20
43.93257286103542
 10
145.0157986920981
 20
43.93257286103542
 10
144.8040166757493
 20
44.26228839237057
 10
144.4053681743869
 20
44.87853253405994
 10
144.3679948773842
 20
44.93749929155313
 10
144.1910946049046
 20
44.93749929155313
 10
144.1910946049046
 20
43.72328239782016
 10
144.3322826158038
 20
43.72328239782016
 10
144.3322826158038
 20
44.40181536784741
 10
144.3316597275204
 20
44.45995160762943
 10
144.3297910626703
 20
44.52307095367848
 10
144.3266766212534
 20
44.59117340599455
 10
144.3223164032698
 20
44.66425896457766
 10
144.3223164032698
 20
44.66425896457766
 10
144.3181638147139
 20
44.73153089918256
 10
144.3248079564033
 20
44.73153089918256
 10
144.9751033242507
 20
43.72328239782016
 10
145.1536646321526
 20
43.72328239782016
  0
LWPOLYLINE
  5
619
330
1F
100
AcDbEntity
  8
TITLE_BLOCK
100
AcDbPolyline
 90
      120
 70
     1
 43
0.0
 10
146.1718793460491
 20
44.04801482288828
 10
146.169906866485
 20
44.08886591280654
 10
146.1639894277929
 20
44.1267063760218
 10
146.1541270299728
 20
44.16153621253406
 10
146.1403196730245
 20
44.19335542234332
 10
146.1403196730245
 20
44.19335542234332
 10
146.1000395640327
 20
44.25107640326976
 10
146.0423185831063
 20
44.30132272479564
 10
146.0423185831063
 20
44.30132272479564
 10
146.0047895640327
 20
44.32514820163487
 10
145.9586439237057
 20
44.3492851226158
 10
145.9038816621253
 20
44.37373348773842
 10
145.8405027792915
 20
44.39849329700272
 10
145.8405027792915
 20
44.39849329700272
 10
145.7877649046322
 20
44.41868525885559
 10
145.7425016893733
 20
44.43773525885559
 10
145.704713133515
 20
44.45564329700272
 10
145.6743992370572
 20
44.472409373297
 10
145.6743992370572
 20
44.472409373297
 10
145.6291360217984
 20
44.50646059945504
 10
145.5979916076294
 20
44.54383389645776
 10
145.5979916076294
 20
44.54383389645776
 10
145.5805507356948
 20
44.58868185286104
 10
145.5805507356948
 20
44.58868185286104
 10
145.5747371117166
 20
44.64349602179836
 10
145.5747371117166
 20
44.64349602179836
 10
145.5784744414169
 20
44.68273798365123
 10
145.5896864305177
 20
44.71741209809264
 10
145.5896864305177
 20
44.71741209809264
 10
145.6085807084469
 20
44.748141253406
 10
145.6353649046322
 20
44.77388730245232
 10
145.6353649046322
 20
44.77388730245232
 10
145.6690008719346
 20
44.79423498637603
 10
145.7084504632153
 20
44.80876904632153
 10
145.7084504632153
 20
44.80876904632153
 10
145.7537136784741
 20
44.81748948228883
 10
145.8047905177112
 20
44.82039629427793
 10
145.8047905177112
 20
44.82039629427793
 10
145.8734120435967
 20
44.81634752043597
 10
145.9447327520436
 20
44.80420119891008
 10
146.0187526430518
 20
44.78395732970027
 10
146.0954717166213
 20
44.75561591280654
 10
146.0954717166213
 20
44.75561591280654
 10
146.142811226158
 20
44.88683771117167
 10
146.0645868392371
 20
44.91663253405994
 10
145.9827289373297
 20
44.93791455040872
 10
145.897237520436
 20
44.95068376021798
 10
145.8081125885558
 20
44.95494016348774
 10
145.8081125885558
 20
44.95494016348774
 10
145.7250608174387
 20
44.94954179836513
 10
145.6503142234332
 20
44.93334670299728
 10
145.6503142234332
 20
44.93334670299728
 10
145.5840804359673
 20
44.90739302452316
 10
145.5265670844687
 20
44.8710578746594
 10
145.5265670844687
 20
44.8710578746594
 10
145.480058092643
 20
44.82517177111717
 10
145.4468373841962
 20
44.77222626702997
 10
145.4468373841962
 20
44.77222626702997
 10
145.4269049591281
 20
44.71222136239782
 10
145.4202608174387
 20
44.64515705722071
 10
145.4202608174387
 20
44.64515705722071
 10
145.4246210354223
 20
44.58183008174387
 10
145.4377016893733
 20
44.52473198910081
 10
145.4377016893733
 20
44.52473198910081
 10
145.4605409264305
 20
44.47386277929155
 10
145.4925158583106
 20
44.42922245231608
 10
145.4925158583106
 20
44.42922245231608
 10
145.5346646321526
 20
44.38904615803815
 10
145.5888559128065
 20
44.35156904632153
 10
145.6550897002725
 20
44.31679111716621
 10
145.7333659945504
 20
44.28471237057221
 10
145.7333659945504
 20
44.28471237057221
 10
145.788958773842
 20
44.26368989100818
 10
145.8369730790191
 20
44.243809373297
 10
145.8774089100817
 20
44.22507081743869
 10
145.91026626703
 20
44.20747422343324
 10
145.91026626703
 20
44.20747422343324
 10
145.9607202179836
 20
44.17217722070845
 10
145.9941485558583
 20
44.13438866485014
 10
145.9941485558583
 20
44.13438866485014
 10
146.0124199455041
 20
44.08954070844687
 10
146.0124199455041
 20
44.08954070844687
 10
146.0190640871934
 20
44.03472653950953
 10
146.0190640871934
 20
44.03472653950953
 10
146.0147038692098
 20
43.99133198910081
 10
146.0016232152589
 20
43.95250528610354
 10
146.0016232152589
 20
43.95250528610354
 10
145.9800297547684
 20
43.91928457765668
 10
145.9501311171662
 20
43.89104697547684
 10
145.9501311171662
 20
43.89104697547684
 10
145.9110967847411
 20
43.86779247956403
 10
145.8637572752044
 20
43.8511821253406
 10
145.8637572752044
 20
43.8511821253406
 10
145.8087354768392
 20
43.84183880108992
 10
145.7449932425068
 20
43.83872435967302
 10
145.7449932425068
 20
43.83872435967302
 10
145.6621491008174
 20
43.84349983651227
 10
145.5730760762943
 20
43.85782626702997
 10
145.5730760762943
 20
43.85782626702997
 10
145.4852488283379
 20
43.8804578746594
 10
145.4044809809264
 20
43.91014888283379
 10
145.4044809809264
 20
43.91014888283379
 10
145.4044809809264
 20
43.76397776566758
 10
145.4695728065395
 20
43.73890651226158
 10
145.5469147683924
 20
43.72099847411444
 10
145.636506866485
 20
43.71025365122616
 10
145.7383491008174
 20
43.70667204359673
 10
145.7383491008174
 20
43.70667204359673
 10
145.8348967847411
 20
43.71227803814714
 10
145.920232479564
 20
43.72909602179836
 10
145.920232479564
 20
43.72909602179836
 10
145.9943561852861
 20
43.75795651226158
 10
146.0572679019074
 20
43.79802899182561
 10
146.0572679019074
 20
43.79802899182561
 10
146.1073065940055
 20
43.84786005449591
 10
146.142811226158
 20
43.90599629427793
 10
146.142811226158
 20
43.90599629427793
 10
146.1646123160763
 20
43.97264534059946
 10
146.1718793460491
 20
44.04801482288828
 10
146.1718793460491
 20
44.04801482288828
  0
LWPOLYLINE
  5
61A
330
1F
100
AcDbEntity
  8
TITLE_BLOCK
100
AcDbPolyline
 90
        9
 70
     1
 43
0.0
 10
147.6203022343324
 20
43.72328239782016
 10
147.7789311171662
 20
43.72328239782016
 10
147.3055360217984
 20
44.94248239782016
 10
147.1676700817439
 20
44.94248239782016
 10
146.6934444686648
 20
43.72328239782016
 10
146.8479207629428
 20
43.72328239782016
 10
146.9924308446867
 20
44.09950692098093
 10
147.4741311171662
 20
44.09950692098093
 10
147.6203022343324
 20
43.72328239782016
  0
LWPOLYLINE
  5
61B
330
1F
100
AcDbEntity
  8
TITLE_BLOCK
100
AcDbPolyline
 90
        8
 70
     1
 43
0.0
 10
147.4284526430518
 20
44.23488130790191
 10
147.0439229427793
 20
44.23488130790191
 10
147.1817888828338
 20
44.60280065395095
 10
147.2085730790191
 20
44.6893821253406
 10
147.2341114986376
 20
44.78468403269755
 10
147.2341114986376
 20
44.78468403269755
 10
147.2922477384196
 20
44.60280065395095
 10
147.4284526430518
 20
44.23488130790191
  0
LWPOLYLINE
  5
61C
330
1F
100
AcDbEntity
  8
TITLE_BLOCK
100
AcDbPolyline
 90
       33
 70
     1
 43
0.0
 10
148.0986804359673
 20
44.22491509536785
 10
148.3403610899183
 20
44.22491509536785
 10
148.634364359673
 20
43.72328239782016
 10
148.8129256675749
 20
43.72328239782016
 10
148.4798880653951
 20
44.26727149863761
 10
148.5365708991826
 20
44.29052599455041
 10
148.5853638147139
 20
44.31876359673024
 10
148.5853638147139
 20
44.31876359673024
 10
148.6273049591281
 20
44.35198430517711
 10
148.6617714441417
 20
44.39018811989101
 10
148.6617714441417
 20
44.39018811989101
 10
148.688555640327
 20
44.43337504087194
 10
148.7074499182561
 20
44.48154506811989
 10
148.7074499182561
 20
44.48154506811989
 10
148.7192847956403
 20
44.53469820163487
 10
148.7232297547684
 20
44.59283444141689
 10
148.7232297547684
 20
44.59283444141689
 10
148.7163779836512
 20
44.67360228882834
 10
148.6958226702997
 20
44.74315814713896
 10
148.6958226702997
 20
44.74315814713896
 10
148.6617714441417
 20
44.80254016348774
 10
148.6144319346049
 20
44.85112544959128
 10
148.6144319346049
 20
44.85112544959128
 10
148.5529736239782
 20
44.88891400544959
 10
148.4765659945504
 20
44.91590583106267
 10
148.4765659945504
 20
44.91590583106267
 10
148.3860395640327
 20
44.93210092643051
 10
148.2805638147139
 20
44.93749929155313
 10
148.2805638147139
 20
44.93749929155313
 10
147.9458651771117
 20
44.93749929155313
 10
147.9458651771117
 20
43.72328239782016
 10
148.0986804359673
 20
43.72328239782016
 10
148.0986804359673
 20
44.22491509536785
  0
LWPOLYLINE
  5
61D
330
1F
100
AcDbEntity
  8
TITLE_BLOCK
100
AcDbPolyline
 90
       28
 70
     1
 43
0.0
 10
148.0986804359673
 20
44.35447585831063
 10
148.0986804359673
 20
44.80544697547684
 10
148.2722586376022
 20
44.80544697547684
 10
148.3440984196185
 20
44.80212490463215
 10
148.4051414713896
 20
44.79215869209809
 10
148.4051414713896
 20
44.79215869209809
 10
148.4555954223433
 20
44.77554833787466
 10
148.4956679019074
 20
44.75229384196185
 10
148.4956679019074
 20
44.75229384196185
 10
148.5255665395096
 20
44.72197994550409
 10
148.54716
 20
44.68419138964578
 10
148.54716
 20
44.68419138964578
 10
148.560240653951
 20
44.63872054495913
 10
148.5646008719346
 20
44.58535978201635
 10
148.5646008719346
 20
44.58535978201635
 10
148.560240653951
 20
44.53158376021798
 10
148.54716
 20
44.48486713896457
 10
148.54716
 20
44.48486713896457
 10
148.5261894277929
 20
44.44520991825613
 10
148.4964984196185
 20
44.41261209809264
 10
148.4964984196185
 20
44.41261209809264
 10
148.4574640871935
 20
44.38707367847412
 10
148.4084635422343
 20
44.36859465940054
 10
148.4084635422343
 20
44.36859465940054
 10
148.3494967847411
 20
44.35800555858311
 10
148.2805638147139
 20
44.35447585831063
 10
148.2805638147139
 20
44.35447585831063
 10
148.0986804359673
 20
44.35447585831063
  0
LWPOLYLINE
  5
61E
330
1F
100
AcDbEntity
  8
TITLE_BLOCK
100
AcDbPolyline
 90
       13
 70
     1
 43
0.0
 10
149.6824777111717
 20
43.72328239782016
 10
149.6824777111717
 20
43.85782626702997
 10
149.15676
 20
43.85782626702997
 10
149.15676
 20
44.29135651226158
 10
149.6517485558583
 20
44.29135651226158
 10
149.6517485558583
 20
44.42423934604905
 10
149.15676
 20
44.42423934604905
 10
149.15676
 20
44.80295542234332
 10
149.6824777111717
 20
44.80295542234332
 10
149.6824777111717
 20
44.93749929155313
 10
149.0039447411444
 20
44.93749929155313
 10
149.0039447411444
 20
43.72328239782016
 10
149.6824777111717
 20
43.72328239782016
  0
LWPOLYLINE
  5
61F
330
1F
100
AcDbEntity
  8
TITLE_BLOCK
100
AcDbPolyline
 90
       13
 70
     1
 43
0.0
 10
150.7330826158039
 20
43.72328239782016
 10
150.7330826158039
 20
43.81131727520436
 10
150.5902335694823
 20
43.84370746594006
 10
150.5902335694823
 20
44.8154131880109
 10
150.7330826158039
 20
44.84946441416893
 10
150.7330826158039
 20
44.93749929155313
 10
150.2945692643052
 20
44.93749929155313
 10
150.2945692643052
 20
44.84946441416893
 10
150.4374183106267
 20
44.8154131880109
 10
150.4374183106267
 20
43.84370746594006
 10
150.2945692643052
 20
43.81131727520436
 10
150.2945692643052
 20
43.72328239782016
 10
150.7330826158039
 20
43.72328239782016
  0
LWPOLYLINE
  5
620
330
1F
100
AcDbEntity
  8
TITLE_BLOCK
100
AcDbPolyline
 90
       31
 70
     1
 43
0.0
 10
151.9306891553134
 20
43.72328239782016
 10
151.9306891553134
 20
44.93749929155313
 10
151.7878401089919
 20
44.93749929155313
 10
151.7878401089919
 20
44.25232217983651
 10
151.7881515531336
 20
44.22065869209809
 10
151.7890858855586
 20
44.18048239782016
 10
151.7906431062671
 20
44.13179329700272
 10
151.7928232152589
 20
44.07459138964578
 10
151.7928232152589
 20
44.07459138964578
 10
151.7951071389646
 20
44.01993294277929
 10
151.7969758038147
 20
43.97804370572207
 10
151.7984292098093
 20
43.94892367847412
 10
151.7994673569483
 20
43.93257286103542
 10
151.7994673569483
 20
43.93257286103542
 10
151.7928232152589
 20
43.93257286103542
 10
151.5810411989101
 20
44.26228839237057
 10
151.1823926975477
 20
44.87853253405994
 10
151.145019400545
 20
44.93749929155313
 10
150.9681191280654
 20
44.93749929155313
 10
150.9681191280654
 20
43.72328239782016
 10
151.1093071389646
 20
43.72328239782016
 10
151.1093071389646
 20
44.40181536784741
 10
151.1086842506813
 20
44.45995160762943
 10
151.1068155858311
 20
44.52307095367848
 10
151.1037011444142
 20
44.59117340599455
 10
151.0993409264306
 20
44.66425896457766
 10
151.0993409264306
 20
44.66425896457766
 10
151.0951883378747
 20
44.73153089918256
 10
151.1018324795641
 20
44.73153089918256
 10
151.7521278474115
 20
43.72328239782016
 10
151.9306891553134
 20
43.72328239782016
  0
LWPOLYLINE
  5
621
330
1F
100
AcDbEntity
  8
TITLE_BLOCK
100
AcDbPolyline
 90
       27
 70
     1
 43
0.0
 10
153.2379240326976
 20
43.72328239782016
 10
153.3633322070845
 20
43.72328239782016
 10
153.7686248501363
 20
44.78634506811989
 10
153.7752689918257
 20
44.78634506811989
 10
153.7701820708447
 20
44.69462476839237
 10
153.7665485558583
 20
44.61131346049046
 10
153.7643684468665
 20
44.53641114441417
 10
153.7636417438692
 20
44.46991782016349
 10
153.7636417438692
 20
44.46991782016349
 10
153.7636417438692
 20
43.72328239782016
 10
153.9147959673025
 20
43.72328239782016
 10
153.9147959673025
 20
44.93749929155313
 10
153.6905561852861
 20
44.93749929155313
 10
153.3093485558583
 20
43.94253907356948
 10
153.302704414169
 20
43.94253907356948
 10
152.9281409264306
 20
44.93749929155313
 10
152.7022401089919
 20
44.93749929155313
 10
152.7022401089919
 20
43.72328239782016
 10
152.8434281198911
 20
43.72328239782016
 10
152.8434281198911
 20
44.45995160762943
 10
152.8426495095368
 20
44.55364438692098
 10
152.8403136784742
 20
44.6395510626703
 10
152.836420626703
 20
44.71767163487738
 10
152.8309703542235
 20
44.78800610354224
 10
152.8309703542235
 20
44.78800610354224
 10
152.8376144959128
 20
44.78800610354224
 10
153.2379240326976
 20
43.72328239782016
  0
LWPOLYLINE
  5
622
330
1F
100
AcDbEntity
  8
TITLE_BLOCK
100
AcDbPolyline
 90
       13
 70
     1
 43
0.0
 10
154.5866847956404
 20
43.72328239782016
 10
154.5866847956404
 20
43.81131727520436
 10
154.4438357493189
 20
43.84370746594006
 10
154.4438357493189
 20
44.8154131880109
 10
154.5866847956404
 20
44.84946441416893
 10
154.5866847956404
 20
44.93749929155313
 10
154.1481714441417
 20
44.93749929155313
 10
154.1481714441417
 20
44.84946441416893
 10
154.2910204904632
 20
44.8154131880109
 10
154.2910204904632
 20
43.84370746594006
 10
154.1481714441417
 20
43.81131727520436
 10
154.1481714441417
 20
43.72328239782016
 10
154.5866847956404
 20
43.72328239782016
  0
LWPOLYLINE
  5
623
330
1F
100
AcDbEntity
  8
TITLE_BLOCK
100
AcDbPolyline
 90
        7
 70
     1
 43
0.0
 10
154.821721307902
 20
43.72328239782016
 10
155.5052373841962
 20
43.72328239782016
 10
155.5052373841962
 20
43.85948730245232
 10
154.9745365667575
 20
43.85948730245232
 10
154.9745365667575
 20
44.93749929155313
 10
154.821721307902
 20
44.93749929155313
 10
154.821721307902
 20
43.72328239782016
  0
LWPOLYLINE
  5
624
330
1F
100
AcDbEntity
  8
TITLE_BLOCK
100
AcDbPolyline
 90
        7
 70
     1
 43
0.0
 10
155.7128668119892
 20
43.72328239782016
 10
156.3963828882834
 20
43.72328239782016
 10
156.3963828882834
 20
43.85948730245232
 10
155.8656820708447
 20
43.85948730245232
 10
155.8656820708447
 20
44.93749929155313
 10
155.7128668119892
 20
44.93749929155313
 10
155.7128668119892
 20
43.72328239782016
  0
LWPOLYLINE
  5
625
330
1F
100
AcDbEntity
  8
TITLE_BLOCK
100
AcDbPolyline
 90
       13
 70
     1
 43
0.0
 10
156.9453550953679
 20
43.72328239782016
 10
156.9453550953679
 20
43.81131727520436
 10
156.8025060490464
 20
43.84370746594006
 10
156.8025060490464
 20
44.8154131880109
 10
156.9453550953679
 20
44.84946441416893
 10
156.9453550953679
 20
44.93749929155313
 10
156.5068417438693
 20
44.93749929155313
 10
156.5068417438693
 20
44.84946441416893
 10
156.6496907901908
 20
44.8154131880109
 10
156.6496907901908
 20
43.84370746594006
 10
156.5068417438693
 20
43.81131727520436
 10
156.5068417438693
 20
43.72328239782016
 10
156.9453550953679
 20
43.72328239782016
  0
LWPOLYLINE
  5
626
330
1F
100
AcDbEntity
  8
TITLE_BLOCK
100
AcDbPolyline
 90
       27
 70
     1
 43
0.0
 10
157.7160755313352
 20
43.72328239782016
 10
157.8414837057221
 20
43.72328239782016
 10
158.2467763487739
 20
44.78634506811989
 10
158.2534204904633
 20
44.78634506811989
 10
158.2483335694824
 20
44.69462476839237
 10
158.244700054496
 20
44.61131346049046
 10
158.2425199455042
 20
44.53641114441417
 10
158.2417932425069
 20
44.46991782016349
 10
158.2417932425069
 20
44.46991782016349
 10
158.2417932425069
 20
43.72328239782016
 10
158.3929474659401
 20
43.72328239782016
 10
158.3929474659401
 20
44.93749929155313
 10
158.1687076839238
 20
44.93749929155313
 10
157.787500054496
 20
43.94253907356948
 10
157.7808559128066
 20
43.94253907356948
 10
157.4062924250682
 20
44.93749929155313
 10
157.1803916076295
 20
44.93749929155313
 10
157.1803916076295
 20
43.72328239782016
 10
157.3215796185287
 20
43.72328239782016
 10
157.3215796185287
 20
44.45995160762943
 10
157.3208010081745
 20
44.55364438692098
 10
157.3184651771118
 20
44.6395510626703
 10
157.3145721253407
 20
44.71767163487738
 10
157.3091218528611
 20
44.78800610354224
 10
157.3091218528611
 20
44.78800610354224
 10
157.3157659945505
 20
44.78800610354224
 10
157.7160755313352
 20
43.72328239782016
  0
LWPOLYLINE
  5
627
330
1F
100
AcDbEntity
  8
TITLE_BLOCK
100
AcDbPolyline
 90
       13
 70
     1
 43
0.0
 10
159.4020264850137
 20
43.72328239782016
 10
159.4020264850137
 20
43.85782626702997
 10
158.876308773842
 20
43.85782626702997
 10
158.876308773842
 20
44.29135651226158
 10
159.3712973297003
 20
44.29135651226158
 10
159.3712973297003
 20
44.42423934604905
 10
158.876308773842
 20
44.42423934604905
 10
158.876308773842
 20
44.80295542234332
 10
159.4020264850137
 20
44.80295542234332
 10
159.4020264850137
 20
44.93749929155313
 10
158.7234935149864
 20
44.93749929155313
 10
158.7234935149864
 20
43.72328239782016
 10
159.4020264850137
 20
43.72328239782016
  0
LWPOLYLINE
  5
628
330
1F
100
AcDbEntity
  8
TITLE_BLOCK
100
AcDbPolyline
 90
        9
 70
     1
 43
0.0
 10
160.0539828882835
 20
43.72328239782016
 10
160.0539828882835
 20
44.80295542234332
 10
160.4310379291554
 20
44.80295542234332
 10
160.4310379291554
 20
44.93749929155313
 10
159.5207905177112
 20
44.93749929155313
 10
159.5207905177112
 20
44.80295542234332
 10
159.9003371117167
 20
44.80295542234332
 10
159.9003371117167
 20
43.72328239782016
 10
160.0539828882835
 20
43.72328239782016
  0
LWPOLYLINE
  5
629
330
1F
100
AcDbEntity
  8
TITLE_BLOCK
100
AcDbPolyline
 90
       13
 70
     1
 43
0.0
 10
161.2939458310628
 20
43.72328239782016
 10
161.2939458310628
 20
43.85782626702997
 10
160.7682281198911
 20
43.85782626702997
 10
160.7682281198911
 20
44.29135651226158
 10
161.2632166757494
 20
44.29135651226158
 10
161.2632166757494
 20
44.42423934604905
 10
160.7682281198911
 20
44.42423934604905
 10
160.7682281198911
 20
44.80295542234332
 10
161.2939458310628
 20
44.80295542234332
 10
161.2939458310628
 20
44.93749929155313
 10
160.6154128610355
 20
44.93749929155313
 10
160.6154128610355
 20
43.72328239782016
 10
161.2939458310628
 20
43.72328239782016
  0
LWPOLYLINE
  5
62A
330
1F
100
AcDbEntity
  8
TITLE_BLOCK
100
AcDbPolyline
 90
       33
 70
     1
 43
0.0
 10
161.7141877929156
 20
44.22491509536785
 10
161.9558684468666
 20
44.22491509536785
 10
162.2498717166214
 20
43.72328239782016
 10
162.4284330245233
 20
43.72328239782016
 10
162.0953954223434
 20
44.26727149863761
 10
162.1520782561309
 20
44.29052599455041
 10
162.2008711716622
 20
44.31876359673024
 10
162.2008711716622
 20
44.31876359673024
 10
162.2428123160764
 20
44.35198430517711
 10
162.27727880109
 20
44.39018811989101
 10
162.27727880109
 20
44.39018811989101
 10
162.3040629972753
 20
44.43337504087194
 10
162.3229572752045
 20
44.48154506811989
 10
162.3229572752045
 20
44.48154506811989
 10
162.3347921525886
 20
44.53469820163487
 10
162.3387371117167
 20
44.59283444141689
 10
162.3387371117167
 20
44.59283444141689
 10
162.3318853405995
 20
44.67360228882834
 10
162.311330027248
 20
44.74315814713896
 10
162.311330027248
 20
44.74315814713896
 10
162.27727880109
 20
44.80254016348774
 10
162.2299392915532
 20
44.85112544959128
 10
162.2299392915532
 20
44.85112544959128
 10
162.1684809809265
 20
44.88891400544959
 10
162.0920733514987
 20
44.91590583106267
 10
162.0920733514987
 20
44.91590583106267
 10
162.001546920981
 20
44.93210092643051
 10
161.8960711716622
 20
44.93749929155313
 10
161.8960711716622
 20
44.93749929155313
 10
161.56137253406
 20
44.93749929155313
 10
161.56137253406
 20
43.72328239782016
 10
161.7141877929156
 20
43.72328239782016
 10
161.7141877929156
 20
44.22491509536785
  0
LWPOLYLINE
  5
62B
330
1F
100
AcDbEntity
  8
TITLE_BLOCK
100
AcDbPolyline
 90
       28
 70
     1
 43
0.0
 10
161.7141877929156
 20
44.35447585831063
 10
161.7141877929156
 20
44.80544697547684
 10
161.8877659945505
 20
44.80544697547684
 10
161.9596057765669
 20
44.80212490463215
 10
162.020648828338
 20
44.79215869209809
 10
162.020648828338
 20
44.79215869209809
 10
162.0711027792916
 20
44.77554833787466
 10
162.1111752588557
 20
44.75229384196185
 10
162.1111752588557
 20
44.75229384196185
 10
162.1410738964579
 20
44.72197994550409
 10
162.1626673569483
 20
44.68419138964578
 10
162.1626673569483
 20
44.68419138964578
 10
162.1757480108993
 20
44.63872054495913
 10
162.1801082288829
 20
44.58535978201635
 10
162.1801082288829
 20
44.58535978201635
 10
162.1757480108993
 20
44.53158376021798
 10
162.1626673569483
 20
44.48486713896457
 10
162.1626673569483
 20
44.48486713896457
 10
162.1416967847412
 20
44.44520991825613
 10
162.1120057765669
 20
44.41261209809264
 10
162.1120057765669
 20
44.41261209809264
 10
162.0729714441418
 20
44.38707367847412
 10
162.0239708991826
 20
44.36859465940054
 10
162.0239708991826
 20
44.36859465940054
 10
161.9650041416895
 20
44.35800555858311
 10
161.8960711716622
 20
44.35447585831063
 10
161.8960711716622
 20
44.35447585831063
 10
161.7141877929156
 20
44.35447585831063
  0
LWPOLYLINE
  5
62C
330
1F
100
AcDbEntity
  8
TITLE_BLOCK
100
AcDbPolyline
 90
      120
 70
     1
 43
0.0
 10
163.3079512806541
 20
44.04801482288828
 10
163.30597880109
 20
44.08886591280654
 10
163.3000613623979
 20
44.1267063760218
 10
163.2901989645778
 20
44.16153621253406
 10
163.2763916076295
 20
44.19335542234332
 10
163.2763916076295
 20
44.19335542234332
 10
163.2361114986377
 20
44.25107640326976
 10
163.1783905177113
 20
44.30132272479564
 10
163.1783905177113
 20
44.30132272479564
 10
163.1408614986377
 20
44.32514820163487
 10
163.0947158583107
 20
44.3492851226158
 10
163.0399535967304
 20
44.37373348773842
 10
162.9765747138966
 20
44.39849329700272
 10
162.9765747138966
 20
44.39849329700272
 10
162.9238368392372
 20
44.41868525885559
 10
162.8785736239783
 20
44.43773525885559
 10
162.84078506812
 20
44.45564329700272
 10
162.8104711716622
 20
44.472409373297
 10
162.8104711716622
 20
44.472409373297
 10
162.7652079564034
 20
44.50646059945504
 10
162.7340635422344
 20
44.54383389645776
 10
162.7340635422344
 20
44.54383389645776
 10
162.7166226702998
 20
44.58868185286104
 10
162.7166226702998
 20
44.58868185286104
 10
162.7108090463216
 20
44.64349602179836
 10
162.7108090463216
 20
44.64349602179836
 10
162.7145463760219
 20
44.68273798365123
 10
162.7257583651227
 20
44.71741209809264
 10
162.7257583651227
 20
44.71741209809264
 10
162.7446526430519
 20
44.748141253406
 10
162.7714368392372
 20
44.77388730245232
 10
162.7714368392372
 20
44.77388730245232
 10
162.8050728065396
 20
44.79423498637603
 10
162.8445223978203
 20
44.80876904632153
 10
162.8445223978203
 20
44.80876904632153
 10
162.8897856130791
 20
44.81748948228883
 10
162.9408624523162
 20
44.82039629427793
 10
162.9408624523162
 20
44.82039629427793
 10
163.0094839782017
 20
44.81634752043597
 10
163.0808046866486
 20
44.80420119891008
 10
163.1548245776568
 20
44.78395732970027
 10
163.2315436512263
 20
44.75561591280654
 10
163.2315436512263
 20
44.75561591280654
 10
163.2788831607631
 20
44.88683771117167
 10
163.2006587738421
 20
44.91663253405994
 10
163.1188008719347
 20
44.93791455040872
 10
163.033309455041
 20
44.95068376021798
 10
162.9441845231609
 20
44.95494016348774
 10
162.9441845231609
 20
44.95494016348774
 10
162.8611327520437
 20
44.94954179836513
 10
162.7863861580383
 20
44.93334670299728
 10
162.7863861580383
 20
44.93334670299728
 10
162.7201523705723
 20
44.90739302452316
 10
162.6626390190737
 20
44.8710578746594
 10
162.6626390190737
 20
44.8710578746594
 10
162.6161300272481
 20
44.82517177111717
 10
162.5829093188012
 20
44.77222626702997
 10
162.5829093188012
 20
44.77222626702997
 10
162.5629768937331
 20
44.71222136239782
 10
162.5563327520437
 20
44.64515705722071
 10
162.5563327520437
 20
44.64515705722071
 10
162.5606929700274
 20
44.58183008174387
 10
162.5737736239783
 20
44.52473198910081
 10
162.5737736239783
 20
44.52473198910081
 10
162.5966128610355
 20
44.47386277929155
 10
162.6285877929156
 20
44.42922245231608
 10
162.6285877929156
 20
44.42922245231608
 10
162.6707365667576
 20
44.38904615803815
 10
162.7249278474115
 20
44.35156904632153
 10
162.7911616348775
 20
44.31679111716621
 10
162.8694379291554
 20
44.28471237057221
 10
162.8694379291554
 20
44.28471237057221
 10
162.925030708447
 20
44.26368989100818
 10
162.9730450136241
 20
44.243809373297
 10
163.0134808446867
 20
44.22507081743869
 10
163.046338201635
 20
44.20747422343324
 10
163.046338201635
 20
44.20747422343324
 10
163.0967921525886
 20
44.17217722070845
 10
163.1302204904633
 20
44.13438866485014
 10
163.1302204904633
 20
44.13438866485014
 10
163.1484918801091
 20
44.08954070844687
 10
163.1484918801091
 20
44.08954070844687
 10
163.1551360217985
 20
44.03472653950953
 10
163.1551360217985
 20
44.03472653950953
 10
163.1507758038148
 20
43.99133198910081
 10
163.1376951498639
 20
43.95250528610354
 10
163.1376951498639
 20
43.95250528610354
 10
163.1161016893734
 20
43.91928457765668
 10
163.0862030517712
 20
43.89104697547684
 10
163.0862030517712
 20
43.89104697547684
 10
163.0471687193462
 20
43.86779247956403
 10
162.9998292098094
 20
43.8511821253406
 10
162.9998292098094
 20
43.8511821253406
 10
162.9448074114442
 20
43.84183880108992
 10
162.8810651771118
 20
43.83872435967302
 10
162.8810651771118
 20
43.83872435967302
 10
162.7982210354224
 20
43.84349983651227
 10
162.7091480108993
 20
43.85782626702997
 10
162.7091480108993
 20
43.85782626702997
 10
162.6213207629429
 20
43.8804578746594
 10
162.5405529155314
 20
43.91014888283379
 10
162.5405529155314
 20
43.91014888283379
 10
162.5405529155314
 20
43.76397776566758
 10
162.6056447411445
 20
43.73890651226158
 10
162.6829867029974
 20
43.72099847411444
 10
162.77257880109
 20
43.71025365122616
 10
162.8744210354224
 20
43.70667204359673
 10
162.8744210354224
 20
43.70667204359673
 10
162.9709687193462
 20
43.71227803814714
 10
163.056304414169
 20
43.72909602179836
 10
163.056304414169
 20
43.72909602179836
 10
163.1304281198911
 20
43.75795651226158
 10
163.1933398365124
 20
43.79802899182561
 10
163.1933398365124
 20
43.79802899182561
 10
163.2433785286105
 20
43.84786005449591
 10
163.2788831607631
 20
43.90599629427793
 10
163.2788831607631
 20
43.90599629427793
 10
163.3006842506813
 20
43.97264534059946
 10
163.3079512806541
 20
44.04801482288828
 10
163.3079512806541
 20
44.04801482288828
  0
LWPOLYLINE
  5
62D
330
1F
100
AcDbEntity
  8
TITLE_BLOCK
100
AcDbPolyline
 90
        9
 70
     1
 43
0.0
 10
151.7601506485014
 20
39.60315601089918
 10
151.9029166430518
 20
39.60315601089918
 10
151.4768610572207
 20
40.70043601089918
 10
151.3527817111717
 20
40.70043601089918
 10
150.9259786594006
 20
39.60315601089918
 10
151.0650073242507
 20
39.60315601089918
 10
151.1950663978202
 20
39.94175808174387
 10
151.6285966430518
 20
39.94175808174387
 10
151.7601506485014
 20
39.60315601089918
  0
LWPOLYLINE
  5
62E
330
1F
100
AcDbEntity
  8
TITLE_BLOCK
100
AcDbPolyline
 90
        8
 70
     1
 43
0.0
 10
151.5874860163488
 20
40.06359502997275
 10
151.2414092861036
 20
40.06359502997275
 10
151.3654886321526
 20
40.3947224414169
 10
151.3895944087193
 20
40.47264576566758
 10
151.412578986376
 20
40.55841748228883
 10
151.412578986376
 20
40.55841748228883
 10
151.4649016021799
 20
40.3947224414169
 10
151.5874860163488
 20
40.06359502997275
  0
LWPOLYLINE
  5
62F
330
1F
100
AcDbEntity
  8
TITLE_BLOCK
100
AcDbPolyline
 90
       31
 70
     1
 43
0.0
 10
152.9194703215259
 20
39.60315601089918
 10
152.9194703215259
 20
40.69595121525886
 10
152.7909061798365
 20
40.69595121525886
 10
152.7909061798365
 20
40.0792918147139
 10
152.791186479564
 20
40.05079467574932
 10
152.7920273787466
 20
40.01463601089918
 10
152.7934288773842
 20
39.97081582016349
 10
152.7953909754768
 20
39.91933410354223
 10
152.7953909754768
 20
39.91933410354223
 10
152.797446506812
 20
39.8701415013624
 10
152.7991283051771
 20
39.8324411880109
 10
152.8004363705722
 20
39.80623316348774
 10
152.8013707029973
 20
39.79151742779292
 10
152.8013707029973
 20
39.79151742779292
 10
152.7953909754768
 20
39.79151742779292
 10
152.604787160763
 20
40.08826140599455
 10
152.2460035095368
 20
40.64288113351499
 10
152.2123675422343
 20
40.69595121525886
 10
152.0531572970027
 20
40.69595121525886
 10
152.0531572970027
 20
39.60315601089918
 10
152.180226506812
 20
39.60315601089918
 10
152.180226506812
 20
40.2138356839237
 10
152.179665907357
 20
40.26615829972752
 10
152.1779841089918
 20
40.32296571117166
 10
152.1751811117166
 20
40.38425791825613
 10
152.1712569155313
 20
40.45003492098093
 10
152.1712569155313
 20
40.45003492098093
 10
152.1675195858311
 20
40.51057966212534
 10
152.1734993133515
 20
40.51057966212534
 10
152.7587651444142
 20
39.60315601089918
 10
152.9194703215259
 20
39.60315601089918
  0
LWPOLYLINE
  5
630
330
1F
100
AcDbEntity
  8
TITLE_BLOCK
100
AcDbPolyline
 90
      100
 70
     1
 43
0.0
 10
153.6908551716621
 20
40.18019971662125
 10
153.6908551716621
 20
40.05761530245232
 10
153.9307917384196
 20
40.05761530245232
 10
153.9307917384196
 20
39.73321508446867
 10
153.8248384414169
 20
39.71359410354223
 10
153.716269013624
 20
39.70705377656676
 10
153.716269013624
 20
39.70705377656676
 10
153.6673567111717
 20
39.70878229155313
 10
153.6215277057221
 20
39.71396783651226
 10
153.5787819972752
 20
39.72261041144414
 10
153.5391195858311
 20
39.73471001634878
 10
153.5391195858311
 20
39.73471001634878
 10
153.5021667384196
 20
39.75068710081744
 10
153.4682971880109
 20
39.77021464850137
 10
153.4375109346049
 20
39.79329265940055
 10
153.4098079782017
 20
39.81992113351499
 10
153.4098079782017
 20
39.81992113351499
 10
153.3849547356948
 20
39.8495861880109
 10
153.3634650899183
 20
39.88252140599455
 10
153.3453390408719
 20
39.91872678746594
 10
153.3305765885559
 20
39.95820233242507
 10
153.3305765885559
 20
39.95820233242507
 10
153.3191310163488
 20
40.00127505722071
 10
153.3109556076294
 20
40.04752451226158
 10
153.3060503623978
 20
40.09695069754768
 10
153.304415280654
 20
40.14955361307902
 10
153.304415280654
 20
40.14955361307902
 10
153.3111424741145
 20
40.24653731880109
 10
153.3313240544959
 20
40.33268276839237
 10
153.3313240544959
 20
40.33268276839237
 10
153.3468806893733
 20
40.37169114713897
 10
153.3658943542234
 20
40.40798996185286
 10
153.3883650490463
 20
40.44157921253406
 10
153.414292773842
 20
40.47245889918256
 10
153.414292773842
 20
40.47245889918256
 10
153.4429300626703
 20
40.50011513896458
 10
153.4742769155313
 20
40.52403404904632
 10
153.5083333324251
 20
40.5442156294278
 10
153.5450993133515
 20
40.56065988010899
 10
153.5450993133515
 20
40.56065988010899
 10
153.5845748583106
 20
40.57374053405994
 10
153.6267599673025
 20
40.58308385831063
 10
153.671654640327
 20
40.58868985286104
 10
153.7192588773842
 20
40.59055851771117
 10
153.7192588773842
 20
40.59055851771117
 10
153.7884461934605
 20
40.58663432152589
 10
153.8584744087194
 20
40.57486173297003
 10
153.9293435231608
 20
40.55524075204359
 10
154.0010535367848
 20
40.52777137874659
 10
154.0010535367848
 20
40.52777137874659
 10
154.0533761525886
 20
40.64736592915531
 10
153.976387160763
 20
40.67548933514986
 10
153.8964083051771
 20
40.69557748228883
 10
153.8134395858311
 20
40.70763037057221
 10
153.7274810027248
 20
40.711648
 10
153.7274810027248
 20
40.711648
 10
153.6432509346049
 20
40.70739678746594
 10
153.5647202942779
 20
40.69464314986377
 10
153.4918890817439
 20
40.67338708719346
 10
153.4247572970027
 20
40.64362859945504
 10
153.4247572970027
 20
40.64362859945504
 10
153.3643994223433
 20
40.6060684359673
 10
153.3118899400545
 20
40.56065988010899
 10
153.3118899400545
 20
40.56065988010899
 10
153.2664813841962
 20
40.50833726430518
 10
153.2289212207085
 20
40.44853998910082
 10
153.2289212207085
 20
40.44853998910082
 10
153.19916273297
 20
40.38192208719346
 10
153.1779066702997
 20
40.30988505722071
 10
153.1651530326976
 20
40.23242889918257
 10
153.1609018201635
 20
40.14955361307902
 10
153.1609018201635
 20
40.14955361307902
 10
153.1630040681199
 20
40.08489780926431
 10
153.1693108119891
 20
40.02397933514987
 10
153.1798220517711
 20
39.96679819073569
 10
153.1945377874659
 20
39.9133543760218
 10
153.1945377874659
 20
39.9133543760218
 10
153.2138784686649
 20
39.86360117438692
 10
153.2375170790191
 20
39.81749186920981
 10
153.2654536185286
 20
39.77502646049047
 10
153.2976880871935
 20
39.73620494822888
 10
153.2976880871935
 20
39.73620494822888
 10
153.3334730190736
 20
39.7014944986376
 10
153.372808414169
 20
39.67136227792916
 10
153.4156942724796
 20
39.64580828610355
 10
153.4621305940055
 20
39.62483252316076
 10
153.4621305940055
 20
39.62483252316076
 10
153.5124443950954
 20
39.60880872207085
 10
153.5662152261581
 20
39.59736314986376
 10
153.6234430871935
 20
39.59049580653951
 10
153.6841279782016
 20
39.5882066920981
 10
153.6841279782016
 20
39.5882066920981
 10
153.7951266702997
 20
39.59175715531335
 10
153.8919235095368
 20
39.60240854495913
 10
153.8919235095368
 20
39.60240854495913
 10
153.9808719564033
 20
39.61997399455041
 10
154.0683254713896
 20
39.64426663760218
 10
154.0683254713896
 20
39.64426663760218
 10
154.0683254713896
 20
40.18019971662125
 10
153.6908551716621
 20
40.18019971662125
  0
LWPOLYLINE
  5
631
330
1F
100
AcDbEntity
  8
TITLE_BLOCK
100
AcDbPolyline
 90
       55
 70
     1
 43
0.0
 10
155.1618681416894
 20
40.69595121525886
 10
155.0250818746594
 20
40.69595121525886
 10
155.0250818746594
 20
39.98884843596731
 10
155.0204102125341
 20
39.92419263215259
 10
155.006395226158
 20
39.86775895367848
 10
155.006395226158
 20
39.86775895367848
 10
154.9837843814714
 20
39.81954740054496
 10
154.9518302125341
 20
39.77955797275204
 10
154.9518302125341
 20
39.77955797275204
 10
154.9114670517711
 20
39.74760380381471
 10
154.8636292316077
 20
39.72499295912807
 10
154.8636292316077
 20
39.72499295912807
 10
154.8075692861036
 20
39.71153857220708
 10
154.7440346811989
 20
39.70705377656676
 10
154.7440346811989
 20
39.70705377656676
 10
154.676762746594
 20
39.71153857220708
 10
154.6184604032698
 20
39.72499295912807
 10
154.6184604032698
 20
39.72499295912807
 10
154.5691276512262
 20
39.74816440326975
 10
154.5287644904632
 20
39.7803054386921
 10
154.5287644904632
 20
39.7803054386921
 10
154.497370920981
 20
39.82066859945504
 10
154.4749469427793
 20
39.86850641961853
 10
154.4749469427793
 20
39.86850641961853
 10
154.4620531553134
 20
39.92400576566757
 10
154.4577552261581
 20
39.9873535040872
 10
154.4577552261581
 20
39.9873535040872
 10
154.4577552261581
 20
40.69595121525886
 10
154.319474027248
 20
40.69595121525886
 10
154.319474027248
 20
39.99183829972752
 10
154.3262012207085
 20
39.90270298637602
 10
154.3463828010899
 20
39.82365846321526
 10
154.3463828010899
 20
39.82365846321526
 10
154.3807662343324
 20
39.75470473024523
 10
154.4286040544959
 20
39.69584178746594
 10
154.4286040544959
 20
39.69584178746594
 10
154.4885881961853
 20
39.64875143324251
 10
154.5594105940055
 20
39.61511546594006
 10
154.5594105940055
 20
39.61511546594006
 10
154.6420055803815
 20
39.59493388555858
 10
154.7358125558583
 20
39.5882066920981
 10
154.7358125558583
 20
39.5882066920981
 10
154.8303669972752
 20
39.59474701907357
 10
154.9137094495913
 20
39.614368
 10
154.9137094495913
 20
39.614368
 10
154.9867742452316
 20
39.64800396730245
 10
155.0490007847412
 20
39.69509432152589
 10
155.0490007847412
 20
39.69509432152589
 10
155.0981466702997
 20
39.75320979836513
 10
155.1334644359673
 20
39.8214160653951
 10
155.1334644359673
 20
39.8214160653951
 10
155.1547672152589
 20
39.90027372207085
 10
155.1618681416894
 20
39.98884843596731
 10
155.1618681416894
 20
39.98884843596731
 10
155.1618681416894
 20
40.69595121525886
  0
LWPOLYLINE
  5
632
330
1F
100
AcDbEntity
  8
TITLE_BLOCK
100
AcDbPolyline
 90
        7
 70
     1
 43
0.0
 10
155.4496425286104
 20
39.60315601089918
 10
156.0648069972752
 20
39.60315601089918
 10
156.0648069972752
 20
39.72574042506812
 10
155.5871762615804
 20
39.72574042506812
 10
155.5871762615804
 20
40.69595121525886
 10
155.4496425286104
 20
40.69595121525886
 10
155.4496425286104
 20
39.60315601089918
  0
LWPOLYLINE
  5
633
330
1F
100
AcDbEntity
  8
TITLE_BLOCK
100
AcDbPolyline
 90
        9
 70
     1
 43
0.0
 10
156.9370997493188
 20
39.60315601089918
 10
157.0798657438692
 20
39.60315601089918
 10
156.6538101580382
 20
40.70043601089918
 10
156.5297308119891
 20
40.70043601089918
 10
156.102927760218
 20
39.60315601089918
 10
156.2419564250681
 20
39.60315601089918
 10
156.3720154986376
 20
39.94175808174387
 10
156.8055457438692
 20
39.94175808174387
 10
156.9370997493188
 20
39.60315601089918
  0
LWPOLYLINE
  5
634
330
1F
100
AcDbEntity
  8
TITLE_BLOCK
100
AcDbPolyline
 90
        8
 70
     1
 43
0.0
 10
156.7644351171662
 20
40.06359502997275
 10
156.418358386921
 20
40.06359502997275
 10
156.54243773297
 20
40.3947224414169
 10
156.5665435095368
 20
40.47264576566758
 10
156.5895280871935
 20
40.55841748228883
 10
156.5895280871935
 20
40.55841748228883
 10
156.6418507029973
 20
40.3947224414169
 10
156.7644351171662
 20
40.06359502997275
  0
LWPOLYLINE
  5
635
330
1F
100
AcDbEntity
  8
TITLE_BLOCK
100
AcDbPolyline
 90
       33
 70
     1
 43
0.0
 10
157.3676401307902
 20
40.0546254386921
 10
157.585152719346
 20
40.0546254386921
 10
157.8497556621253
 20
39.60315601089918
 10
158.0104608392371
 20
39.60315601089918
 10
157.7107269972752
 20
40.09274620163488
 10
157.7617415476839
 20
40.11367524795641
 10
157.8056551716621
 20
40.13908908991826
 10
157.8056551716621
 20
40.13908908991826
 10
157.8434022016349
 20
40.16898772752044
 10
157.8744220381471
 20
40.20337116076294
 10
157.8744220381471
 20
40.20337116076294
 10
157.8985278147139
 20
40.24223938964577
 10
157.9155326648501
 20
40.28559241416894
 10
157.9155326648501
 20
40.28559241416894
 10
157.9261840544959
 20
40.33343023433243
 10
157.9297345177112
 20
40.38575285013624
 10
157.9297345177112
 20
40.38575285013624
 10
157.9235679237057
 20
40.45844391280654
 10
157.9050681416894
 20
40.52104418528611
 10
157.9050681416894
 20
40.52104418528611
 10
157.8744220381471
 20
40.574488
 10
157.831816479564
 20
40.61821475749319
 10
157.831816479564
 20
40.61821475749319
 10
157.776504
 20
40.65222445776567
 10
157.707737133515
 20
40.67651710081744
 10
157.707737133515
 20
40.67651710081744
 10
157.6262633460491
 20
40.6910926866485
 10
157.5313351716621
 20
40.69595121525886
 10
157.5313351716621
 20
40.69595121525886
 10
157.2301063978202
 20
40.69595121525886
 10
157.2301063978202
 20
39.60315601089918
 10
157.3676401307902
 20
39.60315601089918
 10
157.3676401307902
 20
40.0546254386921
  0
LWPOLYLINE
  5
636
330
1F
100
AcDbEntity
  8
TITLE_BLOCK
100
AcDbPolyline
 90
       28
 70
     1
 43
0.0
 10
157.3676401307902
 20
40.1712301253406
 10
157.3676401307902
 20
40.57710413079019
 10
157.5238605122616
 20
40.57710413079019
 10
157.5885163160763
 20
40.57411426702998
 10
157.6434550626703
 20
40.56514467574932
 10
157.6434550626703
 20
40.56514467574932
 10
157.6888636185286
 20
40.55019535694823
 10
157.7249288501363
 20
40.5292663106267
 10
157.7249288501363
 20
40.5292663106267
 10
157.7518376239782
 20
40.50198380381472
 10
157.7712717384196
 20
40.46797410354223
 10
157.7712717384196
 20
40.46797410354223
 10
157.7830443269755
 20
40.42705034332425
 10
157.7869685231608
 20
40.37902565667575
 10
157.7869685231608
 20
40.37902565667575
 10
157.7830443269755
 20
40.33062723705722
 10
157.7712717384196
 20
40.28858227792916
 10
157.7712717384196
 20
40.28858227792916
 10
157.7523982234333
 20
40.25289077929155
 10
157.7256763160763
 20
40.22355274114442
 10
157.7256763160763
 20
40.22355274114442
 10
157.6905454168937
 20
40.20056816348774
 10
157.6464449264305
 20
40.18393704632152
 10
157.6464449264305
 20
40.18393704632152
 10
157.5933748446867
 20
40.17440685558583
 10
157.5313351716621
 20
40.1712301253406
 10
157.5313351716621
 20
40.1712301253406
 10
157.3676401307902
 20
40.1712301253406
  0
LWPOLYLINE
  5
637
330
1F
100
AcDbEntity
  8
TITLE_BLOCK
100
AcDbPolyline
 90
        5
 70
     1
 43
0.0
 10
158.517242746594
 20
39.93503088828338
 10
159.2183657983651
 20
39.93503088828338
 10
159.2183657983651
 20
40.04416091553134
 10
158.517242746594
 20
40.04416091553134
 10
158.517242746594
 20
39.93503088828338
  0
LWPOLYLINE
  5
638
330
1F
100
AcDbEntity
  8
TITLE_BLOCK
100
AcDbPolyline
 90
        5
 70
     1
 43
0.0
 10
158.517242746594
 20
40.23999699182561
 10
159.2183657983651
 20
40.23999699182561
 10
159.2183657983651
 20
40.34837955313352
 10
158.517242746594
 20
40.34837955313352
 10
158.517242746594
 20
40.23999699182561
  0
LWPOLYLINE
  5
639
330
1F
100
AcDbEntity
  8
TITLE_BLOCK
100
AcDbPolyline
 90
       13
 70
     1
 43
0.0
 10
160.1953037820163
 20
40.20187622888284
 10
160.1953037820163
 20
40.51880178746594
 10
160.0854262888283
 20
40.51880178746594
 10
160.0854262888283
 20
40.20187622888284
 10
159.7804601852861
 20
40.20187622888284
 10
159.7804601852861
 20
40.09274620163488
 10
160.0854262888283
 20
40.09274620163488
 10
160.0854262888283
 20
39.77731557493188
 10
160.1953037820163
 20
39.77731557493188
 10
160.1953037820163
 20
40.09274620163488
 10
160.5002698855586
 20
40.09274620163488
 10
160.5002698855586
 20
40.20187622888284
 10
160.1953037820163
 20
40.20187622888284
  0
LWPOLYLINE
  5
63A
330
1F
100
AcDbEntity
  8
TITLE_BLOCK
100
AcDbPolyline
 90
        5
 70
     1
 43
0.0
 10
159.7804601852861
 20
39.60315601089918
 10
160.5002698855586
 20
39.60315601089918
 10
160.5002698855586
 20
39.71153857220708
 10
159.7804601852861
 20
39.71153857220708
 10
159.7804601852861
 20
39.60315601089918
  0
LWPOLYLINE
  5
63B
330
1F
100
AcDbEntity
  8
TITLE_BLOCK
100
AcDbPolyline
 90
       49
 70
     1
 43
0.0
 10
161.0690914659401
 20
40.47544876294278
 10
161.0733893950954
 20
40.42742407629428
 10
161.0862831825613
 20
40.38351045231608
 10
161.0862831825613
 20
40.38351045231608
 10
161.1077728283379
 20
40.34370789100817
 10
161.1378583324251
 20
40.30801639237058
 10
161.1378583324251
 20
40.30801639237058
 10
161.1741104305177
 20
40.27867835422344
 10
161.2140998583106
 20
40.25793617438692
 10
161.2140998583106
 20
40.25793617438692
 10
161.2576397493188
 20
40.24560298637602
 10
161.3045432370572
 20
40.24149192370572
 10
161.3045432370572
 20
40.24149192370572
 10
161.3520073242507
 20
40.24560298637602
 10
161.3957340817439
 20
40.25793617438692
 10
161.3957340817439
 20
40.25793617438692
 10
161.4357235095368
 20
40.27942582016349
 10
161.4719756076294
 20
40.30951132425069
 10
161.4719756076294
 20
40.30951132425069
 10
161.5020611117166
 20
40.34520282288828
 10
161.5235507574932
 20
40.38500538419618
 10
161.5235507574932
 20
40.38500538419618
 10
161.5364445449591
 20
40.42817154223433
 10
161.5407424741144
 20
40.47544876294278
 10
161.5407424741144
 20
40.47544876294278
 10
161.5364445449591
 20
40.52291285013624
 10
161.5235507574932
 20
40.56663960762943
 10
161.5235507574932
 20
40.56663960762943
 10
161.5020611117166
 20
40.60662903542234
 10
161.4719756076294
 20
40.64288113351499
 10
161.4719756076294
 20
40.64288113351499
 10
161.4357235095368
 20
40.67296663760218
 10
161.3957340817439
 20
40.69445628337875
 10
161.3957340817439
 20
40.69445628337875
 10
161.3520073242507
 20
40.70735007084469
 10
161.3045432370572
 20
40.711648
 10
161.3045432370572
 20
40.711648
 10
161.2570791498638
 20
40.70735007084469
 10
161.2133523923706
 20
40.69445628337875
 10
161.2133523923706
 20
40.69445628337875
 10
161.1739235640327
 20
40.6731535040872
 10
161.1378583324251
 20
40.64362859945504
 10
161.1378583324251
 20
40.64362859945504
 10
161.1077728283379
 20
40.60775023433243
 10
161.0862831825613
 20
40.56738707356948
 10
161.0862831825613
 20
40.56738707356948
 10
161.0733893950954
 20
40.52347344959128
 10
161.0690914659401
 20
40.47544876294278
 10
161.0690914659401
 20
40.47544876294278
  0
LWPOLYLINE
  5
63C
330
1F
100
AcDbEntity
  8
TITLE_BLOCK
100
AcDbPolyline
 90
       49
 70
     1
 43
0.0
 10
161.1610297765667
 20
40.47544876294278
 10
161.1636459073569
 20
40.50422620163488
 10
161.1714942997275
 20
40.53076124250681
 10
161.1714942997275
 20
40.53076124250681
 10
161.1847618201635
 20
40.55561448501363
 10
161.2036353351499
 20
40.57785159673025
 10
161.2036353351499
 20
40.57785159673025
 10
161.2256855803815
 20
40.59616451226158
 10
161.2499782234332
 20
40.60924516621254
 10
161.2499782234332
 20
40.60924516621254
 10
161.2770738637602
 20
40.61709355858311
 10
161.3060381689373
 20
40.6197096893733
 10
161.3060381689373
 20
40.6197096893733
 10
161.3348156076294
 20
40.61690669209809
 10
161.3613506485014
 20
40.60849770027248
 10
161.3613506485014
 20
40.60849770027248
 10
161.3856432915531
 20
40.59541704632153
 10
161.4076935367847
 20
40.57710413079019
 10
161.4076935367847
 20
40.57710413079019
 10
161.425445852861
 20
40.55505388555859
 10
161.438339640327
 20
40.53076124250681
 10
161.438339640327
 20
40.53076124250681
 10
161.4461880326975
 20
40.50422620163488
 10
161.4488041634877
 20
40.47544876294278
 10
161.4488041634877
 20
40.47544876294278
 10
161.4461880326975
 20
40.44723192370572
 10
161.438339640327
 20
40.4208837493188
 10
161.438339640327
 20
40.4208837493188
 10
161.425445852861
 20
40.39659110626703
 10
161.4076935367847
 20
40.37454086103542
 10
161.4076935367847
 20
40.37454086103542
 10
161.3856432915531
 20
40.35566734604905
 10
161.3613506485014
 20
40.34239982561308
 10
161.3613506485014
 20
40.34239982561308
 10
161.3348156076294
 20
40.33455143324251
 10
161.3060381689373
 20
40.33193530245232
 10
161.3060381689373
 20
40.33193530245232
 10
161.2772607302452
 20
40.33455143324251
 10
161.2507256893733
 20
40.34239982561308
 10
161.2507256893733
 20
40.34239982561308
 10
161.2262461798365
 20
40.35548047956404
 10
161.2036353351499
 20
40.37379339509537
 10
161.2036353351499
 20
40.37379339509537
 10
161.1847618201635
 20
40.39584364032698
 10
161.1714942997275
 20
40.42013628337875
 10
161.1714942997275
 20
40.42013628337875
 10
161.1636459073569
 20
40.44667132425068
 10
161.1610297765667
 20
40.47544876294278
 10
161.1610297765667
 20
40.47544876294278
  0
LWPOLYLINE
  5
63D
330
1F
100
AcDbEntity
  8
TITLE_BLOCK
100
AcDbPolyline
 90
      120
 70
     1
 43
0.0
 10
136.5212635422344
 20
34.20859465940055
 10
136.5192910626703
 20
34.2494457493188
 10
136.5133736239782
 20
34.28728621253406
 10
136.5035112261581
 20
34.32211604904632
 10
136.4897038692098
 20
34.35393525885559
 10
136.4897038692098
 20
34.35393525885559
 10
136.449423760218
 20
34.41165623978202
 10
136.3917027792916
 20
34.4619025613079
 10
136.3917027792916
 20
34.4619025613079
 10
136.354173760218
 20
34.48572803814714
 10
136.308028119891
 20
34.50986495912807
 10
136.2532658583106
 20
34.53431332425068
 10
136.1898869754768
 20
34.55907313351499
 10
136.1898869754768
 20
34.55907313351499
 10
136.1371491008175
 20
34.57926509536785
 10
136.0918858855586
 20
34.59831509536785
 10
136.0540973297003
 20
34.61622313351499
 10
136.0237834332425
 20
34.63298920980927
 10
136.0237834332425
 20
34.63298920980927
 10
135.9785202179837
 20
34.6670404359673
 10
135.9473758038147
 20
34.70441373297002
 10
135.9473758038147
 20
34.70441373297002
 10
135.9299349318801
 20
34.7492616893733
 10
135.9299349318801
 20
34.7492616893733
 10
135.9241213079019
 20
34.80407585831063
 10
135.9241213079019
 20
34.80407585831063
 10
135.9278586376022
 20
34.84331782016349
 10
135.939070626703
 20
34.87799193460491
 10
135.939070626703
 20
34.87799193460491
 10
135.9579649046321
 20
34.90872108991826
 10
135.9847491008175
 20
34.93446713896458
 10
135.9847491008175
 20
34.93446713896458
 10
136.0183850681199
 20
34.95481482288828
 10
136.0578346594006
 20
34.96934888283378
 10
136.0578346594006
 20
34.96934888283378
 10
136.1030978746594
 20
34.97806931880109
 10
136.1541747138965
 20
34.98097613079019
 10
136.1541747138965
 20
34.98097613079019
 10
136.222796239782
 20
34.97692735694823
 10
136.2941169482289
 20
34.96478103542234
 10
136.3681368392371
 20
34.94453716621253
 10
136.4448559128066
 20
34.9161957493188
 10
136.4448559128066
 20
34.9161957493188
 10
136.4921954223433
 20
35.04741754768393
 10
136.4139710354223
 20
35.07721237057221
 10
136.332113133515
 20
35.09849438692098
 10
136.2466217166213
 20
35.11126359673025
 10
136.1574967847411
 20
35.11552
 10
136.1574967847411
 20
35.11552
 10
136.074445013624
 20
35.11012163487739
 10
135.9996984196185
 20
35.09392653950954
 10
135.9996984196185
 20
35.09392653950954
 10
135.9334646321526
 20
35.06797286103542
 10
135.875951280654
 20
35.03163771117166
 10
135.875951280654
 20
35.03163771117166
 10
135.8294422888283
 20
34.98575160762943
 10
135.7962215803815
 20
34.93280610354223
 10
135.7962215803815
 20
34.93280610354223
 10
135.7762891553133
 20
34.87280119891008
 10
135.769645013624
 20
34.80573689373297
 10
135.769645013624
 20
34.80573689373297
 10
135.7740052316076
 20
34.74240991825613
 10
135.7870858855586
 20
34.68531182561308
 10
135.7870858855586
 20
34.68531182561308
 10
135.8099251226158
 20
34.63444261580381
 10
135.8419000544959
 20
34.58980228882834
 10
135.8419000544959
 20
34.58980228882834
 10
135.8840488283379
 20
34.54962599455041
 10
135.9382401089918
 20
34.51214888283379
 10
136.0044738964578
 20
34.47737095367847
 10
136.0827501907357
 20
34.44529220708447
 10
136.0827501907357
 20
34.44529220708447
 10
136.1383429700273
 20
34.42426972752044
 10
136.1863572752044
 20
34.40438920980927
 10
136.226793106267
 20
34.38565065395095
 10
136.2596504632153
 20
34.36805405994551
 10
136.2596504632153
 20
34.36805405994551
 10
136.3101044141689
 20
34.33275705722071
 10
136.3435327520436
 20
34.2949685013624
 10
136.3435327520436
 20
34.2949685013624
 10
136.3618041416894
 20
34.25012054495913
 10
136.3618041416894
 20
34.25012054495913
 10
136.3684482833787
 20
34.1953063760218
 10
136.3684482833787
 20
34.1953063760218
 10
136.3640880653951
 20
34.15191182561308
 10
136.3510074114442
 20
34.11308512261581
 10
136.3510074114442
 20
34.11308512261581
 10
136.3294139509537
 20
34.07986441416894
 10
136.2995153133515
 20
34.0516268119891
 10
136.2995153133515
 20
34.0516268119891
 10
136.2604809809264
 20
34.02837231607629
 10
136.2131414713897
 20
34.01176196185286
 10
136.2131414713897
 20
34.01176196185286
 10
136.1581196730245
 20
34.00241863760218
 10
136.0943774386921
 20
33.99930419618529
 10
136.0943774386921
 20
33.99930419618529
 10
136.0115332970027
 20
34.00407967302453
 10
135.9224602724796
 20
34.01840610354223
 10
135.9224602724796
 20
34.01840610354223
 10
135.8346330245232
 20
34.04103771117166
 10
135.7538651771117
 20
34.07072871934605
 10
135.7538651771117
 20
34.07072871934605
 10
135.7538651771117
 20
33.92455760217984
 10
135.8189570027248
 20
33.89948634877384
 10
135.8962989645777
 20
33.8815783106267
 10
135.9858910626703
 20
33.87083348773842
 10
136.0877332970027
 20
33.867251880109
 10
136.0877332970027
 20
33.867251880109
 10
136.1842809809264
 20
33.8728578746594
 10
136.2696166757493
 20
33.88967585831062
 10
136.2696166757493
 20
33.88967585831062
 10
136.3437403814714
 20
33.91853634877384
 10
136.4066520980926
 20
33.95860882833787
 10
136.4066520980926
 20
33.95860882833787
 10
136.4566907901907
 20
34.00843989100817
 10
136.4921954223433
 20
34.06657613079019
 10
136.4921954223433
 20
34.06657613079019
 10
136.5139965122616
 20
34.13322517711172
 10
136.5212635422344
 20
34.20859465940055
 10
136.5212635422344
 20
34.20859465940055
  0
LWPOLYLINE
  5
63E
330
1F
100
AcDbEntity
  8
TITLE_BLOCK
100
AcDbPolyline
 90
       55
 70
     1
 43
0.0
 10
137.6898019618529
 20
35.09807912806539
 10
137.5378172207084
 20
35.09807912806539
 10
137.5378172207084
 20
34.312409373297
 10
137.5326264850136
 20
34.24056959128065
 10
137.5170542779292
 20
34.17786550408719
 10
137.5170542779292
 20
34.17786550408719
 10
137.4919311171662
 20
34.12429711171662
 10
137.4564264850136
 20
34.07986441416894
 10
137.4564264850136
 20
34.07986441416894
 10
137.4115785286104
 20
34.04435978201635
 10
137.3584253950954
 20
34.01923662125341
 10
137.3584253950954
 20
34.01923662125341
 10
137.2961365667575
 20
34.00428730245232
 10
137.2255425613079
 20
33.99930419618529
 10
137.2255425613079
 20
33.99930419618529
 10
137.1507959673025
 20
34.00428730245232
 10
137.0860155858311
 20
34.01923662125341
 10
137.0860155858311
 20
34.01923662125341
 10
137.0312014168937
 20
34.04498267029973
 10
136.9863534604904
 20
34.08069493188011
 10
136.9863534604904
 20
34.08069493188011
 10
136.9514717166213
 20
34.12554288828338
 10
136.9265561852861
 20
34.17869602179837
 10
136.9265561852861
 20
34.17869602179837
 10
136.9122297547684
 20
34.24036196185286
 10
136.9074542779292
 20
34.31074833787466
 10
136.9074542779292
 20
34.31074833787466
 10
136.9074542779292
 20
35.09807912806539
 10
136.7538085013624
 20
35.09807912806539
 10
136.7538085013624
 20
34.31573144414169
 10
136.7612831607629
 20
34.21669220708447
 10
136.7837071389646
 20
34.12886495912807
 10
136.7837071389646
 20
34.12886495912807
 10
136.8219109536785
 20
34.05224970027248
 10
136.8750640871935
 20
33.98684643051772
 10
136.8750640871935
 20
33.98684643051772
 10
136.941713133515
 20
33.9345238147139
 10
137.0204046866485
 20
33.89715051771118
 10
137.0204046866485
 20
33.89715051771118
 10
137.112176893733
 20
33.87472653950954
 10
137.216406866485
 20
33.867251880109
 10
137.216406866485
 20
33.867251880109
 10
137.3214673569482
 20
33.87451891008175
 10
137.4140700817439
 20
33.89632
 10
137.4140700817439
 20
33.89632
 10
137.4952531880109
 20
33.93369329700273
 10
137.5643937874659
 20
33.98601591280654
 10
137.5643937874659
 20
33.98601591280654
 10
137.6190003269755
 20
34.05058866485014
 10
137.6582422888283
 20
34.12637340599455
 10
137.6582422888283
 20
34.12637340599455
 10
137.6819120435967
 20
34.21399302452316
 10
137.6898019618529
 20
34.312409373297
 10
137.6898019618529
 20
34.312409373297
 10
137.6898019618529
 20
35.09807912806539
  0
LWPOLYLINE
  5
63F
330
1F
100
AcDbEntity
  8
TITLE_BLOCK
100
AcDbPolyline
 90
       33
 70
     1
 43
0.0
 10
138.1623665395095
 20
34.38549493188011
 10
138.4040471934605
 20
34.38549493188011
 10
138.6980504632153
 20
33.88386223433243
 10
138.8766117711172
 20
33.88386223433243
 10
138.5435741689373
 20
34.42785133514987
 10
138.6002570027248
 20
34.45110583106267
 10
138.6490499182561
 20
34.47934343324251
 10
138.6490499182561
 20
34.47934343324251
 10
138.6909910626703
 20
34.51256414168937
 10
138.7254575476839
 20
34.55076795640327
 10
138.7254575476839
 20
34.55076795640327
 10
138.7522417438692
 20
34.5939548773842
 10
138.7711360217984
 20
34.64212490463215
 10
138.7711360217984
 20
34.64212490463215
 10
138.7829708991826
 20
34.69527803814714
 10
138.7869158583106
 20
34.75341427792915
 10
138.7869158583106
 20
34.75341427792915
 10
138.7800640871935
 20
34.8341821253406
 10
138.759508773842
 20
34.90373798365123
 10
138.759508773842
 20
34.90373798365123
 10
138.7254575476839
 20
34.96312
 10
138.6781180381471
 20
35.01170528610354
 10
138.6781180381471
 20
35.01170528610354
 10
138.6166597275204
 20
35.04949384196185
 10
138.5402520980927
 20
35.07648566757494
 10
138.5402520980927
 20
35.07648566757494
 10
138.4497256675749
 20
35.09268076294278
 10
138.3442499182561
 20
35.09807912806539
 10
138.3442499182561
 20
35.09807912806539
 10
138.009551280654
 20
35.09807912806539
 10
138.009551280654
 20
33.88386223433243
 10
138.1623665395095
 20
33.88386223433243
 10
138.1623665395095
 20
34.38549493188011
  0
LWPOLYLINE
  5
640
330
1F
100
AcDbEntity
  8
TITLE_BLOCK
100
AcDbPolyline
 90
       28
 70
     1
 43
0.0
 10
138.1623665395095
 20
34.51505569482289
 10
138.1623665395095
 20
34.9660268119891
 10
138.3359447411444
 20
34.9660268119891
 10
138.4077845231608
 20
34.96270474114441
 10
138.4688275749319
 20
34.95273852861035
 10
138.4688275749319
 20
34.95273852861035
 10
138.5192815258856
 20
34.93612817438692
 10
138.5593540054496
 20
34.91287367847411
 10
138.5593540054496
 20
34.91287367847411
 10
138.5892526430518
 20
34.88255978201635
 10
138.6108461035423
 20
34.84477122615804
 10
138.6108461035423
 20
34.84477122615804
 10
138.6239267574932
 20
34.79930038147139
 10
138.6282869754768
 20
34.74593961852861
 10
138.6282869754768
 20
34.74593961852861
 10
138.6239267574932
 20
34.69216359673025
 10
138.6108461035423
 20
34.64544697547684
 10
138.6108461035423
 20
34.64544697547684
 10
138.5898755313352
 20
34.6057897547684
 10
138.5601845231608
 20
34.57319193460491
 10
138.5601845231608
 20
34.57319193460491
 10
138.5211501907357
 20
34.54765351498638
 10
138.4721496457766
 20
34.52917449591281
 10
138.4721496457766
 20
34.52917449591281
 10
138.4131828882834
 20
34.51858539509537
 10
138.3442499182561
 20
34.51505569482289
 10
138.3442499182561
 20
34.51505569482289
 10
138.1623665395095
 20
34.51505569482289
  0
LWPOLYLINE
  5
641
330
1F
100
AcDbEntity
  8
TITLE_BLOCK
100
AcDbPolyline
 90
       11
 70
     1
 43
0.0
 10
139.2204461035423
 20
33.88386223433243
 10
139.2204461035423
 20
34.39961373297002
 10
139.7137736239782
 20
34.39961373297002
 10
139.7137736239782
 20
34.53332708446867
 10
139.2204461035423
 20
34.53332708446867
 10
139.2204461035423
 20
34.96353525885559
 10
139.7461638147139
 20
34.96353525885559
 10
139.7461638147139
 20
35.09807912806539
 10
139.0676308446867
 20
35.09807912806539
 10
139.0676308446867
 20
33.88386223433243
 10
139.2204461035423
 20
33.88386223433243
  0
LWPOLYLINE
  5
642
330
1F
100
AcDbEntity
  8
TITLE_BLOCK
100
AcDbPolyline
 90
        9
 70
     1
 43
0.0
 10
140.7120559128066
 20
33.88386223433243
 10
140.8706847956403
 20
33.88386223433243
 10
140.3972897002725
 20
35.10306223433243
 10
140.259423760218
 20
35.10306223433243
 10
139.785198147139
 20
33.88386223433243
 10
139.9396744414169
 20
33.88386223433243
 10
140.0841845231608
 20
34.26008675749319
 10
140.5658847956403
 20
34.26008675749319
 10
140.7120559128066
 20
33.88386223433243
  0
LWPOLYLINE
  5
643
330
1F
100
AcDbEntity
  8
TITLE_BLOCK
100
AcDbPolyline
 90
        8
 70
     1
 43
0.0
 10
140.5202063215259
 20
34.39546114441417
 10
140.1356766212534
 20
34.39546114441417
 10
140.2735425613079
 20
34.76338049046321
 10
140.3003267574932
 20
34.84996196185286
 10
140.3258651771117
 20
34.94526386920981
 10
140.3258651771117
 20
34.94526386920981
 10
140.3840014168937
 20
34.76338049046321
 10
140.5202063215259
 20
34.39546114441417
  0
LWPOLYLINE
  5
644
330
1F
100
AcDbEntity
  8
TITLE_BLOCK
100
AcDbPolyline
 90
       90
 70
     1
 43
0.0
 10
141.5575229427793
 20
34.98097613079019
 10
141.6236529155314
 20
34.97682354223434
 10
141.6916515531335
 20
34.96436577656676
 10
141.7615188555858
 20
34.94360283378747
 10
141.8332548228883
 20
34.91453471389646
 10
141.8332548228883
 20
34.91453471389646
 10
141.894713133515
 20
35.04409547683924
 10
141.8201741689373
 20
35.07534370572207
 10
141.7394063215259
 20
35.09766386920981
 10
141.6524095912807
 20
35.11105596730246
 10
141.5591839782017
 20
35.11552
 10
141.5591839782017
 20
35.11552
 10
141.4723948773842
 20
35.11074452316076
 10
141.391419400545
 20
35.09641809264306
 10
141.316257547684
 20
35.07254070844687
 10
141.2469093188011
 20
35.03911237057221
 10
141.2469093188011
 20
35.03911237057221
 10
141.1844128610354
 20
34.99675596730246
 10
141.1298063215259
 20
34.94609438692098
 10
141.1298063215259
 20
34.94609438692098
 10
141.0837125885559
 20
34.88795814713897
 10
141.0450935149864
 20
34.82151673024524
 10
141.0450935149864
 20
34.82151673024524
 10
141.0149353405995
 20
34.74801591280654
 10
140.993393787466
 20
34.66870147138965
 10
140.9804688555859
 20
34.58357340599455
 10
140.9761605449592
 20
34.49263171662125
 10
140.9761605449592
 20
34.49263171662125
 10
140.9783925613079
 20
34.41996141689373
 10
140.9850886103542
 20
34.35144370572207
 10
140.9962486920981
 20
34.28707858310626
 10
141.0118728065395
 20
34.22686604904632
 10
141.0118728065395
 20
34.22686604904632
 10
141.0323762125341
 20
34.17127326975477
 10
141.0573436512262
 20
34.11993689373297
 10
141.0867751226158
 20
34.07285692098093
 10
141.120670626703
 20
34.03003335149864
 10
141.120670626703
 20
34.03003335149864
 10
141.158770626703
 20
33.99188144414169
 10
141.2008155858311
 20
33.95881645776567
 10
141.2468055040872
 20
33.93083839237057
 10
141.2967403814714
 20
33.90794724795641
 10
141.2967403814714
 20
33.90794724795641
 10
141.3502049591281
 20
33.89014302452316
 10
141.4076144959128
 20
33.87742572207085
 10
141.4689689918256
 20
33.86979534059945
 10
141.5342684468665
 20
33.867251880109
 10
141.5342684468665
 20
33.867251880109
 10
141.6218880653951
 20
33.8699510626703
 10
141.6987109536785
 20
33.87804861035423
 10
141.6987109536785
 20
33.87804861035423
 10
141.7715888828338
 20
33.89258267029973
 10
141.8473736239782
 20
33.91625242506812
 10
141.8473736239782
 20
33.91625242506812
 10
141.8473736239782
 20
34.04913525885559
 10
141.76842253406
 20
34.02806087193461
 10
141.6935202179837
 20
34.01300773841962
 10
141.6226666757493
 20
34.00397585831062
 10
141.555861907357
 20
34.00096523160763
 10
141.555861907357
 20
34.00096523160763
 10
141.4609752588556
 20
34.00885514986376
 10
141.3773005994551
 20
34.03252490463215
 10
141.3773005994551
 20
34.03252490463215
 10
141.3401349318801
 20
34.05032912806539
 10
141.3058760762943
 20
34.0721821253406
 10
141.2745240326976
 20
34.09808389645777
 10
141.2460788010899
 20
34.12803444141689
 10
141.2460788010899
 20
34.12803444141689
 10
141.1981164032698
 20
34.19862844686649
 10
141.163857547684
 20
34.28251073569482
 10
141.163857547684
 20
34.28251073569482
 10
141.1439251226158
 20
34.3798889373297
 10
141.1372809809264
 20
34.49097068119891
 10
141.1372809809264
 20
34.49097068119891
 10
141.1441327520436
 20
34.59873035422343
 10
141.1646880653951
 20
34.69444752043596
 10
141.1646880653951
 20
34.69444752043596
 10
141.1999850681199
 20
34.77812217983652
 10
141.2494008719346
 20
34.84975433242507
 10
141.2494008719346
 20
34.84975433242507
 10
141.2785728065395
 20
34.88048348773842
 10
141.3104439237057
 20
34.90706005449591
 10
141.3450142234333
 20
34.92948403269755
 10
141.3822837057221
 20
34.94775542234333
 10
141.3822837057221
 20
34.94775542234333
 10
141.4222004632153
 20
34.96228948228883
 10
141.4647125885559
 20
34.97267095367847
 10
141.5098200817439
 20
34.97889983651226
 10
141.5575229427793
 20
34.98097613079019
 10
141.5575229427793
 20
34.98097613079019
  0
LWPOLYLINE
  5
645
330
1F
100
AcDbEntity
  8
TITLE_BLOCK
100
AcDbPolyline
 90
       13
 70
     1
 43
0.0
 10
142.7908417438692
 20
33.88386223433243
 10
142.7908417438692
 20
34.01840610354223
 10
142.2651240326976
 20
34.01840610354223
 10
142.2651240326976
 20
34.45193634877384
 10
142.7601125885559
 20
34.45193634877384
 10
142.7601125885559
 20
34.58481918256131
 10
142.2651240326976
 20
34.58481918256131
 10
142.2651240326976
 20
34.96353525885559
 10
142.7908417438692
 20
34.96353525885559
 10
142.7908417438692
 20
35.09807912806539
 10
142.112308773842
 20
35.09807912806539
 10
142.112308773842
 20
33.88386223433243
 10
142.7908417438692
 20
33.88386223433243
  0
LWPOLYLINE
  5
646
330
1F
100
AcDbEntity
  8
TITLE_BLOCK
100
AcDbPolyline
 90
       11
 70
     1
 43
0.0
 10
143.6529191280654
 20
33.88386223433243
 10
143.6529191280654
 20
34.39961373297002
 10
144.1462466485014
 20
34.39961373297002
 10
144.1462466485014
 20
34.53332708446867
 10
143.6529191280654
 20
34.53332708446867
 10
143.6529191280654
 20
34.96353525885559
 10
144.1786368392371
 20
34.96353525885559
 10
144.1786368392371
 20
35.09807912806539
 10
143.5001038692099
 20
35.09807912806539
 10
143.5001038692099
 20
33.88386223433243
 10
143.6529191280654
 20
33.88386223433243
  0
LWPOLYLINE
  5
647
330
1F
100
AcDbEntity
  8
TITLE_BLOCK
100
AcDbPolyline
 90
       13
 70
     1
 43
0.0
 10
144.7242869754769
 20
33.88386223433243
 10
144.7242869754769
 20
33.97189711171662
 10
144.5814379291554
 20
34.00428730245232
 10
144.5814379291554
 20
34.97599302452316
 10
144.7242869754769
 20
35.0100442506812
 10
144.7242869754769
 20
35.09807912806539
 10
144.2857736239782
 20
35.09807912806539
 10
144.2857736239782
 20
35.0100442506812
 10
144.4286226702997
 20
34.97599302452316
 10
144.4286226702997
 20
34.00428730245232
 10
144.2857736239782
 20
33.97189711171662
 10
144.2857736239782
 20
33.88386223433243
 10
144.7242869754769
 20
33.88386223433243
  0
LWPOLYLINE
  5
648
330
1F
100
AcDbEntity
  8
TITLE_BLOCK
100
AcDbPolyline
 90
       31
 70
     1
 43
0.0
 10
145.9218935149864
 20
33.88386223433243
 10
145.9218935149864
 20
35.09807912806539
 10
145.7790444686649
 20
35.09807912806539
 10
145.7790444686649
 20
34.41290201634877
 10
145.7793559128066
 20
34.38123852861035
 10
145.7802902452316
 20
34.34106223433243
 10
145.7818474659401
 20
34.29237313351499
 10
145.7840275749319
 20
34.23517122615804
 10
145.7840275749319
 20
34.23517122615804
 10
145.7863114986376
 20
34.18051277929155
 10
145.7881801634878
 20
34.13862354223433
 10
145.7896335694823
 20
34.10950351498638
 10
145.7906717166213
 20
34.09315269754769
 10
145.7906717166213
 20
34.09315269754769
 10
145.7840275749319
 20
34.09315269754769
 10
145.5722455585831
 20
34.42286822888283
 10
145.1735970572207
 20
35.03911237057221
 10
145.136223760218
 20
35.09807912806539
 10
144.9593234877385
 20
35.09807912806539
 10
144.9593234877385
 20
33.88386223433243
 10
145.1005114986376
 20
33.88386223433243
 10
145.1005114986376
 20
34.56239520435967
 10
145.0998886103543
 20
34.62053144414169
 10
145.0980199455041
 20
34.68365079019074
 10
145.0949055040872
 20
34.75175324250682
 10
145.0905452861036
 20
34.82483880108992
 10
145.0905452861036
 20
34.82483880108992
 10
145.0863926975477
 20
34.89211073569482
 10
145.0930368392371
 20
34.89211073569482
 10
145.7433322070845
 20
33.88386223433243
 10
145.9218935149864
 20
33.88386223433243
  0
LWPOLYLINE
  5
649
330
1F
100
AcDbEntity
  8
TITLE_BLOCK
100
AcDbPolyline
 90
       13
 70
     1
 43
0.0
 10
146.5929518256131
 20
33.88386223433243
 10
146.5929518256131
 20
33.97189711171662
 10
146.4501027792916
 20
34.00428730245232
 10
146.4501027792916
 20
34.97599302452316
 10
146.5929518256131
 20
35.0100442506812
 10
146.5929518256131
 20
35.09807912806539
 10
146.1544384741145
 20
35.09807912806539
 10
146.1544384741145
 20
35.0100442506812
 10
146.297287520436
 20
34.97599302452316
 10
146.297287520436
 20
34.00428730245232
 10
146.1544384741145
 20
33.97189711171662
 10
146.1544384741145
 20
33.88386223433243
 10
146.5929518256131
 20
33.88386223433243
  0
LWPOLYLINE
  5
64A
330
1F
100
AcDbEntity
  8
TITLE_BLOCK
100
AcDbPolyline
 90
      120
 70
     1
 43
0.0
 10
147.516487520436
 20
34.20859465940055
 10
147.514515040872
 20
34.2494457493188
 10
147.5085976021799
 20
34.28728621253406
 10
147.4987352043597
 20
34.32211604904632
 10
147.4849278474115
 20
34.35393525885559
 10
147.4849278474115
 20
34.35393525885559
 10
147.4446477384197
 20
34.41165623978202
 10
147.3869267574932
 20
34.4619025613079
 10
147.3869267574932
 20
34.4619025613079
 10
147.3493977384197
 20
34.48572803814714
 10
147.3032520980927
 20
34.50986495912807
 10
147.2484898365123
 20
34.53431332425068
 10
147.1851109536785
 20
34.55907313351499
 10
147.1851109536785
 20
34.55907313351499
 10
147.1323730790191
 20
34.57926509536785
 10
147.0871098637602
 20
34.59831509536785
 10
147.0493213079019
 20
34.61622313351499
 10
147.0190074114442
 20
34.63298920980927
 10
147.0190074114442
 20
34.63298920980927
 10
146.9737441961853
 20
34.6670404359673
 10
146.9425997820164
 20
34.70441373297002
 10
146.9425997820164
 20
34.70441373297002
 10
146.9251589100818
 20
34.7492616893733
 10
146.9251589100818
 20
34.7492616893733
 10
146.9193452861036
 20
34.80407585831063
 10
146.9193452861036
 20
34.80407585831063
 10
146.9230826158038
 20
34.84331782016349
 10
146.9342946049047
 20
34.87799193460491
 10
146.9342946049047
 20
34.87799193460491
 10
146.9531888828338
 20
34.90872108991826
 10
146.9799730790191
 20
34.93446713896458
 10
146.9799730790191
 20
34.93446713896458
 10
147.0136090463216
 20
34.95481482288828
 10
147.0530586376022
 20
34.96934888283378
 10
147.0530586376022
 20
34.96934888283378
 10
147.0983218528611
 20
34.97806931880109
 10
147.1493986920981
 20
34.98097613079019
 10
147.1493986920981
 20
34.98097613079019
 10
147.2180202179837
 20
34.97692735694823
 10
147.2893409264306
 20
34.96478103542234
 10
147.3633608174387
 20
34.94453716621253
 10
147.4400798910082
 20
34.9161957493188
 10
147.4400798910082
 20
34.9161957493188
 10
147.487419400545
 20
35.04741754768393
 10
147.409195013624
 20
35.07721237057221
 10
147.3273371117166
 20
35.09849438692098
 10
147.2418456948229
 20
35.11126359673025
 10
147.1527207629428
 20
35.11552
 10
147.1527207629428
 20
35.11552
 10
147.0696689918256
 20
35.11012163487739
 10
146.9949223978202
 20
35.09392653950954
 10
146.9949223978202
 20
35.09392653950954
 10
146.9286886103543
 20
35.06797286103542
 10
146.8711752588556
 20
35.03163771117166
 10
146.8711752588556
 20
35.03163771117166
 10
146.82466626703
 20
34.98575160762943
 10
146.7914455585831
 20
34.93280610354223
 10
146.7914455585831
 20
34.93280610354223
 10
146.771513133515
 20
34.87280119891008
 10
146.7648689918256
 20
34.80573689373297
 10
146.7648689918256
 20
34.80573689373297
 10
146.7692292098093
 20
34.74240991825613
 10
146.7823098637602
 20
34.68531182561308
 10
146.7823098637602
 20
34.68531182561308
 10
146.8051491008175
 20
34.63444261580381
 10
146.8371240326976
 20
34.58980228882834
 10
146.8371240326976
 20
34.58980228882834
 10
146.8792728065395
 20
34.54962599455041
 10
146.9334640871935
 20
34.51214888283379
 10
146.9996978746594
 20
34.47737095367847
 10
147.0779741689374
 20
34.44529220708447
 10
147.0779741689374
 20
34.44529220708447
 10
147.1335669482289
 20
34.42426972752044
 10
147.181581253406
 20
34.40438920980927
 10
147.2220170844687
 20
34.38565065395095
 10
147.2548744414169
 20
34.36805405994551
 10
147.2548744414169
 20
34.36805405994551
 10
147.3053283923706
 20
34.33275705722071
 10
147.3387567302453
 20
34.2949685013624
 10
147.3387567302453
 20
34.2949685013624
 10
147.3570281198911
 20
34.25012054495913
 10
147.3570281198911
 20
34.25012054495913
 10
147.3636722615804
 20
34.1953063760218
 10
147.3636722615804
 20
34.1953063760218
 10
147.3593120435968
 20
34.15191182561308
 10
147.3462313896458
 20
34.11308512261581
 10
147.3462313896458
 20
34.11308512261581
 10
147.3246379291554
 20
34.07986441416894
 10
147.2947392915532
 20
34.0516268119891
 10
147.2947392915532
 20
34.0516268119891
 10
147.2557049591281
 20
34.02837231607629
 10
147.2083654495913
 20
34.01176196185286
 10
147.2083654495913
 20
34.01176196185286
 10
147.1533436512262
 20
34.00241863760218
 10
147.0896014168938
 20
33.99930419618529
 10
147.0896014168938
 20
33.99930419618529
 10
147.0067572752044
 20
34.00407967302453
 10
146.9176842506812
 20
34.01840610354223
 10
146.9176842506812
 20
34.01840610354223
 10
146.8298570027248
 20
34.04103771117166
 10
146.7490891553134
 20
34.07072871934605
 10
146.7490891553134
 20
34.07072871934605
 10
146.7490891553134
 20
33.92455760217984
 10
146.8141809809265
 20
33.89948634877384
 10
146.8915229427793
 20
33.8815783106267
 10
146.981115040872
 20
33.87083348773842
 10
147.0829572752044
 20
33.867251880109
 10
147.0829572752044
 20
33.867251880109
 10
147.1795049591281
 20
33.8728578746594
 10
147.264840653951
 20
33.88967585831062
 10
147.264840653951
 20
33.88967585831062
 10
147.3389643596731
 20
33.91853634877384
 10
147.4018760762943
 20
33.95860882833787
 10
147.4018760762943
 20
33.95860882833787
 10
147.4519147683924
 20
34.00843989100817
 10
147.487419400545
 20
34.06657613079019
 10
147.487419400545
 20
34.06657613079019
 10
147.5092204904633
 20
34.13322517711172
 10
147.516487520436
 20
34.20859465940055
 10
147.516487520436
 20
34.20859465940055
  0
LWPOLYLINE
  5
64B
330
1F
100
AcDbEntity
  8
TITLE_BLOCK
100
AcDbPolyline
 90
       13
 70
     1
 43
0.0
 10
148.6900090463216
 20
33.88386223433243
 10
148.6900090463216
 20
35.09807912806539
 10
148.537193787466
 20
35.09807912806539
 10
148.537193787466
 20
34.58481918256131
 10
147.9143055040872
 20
34.58481918256131
 10
147.9143055040872
 20
35.09807912806539
 10
147.7614902452316
 20
35.09807912806539
 10
147.7614902452316
 20
33.88386223433243
 10
147.9143055040872
 20
33.88386223433243
 10
147.9143055040872
 20
34.4502753133515
 10
148.537193787466
 20
34.4502753133515
 10
148.537193787466
 20
33.88386223433243
 10
148.6900090463216
 20
33.88386223433243
  0
LWPOLYLINE
  5
64C
330
1F
100
AcDbEntity
  8
TITLE_BLOCK
100
AcDbPolyline
 90
       44
 70
     1
 43
0.0
 10
138.4742259400545
 20
28.04377796185286
 10
138.4709869209809
 20
28.13345830245231
 10
138.4612698637602
 20
28.21787523705722
 10
138.4450747683924
 20
28.29702876566757
 10
138.4224016348774
 20
28.37091888828338
 10
138.4224016348774
 20
28.37091888828338
 10
138.3937902997275
 20
28.43961308446866
 10
138.3587009264305
 20
28.50317883378746
 10
138.3171335149864
 20
28.56161613623978
 10
138.2690880653951
 20
28.61492499182561
 10
138.2690880653951
 20
28.61492499182561
 10
138.215239373297
 20
28.66249808446866
 10
138.1562622343324
 20
28.70372809809264
 10
138.0921566485014
 20
28.73861503269755
 10
138.0229226158038
 20
28.76715888828338
 10
138.0229226158038
 20
28.76715888828338
 10
137.9486276158038
 20
28.78935966485013
 10
137.8693391280654
 20
28.80521736239782
 10
137.7850571525886
 20
28.81473198092643
 10
137.6957816893733
 20
28.81790352043597
 10
137.6957816893733
 20
28.81790352043597
 10
137.2099288283379
 20
28.81790352043597
 10
137.2099288283379
 20
27.2394215585831
 10
137.6493557493188
 20
27.2394215585831
 10
137.7458515258856
 20
27.24259309809264
 10
137.8366790190736
 20
27.25210771662125
 10
137.9218382288828
 20
27.26796541416893
 10
138.0013291553134
 20
27.29016619073569
 10
138.0013291553134
 20
27.29016619073569
 10
138.0746119618529
 20
27.31931736239782
 10
138.1422264850136
 20
27.35494657220708
 10
138.2041727247957
 20
27.39705382016349
 10
138.2604506811989
 20
27.44563910626703
 10
138.2604506811989
 20
27.44563910626703
 10
138.3105205177112
 20
27.50029755313351
 10
138.3538423978202
 20
27.56062428337874
 10
138.3904163215259
 20
27.62661929700272
 10
138.4202422888283
 20
27.69828259400545
 10
138.4202422888283
 20
27.69828259400545
 10
138.4438601362398
 20
27.77615401089918
 10
138.460730027248
 20
27.85969371117166
 10
138.4708519618529
 20
27.94890169482289
 10
138.4742259400545
 20
28.04377796185286
 10
138.4742259400545
 20
28.04377796185286
  0
LWPOLYLINE
  5
64D
330
1F
100
AcDbEntity
  8
TITLE_BLOCK
100
AcDbPolyline
 90
       44
 70
     1
 43
0.0
 10
138.264769373297
 20
28.03729992370572
 10
138.2622051498638
 20
27.96098053678474
 10
138.254512479564
 20
27.88965463760218
 10
138.2416913623978
 20
27.82332222615803
 10
138.2237417983651
 20
27.76198330245231
 10
138.2237417983651
 20
27.76198330245231
 10
138.2012711035422
 20
27.70563786648501
 10
138.1738069209809
 20
27.65428591825613
 10
138.1413492506812
 20
27.60792745776567
 10
138.103898092643
 20
27.56656248501362
 10
138.103898092643
 20
27.56656248501362
 10
138.0613859673024
 20
27.52965116348773
 10
138.0137453950954
 20
27.49773332970027
 10
137.9609763760218
 20
27.47080898365122
 10
137.9030789100817
 20
27.4488781253406
 10
137.9030789100817
 20
27.4488781253406
 10
137.8406603133515
 20
27.43187327520436
 10
137.7732482288828
 20
27.41972695367847
 10
137.7008426566757
 20
27.41243916076294
 10
137.6234435967303
 20
27.41000989645776
 10
137.6234435967303
 20
27.41000989645776
 10
137.4085886648501
 20
27.41000989645776
 10
137.4085886648501
 20
28.64839485558583
 10
137.6677101907357
 20
28.64839485558583
 10
137.7403182016349
 20
28.64596559128065
 10
137.8080676839237
 20
28.63867779836512
 10
137.8709586376022
 20
28.62653147683923
 10
137.9289910626703
 20
28.60952662670299
 10
137.9289910626703
 20
28.60952662670299
 10
137.9827722752044
 20
28.5876632479564
 10
138.0318299182561
 20
28.56094134059945
 10
138.0761639918256
 20
28.52936090463215
 10
138.1157744959128
 20
28.49292194005449
 10
138.1157744959128
 20
28.49292194005449
 10
138.1506614305177
 20
28.45182688555858
 10
138.1808247956403
 20
28.40627817983651
 10
138.2062645912806
 20
28.35627582288828
 10
138.2269808174387
 20
28.30181981471389
 10
138.2269808174387
 20
28.30181981471389
 10
138.2435133106267
 20
28.24237031880109
 10
138.2553222343324
 20
28.17846717166212
 10
138.2624075885559
 20
28.110110373297
 10
138.264769373297
 20
28.03729992370572
 10
138.264769373297
 20
28.03729992370572
  0
LWPOLYLINE
  5
64E
330
1F
100
AcDbEntity
  8
TITLE_BLOCK
100
AcDbPolyline
 90
       81
 70
     1
 43
0.0
 10
140.2017027792916
 20
28.03082188555858
 10
140.1986661989101
 20
28.12326888828338
 10
140.1895564577657
 20
28.21058744414169
 10
140.1743735558583
 20
28.29277755313351
 10
140.153117493188
 20
28.36983921525885
 10
140.153117493188
 20
28.36983921525885
 10
140.1263955858311
 20
28.44177243051771
 10
140.0937354768392
 20
28.50857719891008
 10
140.0551371662125
 20
28.57025352043597
 10
140.010600653951
 20
28.62680139509537
 10
140.010600653951
 20
28.62680139509537
 10
139.9601934196185
 20
28.67741106811989
 10
139.9050626158038
 20
28.72127278474114
 10
139.8452082425068
 20
28.75838654495913
 10
139.7806302997275
 20
28.78875234877384
 10
139.7806302997275
 20
28.78875234877384
 10
139.7118011444142
 20
28.81237019618528
 10
139.6381134604905
 20
28.82924008719346
 10
139.5595672479564
 20
28.83936202179836
 10
139.476162506812
 20
28.842736
 10
139.476162506812
 20
28.842736
 10
139.3901935422343
 20
28.83936202179836
 10
139.3093530245232
 20
28.82924008719346
 10
139.2336409536785
 20
28.81237019618528
 10
139.1630573297003
 20
28.78875234877384
 10
139.1630573297003
 20
28.78875234877384
 10
139.0980745095368
 20
28.75899386103542
 10
139.0380851771117
 20
28.7226223760218
 10
138.9830893324251
 20
28.67963789373297
 10
138.9330869754768
 20
28.63004041416893
 10
138.9330869754768
 20
28.63004041416893
 10
138.8885504632153
 20
28.57436977384196
 10
138.8499521525886
 20
28.5131658092643
 10
138.8172920435968
 20
28.44642852043597
 10
138.7905701362398
 20
28.37415790735695
 10
138.7905701362398
 20
28.37415790735695
 10
138.7702587874659
 20
28.29696128610354
 10
138.7557506811989
 20
28.21436629972752
 10
138.7470458174387
 20
28.12637294822888
 10
138.7441441961853
 20
28.03298123160763
 10
138.7441441961853
 20
28.03298123160763
 10
138.7471132970027
 20
27.93850984196185
 10
138.756020599455
 20
27.84943681743869
 10
138.7708661035422
 20
27.76576215803814
 10
138.7916498092643
 20
27.68748586376022
 10
138.7916498092643
 20
27.68748586376022
 10
138.8183717166213
 20
27.61514777111717
 10
138.8510318256131
 20
27.54820804359673
 10
138.8896301362398
 20
27.48666668119891
 10
138.9341666485014
 20
27.4305236839237
 10
138.9341666485014
 20
27.4305236839237
 10
138.9841690054496
 20
27.38045384741144
 10
139.0391648501362
 20
27.33713196730245
 10
139.0991541825613
 20
27.30055804359673
 10
139.1641370027248
 20
27.27073207629428
 10
139.1641370027248
 20
27.27073207629428
 10
139.2341133106267
 20
27.24758658583106
 10
139.309083106267
 20
27.23105409264305
 10
139.3890463896458
 20
27.22113459673024
 10
139.4740031607629
 20
27.21782809809264
 10
139.4740031607629
 20
27.21782809809264
 10
139.5574753814714
 20
27.22120207629428
 10
139.6362240326976
 20
27.23132401089918
 10
139.7102491144414
 20
27.24819390190735
 10
139.779550626703
 20
27.2718117493188
 10
139.779550626703
 20
27.2718117493188
 10
139.8441285694823
 20
27.30224503269755
 10
139.9039829427793
 20
27.33956123160763
 10
139.959113746594
 20
27.38376034604904
 10
140.0095209809264
 20
27.43484237602179
 10
140.0095209809264
 20
27.43484237602179
 10
140.0545298501362
 20
27.4913902506812
 10
140.0934655585831
 20
27.55306657220708
 10
140.126328106267
 20
27.61987134059945
 10
140.153117493188
 20
27.69180455585831
 10
140.153117493188
 20
27.69180455585831
 10
140.1743735558583
 20
27.76886621798365
 10
140.1895564577657
 20
27.85105632697547
 10
140.1986661989101
 20
27.93837488283378
 10
140.2017027792916
 20
28.03082188555858
 10
140.2017027792916
 20
28.03082188555858
  0
LWPOLYLINE
  5
64F
330
1F
100
AcDbEntity
  8
TITLE_BLOCK
100
AcDbPolyline
 90
       69
 70
     1
 43
0.0
 10
138.9536007629428
 20
28.03082188555858
 10
138.9616983106267
 20
28.17711758038147
 10
138.9859909536785
 20
28.30505883378746
 10
138.9859909536785
 20
28.30505883378746
 10
139.0278282833788
 20
28.41437572752043
 10
139.0864005449591
 20
28.50479834332425
 10
139.0864005449591
 20
28.50479834332425
 10
139.121287479564
 20
28.54278933787466
 10
139.1600882288828
 20
28.57578684468665
 10
139.2028027929155
 20
28.60379086376021
 10
139.2494311716621
 20
28.62680139509537
 10
139.2494311716621
 20
28.62680139509537
 10
139.3004457220709
 20
28.64475095912806
 10
139.3552391280654
 20
28.65757207629428
 10
139.4138113896458
 20
28.665264746594
 10
139.476162506812
 20
28.66782897002724
 10
139.476162506812
 20
28.66782897002724
 10
139.5374339509537
 20
28.665264746594
 10
139.5949265395095
 20
28.65757207629428
 10
139.6486402724796
 20
28.64475095912806
 10
139.6985751498638
 20
28.62680139509537
 10
139.6985751498638
 20
28.62680139509537
 10
139.7871083378747
 20
28.57686651771117
 10
139.8605261035422
 20
28.50695768937329
 10
139.8605261035422
 20
28.50695768937329
 10
139.8908919073569
 20
28.46451304359673
 10
139.9172089373297
 20
28.41707491008174
 10
139.9394771934605
 20
28.36464328882834
 10
139.9576966757493
 20
28.30721817983651
 10
139.9576966757493
 20
28.30721817983651
 10
139.9723397411444
 20
28.24540689918256
 10
139.9827990735695
 20
28.17873708991825
 10
139.9890746730245
 20
28.10720875204359
 10
139.9911665395095
 20
28.03082188555858
 10
139.9911665395095
 20
28.03082188555858
 10
139.9890746730245
 20
27.9538951825613
 10
139.9827990735695
 20
27.88182700817438
 10
139.9723397411444
 20
27.81461736239782
 10
139.9576966757493
 20
27.75226624523161
 10
139.9576966757493
 20
27.75226624523161
 10
139.9394097138965
 20
27.69477365667575
 10
139.9169390190736
 20
27.64213959673024
 10
139.8902845912807
 20
27.59436406539509
 10
139.8594464305177
 20
27.5514470626703
 10
139.8594464305177
 20
27.5514470626703
 10
139.8245594959128
 20
27.51345606811989
 10
139.785758746594
 20
27.4804585613079
 10
139.7430441825613
 20
27.45245454223433
 10
139.6964158038147
 20
27.42944401089918
 10
139.6964158038147
 20
27.42944401089918
 10
139.5927671934605
 20
27.39948308446866
 10
139.4740031607629
 20
27.38949610899182
 10
139.4740031607629
 20
27.38949610899182
 10
139.412191880109
 20
27.39206033242506
 10
139.3541594550409
 20
27.39975300272479
 10
139.2999058855586
 20
27.412574119891
 10
139.2494311716621
 20
27.4305236839237
 10
139.2494311716621
 20
27.4305236839237
 10
139.2028027929155
 20
27.45360169482289
 10
139.1600882288828
 20
27.48180815258855
 10
139.121287479564
 20
27.5151430572207
 10
139.0864005449591
 20
27.55360640871934
 10
139.0864005449591
 20
27.55360640871934
 10
139.0278282833788
 20
27.64483877929155
 10
138.9859909536785
 20
27.75442559128065
 10
138.9859909536785
 20
27.75442559128065
 10
138.9616983106267
 20
27.88344651771117
 10
138.9536007629428
 20
28.03082188555858
 10
138.9536007629428
 20
28.03082188555858
  0
LWPOLYLINE
  5
650
330
1F
100
AcDbEntity
  8
TITLE_BLOCK
100
AcDbPolyline
 90
       31
 70
     1
 43
0.0
 10
142.3761642506812
 20
27.2394215585831
 10
142.3761642506812
 20
28.81790352043597
 10
142.1904604904632
 20
28.81790352043597
 10
142.1904604904632
 20
27.92717327520436
 10
142.1908653678474
 20
27.88601074114441
 10
142.19208
 20
27.83378155858311
 10
142.194104386921
 20
27.77048572752043
 10
142.1969385286104
 20
27.6961232479564
 10
142.1969385286104
 20
27.6961232479564
 10
142.1999076294278
 20
27.62506726702997
 10
142.202336893733
 20
27.57061125885558
 10
142.2042263215259
 20
27.53275522343324
 10
142.2055759128066
 20
27.51149916076294
 10
142.2055759128066
 20
27.51149916076294
 10
142.1969385286104
 20
27.51149916076294
 10
141.921621907357
 20
27.94012935149863
 10
141.4033788555859
 20
28.74124673569482
 10
141.3547935694823
 20
28.81790352043597
 10
141.1248232152589
 20
28.81790352043597
 10
141.1248232152589
 20
27.2394215585831
 10
141.3083676294278
 20
27.2394215585831
 10
141.3083676294278
 20
28.12151441961852
 10
141.3075578746594
 20
28.19709153133515
 10
141.3051286103542
 20
28.27914668119891
 10
141.3010798365123
 20
28.36767986920981
 10
141.2954115531335
 20
28.46269109536784
 10
141.2954115531335
 20
28.46269109536784
 10
141.2900131880109
 20
28.55014461035422
 10
141.2986505722071
 20
28.55014461035422
 10
142.1440345504087
 20
27.2394215585831
 10
142.3761642506812
 20
27.2394215585831
  0
LWPOLYLINE
  5
651
330
1F
100
AcDbEntity
  8
TITLE_BLOCK
100
AcDbPolyline
 90
       81
 70
     1
 43
0.0
 10
144.1824572207085
 20
28.03082188555858
 10
144.179420640327
 20
28.12326888828338
 10
144.1703108991826
 20
28.21058744414169
 10
144.1551279972752
 20
28.29277755313351
 10
144.1338719346049
 20
28.36983921525885
 10
144.1338719346049
 20
28.36983921525885
 10
144.107150027248
 20
28.44177243051771
 10
144.0744899182561
 20
28.50857719891008
 10
144.0358916076295
 20
28.57025352043597
 10
143.9913550953679
 20
28.62680139509537
 10
143.9913550953679
 20
28.62680139509537
 10
143.9409478610355
 20
28.67741106811989
 10
143.8858170572207
 20
28.72127278474114
 10
143.8259626839237
 20
28.75838654495913
 10
143.7613847411444
 20
28.78875234877384
 10
143.7613847411444
 20
28.78875234877384
 10
143.6925555858311
 20
28.81237019618528
 10
143.6188679019074
 20
28.82924008719346
 10
143.5403216893733
 20
28.83936202179836
 10
143.4569169482289
 20
28.842736
 10
143.4569169482289
 20
28.842736
 10
143.3709479836512
 20
28.83936202179836
 10
143.2901074659401
 20
28.82924008719346
 10
143.2143953950954
 20
28.81237019618528
 10
143.1438117711172
 20
28.78875234877384
 10
143.1438117711172
 20
28.78875234877384
 10
143.0788289509537
 20
28.75899386103542
 10
143.0188396185286
 20
28.7226223760218
 10
142.963843773842
 20
28.67963789373297
 10
142.9138414168937
 20
28.63004041416893
 10
142.9138414168937
 20
28.63004041416893
 10
142.8693049046322
 20
28.57436977384196
 10
142.8307065940055
 20
28.5131658092643
 10
142.7980464850137
 20
28.44642852043597
 10
142.7713245776567
 20
28.37415790735695
 10
142.7713245776567
 20
28.37415790735695
 10
142.7510132288828
 20
28.29696128610354
 10
142.7365051226158
 20
28.21436629972752
 10
142.7278002588556
 20
28.12637294822888
 10
142.7248986376022
 20
28.03298123160763
 10
142.7248986376022
 20
28.03298123160763
 10
142.7278677384196
 20
27.93850984196185
 10
142.7367750408719
 20
27.84943681743869
 10
142.7516205449591
 20
27.76576215803814
 10
142.7724042506812
 20
27.68748586376022
 10
142.7724042506812
 20
27.68748586376022
 10
142.7991261580382
 20
27.61514777111717
 10
142.83178626703
 20
27.54820804359673
 10
142.8703845776567
 20
27.48666668119891
 10
142.9149210899183
 20
27.4305236839237
 10
142.9149210899183
 20
27.4305236839237
 10
142.9649234468665
 20
27.38045384741144
 10
143.0199192915532
 20
27.33713196730245
 10
143.0799086239782
 20
27.30055804359673
 10
143.1448914441417
 20
27.27073207629428
 10
143.1448914441417
 20
27.27073207629428
 10
143.2148677520436
 20
27.24758658583106
 10
143.2898375476839
 20
27.23105409264305
 10
143.3698008310627
 20
27.22113459673024
 10
143.4547576021799
 20
27.21782809809264
 10
143.4547576021799
 20
27.21782809809264
 10
143.5382298228883
 20
27.22120207629428
 10
143.6169784741145
 20
27.23132401089918
 10
143.6910035558583
 20
27.24819390190735
 10
143.7603050681199
 20
27.2718117493188
 10
143.7603050681199
 20
27.2718117493188
 10
143.8248830108992
 20
27.30224503269755
 10
143.8847373841962
 20
27.33956123160763
 10
143.9398681880109
 20
27.38376034604904
 10
143.9902754223433
 20
27.43484237602179
 10
143.9902754223433
 20
27.43484237602179
 10
144.0352842915532
 20
27.4913902506812
 10
144.07422
 20
27.55306657220708
 10
144.1070825476839
 20
27.61987134059945
 10
144.1338719346049
 20
27.69180455585831
 10
144.1338719346049
 20
27.69180455585831
 10
144.1551279972752
 20
27.76886621798365
 10
144.1703108991826
 20
27.85105632697547
 10
144.179420640327
 20
27.93837488283378
 10
144.1824572207085
 20
28.03082188555858
 10
144.1824572207085
 20
28.03082188555858
  0
LWPOLYLINE
  5
652
330
1F
100
AcDbEntity
  8
TITLE_BLOCK
100
AcDbPolyline
 90
       69
 70
     1
 43
0.0
 10
142.9343552043597
 20
28.03082188555858
 10
142.9424527520436
 20
28.17711758038147
 10
142.9667453950954
 20
28.30505883378746
 10
142.9667453950954
 20
28.30505883378746
 10
143.0085827247957
 20
28.41437572752043
 10
143.067154986376
 20
28.50479834332425
 10
143.067154986376
 20
28.50479834332425
 10
143.102041920981
 20
28.54278933787466
 10
143.1408426702997
 20
28.57578684468665
 10
143.1835572343325
 20
28.60379086376021
 10
143.230185613079
 20
28.62680139509537
 10
143.230185613079
 20
28.62680139509537
 10
143.2812001634878
 20
28.64475095912806
 10
143.3359935694823
 20
28.65757207629428
 10
143.3945658310627
 20
28.665264746594
 10
143.4569169482289
 20
28.66782897002724
 10
143.4569169482289
 20
28.66782897002724
 10
143.5181883923706
 20
28.665264746594
 10
143.5756809809264
 20
28.65757207629428
 10
143.6293947138965
 20
28.64475095912806
 10
143.6793295912807
 20
28.62680139509537
 10
143.6793295912807
 20
28.62680139509537
 10
143.7678627792916
 20
28.57686651771117
 10
143.8412805449591
 20
28.50695768937329
 10
143.8412805449591
 20
28.50695768937329
 10
143.8716463487739
 20
28.46451304359673
 10
143.8979633787466
 20
28.41707491008174
 10
143.9202316348774
 20
28.36464328882834
 10
143.9384511171662
 20
28.30721817983651
 10
143.9384511171662
 20
28.30721817983651
 10
143.9530941825613
 20
28.24540689918256
 10
143.9635535149864
 20
28.17873708991825
 10
143.9698291144414
 20
28.10720875204359
 10
143.9719209809265
 20
28.03082188555858
 10
143.9719209809265
 20
28.03082188555858
 10
143.9698291144414
 20
27.9538951825613
 10
143.9635535149864
 20
27.88182700817438
 10
143.9530941825613
 20
27.81461736239782
 10
143.9384511171662
 20
27.75226624523161
 10
143.9384511171662
 20
27.75226624523161
 10
143.9201641553134
 20
27.69477365667575
 10
143.8976934604905
 20
27.64213959673024
 10
143.8710390326976
 20
27.59436406539509
 10
143.8402008719346
 20
27.5514470626703
 10
143.8402008719346
 20
27.5514470626703
 10
143.8053139373297
 20
27.51345606811989
 10
143.7665131880109
 20
27.4804585613079
 10
143.7237986239782
 20
27.45245454223433
 10
143.6771702452316
 20
27.42944401089918
 10
143.6771702452316
 20
27.42944401089918
 10
143.5735216348774
 20
27.39948308446866
 10
143.4547576021799
 20
27.38949610899182
 10
143.4547576021799
 20
27.38949610899182
 10
143.3929463215259
 20
27.39206033242506
 10
143.3349138964578
 20
27.39975300272479
 10
143.2806603269755
 20
27.412574119891
 10
143.230185613079
 20
27.4305236839237
 10
143.230185613079
 20
27.4305236839237
 10
143.1835572343325
 20
27.45360169482289
 10
143.1408426702997
 20
27.48180815258855
 10
143.102041920981
 20
27.5151430572207
 10
143.067154986376
 20
27.55360640871934
 10
143.067154986376
 20
27.55360640871934
 10
143.0085827247957
 20
27.64483877929155
 10
142.9667453950954
 20
27.75442559128065
 10
142.9667453950954
 20
27.75442559128065
 10
142.9424527520436
 20
27.88344651771117
 10
142.9343552043597
 20
28.03082188555858
 10
142.9343552043597
 20
28.03082188555858
  0
LWPOLYLINE
  5
653
330
1F
100
AcDbEntity
  8
TITLE_BLOCK
100
AcDbPolyline
 90
        9
 70
     1
 43
0.0
 10
145.0310802179837
 20
27.2394215585831
 10
145.0310802179837
 20
28.64299649046321
 10
145.5212517711172
 20
28.64299649046321
 10
145.5212517711172
 20
28.81790352043597
 10
144.3379301362398
 20
28.81790352043597
 10
144.3379301362398
 20
28.64299649046321
 10
144.8313407084469
 20
28.64299649046321
 10
144.8313407084469
 20
27.2394215585831
 10
145.0310802179837
 20
27.2394215585831
  0
LWPOLYLINE
  5
654
330
1F
100
AcDbEntity
  8
TITLE_BLOCK
100
AcDbPolyline
 90
      120
 70
     1
 43
0.0
 10
147.2303741689373
 20
27.66157371117166
 10
147.2278099455041
 20
27.71468012806539
 10
147.2201172752044
 20
27.76387273024523
 10
147.2072961580382
 20
27.80915151771117
 10
147.1893465940055
 20
27.85051649046321
 10
147.1893465940055
 20
27.85051649046321
 10
147.1369824523161
 20
27.92555376566757
 10
147.0619451771117
 20
27.99087398365122
 10
147.0619451771117
 20
27.99087398365122
 10
147.0131574523161
 20
28.02184710354223
 10
146.953168119891
 20
28.05322510081744
 10
146.8819771798365
 20
28.08500797547684
 10
146.7995846321526
 20
28.11719572752043
 10
146.7995846321526
 20
28.11719572752043
 10
146.7310253950954
 20
28.14344527792915
 10
146.6721832152589
 20
28.16821027792915
 10
146.6230580926431
 20
28.19149072752043
 10
146.583650027248
 20
28.213286626703
 10
146.583650027248
 20
28.213286626703
 10
146.5248078474115
 20
28.25755322070844
 10
146.4843201089919
 20
28.30613850681199
 10
146.4843201089919
 20
28.30613850681199
 10
146.4616469754769
 20
28.36444085013624
 10
146.4616469754769
 20
28.36444085013624
 10
146.4540892643052
 20
28.43569926975476
 10
146.4540892643052
 20
28.43569926975476
 10
146.4589477929156
 20
28.48671382016348
 10
146.4735233787466
 20
28.53179016893733
 10
146.4735233787466
 20
28.53179016893733
 10
146.4980859400545
 20
28.57173807084468
 10
146.5329053950954
 20
28.6052079346049
 10
146.5329053950954
 20
28.6052079346049
 10
146.5766321525886
 20
28.63165992370572
 10
146.6279166212534
 20
28.65055420163488
 10
146.6279166212534
 20
28.65055420163488
 10
146.68675880109
 20
28.66189076839237
 10
146.7531586920981
 20
28.6656696239782
 10
146.7531586920981
 20
28.6656696239782
 10
146.8423666757493
 20
28.66040621798365
 10
146.9350835967303
 20
28.644616
 10
147.0313094550409
 20
28.61829897002724
 10
147.1310442506812
 20
28.58145512806539
 10
147.1310442506812
 20
28.58145512806539
 10
147.192585613079
 20
28.75204346594005
 10
147.0908939100818
 20
28.79077673569482
 10
146.9844786376022
 20
28.81844335694823
 10
146.8733397956404
 20
28.83504332970027
 10
146.7574773841962
 20
28.84057665395095
 10
146.7574773841962
 20
28.84057665395095
 10
146.6495100817439
 20
28.83355877929155
 10
146.5523395095368
 20
28.81250515531335
 10
146.5523395095368
 20
28.81250515531335
 10
146.4662355858311
 20
28.778765373297
 10
146.3914682288828
 20
28.73152967847411
 10
146.3914682288828
 20
28.73152967847411
 10
146.3310065395096
 20
28.67187774386921
 10
146.2878196185286
 20
28.60304858855585
 10
146.2878196185286
 20
28.60304858855585
 10
146.2619074659401
 20
28.52504221253406
 10
146.2532700817439
 20
28.43785861580381
 10
146.2532700817439
 20
28.43785861580381
 10
146.2589383651226
 20
28.35553354768392
 10
146.2759432152589
 20
28.28130602724795
 10
146.2759432152589
 20
28.28130602724795
 10
146.3056342234333
 20
28.21517605449591
 10
146.3472016348774
 20
28.15714362942779
 10
146.3472016348774
 20
28.15714362942779
 10
146.401995040872
 20
28.10491444686648
 10
146.4724437057221
 20
28.05619420163487
 10
146.5585476294278
 20
28.01098289373297
 10
146.6603068119891
 20
27.96928052316076
 10
146.6603068119891
 20
27.96928052316076
 10
146.7325774250681
 20
27.94195129972752
 10
146.7949960217984
 20
27.91610662670299
 10
146.8475626021799
 20
27.89174650408719
 10
146.8902771662126
 20
27.86887093188011
 10
146.8902771662126
 20
27.86887093188011
 10
146.9558673024523
 20
27.82298482833787
 10
146.9993241416894
 20
27.77385970572207
 10
146.9993241416894
 20
27.77385970572207
 10
147.0230769482289
 20
27.71555736239782
 10
147.0230769482289
 20
27.71555736239782
 10
147.0317143324251
 20
27.64429894277929
 10
147.0317143324251
 20
27.64429894277929
 10
147.0260460490464
 20
27.58788602724795
 10
147.0090411989101
 20
27.53741131335149
 10
147.0090411989101
 20
27.53741131335149
 10
146.9809697002725
 20
27.49422439237057
 10
146.9421014713897
 20
27.45751550953678
 10
146.9421014713897
 20
27.45751550953678
 10
146.8913568392371
 20
27.42728466485013
 10
146.8298154768393
 20
27.40569120435967
 10
146.8298154768393
 20
27.40569120435967
 10
146.7582871389646
 20
27.39354488283378
 10
146.6754222343324
 20
27.38949610899182
 10
146.6754222343324
 20
27.38949610899182
 10
146.5677248501363
 20
27.39570422888283
 10
146.4519299182562
 20
27.41432858855585
 10
146.4519299182562
 20
27.41432858855585
 10
146.3377544959128
 20
27.44374967847411
 10
146.2327562942779
 20
27.48234798910082
 10
146.2327562942779
 20
27.48234798910082
 10
146.2327562942779
 20
27.29232553678474
 10
146.317375667575
 20
27.25973290735694
 10
146.4179202179837
 20
27.23645245776567
 10
146.5343899455041
 20
27.2224841880109
 10
146.6667848501363
 20
27.21782809809264
 10
146.6667848501363
 20
27.21782809809264
 10
146.7922968392371
 20
27.22511589100817
 10
146.9032332425068
 20
27.24697926975476
 10
146.9032332425068
 20
27.24697926975476
 10
146.9995940599455
 20
27.28449790735695
 10
147.0813792915532
 20
27.33659213079019
 10
147.0813792915532
 20
27.33659213079019
 10
147.1464295912807
 20
27.40137251226158
 10
147.192585613079
 20
27.4769496239782
 10
147.192585613079
 20
27.4769496239782
 10
147.2209270299728
 20
27.56359338419618
 10
147.2303741689373
 20
27.66157371117166
 10
147.2303741689373
 20
27.66157371117166
  0
LWPOLYLINE
  5
655
330
1F
100
AcDbEntity
  8
TITLE_BLOCK
100
AcDbPolyline
 90
       90
 70
     1
 43
0.0
 10
148.2247530245232
 20
28.6656696239782
 10
148.3107219891008
 20
28.66027125885558
 10
148.3991202179837
 20
28.64407616348774
 10
148.4899477111717
 20
28.61708433787466
 10
148.5832044686649
 20
28.57929578201635
 10
148.5832044686649
 20
28.57929578201635
 10
148.6631002724796
 20
28.74772477384196
 10
148.5661996185287
 20
28.78834747138964
 10
148.4612014168938
 20
28.8173636839237
 10
148.348105667575
 20
28.83477341144414
 10
148.2269123705723
 20
28.84057665395095
 10
148.2269123705723
 20
28.84057665395095
 10
148.1140865395096
 20
28.83436853405994
 10
148.0088184196186
 20
28.81574417438692
 10
147.9111080108992
 20
28.78470357493188
 10
147.8209553133515
 20
28.74124673569482
 10
147.8209553133515
 20
28.74124673569482
 10
147.7397099182562
 20
28.68618341144414
 10
147.6687214168938
 20
28.62032335694823
 10
147.6687214168938
 20
28.62032335694823
 10
147.6087995640327
 20
28.5447462452316
 10
147.5585947683924
 20
28.45837240326975
 10
147.5585947683924
 20
28.45837240326975
 10
147.5193891416894
 20
28.36282134059945
 10
147.4913851226158
 20
28.25971256675749
 10
147.4745827111717
 20
28.14904608174387
 10
147.468981907357
 20
28.03082188555858
 10
147.468981907357
 20
28.03082188555858
 10
147.4718835286104
 20
27.93635049591281
 10
147.4805883923706
 20
27.84727747138964
 10
147.4950964986376
 20
27.7636028119891
 10
147.5154078474115
 20
27.68532651771117
 10
147.5154078474115
 20
27.68532651771117
 10
147.5420622752044
 20
27.61305590463215
 10
147.5745199455041
 20
27.54631861580381
 10
147.6127808583107
 20
27.48511465122616
 10
147.656845013624
 20
27.42944401089918
 10
147.656845013624
 20
27.42944401089918
 10
147.706375013624
 20
27.37984653133515
 10
147.7610334604905
 20
27.33686204904632
 10
147.8208203542235
 20
27.3004905640327
 10
147.8857356948229
 20
27.27073207629428
 10
147.8857356948229
 20
27.27073207629428
 10
147.9552396457766
 20
27.24758658583106
 10
148.0298720435968
 20
27.23105409264305
 10
148.1096328882834
 20
27.22113459673024
 10
148.1945221798366
 20
27.21782809809264
 10
148.1945221798366
 20
27.21782809809264
 10
148.3084276839237
 20
27.22133703542234
 10
148.4082974386921
 20
27.23186384741144
 10
148.4082974386921
 20
27.23186384741144
 10
148.503038746594
 20
27.2507581253406
 10
148.6015589100818
 20
27.28152880653951
 10
148.6015589100818
 20
27.28152880653951
 10
148.6015589100818
 20
27.45427649046321
 10
148.498922493188
 20
27.42687978746594
 10
148.4015494822889
 20
27.40731071389645
 10
148.3094398773842
 20
27.39556926975477
 10
148.2225936784741
 20
27.39165545504087
 10
148.2225936784741
 20
27.39165545504087
 10
148.0992410354224
 20
27.40191234877384
 10
147.9904639782017
 20
27.43268302997275
 10
147.9904639782017
 20
27.43268302997275
 10
147.9421486103543
 20
27.45582852043596
 10
147.8976120980927
 20
27.48423741689373
 10
147.8568544414169
 20
27.51790971934605
 10
147.819875640327
 20
27.55684542779291
 10
147.819875640327
 20
27.55684542779291
 10
147.7575245231608
 20
27.64861763487738
 10
147.7129880108992
 20
27.75766461035422
 10
147.7129880108992
 20
27.75766461035422
 10
147.6870758583107
 20
27.88425627247956
 10
147.6784384741145
 20
28.02866253950953
 10
147.6784384741145
 20
28.02866253950953
 10
147.6873457765668
 20
28.16875011444142
 10
147.7140676839237
 20
28.29318243051771
 10
147.7140676839237
 20
28.29318243051771
 10
147.759953787466
 20
28.40195948773842
 10
147.8241943324251
 20
28.49508128610354
 10
147.8241943324251
 20
28.49508128610354
 10
147.8621178474115
 20
28.5350291880109
 10
147.9035502997276
 20
28.56957872479564
 10
147.9484916893733
 20
28.59872989645776
 10
147.9969420163488
 20
28.62248270299727
 10
147.9969420163488
 20
28.62248270299727
 10
148.04883380109
 20
28.64137698092643
 10
148.1040995640327
 20
28.65487289373297
 10
148.1627393051772
 20
28.66297044141689
 10
148.2247530245232
 20
28.6656696239782
 10
148.2247530245232
 20
28.6656696239782
  0
LWPOLYLINE
  5
656
330
1F
100
AcDbEntity
  8
TITLE_BLOCK
100
AcDbPolyline
 90
        9
 70
     1
 43
0.0
 10
149.9360347683924
 20
27.2394215585831
 10
150.1422523160763
 20
27.2394215585831
 10
149.5268386920981
 20
28.8243815585831
 10
149.3476129700273
 20
28.8243815585831
 10
148.7311196730246
 20
27.2394215585831
 10
148.9319388555859
 20
27.2394215585831
 10
149.1198019618529
 20
27.72851343869209
 10
149.7460123160763
 20
27.72851343869209
 10
149.9360347683924
 20
27.2394215585831
  0
LWPOLYLINE
  5
657
330
1F
100
AcDbEntity
  8
TITLE_BLOCK
100
AcDbPolyline
 90
        8
 70
     1
 43
0.0
 10
149.6866302997275
 20
27.90450014168937
 10
149.1867416893733
 20
27.90450014168937
 10
149.3659674114442
 20
28.38279529155313
 10
149.400786866485
 20
28.49535120435967
 10
149.4339868119891
 20
28.6192436839237
 10
149.4339868119891
 20
28.6192436839237
 10
149.5095639237057
 20
28.38279529155313
 10
149.6866302997275
 20
27.90450014168937
  0
LWPOLYLINE
  5
658
330
1F
100
AcDbEntity
  8
TITLE_BLOCK
100
AcDbPolyline
 90
        7
 70
     1
 43
0.0
 10
150.3592665940055
 20
27.2394215585831
 10
151.2478374931881
 20
27.2394215585831
 10
151.2478374931881
 20
27.4164879346049
 10
150.5579264305177
 20
27.4164879346049
 10
150.5579264305177
 20
28.81790352043597
 10
150.3592665940055
 20
28.81790352043597
 10
150.3592665940055
 20
27.2394215585831
  0
LWPOLYLINE
  5
659
330
1F
100
AcDbEntity
  8
TITLE_BLOCK
100
AcDbPolyline
 90
       13
 70
     1
 43
0.0
 10
152.3998486103543
 20
27.2394215585831
 10
152.3998486103543
 20
27.41432858855585
 10
151.7164155858311
 20
27.41432858855585
 10
151.7164155858311
 20
27.97791790735695
 10
152.3599007084469
 20
27.97791790735695
 10
152.3599007084469
 20
28.15066559128065
 10
151.7164155858311
 20
28.15066559128065
 10
151.7164155858311
 20
28.64299649046321
 10
152.3998486103543
 20
28.64299649046321
 10
152.3998486103543
 20
28.81790352043597
 10
151.5177557493188
 20
28.81790352043597
 10
151.5177557493188
 20
27.2394215585831
 10
152.3998486103543
 20
27.2394215585831
  0
LWPOLYLINE
  5
65A
330
1F
100
AcDbEntity
  8
TITLE_BLOCK
100
AcDbPolyline
 90
       44
 70
     1
 43
0.0
 10
154.5861864850137
 20
28.04377796185286
 10
154.5829474659401
 20
28.13345830245231
 10
154.5732304087194
 20
28.21787523705722
 10
154.5570353133515
 20
28.29702876566757
 10
154.5343621798366
 20
28.37091888828338
 10
154.5343621798366
 20
28.37091888828338
 10
154.5057508446867
 20
28.43961308446866
 10
154.4706614713897
 20
28.50317883378746
 10
154.4290940599456
 20
28.56161613623978
 10
154.3810486103543
 20
28.61492499182561
 10
154.3810486103543
 20
28.61492499182561
 10
154.3271999182562
 20
28.66249808446866
 10
154.2682227792916
 20
28.70372809809264
 10
154.2041171934605
 20
28.73861503269755
 10
154.134883160763
 20
28.76715888828338
 10
154.134883160763
 20
28.76715888828338
 10
154.060588160763
 20
28.78935966485013
 10
153.9812996730246
 20
28.80521736239782
 10
153.8970176975477
 20
28.81473198092643
 10
153.8077422343325
 20
28.81790352043597
 10
153.8077422343325
 20
28.81790352043597
 10
153.321889373297
 20
28.81790352043597
 10
153.321889373297
 20
27.2394215585831
 10
153.761316294278
 20
27.2394215585831
 10
153.8578120708447
 20
27.24259309809264
 10
153.9486395640327
 20
27.25210771662125
 10
154.033798773842
 20
27.26796541416893
 10
154.1132897002725
 20
27.29016619073569
 10
154.1132897002725
 20
27.29016619073569
 10
154.186572506812
 20
27.31931736239782
 10
154.2541870299728
 20
27.35494657220708
 10
154.3161332697548
 20
27.39705382016349
 10
154.3724112261581
 20
27.44563910626703
 10
154.3724112261581
 20
27.44563910626703
 10
154.4224810626704
 20
27.50029755313351
 10
154.4658029427793
 20
27.56062428337874
 10
154.5023768664851
 20
27.62661929700272
 10
154.5322028337875
 20
27.69828259400545
 10
154.5322028337875
 20
27.69828259400545
 10
154.555820681199
 20
27.77615401089918
 10
154.5726905722071
 20
27.85969371117166
 10
154.582812506812
 20
27.94890169482289
 10
154.5861864850137
 20
28.04377796185286
 10
154.5861864850137
 20
28.04377796185286
  0
LWPOLYLINE
  5
65B
330
1F
100
AcDbEntity
  8
TITLE_BLOCK
100
AcDbPolyline
 90
       44
 70
     1
 43
0.0
 10
154.3767299182562
 20
28.03729992370572
 10
154.3741656948229
 20
27.96098053678474
 10
154.3664730245232
 20
27.88965463760218
 10
154.353651907357
 20
27.82332222615803
 10
154.3357023433243
 20
27.76198330245231
 10
154.3357023433243
 20
27.76198330245231
 10
154.3132316485014
 20
27.70563786648501
 10
154.2857674659401
 20
27.65428591825613
 10
154.2533097956404
 20
27.60792745776567
 10
154.2158586376022
 20
27.56656248501362
 10
154.2158586376022
 20
27.56656248501362
 10
154.1733465122616
 20
27.52965116348773
 10
154.1257059400545
 20
27.49773332970027
 10
154.072936920981
 20
27.47080898365122
 10
154.0150394550409
 20
27.4488781253406
 10
154.0150394550409
 20
27.4488781253406
 10
153.9526208583107
 20
27.43187327520436
 10
153.885208773842
 20
27.41972695367847
 10
153.8128032016349
 20
27.41243916076294
 10
153.7354041416894
 20
27.41000989645776
 10
153.7354041416894
 20
27.41000989645776
 10
153.5205492098093
 20
27.41000989645776
 10
153.5205492098093
 20
28.64839485558583
 10
153.7796707356949
 20
28.64839485558583
 10
153.8522787465941
 20
28.64596559128065
 10
153.9200282288829
 20
28.63867779836512
 10
153.9829191825613
 20
28.62653147683923
 10
154.0409516076295
 20
28.60952662670299
 10
154.0409516076295
 20
28.60952662670299
 10
154.0947328201635
 20
28.5876632479564
 10
154.1437904632153
 20
28.56094134059945
 10
154.1881245367848
 20
28.52936090463215
 10
154.227735040872
 20
28.49292194005449
 10
154.227735040872
 20
28.49292194005449
 10
154.2626219754769
 20
28.45182688555858
 10
154.2927853405995
 20
28.40627817983651
 10
154.3182251362398
 20
28.35627582288828
 10
154.3389413623979
 20
28.30181981471389
 10
154.3389413623979
 20
28.30181981471389
 10
154.3554738555859
 20
28.24237031880109
 10
154.3672827792916
 20
28.17846717166212
 10
154.374368133515
 20
28.110110373297
 10
154.3767299182562
 20
28.03729992370572
 10
154.3767299182562
 20
28.03729992370572
  0
LWPOLYLINE
  5
65C
330
1F
100
AcDbEntity
  8
TITLE_BLOCK
100
AcDbPolyline
 90
       33
 70
     1
 43
0.0
 10
155.1346603814714
 20
27.89154406539509
 10
155.4488452316077
 20
27.89154406539509
 10
155.8310494822889
 20
27.2394215585831
 10
156.0631791825614
 20
27.2394215585831
 10
155.6302302997276
 20
27.94660738964577
 10
155.7039179836513
 20
27.97683823433242
 10
155.767348773842
 20
28.01354711716621
 10
155.767348773842
 20
28.01354711716621
 10
155.8218722615804
 20
28.05673403814714
 10
155.8666786920981
 20
28.1063989972752
 10
155.8666786920981
 20
28.1063989972752
 10
155.901498147139
 20
28.16254199455041
 10
155.9260607084469
 20
28.22516302997275
 10
155.9260607084469
 20
28.22516302997275
 10
155.9414460490464
 20
28.29426210354223
 10
155.9465744959129
 20
28.36983921525885
 10
155.9465744959129
 20
28.36983921525885
 10
155.9376671934606
 20
28.47483741689373
 10
155.9109452861036
 20
28.56526003269754
 10
155.9109452861036
 20
28.56526003269754
 10
155.8666786920981
 20
28.64245665395095
 10
155.8051373297003
 20
28.70561752588556
 10
155.8051373297003
 20
28.70561752588556
 10
155.7252415258856
 20
28.75474264850136
 10
155.6259116076295
 20
28.78983202179836
 10
155.6259116076295
 20
28.78983202179836
 10
155.5082272479565
 20
28.81088564577657
 10
155.371108773842
 20
28.81790352043597
 10
155.371108773842
 20
28.81790352043597
 10
154.9360005449592
 20
28.81790352043597
 10
154.9360005449592
 20
27.2394215585831
 10
155.1346603814714
 20
27.2394215585831
 10
155.1346603814714
 20
27.89154406539509
  0
LWPOLYLINE
  5
65D
330
1F
100
AcDbEntity
  8
TITLE_BLOCK
100
AcDbPolyline
 90
       28
 70
     1
 43
0.0
 10
155.1346603814714
 20
28.05997305722071
 10
155.1346603814714
 20
28.64623550953678
 10
155.3603120435968
 20
28.64623550953678
 10
155.453703760218
 20
28.64191681743869
 10
155.5330597275205
 20
28.62896074114441
 10
155.5330597275205
 20
28.62896074114441
 10
155.5986498637603
 20
28.60736728065395
 10
155.6507440871935
 20
28.5771364359673
 10
155.6507440871935
 20
28.5771364359673
 10
155.6896123160763
 20
28.5377283705722
 10
155.717683814714
 20
28.4886032479564
 10
155.717683814714
 20
28.4886032479564
 10
155.7346886648502
 20
28.42949114986376
 10
155.7403569482289
 20
28.36012215803814
 10
155.7403569482289
 20
28.36012215803814
 10
155.7346886648502
 20
28.29021332970027
 10
155.717683814714
 20
28.22948172207084
 10
155.717683814714
 20
28.22948172207084
 10
155.6904220708447
 20
28.17792733514986
 10
155.651823760218
 20
28.13555016893733
 10
155.651823760218
 20
28.13555016893733
 10
155.6010791280654
 20
28.10235022343324
 10
155.5373784196186
 20
28.0783274986376
 10
155.5373784196186
 20
28.0783274986376
 10
155.4607216348774
 20
28.06456166757493
 10
155.371108773842
 20
28.05997305722071
 10
155.371108773842
 20
28.05997305722071
 10
155.1346603814714
 20
28.05997305722071
  0
LWPOLYLINE
  5
65E
330
1F
100
AcDbEntity
  8
TITLE_BLOCK
100
AcDbPolyline
 90
        9
 70
     1
 43
0.0
 10
157.3015641416894
 20
27.2394215585831
 10
157.5077816893733
 20
27.2394215585831
 10
156.8923680653951
 20
28.8243815585831
 10
156.7131423433243
 20
28.8243815585831
 10
156.0966490463216
 20
27.2394215585831
 10
156.2974682288829
 20
27.2394215585831
 10
156.4853313351499
 20
27.72851343869209
 10
157.1115416893734
 20
27.72851343869209
 10
157.3015641416894
 20
27.2394215585831
  0
LWPOLYLINE
  5
65F
330
1F
100
AcDbEntity
  8
TITLE_BLOCK
100
AcDbPolyline
 90
        8
 70
     1
 43
0.0
 10
157.0521596730246
 20
27.90450014168937
 10
156.5522710626703
 20
27.90450014168937
 10
156.7314967847412
 20
28.38279529155313
 10
156.7663162397821
 20
28.49535120435967
 10
156.7995161852861
 20
28.6192436839237
 10
156.7995161852861
 20
28.6192436839237
 10
156.8750932970028
 20
28.38279529155313
 10
157.0521596730246
 20
27.90450014168937
  0
LWPOLYLINE
  5
660
330
1F
100
AcDbEntity
  8
TITLE_BLOCK
100
AcDbPolyline
 90
       38
 70
     1
 43
0.0
 10
159.1175741689374
 20
27.2394215585831
 10
159.5375669754769
 20
28.81790352043597
 10
159.3302697547684
 20
28.81790352043597
 10
159.0862636512262
 20
27.85591485558583
 10
159.0592043460491
 20
27.74646300272479
 10
159.0374084468666
 20
27.6469981253406
 10
159.0208759536785
 20
27.55752022343324
 10
159.0096068664851
 20
27.47802929700272
 10
159.0096068664851
 20
27.47802929700272
 10
158.9728979836513
 20
27.66967125885558
 10
158.9232330245232
 20
27.85807420163487
 10
158.9232330245232
 20
27.85807420163487
 10
158.6328009809265
 20
28.81790352043597
 10
158.4276631062671
 20
28.81790352043597
 10
158.1491074659401
 20
27.86563191280654
 10
158.0978229972753
 20
27.66346313896457
 10
158.0648929700273
 20
27.47802929700272
 10
158.0648929700273
 20
27.47802929700272
 10
158.0330426158039
 20
27.66535256675749
 10
157.9893158583107
 20
27.85375550953678
 10
157.9893158583107
 20
27.85375550953678
 10
157.7442300817439
 20
28.81790352043597
 10
157.5369328610355
 20
28.81790352043597
 10
157.9547663215259
 20
27.2394215585831
 10
158.1555855040872
 20
27.2394215585831
 10
158.4535752588556
 20
28.26727027792915
 10
158.4801622070845
 20
28.36005467847411
 10
158.5016207084469
 20
28.44406673569482
 10
158.5179507629428
 20
28.51930644959128
 10
158.5291523705723
 20
28.58577382016349
 10
158.5291523705723
 20
28.58577382016349
 10
158.5385995095369
 20
28.53590642234332
 10
158.5550645231608
 20
28.46727970572207
 10
158.5785474114442
 20
28.37989367029973
 10
158.609048174387
 20
28.27374831607629
 10
158.609048174387
 20
28.27374831607629
 10
158.9167549863761
 20
27.2394215585831
 10
159.1175741689374
 20
27.2394215585831
  0
LWPOLYLINE
  5
661
330
1F
100
AcDbEntity
  8
TITLE_BLOCK
100
AcDbPolyline
 90
       13
 70
     1
 43
0.0
 10
160.2253186920981
 20
27.2394215585831
 10
160.2253186920981
 20
27.35386689918256
 10
160.0396149318802
 20
27.39597414713896
 10
160.0396149318802
 20
28.65919158583106
 10
160.2253186920981
 20
28.70345817983651
 10
160.2253186920981
 20
28.81790352043597
 10
159.6552513351499
 20
28.81790352043597
 10
159.6552513351499
 20
28.70345817983651
 10
159.8409550953679
 20
28.65919158583106
 10
159.8409550953679
 20
27.39597414713896
 10
159.6552513351499
 20
27.35386689918256
 10
159.6552513351499
 20
27.2394215585831
 10
160.2253186920981
 20
27.2394215585831
  0
LWPOLYLINE
  5
662
330
1F
100
AcDbEntity
  8
TITLE_BLOCK
100
AcDbPolyline
 90
       31
 70
     1
 43
0.0
 10
161.7822071934606
 20
27.2394215585831
 10
161.7822071934606
 20
28.81790352043597
 10
161.5965034332426
 20
28.81790352043597
 10
161.5965034332426
 20
27.92717327520436
 10
161.5969083106268
 20
27.88601074114441
 10
161.5981229427794
 20
27.83378155858311
 10
161.6001473297003
 20
27.77048572752043
 10
161.6029814713897
 20
27.6961232479564
 10
161.6029814713897
 20
27.6961232479564
 10
161.6059505722071
 20
27.62506726702997
 10
161.6083798365123
 20
27.57061125885558
 10
161.6102692643053
 20
27.53275522343324
 10
161.6116188555859
 20
27.51149916076294
 10
161.6116188555859
 20
27.51149916076294
 10
161.6029814713897
 20
27.51149916076294
 10
161.3276648501363
 20
27.94012935149863
 10
160.8094217983652
 20
28.74124673569482
 10
160.7608365122616
 20
28.81790352043597
 10
160.5308661580382
 20
28.81790352043597
 10
160.5308661580382
 20
27.2394215585831
 10
160.7144105722072
 20
27.2394215585831
 10
160.7144105722072
 20
28.12151441961852
 10
160.7136008174388
 20
28.19709153133515
 10
160.7111715531336
 20
28.27914668119891
 10
160.7071227792916
 20
28.36767986920981
 10
160.7014544959129
 20
28.46269109536784
 10
160.7014544959129
 20
28.46269109536784
 10
160.6960561307903
 20
28.55014461035422
 10
160.7046935149864
 20
28.55014461035422
 10
161.5500774931881
 20
27.2394215585831
 10
161.7822071934606
 20
27.2394215585831
  0
LWPOLYLINE
  5
663
330
1F
100
AcDbEntity
  8
TITLE_BLOCK
100
AcDbPolyline
 90
      100
 70
     1
 43
0.0
 10
162.8964297547685
 20
28.07292913351498
 10
162.8964297547685
 20
27.89586275749318
 10
163.2430047956404
 20
27.89586275749318
 10
163.2430047956404
 20
27.42728466485013
 10
163.0899611444142
 20
27.3989432479564
 10
162.9331386376023
 20
27.38949610899182
 10
162.9331386376023
 20
27.38949610899182
 10
162.86248753406
 20
27.39199285286103
 10
162.796290081744
 20
27.39948308446866
 10
162.734546280654
 20
27.41196680381471
 10
162.6772561307903
 20
27.42944401089918
 10
162.6772561307903
 20
27.42944401089918
 10
162.6238797956404
 20
27.45252202179836
 10
162.5749571117167
 20
27.48072847956403
 10
162.5304880790192
 20
27.51406338419618
 10
162.4904726975478
 20
27.55252673569482
 10
162.4904726975478
 20
27.55252673569482
 10
162.4545735694824
 20
27.59537625885558
 10
162.4235329700273
 20
27.64294935149864
 10
162.3973508991826
 20
27.69524601362398
 10
162.3760273569483
 20
27.75226624523161
 10
162.3760273569483
 20
27.75226624523161
 10
162.3594948637603
 20
27.81448240326975
 10
162.3476859400546
 20
27.88128717166212
 10
162.3406005858311
 20
27.95268055040872
 10
162.33823880109
 20
28.02866253950953
 10
162.33823880109
 20
28.02866253950953
 10
162.3479558583107
 20
28.16875011444142
 10
162.3771070299728
 20
28.29318243051771
 10
162.3771070299728
 20
28.29318243051771
 10
162.3995777247957
 20
28.34952786648501
 10
162.427041907357
 20
28.40195948773842
 10
162.4594995776567
 20
28.45047729427793
 10
162.4969507356949
 20
28.49508128610354
 10
162.4969507356949
 20
28.49508128610354
 10
162.538315708447
 20
28.5350291880109
 10
162.5835944959129
 20
28.56957872479564
 10
162.6327870980927
 20
28.59872989645776
 10
162.6858935149864
 20
28.62248270299727
 10
162.6858935149864
 20
28.62248270299727
 10
162.7429137465941
 20
28.64137698092643
 10
162.8038477929156
 20
28.65487289373297
 10
162.868695653951
 20
28.66297044141689
 10
162.9374573297004
 20
28.6656696239782
 10
162.9374573297004
 20
28.6656696239782
 10
163.0373945640328
 20
28.66000134059945
 10
163.1385464305178
 20
28.64299649046321
 10
163.2409129291554
 20
28.61465507356948
 10
163.3444940599456
 20
28.57497708991825
 10
163.3444940599456
 20
28.57497708991825
 10
163.4200711716622
 20
28.74772477384196
 10
163.3088648501363
 20
28.78834747138964
 10
163.1933398365123
 20
28.8173636839237
 10
163.0734961307903
 20
28.83477341144414
 10
162.9493337329701
 20
28.84057665395095
 10
162.9493337329701
 20
28.84057665395095
 10
162.8276680790192
 20
28.83443601362398
 10
162.7142349318802
 20
28.81601409264305
 10
162.6090342915532
 20
28.78531089100817
 10
162.5120661580382
 20
28.74232640871934
 10
162.5120661580382
 20
28.74232640871934
 10
162.424882561308
 20
28.68807283923705
 10
162.3490355313352
 20
28.62248270299727
 10
162.3490355313352
 20
28.62248270299727
 10
162.2834453950954
 20
28.54690559128065
 10
162.2291918256132
 20
28.4605317493188
 10
162.2291918256132
 20
28.4605317493188
 10
162.1862073433243
 20
28.36430589100817
 10
162.1555041416894
 20
28.26025240326975
 10
162.1370822207085
 20
28.14837128610354
 10
162.1309415803815
 20
28.02866253950953
 10
162.1309415803815
 20
28.02866253950953
 10
162.133978160763
 20
27.93527082288828
 10
162.1430879019074
 20
27.84727747138964
 10
162.1582708038148
 20
27.76468248501362
 10
162.1795268664851
 20
27.68748586376022
 10
162.1795268664851
 20
27.68748586376022
 10
162.2074634059946
 20
27.61562012806539
 10
162.2416080653952
 20
27.54901779836512
 10
162.2819608446867
 20
27.4876788746594
 10
162.3285217438693
 20
27.43160335694823
 10
162.3285217438693
 20
27.43160335694823
 10
162.3802110899183
 20
27.38146604087193
 10
162.4370288828339
 20
27.33794172207084
 10
162.4989751226159
 20
27.30103040054496
 10
162.5660498092644
 20
27.27073207629428
 10
162.5660498092644
 20
27.27073207629428
 10
162.6387252997276
 20
27.24758658583106
 10
162.7163942779292
 20
27.23105409264305
 10
162.7990567438693
 20
27.22113459673024
 10
162.8867126975478
 20
27.21782809809264
 10
162.8867126975478
 20
27.21782809809264
 10
163.0470441416894
 20
27.22295654495912
 10
163.1868617983652
 20
27.23834188555858
 10
163.1868617983652
 20
27.23834188555858
 10
163.3153428882835
 20
27.26371420163488
 10
163.4416646321527
 20
27.29880357493188
 10
163.4416646321527
 20
27.29880357493188
 10
163.4416646321527
 20
28.07292913351498
 10
162.8964297547685
 20
28.07292913351498
  0
LWPOLYLINE
  5
664
330
1F
100
AcDbEntity
  8
TITLE_BLOCK
100
AcDbPolyline
 90
       54
 70
     1
 43
0.0
 10
138.3671722070845
 20
24.73487912806539
 10
138.3671722070845
 20
23.52066223433242
 10
138.7940583106267
 20
23.52066223433242
 10
138.8881144414169
 20
23.52626822888283
 10
138.9709585831062
 20
23.54308621253406
 10
138.9709585831062
 20
23.54308621253406
 10
139.043421253406
 20
23.57194670299727
 10
139.1046719346049
 20
23.6120191825613
 10
139.1046719346049
 20
23.6120191825613
 10
139.1532572207084
 20
23.6620578746594
 10
139.187723705722
 20
23.72081700272479
 10
139.187723705722
 20
23.72081700272479
 10
139.2089019073569
 20
23.78912708446866
 10
139.2159613079019
 20
23.86615760217984
 10
139.2159613079019
 20
23.86615760217984
 10
139.211808719346
 20
23.92304806539509
 10
139.1993509536784
 20
23.97412490463215
 10
139.1993509536784
 20
23.97412490463215
 10
139.1785880108991
 20
24.02001100817439
 10
139.1495198910081
 20
24.05966822888283
 10
139.1495198910081
 20
24.05966822888283
 10
139.1117313351498
 20
24.09309656675749
 10
139.0648070844686
 20
24.12029602179836
 10
139.0648070844686
 20
24.12029602179836
 10
139.0087471389646
 20
24.14147422343324
 10
138.9435514986376
 20
24.15683880108991
 10
138.9435514986376
 20
24.15683880108991
 10
138.9435514986376
 20
24.16514397820163
 10
138.9964970027248
 20
24.17822463215259
 10
139.042383106267
 20
24.19753416893733
 10
139.042383106267
 20
24.19753416893733
 10
139.0822479564033
 20
24.22369547683924
 10
139.1154686648501
 20
24.25567040871934
 10
139.1154686648501
 20
24.25567040871934
 10
139.1410070844686
 20
24.29304370572207
 10
139.1594861035422
 20
24.33540010899182
 10
139.1594861035422
 20
24.33540010899182
 10
139.170698092643
 20
24.38253198910082
 10
139.1744354223433
 20
24.43423171662125
 10
139.1744354223433
 20
24.43423171662125
 10
139.1675836512261
 20
24.50648675749319
 10
139.1470283378746
 20
24.56877558583106
 10
139.1470283378746
 20
24.56877558583106
 10
139.1129771117166
 20
24.6202676839237
 10
139.1129771117166
 20
24.6202676839237
 10
139.0656376021798
 20
24.66179356948229
 10
139.0656376021798
 20
24.66179356948229
 10
139.0031411444141
 20
24.6937685013624
 10
138.9236190735695
 20
24.71660773841962
 10
138.9236190735695
 20
24.71660773841962
 10
138.8270713896458
 20
24.73031128065395
 10
138.713498092643
 20
24.73487912806539
 10
138.713498092643
 20
24.73487912806539
 10
138.3671722070845
 20
24.73487912806539
  0
LWPOLYLINE
  5
665
330
1F
100
AcDbEntity
  8
TITLE_BLOCK
100
AcDbPolyline
 90
       29
 70
     1
 43
0.0
 10
138.51998746594
 20
24.09039738419618
 10
138.7533629427793
 20
24.09039738419618
 10
138.8233340599455
 20
24.0870753133515
 10
138.8837542234332
 20
24.07710910081744
 10
138.8837542234332
 20
24.07710910081744
 10
138.9354539509536
 20
24.0607063760218
 10
138.9776027247956
 20
24.03807476839237
 10
138.9776027247956
 20
24.03807476839237
 10
139.0099929155313
 20
24.00817613079019
 10
139.0099929155313
 20
24.00817613079019
 10
139.0332474114441
 20
23.97163335149864
 10
139.0332474114441
 20
23.97163335149864
 10
139.0475738419618
 20
23.92823880108992
 10
139.0523493188011
 20
23.87778485013624
 10
139.0523493188011
 20
23.87778485013624
 10
139.0477814713896
 20
23.82400882833787
 10
139.0340779291553
 20
23.77729220708447
 10
139.0340779291553
 20
23.77729220708447
 10
139.012276839237
 20
23.73846550408719
 10
138.9817553133515
 20
23.70669820163488
 10
138.9817553133515
 20
23.70669820163488
 10
138.9414752043596
 20
23.68199029972752
 10
138.8920594005449
 20
23.66434179836512
 10
138.8920594005449
 20
23.66434179836512
 10
138.8333002724795
 20
23.65375269754768
 10
138.7649901907357
 20
23.6502229972752
 10
138.7649901907357
 20
23.6502229972752
 10
138.51998746594
 20
23.6502229972752
 10
138.51998746594
 20
24.09039738419618
  0
LWPOLYLINE
  5
666
330
1F
100
AcDbEntity
  8
TITLE_BLOCK
100
AcDbPolyline
 90
       30
 70
     1
 43
0.0
 10
138.51998746594
 20
24.21829711171662
 10
138.51998746594
 20
24.60448784741144
 10
138.7209727520436
 20
24.60448784741144
 10
138.7923972752043
 20
24.60158103542234
 10
138.853855585831
 20
24.59286059945504
 10
138.853855585831
 20
24.59286059945504
 10
138.9045171662125
 20
24.5793646866485
 10
138.9452125340599
 20
24.56047040871934
 10
138.9452125340599
 20
24.56047040871934
 10
138.9759416893733
 20
24.53472435967302
 10
138.9759416893733
 20
24.53472435967302
 10
138.9983656675749
 20
24.50233416893733
 10
138.9983656675749
 20
24.50233416893733
 10
139.0120692098093
 20
24.46309220708447
 10
139.0166370572207
 20
24.41679084468665
 10
139.0166370572207
 20
24.41679084468665
 10
139.0124844686648
 20
24.36675215258855
 10
139.0000267029972
 20
24.32460337874659
 10
139.0000267029972
 20
24.32460337874659
 10
138.9800942779291
 20
24.28972163487738
 10
138.9800942779291
 20
24.28972163487738
 10
138.9518566757493
 20
24.26397558583106
 10
138.9518566757493
 20
24.26397558583106
 10
138.9144833787466
 20
24.24362790190736
 10
138.8671438692098
 20
24.22909384196185
 10
138.8671438692098
 20
24.22909384196185
 10
138.8106686648501
 20
24.22099629427793
 10
138.7442272479564
 20
24.21829711171662
 10
138.7442272479564
 20
24.21829711171662
 10
138.51998746594
 20
24.21829711171662
  0
LWPOLYLINE
  5
667
330
1F
100
AcDbEntity
  8
TITLE_BLOCK
100
AcDbPolyline
 90
       33
 70
     1
 43
0.0
 10
139.6254065395095
 20
24.02229493188011
 10
139.8670871934605
 20
24.02229493188011
 10
140.1610904632153
 20
23.52066223433242
 10
140.3396517711172
 20
23.52066223433242
 10
140.0066141689373
 20
24.06465133514986
 10
140.0632970027248
 20
24.08790583106267
 10
140.1120899182561
 20
24.11614343324251
 10
140.1120899182561
 20
24.11614343324251
 10
140.1540310626703
 20
24.14936414168937
 10
140.1884975476839
 20
24.18756795640327
 10
140.1884975476839
 20
24.18756795640327
 10
140.2152817438692
 20
24.23075487738419
 10
140.2341760217984
 20
24.27892490463215
 10
140.2341760217984
 20
24.27892490463215
 10
140.2460108991826
 20
24.33207803814714
 10
140.2499558583106
 20
24.39021427792915
 10
140.2499558583106
 20
24.39021427792915
 10
140.2431040871934
 20
24.4709821253406
 10
140.2225487738419
 20
24.54053798365122
 10
140.2225487738419
 20
24.54053798365122
 10
140.1884975476839
 20
24.59992
 10
140.1411580381471
 20
24.64850528610354
 10
140.1411580381471
 20
24.64850528610354
 10
140.0796997275204
 20
24.68629384196185
 10
140.0032920980926
 20
24.71328566757493
 10
140.0032920980926
 20
24.71328566757493
 10
139.9127656675749
 20
24.72948076294278
 10
139.8072899182561
 20
24.73487912806539
 10
139.8072899182561
 20
24.73487912806539
 10
139.4725912806539
 20
24.73487912806539
 10
139.4725912806539
 20
23.52066223433242
 10
139.6254065395095
 20
23.52066223433242
 10
139.6254065395095
 20
24.02229493188011
  0
LWPOLYLINE
  5
668
330
1F
100
AcDbEntity
  8
TITLE_BLOCK
100
AcDbPolyline
 90
       28
 70
     1
 43
0.0
 10
139.6254065395095
 20
24.15185569482289
 10
139.6254065395095
 20
24.6028268119891
 10
139.7989847411444
 20
24.6028268119891
 10
139.8708245231608
 20
24.59950474114441
 10
139.9318675749319
 20
24.58953852861035
 10
139.9318675749319
 20
24.58953852861035
 10
139.9823215258855
 20
24.57292817438692
 10
140.0223940054496
 20
24.54967367847411
 10
140.0223940054496
 20
24.54967367847411
 10
140.0522926430518
 20
24.51935978201635
 10
140.0738861035422
 20
24.48157122615804
 10
140.0738861035422
 20
24.48157122615804
 10
140.0869667574932
 20
24.43610038147139
 10
140.0913269754768
 20
24.38273961852861
 10
140.0913269754768
 20
24.38273961852861
 10
140.0869667574932
 20
24.32896359673024
 10
140.0738861035422
 20
24.28224697547684
 10
140.0738861035422
 20
24.28224697547684
 10
140.0529155313351
 20
24.24258975476839
 10
140.0232245231608
 20
24.2099919346049
 10
140.0232245231608
 20
24.2099919346049
 10
139.9841901907357
 20
24.18445351498637
 10
139.9351896457765
 20
24.16597449591281
 10
139.9351896457765
 20
24.16597449591281
 10
139.8762228882834
 20
24.15538539509537
 10
139.8072899182561
 20
24.15185569482289
 10
139.8072899182561
 20
24.15185569482289
 10
139.6254065395095
 20
24.15185569482289
  0
LWPOLYLINE
  5
669
330
1F
100
AcDbEntity
  8
TITLE_BLOCK
100
AcDbPolyline
 90
       13
 70
     1
 43
0.0
 10
141.2092038147139
 20
23.52066223433242
 10
141.2092038147139
 20
23.65520610354223
 10
140.6834861035422
 20
23.65520610354223
 10
140.6834861035422
 20
24.08873634877384
 10
141.1784746594005
 20
24.08873634877384
 10
141.1784746594005
 20
24.22161918256131
 10
140.6834861035422
 20
24.22161918256131
 10
140.6834861035422
 20
24.60033525885558
 10
141.2092038147139
 20
24.60033525885558
 10
141.2092038147139
 20
24.73487912806539
 10
140.5306708446867
 20
24.73487912806539
 10
140.5306708446867
 20
23.52066223433242
 10
141.2092038147139
 20
23.52066223433242
  0
LWPOLYLINE
  5
66A
330
1F
100
AcDbEntity
  8
TITLE_BLOCK
100
AcDbPolyline
 90
        9
 70
     1
 43
0.0
 10
142.2382152588556
 20
23.52066223433242
 10
142.3968441416894
 20
23.52066223433242
 10
141.9234490463215
 20
24.73986223433242
 10
141.785583106267
 20
24.73986223433242
 10
141.311357493188
 20
23.52066223433242
 10
141.465833787466
 20
23.52066223433242
 10
141.6103438692098
 20
23.89688675749318
 10
142.0920441416894
 20
23.89688675749318
 10
142.2382152588556
 20
23.52066223433242
  0
LWPOLYLINE
  5
66B
330
1F
100
AcDbEntity
  8
TITLE_BLOCK
100
AcDbPolyline
 90
        8
 70
     1
 43
0.0
 10
142.0463656675749
 20
24.03226114441417
 10
141.6618359673025
 20
24.03226114441417
 10
141.799701907357
 20
24.40018049046321
 10
141.8264861035422
 20
24.48676196185286
 10
141.8520245231608
 20
24.58206386920981
 10
141.8520245231608
 20
24.58206386920981
 10
141.9101607629428
 20
24.40018049046321
 10
142.0463656675749
 20
24.03226114441417
  0
LWPOLYLINE
  5
66C
330
1F
100
AcDbEntity
  8
TITLE_BLOCK
100
AcDbPolyline
 90
       14
 70
     1
 43
0.0
 10
143.4516016348774
 20
23.52066223433242
 10
142.9516299727521
 20
24.20583934604905
 10
143.4324997275205
 20
24.73487912806539
 10
143.2539384196185
 20
24.73487912806539
 10
142.8212386920981
 20
24.25151782016349
 10
142.7165934604905
 20
24.13607585831063
 10
142.7165934604905
 20
24.73487912806539
 10
142.5637782016349
 20
24.73487912806539
 10
142.5637782016349
 20
23.52066223433242
 10
142.7165934604905
 20
23.52066223433242
 10
142.7165934604905
 20
23.99156577656676
 10
142.8403405994551
 20
24.10036359673024
 10
143.2713792915532
 20
23.52066223433242
 10
143.4516016348774
 20
23.52066223433242
  0
LWPOLYLINE
  5
66D
330
1F
100
AcDbEntity
  8
TITLE_BLOCK
100
AcDbPolyline
 90
        9
 70
     1
 43
0.0
 10
144.8202948228883
 20
23.52066223433242
 10
144.9789237057221
 20
23.52066223433242
 10
144.5055286103542
 20
24.73986223433242
 10
144.3676626702998
 20
24.73986223433242
 10
143.8934370572207
 20
23.52066223433242
 10
144.0479133514987
 20
23.52066223433242
 10
144.1924234332425
 20
23.89688675749318
 10
144.6741237057221
 20
23.89688675749318
 10
144.8202948228883
 20
23.52066223433242
  0
LWPOLYLINE
  5
66E
330
1F
100
AcDbEntity
  8
TITLE_BLOCK
100
AcDbPolyline
 90
        8
 70
     1
 43
0.0
 10
144.6284452316077
 20
24.03226114441417
 10
144.2439155313352
 20
24.03226114441417
 10
144.3817814713897
 20
24.40018049046321
 10
144.4085656675749
 20
24.48676196185286
 10
144.4341040871935
 20
24.58206386920981
 10
144.4341040871935
 20
24.58206386920981
 10
144.4922403269755
 20
24.40018049046321
 10
144.6284452316077
 20
24.03226114441417
  0
LWPOLYLINE
  5
66F
330
1F
100
AcDbEntity
  8
TITLE_BLOCK
100
AcDbPolyline
 90
        7
 70
     1
 43
0.0
 10
145.1458577656676
 20
23.52066223433242
 10
145.8293738419619
 20
23.52066223433242
 10
145.8293738419619
 20
23.65686713896458
 10
145.2986730245232
 20
23.65686713896458
 10
145.2986730245232
 20
24.73487912806539
 10
145.1458577656676
 20
24.73487912806539
 10
145.1458577656676
 20
23.52066223433242
  0
LWPOLYLINE
  5
670
330
1F
100
AcDbEntity
  8
TITLE_BLOCK
100
AcDbPolyline
 90
        7
 70
     1
 43
0.0
 10
146.0370032697548
 20
23.52066223433242
 10
146.7205193460491
 20
23.52066223433242
 10
146.7205193460491
 20
23.65686713896458
 10
146.1898185286104
 20
23.65686713896458
 10
146.1898185286104
 20
24.73487912806539
 10
146.0370032697548
 20
24.73487912806539
 10
146.0370032697548
 20
23.52066223433242
  0
LWPOLYLINE
  5
671
330
1F
100
AcDbEntity
  8
TITLE_BLOCK
100
AcDbPolyline
 90
      120
 70
     1
 43
0.0
 10
148.0584833787467
 20
23.84539465940054
 10
148.0565108991826
 20
23.8862457493188
 10
148.0505934604905
 20
23.92408621253406
 10
148.0407310626704
 20
23.95891604904632
 10
148.0269237057221
 20
23.99073525885558
 10
148.0269237057221
 20
23.99073525885558
 10
147.9866435967303
 20
24.04845623978202
 10
147.9289226158039
 20
24.0987025613079
 10
147.9289226158039
 20
24.0987025613079
 10
147.8913935967303
 20
24.12252803814714
 10
147.8452479564033
 20
24.14666495912806
 10
147.790485694823
 20
24.17111332425068
 10
147.7271068119892
 20
24.19587313351499
 10
147.7271068119892
 20
24.19587313351499
 10
147.6743689373298
 20
24.21606509536785
 10
147.6291057220709
 20
24.23511509536785
 10
147.5913171662126
 20
24.25302313351499
 10
147.5610032697548
 20
24.26978920980926
 10
147.5610032697548
 20
24.26978920980926
 10
147.515740054496
 20
24.3038404359673
 10
147.484595640327
 20
24.34121373297003
 10
147.484595640327
 20
24.34121373297003
 10
147.4671547683924
 20
24.3860616893733
 10
147.4671547683924
 20
24.3860616893733
 10
147.4613411444142
 20
24.44087585831063
 10
147.4613411444142
 20
24.44087585831063
 10
147.4650784741145
 20
24.48011782016349
 10
147.4762904632153
 20
24.5147919346049
 10
147.4762904632153
 20
24.5147919346049
 10
147.4951847411445
 20
24.54552108991825
 10
147.5219689373298
 20
24.57126713896458
 10
147.5219689373298
 20
24.57126713896458
 10
147.5556049046322
 20
24.59161482288828
 10
147.5950544959129
 20
24.60614888283379
 10
147.5950544959129
 20
24.60614888283379
 10
147.6403177111717
 20
24.61486931880109
 10
147.6913945504088
 20
24.61777613079019
 10
147.6913945504088
 20
24.61777613079019
 10
147.7600160762943
 20
24.61372735694823
 10
147.8313367847412
 20
24.60158103542234
 10
147.9053566757494
 20
24.58133716621253
 10
147.9820757493189
 20
24.5529957493188
 10
147.9820757493189
 20
24.5529957493188
 10
148.0294152588557
 20
24.68421754768392
 10
147.9511908719347
 20
24.71401237057221
 10
147.8693329700273
 20
24.73529438692098
 10
147.7838415531336
 20
24.74806359673024
 10
147.6947166212535
 20
24.75232
 10
147.6947166212535
 20
24.75232
 10
147.6116648501363
 20
24.74692163487738
 10
147.5369182561309
 20
24.73072653950954
 10
147.5369182561309
 20
24.73072653950954
 10
147.4706844686649
 20
24.70477286103542
 10
147.4131711171663
 20
24.66843771117166
 10
147.4131711171663
 20
24.66843771117166
 10
147.3666621253407
 20
24.62255160762943
 10
147.3334414168938
 20
24.56960610354223
 10
147.3334414168938
 20
24.56960610354223
 10
147.3135089918257
 20
24.50960119891008
 10
147.3068648501363
 20
24.44253689373297
 10
147.3068648501363
 20
24.44253689373297
 10
147.31122506812
 20
24.37920991825613
 10
147.3243057220709
 20
24.32211182561308
 10
147.3243057220709
 20
24.32211182561308
 10
147.3471449591281
 20
24.27124261580381
 10
147.3791198910082
 20
24.22660228882834
 10
147.3791198910082
 20
24.22660228882834
 10
147.4212686648502
 20
24.18642599455041
 10
147.4754599455042
 20
24.14894888283379
 10
147.5416937329701
 20
24.11417095367847
 10
147.619970027248
 20
24.08209220708447
 10
147.619970027248
 20
24.08209220708447
 10
147.6755628065396
 20
24.06106972752043
 10
147.7235771117167
 20
24.04118920980926
 10
147.7640129427793
 20
24.02245065395095
 10
147.7968702997276
 20
24.0048540599455
 10
147.7968702997276
 20
24.0048540599455
 10
147.8473242506813
 20
23.96955705722071
 10
147.8807525885559
 20
23.9317685013624
 10
147.8807525885559
 20
23.9317685013624
 10
147.8990239782017
 20
23.88692054495912
 10
147.8990239782017
 20
23.88692054495912
 10
147.9056681198911
 20
23.8321063760218
 10
147.9056681198911
 20
23.8321063760218
 10
147.9013079019074
 20
23.78871182561308
 10
147.8882272479565
 20
23.7498851226158
 10
147.8882272479565
 20
23.7498851226158
 10
147.866633787466
 20
23.71666441416894
 10
147.8367351498638
 20
23.6884268119891
 10
147.8367351498638
 20
23.6884268119891
 10
147.7977008174388
 20
23.66517231607629
 10
147.750361307902
 20
23.64856196185286
 10
147.750361307902
 20
23.64856196185286
 10
147.6953395095368
 20
23.63921863760218
 10
147.6315972752044
 20
23.63610419618528
 10
147.6315972752044
 20
23.63610419618528
 10
147.548753133515
 20
23.64087967302452
 10
147.4596801089919
 20
23.65520610354223
 10
147.4596801089919
 20
23.65520610354223
 10
147.3718528610355
 20
23.67783771117166
 10
147.291085013624
 20
23.70752871934605
 10
147.291085013624
 20
23.70752871934605
 10
147.291085013624
 20
23.56135760217984
 10
147.3561768392371
 20
23.53628634877384
 10
147.43351880109
 20
23.5183783106267
 10
147.5231108991826
 20
23.50763348773842
 10
147.624953133515
 20
23.50405188010899
 10
147.624953133515
 20
23.50405188010899
 10
147.7215008174388
 20
23.5096578746594
 10
147.8068365122616
 20
23.52647585831063
 10
147.8068365122616
 20
23.52647585831063
 10
147.8809602179837
 20
23.55533634877384
 10
147.943871934605
 20
23.59540882833787
 10
147.943871934605
 20
23.59540882833787
 10
147.9939106267031
 20
23.64523989100817
 10
148.0294152588557
 20
23.70337613079019
 10
148.0294152588557
 20
23.70337613079019
 10
148.0512163487739
 20
23.77002517711172
 10
148.0584833787467
 20
23.84539465940054
 10
148.0584833787467
 20
23.84539465940054
  0
LWPOLYLINE
  5
672
330
1F
100
AcDbEntity
  8
TITLE_BLOCK
100
AcDbPolyline
 90
       13
 70
     1
 43
0.0
 10
149.2320049046322
 20
23.52066223433242
 10
149.2320049046322
 20
24.73487912806539
 10
149.0791896457766
 20
24.73487912806539
 10
149.0791896457766
 20
24.22161918256131
 10
148.4563013623979
 20
24.22161918256131
 10
148.4563013623979
 20
24.73487912806539
 10
148.3034861035423
 20
24.73487912806539
 10
148.3034861035423
 20
23.52066223433242
 10
148.4563013623979
 20
23.52066223433242
 10
148.4563013623979
 20
24.0870753133515
 10
149.0791896457766
 20
24.0870753133515
 10
149.0791896457766
 20
23.52066223433242
 10
149.2320049046322
 20
23.52066223433242
  0
LWPOLYLINE
  5
673
330
1F
100
AcDbEntity
  8
TITLE_BLOCK
100
AcDbPolyline
 90
        9
 70
     1
 43
0.0
 10
150.3257967302453
 20
23.52066223433242
 10
150.4844256130791
 20
23.52066223433242
 10
150.0110305177112
 20
24.73986223433242
 10
149.8731645776567
 20
24.73986223433242
 10
149.3989389645777
 20
23.52066223433242
 10
149.5534152588556
 20
23.52066223433242
 10
149.6979253405995
 20
23.89688675749318
 10
150.1796256130791
 20
23.89688675749318
 10
150.3257967302453
 20
23.52066223433242
  0
LWPOLYLINE
  5
674
330
1F
100
AcDbEntity
  8
TITLE_BLOCK
100
AcDbPolyline
 90
        8
 70
     1
 43
0.0
 10
150.1339471389646
 20
24.03226114441417
 10
149.7494174386921
 20
24.03226114441417
 10
149.8872833787466
 20
24.40018049046321
 10
149.9140675749319
 20
24.48676196185286
 10
149.9396059945504
 20
24.58206386920981
 10
149.9396059945504
 20
24.58206386920981
 10
149.9977422343325
 20
24.40018049046321
 10
150.1339471389646
 20
24.03226114441417
  0
LWPOLYLINE
  5
675
330
1F
100
AcDbEntity
  8
TITLE_BLOCK
100
AcDbPolyline
 90
       33
 70
     1
 43
0.0
 10
150.8041749318802
 20
24.02229493188011
 10
151.0458555858311
 20
24.02229493188011
 10
151.3398588555859
 20
23.52066223433242
 10
151.5184201634878
 20
23.52066223433242
 10
151.185382561308
 20
24.06465133514986
 10
151.2420653950954
 20
24.08790583106267
 10
151.2908583106268
 20
24.11614343324251
 10
151.2908583106268
 20
24.11614343324251
 10
151.3327994550409
 20
24.14936414168937
 10
151.3672659400546
 20
24.18756795640327
 10
151.3672659400546
 20
24.18756795640327
 10
151.3940501362398
 20
24.23075487738419
 10
151.412944414169
 20
24.27892490463215
 10
151.412944414169
 20
24.27892490463215
 10
151.4247792915532
 20
24.33207803814714
 10
151.4287242506813
 20
24.39021427792915
 10
151.4287242506813
 20
24.39021427792915
 10
151.4218724795641
 20
24.4709821253406
 10
151.4013171662126
 20
24.54053798365122
 10
151.4013171662126
 20
24.54053798365122
 10
151.3672659400546
 20
24.59992
 10
151.3199264305178
 20
24.64850528610354
 10
151.3199264305178
 20
24.64850528610354
 10
151.2584681198911
 20
24.68629384196185
 10
151.1820604904633
 20
24.71328566757493
 10
151.1820604904633
 20
24.71328566757493
 10
151.0915340599456
 20
24.72948076294278
 10
150.9860583106268
 20
24.73487912806539
 10
150.9860583106268
 20
24.73487912806539
 10
150.6513596730246
 20
24.73487912806539
 10
150.6513596730246
 20
23.52066223433242
 10
150.8041749318802
 20
23.52066223433242
 10
150.8041749318802
 20
24.02229493188011
  0
LWPOLYLINE
  5
676
330
1F
100
AcDbEntity
  8
TITLE_BLOCK
100
AcDbPolyline
 90
       28
 70
     1
 43
0.0
 10
150.8041749318802
 20
24.15185569482289
 10
150.8041749318802
 20
24.6028268119891
 10
150.9777531335151
 20
24.6028268119891
 10
151.0495929155314
 20
24.59950474114441
 10
151.1106359673025
 20
24.58953852861035
 10
151.1106359673025
 20
24.58953852861035
 10
151.1610899182562
 20
24.57292817438692
 10
151.2011623978202
 20
24.54967367847411
 10
151.2011623978202
 20
24.54967367847411
 10
151.2310610354224
 20
24.51935978201635
 10
151.2526544959129
 20
24.48157122615804
 10
151.2526544959129
 20
24.48157122615804
 10
151.2657351498638
 20
24.43610038147139
 10
151.2700953678475
 20
24.38273961852861
 10
151.2700953678475
 20
24.38273961852861
 10
151.2657351498638
 20
24.32896359673024
 10
151.2526544959129
 20
24.28224697547684
 10
151.2526544959129
 20
24.28224697547684
 10
151.2316839237058
 20
24.24258975476839
 10
151.2019929155314
 20
24.2099919346049
 10
151.2019929155314
 20
24.2099919346049
 10
151.1629585831063
 20
24.18445351498637
 10
151.1139580381472
 20
24.16597449591281
 10
151.1139580381472
 20
24.16597449591281
 10
151.054991280654
 20
24.15538539509537
 10
150.9860583106268
 20
24.15185569482289
 10
150.9860583106268
 20
24.15185569482289
 10
150.8041749318802
 20
24.15185569482289
  0
LWPOLYLINE
  5
677
330
1F
100
AcDbEntity
  8
TITLE_BLOCK
100
AcDbPolyline
 90
       30
 70
     1
 43
0.0
 10
152.486803814714
 20
24.37775651226158
 10
152.4795367847412
 20
24.46122354223433
 10
152.457735694823
 20
24.53389384196185
 10
152.457735694823
 20
24.53389384196185
 10
152.4222310626704
 20
24.59493689373297
 10
152.3721923705723
 20
24.64518321525885
 10
152.3721923705723
 20
24.64518321525885
 10
152.3078272479565
 20
24.68442517711172
 10
152.2293433242507
 20
24.71245514986376
 10
152.2293433242507
 20
24.71245514986376
 10
152.1373634877385
 20
24.72927313351498
 10
152.0308495912807
 20
24.73487912806539
 10
152.0308495912807
 20
24.73487912806539
 10
151.7094392370573
 20
24.73487912806539
 10
151.7094392370573
 20
23.52066223433242
 10
151.8622544959129
 20
23.52066223433242
 10
151.8622544959129
 20
23.9932268119891
 10
152.0017814713897
 20
23.9932268119891
 10
152.1105792915532
 20
23.99924806539509
 10
152.206088828338
 20
24.01731182561308
 10
152.206088828338
 20
24.01731182561308
 10
152.2893482288829
 20
24.04845623978202
 10
152.3597346049047
 20
24.09205841961853
 10
152.3597346049047
 20
24.09205841961853
 10
152.4149640326976
 20
24.14728784741144
 10
152.4544136239783
 20
24.21331400544959
 10
152.4544136239783
 20
24.21331400544959
 10
152.47870626703
 20
24.29013689373297
 10
152.486803814714
 20
24.37775651226158
 10
152.486803814714
 20
24.37775651226158
  0
LWPOLYLINE
  5
678
330
1F
100
AcDbEntity
  8
TITLE_BLOCK
100
AcDbPolyline
 90
       29
 70
     1
 43
0.0
 10
151.8622544959129
 20
24.12444861035422
 10
151.8622544959129
 20
24.60448784741144
 10
152.0167307901908
 20
24.60448784741144
 10
152.0912697547685
 20
24.60075051771117
 10
152.1554272479565
 20
24.58953852861035
 10
152.1554272479565
 20
24.58953852861035
 10
152.2092032697549
 20
24.57168239782016
 10
152.2525978201636
 20
24.54635160762943
 10
152.2525978201636
 20
24.54635160762943
 10
152.2854032697549
 20
24.51354615803815
 10
152.3090730245232
 20
24.47326604904632
 10
152.3090730245232
 20
24.47326604904632
 10
152.3233994550409
 20
24.42571891008174
 10
152.3281749318802
 20
24.37111237057221
 10
152.3281749318802
 20
24.37111237057221
 10
152.3229841961854
 20
24.31069220708447
 10
152.3074119891009
 20
24.25899247956403
 10
152.3074119891009
 20
24.25899247956403
 10
152.2816659400546
 20
24.2158055585831
 10
152.2816659400546
 20
24.2158055585831
 10
152.2467841961854
 20
24.18258485013624
 10
152.2467841961854
 20
24.18258485013624
 10
152.1998599455042
 20
24.15704643051771
 10
152.1404779291554
 20
24.13856741144414
 10
152.1404779291554
 20
24.13856741144414
 10
152.068638147139
 20
24.1279783106267
 10
151.9843405994551
 20
24.12444861035422
 10
151.9843405994551
 20
24.12444861035422
 10
151.8622544959129
 20
24.12444861035422
  0
LWPOLYLINE
  5
679
330
1F
100
AcDbEntity
  8
TITLE_BLOCK
100
AcDbPolyline
 90
       13
 70
     1
 43
0.0
 10
153.8588190735696
 20
23.52066223433242
 10
153.8588190735696
 20
23.65520610354223
 10
153.3331013623979
 20
23.65520610354223
 10
153.3331013623979
 20
24.08873634877384
 10
153.8280899182562
 20
24.08873634877384
 10
153.8280899182562
 20
24.22161918256131
 10
153.3331013623979
 20
24.22161918256131
 10
153.3331013623979
 20
24.60033525885558
 10
153.8588190735696
 20
24.60033525885558
 10
153.8588190735696
 20
24.73487912806539
 10
153.1802861035423
 20
24.73487912806539
 10
153.1802861035423
 20
23.52066223433242
 10
153.8588190735696
 20
23.52066223433242
  0
LWPOLYLINE
  5
67A
330
1F
100
AcDbEntity
  8
TITLE_BLOCK
100
AcDbPolyline
 90
       44
 70
     1
 43
0.0
 10
155.0987820163489
 20
24.13939792915531
 10
155.0962904632154
 20
24.20838280653951
 10
155.0888158038148
 20
24.27331891008174
 10
155.0763580381472
 20
24.33420623978201
 10
155.0589171662126
 20
24.39104479564033
 10
155.0589171662126
 20
24.39104479564033
 10
155.0369084468666
 20
24.44388648501362
 10
155.0099166212535
 20
24.49278321525885
 10
154.9779416893734
 20
24.53773498637602
 10
154.9409836512262
 20
24.57874179836512
 10
154.9409836512262
 20
24.57874179836512
 10
154.8995615803816
 20
24.61533648501362
 10
154.8541945504088
 20
24.64705188010899
 10
154.804882561308
 20
24.67388798365122
 10
154.7516256130791
 20
24.69584479564033
 10
154.7516256130791
 20
24.69584479564033
 10
154.6944756130791
 20
24.71292231607629
 10
154.633484468665
 20
24.72512054495913
 10
154.5686521798366
 20
24.73243948228883
 10
154.4999787465941
 20
24.73487912806539
 10
154.4999787465941
 20
24.73487912806539
 10
154.1262457765669
 20
24.73487912806539
 10
154.1262457765669
 20
23.52066223433242
 10
154.4642664850137
 20
23.52066223433242
 10
154.5384940054497
 20
23.52310188010899
 10
154.608361307902
 20
23.53042081743869
 10
154.6738683923707
 20
23.54261904632152
 10
154.7350152588557
 20
23.55969656675749
 10
154.7350152588557
 20
23.55969656675749
 10
154.7913866485015
 20
23.58212054495912
 10
154.8433978201636
 20
23.60952762942779
 10
154.8910487738421
 20
23.64191782016348
 10
154.9343395095369
 20
23.67929111716621
 10
154.9343395095369
 20
23.67929111716621
 10
154.9728547683925
 20
23.72133607629427
 10
155.0061792915532
 20
23.76774125340599
 10
155.0343130790192
 20
23.81850664850136
 10
155.0572561307903
 20
23.87363226158038
 10
155.0572561307903
 20
23.87363226158038
 10
155.0754237057222
 20
23.93353335149864
 10
155.0884005449592
 20
23.99779465940054
 10
155.0961866485015
 20
24.0664161852861
 10
155.0987820163489
 20
24.13939792915531
 10
155.0987820163489
 20
24.13939792915531
  0
LWPOLYLINE
  5
67B
330
1F
100
AcDbEntity
  8
TITLE_BLOCK
100
AcDbPolyline
 90
       44
 70
     1
 43
0.0
 10
154.9376615803816
 20
24.13441482288828
 10
154.9356891008175
 20
24.07570760217984
 10
154.9297716621254
 20
24.02084152588556
 10
154.9199092643053
 20
23.96981659400545
 10
154.9061019073571
 20
23.92263280653951
 10
154.9061019073571
 20
23.92263280653951
 10
154.8888167574933
 20
23.87929016348774
 10
154.8676904632154
 20
23.83978866485014
 10
154.8427230245233
 20
23.8041283106267
 10
154.813914441417
 20
23.77230910081744
 10
154.813914441417
 20
23.77230910081744
 10
154.7812128065396
 20
23.74391577656676
 10
154.7445662125342
 20
23.71936359673024
 10
154.7039746594006
 20
23.6986525613079
 10
154.6594381471391
 20
23.68178267029973
 10
154.6594381471391
 20
23.68178267029973
 10
154.611423841962
 20
23.66870201634877
 10
154.5595683923707
 20
23.65935869209809
 10
154.5038717983652
 20
23.65375269754768
 10
154.4443340599456
 20
23.65188403269755
 10
154.4443340599456
 20
23.65188403269755
 10
154.2790610354224
 20
23.65188403269755
 10
154.2790610354224
 20
24.60448784741144
 10
154.4783852861036
 20
24.60448784741144
 10
154.5342376021799
 20
24.60261918256131
 10
154.586352588556
 20
24.5970131880109
 10
154.6347302452317
 20
24.58766986376022
 10
154.6793705722072
 20
24.57458920980926
 10
154.6793705722072
 20
24.57458920980926
 10
154.7207407356949
 20
24.55777122615804
 10
154.7584773841963
 20
24.53721591280654
 10
154.7925805177113
 20
24.51292326975476
 10
154.8230501362399
 20
24.48489329700272
 10
154.8230501362399
 20
24.48489329700272
 10
154.8498862397821
 20
24.45328171662125
 10
154.873088828338
 20
24.4182442506812
 10
154.8926579019075
 20
24.37978089918256
 10
154.9085934604906
 20
24.33789166212534
 10
154.9085934604906
 20
24.33789166212534
 10
154.9213107629429
 20
24.29216128065395
 10
154.9303945504088
 20
24.24300501362397
 10
154.9358448228884
 20
24.19042286103542
 10
154.9376615803816
 20
24.13441482288828
 10
154.9376615803816
 20
24.13441482288828
  0
LWPOLYLINE
  5
67C
330
1F
100
AcDbEntity
  8
TITLE_BLOCK
100
AcDbPolyline
 90
      100
 70
     1
 43
0.0
 10
155.8952485013625
 20
24.16182190735694
 10
155.8952485013625
 20
24.02561700272479
 10
156.1618446866486
 20
24.02561700272479
 10
156.1618446866486
 20
23.66517231607629
 10
156.04411880109
 20
23.64337122615804
 10
155.9234861035423
 20
23.63610419618528
 10
155.9234861035423
 20
23.63610419618528
 10
155.8691391008175
 20
23.63802476839237
 10
155.8182179836513
 20
23.64378648501362
 10
155.7707227520437
 20
23.65338934604905
 10
155.7266534059947
 20
23.66683335149864
 10
155.7266534059947
 20
23.66683335149864
 10
155.6855946866486
 20
23.68458566757493
 10
155.6479618528611
 20
23.70628294277929
 10
155.6137549046323
 20
23.73192517711172
 10
155.5829738419619
 20
23.76151237057221
 10
155.5829738419619
 20
23.76151237057221
 10
155.5553591280655
 20
23.79447354223433
 10
155.5314817438693
 20
23.83106822888283
 10
155.5113416893734
 20
23.87129643051771
 10
155.4949389645778
 20
23.91515814713896
 10
155.4949389645778
 20
23.91515814713896
 10
155.4822216621254
 20
23.96301673024523
 10
155.4731378746595
 20
24.01440501362397
 10
155.4676876021799
 20
24.0693229972752
 10
155.4658708446867
 20
24.12777068119891
 10
155.4658708446867
 20
24.12777068119891
 10
155.4733455040873
 20
24.23553035422343
 10
155.4957694822889
 20
24.33124752043597
 10
155.4957694822889
 20
24.33124752043597
 10
155.5130546321527
 20
24.37459016348774
 10
155.5341809264306
 20
24.41492217983651
 10
155.5591483651227
 20
24.45224356948229
 10
155.587956948229
 20
24.48655433242507
 10
155.587956948229
 20
24.48655433242507
 10
155.6197761580382
 20
24.51728348773842
 10
155.6546059945505
 20
24.54386005449591
 10
155.6924464577658
 20
24.56628403269755
 10
155.733297547684
 20
24.58455542234332
 10
155.733297547684
 20
24.58455542234332
 10
155.7771592643053
 20
24.59908948228883
 10
155.8240316076295
 20
24.60947095367847
 10
155.8739145776568
 20
24.61569983651226
 10
155.926808174387
 20
24.61777613079019
 10
155.926808174387
 20
24.61777613079019
 10
156.0036829700273
 20
24.61341591280654
 10
156.0814920980927
 20
24.60033525885558
 10
156.1602355585832
 20
24.57853416893733
 10
156.2399133514987
 20
24.54801264305177
 10
156.2399133514987
 20
24.54801264305177
 10
156.2980495912807
 20
24.68089547683924
 10
156.2125062670301
 20
24.71214370572207
 10
156.1236408719347
 20
24.73446386920981
 10
156.0314534059947
 20
24.74785596730245
 10
155.9359438692099
 20
24.75232
 10
155.9359438692099
 20
24.75232
 10
155.8423549046323
 20
24.74759643051771
 10
155.7550986376023
 20
24.73342572207084
 10
155.67417506812
 20
24.7098078746594
 10
155.5995841961854
 20
24.67674288828338
 10
155.5995841961854
 20
24.67674288828338
 10
155.5325198910083
 20
24.635009373297
 10
155.4741760217985
 20
24.58455542234332
 10
155.4741760217985
 20
24.58455542234332
 10
155.4237220708448
 20
24.52641918256131
 10
155.3819885558584
 20
24.45997776566757
 10
155.3819885558584
 20
24.45997776566757
 10
155.3489235694824
 20
24.3859578746594
 10
155.3253057220709
 20
24.30591673024523
 10
155.3111350136241
 20
24.21985433242507
 10
155.3064114441418
 20
24.12777068119891
 10
155.3064114441418
 20
24.12777068119891
 10
155.3087472752045
 20
24.05593089918256
 10
155.3157547683925
 20
23.98824370572207
 10
155.3274339237058
 20
23.92470910081744
 10
155.3437847411445
 20
23.86532708446866
 10
155.3437847411445
 20
23.86532708446866
 10
155.3652743869211
 20
23.8100457493188
 10
155.3915395095369
 20
23.7588131880109
 10
155.4225801089919
 20
23.71162940054496
 10
155.4583961852862
 20
23.66849438692098
 10
155.4583961852862
 20
23.66849438692098
 10
155.4981572207085
 20
23.62992722070845
 10
155.541863215259
 20
23.59644697547684
 10
155.5895141689374
 20
23.56805365122615
 10
155.641110081744
 20
23.5447472479564
 10
155.641110081744
 20
23.5447472479564
 10
155.6970143051772
 20
23.52694302452316
 10
155.7567596730246
 20
23.51422572207084
 10
155.8203461852862
 20
23.50659534059945
 10
155.8877738419619
 20
23.50405188010899
 10
155.8877738419619
 20
23.50405188010899
 10
156.0111057220709
 20
23.50799683923706
 10
156.1186577656677
 20
23.51983171662125
 10
156.1186577656677
 20
23.51983171662125
 10
156.2174893732971
 20
23.53934888283379
 10
156.3146599455042
 20
23.56634070844687
 10
156.3146599455042
 20
23.56634070844687
 10
156.3146599455042
 20
24.16182190735694
 10
155.8952485013625
 20
24.16182190735694
  0
LWPOLYLINE
  5
67D
330
1F
100
AcDbEntity
  8
TITLE_BLOCK
100
AcDbPolyline
 90
       13
 70
     1
 43
0.0
 10
157.2847046321527
 20
23.52066223433242
 10
157.2847046321527
 20
23.65520610354223
 10
156.758986920981
 20
23.65520610354223
 10
156.758986920981
 20
24.08873634877384
 10
157.2539754768393
 20
24.08873634877384
 10
157.2539754768393
 20
24.22161918256131
 10
156.758986920981
 20
24.22161918256131
 10
156.758986920981
 20
24.60033525885558
 10
157.2847046321527
 20
24.60033525885558
 10
157.2847046321527
 20
24.73487912806539
 10
156.6061716621254
 20
24.73487912806539
 10
156.6061716621254
 20
23.52066223433242
 10
157.2847046321527
 20
23.52066223433242
  0
LWPOLYLINE
  5
67E
330
1F
100
AcDbEntity
  8
TITLE_BLOCK
100
AcDbPolyline
 90
      120
 70
     1
 43
0.0
 10
158.2406305177113
 20
23.84539465940054
 10
158.2386580381472
 20
23.8862457493188
 10
158.2327405994551
 20
23.92408621253406
 10
158.222878201635
 20
23.95891604904632
 10
158.2090708446867
 20
23.99073525885558
 10
158.2090708446867
 20
23.99073525885558
 10
158.1687907356949
 20
24.04845623978202
 10
158.1110697547685
 20
24.0987025613079
 10
158.1110697547685
 20
24.0987025613079
 10
158.0735407356949
 20
24.12252803814714
 10
158.027395095368
 20
24.14666495912806
 10
157.9726328337876
 20
24.17111332425068
 10
157.9092539509538
 20
24.19587313351499
 10
157.9092539509538
 20
24.19587313351499
 10
157.8565160762944
 20
24.21606509536785
 10
157.8112528610355
 20
24.23511509536785
 10
157.7734643051772
 20
24.25302313351499
 10
157.7431504087194
 20
24.26978920980926
 10
157.7431504087194
 20
24.26978920980926
 10
157.6978871934606
 20
24.3038404359673
 10
157.6667427792916
 20
24.34121373297003
 10
157.6667427792916
 20
24.34121373297003
 10
157.6493019073571
 20
24.3860616893733
 10
157.6493019073571
 20
24.3860616893733
 10
157.6434882833788
 20
24.44087585831063
 10
157.6434882833788
 20
24.44087585831063
 10
157.6472256130791
 20
24.48011782016349
 10
157.6584376021799
 20
24.5147919346049
 10
157.6584376021799
 20
24.5147919346049
 10
157.6773318801091
 20
24.54552108991825
 10
157.7041160762944
 20
24.57126713896458
 10
157.7041160762944
 20
24.57126713896458
 10
157.7377520435968
 20
24.59161482288828
 10
157.7772016348775
 20
24.60614888283379
 10
157.7772016348775
 20
24.60614888283379
 10
157.8224648501363
 20
24.61486931880109
 10
157.8735416893734
 20
24.61777613079019
 10
157.8735416893734
 20
24.61777613079019
 10
157.9421632152589
 20
24.61372735694823
 10
158.0134839237058
 20
24.60158103542234
 10
158.087503814714
 20
24.58133716621253
 10
158.1642228882835
 20
24.5529957493188
 10
158.1642228882835
 20
24.5529957493188
 10
158.2115623978203
 20
24.68421754768392
 10
158.1333380108993
 20
24.71401237057221
 10
158.0514801089919
 20
24.73529438692098
 10
157.9659886920982
 20
24.74806359673024
 10
157.8768637602181
 20
24.75232
 10
157.8768637602181
 20
24.75232
 10
157.7938119891009
 20
24.74692163487738
 10
157.7190653950955
 20
24.73072653950954
 10
157.7190653950955
 20
24.73072653950954
 10
157.6528316076295
 20
24.70477286103542
 10
157.5953182561309
 20
24.66843771117166
 10
157.5953182561309
 20
24.66843771117166
 10
157.5488092643053
 20
24.62255160762943
 10
157.5155885558584
 20
24.56960610354223
 10
157.5155885558584
 20
24.56960610354223
 10
157.4956561307903
 20
24.50960119891008
 10
157.4890119891009
 20
24.44253689373297
 10
157.4890119891009
 20
24.44253689373297
 10
157.4933722070846
 20
24.37920991825613
 10
157.5064528610355
 20
24.32211182561308
 10
157.5064528610355
 20
24.32211182561308
 10
157.5292920980928
 20
24.27124261580381
 10
157.5612670299728
 20
24.22660228882834
 10
157.5612670299728
 20
24.22660228882834
 10
157.6034158038148
 20
24.18642599455041
 10
157.6576070844688
 20
24.14894888283379
 10
157.7238408719347
 20
24.11417095367847
 10
157.8021171662126
 20
24.08209220708447
 10
157.8021171662126
 20
24.08209220708447
 10
157.8577099455042
 20
24.06106972752043
 10
157.9057242506813
 20
24.04118920980926
 10
157.946160081744
 20
24.02245065395095
 10
157.9790174386922
 20
24.0048540599455
 10
157.9790174386922
 20
24.0048540599455
 10
158.0294713896459
 20
23.96955705722071
 10
158.0628997275205
 20
23.9317685013624
 10
158.0628997275205
 20
23.9317685013624
 10
158.0811711171663
 20
23.88692054495912
 10
158.0811711171663
 20
23.88692054495912
 10
158.0878152588557
 20
23.8321063760218
 10
158.0878152588557
 20
23.8321063760218
 10
158.083455040872
 20
23.78871182561308
 10
158.0703743869211
 20
23.7498851226158
 10
158.0703743869211
 20
23.7498851226158
 10
158.0487809264306
 20
23.71666441416894
 10
158.0188822888284
 20
23.6884268119891
 10
158.0188822888284
 20
23.6884268119891
 10
157.9798479564034
 20
23.66517231607629
 10
157.9325084468666
 20
23.64856196185286
 10
157.9325084468666
 20
23.64856196185286
 10
157.8774866485014
 20
23.63921863760218
 10
157.813744414169
 20
23.63610419618528
 10
157.813744414169
 20
23.63610419618528
 10
157.7309002724797
 20
23.64087967302452
 10
157.6418272479565
 20
23.65520610354223
 10
157.6418272479565
 20
23.65520610354223
 10
157.5540000000001
 20
23.67783771117166
 10
157.4732321525887
 20
23.70752871934605
 10
157.4732321525887
 20
23.70752871934605
 10
157.4732321525887
 20
23.56135760217984
 10
157.5383239782017
 20
23.53628634877384
 10
157.6156659400546
 20
23.5183783106267
 10
157.7052580381472
 20
23.50763348773842
 10
157.8071002724797
 20
23.50405188010899
 10
157.8071002724797
 20
23.50405188010899
 10
157.9036479564034
 20
23.5096578746594
 10
157.9889836512262
 20
23.52647585831063
 10
157.9889836512262
 20
23.52647585831063
 10
158.0631073569483
 20
23.55533634877384
 10
158.1260190735696
 20
23.59540882833787
 10
158.1260190735696
 20
23.59540882833787
 10
158.1760577656677
 20
23.64523989100817
 10
158.2115623978203
 20
23.70337613079019
 10
158.2115623978203
 20
23.70337613079019
 10
158.2333634877385
 20
23.77002517711172
 10
158.2406305177113
 20
23.84539465940054
 10
158.2406305177113
 20
23.84539465940054
  0
LWPOLYLINE
  5
67F
330
1F
100
AcDbEntity
  8
TITLE_BLOCK
100
AcDbPolyline
 90
        9
 70
     1
 43
0.0
 10
159.6890534059947
 20
23.52066223433242
 10
159.8476822888284
 20
23.52066223433242
 10
159.3742871934606
 20
24.73986223433242
 10
159.2364212534061
 20
24.73986223433242
 10
158.7621956403271
 20
23.52066223433242
 10
158.916671934605
 20
23.52066223433242
 10
159.0611820163489
 20
23.89688675749318
 10
159.5428822888284
 20
23.89688675749318
 10
159.6890534059947
 20
23.52066223433242
  0
LWPOLYLINE
  5
680
330
1F
100
AcDbEntity
  8
TITLE_BLOCK
100
AcDbPolyline
 90
        8
 70
     1
 43
0.0
 10
159.497203814714
 20
24.03226114441417
 10
159.1126741144415
 20
24.03226114441417
 10
159.250540054496
 20
24.40018049046321
 10
159.2773242506813
 20
24.48676196185286
 10
159.3028626702998
 20
24.58206386920981
 10
159.3028626702998
 20
24.58206386920981
 10
159.3609989100818
 20
24.40018049046321
 10
159.497203814714
 20
24.03226114441417
  0
LWPOLYLINE
  5
681
330
1F
100
AcDbEntity
  8
TITLE_BLOCK
100
AcDbPolyline
 90
       31
 70
     1
 43
0.0
 10
160.9771863760219
 20
23.52066223433242
 10
160.9771863760219
 20
24.73487912806539
 10
160.8343373297004
 20
24.73487912806539
 10
160.8343373297004
 20
24.04970201634877
 10
160.8346487738421
 20
24.01803852861035
 10
160.8355831062671
 20
23.97786223433242
 10
160.8371403269756
 20
23.92917313351499
 10
160.8393204359674
 20
23.87197122615803
 10
160.8393204359674
 20
23.87197122615803
 10
160.8416043596731
 20
23.81731277929155
 10
160.8434730245233
 20
23.77542354223433
 10
160.8449264305178
 20
23.74630351498637
 10
160.8459645776568
 20
23.72995269754768
 10
160.8459645776568
 20
23.72995269754768
 10
160.8393204359674
 20
23.72995269754768
 10
160.6275384196186
 20
24.05966822888283
 10
160.2288899182562
 20
24.67591237057221
 10
160.1915166212535
 20
24.73487912806539
 10
160.014616348774
 20
24.73487912806539
 10
160.014616348774
 20
23.52066223433242
 10
160.1558043596731
 20
23.52066223433242
 10
160.1558043596731
 20
24.19919520435967
 10
160.1551814713898
 20
24.25733144414169
 10
160.1533128065396
 20
24.32045079019073
 10
160.1501983651227
 20
24.38855324250681
 10
160.1458381471391
 20
24.46163880108992
 10
160.1458381471391
 20
24.46163880108992
 10
160.1416855585832
 20
24.52891073569482
 10
160.1483297002726
 20
24.52891073569482
 10
160.79862506812
 20
23.52066223433242
 10
160.9771863760219
 20
23.52066223433242
  0
LWPOLYLINE
  5
682
330
1F
100
AcDbEntity
  8
TITLE_BLOCK
100
AcDbPolyline
 90
       44
 70
     1
 43
0.0
 10
162.2794381471391
 20
24.13939792915531
 10
162.2769465940056
 20
24.20838280653951
 10
162.269471934605
 20
24.27331891008174
 10
162.2570141689374
 20
24.33420623978201
 10
162.2395732970028
 20
24.39104479564033
 10
162.2395732970028
 20
24.39104479564033
 10
162.2175645776568
 20
24.44388648501362
 10
162.1905727520437
 20
24.49278321525885
 10
162.1585978201636
 20
24.53773498637602
 10
162.1216397820164
 20
24.57874179836512
 10
162.1216397820164
 20
24.57874179836512
 10
162.0802177111718
 20
24.61533648501362
 10
162.034850681199
 20
24.64705188010899
 10
161.9855386920982
 20
24.67388798365122
 10
161.9322817438693
 20
24.69584479564033
 10
161.9322817438693
 20
24.69584479564033
 10
161.8751317438693
 20
24.71292231607629
 10
161.8141405994552
 20
24.72512054495913
 10
161.7493083106268
 20
24.73243948228883
 10
161.6806348773843
 20
24.73487912806539
 10
161.6806348773843
 20
24.73487912806539
 10
161.3069019073571
 20
24.73487912806539
 10
161.3069019073571
 20
23.52066223433242
 10
161.6449226158039
 20
23.52066223433242
 10
161.7191501362399
 20
23.52310188010899
 10
161.7890174386922
 20
23.53042081743869
 10
161.8545245231609
 20
23.54261904632152
 10
161.9156713896459
 20
23.55969656675749
 10
161.9156713896459
 20
23.55969656675749
 10
161.9720427792917
 20
23.58212054495912
 10
162.0240539509538
 20
23.60952762942779
 10
162.0717049046323
 20
23.64191782016348
 10
162.1149956403271
 20
23.67929111716621
 10
162.1149956403271
 20
23.67929111716621
 10
162.1535108991827
 20
23.72133607629427
 10
162.1868354223434
 20
23.76774125340599
 10
162.2149692098094
 20
23.81850664850136
 10
162.2379122615805
 20
23.87363226158038
 10
162.2379122615805
 20
23.87363226158038
 10
162.2560798365124
 20
23.93353335149864
 10
162.2690566757494
 20
23.99779465940054
 10
162.2768427792917
 20
24.0664161852861
 10
162.2794381471391
 20
24.13939792915531
 10
162.2794381471391
 20
24.13939792915531
  0
LWPOLYLINE
  5
683
330
1F
100
AcDbEntity
  8
TITLE_BLOCK
100
AcDbPolyline
 90
       44
 70
     1
 43
0.0
 10
162.1183177111718
 20
24.13441482288828
 10
162.1163452316077
 20
24.07570760217984
 10
162.1104277929156
 20
24.02084152588556
 10
162.1005653950955
 20
23.96981659400545
 10
162.0867580381473
 20
23.92263280653951
 10
162.0867580381473
 20
23.92263280653951
 10
162.0694728882835
 20
23.87929016348774
 10
162.0483465940056
 20
23.83978866485014
 10
162.0233791553134
 20
23.8041283106267
 10
161.9945705722072
 20
23.77230910081744
 10
161.9945705722072
 20
23.77230910081744
 10
161.9618689373298
 20
23.74391577656676
 10
161.9252223433244
 20
23.71936359673024
 10
161.8846307901908
 20
23.6986525613079
 10
161.8400942779293
 20
23.68178267029973
 10
161.8400942779293
 20
23.68178267029973
 10
161.7920799727522
 20
23.66870201634877
 10
161.7402245231609
 20
23.65935869209809
 10
161.6845279291554
 20
23.65375269754768
 10
161.6249901907358
 20
23.65188403269755
 10
161.6249901907358
 20
23.65188403269755
 10
161.4597171662126
 20
23.65188403269755
 10
161.4597171662126
 20
24.60448784741144
 10
161.6590414168938
 20
24.60448784741144
 10
161.7148937329701
 20
24.60261918256131
 10
161.7670087193462
 20
24.5970131880109
 10
161.8153863760219
 20
24.58766986376022
 10
161.8600267029974
 20
24.57458920980926
 10
161.8600267029974
 20
24.57458920980926
 10
161.9013968664851
 20
24.55777122615804
 10
161.9391335149865
 20
24.53721591280654
 10
161.9732366485015
 20
24.51292326975476
 10
162.0037062670301
 20
24.48489329700272
 10
162.0037062670301
 20
24.48489329700272
 10
162.0305423705723
 20
24.45328171662125
 10
162.0537449591282
 20
24.4182442506812
 10
162.0733140326977
 20
24.37978089918256
 10
162.0892495912807
 20
24.33789166212534
 10
162.0892495912807
 20
24.33789166212534
 10
162.1019668937331
 20
24.29216128065395
 10
162.111050681199
 20
24.24300501362397
 10
162.1165009536786
 20
24.19042286103542
 10
162.1183177111718
 20
24.13441482288828
 10
162.1183177111718
 20
24.13441482288828
  0
LWPOLYLINE
  5
684
330
1F
100
AcDbEntity
  8
TITLE_BLOCK
100
AcDbPolyline
 90
       33
 70
     1
 43
0.0
 10
144.2576190735695
 20
21.97617613079019
 10
144.4992997275204
 20
21.97617613079019
 10
144.7933029972752
 20
21.47454343324251
 10
144.9718643051771
 20
21.47454343324251
 10
144.6388267029972
 20
22.01853253405994
 10
144.6955095367847
 20
22.04178702997275
 10
144.744302452316
 20
22.07002463215259
 10
144.744302452316
 20
22.07002463215259
 10
144.7862435967302
 20
22.10324534059945
 10
144.8207100817438
 20
22.14144915531335
 10
144.8207100817438
 20
22.14144915531335
 10
144.8474942779291
 20
22.18463607629428
 10
144.8663885558583
 20
22.23280610354223
 10
144.8663885558583
 20
22.23280610354223
 10
144.8782234332425
 20
22.28595923705722
 10
144.8821683923705
 20
22.34409547683924
 10
144.8821683923705
 20
22.34409547683924
 10
144.8753166212534
 20
22.42486332425068
 10
144.8547613079019
 20
22.49441918256131
 10
144.8547613079019
 20
22.49441918256131
 10
144.8207100817438
 20
22.55380119891008
 10
144.7733705722071
 20
22.60238648501362
 10
144.7733705722071
 20
22.60238648501362
 10
144.7119122615804
 20
22.64017504087193
 10
144.6355046321526
 20
22.66716686648501
 10
144.6355046321526
 20
22.66716686648501
 10
144.5449782016348
 20
22.68336196185286
 10
144.439502452316
 20
22.68876032697548
 10
144.439502452316
 20
22.68876032697548
 10
144.1048038147139
 20
22.68876032697548
 10
144.1048038147139
 20
21.47454343324251
 10
144.2576190735695
 20
21.47454343324251
 10
144.2576190735695
 20
21.97617613079019
  0
LWPOLYLINE
  5
685
330
1F
100
AcDbEntity
  8
TITLE_BLOCK
100
AcDbPolyline
 90
       28
 70
     1
 43
0.0
 10
144.2576190735695
 20
22.10573689373297
 10
144.2576190735695
 20
22.55670801089918
 10
144.4311972752043
 20
22.55670801089918
 10
144.5030370572207
 20
22.55338594005449
 10
144.5640801089918
 20
22.54341972752043
 10
144.5640801089918
 20
22.54341972752043
 10
144.6145340599455
 20
22.526809373297
 10
144.6546065395095
 20
22.5035548773842
 10
144.6546065395095
 20
22.5035548773842
 10
144.6845051771117
 20
22.47324098092643
 10
144.7060986376022
 20
22.43545242506812
 10
144.7060986376022
 20
22.43545242506812
 10
144.7191792915531
 20
22.38998158038147
 10
144.7235395095367
 20
22.33662081743869
 10
144.7235395095367
 20
22.33662081743869
 10
144.7191792915531
 20
22.28284479564033
 10
144.7060986376022
 20
22.23612817438692
 10
144.7060986376022
 20
22.23612817438692
 10
144.6851280653951
 20
22.19647095367847
 10
144.6554370572207
 20
22.16387313351499
 10
144.6554370572207
 20
22.16387313351499
 10
144.6164027247956
 20
22.13833471389646
 10
144.5674021798365
 20
22.11985569482289
 10
144.5674021798365
 20
22.11985569482289
 10
144.5084354223433
 20
22.10926659400545
 10
144.439502452316
 20
22.10573689373297
 10
144.439502452316
 20
22.10573689373297
 10
144.2576190735695
 20
22.10573689373297
  0
LWPOLYLINE
  5
686
330
1F
100
AcDbEntity
  8
TITLE_BLOCK
100
AcDbPolyline
 90
       13
 70
     1
 43
0.0
 10
145.8414163487738
 20
21.47454343324251
 10
145.8414163487738
 20
21.60908730245232
 10
145.3156986376022
 20
21.60908730245232
 10
145.3156986376022
 20
22.04261754768392
 10
145.8106871934605
 20
22.04261754768392
 10
145.8106871934605
 20
22.17550038147139
 10
145.3156986376022
 20
22.17550038147139
 10
145.3156986376022
 20
22.55421645776567
 10
145.8414163487738
 20
22.55421645776567
 10
145.8414163487738
 20
22.68876032697548
 10
145.1628833787466
 20
22.68876032697548
 10
145.1628833787466
 20
21.47454343324251
 10
145.8414163487738
 20
21.47454343324251
  0
LWPOLYLINE
  5
687
330
1F
100
AcDbEntity
  8
TITLE_BLOCK
100
AcDbPolyline
 90
       27
 70
     1
 43
0.0
 10
146.6445269754768
 20
21.47454343324251
 10
146.7699351498638
 20
21.47454343324251
 10
147.1752277929155
 20
22.53760610354223
 10
147.1818719346049
 20
22.53760610354223
 10
147.176785013624
 20
22.44588580381471
 10
147.1731514986376
 20
22.36257449591281
 10
147.1709713896458
 20
22.28767217983651
 10
147.1702446866485
 20
22.22117885558583
 10
147.1702446866485
 20
22.22117885558583
 10
147.1702446866485
 20
21.47454343324251
 10
147.3213989100817
 20
21.47454343324251
 10
147.3213989100817
 20
22.68876032697548
 10
147.0971591280654
 20
22.68876032697548
 10
146.7159514986376
 20
21.69380010899182
 10
146.7093073569482
 20
21.69380010899182
 10
146.3347438692098
 20
22.68876032697548
 10
146.1088430517711
 20
22.68876032697548
 10
146.1088430517711
 20
21.47454343324251
 10
146.2500310626703
 20
21.47454343324251
 10
146.2500310626703
 20
22.21121264305177
 10
146.2492524523161
 20
22.30490542234332
 10
146.2469166212534
 20
22.39081209809264
 10
146.2430235694823
 20
22.46893267029973
 10
146.2375732970027
 20
22.53926713896458
 10
146.2375732970027
 20
22.53926713896458
 10
146.2442174386921
 20
22.53926713896458
 10
146.6445269754768
 20
21.47454343324251
  0
LWPOLYLINE
  5
688
330
1F
100
AcDbEntity
  8
TITLE_BLOCK
100
AcDbPolyline
 90
       81
 70
     1
 43
0.0
 10
148.7116855585831
 20
22.08331291553133
 10
148.7093497275204
 20
22.15442599455041
 10
148.7023422343324
 20
22.22159411444142
 10
148.6906630790191
 20
22.28481727520436
 10
148.6743122615804
 20
22.34409547683924
 10
148.6743122615804
 20
22.34409547683924
 10
148.6537569482289
 20
22.39942871934605
 10
148.6286337874659
 20
22.45081700272479
 10
148.5989427792915
 20
22.49826032697548
 10
148.5646839237057
 20
22.54175869209809
 10
148.5646839237057
 20
22.54175869209809
 10
148.5259091280654
 20
22.58068920980926
 10
148.4835008174387
 20
22.61442899182561
 10
148.4374589918256
 20
22.64297803814714
 10
148.3877836512262
 20
22.66633634877384
 10
148.3877836512262
 20
22.66633634877384
 10
148.334838147139
 20
22.68450392370572
 10
148.2781553133515
 20
22.69748076294278
 10
148.2177351498638
 20
22.70526686648501
 10
148.1535776566757
 20
22.70786223433242
 10
148.1535776566757
 20
22.70786223433242
 10
148.0874476839237
 20
22.70526686648501
 10
148.0252626702997
 20
22.69748076294278
 10
147.9670226158038
 20
22.68450392370572
 10
147.912727520436
 20
22.66633634877384
 10
147.912727520436
 20
22.66633634877384
 10
147.8627407356948
 20
22.64344520435967
 10
147.8165950953678
 20
22.61546713896458
 10
147.774290599455
 20
22.58240215258855
 10
147.7358272479564
 20
22.54425024523161
 10
147.7358272479564
 20
22.54425024523161
 10
147.7015683923706
 20
22.50142667574932
 10
147.6718773841962
 20
22.45434670299727
 10
147.6467542234332
 20
22.40301032697548
 10
147.6261989100817
 20
22.34741754768392
 10
147.6261989100817
 20
22.34741754768392
 10
147.6105747956403
 20
22.28803553133515
 10
147.5994147138964
 20
22.22450092643052
 10
147.5927186648501
 20
22.15681373297003
 10
147.5904866485014
 20
22.08497395095368
 10
147.5904866485014
 20
22.08497395095368
 10
147.5927705722071
 20
22.01230365122616
 10
147.5996223433242
 20
21.94378594005449
 10
147.6110419618529
 20
21.87942081743869
 10
147.6270294277929
 20
21.81920828337875
 10
147.6270294277929
 20
21.81920828337875
 10
147.6475847411444
 20
21.76356359673024
 10
147.6727079019074
 20
21.7120714986376
 10
147.7023989100817
 20
21.66473198910082
 10
147.7366577656676
 20
21.62154506811989
 10
147.7366577656676
 20
21.62154506811989
 10
147.7751211171662
 20
21.5830298092643
 10
147.817425613079
 20
21.54970528610354
 10
147.863571253406
 20
21.5215714986376
 10
147.9135580381471
 20
21.49862844686648
 10
147.9135580381471
 20
21.49862844686648
 10
147.9673859673024
 20
21.48082422343324
 10
148.0250550408719
 20
21.46810692098093
 10
148.0865652588556
 20
21.46047653950954
 10
148.1519166212534
 20
21.45793307901907
 10
148.1519166212534
 20
21.45793307901907
 10
148.2161260217983
 20
21.46052844686648
 10
148.2767019073569
 20
21.46831455040872
 10
148.3336442779292
 20
21.48129138964578
 10
148.386953133515
 20
21.49945896457766
 10
148.386953133515
 20
21.49945896457766
 10
148.4366284741144
 20
21.52286918256131
 10
148.4826702997275
 20
21.55157395095368
 10
148.5250786103542
 20
21.58557326975477
 10
148.5638534059945
 20
21.62486713896458
 10
148.5638534059945
 20
21.62486713896458
 10
148.598475613079
 20
21.66836550408719
 10
148.6284261580381
 20
21.71580882833787
 10
148.6537050408719
 20
21.76719711171662
 10
148.6743122615804
 20
21.82253035422343
 10
148.6743122615804
 20
21.82253035422343
 10
148.6906630790191
 20
21.88180855585831
 10
148.7023422343324
 20
21.94503171662125
 10
148.7093497275204
 20
22.01219983651226
 10
148.7116855585831
 20
22.08331291553133
 10
148.7116855585831
 20
22.08331291553133
  0
LWPOLYLINE
  5
689
330
1F
100
AcDbEntity
  8
TITLE_BLOCK
100
AcDbPolyline
 90
       69
 70
     1
 43
0.0
 10
147.7516070844686
 20
22.08331291553133
 10
147.7578359673024
 20
22.19584806539509
 10
147.7765226158038
 20
22.29426441416894
 10
147.7765226158038
 20
22.29426441416894
 10
147.8087051771117
 20
22.37835433242507
 10
147.8537607629428
 20
22.44791019073569
 10
147.8537607629428
 20
22.44791019073569
 10
147.880596866485
 20
22.47713403269755
 10
147.9104435967302
 20
22.50251673024523
 10
147.9433009536785
 20
22.52405828337875
 10
147.9791689373297
 20
22.54175869209809
 10
147.9791689373297
 20
22.54175869209809
 10
148.0184108991826
 20
22.55556604904632
 10
148.0605596730245
 20
22.56542844686648
 10
148.1056152588556
 20
22.57134588555858
 10
148.1535776566757
 20
22.57331836512261
 10
148.1535776566757
 20
22.57331836512261
 10
148.2007095367847
 20
22.57134588555858
 10
148.2449346049046
 20
22.56542844686648
 10
148.2862528610354
 20
22.55556604904632
 10
148.3246643051771
 20
22.54175869209809
 10
148.3246643051771
 20
22.54175869209809
 10
148.3927667574932
 20
22.5033472479564
 10
148.4492419618529
 20
22.44957122615804
 10
148.4492419618529
 20
22.44957122615804
 10
148.4726002724796
 20
22.4169214986376
 10
148.4928441416894
 20
22.380430626703
 10
148.5099735694823
 20
22.34009861035422
 10
148.5239885558583
 20
22.29592544959128
 10
148.5239885558583
 20
22.29592544959128
 10
148.5352524523161
 20
22.2483783106267
 10
148.543298092643
 20
22.19709384196185
 10
148.5481254768392
 20
22.14207204359673
 10
148.5497346049046
 20
22.08331291553133
 10
148.5497346049046
 20
22.08331291553133
 10
148.5481254768392
 20
22.02413852861035
 10
148.543298092643
 20
21.96870147138964
 10
148.5352524523161
 20
21.91700174386921
 10
148.5239885558583
 20
21.86903934604905
 10
148.5239885558583
 20
21.86903934604905
 10
148.5099216621253
 20
21.82481427792915
 10
148.4926365122616
 20
21.78432653950954
 10
148.472133106267
 20
21.74757613079019
 10
148.4484114441417
 20
21.71456305177112
 10
148.4484114441417
 20
21.71456305177112
 10
148.4215753405994
 20
21.68533920980926
 10
148.3917286103542
 20
21.65995651226158
 10
148.358871253406
 20
21.63841495912806
 10
148.3230032697548
 20
21.62071455040872
 10
148.3230032697548
 20
21.62071455040872
 10
148.2432735694823
 20
21.5976676839237
 10
148.1519166212534
 20
21.58998539509536
 10
148.1519166212534
 20
21.58998539509536
 10
148.1043694822888
 20
21.5919578746594
 10
148.0597291553133
 20
21.5978753133515
 10
148.017995640327
 20
21.60773771117166
 10
147.9791689373297
 20
21.62154506811989
 10
147.9791689373297
 20
21.62154506811989
 10
147.9433009536785
 20
21.63929738419618
 10
147.9104435967302
 20
21.66099465940054
 10
147.880596866485
 20
21.68663689373297
 10
147.8537607629428
 20
21.71622408719346
 10
147.8537607629428
 20
21.71622408719346
 10
147.8087051771117
 20
21.78640283378747
 10
147.7765226158038
 20
21.87070038147139
 10
147.7765226158038
 20
21.87070038147139
 10
147.7578359673024
 20
21.9699472479564
 10
147.7516070844686
 20
22.08331291553133
 10
147.7516070844686
 20
22.08331291553133
  0
LWPOLYLINE
  5
68A
330
1F
100
AcDbEntity
  8
TITLE_BLOCK
100
AcDbPolyline
 90
       18
 70
     1
 43
0.0
 10
148.8146697547684
 20
22.68876032697548
 10
149.2482
 20
21.47454343324251
 10
149.4018457765667
 20
21.47454343324251
 10
149.8353760217984
 20
22.68876032697548
 10
149.6734250681199
 20
22.68876032697548
 10
149.4018457765667
 20
21.91305678474114
 10
149.3758401907357
 20
21.83493621253406
 10
149.3542986376022
 20
21.76418648501362
 10
149.3372211171662
 20
21.70080760217984
 10
149.3246076294278
 20
21.6447995640327
 10
149.3246076294278
 20
21.6447995640327
 10
149.3108002724796
 20
21.70527163487738
 10
149.2934632152588
 20
21.76958485013624
 10
149.2725964577656
 20
21.83773920980926
 10
149.2482
 20
21.90973471389646
 10
149.2482
 20
21.90973471389646
 10
148.9749596730245
 20
22.68876032697548
 10
148.8146697547684
 20
22.68876032697548
  0
LWPOLYLINE
  5
68B
330
1F
100
AcDbEntity
  8
TITLE_BLOCK
100
AcDbPolyline
 90
       13
 70
     1
 43
0.0
 10
150.6791820163488
 20
21.47454343324251
 10
150.6791820163488
 20
21.60908730245232
 10
150.1534643051771
 20
21.60908730245232
 10
150.1534643051771
 20
22.04261754768392
 10
150.6484528610354
 20
22.04261754768392
 10
150.6484528610354
 20
22.17550038147139
 10
150.1534643051771
 20
22.17550038147139
 10
150.1534643051771
 20
22.55421645776567
 10
150.6791820163488
 20
22.55421645776567
 10
150.6791820163488
 20
22.68876032697548
 10
150.0006490463215
 20
22.68876032697548
 10
150.0006490463215
 20
21.47454343324251
 10
150.6791820163488
 20
21.47454343324251
  0
LWPOLYLINE
  5
68C
330
1F
100
AcDbEntity
  8
TITLE_BLOCK
100
AcDbPolyline
 90
       54
 70
     1
 43
0.0
 10
151.3884441416894
 20
22.68876032697548
 10
151.3884441416894
 20
21.47454343324251
 10
151.8153302452316
 20
21.47454343324251
 10
151.9093863760218
 20
21.48014942779291
 10
151.9922305177112
 20
21.49696741144414
 10
151.9922305177112
 20
21.49696741144414
 10
152.0646931880109
 20
21.52582790190736
 10
152.1259438692098
 20
21.56590038147139
 10
152.1259438692098
 20
21.56590038147139
 10
152.1745291553133
 20
21.61593907356948
 10
152.208995640327
 20
21.67469820163488
 10
152.208995640327
 20
21.67469820163488
 10
152.2301738419619
 20
21.74300828337875
 10
152.2372332425068
 20
21.82003880108992
 10
152.2372332425068
 20
21.82003880108992
 10
152.233080653951
 20
21.87692926430518
 10
152.2206228882834
 20
21.92800610354223
 10
152.2206228882834
 20
21.92800610354223
 10
152.1998599455041
 20
21.97389220708447
 10
152.1707918256131
 20
22.01354942779291
 10
152.1707918256131
 20
22.01354942779291
 10
152.1330032697548
 20
22.04697776566757
 10
152.0860790190736
 20
22.07417722070845
 10
152.0860790190736
 20
22.07417722070845
 10
152.0300190735695
 20
22.09535542234332
 10
151.9648234332425
 20
22.11072
 10
151.9648234332425
 20
22.11072
 10
151.9648234332425
 20
22.11902517711172
 10
152.0177689373297
 20
22.13210583106267
 10
152.0636550408719
 20
22.15141536784741
 10
152.0636550408719
 20
22.15141536784741
 10
152.1035198910082
 20
22.17757667574932
 10
152.136740599455
 20
22.20955160762943
 10
152.136740599455
 20
22.20955160762943
 10
152.1622790190736
 20
22.24692490463215
 10
152.1807580381471
 20
22.28928130790191
 10
152.1807580381471
 20
22.28928130790191
 10
152.1919700272479
 20
22.3364131880109
 10
152.1957073569482
 20
22.38811291553133
 10
152.1957073569482
 20
22.38811291553133
 10
152.188855585831
 20
22.46036795640327
 10
152.1683002724796
 20
22.52265678474114
 10
152.1683002724796
 20
22.52265678474114
 10
152.1342490463215
 20
22.57414888283379
 10
152.1342490463215
 20
22.57414888283379
 10
152.0869095367847
 20
22.61567476839237
 10
152.0869095367847
 20
22.61567476839237
 10
152.0244130790191
 20
22.64764970027248
 10
151.9448910081744
 20
22.6704889373297
 10
151.9448910081744
 20
22.6704889373297
 10
151.8483433242507
 20
22.68419247956403
 10
151.7347700272479
 20
22.68876032697548
 10
151.7347700272479
 20
22.68876032697548
 10
151.3884441416894
 20
22.68876032697548
  0
LWPOLYLINE
  5
68D
330
1F
100
AcDbEntity
  8
TITLE_BLOCK
100
AcDbPolyline
 90
       29
 70
     1
 43
0.0
 10
151.541259400545
 20
22.04427858310627
 10
151.7746348773842
 20
22.04427858310627
 10
151.8446059945504
 20
22.04095651226158
 10
151.9050261580381
 20
22.03099029972752
 10
151.9050261580381
 20
22.03099029972752
 10
151.9567258855586
 20
22.01458757493188
 10
151.9988746594005
 20
21.99195596730245
 10
151.9988746594005
 20
21.99195596730245
 10
152.0312648501362
 20
21.96205732970027
 10
152.0312648501362
 20
21.96205732970027
 10
152.054519346049
 20
21.92551455040872
 10
152.054519346049
 20
21.92551455040872
 10
152.0688457765667
 20
21.88212
 10
152.073621253406
 20
21.83166604904632
 10
152.073621253406
 20
21.83166604904632
 10
152.0690534059945
 20
21.77789002724796
 10
152.0553498637602
 20
21.73117340599455
 10
152.0553498637602
 20
21.73117340599455
 10
152.033548773842
 20
21.69234670299727
 10
152.0030272479564
 20
21.66057940054496
 10
152.0030272479564
 20
21.66057940054496
 10
151.9627471389646
 20
21.6358714986376
 10
151.9133313351498
 20
21.6182229972752
 10
151.9133313351498
 20
21.6182229972752
 10
151.8545722070845
 20
21.60763389645776
 10
151.7862621253406
 20
21.60410419618529
 10
151.7862621253406
 20
21.60410419618529
 10
151.541259400545
 20
21.60410419618529
 10
151.541259400545
 20
22.04427858310627
  0
LWPOLYLINE
  5
68E
330
1F
100
AcDbEntity
  8
TITLE_BLOCK
100
AcDbPolyline
 90
       30
 70
     1
 43
0.0
 10
151.541259400545
 20
22.1721783106267
 10
151.541259400545
 20
22.55836904632152
 10
151.7422446866485
 20
22.55836904632152
 10
151.8136692098093
 20
22.55546223433242
 10
151.875127520436
 20
22.54674179836512
 10
151.875127520436
 20
22.54674179836512
 10
151.9257891008174
 20
22.53324588555858
 10
151.9664844686648
 20
22.51435160762943
 10
151.9664844686648
 20
22.51435160762943
 10
151.9972136239782
 20
22.48860555858311
 10
151.9972136239782
 20
22.48860555858311
 10
152.0196376021798
 20
22.45621536784741
 10
152.0196376021798
 20
22.45621536784741
 10
152.0333411444142
 20
22.41697340599455
 10
152.0379089918256
 20
22.37067204359673
 10
152.0379089918256
 20
22.37067204359673
 10
152.0337564032698
 20
22.32063335149864
 10
152.0212986376022
 20
22.27848457765667
 10
152.0212986376022
 20
22.27848457765667
 10
152.0013662125341
 20
22.24360283378746
 10
152.0013662125341
 20
22.24360283378746
 10
151.9731286103542
 20
22.21785678474114
 10
151.9731286103542
 20
22.21785678474114
 10
151.9357553133515
 20
22.19750910081744
 10
151.8884158038147
 20
22.18297504087193
 10
151.8884158038147
 20
22.18297504087193
 10
151.831940599455
 20
22.17487749318801
 10
151.7654991825613
 20
22.1721783106267
 10
151.7654991825613
 20
22.1721783106267
 10
151.541259400545
 20
22.1721783106267
  0
LWPOLYLINE
  5
68F
330
1F
100
AcDbEntity
  8
TITLE_BLOCK
100
AcDbPolyline
 90
       55
 70
     1
 43
0.0
 10
153.4173989100817
 20
22.68876032697548
 10
153.2654141689373
 20
22.68876032697548
 10
153.2654141689373
 20
21.90309057220708
 10
153.2602234332425
 20
21.83125079019073
 10
153.2446512261581
 20
21.76854670299727
 10
153.2446512261581
 20
21.76854670299727
 10
153.2195280653951
 20
21.7149783106267
 10
153.1840234332425
 20
21.67054561307902
 10
153.1840234332425
 20
21.67054561307902
 10
153.1391754768393
 20
21.63504098092643
 10
153.0860223433243
 20
21.60991782016348
 10
153.0860223433243
 20
21.60991782016348
 10
153.0237335149864
 20
21.59496850136239
 10
152.9531395095368
 20
21.58998539509536
 10
152.9531395095368
 20
21.58998539509536
 10
152.8783929155314
 20
21.59496850136239
 10
152.81361253406
 20
21.60991782016348
 10
152.81361253406
 20
21.60991782016348
 10
152.7587983651226
 20
21.63566386920981
 10
152.7139504087193
 20
21.67137613079019
 10
152.7139504087193
 20
21.67137613079019
 10
152.6790686648501
 20
21.71622408719346
 10
152.654153133515
 20
21.76937722070845
 10
152.654153133515
 20
21.76937722070845
 10
152.6398267029973
 20
21.83104316076294
 10
152.6350512261581
 20
21.90142953678474
 10
152.6350512261581
 20
21.90142953678474
 10
152.6350512261581
 20
22.68876032697548
 10
152.4814054495913
 20
22.68876032697548
 10
152.4814054495913
 20
21.90641264305177
 10
152.4888801089918
 20
21.80737340599455
 10
152.5113040871935
 20
21.71954615803815
 10
152.5113040871935
 20
21.71954615803815
 10
152.5495079019074
 20
21.64293089918256
 10
152.6026610354224
 20
21.57752762942779
 10
152.6026610354224
 20
21.57752762942779
 10
152.6693100817439
 20
21.52520501362398
 10
152.7480016348774
 20
21.48783171662125
 10
152.7480016348774
 20
21.48783171662125
 10
152.8397738419619
 20
21.46540773841962
 10
152.9440038147139
 20
21.45793307901907
 10
152.9440038147139
 20
21.45793307901907
 10
153.0490643051771
 20
21.46520010899182
 10
153.1416670299728
 20
21.48700119891008
 10
153.1416670299728
 20
21.48700119891008
 10
153.2228501362398
 20
21.52437449591281
 10
153.2919907356948
 20
21.57669711171662
 10
153.2919907356948
 20
21.57669711171662
 10
153.3465972752044
 20
21.64126986376022
 10
153.3858392370572
 20
21.71705460490463
 10
153.3858392370572
 20
21.71705460490463
 10
153.4095089918256
 20
21.80467422343324
 10
153.4173989100817
 20
21.90309057220708
 10
153.4173989100817
 20
21.90309057220708
 10
153.4173989100817
 20
22.68876032697548
  0
LWPOLYLINE
  5
690
330
1F
100
AcDbEntity
  8
TITLE_BLOCK
100
AcDbPolyline
 90
       33
 70
     1
 43
0.0
 10
153.8899634877384
 20
21.97617613079019
 10
154.1316441416894
 20
21.97617613079019
 10
154.4256474114442
 20
21.47454343324251
 10
154.6042087193461
 20
21.47454343324251
 10
154.2711711171662
 20
22.01853253405994
 10
154.3278539509537
 20
22.04178702997275
 10
154.376646866485
 20
22.07002463215259
 10
154.376646866485
 20
22.07002463215259
 10
154.4185880108992
 20
22.10324534059945
 10
154.4530544959128
 20
22.14144915531335
 10
154.4530544959128
 20
22.14144915531335
 10
154.4798386920981
 20
22.18463607629428
 10
154.4987329700273
 20
22.23280610354223
 10
154.4987329700273
 20
22.23280610354223
 10
154.5105678474115
 20
22.28595923705722
 10
154.5145128065395
 20
22.34409547683924
 10
154.5145128065395
 20
22.34409547683924
 10
154.5076610354224
 20
22.42486332425068
 10
154.4871057220709
 20
22.49441918256131
 10
154.4871057220709
 20
22.49441918256131
 10
154.4530544959128
 20
22.55380119891008
 10
154.405714986376
 20
22.60238648501362
 10
154.405714986376
 20
22.60238648501362
 10
154.3442566757493
 20
22.64017504087193
 10
154.2678490463215
 20
22.66716686648501
 10
154.2678490463215
 20
22.66716686648501
 10
154.1773226158038
 20
22.68336196185286
 10
154.071846866485
 20
22.68876032697548
 10
154.071846866485
 20
22.68876032697548
 10
153.7371482288829
 20
22.68876032697548
 10
153.7371482288829
 20
21.47454343324251
 10
153.8899634877384
 20
21.47454343324251
 10
153.8899634877384
 20
21.97617613079019
  0
LWPOLYLINE
  5
691
330
1F
100
AcDbEntity
  8
TITLE_BLOCK
100
AcDbPolyline
 90
       28
 70
     1
 43
0.0
 10
153.8899634877384
 20
22.10573689373297
 10
153.8899634877384
 20
22.55670801089918
 10
154.0635416893733
 20
22.55670801089918
 10
154.1353814713897
 20
22.55338594005449
 10
154.1964245231608
 20
22.54341972752043
 10
154.1964245231608
 20
22.54341972752043
 10
154.2468784741145
 20
22.526809373297
 10
154.2869509536785
 20
22.5035548773842
 10
154.2869509536785
 20
22.5035548773842
 10
154.3168495912807
 20
22.47324098092643
 10
154.3384430517712
 20
22.43545242506812
 10
154.3384430517712
 20
22.43545242506812
 10
154.3515237057221
 20
22.38998158038147
 10
154.3558839237057
 20
22.33662081743869
 10
154.3558839237057
 20
22.33662081743869
 10
154.3515237057221
 20
22.28284479564033
 10
154.3384430517712
 20
22.23612817438692
 10
154.3384430517712
 20
22.23612817438692
 10
154.3174724795641
 20
22.19647095367847
 10
154.2877814713897
 20
22.16387313351499
 10
154.2877814713897
 20
22.16387313351499
 10
154.2487471389646
 20
22.13833471389646
 10
154.1997465940055
 20
22.11985569482289
 10
154.1997465940055
 20
22.11985569482289
 10
154.1407798365123
 20
22.10926659400545
 10
154.071846866485
 20
22.10573689373297
 10
154.071846866485
 20
22.10573689373297
 10
153.8899634877384
 20
22.10573689373297
  0
LWPOLYLINE
  5
692
330
1F
100
AcDbEntity
  8
TITLE_BLOCK
100
AcDbPolyline
 90
       33
 70
     1
 43
0.0
 10
154.9480430517712
 20
21.97617613079019
 10
155.1897237057221
 20
21.97617613079019
 10
155.4837269754769
 20
21.47454343324251
 10
155.6622882833788
 20
21.47454343324251
 10
155.3292506811989
 20
22.01853253405994
 10
155.3859335149864
 20
22.04178702997275
 10
155.4347264305177
 20
22.07002463215259
 10
155.4347264305177
 20
22.07002463215259
 10
155.4766675749319
 20
22.10324534059945
 10
155.5111340599455
 20
22.14144915531335
 10
155.5111340599455
 20
22.14144915531335
 10
155.5379182561308
 20
22.18463607629428
 10
155.55681253406
 20
22.23280610354223
 10
155.55681253406
 20
22.23280610354223
 10
155.5686474114442
 20
22.28595923705722
 10
155.5725923705722
 20
22.34409547683924
 10
155.5725923705722
 20
22.34409547683924
 10
155.5657405994551
 20
22.42486332425068
 10
155.5451852861036
 20
22.49441918256131
 10
155.5451852861036
 20
22.49441918256131
 10
155.5111340599455
 20
22.55380119891008
 10
155.4637945504087
 20
22.60238648501362
 10
155.4637945504087
 20
22.60238648501362
 10
155.402336239782
 20
22.64017504087193
 10
155.3259286103543
 20
22.66716686648501
 10
155.3259286103543
 20
22.66716686648501
 10
155.2354021798365
 20
22.68336196185286
 10
155.1299264305177
 20
22.68876032697548
 10
155.1299264305177
 20
22.68876032697548
 10
154.7952277929156
 20
22.68876032697548
 10
154.7952277929156
 20
21.47454343324251
 10
154.9480430517712
 20
21.47454343324251
 10
154.9480430517712
 20
21.97617613079019
  0
LWPOLYLINE
  5
693
330
1F
100
AcDbEntity
  8
TITLE_BLOCK
100
AcDbPolyline
 90
       28
 70
     1
 43
0.0
 10
154.9480430517712
 20
22.10573689373297
 10
154.9480430517712
 20
22.55670801089918
 10
155.121621253406
 20
22.55670801089918
 10
155.1934610354224
 20
22.55338594005449
 10
155.2545040871935
 20
22.54341972752043
 10
155.2545040871935
 20
22.54341972752043
 10
155.3049580381472
 20
22.526809373297
 10
155.3450305177112
 20
22.5035548773842
 10
155.3450305177112
 20
22.5035548773842
 10
155.3749291553134
 20
22.47324098092643
 10
155.3965226158039
 20
22.43545242506812
 10
155.3965226158039
 20
22.43545242506812
 10
155.4096032697548
 20
22.38998158038147
 10
155.4139634877384
 20
22.33662081743869
 10
155.4139634877384
 20
22.33662081743869
 10
155.4096032697548
 20
22.28284479564033
 10
155.3965226158039
 20
22.23612817438692
 10
155.3965226158039
 20
22.23612817438692
 10
155.3755520435968
 20
22.19647095367847
 10
155.3458610354224
 20
22.16387313351499
 10
155.3458610354224
 20
22.16387313351499
 10
155.3068267029973
 20
22.13833471389646
 10
155.2578261580382
 20
22.11985569482289
 10
155.2578261580382
 20
22.11985569482289
 10
155.198859400545
 20
22.10926659400545
 10
155.1299264305177
 20
22.10573689373297
 10
155.1299264305177
 20
22.10573689373297
 10
154.9480430517712
 20
22.10573689373297
  0
LWPOLYLINE
  5
694
330
1F
100
AcDbEntity
  8
TITLE_BLOCK
100
AcDbPolyline
 90
      120
 70
     1
 43
0.0
 10
156.5418065395096
 20
21.79927585831063
 10
156.5398340599455
 20
21.84012694822888
 10
156.5339166212534
 20
21.87796741144414
 10
156.5240542234333
 20
21.9127972479564
 10
156.5102468664851
 20
21.94461645776567
 10
156.5102468664851
 20
21.94461645776567
 10
156.4699667574932
 20
22.0023374386921
 10
156.4122457765668
 20
22.05258376021798
 10
156.4122457765668
 20
22.05258376021798
 10
156.3747167574932
 20
22.07640923705722
 10
156.3285711171663
 20
22.10054615803815
 10
156.2738088555859
 20
22.12499452316076
 10
156.2104299727521
 20
22.14975433242507
 10
156.2104299727521
 20
22.14975433242507
 10
156.1576920980927
 20
22.16994629427793
 10
156.1124288828338
 20
22.18899629427793
 10
156.0746403269755
 20
22.20690433242507
 10
156.0443264305177
 20
22.22367040871934
 10
156.0443264305177
 20
22.22367040871934
 10
155.9990632152589
 20
22.25772163487738
 10
155.96791880109
 20
22.29509493188011
 10
155.96791880109
 20
22.29509493188011
 10
155.9504779291554
 20
22.33994288828338
 10
155.9504779291554
 20
22.33994288828338
 10
155.9446643051772
 20
22.39475705722071
 10
155.9446643051772
 20
22.39475705722071
 10
155.9484016348774
 20
22.43399901907357
 10
155.9596136239782
 20
22.46867313351499
 10
155.9596136239782
 20
22.46867313351499
 10
155.9785079019074
 20
22.49940228882834
 10
156.0052920980927
 20
22.52514833787466
 10
156.0052920980927
 20
22.52514833787466
 10
156.0389280653951
 20
22.54549602179836
 10
156.0783776566758
 20
22.56003008174387
 10
156.0783776566758
 20
22.56003008174387
 10
156.1236408719346
 20
22.56875051771117
 10
156.1747177111717
 20
22.57165732970027
 10
156.1747177111717
 20
22.57165732970027
 10
156.2433392370573
 20
22.56760855585831
 10
156.3146599455041
 20
22.55546223433242
 10
156.3886798365123
 20
22.53521836512261
 10
156.4653989100818
 20
22.50687694822888
 10
156.4653989100818
 20
22.50687694822888
 10
156.5127384196186
 20
22.638098746594
 10
156.4345140326976
 20
22.66789356948229
 10
156.3526561307902
 20
22.68917558583106
 10
156.2671647138965
 20
22.70194479564033
 10
156.1780397820164
 20
22.70620119891008
 10
156.1780397820164
 20
22.70620119891008
 10
156.0949880108992
 20
22.70080283378746
 10
156.0202414168938
 20
22.68460773841962
 10
156.0202414168938
 20
22.68460773841962
 10
155.9540076294278
 20
22.6586540599455
 10
155.8964942779292
 20
22.62231891008174
 10
155.8964942779292
 20
22.62231891008174
 10
155.8499852861036
 20
22.57643280653951
 10
155.8167645776567
 20
22.52348730245231
 10
155.8167645776567
 20
22.52348730245231
 10
155.7968321525886
 20
22.46348239782016
 10
155.7901880108992
 20
22.39641809264305
 10
155.7901880108992
 20
22.39641809264305
 10
155.7945482288829
 20
22.33309111716621
 10
155.8076288828338
 20
22.27599302452316
 10
155.8076288828338
 20
22.27599302452316
 10
155.8304681198911
 20
22.2251238147139
 10
155.8624430517712
 20
22.18048348773842
 10
155.8624430517712
 20
22.18048348773842
 10
155.9045918256131
 20
22.14030719346049
 10
155.9587831062671
 20
22.10283008174387
 10
156.025016893733
 20
22.06805215258855
 10
156.103293188011
 20
22.03597340599455
 10
156.103293188011
 20
22.03597340599455
 10
156.1588859673025
 20
22.01495092643052
 10
156.2069002724796
 20
21.99507040871935
 10
156.2473361035423
 20
21.97633185286103
 10
156.2801934604905
 20
21.95873525885558
 10
156.2801934604905
 20
21.95873525885558
 10
156.3306474114442
 20
21.92343825613079
 10
156.3640757493189
 20
21.88564970027248
 10
156.3640757493189
 20
21.88564970027248
 10
156.3823471389646
 20
21.84080174386921
 10
156.3823471389646
 20
21.84080174386921
 10
156.388991280654
 20
21.78598757493188
 10
156.388991280654
 20
21.78598757493188
 10
156.3846310626703
 20
21.74259302452316
 10
156.3715504087194
 20
21.70376632152588
 10
156.3715504087194
 20
21.70376632152588
 10
156.3499569482289
 20
21.67054561307902
 10
156.3200583106267
 20
21.64230801089918
 10
156.3200583106267
 20
21.64230801089918
 10
156.2810239782017
 20
21.61905351498638
 10
156.2336844686649
 20
21.60244316076294
 10
156.2336844686649
 20
21.60244316076294
 10
156.1786626702998
 20
21.59309983651226
 10
156.1149204359673
 20
21.58998539509536
 10
156.1149204359673
 20
21.58998539509536
 10
156.032076294278
 20
21.5947608719346
 10
155.9430032697548
 20
21.60908730245232
 10
155.9430032697548
 20
21.60908730245232
 10
155.8551760217984
 20
21.63171891008174
 10
155.774408174387
 20
21.66140991825613
 10
155.774408174387
 20
21.66140991825613
 10
155.774408174387
 20
21.51523880108992
 10
155.8395
 20
21.49016754768392
 10
155.9168419618529
 20
21.47225950953678
 10
156.0064340599455
 20
21.4615146866485
 10
156.108276294278
 20
21.45793307901907
 10
156.108276294278
 20
21.45793307901907
 10
156.2048239782017
 20
21.46353907356948
 10
156.2901596730246
 20
21.48035705722071
 10
156.2901596730246
 20
21.48035705722071
 10
156.3642833787466
 20
21.50921754768392
 10
156.4271950953679
 20
21.54929002724796
 10
156.4271950953679
 20
21.54929002724796
 10
156.477233787466
 20
21.59912108991826
 10
156.5127384196186
 20
21.65725732970027
 10
156.5127384196186
 20
21.65725732970027
 10
156.5345395095368
 20
21.7239063760218
 10
156.5418065395096
 20
21.79927585831063
 10
156.5418065395096
 20
21.79927585831063
  0
LWPOLYLINE
  5
695
330
1F
100
AcDbEntity
  8
TITLE_BLOCK
100
AcDbPolyline
 90
       11
 70
     1
 43
0.0
 10
140.2520321525886
 20
18.33740119891008
 10
140.2520321525886
 20
18.85315269754768
 10
140.7453596730245
 20
18.85315269754768
 10
140.7453596730245
 20
18.98686604904632
 10
140.2520321525886
 20
18.98686604904632
 10
140.2520321525886
 20
19.41707422343324
 10
140.7777498637602
 20
19.41707422343324
 10
140.7777498637602
 20
19.55161809264305
 10
140.099216893733
 20
19.55161809264305
 10
140.099216893733
 20
18.33740119891008
 10
140.2520321525886
 20
18.33740119891008
  0
LWPOLYLINE
  5
696
330
1F
100
AcDbEntity
  8
TITLE_BLOCK
100
AcDbPolyline
 90
       13
 70
     1
 43
0.0
 10
141.3234
 20
18.33740119891008
 10
141.3234
 20
18.42543607629428
 10
141.1805509536785
 20
18.45782626702997
 10
141.1805509536785
 20
19.42953198910082
 10
141.3234
 20
19.46358321525885
 10
141.3234
 20
19.55161809264305
 10
140.8848866485014
 20
19.55161809264305
 10
140.8848866485014
 20
19.46358321525885
 10
141.0277356948229
 20
19.42953198910082
 10
141.0277356948229
 20
18.45782626702997
 10
140.8848866485014
 20
18.42543607629428
 10
140.8848866485014
 20
18.33740119891008
 10
141.3234
 20
18.33740119891008
  0
LWPOLYLINE
  5
697
330
1F
100
AcDbEntity
  8
TITLE_BLOCK
100
AcDbPolyline
 90
       33
 70
     1
 43
0.0
 10
141.7112517711172
 20
18.83903389645776
 10
141.9529324250681
 20
18.83903389645776
 10
142.2469356948229
 20
18.33740119891008
 10
142.4254970027248
 20
18.33740119891008
 10
142.092459400545
 20
18.88139029972752
 10
142.1491422343324
 20
18.90464479564033
 10
142.1979351498638
 20
18.93288239782016
 10
142.1979351498638
 20
18.93288239782016
 10
142.2398762942779
 20
18.96610310626703
 10
142.2743427792915
 20
19.00430692098092
 10
142.2743427792915
 20
19.00430692098092
 10
142.3011269754768
 20
19.04749384196185
 10
142.320021253406
 20
19.09566386920981
 10
142.320021253406
 20
19.09566386920981
 10
142.3318561307902
 20
19.14881700272479
 10
142.3358010899182
 20
19.20695324250681
 10
142.3358010899182
 20
19.20695324250681
 10
142.3289493188011
 20
19.28772108991825
 10
142.3083940054496
 20
19.35727694822888
 10
142.3083940054496
 20
19.35727694822888
 10
142.2743427792915
 20
19.41665896457765
 10
142.2270032697548
 20
19.4652442506812
 10
142.2270032697548
 20
19.4652442506812
 10
142.1655449591281
 20
19.50303280653951
 10
142.0891373297003
 20
19.53002463215259
 10
142.0891373297003
 20
19.53002463215259
 10
141.9986108991826
 20
19.54621972752043
 10
141.8931351498638
 20
19.55161809264305
 10
141.8931351498638
 20
19.55161809264305
 10
141.5584365122616
 20
19.55161809264305
 10
141.5584365122616
 20
18.33740119891008
 10
141.7112517711172
 20
18.33740119891008
 10
141.7112517711172
 20
18.83903389645776
  0
LWPOLYLINE
  5
698
330
1F
100
AcDbEntity
  8
TITLE_BLOCK
100
AcDbPolyline
 90
       28
 70
     1
 43
0.0
 10
141.7112517711172
 20
18.96859465940054
 10
141.7112517711172
 20
19.41956577656676
 10
141.884829972752
 20
19.41956577656676
 10
141.9566697547684
 20
19.41624370572207
 10
142.0177128065395
 20
19.40627749318801
 10
142.0177128065395
 20
19.40627749318801
 10
142.0681667574932
 20
19.38966713896458
 10
142.1082392370572
 20
19.36641264305177
 10
142.1082392370572
 20
19.36641264305177
 10
142.1381378746594
 20
19.336098746594
 10
142.1597313351499
 20
19.29831019073569
 10
142.1597313351499
 20
19.29831019073569
 10
142.1728119891008
 20
19.25283934604904
 10
142.1771722070845
 20
19.19947858310626
 10
142.1771722070845
 20
19.19947858310626
 10
142.1728119891008
 20
19.1457025613079
 10
142.1597313351499
 20
19.09898594005449
 10
142.1597313351499
 20
19.09898594005449
 10
142.1387607629428
 20
19.05932871934605
 10
142.1090697547684
 20
19.02673089918256
 10
142.1090697547684
 20
19.02673089918256
 10
142.0700354223433
 20
19.00119247956403
 10
142.0210348773842
 20
18.98271346049046
 10
142.0210348773842
 20
18.98271346049046
 10
141.962068119891
 20
18.97212435967302
 10
141.8931351498638
 20
18.96859465940054
 10
141.8931351498638
 20
18.96859465940054
 10
141.7112517711172
 20
18.96859465940054
  0
LWPOLYLINE
  5
699
330
1F
100
AcDbEntity
  8
TITLE_BLOCK
100
AcDbPolyline
 90
      120
 70
     1
 43
0.0
 10
143.3050152588556
 20
18.6621336239782
 10
143.3030427792916
 20
18.70298471389646
 10
143.2971253405995
 20
18.74082517711171
 10
143.2872629427793
 20
18.77565501362398
 10
143.2734555858311
 20
18.80747422343324
 10
143.2734555858311
 20
18.80747422343324
 10
143.2331754768392
 20
18.86519520435967
 10
143.1754544959128
 20
18.91544152588556
 10
143.1754544959128
 20
18.91544152588556
 10
143.1379254768393
 20
18.93926700272479
 10
143.0917798365123
 20
18.96340392370572
 10
143.0370175749319
 20
18.98785228882834
 10
142.9736386920981
 20
19.01261209809264
 10
142.9736386920981
 20
19.01261209809264
 10
142.9209008174387
 20
19.0328040599455
 10
142.8756376021798
 20
19.0518540599455
 10
142.8378490463215
 20
19.06976209809264
 10
142.8075351498638
 20
19.08652817438692
 10
142.8075351498638
 20
19.08652817438692
 10
142.7622719346049
 20
19.12057940054496
 10
142.731127520436
 20
19.15795269754768
 10
142.731127520436
 20
19.15795269754768
 10
142.7136866485014
 20
19.20280065395095
 10
142.7136866485014
 20
19.20280065395095
 10
142.7078730245232
 20
19.25761482288828
 10
142.7078730245232
 20
19.25761482288828
 10
142.7116103542234
 20
19.29685678474114
 10
142.7228223433243
 20
19.33153089918256
 10
142.7228223433243
 20
19.33153089918256
 10
142.7417166212534
 20
19.36226005449591
 10
142.7685008174387
 20
19.38800610354223
 10
142.7685008174387
 20
19.38800610354223
 10
142.8021367847412
 20
19.40835378746594
 10
142.8415863760218
 20
19.42288784741144
 10
142.8415863760218
 20
19.42288784741144
 10
142.8868495912807
 20
19.43160828337874
 10
142.9379264305177
 20
19.43451509536785
 10
142.9379264305177
 20
19.43451509536785
 10
143.0065479564033
 20
19.43046632152588
 10
143.0778686648501
 20
19.41832
 10
143.1518885558583
 20
19.39807613079019
 10
143.2286076294278
 20
19.36973471389646
 10
143.2286076294278
 20
19.36973471389646
 10
143.2759471389646
 20
19.50095651226158
 10
143.1977227520436
 20
19.53075133514986
 10
143.1158648501362
 20
19.55203335149864
 10
143.0303734332425
 20
19.5648025613079
 10
142.9412485013624
 20
19.56905896457765
 10
142.9412485013624
 20
19.56905896457765
 10
142.8581967302452
 20
19.56366059945504
 10
142.7834501362398
 20
19.54746550408719
 10
142.7834501362398
 20
19.54746550408719
 10
142.7172163487739
 20
19.52151182561308
 10
142.6597029972752
 20
19.48517667574932
 10
142.6597029972752
 20
19.48517667574932
 10
142.6131940054496
 20
19.43929057220708
 10
142.5799732970027
 20
19.38634506811989
 10
142.5799732970027
 20
19.38634506811989
 10
142.5600408719346
 20
19.32634016348774
 10
142.5533967302452
 20
19.25927585831062
 10
142.5533967302452
 20
19.25927585831062
 10
142.5577569482289
 20
19.19594888283379
 10
142.5708376021798
 20
19.13885079019073
 10
142.5708376021798
 20
19.13885079019073
 10
142.5936768392371
 20
19.08798158038147
 10
142.6256517711172
 20
19.04334125340599
 10
142.6256517711172
 20
19.04334125340599
 10
142.6678005449591
 20
19.00316495912806
 10
142.7219918256131
 20
18.96568784741144
 10
142.788225613079
 20
18.93090991825613
 10
142.866501907357
 20
18.89883117166212
 10
142.866501907357
 20
18.89883117166212
 10
142.9220946866485
 20
18.87780869209809
 10
142.9701089918256
 20
18.85792817438692
 10
143.0105448228883
 20
18.83918961852861
 10
143.0434021798365
 20
18.82159302452316
 10
143.0434021798365
 20
18.82159302452316
 10
143.0938561307902
 20
18.78629602179836
 10
143.1272844686649
 20
18.74850746594005
 10
143.1272844686649
 20
18.74850746594005
 10
143.1455558583106
 20
18.70365950953678
 10
143.1455558583106
 20
18.70365950953678
 10
143.1522
 20
18.64884534059945
 10
143.1522
 20
18.64884534059945
 10
143.1478397820163
 20
18.60545079019073
 10
143.1347591280654
 20
18.56662408719346
 10
143.1347591280654
 20
18.56662408719346
 10
143.1131656675749
 20
18.53340337874659
 10
143.0832670299727
 20
18.50516577656676
 10
143.0832670299727
 20
18.50516577656676
 10
143.0442326975477
 20
18.48191128065395
 10
142.9968931880109
 20
18.46530092643052
 10
142.9968931880109
 20
18.46530092643052
 10
142.9418713896458
 20
18.45595760217983
 10
142.8781291553134
 20
18.45284316076294
 10
142.8781291553134
 20
18.45284316076294
 10
142.795285013624
 20
18.45761863760218
 10
142.7062119891008
 20
18.47194506811989
 10
142.7062119891008
 20
18.47194506811989
 10
142.6183847411444
 20
18.49457667574931
 10
142.537616893733
 20
18.5242676839237
 10
142.537616893733
 20
18.5242676839237
 10
142.537616893733
 20
18.37809656675749
 10
142.6027087193461
 20
18.35302531335149
 10
142.6800506811989
 20
18.33511727520436
 10
142.7696427792916
 20
18.32437245231607
 10
142.871485013624
 20
18.32079084468664
 10
142.871485013624
 20
18.32079084468664
 10
142.9680326975477
 20
18.32639683923706
 10
143.0533683923706
 20
18.34321482288828
 10
143.0533683923706
 20
18.34321482288828
 10
143.1274920980927
 20
18.37207531335149
 10
143.1904038147139
 20
18.41214779291553
 10
143.1904038147139
 20
18.41214779291553
 10
143.240442506812
 20
18.46197885558583
 10
143.2759471389646
 20
18.52011509536785
 10
143.2759471389646
 20
18.52011509536785
 10
143.2977482288829
 20
18.58676414168937
 10
143.3050152588556
 20
18.6621336239782
 10
143.3050152588556
 20
18.6621336239782
  0
LWPOLYLINE
  5
69A
330
1F
100
AcDbEntity
  8
TITLE_BLOCK
100
AcDbPolyline
 90
        9
 70
     1
 43
0.0
 10
143.9345476839237
 20
18.33740119891008
 10
143.9345476839237
 20
19.41707422343324
 10
144.3116027247956
 20
19.41707422343324
 10
144.3116027247956
 20
19.55161809264305
 10
143.4013553133515
 20
19.55161809264305
 10
143.4013553133515
 20
19.41707422343324
 10
143.7809019073569
 20
19.41707422343324
 10
143.7809019073569
 20
18.33740119891008
 10
143.9345476839237
 20
18.33740119891008
  0
LWPOLYLINE
  5
69B
330
1F
100
AcDbEntity
  8
TITLE_BLOCK
100
AcDbPolyline
 90
        9
 70
     1
 43
0.0
 10
145.6993978201635
 20
18.33740119891008
 10
145.8580267029973
 20
18.33740119891008
 10
145.3846316076294
 20
19.55660119891008
 10
145.2467656675749
 20
19.55660119891008
 10
144.7725400544959
 20
18.33740119891008
 10
144.9270163487739
 20
18.33740119891008
 10
145.0715264305177
 20
18.71362572207084
 10
145.5532267029973
 20
18.71362572207084
 10
145.6993978201635
 20
18.33740119891008
  0
LWPOLYLINE
  5
69C
330
1F
100
AcDbEntity
  8
TITLE_BLOCK
100
AcDbPolyline
 90
        8
 70
     1
 43
0.0
 10
145.5075482288829
 20
18.84900010899182
 10
145.1230185286104
 20
18.84900010899182
 10
145.2608844686649
 20
19.21691945504087
 10
145.2876686648501
 20
19.30350092643052
 10
145.3132070844687
 20
19.39880283378746
 10
145.3132070844687
 20
19.39880283378746
 10
145.3713433242507
 20
19.21691945504087
 10
145.5075482288829
 20
18.84900010899182
  0
LWPOLYLINE
  5
69D
330
1F
100
AcDbEntity
  8
TITLE_BLOCK
100
AcDbPolyline
 90
       31
 70
     1
 43
0.0
 10
146.9875307901908
 20
18.33740119891008
 10
146.9875307901908
 20
19.55161809264305
 10
146.8446817438692
 20
19.55161809264305
 10
146.8446817438692
 20
18.86644098092643
 10
146.8449931880109
 20
18.83477749318801
 10
146.845927520436
 20
18.79460119891008
 10
146.8474847411444
 20
18.74591209809264
 10
146.8496648501363
 20
18.68871019073569
 10
146.8496648501363
 20
18.68871019073569
 10
146.851948773842
 20
18.63405174386921
 10
146.8538174386921
 20
18.59216250681199
 10
146.8552708446867
 20
18.56304247956403
 10
146.8563089918256
 20
18.54669166212534
 10
146.8563089918256
 20
18.54669166212534
 10
146.8496648501363
 20
18.54669166212534
 10
146.6378828337875
 20
18.87640719346049
 10
146.2392343324251
 20
19.49265133514986
 10
146.2018610354224
 20
19.55161809264305
 10
146.0249607629428
 20
19.55161809264305
 10
146.0249607629428
 20
18.33740119891008
 10
146.166148773842
 20
18.33740119891008
 10
146.166148773842
 20
19.01593416893733
 10
146.1655258855586
 20
19.07407040871934
 10
146.1636572207085
 20
19.13718975476839
 10
146.1605427792916
 20
19.20529220708447
 10
146.1561825613079
 20
19.27837776566757
 10
146.1561825613079
 20
19.27837776566757
 10
146.1520299727521
 20
19.34564970027248
 10
146.1586741144415
 20
19.34564970027248
 10
146.8089694822889
 20
18.33740119891008
 10
146.9875307901908
 20
18.33740119891008
  0
LWPOLYLINE
  5
69E
330
1F
100
AcDbEntity
  8
TITLE_BLOCK
100
AcDbPolyline
 90
      100
 70
     1
 43
0.0
 10
147.8446250681199
 20
18.9785608719346
 10
147.8446250681199
 20
18.84235596730245
 10
148.111221253406
 20
18.84235596730245
 10
148.111221253406
 20
18.48191128065395
 10
147.9934953678474
 20
18.46011019073569
 10
147.8728626702998
 20
18.45284316076294
 10
147.8728626702998
 20
18.45284316076294
 10
147.818515667575
 20
18.45476373297003
 10
147.7675945504087
 20
18.46052544959128
 10
147.7200993188011
 20
18.4701283106267
 10
147.6760299727521
 20
18.48357231607629
 10
147.6760299727521
 20
18.48357231607629
 10
147.634971253406
 20
18.50132463215258
 10
147.5973384196186
 20
18.52302190735695
 10
147.5631314713897
 20
18.54866414168937
 10
147.5323504087194
 20
18.57825133514986
 10
147.5323504087194
 20
18.57825133514986
 10
147.5047356948229
 20
18.61121250681199
 10
147.4808583106267
 20
18.64780719346049
 10
147.4607182561308
 20
18.68803539509537
 10
147.4443155313352
 20
18.73189711171662
 10
147.4443155313352
 20
18.73189711171662
 10
147.4315982288828
 20
18.77975569482289
 10
147.4225144414169
 20
18.83114397820163
 10
147.4170641689373
 20
18.88606196185286
 10
147.4152474114442
 20
18.94450964577656
 10
147.4152474114442
 20
18.94450964577656
 10
147.4227220708447
 20
19.05226931880109
 10
147.4451460490463
 20
19.14798648501362
 10
147.4451460490463
 20
19.14798648501362
 10
147.4624311989101
 20
19.19132912806539
 10
147.483557493188
 20
19.23166114441416
 10
147.5085249318801
 20
19.26898253405994
 10
147.5373335149864
 20
19.30329329700272
 10
147.5373335149864
 20
19.30329329700272
 10
147.5691527247957
 20
19.33402245231607
 10
147.6039825613079
 20
19.36059901907357
 10
147.6418230245232
 20
19.3830229972752
 10
147.6826741144415
 20
19.40129438692098
 10
147.6826741144415
 20
19.40129438692098
 10
147.7265358310627
 20
19.41582844686648
 10
147.773408174387
 20
19.42620991825613
 10
147.8232911444142
 20
19.43243880108992
 10
147.8761847411444
 20
19.43451509536785
 10
147.8761847411444
 20
19.43451509536785
 10
147.9530595367848
 20
19.43015487738419
 10
148.0308686648501
 20
19.41707422343324
 10
148.1096121253406
 20
19.39527313351498
 10
148.1892899182562
 20
19.36475160762943
 10
148.1892899182562
 20
19.36475160762943
 10
148.2474261580382
 20
19.49763444141689
 10
148.1618828337875
 20
19.52888267029973
 10
148.0730174386921
 20
19.55120283378746
 10
147.9808299727521
 20
19.56459493188011
 10
147.8853204359673
 20
19.56905896457765
 10
147.8853204359673
 20
19.56905896457765
 10
147.7917314713897
 20
19.56433539509537
 10
147.7044752043597
 20
19.5501646866485
 10
147.6235516348774
 20
19.52654683923706
 10
147.5489607629428
 20
19.49348185286103
 10
147.5489607629428
 20
19.49348185286103
 10
147.4818964577657
 20
19.45174833787466
 10
147.4235525885559
 20
19.40129438692098
 10
147.4235525885559
 20
19.40129438692098
 10
147.3730986376022
 20
19.34315814713896
 10
147.3313651226158
 20
19.27671673024523
 10
147.3313651226158
 20
19.27671673024523
 10
147.2983001362398
 20
19.20269683923706
 10
147.2746822888284
 20
19.12265569482289
 10
147.2605115803815
 20
19.03659329700272
 10
147.2557880108992
 20
18.94450964577656
 10
147.2557880108992
 20
18.94450964577656
 10
147.2581238419619
 20
18.87266986376022
 10
147.2651313351499
 20
18.80498267029973
 10
147.2768104904632
 20
18.74144806539509
 10
147.2931613079019
 20
18.68206604904632
 10
147.2931613079019
 20
18.68206604904632
 10
147.3146509536785
 20
18.62678471389646
 10
147.3409160762943
 20
18.57555215258855
 10
147.3719566757493
 20
18.52836836512261
 10
147.4077727520436
 20
18.48523335149864
 10
147.4077727520436
 20
18.48523335149864
 10
147.447533787466
 20
18.4466661852861
 10
147.4912397820164
 20
18.41318594005449
 10
147.5388907356948
 20
18.38479261580381
 10
147.5904866485014
 20
18.36148621253406
 10
147.5904866485014
 20
18.36148621253406
 10
147.6463908719346
 20
18.34368198910082
 10
147.706136239782
 20
18.3309646866485
 10
147.7697227520436
 20
18.32333430517711
 10
147.8371504087194
 20
18.32079084468664
 10
147.8371504087194
 20
18.32079084468664
 10
147.9604822888284
 20
18.32473580381471
 10
148.0680343324251
 20
18.33657068119891
 10
148.0680343324251
 20
18.33657068119891
 10
148.1668659400545
 20
18.35608784741144
 10
148.2640365122616
 20
18.38307967302452
 10
148.2640365122616
 20
18.38307967302452
 10
148.2640365122616
 20
18.9785608719346
 10
147.8446250681199
 20
18.9785608719346
  0
LWPOLYLINE
  5
69F
330
1F
100
AcDbEntity
  8
TITLE_BLOCK
100
AcDbPolyline
 90
        7
 70
     1
 43
0.0
 10
148.5555482288829
 20
18.33740119891008
 10
149.2390643051771
 20
18.33740119891008
 10
149.2390643051771
 20
18.47360610354223
 10
148.7083634877384
 20
18.47360610354223
 10
148.7083634877384
 20
19.55161809264305
 10
148.5555482288829
 20
19.55161809264305
 10
148.5555482288829
 20
18.33740119891008
  0
LWPOLYLINE
  5
6A0
330
1F
100
AcDbEntity
  8
TITLE_BLOCK
100
AcDbPolyline
 90
       13
 70
     1
 43
0.0
 10
150.1252267029973
 20
18.33740119891008
 10
150.1252267029973
 20
18.47194506811989
 10
149.5995089918256
 20
18.47194506811989
 10
149.5995089918256
 20
18.9054753133515
 10
150.0944975476839
 20
18.9054753133515
 10
150.0944975476839
 20
19.03835814713896
 10
149.5995089918256
 20
19.03835814713896
 10
149.5995089918256
 20
19.41707422343324
 10
150.1252267029973
 20
19.41707422343324
 10
150.1252267029973
 20
19.55161809264305
 10
149.4466937329701
 20
19.55161809264305
 10
149.4466937329701
 20
18.33740119891008
 10
150.1252267029973
 20
18.33740119891008
  0
LWPOLYLINE
  5
6A1
330
1F
100
AcDbEntity
  8
TITLE_BLOCK
100
AcDbPolyline
 90
       30
 70
     1
 43
0.0
 10
151.6118534059946
 20
19.19449547683924
 10
151.6045863760218
 20
19.27796250681199
 10
151.5827852861036
 20
19.35063280653951
 10
151.5827852861036
 20
19.35063280653951
 10
151.547280653951
 20
19.41167585831062
 10
151.4972419618529
 20
19.46192217983651
 10
151.4972419618529
 20
19.46192217983651
 10
151.4328768392371
 20
19.50116414168937
 10
151.3543929155314
 20
19.52919411444141
 10
151.3543929155314
 20
19.52919411444141
 10
151.2624130790191
 20
19.54601209809264
 10
151.1558991825613
 20
19.55161809264305
 10
151.1558991825613
 20
19.55161809264305
 10
150.8344888283379
 20
19.55161809264305
 10
150.8344888283379
 20
18.33740119891008
 10
150.9873040871935
 20
18.33740119891008
 10
150.9873040871935
 20
18.80996577656676
 10
151.1268310626703
 20
18.80996577656676
 10
151.2356288828338
 20
18.81598702997275
 10
151.3311384196186
 20
18.83405079019073
 10
151.3311384196186
 20
18.83405079019073
 10
151.4143978201635
 20
18.86519520435967
 10
151.4847841961853
 20
18.90879738419618
 10
151.4847841961853
 20
18.90879738419618
 10
151.5400136239782
 20
18.9640268119891
 10
151.5794632152589
 20
19.03005297002725
 10
151.5794632152589
 20
19.03005297002725
 10
151.6037558583107
 20
19.10687585831062
 10
151.6118534059946
 20
19.19449547683924
 10
151.6118534059946
 20
19.19449547683924
  0
LWPOLYLINE
  5
6A2
330
1F
100
AcDbEntity
  8
TITLE_BLOCK
100
AcDbPolyline
 90
       29
 70
     1
 43
0.0
 10
150.9873040871935
 20
18.94118757493188
 10
150.9873040871935
 20
19.4212268119891
 10
151.1417803814714
 20
19.4212268119891
 10
151.2163193460491
 20
19.41748948228883
 10
151.2804768392371
 20
19.40627749318801
 10
151.2804768392371
 20
19.40627749318801
 10
151.3342528610355
 20
19.38842136239782
 10
151.3776474114442
 20
19.36309057220708
 10
151.3776474114442
 20
19.36309057220708
 10
151.4104528610355
 20
19.3302851226158
 10
151.4341226158039
 20
19.29000501362398
 10
151.4341226158039
 20
19.29000501362398
 10
151.4484490463216
 20
19.2424578746594
 10
151.4532245231608
 20
19.18785133514986
 10
151.4532245231608
 20
19.18785133514986
 10
151.448033787466
 20
19.12743117166212
 10
151.4324615803815
 20
19.07573144414169
 10
151.4324615803815
 20
19.07573144414169
 10
151.4067155313352
 20
19.03254452316076
 10
151.4067155313352
 20
19.03254452316076
 10
151.371833787466
 20
18.99932381471389
 10
151.371833787466
 20
18.99932381471389
 10
151.3249095367848
 20
18.97378539509537
 10
151.265527520436
 20
18.9553063760218
 10
151.265527520436
 20
18.9553063760218
 10
151.1936877384197
 20
18.94471727520436
 10
151.1093901907358
 20
18.94118757493188
 10
151.1093901907358
 20
18.94118757493188
 10
150.9873040871935
 20
18.94118757493188
  0
LWPOLYLINE
  5
6A3
330
1F
100
AcDbEntity
  8
TITLE_BLOCK
100
AcDbPolyline
 90
       33
 70
     1
 43
0.0
 10
152.0163155313352
 20
18.83903389645776
 10
152.2579961852862
 20
18.83903389645776
 10
152.5519994550409
 20
18.33740119891008
 10
152.7305607629428
 20
18.33740119891008
 10
152.397523160763
 20
18.88139029972752
 10
152.4542059945505
 20
18.90464479564033
 10
152.5029989100818
 20
18.93288239782016
 10
152.5029989100818
 20
18.93288239782016
 10
152.544940054496
 20
18.96610310626703
 10
152.5794065395096
 20
19.00430692098092
 10
152.5794065395096
 20
19.00430692098092
 10
152.6061907356949
 20
19.04749384196185
 10
152.625085013624
 20
19.09566386920981
 10
152.625085013624
 20
19.09566386920981
 10
152.6369198910082
 20
19.14881700272479
 10
152.6408648501363
 20
19.20695324250681
 10
152.6408648501363
 20
19.20695324250681
 10
152.6340130790191
 20
19.28772108991825
 10
152.6134577656676
 20
19.35727694822888
 10
152.6134577656676
 20
19.35727694822888
 10
152.5794065395096
 20
19.41665896457765
 10
152.5320670299728
 20
19.4652442506812
 10
152.5320670299728
 20
19.4652442506812
 10
152.4706087193461
 20
19.50303280653951
 10
152.3942010899183
 20
19.53002463215259
 10
152.3942010899183
 20
19.53002463215259
 10
152.3036746594006
 20
19.54621972752043
 10
152.1981989100818
 20
19.55161809264305
 10
152.1981989100818
 20
19.55161809264305
 10
151.8635002724796
 20
19.55161809264305
 10
151.8635002724796
 20
18.33740119891008
 10
152.0163155313352
 20
18.33740119891008
 10
152.0163155313352
 20
18.83903389645776
  0
LWPOLYLINE
  5
6A4
330
1F
100
AcDbEntity
  8
TITLE_BLOCK
100
AcDbPolyline
 90
       28
 70
     1
 43
0.0
 10
152.0163155313352
 20
18.96859465940054
 10
152.0163155313352
 20
19.41956577656676
 10
152.1898937329701
 20
19.41956577656676
 10
152.2617335149864
 20
19.41624370572207
 10
152.3227765667575
 20
19.40627749318801
 10
152.3227765667575
 20
19.40627749318801
 10
152.3732305177112
 20
19.38966713896458
 10
152.4133029972753
 20
19.36641264305177
 10
152.4133029972753
 20
19.36641264305177
 10
152.4432016348775
 20
19.336098746594
 10
152.4647950953679
 20
19.29831019073569
 10
152.4647950953679
 20
19.29831019073569
 10
152.4778757493189
 20
19.25283934604904
 10
152.4822359673025
 20
19.19947858310626
 10
152.4822359673025
 20
19.19947858310626
 10
152.4778757493189
 20
19.1457025613079
 10
152.4647950953679
 20
19.09898594005449
 10
152.4647950953679
 20
19.09898594005449
 10
152.4438245231608
 20
19.05932871934605
 10
152.4141335149864
 20
19.02673089918256
 10
152.4141335149864
 20
19.02673089918256
 10
152.3750991825614
 20
19.00119247956403
 10
152.3260986376022
 20
18.98271346049046
 10
152.3260986376022
 20
18.98271346049046
 10
152.267131880109
 20
18.97212435967302
 10
152.1981989100818
 20
18.96859465940054
 10
152.1981989100818
 20
18.96859465940054
 10
152.0163155313352
 20
18.96859465940054
  0
LWPOLYLINE
  5
6A5
330
1F
100
AcDbEntity
  8
TITLE_BLOCK
100
AcDbPolyline
 90
       81
 70
     1
 43
0.0
 10
153.9813204359674
 20
18.94617068119891
 10
153.9789846049047
 20
19.01728376021798
 10
153.9719771117167
 20
19.08445188010899
 10
153.9602979564033
 20
19.14767504087193
 10
153.9439471389647
 20
19.20695324250681
 10
153.9439471389647
 20
19.20695324250681
 10
153.9233918256132
 20
19.26228648501362
 10
153.8982686648502
 20
19.31367476839237
 10
153.8685776566758
 20
19.36111809264305
 10
153.83431880109
 20
19.40461645776567
 10
153.83431880109
 20
19.40461645776567
 10
153.7955440054497
 20
19.44354697547684
 10
153.753135694823
 20
19.47728675749319
 10
153.7070938692099
 20
19.50583580381471
 10
153.6574185286104
 20
19.52919411444141
 10
153.6574185286104
 20
19.52919411444141
 10
153.6044730245232
 20
19.54736168937329
 10
153.5477901907358
 20
19.56033852861035
 10
153.487370027248
 20
19.56812463215259
 10
153.42321253406
 20
19.57072
 10
153.42321253406
 20
19.57072
 10
153.357082561308
 20
19.56812463215259
 10
153.294897547684
 20
19.56033852861035
 10
153.2366574931881
 20
19.54736168937329
 10
153.1823623978202
 20
19.52919411444141
 10
153.1823623978202
 20
19.52919411444141
 10
153.1323756130791
 20
19.50630297002725
 10
153.0862299727521
 20
19.47832490463215
 10
153.0439254768393
 20
19.44525991825613
 10
153.0054621253407
 20
19.40710801089918
 10
153.0054621253407
 20
19.40710801089918
 10
152.9712032697549
 20
19.36428444141689
 10
152.9415122615804
 20
19.31720446866485
 10
152.9163891008175
 20
19.26586809264305
 10
152.895833787466
 20
19.2102753133515
 10
152.895833787466
 20
19.2102753133515
 10
152.8802096730246
 20
19.15089329700272
 10
152.8690495912807
 20
19.08735869209809
 10
152.8623535422344
 20
19.0196714986376
 10
152.8601215258856
 20
18.94783171662125
 10
152.8601215258856
 20
18.94783171662125
 10
152.8624054495914
 20
18.87516141689373
 10
152.8692572207085
 20
18.80664370572207
 10
152.8806768392371
 20
18.74227858310627
 10
152.8966643051772
 20
18.68206604904632
 10
152.8966643051772
 20
18.68206604904632
 10
152.9172196185287
 20
18.62642136239782
 10
152.9423427792916
 20
18.57492926430518
 10
152.972033787466
 20
18.52758975476839
 10
153.0062926430518
 20
18.48440283378746
 10
153.0062926430518
 20
18.48440283378746
 10
153.0447559945505
 20
18.44588757493188
 10
153.0870604904633
 20
18.41256305177112
 10
153.1332061307903
 20
18.38442926430518
 10
153.1831929155314
 20
18.36148621253406
 10
153.1831929155314
 20
18.36148621253406
 10
153.2370208446867
 20
18.34368198910082
 10
153.2946899182562
 20
18.3309646866485
 10
153.3562001362399
 20
18.32333430517711
 10
153.4215514986377
 20
18.32079084468664
 10
153.4215514986377
 20
18.32079084468664
 10
153.4857608991826
 20
18.32338621253406
 10
153.5463367847412
 20
18.33117231607629
 10
153.6032791553134
 20
18.34414915531335
 10
153.6565880108992
 20
18.36231673024523
 10
153.6565880108992
 20
18.36231673024523
 10
153.7062633514987
 20
18.38572694822888
 10
153.7523051771118
 20
18.41443171662125
 10
153.7947134877385
 20
18.44843103542234
 10
153.8334882833788
 20
18.48772490463215
 10
153.8334882833788
 20
18.48772490463215
 10
153.8681104904633
 20
18.53122326975476
 10
153.8980610354224
 20
18.57866659400545
 10
153.9233399182562
 20
18.63005487738419
 10
153.9439471389647
 20
18.68538811989101
 10
153.9439471389647
 20
18.68538811989101
 10
153.9602979564033
 20
18.74466632152588
 10
153.9719771117167
 20
18.80788948228883
 10
153.9789846049047
 20
18.87505760217983
 10
153.9813204359674
 20
18.94617068119891
 10
153.9813204359674
 20
18.94617068119891
  0
LWPOLYLINE
  5
6A6
330
1F
100
AcDbEntity
  8
TITLE_BLOCK
100
AcDbPolyline
 90
       69
 70
     1
 43
0.0
 10
153.0212419618529
 20
18.94617068119891
 10
153.0274708446867
 20
19.05870583106267
 10
153.0461574931881
 20
19.15712217983651
 10
153.0461574931881
 20
19.15712217983651
 10
153.078340054496
 20
19.24121209809264
 10
153.123395640327
 20
19.31076795640327
 10
153.123395640327
 20
19.31076795640327
 10
153.1502317438693
 20
19.33999179836512
 10
153.1800784741145
 20
19.3653744959128
 10
153.2129358310627
 20
19.38691604904632
 10
153.248803814714
 20
19.40461645776567
 10
153.248803814714
 20
19.40461645776567
 10
153.2880457765668
 20
19.41842381471389
 10
153.3301945504088
 20
19.42828621253406
 10
153.3752501362399
 20
19.43420365122616
 10
153.42321253406
 20
19.43617613079019
 10
153.42321253406
 20
19.43617613079019
 10
153.470344414169
 20
19.43420365122616
 10
153.5145694822889
 20
19.42828621253406
 10
153.5558877384197
 20
19.41842381471389
 10
153.5942991825614
 20
19.40461645776567
 10
153.5942991825614
 20
19.40461645776567
 10
153.6624016348775
 20
19.36620501362398
 10
153.7188768392371
 20
19.31242899182561
 10
153.7188768392371
 20
19.31242899182561
 10
153.7422351498638
 20
19.27977926430518
 10
153.7624790190737
 20
19.24328839237057
 10
153.7796084468665
 20
19.2029563760218
 10
153.7936234332426
 20
19.15878321525885
 10
153.7936234332426
 20
19.15878321525885
 10
153.8048873297003
 20
19.11123607629428
 10
153.8129329700273
 20
19.05995160762943
 10
153.8177603542235
 20
19.0049298092643
 10
153.8193694822889
 20
18.94617068119891
 10
153.8193694822889
 20
18.94617068119891
 10
153.8177603542235
 20
18.88699629427793
 10
153.8129329700273
 20
18.83155923705722
 10
153.8048873297003
 20
18.77985950953678
 10
153.7936234332426
 20
18.73189711171662
 10
153.7936234332426
 20
18.73189711171662
 10
153.7795565395096
 20
18.68767204359673
 10
153.7622713896458
 20
18.64718430517711
 10
153.7417679836513
 20
18.61043389645776
 10
153.7180463215259
 20
18.57742081743869
 10
153.7180463215259
 20
18.57742081743869
 10
153.6912102179837
 20
18.54819697547684
 10
153.6613634877385
 20
18.52281427792915
 10
153.6285061307903
 20
18.50127272479564
 10
153.592638147139
 20
18.48357231607629
 10
153.592638147139
 20
18.48357231607629
 10
153.5129084468666
 20
18.46052544959128
 10
153.4215514986377
 20
18.45284316076294
 10
153.4215514986377
 20
18.45284316076294
 10
153.3740043596731
 20
18.45481564032697
 10
153.3293640326976
 20
18.46073307901907
 10
153.2876305177112
 20
18.47059547683924
 10
153.248803814714
 20
18.48440283378746
 10
153.248803814714
 20
18.48440283378746
 10
153.2129358310627
 20
18.50215514986376
 10
153.1800784741145
 20
18.52385242506812
 10
153.1502317438693
 20
18.54949465940054
 10
153.123395640327
 20
18.57908185286103
 10
153.123395640327
 20
18.57908185286103
 10
153.078340054496
 20
18.64926059945504
 10
153.0461574931881
 20
18.73355814713896
 10
153.0461574931881
 20
18.73355814713896
 10
153.0274708446867
 20
18.83280501362398
 10
153.0212419618529
 20
18.94617068119891
 10
153.0212419618529
 20
18.94617068119891
  0
LWPOLYLINE
  5
6A7
330
1F
100
AcDbEntity
  8
TITLE_BLOCK
100
AcDbPolyline
 90
       35
 70
     1
 43
0.0
 10
154.0776604904633
 20
18.0143298092643
 10
154.1495002724796
 20
18.01972817438692
 10
154.2122043596731
 20
18.03592326975476
 10
154.2122043596731
 20
18.03592326975476
 10
154.2666032697549
 20
18.06395324250681
 10
154.3118664850137
 20
18.10319520435967
 10
154.3118664850137
 20
18.10319520435967
 10
154.3475787465941
 20
18.151988119891
 10
154.3733247956404
 20
18.21033198910082
 10
154.3733247956404
 20
18.21033198910082
 10
154.3888970027249
 20
18.27884970027248
 10
154.3940877384197
 20
18.35650310626703
 10
154.3940877384197
 20
18.35650310626703
 10
154.3940877384197
 20
19.55161809264305
 10
154.2404419618529
 20
19.55161809264305
 10
154.2404419618529
 20
18.34404534059945
 10
154.2377427792916
 20
18.29940501362397
 10
154.2296452316077
 20
18.26016305177112
 10
154.2296452316077
 20
18.26016305177112
 10
154.2169798365123
 20
18.22714997275204
 10
154.1989160762944
 20
18.19953525885558
 10
154.1989160762944
 20
18.19953525885558
 10
154.1754539509537
 20
18.17711128065395
 10
154.1465934604905
 20
18.16133144414169
 10
154.1465934604905
 20
18.16133144414169
 10
154.1131651226159
 20
18.151988119891
 10
154.0743384196186
 20
18.14887367847411
 10
154.0743384196186
 20
18.14887367847411
 10
154.0116343324251
 20
18.15302626702997
 10
153.9514217983652
 20
18.16548403269755
 10
153.9514217983652
 20
18.16548403269755
 10
153.9514217983652
 20
18.03675378746594
 10
154.0070664850137
 20
18.01993580381471
 10
154.0776604904633
 20
18.0143298092643
 10
154.0776604904633
 20
18.0143298092643
  0
LWPOLYLINE
  5
6A8
330
1F
100
AcDbEntity
  8
TITLE_BLOCK
100
AcDbPolyline
 90
       13
 70
     1
 43
0.0
 10
155.392370027248
 20
18.33740119891008
 10
155.392370027248
 20
18.47194506811989
 10
154.8666523160764
 20
18.47194506811989
 10
154.8666523160764
 20
18.9054753133515
 10
155.3616408719347
 20
18.9054753133515
 10
155.3616408719347
 20
19.03835814713896
 10
154.8666523160764
 20
19.03835814713896
 10
154.8666523160764
 20
19.41707422343324
 10
155.392370027248
 20
19.41707422343324
 10
155.392370027248
 20
19.55161809264305
 10
154.7138370572208
 20
19.55161809264305
 10
154.7138370572208
 20
18.33740119891008
 10
155.392370027248
 20
18.33740119891008
  0
LWPOLYLINE
  5
6A9
330
1F
100
AcDbEntity
  8
TITLE_BLOCK
100
AcDbPolyline
 90
       90
 70
     1
 43
0.0
 10
156.1797008174388
 20
19.43451509536785
 10
156.2458307901908
 20
19.43036250681199
 10
156.313829427793
 20
19.41790474114441
 10
156.3836967302453
 20
19.39714179836512
 10
156.4554326975478
 20
19.36807367847411
 10
156.4554326975478
 20
19.36807367847411
 10
156.5168910081745
 20
19.49763444141689
 10
156.4423520435968
 20
19.52888267029973
 10
156.3615841961854
 20
19.55120283378746
 10
156.2745874659401
 20
19.56459493188011
 10
156.1813618528611
 20
19.56905896457765
 10
156.1813618528611
 20
19.56905896457765
 10
156.0945727520437
 20
19.56428348773842
 10
156.0135972752044
 20
19.54995705722071
 10
155.9384354223434
 20
19.52607967302452
 10
155.8690871934606
 20
19.49265133514986
 10
155.8690871934606
 20
19.49265133514986
 10
155.8065907356949
 20
19.45029493188011
 10
155.7519841961854
 20
19.39963335149864
 10
155.7519841961854
 20
19.39963335149864
 10
155.7058904632154
 20
19.34149711171662
 10
155.6672713896459
 20
19.27505569482289
 10
155.6672713896459
 20
19.27505569482289
 10
155.6371132152589
 20
19.20155487738419
 10
155.6155716621254
 20
19.1222404359673
 10
155.6026467302453
 20
19.03711237057221
 10
155.5983384196186
 20
18.94617068119891
 10
155.5983384196186
 20
18.94617068119891
 10
155.6005704359674
 20
18.87350038147139
 10
155.6072664850137
 20
18.80498267029973
 10
155.6184265667576
 20
18.74061754768392
 10
155.634050681199
 20
18.68040501362398
 10
155.634050681199
 20
18.68040501362398
 10
155.6545540871935
 20
18.62481223433242
 10
155.6795215258856
 20
18.57347585831062
 10
155.7089529972753
 20
18.52639588555858
 10
155.7428485013625
 20
18.48357231607629
 10
155.7428485013625
 20
18.48357231607629
 10
155.7809485013625
 20
18.44542040871934
 10
155.8229934604906
 20
18.41235542234332
 10
155.8689833787467
 20
18.38437735694823
 10
155.9189182561309
 20
18.36148621253406
 10
155.9189182561309
 20
18.36148621253406
 10
155.9723828337875
 20
18.34368198910082
 10
156.0297923705723
 20
18.3309646866485
 10
156.0911468664851
 20
18.32333430517711
 10
156.156446321526
 20
18.32079084468664
 10
156.156446321526
 20
18.32079084468664
 10
156.2440659400546
 20
18.32349002724795
 10
156.320888828338
 20
18.33158757493188
 10
156.320888828338
 20
18.33158757493188
 10
156.3937667574933
 20
18.34612163487738
 10
156.4695514986377
 20
18.36979138964577
 10
156.4695514986377
 20
18.36979138964577
 10
156.4695514986377
 20
18.50267422343324
 10
156.3906004087194
 20
18.48159983651226
 10
156.3156980926431
 20
18.46654670299727
 10
156.2448445504088
 20
18.45751482288828
 10
156.1780397820164
 20
18.45450419618528
 10
156.1780397820164
 20
18.45450419618528
 10
156.0831531335151
 20
18.46239411444142
 10
155.9994784741145
 20
18.48606386920981
 10
155.9994784741145
 20
18.48606386920981
 10
155.9623128065396
 20
18.50386809264305
 10
155.9280539509538
 20
18.52572108991825
 10
155.896701907357
 20
18.55162286103542
 10
155.8682566757494
 20
18.58157340599455
 10
155.8682566757494
 20
18.58157340599455
 10
155.8202942779292
 20
18.65216741144414
 10
155.7860354223434
 20
18.73604970027248
 10
155.7860354223434
 20
18.73604970027248
 10
155.7661029972753
 20
18.83342790190736
 10
155.7594588555859
 20
18.94450964577656
 10
155.7594588555859
 20
18.94450964577656
 10
155.7663106267031
 20
19.05226931880109
 10
155.7868659400546
 20
19.14798648501362
 10
155.7868659400546
 20
19.14798648501362
 10
155.8221629427794
 20
19.23166114441416
 10
155.8715787465941
 20
19.30329329700272
 10
155.8715787465941
 20
19.30329329700272
 10
155.900750681199
 20
19.33402245231607
 10
155.9326217983652
 20
19.36059901907357
 10
155.9671920980927
 20
19.3830229972752
 10
156.0044615803816
 20
19.40129438692098
 10
156.0044615803816
 20
19.40129438692098
 10
156.0443783378747
 20
19.41582844686648
 10
156.0868904632154
 20
19.42620991825613
 10
156.1319979564034
 20
19.43243880108992
 10
156.1797008174388
 20
19.43451509536785
 10
156.1797008174388
 20
19.43451509536785
  0
LWPOLYLINE
  5
6AA
330
1F
100
AcDbEntity
  8
TITLE_BLOCK
100
AcDbPolyline
 90
        9
 70
     1
 43
0.0
 10
157.1190163487739
 20
18.33740119891008
 10
157.1190163487739
 20
19.41707422343324
 10
157.4960713896459
 20
19.41707422343324
 10
157.4960713896459
 20
19.55161809264305
 10
156.5858239782017
 20
19.55161809264305
 10
156.5858239782017
 20
19.41707422343324
 10
156.9653705722071
 20
19.41707422343324
 10
156.9653705722071
 20
18.33740119891008
 10
157.1190163487739
 20
18.33740119891008
  0
LWPOLYLINE
  5
6AB
330
1F
100
AcDbEntity
  8
TITLE_BLOCK
100
AcDbPolyline
 90
       13
 70
     1
 43
0.0
 10
158.0217891008175
 20
18.33740119891008
 10
158.0217891008175
 20
18.42543607629428
 10
157.878940054496
 20
18.45782626702997
 10
157.878940054496
 20
19.42953198910082
 10
158.0217891008175
 20
19.46358321525885
 10
158.0217891008175
 20
19.55161809264305
 10
157.5832757493189
 20
19.55161809264305
 10
157.5832757493189
 20
19.46358321525885
 10
157.7261247956404
 20
19.42953198910082
 10
157.7261247956404
 20
18.45782626702997
 10
157.5832757493189
 20
18.42543607629428
 10
157.5832757493189
 20
18.33740119891008
 10
158.0217891008175
 20
18.33740119891008
  0
LWPOLYLINE
  5
6AC
330
1F
100
AcDbEntity
  8
TITLE_BLOCK
100
AcDbPolyline
 90
       81
 70
     1
 43
0.0
 10
159.3165662125342
 20
18.94617068119891
 10
159.3142303814715
 20
19.01728376021798
 10
159.3072228882835
 20
19.08445188010899
 10
159.2955437329701
 20
19.14767504087193
 10
159.2791929155314
 20
19.20695324250681
 10
159.2791929155314
 20
19.20695324250681
 10
159.2586376021799
 20
19.26228648501362
 10
159.233514441417
 20
19.31367476839237
 10
159.2038234332426
 20
19.36111809264305
 10
159.1695645776568
 20
19.40461645776567
 10
159.1695645776568
 20
19.40461645776567
 10
159.1307897820164
 20
19.44354697547684
 10
159.0883814713897
 20
19.47728675749319
 10
159.0423396457767
 20
19.50583580381471
 10
158.9926643051772
 20
19.52919411444141
 10
158.9926643051772
 20
19.52919411444141
 10
158.93971880109
 20
19.54736168937329
 10
158.8830359673025
 20
19.56033852861035
 10
158.8226158038148
 20
19.56812463215259
 10
158.7584583106268
 20
19.57072
 10
158.7584583106268
 20
19.57072
 10
158.6923283378748
 20
19.56812463215259
 10
158.6301433242508
 20
19.56033852861035
 10
158.5719032697549
 20
19.54736168937329
 10
158.517608174387
 20
19.52919411444141
 10
158.517608174387
 20
19.52919411444141
 10
158.4676213896459
 20
19.50630297002725
 10
158.4214757493189
 20
19.47832490463215
 10
158.3791712534061
 20
19.44525991825613
 10
158.3407079019075
 20
19.40710801089918
 10
158.3407079019075
 20
19.40710801089918
 10
158.3064490463216
 20
19.36428444141689
 10
158.2767580381472
 20
19.31720446866485
 10
158.2516348773843
 20
19.26586809264305
 10
158.2310795640328
 20
19.2102753133515
 10
158.2310795640328
 20
19.2102753133515
 10
158.2154554495914
 20
19.15089329700272
 10
158.2042953678475
 20
19.08735869209809
 10
158.1975993188012
 20
19.0196714986376
 10
158.1953673024524
 20
18.94783171662125
 10
158.1953673024524
 20
18.94783171662125
 10
158.1976512261581
 20
18.87516141689373
 10
158.2045029972753
 20
18.80664370572207
 10
158.2159226158039
 20
18.74227858310627
 10
158.231910081744
 20
18.68206604904632
 10
158.231910081744
 20
18.68206604904632
 10
158.2524653950955
 20
18.62642136239782
 10
158.2775885558584
 20
18.57492926430518
 10
158.3072795640328
 20
18.52758975476839
 10
158.3415384196186
 20
18.48440283378746
 10
158.3415384196186
 20
18.48440283378746
 10
158.3800017711173
 20
18.44588757493188
 10
158.4223062670301
 20
18.41256305177112
 10
158.468451907357
 20
18.38442926430518
 10
158.5184386920982
 20
18.36148621253406
 10
158.5184386920982
 20
18.36148621253406
 10
158.5722666212535
 20
18.34368198910082
 10
158.629935694823
 20
18.3309646866485
 10
158.6914459128066
 20
18.32333430517711
 10
158.7567972752045
 20
18.32079084468664
 10
158.7567972752045
 20
18.32079084468664
 10
158.8210066757494
 20
18.32338621253406
 10
158.881582561308
 20
18.33117231607629
 10
158.9385249318802
 20
18.34414915531335
 10
158.991833787466
 20
18.36231673024523
 10
158.991833787466
 20
18.36231673024523
 10
159.0415091280655
 20
18.38572694822888
 10
159.0875509536786
 20
18.41443171662125
 10
159.1299592643053
 20
18.44843103542234
 10
159.1687340599456
 20
18.48772490463215
 10
159.1687340599456
 20
18.48772490463215
 10
159.2033562670301
 20
18.53122326975476
 10
159.2333068119892
 20
18.57866659400545
 10
159.258585694823
 20
18.63005487738419
 10
159.2791929155314
 20
18.68538811989101
 10
159.2791929155314
 20
18.68538811989101
 10
159.2955437329701
 20
18.74466632152588
 10
159.3072228882835
 20
18.80788948228883
 10
159.3142303814715
 20
18.87505760217983
 10
159.3165662125342
 20
18.94617068119891
 10
159.3165662125342
 20
18.94617068119891
  0
LWPOLYLINE
  5
6AD
330
1F
100
AcDbEntity
  8
TITLE_BLOCK
100
AcDbPolyline
 90
       69
 70
     1
 43
0.0
 10
158.3564877384197
 20
18.94617068119891
 10
158.3627166212535
 20
19.05870583106267
 10
158.3814032697549
 20
19.15712217983651
 10
158.3814032697549
 20
19.15712217983651
 10
158.4135858310628
 20
19.24121209809264
 10
158.4586414168938
 20
19.31076795640327
 10
158.4586414168938
 20
19.31076795640327
 10
158.4854775204361
 20
19.33999179836512
 10
158.5153242506813
 20
19.3653744959128
 10
158.5481816076295
 20
19.38691604904632
 10
158.5840495912807
 20
19.40461645776567
 10
158.5840495912807
 20
19.40461645776567
 10
158.6232915531336
 20
19.41842381471389
 10
158.6654403269756
 20
19.42828621253406
 10
158.7104959128066
 20
19.43420365122616
 10
158.7584583106268
 20
19.43617613079019
 10
158.7584583106268
 20
19.43617613079019
 10
158.8055901907358
 20
19.43420365122616
 10
158.8498152588557
 20
19.42828621253406
 10
158.8911335149865
 20
19.41842381471389
 10
158.9295449591282
 20
19.40461645776567
 10
158.9295449591282
 20
19.40461645776567
 10
158.9976474114442
 20
19.36620501362398
 10
159.0541226158039
 20
19.31242899182561
 10
159.0541226158039
 20
19.31242899182561
 10
159.0774809264306
 20
19.27977926430518
 10
159.0977247956404
 20
19.24328839237057
 10
159.1148542234333
 20
19.2029563760218
 10
159.1288692098094
 20
19.15878321525885
 10
159.1288692098094
 20
19.15878321525885
 10
159.1401331062671
 20
19.11123607629428
 10
159.1481787465941
 20
19.05995160762943
 10
159.1530061307903
 20
19.0049298092643
 10
159.1546152588557
 20
18.94617068119891
 10
159.1546152588557
 20
18.94617068119891
 10
159.1530061307903
 20
18.88699629427793
 10
159.1481787465941
 20
18.83155923705722
 10
159.1401331062671
 20
18.77985950953678
 10
159.1288692098094
 20
18.73189711171662
 10
159.1288692098094
 20
18.73189711171662
 10
159.1148023160764
 20
18.68767204359673
 10
159.0975171662126
 20
18.64718430517711
 10
159.0770137602181
 20
18.61043389645776
 10
159.0532920980927
 20
18.57742081743869
 10
159.0532920980927
 20
18.57742081743869
 10
159.0264559945505
 20
18.54819697547684
 10
158.9966092643053
 20
18.52281427792915
 10
158.9637519073571
 20
18.50127272479564
 10
158.9278839237058
 20
18.48357231607629
 10
158.9278839237058
 20
18.48357231607629
 10
158.8481542234333
 20
18.46052544959128
 10
158.7567972752045
 20
18.45284316076294
 10
158.7567972752045
 20
18.45284316076294
 10
158.7092501362399
 20
18.45481564032697
 10
158.6646098092644
 20
18.46073307901907
 10
158.622876294278
 20
18.47059547683924
 10
158.5840495912807
 20
18.48440283378746
 10
158.5840495912807
 20
18.48440283378746
 10
158.5481816076295
 20
18.50215514986376
 10
158.5153242506813
 20
18.52385242506812
 10
158.4854775204361
 20
18.54949465940054
 10
158.4586414168938
 20
18.57908185286103
 10
158.4586414168938
 20
18.57908185286103
 10
158.4135858310628
 20
18.64926059945504
 10
158.3814032697549
 20
18.73355814713896
 10
158.3814032697549
 20
18.73355814713896
 10
158.3627166212535
 20
18.83280501362398
 10
158.3564877384197
 20
18.94617068119891
 10
158.3564877384197
 20
18.94617068119891
  0
LWPOLYLINE
  5
6AE
330
1F
100
AcDbEntity
  8
TITLE_BLOCK
100
AcDbPolyline
 90
       31
 70
     1
 43
0.0
 10
160.5473934604906
 20
18.33740119891008
 10
160.5473934604906
 20
19.55161809264305
 10
160.404544414169
 20
19.55161809264305
 10
160.404544414169
 20
18.86644098092643
 10
160.4048558583107
 20
18.83477749318801
 10
160.4057901907358
 20
18.79460119891008
 10
160.4073474114442
 20
18.74591209809264
 10
160.4095275204361
 20
18.68871019073569
 10
160.4095275204361
 20
18.68871019073569
 10
160.4118114441418
 20
18.63405174386921
 10
160.4136801089919
 20
18.59216250681199
 10
160.4151335149865
 20
18.56304247956403
 10
160.4161716621254
 20
18.54669166212534
 10
160.4161716621254
 20
18.54669166212534
 10
160.4095275204361
 20
18.54669166212534
 10
160.1977455040873
 20
18.87640719346049
 10
159.7990970027249
 20
19.49265133514986
 10
159.7617237057222
 20
19.55161809264305
 10
159.5848234332426
 20
19.55161809264305
 10
159.5848234332426
 20
18.33740119891008
 10
159.7260114441418
 20
18.33740119891008
 10
159.7260114441418
 20
19.01593416893733
 10
159.7253885558584
 20
19.07407040871934
 10
159.7235198910083
 20
19.13718975476839
 10
159.7204054495914
 20
19.20529220708447
 10
159.7160452316077
 20
19.27837776566757
 10
159.7160452316077
 20
19.27837776566757
 10
159.7118926430519
 20
19.34564970027248
 10
159.7185367847412
 20
19.34564970027248
 10
160.3688321525887
 20
18.33740119891008
 10
160.5473934604906
 20
18.33740119891008
  0
LWPOLYLINE
  5
6AF
330
1F
100
AcDbEntity
  8
TITLE_BLOCK
100
AcDbPolyline
 90
      120
 70
     1
 43
0.0
 10
197.9595171662125
 20
46.09579465940054
 10
197.9575446866485
 20
46.1366457493188
 10
197.9516272479564
 20
46.17448621253406
 10
197.9417648501363
 20
46.20931604904631
 10
197.927957493188
 20
46.24113525885558
 10
197.927957493188
 20
46.24113525885558
 10
197.8876773841962
 20
46.29885623978201
 10
197.8299564032698
 20
46.34910256130789
 10
197.8299564032698
 20
46.34910256130789
 10
197.7924273841962
 20
46.37292803814713
 10
197.7462817438692
 20
46.39706495912806
 10
197.6915194822888
 20
46.42151332425068
 10
197.628140599455
 20
46.44627313351498
 10
197.628140599455
 20
46.44627313351498
 10
197.5754027247957
 20
46.46646509536784
 10
197.5301395095368
 20
46.48551509536784
 10
197.4923509536785
 20
46.50342313351498
 10
197.4620370572207
 20
46.52018920980926
 10
197.4620370572207
 20
46.52018920980926
 10
197.4167738419619
 20
46.55424043596729
 10
197.3856294277929
 20
46.59161373297002
 10
197.3856294277929
 20
46.59161373297002
 10
197.3681885558583
 20
46.63646168937329
 10
197.3681885558583
 20
46.63646168937329
 10
197.3623749318801
 20
46.69127585831062
 10
197.3623749318801
 20
46.69127585831062
 10
197.3661122615804
 20
46.73051782016348
 10
197.3773242506812
 20
46.7651919346049
 10
197.3773242506812
 20
46.7651919346049
 10
197.3962185286103
 20
46.79592108991825
 10
197.4230027247957
 20
46.82166713896457
 10
197.4230027247957
 20
46.82166713896457
 10
197.4566386920981
 20
46.84201482288827
 10
197.4960882833788
 20
46.85654888283378
 10
197.4960882833788
 20
46.85654888283378
 10
197.5413514986376
 20
46.86526931880108
 10
197.5924283378747
 20
46.86817613079018
 10
197.5924283378747
 20
46.86817613079018
 10
197.6610498637602
 20
46.86412735694822
 10
197.7323705722071
 20
46.85198103542233
 10
197.8063904632153
 20
46.83173716621253
 10
197.8831095367848
 20
46.8033957493188
 10
197.8831095367848
 20
46.8033957493188
 10
197.9304490463215
 20
46.93461754768392
 10
197.8522246594005
 20
46.9644123705722
 10
197.7703667574932
 20
46.98569438692098
 10
197.6848753405995
 20
46.99846359673024
 10
197.5957504087193
 20
47.00272
 10
197.5957504087193
 20
47.00272
 10
197.5126986376022
 20
46.99732163487738
 10
197.4379520435967
 20
46.98112653950953
 10
197.4379520435967
 20
46.98112653950953
 10
197.3717182561308
 20
46.95517286103541
 10
197.3142049046322
 20
46.91883771117165
 10
197.3142049046322
 20
46.91883771117165
 10
197.2676959128065
 20
46.87295160762942
 10
197.2344752043597
 20
46.82000610354223
 10
197.2344752043597
 20
46.82000610354223
 10
197.2145427792915
 20
46.76000119891008
 10
197.2078986376022
 20
46.69293689373296
 10
197.2078986376022
 20
46.69293689373296
 10
197.2122588555858
 20
46.62960991825612
 10
197.2253395095368
 20
46.57251182561307
 10
197.2253395095368
 20
46.57251182561307
 10
197.248178746594
 20
46.52164261580381
 10
197.2801536784741
 20
46.47700228882833
 10
197.2801536784741
 20
46.47700228882833
 10
197.3223024523161
 20
46.4368259945504
 10
197.37649373297
 20
46.39934888283378
 10
197.442727520436
 20
46.36457095367847
 10
197.5210038147139
 20
46.33249220708446
 10
197.5210038147139
 20
46.33249220708446
 10
197.5765965940055
 20
46.31146972752043
 10
197.6246108991826
 20
46.29158920980926
 10
197.6650467302452
 20
46.27285065395095
 10
197.6979040871935
 20
46.2552540599455
 10
197.6979040871935
 20
46.2552540599455
 10
197.7483580381471
 20
46.2199570572207
 10
197.7817863760218
 20
46.18216850136239
 10
197.7817863760218
 20
46.18216850136239
 10
197.8000577656676
 20
46.13732054495912
 10
197.8000577656676
 20
46.13732054495912
 10
197.8067019073569
 20
46.08250637602179
 10
197.8067019073569
 20
46.08250637602179
 10
197.8023416893733
 20
46.03911182561307
 10
197.7892610354224
 20
46.0002851226158
 10
197.7892610354224
 20
46.0002851226158
 10
197.7676675749319
 20
45.96706441416893
 10
197.7377689373297
 20
45.9388268119891
 10
197.7377689373297
 20
45.9388268119891
 10
197.6987346049046
 20
45.91557231607629
 10
197.6513950953679
 20
45.89896196185286
 10
197.6513950953679
 20
45.89896196185286
 10
197.5963732970027
 20
45.88961863760218
 10
197.5326310626703
 20
45.88650419618528
 10
197.5326310626703
 20
45.88650419618528
 10
197.4497869209809
 20
45.89127967302452
 10
197.3607138964578
 20
45.90560610354223
 10
197.3607138964578
 20
45.90560610354223
 10
197.2728866485014
 20
45.92823771117165
 10
197.1921188010899
 20
45.95792871934604
 10
197.1921188010899
 20
45.95792871934604
 10
197.1921188010899
 20
45.81175760217983
 10
197.257210626703
 20
45.78668634877383
 10
197.3345525885559
 20
45.76877831062669
 10
197.4241446866485
 20
45.75803348773842
 10
197.5259869209809
 20
45.75445188010899
 10
197.5259869209809
 20
45.75445188010899
 10
197.6225346049046
 20
45.7600578746594
 10
197.7078702997275
 20
45.77687585831062
 10
197.7078702997275
 20
45.77687585831062
 10
197.7819940054496
 20
45.80573634877383
 10
197.8449057220708
 20
45.84580882833787
 10
197.8449057220708
 20
45.84580882833787
 10
197.8949444141689
 20
45.89563989100817
 10
197.9304490463215
 20
45.95377613079018
 10
197.9304490463215
 20
45.95377613079018
 10
197.9522501362398
 20
46.02042517711171
 10
197.9595171662125
 20
46.09579465940054
 10
197.9595171662125
 20
46.09579465940054
  0
LWPOLYLINE
  5
6B0
330
1F
100
AcDbEntity
  8
TITLE_BLOCK
100
AcDbPolyline
 90
       13
 70
     1
 43
0.0
 10
198.5458626702997
 20
45.77106223433242
 10
198.5458626702997
 20
45.85909711171661
 10
198.4030136239782
 20
45.89148730245231
 10
198.4030136239782
 20
46.86319302452316
 10
198.5458626702997
 20
46.89724425068119
 10
198.5458626702997
 20
46.98527912806539
 10
198.1073493188011
 20
46.98527912806539
 10
198.1073493188011
 20
46.89724425068119
 10
198.2501983651226
 20
46.86319302452316
 10
198.2501983651226
 20
45.89148730245231
 10
198.1073493188011
 20
45.85909711171661
 10
198.1073493188011
 20
45.77106223433242
 10
198.5458626702997
 20
45.77106223433242
  0
LWPOLYLINE
  5
6B1
330
1F
100
AcDbEntity
  8
TITLE_BLOCK
100
AcDbPolyline
 90
      100
 70
     1
 43
0.0
 10
199.3082779291553
 20
46.41222190735694
 10
199.3082779291553
 20
46.27601700272479
 10
199.5748741144414
 20
46.27601700272479
 10
199.5748741144414
 20
45.91557231607629
 10
199.4571482288828
 20
45.89377122615803
 10
199.3365155313352
 20
45.88650419618528
 10
199.3365155313352
 20
45.88650419618528
 10
199.2821685286104
 20
45.88842476839236
 10
199.2312474114441
 20
45.89418648501362
 10
199.1837521798365
 20
45.90378934604904
 10
199.1396828337875
 20
45.91723335149863
 10
199.1396828337875
 20
45.91723335149863
 10
199.0986241144414
 20
45.93498566757493
 10
199.060991280654
 20
45.95668294277929
 10
199.0267843324251
 20
45.98232517711171
 10
198.9960032697548
 20
46.0119123705722
 10
198.9960032697548
 20
46.0119123705722
 10
198.9683885558583
 20
46.04487354223433
 10
198.9445111716621
 20
46.08146822888283
 10
198.9243711171662
 20
46.1216964305177
 10
198.9079683923706
 20
46.16555814713896
 10
198.9079683923706
 20
46.16555814713896
 10
198.8952510899182
 20
46.21341673024523
 10
198.8861673024523
 20
46.26480501362397
 10
198.8807170299727
 20
46.3197229972752
 10
198.8789002724796
 20
46.3781706811989
 10
198.8789002724796
 20
46.3781706811989
 10
198.8863749318801
 20
46.48593035422343
 10
198.9087989100817
 20
46.58164752043596
 10
198.9087989100817
 20
46.58164752043596
 10
198.9260840599455
 20
46.62499016348773
 10
198.9472103542234
 20
46.66532217983651
 10
198.9721777929155
 20
46.70264356948228
 10
199.0009863760218
 20
46.73695433242506
 10
199.0009863760218
 20
46.73695433242506
 10
199.0328055858311
 20
46.76768348773842
 10
199.0676354223433
 20
46.79426005449591
 10
199.1054758855586
 20
46.81668403269754
 10
199.1463269754769
 20
46.83495542234332
 10
199.1463269754769
 20
46.83495542234332
 10
199.1901886920981
 20
46.84948948228882
 10
199.2370610354224
 20
46.85987095367847
 10
199.2869440054496
 20
46.86609983651226
 10
199.3398376021798
 20
46.86817613079018
 10
199.3398376021798
 20
46.86817613079018
 10
199.4167123978202
 20
46.86381591280654
 10
199.4945215258855
 20
46.85073525885558
 10
199.573264986376
 20
46.82893416893732
 10
199.6529427792915
 20
46.79841264305176
 10
199.6529427792915
 20
46.79841264305176
 10
199.7110790190736
 20
46.93129547683923
 10
199.6255356948229
 20
46.96254370572206
 10
199.5366702997275
 20
46.9848638692098
 10
199.4444828337875
 20
46.99825596730245
 10
199.3489732970027
 20
47.00272
 10
199.3489732970027
 20
47.00272
 10
199.2553843324251
 20
46.9979964305177
 10
199.1681280653951
 20
46.98382572207084
 10
199.0872044959128
 20
46.9602078746594
 10
199.0126136239782
 20
46.92714288828337
 10
199.0126136239782
 20
46.92714288828337
 10
198.9455493188011
 20
46.88540937329699
 10
198.8872054495913
 20
46.83495542234332
 10
198.8872054495913
 20
46.83495542234332
 10
198.8367514986376
 20
46.7768191825613
 10
198.7950179836512
 20
46.71037776566757
 10
198.7950179836512
 20
46.71037776566757
 10
198.7619529972752
 20
46.6363578746594
 10
198.7383351498638
 20
46.55631673024523
 10
198.7241644414169
 20
46.47025433242506
 10
198.7194408719346
 20
46.3781706811989
 10
198.7194408719346
 20
46.3781706811989
 10
198.7217767029973
 20
46.30633089918256
 10
198.7287841961853
 20
46.23864370572206
 10
198.7404633514986
 20
46.17510910081743
 10
198.7568141689373
 20
46.11572708446866
 10
198.7568141689373
 20
46.11572708446866
 10
198.7783038147139
 20
46.0604457493188
 10
198.8045689373297
 20
46.0092131880109
 10
198.8356095367847
 20
45.96202940054495
 10
198.871425613079
 20
45.91889438692098
 10
198.871425613079
 20
45.91889438692098
 10
198.9111866485014
 20
45.88032722070844
 10
198.9548926430518
 20
45.84684697547684
 10
199.0025435967302
 20
45.81845365122615
 10
199.0541395095368
 20
45.7951472479564
 10
199.0541395095368
 20
45.7951472479564
 10
199.11004373297
 20
45.77734302452316
 10
199.1697891008174
 20
45.76462572207084
 10
199.233375613079
 20
45.75699534059945
 10
199.3008032697548
 20
45.75445188010899
 10
199.3008032697548
 20
45.75445188010899
 10
199.4241351498638
 20
45.75839683923705
 10
199.5316871934605
 20
45.77023171662125
 10
199.5316871934605
 20
45.77023171662125
 10
199.6305188010899
 20
45.78974888283378
 10
199.727689373297
 20
45.81674070844686
 10
199.727689373297
 20
45.81674070844686
 10
199.727689373297
 20
46.41222190735694
 10
199.3082779291553
 20
46.41222190735694
  0
LWPOLYLINE
  5
6B2
330
1F
100
AcDbEntity
  8
TITLE_BLOCK
100
AcDbPolyline
 90
       31
 70
     1
 43
0.0
 10
200.9817711171662
 20
45.77106223433242
 10
200.9817711171662
 20
46.98527912806539
 10
200.8389220708447
 20
46.98527912806539
 10
200.8389220708447
 20
46.30010201634877
 10
200.8392335149864
 20
46.26843852861035
 10
200.8401678474114
 20
46.22826223433242
 10
200.8417250681199
 20
46.17957313351498
 10
200.8439051771117
 20
46.12237122615803
 10
200.8439051771117
 20
46.12237122615803
 10
200.8461891008174
 20
46.06771277929155
 10
200.8480577656676
 20
46.02582354223433
 10
200.8495111716621
 20
45.99670351498637
 10
200.8505493188011
 20
45.98035269754768
 10
200.8505493188011
 20
45.98035269754768
 10
200.8439051771117
 20
45.98035269754768
 10
200.6321231607629
 20
46.31006822888283
 10
200.2334746594005
 20
46.9263123705722
 10
200.1961013623978
 20
46.98527912806539
 10
200.0192010899183
 20
46.98527912806539
 10
200.0192010899183
 20
45.77106223433242
 10
200.1603891008174
 20
45.77106223433242
 10
200.1603891008174
 20
46.44959520435967
 10
200.1597662125341
 20
46.50773144414168
 10
200.1578975476839
 20
46.57085079019073
 10
200.154783106267
 20
46.63895324250681
 10
200.1504228882834
 20
46.71203880108991
 10
200.1504228882834
 20
46.71203880108991
 10
200.1462702997275
 20
46.77931073569481
 10
200.1529144414169
 20
46.77931073569481
 10
200.8032098092643
 20
45.77106223433242
 10
200.9817711171662
 20
45.77106223433242
  0
LWPOLYLINE
  5
6B3
330
1F
100
AcDbEntity
  8
TITLE_BLOCK
100
AcDbPolyline
 90
        9
 70
     1
 43
0.0
 10
202.0730713896458
 20
45.77106223433242
 10
202.2317002724795
 20
45.77106223433242
 10
201.7583051771117
 20
46.99026223433242
 10
201.6204392370572
 20
46.99026223433242
 10
201.1462136239782
 20
45.77106223433242
 10
201.3006899182561
 20
45.77106223433242
 10
201.4452
 20
46.14728675749318
 10
201.9269002724795
 20
46.14728675749318
 10
202.0730713896458
 20
45.77106223433242
  0
LWPOLYLINE
  5
6B4
330
1F
100
AcDbEntity
  8
TITLE_BLOCK
100
AcDbPolyline
 90
        8
 70
     1
 43
0.0
 10
201.8812217983651
 20
46.28266114441416
 10
201.4966920980926
 20
46.28266114441416
 10
201.6345580381471
 20
46.65058049046321
 10
201.6613422343324
 20
46.73716196185286
 10
201.6868806539509
 20
46.8324638692098
 10
201.6868806539509
 20
46.8324638692098
 10
201.745016893733
 20
46.65058049046321
 10
201.8812217983651
 20
46.28266114441416
  0
LWPOLYLINE
  5
6B5
330
1F
100
AcDbEntity
  8
TITLE_BLOCK
100
AcDbPolyline
 90
        9
 70
     1
 43
0.0
 10
202.7831640326976
 20
45.77106223433242
 10
202.7831640326976
 20
46.85073525885558
 10
203.1602190735695
 20
46.85073525885558
 10
203.1602190735695
 20
46.98527912806539
 10
202.2499716621253
 20
46.98527912806539
 10
202.2499716621253
 20
46.85073525885558
 10
202.6295182561308
 20
46.85073525885558
 10
202.6295182561308
 20
45.77106223433242
 10
202.7831640326976
 20
45.77106223433242
  0
LWPOLYLINE
  5
6B6
330
1F
100
AcDbEntity
  8
TITLE_BLOCK
100
AcDbPolyline
 90
       55
 70
     1
 43
0.0
 10
204.2681297002725
 20
46.98527912806539
 10
204.1161449591281
 20
46.98527912806539
 10
204.1161449591281
 20
46.19960937329699
 10
204.1109542234333
 20
46.12776959128065
 10
204.0953820163488
 20
46.06506550408719
 10
204.0953820163488
 20
46.06506550408719
 10
204.0702588555858
 20
46.01149711171661
 10
204.0347542234333
 20
45.96706441416893
 10
204.0347542234333
 20
45.96706441416893
 10
203.98990626703
 20
45.93155978201634
 10
203.936753133515
 20
45.9064366212534
 10
203.936753133515
 20
45.9064366212534
 10
203.8744643051771
 20
45.89148730245231
 10
203.8038702997275
 20
45.88650419618528
 10
203.8038702997275
 20
45.88650419618528
 10
203.7291237057221
 20
45.89148730245231
 10
203.6643433242507
 20
45.9064366212534
 10
203.6643433242507
 20
45.9064366212534
 10
203.6095291553134
 20
45.93218267029972
 10
203.5646811989101
 20
45.9678949318801
 10
203.5646811989101
 20
45.9678949318801
 10
203.5297994550409
 20
46.01274288828337
 10
203.5048839237057
 20
46.06589602179836
 10
203.5048839237057
 20
46.06589602179836
 10
203.490557493188
 20
46.12756196185286
 10
203.4857820163488
 20
46.19794833787466
 10
203.4857820163488
 20
46.19794833787466
 10
203.4857820163488
 20
46.98527912806539
 10
203.332136239782
 20
46.98527912806539
 10
203.332136239782
 20
46.20293144414168
 10
203.3396108991826
 20
46.10389220708446
 10
203.3620348773842
 20
46.01606495912806
 10
203.3620348773842
 20
46.01606495912806
 10
203.4002386920981
 20
45.93944970027248
 10
203.4533918256131
 20
45.87404643051771
 10
203.4533918256131
 20
45.87404643051771
 10
203.5200408719346
 20
45.82172381471389
 10
203.5987324250681
 20
45.78435051771117
 10
203.5987324250681
 20
45.78435051771117
 10
203.6905046321526
 20
45.76192653950953
 10
203.7947346049046
 20
45.75445188010899
 10
203.7947346049046
 20
45.75445188010899
 10
203.8997950953679
 20
45.76171891008174
 10
203.9923978201635
 20
45.78352
 10
203.9923978201635
 20
45.78352
 10
204.0735809264305
 20
45.82089329700272
 10
204.1427215258856
 20
45.87321591280654
 10
204.1427215258856
 20
45.87321591280654
 10
204.1973280653951
 20
45.93778866485013
 10
204.236570027248
 20
46.01357340599454
 10
204.236570027248
 20
46.01357340599454
 10
204.2602397820164
 20
46.10119302452316
 10
204.2681297002725
 20
46.19960937329699
 10
204.2681297002725
 20
46.19960937329699
 10
204.2681297002725
 20
46.98527912806539
  0
LWPOLYLINE
  5
6B7
330
1F
100
AcDbEntity
  8
TITLE_BLOCK
100
AcDbPolyline
 90
       33
 70
     1
 43
0.0
 10
204.7406942779292
 20
46.2726949318801
 10
204.9823749318801
 20
46.2726949318801
 10
205.2763782016349
 20
45.77106223433242
 10
205.4549395095368
 20
45.77106223433242
 10
205.121901907357
 20
46.31505133514986
 10
205.1785847411444
 20
46.33830583106266
 10
205.2273776566758
 20
46.3665434332425
 10
205.2273776566758
 20
46.3665434332425
 10
205.26931880109
 20
46.39976414168937
 10
205.3037852861036
 20
46.43796795640326
 10
205.3037852861036
 20
46.43796795640326
 10
205.3305694822888
 20
46.48115487738419
 10
205.349463760218
 20
46.52932490463215
 10
205.349463760218
 20
46.52932490463215
 10
205.3612986376022
 20
46.58247803814713
 10
205.3652435967303
 20
46.64061427792915
 10
205.3652435967303
 20
46.64061427792915
 10
205.3583918256131
 20
46.7213821253406
 10
205.3378365122616
 20
46.79093798365122
 10
205.3378365122616
 20
46.79093798365122
 10
205.3037852861036
 20
46.85032
 10
205.2564457765668
 20
46.89890528610353
 10
205.2564457765668
 20
46.89890528610353
 10
205.1949874659401
 20
46.93669384196185
 10
205.1185798365123
 20
46.96368566757493
 10
205.1185798365123
 20
46.96368566757493
 10
205.0280534059946
 20
46.97988076294277
 10
204.9225776566758
 20
46.98527912806539
 10
204.9225776566758
 20
46.98527912806539
 10
204.5878790190736
 20
46.98527912806539
 10
204.5878790190736
 20
45.77106223433242
 10
204.7406942779292
 20
45.77106223433242
 10
204.7406942779292
 20
46.2726949318801
  0
LWPOLYLINE
  5
6B8
330
1F
100
AcDbEntity
  8
TITLE_BLOCK
100
AcDbPolyline
 90
       28
 70
     1
 43
0.0
 10
204.7406942779292
 20
46.40225569482288
 10
204.7406942779292
 20
46.8532268119891
 10
204.9142724795641
 20
46.8532268119891
 10
204.9861122615804
 20
46.84990474114441
 10
205.0471553133515
 20
46.83993852861035
 10
205.0471553133515
 20
46.83993852861035
 10
205.0976092643052
 20
46.82332817438692
 10
205.1376817438692
 20
46.80007367847411
 10
205.1376817438692
 20
46.80007367847411
 10
205.1675803814714
 20
46.76975978201634
 10
205.1891738419619
 20
46.73197122615803
 10
205.1891738419619
 20
46.73197122615803
 10
205.2022544959128
 20
46.68650038147138
 10
205.2066147138965
 20
46.6331396185286
 10
205.2066147138965
 20
46.6331396185286
 10
205.2022544959128
 20
46.57936359673024
 10
205.1891738419619
 20
46.53264697547683
 10
205.1891738419619
 20
46.53264697547683
 10
205.1682032697548
 20
46.49298975476839
 10
205.1385122615804
 20
46.4603919346049
 10
205.1385122615804
 20
46.4603919346049
 10
205.0994779291553
 20
46.43485351498637
 10
205.0504773841962
 20
46.4163744959128
 10
205.0504773841962
 20
46.4163744959128
 10
204.991510626703
 20
46.40578539509536
 10
204.9225776566758
 20
46.40225569482288
 10
204.9225776566758
 20
46.40225569482288
 10
204.7406942779292
 20
46.40225569482288
  0
LWPOLYLINE
  5
6B9
330
1F
100
AcDbEntity
  8
TITLE_BLOCK
100
AcDbPolyline
 90
       13
 70
     1
 43
0.0
 10
206.3244915531336
 20
45.77106223433242
 10
206.3244915531336
 20
45.90560610354223
 10
205.7987738419619
 20
45.90560610354223
 10
205.7987738419619
 20
46.33913634877383
 10
206.2937623978202
 20
46.33913634877383
 10
206.2937623978202
 20
46.4720191825613
 10
205.7987738419619
 20
46.4720191825613
 10
205.7987738419619
 20
46.85073525885558
 10
206.3244915531336
 20
46.85073525885558
 10
206.3244915531336
 20
46.98527912806539
 10
205.6459585831063
 20
46.98527912806539
 10
205.6459585831063
 20
45.77106223433242
 10
206.3244915531336
 20
45.77106223433242
  0
LWPOLYLINE
  5
6BA
330
1F
100
AcDbEntity
  8
TITLE_BLOCK
100
AcDbPolyline
 90
       31
 70
     1
 43
0.0
 10
180.5314352043597
 20
45.78352
 10
180.5314352043597
 20
46.99773689373296
 10
180.3885861580382
 20
46.99773689373296
 10
180.3885861580382
 20
46.31255978201634
 10
180.3888976021798
 20
46.28089629427792
 10
180.3898319346049
 20
46.24072
 10
180.3913891553133
 20
46.19203089918256
 10
180.3935692643052
 20
46.13482899182561
 10
180.3935692643052
 20
46.13482899182561
 10
180.3958531880109
 20
46.08017054495912
 10
180.397721852861
 20
46.0382813079019
 10
180.3991752588556
 20
46.00916128065395
 10
180.4002134059945
 20
45.99281046321526
 10
180.4002134059945
 20
45.99281046321526
 10
180.3935692643052
 20
45.99281046321526
 10
180.1817872479564
 20
46.3225259945504
 10
179.783138746594
 20
46.93877013623977
 10
179.7457654495913
 20
46.99773689373296
 10
179.5688651771117
 20
46.99773689373296
 10
179.5688651771117
 20
45.78352
 10
179.7100531880109
 20
45.78352
 10
179.7100531880109
 20
46.46205297002724
 10
179.7094302997275
 20
46.52018920980926
 10
179.7075616348774
 20
46.58330855585831
 10
179.7044471934605
 20
46.65141100817439
 10
179.7000869754768
 20
46.72449656675749
 10
179.7000869754768
 20
46.72449656675749
 10
179.695934386921
 20
46.79176850136239
 10
179.7025785286104
 20
46.79176850136239
 10
180.3528738964578
 20
45.78352
 10
180.5314352043597
 20
45.78352
  0
LWPOLYLINE
  5
6BB
330
1F
100
AcDbEntity
  8
TITLE_BLOCK
100
AcDbPolyline
 90
        9
 70
     1
 43
0.0
 10
181.6227354768392
 20
45.78352
 10
181.781364359673
 20
45.78352
 10
181.3079692643052
 20
47.00272
 10
181.1701033242507
 20
47.00272
 10
180.6958777111716
 20
45.78352
 10
180.8503540054496
 20
45.78352
 10
180.9948640871935
 20
46.15974452316076
 10
181.476564359673
 20
46.15974452316076
 10
181.6227354768392
 20
45.78352
  0
LWPOLYLINE
  5
6BC
330
1F
100
AcDbEntity
  8
TITLE_BLOCK
100
AcDbPolyline
 90
        8
 70
     1
 43
0.0
 10
181.4308858855586
 20
46.29511891008174
 10
181.0463561852861
 20
46.29511891008174
 10
181.1842221253406
 20
46.66303825613078
 10
181.2110063215259
 20
46.74961972752043
 10
181.2365447411444
 20
46.84492163487738
 10
181.2365447411444
 20
46.84492163487738
 10
181.2946809809264
 20
46.66303825613078
 10
181.4308858855586
 20
46.29511891008174
  0
LWPOLYLINE
  5
6BD
330
1F
100
AcDbEntity
  8
TITLE_BLOCK
100
AcDbPolyline
 90
       27
 70
     1
 43
0.0
 10
182.4839823433242
 20
45.78352
 10
182.6093905177112
 20
45.78352
 10
183.014683160763
 20
46.84658267029972
 10
183.0213273024523
 20
46.84658267029972
 10
183.0162403814714
 20
46.75486237057221
 10
183.012606866485
 20
46.6715510626703
 10
183.0104267574932
 20
46.596648746594
 10
183.0097000544959
 20
46.53015542234332
 10
183.0097000544959
 20
46.53015542234332
 10
183.0097000544959
 20
45.78352
 10
183.1608542779292
 20
45.78352
 10
183.1608542779292
 20
46.99773689373296
 10
182.9366144959128
 20
46.99773689373296
 10
182.555406866485
 20
46.00277667574932
 10
182.5487627247956
 20
46.00277667574932
 10
182.1741992370572
 20
46.99773689373296
 10
181.9482984196185
 20
46.99773689373296
 10
181.9482984196185
 20
45.78352
 10
182.0894864305177
 20
45.78352
 10
182.0894864305177
 20
46.52018920980926
 10
182.0887078201635
 20
46.61388198910081
 10
182.0863719891008
 20
46.69978866485013
 10
182.0824789373297
 20
46.77790923705722
 10
182.0770286648501
 20
46.84824370572207
 10
182.0770286648501
 20
46.84824370572207
 10
182.0836728065395
 20
46.84824370572207
 10
182.4839823433242
 20
45.78352
  0
LWPOLYLINE
  5
6BE
330
1F
100
AcDbEntity
  8
TITLE_BLOCK
100
AcDbPolyline
 90
       13
 70
     1
 43
0.0
 10
184.1699332970027
 20
45.78352
 10
184.1699332970027
 20
45.9180638692098
 10
183.6442155858311
 20
45.9180638692098
 10
183.6442155858311
 20
46.35159411444141
 10
184.1392041416894
 20
46.35159411444141
 10
184.1392041416894
 20
46.48447694822888
 10
183.6442155858311
 20
46.48447694822888
 10
183.6442155858311
 20
46.86319302452316
 10
184.1699332970027
 20
46.86319302452316
 10
184.1699332970027
 20
46.99773689373296
 10
183.4914003269755
 20
46.99773689373296
 10
183.4914003269755
 20
45.78352
 10
184.1699332970027
 20
45.78352
  0
LWPOLYLINE
  5
6BF
330
1F
100
AcDbEntity
  8
TITLE_BLOCK
100
AcDbPolyline
 90
       44
 70
     1
 43
0.0
 10
213.1367092643052
 20
46.40225569482288
 10
213.1342177111716
 20
46.47124057220708
 10
213.1267430517711
 20
46.53617667574932
 10
213.1142852861035
 20
46.59706400544959
 10
213.0968444141689
 20
46.65390256130789
 10
213.0968444141689
 20
46.65390256130789
 10
213.0748356948229
 20
46.7067442506812
 10
213.0478438692098
 20
46.75564098092643
 10
213.0158689373297
 20
46.80059275204359
 10
212.9789108991825
 20
46.84159956403269
 10
212.9789108991825
 20
46.84159956403269
 10
212.9374888283378
 20
46.8781942506812
 10
212.8921217983651
 20
46.90990964577657
 10
212.8428098092643
 20
46.9367457493188
 10
212.7895528610354
 20
46.95870256130789
 10
212.7895528610354
 20
46.95870256130789
 10
212.7324028610354
 20
46.97578008174386
 10
212.6714117166212
 20
46.9879783106267
 10
212.6065794277929
 20
46.9952972479564
 10
212.5379059945504
 20
46.99773689373296
 10
212.5379059945504
 20
46.99773689373296
 10
212.1641730245231
 20
46.99773689373296
 10
212.1641730245231
 20
45.78352
 10
212.50219373297
 20
45.78352
 10
212.576421253406
 20
45.78595964577656
 10
212.6462885558583
 20
45.79327858310626
 10
212.711795640327
 20
45.8054768119891
 10
212.772942506812
 20
45.82255433242506
 10
212.772942506812
 20
45.82255433242506
 10
212.8293138964577
 20
45.8449783106267
 10
212.8813250681198
 20
45.87238539509536
 10
212.9289760217983
 20
45.90477558583106
 10
212.9722667574932
 20
45.94214888283378
 10
212.9722667574932
 20
45.94214888283378
 10
213.0107820163487
 20
45.98419384196185
 10
213.0441065395095
 20
46.03059901907356
 10
213.0722403269754
 20
46.08136441416893
 10
213.0951833787466
 20
46.13649002724795
 10
213.0951833787466
 20
46.13649002724795
 10
213.1133509536784
 20
46.19639111716621
 10
213.1263277929155
 20
46.26065242506812
 10
213.1341138964577
 20
46.32927395095368
 10
213.1367092643052
 20
46.40225569482288
 10
213.1367092643052
 20
46.40225569482288
  0
LWPOLYLINE
  5
6C0
330
1F
100
AcDbEntity
  8
TITLE_BLOCK
100
AcDbPolyline
 90
       44
 70
     1
 43
0.0
 10
212.9755888283378
 20
46.39727258855586
 10
212.9736163487738
 20
46.33856536784741
 10
212.9676989100817
 20
46.28369929155313
 10
212.9578365122616
 20
46.23267435967302
 10
212.9440291553133
 20
46.18549057220708
 10
212.9440291553133
 20
46.18549057220708
 10
212.9267440054496
 20
46.14214792915531
 10
212.9056177111716
 20
46.10264643051771
 10
212.8806502724795
 20
46.06698607629427
 10
212.8518416893733
 20
46.03516686648501
 10
212.8518416893733
 20
46.03516686648501
 10
212.8191400544959
 20
46.00677354223433
 10
212.7824934604904
 20
45.98222136239782
 10
212.7419019073569
 20
45.96151032697547
 10
212.6973653950953
 20
45.9446404359673
 10
212.6973653950953
 20
45.9446404359673
 10
212.6493510899182
 20
45.93155978201634
 10
212.5974956403269
 20
45.92221645776566
 10
212.5417990463215
 20
45.91661046321526
 10
212.4822613079019
 20
45.91474179836512
 10
212.4822613079019
 20
45.91474179836512
 10
212.3169882833787
 20
45.91474179836512
 10
212.3169882833787
 20
46.86734561307902
 10
212.5163125340599
 20
46.86734561307902
 10
212.5721648501362
 20
46.86547694822888
 10
212.6242798365122
 20
46.85987095367847
 10
212.672657493188
 20
46.85052762942779
 10
212.7172978201635
 20
46.83744697547684
 10
212.7172978201635
 20
46.83744697547684
 10
212.7586679836512
 20
46.82062899182561
 10
212.7964046321526
 20
46.80007367847411
 10
212.8305077656675
 20
46.77578103542234
 10
212.8609773841962
 20
46.7477510626703
 10
212.8609773841962
 20
46.7477510626703
 10
212.8878134877384
 20
46.71613948228882
 10
212.9110160762943
 20
46.68110201634877
 10
212.9305851498637
 20
46.64263866485013
 10
212.9465207084468
 20
46.60074942779291
 10
212.9465207084468
 20
46.60074942779291
 10
212.9592380108992
 20
46.55501904632152
 10
212.9683217983651
 20
46.50586277929155
 10
212.9737720708447
 20
46.45328062670299
 10
212.9755888283378
 20
46.39727258855586
 10
212.9755888283378
 20
46.39727258855586
  0
LWPOLYLINE
  5
6C1
330
1F
100
AcDbEntity
  8
TITLE_BLOCK
100
AcDbPolyline
 90
        9
 70
     1
 43
0.0
 10
214.1673817438692
 20
45.78352
 10
214.326010626703
 20
45.78352
 10
213.8526155313351
 20
47.00272
 10
213.7147495912806
 20
47.00272
 10
213.2405239782016
 20
45.78352
 10
213.3950002724795
 20
45.78352
 10
213.5395103542234
 20
46.15974452316076
 10
214.021210626703
 20
46.15974452316076
 10
214.1673817438692
 20
45.78352
  0
LWPOLYLINE
  5
6C2
330
1F
100
AcDbEntity
  8
TITLE_BLOCK
100
AcDbPolyline
 90
        8
 70
     1
 43
0.0
 10
213.9755321525885
 20
46.29511891008174
 10
213.591002452316
 20
46.29511891008174
 10
213.7288683923705
 20
46.66303825613078
 10
213.7556525885558
 20
46.74961972752043
 10
213.7811910081743
 20
46.84492163487738
 10
213.7811910081743
 20
46.84492163487738
 10
213.8393272479564
 20
46.66303825613078
 10
213.9755321525885
 20
46.29511891008174
  0
LWPOLYLINE
  5
6C3
330
1F
100
AcDbEntity
  8
TITLE_BLOCK
100
AcDbPolyline
 90
        9
 70
     1
 43
0.0
 10
214.877474386921
 20
45.78352
 10
214.877474386921
 20
46.86319302452316
 10
215.2545294277929
 20
46.86319302452316
 10
215.2545294277929
 20
46.99773689373296
 10
214.3442820163488
 20
46.99773689373296
 10
214.3442820163488
 20
46.86319302452316
 10
214.7238286103542
 20
46.86319302452316
 10
214.7238286103542
 20
45.78352
 10
214.877474386921
 20
45.78352
  0
LWPOLYLINE
  5
6C4
330
1F
100
AcDbEntity
  8
TITLE_BLOCK
100
AcDbPolyline
 90
       13
 70
     1
 43
0.0
 10
216.1174373297003
 20
45.78352
 10
216.1174373297003
 20
45.9180638692098
 10
215.5917196185286
 20
45.9180638692098
 10
215.5917196185286
 20
46.35159411444141
 10
216.0867081743869
 20
46.35159411444141
 10
216.0867081743869
 20
46.48447694822888
 10
215.5917196185286
 20
46.48447694822888
 10
215.5917196185286
 20
46.86319302452316
 10
216.1174373297003
 20
46.86319302452316
 10
216.1174373297003
 20
46.99773689373296
 10
215.438904359673
 20
46.99773689373296
 10
215.438904359673
 20
45.78352
 10
216.1174373297003
 20
45.78352
  0
LWPOLYLINE
  5
6C5
330
1F
100
AcDbEntity
  8
TITLE_BLOCK
100
AcDbPolyline
 90
       44
 70
     1
 43
0.0
 10
167.2064014168937
 20
41.83025569482289
 10
167.2039098637602
 20
41.89924057220708
 10
167.1964352043597
 20
41.96417667574932
 10
167.1839774386921
 20
42.02506400544959
 10
167.1665365667575
 20
42.0819025613079
 10
167.1665365667575
 20
42.0819025613079
 10
167.1445278474114
 20
42.1347442506812
 10
167.1175360217983
 20
42.18364098092643
 10
167.0855610899183
 20
42.2285927520436
 10
167.0486030517711
 20
42.2695995640327
 10
167.0486030517711
 20
42.2695995640327
 10
167.0071809809264
 20
42.3061942506812
 10
166.9618139509537
 20
42.33790964577657
 10
166.9125019618529
 20
42.3647457493188
 10
166.859245013624
 20
42.3867025613079
 10
166.859245013624
 20
42.3867025613079
 10
166.802095013624
 20
42.40378008174387
 10
166.7411038692098
 20
42.41597831062671
 10
166.6762715803815
 20
42.42329724795641
 10
166.607598147139
 20
42.42573689373297
 10
166.607598147139
 20
42.42573689373297
 10
166.2338651771117
 20
42.42573689373297
 10
166.2338651771117
 20
41.21152
 10
166.5718858855586
 20
41.21152
 10
166.6461134059945
 20
41.21395964577657
 10
166.7159807084469
 20
41.22127858310627
 10
166.7814877929155
 20
41.2334768119891
 10
166.8426346594005
 20
41.25055433242507
 10
166.8426346594005
 20
41.25055433242507
 10
166.8990060490463
 20
41.2729783106267
 10
166.9510172207084
 20
41.30038539509537
 10
166.9986681743869
 20
41.33277558583107
 10
167.0419589100817
 20
41.37014888283379
 10
167.0419589100817
 20
41.37014888283379
 10
167.0804741689373
 20
41.41219384196185
 10
167.1137986920981
 20
41.45859901907357
 10
167.141932479564
 20
41.50936441416894
 10
167.1648755313351
 20
41.56449002724796
 10
167.1648755313351
 20
41.56449002724796
 10
167.183043106267
 20
41.62439111716621
 10
167.1960199455041
 20
41.68865242506812
 10
167.2038060490463
 20
41.75727395095368
 10
167.2064014168937
 20
41.83025569482289
 10
167.2064014168937
 20
41.83025569482289
  0
LWPOLYLINE
  5
6C6
330
1F
100
AcDbEntity
  8
TITLE_BLOCK
100
AcDbPolyline
 90
       44
 70
     1
 43
0.0
 10
167.0452809809264
 20
41.82527258855586
 10
167.0433085013624
 20
41.76656536784741
 10
167.0373910626703
 20
41.71169929155313
 10
167.0275286648501
 20
41.66067435967302
 10
167.0137213079019
 20
41.61349057220708
 10
167.0137213079019
 20
41.61349057220708
 10
166.9964361580381
 20
41.57014792915531
 10
166.9753098637602
 20
41.53064643051771
 10
166.9503424250681
 20
41.49498607629427
 10
166.9215338419618
 20
41.46316686648501
 10
166.9215338419618
 20
41.46316686648501
 10
166.8888322070844
 20
41.43477354223433
 10
166.852185613079
 20
41.41022136239782
 10
166.8115940599455
 20
41.38951032697548
 10
166.7670575476839
 20
41.37264043596731
 10
166.7670575476839
 20
41.37264043596731
 10
166.7190432425068
 20
41.35955978201635
 10
166.6671877929155
 20
41.35021645776567
 10
166.6114911989101
 20
41.34461046321526
 10
166.5519534604904
 20
41.34274179836513
 10
166.5519534604904
 20
41.34274179836513
 10
166.3866804359673
 20
41.34274179836513
 10
166.3866804359673
 20
42.29534561307902
 10
166.5860046866485
 20
42.29534561307902
 10
166.6418570027248
 20
42.29347694822889
 10
166.6939719891008
 20
42.28787095367847
 10
166.7423496457766
 20
42.27852762942779
 10
166.786989972752
 20
42.26544697547684
 10
166.786989972752
 20
42.26544697547684
 10
166.8283601362398
 20
42.24862899182561
 10
166.8660967847411
 20
42.22807367847412
 10
166.9001999182561
 20
42.20378103542235
 10
166.9306695367847
 20
42.1757510626703
 10
166.9306695367847
 20
42.1757510626703
 10
166.957505640327
 20
42.14413948228883
 10
166.9807082288828
 20
42.10910201634877
 10
167.0002773024523
 20
42.07063866485014
 10
167.0162128610354
 20
42.02874942779292
 10
167.0162128610354
 20
42.02874942779292
 10
167.0289301634877
 20
41.98301904632152
 10
167.0380139509537
 20
41.93386277929155
 10
167.0434642234332
 20
41.881280626703
 10
167.0452809809264
 20
41.82527258855586
 10
167.0452809809264
 20
41.82527258855586
  0
LWPOLYLINE
  5
6C7
330
1F
100
AcDbEntity
  8
TITLE_BLOCK
100
AcDbPolyline
 90
       33
 70
     1
 43
0.0
 10
167.6283044141689
 20
41.71315269754768
 10
167.8699850681199
 20
41.71315269754768
 10
168.1639883378747
 20
41.21152
 10
168.3425496457766
 20
41.21152
 10
168.0095120435967
 20
41.75550910081744
 10
168.0661948773842
 20
41.77876359673024
 10
168.1149877929155
 20
41.80700119891008
 10
168.1149877929155
 20
41.80700119891008
 10
168.1569289373297
 20
41.84022190735695
 10
168.1913954223433
 20
41.87842572207084
 10
168.1913954223433
 20
41.87842572207084
 10
168.2181796185286
 20
41.92161264305177
 10
168.2370738964578
 20
41.96978267029973
 10
168.2370738964578
 20
41.96978267029973
 10
168.2489087738419
 20
42.02293580381471
 10
168.25285373297
 20
42.08107204359673
 10
168.25285373297
 20
42.08107204359673
 10
168.2460019618528
 20
42.16183989100818
 10
168.2254466485013
 20
42.2313957493188
 10
168.2254466485013
 20
42.2313957493188
 10
168.1913954223433
 20
42.29077776566758
 10
168.1440559128065
 20
42.33936305177112
 10
168.1440559128065
 20
42.33936305177112
 10
168.0825976021798
 20
42.37715160762943
 10
168.006189972752
 20
42.40414343324251
 10
168.006189972752
 20
42.40414343324251
 10
167.9156635422343
 20
42.42033852861035
 10
167.8101877929155
 20
42.42573689373297
 10
167.8101877929155
 20
42.42573689373297
 10
167.4754891553133
 20
42.42573689373297
 10
167.4754891553133
 20
41.21152
 10
167.6283044141689
 20
41.21152
 10
167.6283044141689
 20
41.71315269754768
  0
LWPOLYLINE
  5
6C8
330
1F
100
AcDbEntity
  8
TITLE_BLOCK
100
AcDbPolyline
 90
       28
 70
     1
 43
0.0
 10
167.6283044141689
 20
41.84271346049047
 10
167.6283044141689
 20
42.29368457765668
 10
167.8018826158038
 20
42.29368457765668
 10
167.8737223978202
 20
42.29036250681199
 10
167.9347654495913
 20
42.28039629427793
 10
167.9347654495913
 20
42.28039629427793
 10
167.9852194005449
 20
42.2637859400545
 10
168.025291880109
 20
42.24053144414169
 10
168.025291880109
 20
42.24053144414169
 10
168.0551905177112
 20
42.21021754768392
 10
168.0767839782016
 20
42.17242899182561
 10
168.0767839782016
 20
42.17242899182561
 10
168.0898646321526
 20
42.12695814713896
 10
168.0942248501362
 20
42.07359738419618
 10
168.0942248501362
 20
42.07359738419618
 10
168.0898646321526
 20
42.01982136239782
 10
168.0767839782016
 20
41.97310474114441
 10
168.0767839782016
 20
41.97310474114441
 10
168.0558134059945
 20
41.93344752043597
 10
168.0261223978202
 20
41.90084970027248
 10
168.0261223978202
 20
41.90084970027248
 10
167.9870880653951
 20
41.87531128065395
 10
167.9380875204359
 20
41.85683226158038
 10
167.9380875204359
 20
41.85683226158038
 10
167.8791207629428
 20
41.84624316076295
 10
167.8101877929155
 20
41.84271346049047
 10
167.8101877929155
 20
41.84271346049047
 10
167.6283044141689
 20
41.84271346049047
  0
LWPOLYLINE
  5
6C9
330
1F
100
AcDbEntity
  8
TITLE_BLOCK
100
AcDbPolyline
 90
        9
 70
     1
 43
0.0
 10
169.2951534604905
 20
41.21152
 10
169.4537823433242
 20
41.21152
 10
168.9803872479564
 20
42.43072
 10
168.8425213079019
 20
42.43072
 10
168.3682956948229
 20
41.21152
 10
168.5227719891008
 20
41.21152
 10
168.6672820708447
 20
41.58774452316077
 10
169.1489823433242
 20
41.58774452316077
 10
169.2951534604905
 20
41.21152
  0
LWPOLYLINE
  5
6CA
330
1F
100
AcDbEntity
  8
TITLE_BLOCK
100
AcDbPolyline
 90
        8
 70
     1
 43
0.0
 10
169.1033038692098
 20
41.72311891008174
 10
168.7187741689373
 20
41.72311891008174
 10
168.8566401089918
 20
42.09103825613079
 10
168.8834243051771
 20
42.17761972752044
 10
168.9089627247956
 20
42.27292163487738
 10
168.9089627247956
 20
42.27292163487738
 10
168.9670989645776
 20
42.09103825613079
 10
169.1033038692098
 20
41.72311891008174
  0
LWPOLYLINE
  5
6CB
330
1F
100
AcDbEntity
  8
TITLE_BLOCK
100
AcDbPolyline
 90
       38
 70
     1
 43
0.0
 10
170.6920842506812
 20
41.21152
 10
171.015155640327
 20
42.42573689373297
 10
170.855696239782
 20
42.42573689373297
 10
170.6679992370572
 20
41.68574561307902
 10
170.647184386921
 20
41.60155188010899
 10
170.6304183106267
 20
41.52504043596731
 10
170.6177010081744
 20
41.45621128065395
 10
170.609032479564
 20
41.39506441416894
 10
170.609032479564
 20
41.39506441416894
 10
170.5807948773842
 20
41.54248130790191
 10
170.5425910626703
 20
41.68740664850137
 10
170.5425910626703
 20
41.68740664850137
 10
170.3191817983651
 20
42.42573689373297
 10
170.1613834332425
 20
42.42573689373297
 10
169.9471098637602
 20
41.69322027247956
 10
169.9076602724796
 20
41.53770583106267
 10
169.8823294822888
 20
41.39506441416894
 10
169.8823294822888
 20
41.39506441416894
 10
169.8578292098093
 20
41.53915923705722
 10
169.8241932425068
 20
41.68408457765668
 10
169.8241932425068
 20
41.68408457765668
 10
169.6356657220709
 20
42.42573689373297
 10
169.4762063215259
 20
42.42573689373297
 10
169.7976166757493
 20
41.21152
 10
169.9520929700273
 20
41.21152
 10
170.1813158583106
 20
42.00217286103543
 10
170.2017673569482
 20
42.07354547683924
 10
170.2182738964578
 20
42.13817013623978
 10
170.2308354768392
 20
42.19604683923706
 10
170.2394520980926
 20
42.24717558583107
 10
170.2394520980926
 20
42.24717558583107
 10
170.2467191280654
 20
42.20881604904632
 10
170.2593845231608
 20
42.15602626702997
 10
170.2774482833788
 20
42.08880623978202
 10
170.3009104087193
 20
42.00715596730245
 10
170.3009104087193
 20
42.00715596730245
 10
170.5376079564033
 20
41.21152
 10
170.6920842506812
 20
41.21152
  0
LWPOLYLINE
  5
6CC
330
1F
100
AcDbEntity
  8
TITLE_BLOCK
100
AcDbPolyline
 90
       31
 70
     1
 43
0.0
 10
172.1654226702997
 20
41.21152
 10
172.1654226702997
 20
42.42573689373297
 10
172.0225736239782
 20
42.42573689373297
 10
172.0225736239782
 20
41.74055978201635
 10
172.0228850681199
 20
41.70889629427793
 10
172.023819400545
 20
41.66872
 10
172.0253766212534
 20
41.62003089918256
 10
172.0275567302452
 20
41.56282899182561
 10
172.0275567302452
 20
41.56282899182561
 10
172.029840653951
 20
41.50817054495913
 10
172.0317093188011
 20
41.46628130790191
 10
172.0331627247957
 20
41.43716128065395
 10
172.0342008719346
 20
41.42081046321526
 10
172.0342008719346
 20
41.42081046321526
 10
172.0275567302452
 20
41.42081046321526
 10
171.8157747138965
 20
41.75052599455041
 10
171.4171262125341
 20
42.36677013623978
 10
171.3797529155314
 20
42.42573689373297
 10
171.2028526430518
 20
42.42573689373297
 10
171.2028526430518
 20
41.21152
 10
171.344040653951
 20
41.21152
 10
171.344040653951
 20
41.89005297002725
 10
171.3434177656676
 20
41.94818920980926
 10
171.3415491008174
 20
42.01130855585831
 10
171.3384346594005
 20
42.07941100817439
 10
171.3340744414169
 20
42.15249656675749
 10
171.3340744414169
 20
42.15249656675749
 10
171.329921852861
 20
42.2197685013624
 10
171.3365659945504
 20
42.2197685013624
 10
171.9868613623978
 20
41.21152
 10
172.1654226702997
 20
41.21152
  0
LWPOLYLINE
  5
6CD
330
1F
100
AcDbEntity
  8
TITLE_BLOCK
 62
   254
100
AcDbPolyline
 90
        5
 70
     1
 43
0.0
 10
183.5492375803815
 20
41.17770131880109
 10
183.5492375803815
 20
43.12340499182561
 10
189.3333283487738
 20
43.12340499182561
 10
189.3333283487738
 20
41.17770131880109
 10
183.5492375803815
 20
41.17770131880109
  0
LWPOLYLINE
  5
6CE
330
1F
100
AcDbEntity
  8
TITLE_BLOCK
100
AcDbPolyline
 90
       13
 70
     1
 43
0.0
 10
184.4749990626703
 20
41.59628224523161
 10
184.4749990626703
 20
42.6162244359673
 10
184.3466342452316
 20
42.6162244359673
 10
184.3466342452316
 20
42.18508608174387
 10
183.8234080871935
 20
42.18508608174387
 10
183.8234080871935
 20
42.6162244359673
 10
183.6950432697548
 20
42.6162244359673
 10
183.6950432697548
 20
41.59628224523161
 10
183.8234080871935
 20
41.59628224523161
 10
183.8234080871935
 20
42.07206923160763
 10
184.3466342452316
 20
42.07206923160763
 10
184.3466342452316
 20
41.59628224523161
 10
184.4749990626703
 20
41.59628224523161
  0
LWPOLYLINE
  5
6CF
330
1F
100
AcDbEntity
  8
TITLE_BLOCK
100
AcDbPolyline
 90
       13
 70
     1
 43
0.0
 10
185.3240207084469
 20
41.59628224523161
 10
185.3240207084469
 20
41.70929909536785
 10
184.8824178310627
 20
41.70929909536785
 10
184.8824178310627
 20
42.07346450136239
 10
185.2982082179837
 20
42.07346450136239
 10
185.2982082179837
 20
42.18508608174387
 10
184.8824178310627
 20
42.18508608174387
 10
184.8824178310627
 20
42.50320758583106
 10
185.3240207084469
 20
42.50320758583106
 10
185.3240207084469
 20
42.6162244359673
 10
184.754053013624
 20
42.6162244359673
 10
184.754053013624
 20
41.59628224523161
 10
185.3240207084469
 20
41.59628224523161
  0
LWPOLYLINE
  5
6D0
330
1F
100
AcDbEntity
  8
TITLE_BLOCK
100
AcDbPolyline
 90
       31
 70
     1
 43
0.0
 10
186.3572179618529
 20
41.59628224523161
 10
186.3572179618529
 20
42.6162244359673
 10
186.2372247629428
 20
42.6162244359673
 10
186.2372247629428
 20
42.04067566212534
 10
186.2374863760218
 20
42.01407833242506
 10
186.2382712152589
 20
41.98033024523161
 10
186.239579280654
 20
41.93943140054495
 10
186.2414105722071
 20
41.89138179836512
 10
186.2414105722071
 20
41.89138179836512
 10
186.2433290681199
 20
41.84546870299727
 10
186.244898746594
 20
41.81028174386921
 10
186.2461196076295
 20
41.78582092098092
 10
186.2469916512262
 20
41.77208623433243
 10
186.2469916512262
 20
41.77208623433243
 10
186.2414105722071
 20
41.77208623433243
 10
186.0635136784742
 20
42.04904728065395
 10
185.7286489373297
 20
42.56669235967302
 10
185.6972553678474
 20
42.6162244359673
 10
185.5486591389646
 20
42.6162244359673
 10
185.5486591389646
 20
41.59628224523161
 10
185.6672570681199
 20
41.59628224523161
 10
185.6672570681199
 20
42.16624994005449
 10
185.6667338419619
 20
42.21508438147139
 10
185.6651641634878
 20
42.26810463215259
 10
185.6625480326976
 20
42.32531069209809
 10
185.6588854495913
 20
42.3867025613079
 10
185.6588854495913
 20
42.3867025613079
 10
185.6553972752044
 20
42.44321098637602
 10
185.6609783542235
 20
42.44321098637602
 10
186.2072264632153
 20
41.59628224523161
 10
186.3572179618529
 20
41.59628224523161
  0
LWPOLYLINE
  5
6D1
330
1F
100
AcDbEntity
  8
TITLE_BLOCK
100
AcDbPolyline
 90
       44
 70
     1
 43
0.0
 10
187.4511094495913
 20
42.11602022888283
 10
187.4490165449591
 20
42.17396752588556
 10
187.4427378310627
 20
42.22851385286103
 10
187.4322733079019
 20
42.27965920980926
 10
187.4176229754769
 20
42.32740359673024
 10
187.4176229754769
 20
42.32740359673024
 10
187.3991356512262
 20
42.37179061580381
 10
187.3764625177112
 20
42.41286386920981
 10
187.3496035749319
 20
42.45062335694823
 10
187.3185588228883
 20
42.48506907901907
 10
187.3185588228883
 20
42.48506907901907
 10
187.2837642833788
 20
42.51580861580381
 10
187.2456559782017
 20
42.54244954768392
 10
187.204233907357
 20
42.5649918746594
 10
187.1594980708447
 20
42.58343559673025
 10
187.1594980708447
 20
42.58343559673025
 10
187.1114920708447
 20
42.59778071389646
 10
187.0602595095368
 20
42.60802722615804
 10
187.005800386921
 20
42.61417513351498
 10
186.9481147029973
 20
42.6162244359673
 10
186.9481147029973
 20
42.6162244359673
 10
186.6341790081744
 20
42.6162244359673
 10
186.6341790081744
 20
41.59628224523161
 10
186.9181164032698
 20
41.59628224523161
 10
186.980467520436
 20
41.59833154768392
 10
187.0391560544959
 20
41.60447945504087
 10
187.0941820054496
 20
41.61472596730245
 10
187.145545373297
 20
41.62907108446866
 10
187.145545373297
 20
41.62907108446866
 10
187.1928973405995
 20
41.64790722615804
 10
187.2365867247957
 20
41.67092917711172
 10
187.2766135258856
 20
41.6981369373297
 10
187.3129777438692
 20
41.72953050681199
 10
187.3129777438692
 20
41.72953050681199
 10
187.3453305613079
 20
41.76484827247956
 10
187.373323160763
 20
41.8038286212534
 10
187.3969555422343
 20
41.84647155313351
 10
187.4162277057221
 20
41.89277706811989
 10
187.4162277057221
 20
41.89277706811989
 10
187.4314884686649
 20
41.94309398365122
 10
187.442389013624
 20
41.99707348228883
 10
187.4489293405995
 20
42.0547155640327
 10
187.4511094495913
 20
42.11602022888283
 10
187.4511094495913
 20
42.11602022888283
  0
LWPOLYLINE
  5
6D2
330
1F
100
AcDbEntity
  8
TITLE_BLOCK
100
AcDbPolyline
 90
       44
 70
     1
 43
0.0
 10
187.3157682833788
 20
42.11183441961852
 10
187.314111400545
 20
42.06252035422343
 10
187.3091407520436
 20
42.01643285013624
 10
187.3008563378747
 20
41.97357190735695
 10
187.2892581580382
 20
41.93393752588555
 10
187.2892581580382
 20
41.93393752588555
 10
187.2747386321526
 20
41.89752970572207
 10
187.2569925449592
 20
41.86434844686649
 10
187.2360198964578
 20
41.8343937493188
 10
187.2118206866485
 20
41.80766561307902
 10
187.2118206866485
 20
41.80766561307902
 10
187.1843513133515
 20
41.78381522070845
 10
187.1535681743869
 20
41.76319138964578
 10
187.1194712697548
 20
41.74579411989101
 10
187.082060599455
 20
41.73162341144414
 10
187.082060599455
 20
41.73162341144414
 10
187.0417285831063
 20
41.72063566212534
 10
186.9981700054496
 20
41.71278726975477
 10
186.951384866485
 20
41.70807823433243
 10
186.9013731662126
 20
41.70650855585831
 10
186.9013731662126
 20
41.70650855585831
 10
186.7625438256131
 20
41.70650855585831
 10
186.7625438256131
 20
42.50669576021798
 10
186.9299761961853
 20
42.50669576021798
 10
186.9768921416894
 20
42.50512608174387
 10
187.0206687302453
 20
42.50041704632152
 10
187.0613059618529
 20
42.49256865395095
 10
187.0988038365123
 20
42.48158090463215
 10
187.0988038365123
 20
42.48158090463215
 10
187.133554773842
 20
42.46745379836512
 10
187.1652535585831
 20
42.45018733514986
 10
187.1939001907357
 20
42.42978151498637
 10
187.2194946702998
 20
42.40623633787466
 10
187.2194946702998
 20
42.40623633787466
 10
187.2420369972752
 20
42.37968261035422
 10
187.2615271716622
 20
42.35025113896457
 10
187.2779651934605
 20
42.31794192370572
 10
187.2913510626703
 20
42.28275496457766
 10
187.2913510626703
 20
42.28275496457766
 10
187.3020335967303
 20
42.24434144414169
 10
187.3096639782017
 20
42.20305017983651
 10
187.3142422070845
 20
42.15888117166212
 10
187.3157682833788
 20
42.11183441961852
 10
187.3157682833788
 20
42.11183441961852
  0
LWPOLYLINE
  5
6D3
330
1F
100
AcDbEntity
  8
TITLE_BLOCK
100
AcDbPolyline
 90
       33
 70
     1
 43
0.0
 10
187.8055079673025
 20
42.01765371117166
 10
188.0085197166213
 20
42.01765371117166
 10
188.2554824632153
 20
41.59628224523161
 10
188.4054739618529
 20
41.59628224523161
 10
188.1257223760218
 20
42.05323308991825
 10
188.1733359564033
 20
42.07276686648501
 10
188.2143220054496
 20
42.09648645231607
 10
188.2143220054496
 20
42.09648645231607
 10
188.2495525667575
 20
42.12439184741145
 10
188.278504414169
 20
42.15648305177112
 10
188.278504414169
 20
42.15648305177112
 10
188.3010031389646
 20
42.19276006539509
 10
188.3168743324251
 20
42.23322288828338
 10
188.3168743324251
 20
42.23322288828338
 10
188.3268156294278
 20
42.27787152043597
 10
188.3301293950954
 20
42.32670596185286
 10
188.3301293950954
 20
42.32670596185286
 10
188.324373907357
 20
42.39455095367848
 10
188.3071074441417
 20
42.4529778746594
 10
188.3071074441417
 20
42.4529778746594
 10
188.278504414169
 20
42.50285876839237
 10
188.2387392261581
 20
42.54367040871934
 10
188.2387392261581
 20
42.54367040871934
 10
188.1871142452316
 20
42.57541279564033
 10
188.1229318365123
 20
42.59808592915531
 10
188.1229318365123
 20
42.59808592915531
 10
188.0468896348774
 20
42.61168980926431
 10
187.9582900054496
 20
42.6162244359673
 10
187.9582900054496
 20
42.6162244359673
 10
187.6771431498638
 20
42.6162244359673
 10
187.6771431498638
 20
41.59628224523161
 10
187.8055079673025
 20
41.59628224523161
 10
187.8055079673025
 20
42.01765371117166
  0
LWPOLYLINE
  5
6D4
330
1F
100
AcDbEntity
  8
TITLE_BLOCK
100
AcDbPolyline
 90
       28
 70
     1
 43
0.0
 10
187.8055079673025
 20
42.12648475204359
 10
187.8055079673025
 20
42.50530049046321
 10
187.9513136566758
 20
42.50530049046321
 10
188.0116590735695
 20
42.50250995095368
 10
188.0629352370572
 20
42.49413833242507
 10
188.0629352370572
 20
42.49413833242507
 10
188.1053165558583
 20
42.48018563487738
 10
188.1389774386921
 20
42.46065185831063
 10
188.1389774386921
 20
42.46065185831063
 10
188.1640922942779
 20
42.4351881852861
 10
188.1822308010899
 20
42.40344579836512
 10
188.1822308010899
 20
42.40344579836512
 10
188.1932185504087
 20
42.36525028882834
 10
188.196881133515
 20
42.3204272479564
 10
188.196881133515
 20
42.3204272479564
 10
188.1932185504087
 20
42.27525538964578
 10
188.1822308010899
 20
42.23601342779291
 10
188.1822308010899
 20
42.23601342779291
 10
188.164615520436
 20
42.20270136239782
 10
188.1396750735695
 20
42.17531919346049
 10
188.1396750735695
 20
42.17531919346049
 10
188.1068862343324
 20
42.15386692098092
 10
188.0657257765668
 20
42.13834454495912
 10
188.0657257765668
 20
42.13834454495912
 10
188.0161937002725
 20
42.12944970027248
 10
187.9582900054496
 20
42.12648475204359
 10
187.9582900054496
 20
42.12648475204359
 10
187.8055079673025
 20
42.12648475204359
  0
LWPOLYLINE
  5
6D5
330
1F
100
AcDbEntity
  8
TITLE_BLOCK
100
AcDbPolyline
 90
        9
 70
     1
 43
0.0
 10
189.2056611662125
 20
41.59628224523161
 10
189.3389094277929
 20
41.59628224523161
 10
188.9412575476839
 20
42.6204102452316
 10
188.8254501580382
 20
42.6204102452316
 10
188.4271006430518
 20
41.59628224523161
 10
188.5568607302452
 20
41.59628224523161
 10
188.6782491989101
 20
41.91231084468664
 10
189.0828774277929
 20
41.91231084468664
 10
189.2056611662125
 20
41.59628224523161
  0
LWPOLYLINE
  5
6D6
330
1F
100
AcDbEntity
  8
TITLE_BLOCK
100
AcDbPolyline
 90
        8
 70
     1
 43
0.0
 10
189.0445075095368
 20
42.02602532970027
 10
188.7215025613079
 20
42.02602532970027
 10
188.8373099509537
 20
42.33507758038147
 10
188.8598086757493
 20
42.40780601634877
 10
188.8812609482289
 20
42.48785961852861
 10
188.8812609482289
 20
42.48785961852861
 10
188.9300953896458
 20
42.33507758038147
 10
189.0445075095368
 20
42.02602532970027
  0
LWPOLYLINE
  5
6D7
330
1F
100
AcDbEntity
  8
TITLE_BLOCK
 62
   254
100
AcDbPolyline
 90
        5
 70
     1
 43
0.0
 10
181.0858888283379
 20
39.45896152588556
 10
181.0858888283379
 20
41.40466519891008
 10
191.8817885558583
 20
41.40466519891008
 10
191.8817885558583
 20
39.45896152588556
 10
181.0858888283379
 20
39.45896152588556
  0
LWPOLYLINE
  5
6D8
330
1F
100
AcDbEntity
  8
TITLE_BLOCK
100
AcDbPolyline
 90
       14
 70
     1
 43
0.0
 10
181.9774662016349
 20
39.87754245231608
 10
181.5574900054496
 20
40.45309122615804
 10
181.961420599455
 20
40.89748464305178
 10
181.8114291008175
 20
40.89748464305178
 10
181.4479613297003
 20
40.49146114441417
 10
181.3600593351499
 20
40.39448989645777
 10
181.3600593351499
 20
40.89748464305178
 10
181.2316945177112
 20
40.89748464305178
 10
181.2316945177112
 20
39.87754245231608
 10
181.3600593351499
 20
39.87754245231608
 10
181.3600593351499
 20
40.27310142779292
 10
181.4640069318801
 20
40.36449159673025
 10
181.8260794332425
 20
39.87754245231608
 10
181.9774662016349
 20
39.87754245231608
  0
LWPOLYLINE
  5
6D9
330
1F
100
AcDbEntity
  8
TITLE_BLOCK
100
AcDbPolyline
 90
       55
 70
     1
 43
0.0
 10
182.8920655258856
 20
40.89748464305178
 10
182.7643983433243
 20
40.89748464305178
 10
182.7643983433243
 20
40.23752204904633
 10
182.7600381253406
 20
40.17717663215259
 10
182.7469574713897
 20
40.12450519891009
 10
182.7469574713897
 20
40.12450519891009
 10
182.7258540163488
 20
40.0795077493188
 10
182.6960301253406
 20
40.04218428337875
 10
182.6960301253406
 20
40.04218428337875
 10
182.6583578419619
 20
40.01236039237057
 10
182.6137092098093
 20
39.9912569373297
 10
182.6137092098093
 20
39.9912569373297
 10
182.5613865940055
 20
39.97869950953679
 10
182.5020876294278
 20
39.97451370027248
 10
182.5020876294278
 20
39.97451370027248
 10
182.4393004904632
 20
39.97869950953679
 10
182.3848849700273
 20
39.9912569373297
 10
182.3848849700273
 20
39.9912569373297
 10
182.3388410681199
 20
40.01288361852861
 10
182.3011687847412
 20
40.04288191825614
 10
182.3011687847412
 20
40.04288191825614
 10
182.271868119891
 20
40.08055420163488
 10
182.2509390735695
 20
40.12520283378747
 10
182.2509390735695
 20
40.12520283378747
 10
182.2389048719346
 20
40.17700222343324
 10
182.2348934713897
 20
40.23612677929155
 10
182.2348934713897
 20
40.23612677929155
 10
182.2348934713897
 20
40.89748464305178
 10
182.1058310190736
 20
40.89748464305178
 10
182.1058310190736
 20
40.24031258855586
 10
182.1121097329701
 20
40.1571196294278
 10
182.1309458746594
 20
40.08334474114442
 10
182.1309458746594
 20
40.08334474114442
 10
182.1630370790191
 20
40.01898792370572
 10
182.2076857111717
 20
39.96404917711172
 10
182.2076857111717
 20
39.96404917711172
 10
182.2636709100818
 20
39.92009817983651
 10
182.3297718147139
 20
39.88870461035422
 10
182.3297718147139
 20
39.88870461035422
 10
182.4068604686649
 20
39.86986846866485
 10
182.4944136457766
 20
39.86358975476839
 10
182.4944136457766
 20
39.86358975476839
 10
182.5826644577657
 20
39.86969405994551
 10
182.660450746594
 20
39.88800697547684
 10
182.660450746594
 20
39.88800697547684
 10
182.7286445558583
 20
39.91940054495913
 10
182.7867226594006
 20
39.96335154223434
 10
182.7867226594006
 20
39.96335154223434
 10
182.8325921525886
 20
40.01759265395096
 10
182.865555400545
 20
40.08125183651227
 10
182.865555400545
 20
40.08125183651227
 10
182.8854379945504
 20
40.15485231607629
 10
182.8920655258856
 20
40.23752204904633
 10
182.8920655258856
 20
40.23752204904633
 10
182.8920655258856
 20
40.89748464305178
  0
LWPOLYLINE
  5
6DA
330
1F
100
AcDbEntity
  8
TITLE_BLOCK
100
AcDbPolyline
 90
      120
 70
     1
 43
0.0
 10
183.73899426703
 20
40.1503176893733
 10
183.7373373841962
 20
40.18463260490464
 10
183.7323667356948
 20
40.21641859400545
 10
183.7240823215259
 20
40.24567565667575
 10
183.7124841416894
 20
40.27240379291553
 10
183.7124841416894
 20
40.27240379291553
 10
183.6786488501363
 20
40.32088941689373
 10
183.630163226158
 20
40.36309632697548
 10
183.630163226158
 20
40.36309632697548
 10
183.5986388501362
 20
40.38310972752043
 10
183.5598765122616
 20
40.40338474114441
 10
183.5138762125341
 20
40.42392136784741
 10
183.4606379509537
 20
40.44471960762943
 10
183.4606379509537
 20
40.44471960762943
 10
183.4163381362398
 20
40.46168085558583
 10
183.3783170354224
 20
40.47768285558583
 10
183.3465746485014
 20
40.49272560762943
 10
183.3211109754768
 20
40.50680911171662
 10
183.3211109754768
 20
40.50680911171662
 10
183.2830898746594
 20
40.53541214168938
 10
183.2569285667575
 20
40.56680571117166
 10
183.2569285667575
 20
40.56680571117166
 10
183.2422782343324
 20
40.60447799455041
 10
183.2422782343324
 20
40.60447799455041
 10
183.2373947901907
 20
40.65052189645777
 10
183.2373947901907
 20
40.65052189645777
 10
183.240534147139
 20
40.68348514441417
 10
183.2499522179837
 20
40.71261140054496
 10
183.2499522179837
 20
40.71261140054496
 10
183.2658234114442
 20
40.73842389100817
 10
183.2883221362398
 20
40.76005057220708
 10
183.2883221362398
 20
40.76005057220708
 10
183.3165763487739
 20
40.777142626703
 10
183.3497140054496
 20
40.78935123705723
 10
183.3497140054496
 20
40.78935123705723
 10
183.387735106267
 20
40.79667640326976
 10
183.4306396512262
 20
40.7991181253406
 10
183.4306396512262
 20
40.7991181253406
 10
183.48828173297
 20
40.79571715531335
 10
183.5481911280654
 20
40.78551424523161
 10
183.6103678365123
 20
40.76850939509537
 10
183.6748118583106
 20
40.74470260490463
 10
183.6748118583106
 20
40.74470260490463
 10
183.7145770463215
 20
40.85492891553134
 10
183.6488685613079
 20
40.87995656675749
 10
183.5801079237057
 20
40.89783346049047
 10
183.508295133515
 20
40.90855959673025
 10
183.4334301907357
 20
40.91213497547684
 10
183.4334301907357
 20
40.91213497547684
 10
183.3636667029973
 20
40.90760034877384
 10
183.3008795640327
 20
40.89399646866485
 10
183.3008795640327
 20
40.89399646866485
 10
183.2452431825613
 20
40.8721953787466
 10
183.1969319673024
 20
40.84167385286104
 10
183.1969319673024
 20
40.84167385286104
 10
183.157864414169
 20
40.80312952588556
 10
183.1299590190736
 20
40.75865530245232
 10
183.1299590190736
 20
40.75865530245232
 10
183.1132157820164
 20
40.70825118256131
 10
183.1076347029973
 20
40.65191716621253
 10
183.1076347029973
 20
40.65191716621253
 10
183.1112972861035
 20
40.59872250681199
 10
183.1222850354224
 20
40.55076010899182
 10
183.1222850354224
 20
40.55076010899182
 10
183.1414699945504
 20
40.50802997275205
 10
183.1683289373297
 20
40.47053209809265
 10
183.1683289373297
 20
40.47053209809265
 10
183.203733907357
 20
40.43678401089918
 10
183.2492545831063
 20
40.40530323705723
 10
183.3048909645777
 20
40.37608977656676
 10
183.3706430517711
 20
40.34914362942779
 10
183.3706430517711
 20
40.34914362942779
 10
183.417340986376
 20
40.33148474659401
 10
183.4576730027248
 20
40.31478511171662
 10
183.4916391008175
 20
40.29904472479564
 10
183.5192392806539
 20
40.28426358583106
 10
183.5192392806539
 20
40.28426358583106
 10
183.561620599455
 20
40.25461410354224
 10
183.5897004032698
 20
40.22287171662126
 10
183.5897004032698
 20
40.22287171662126
 10
183.6050483705722
 20
40.18519943324251
 10
183.6050483705722
 20
40.18519943324251
 10
183.6106294495913
 20
40.13915553133515
 10
183.6106294495913
 20
40.13915553133515
 10
183.606966866485
 20
40.10270410899183
 10
183.5959791171662
 20
40.07008967847412
 10
183.5959791171662
 20
40.07008967847412
 10
183.5778406103542
 20
40.04218428337875
 10
183.5527257547684
 20
40.01846469754769
 10
183.5527257547684
 20
40.01846469754769
 10
183.5199369155313
 20
39.99893092098092
 10
183.4801717275205
 20
39.98497822343325
 10
183.4801717275205
 20
39.98497822343325
 10
183.4339534168937
 20
39.97712983106267
 10
183.3804099400545
 20
39.97451370027248
 10
183.3804099400545
 20
39.97451370027248
 10
183.3108208610354
 20
39.97852510081744
 10
183.235999520436
 20
39.99055930245232
 10
183.235999520436
 20
39.99055930245232
 10
183.1622246321526
 20
40.00956985286103
 10
183.094379640327
 20
40.03451029972752
 10
183.094379640327
 20
40.03451029972752
 10
183.094379640327
 20
39.9117265613079
 10
183.149056773842
 20
39.89066670844687
 10
183.2140240217984
 20
39.87562395640327
 10
183.2892813841962
 20
39.86659830517711
 10
183.3748288610354
 20
39.86358975476839
 10
183.3748288610354
 20
39.86358975476839
 10
183.4559289155313
 20
39.86829879019074
 10
183.5276108991826
 20
39.88242589645777
 10
183.5276108991826
 20
39.88242589645777
 10
183.5898748119891
 20
39.90666870844687
 10
183.642720653951
 20
39.94032959128066
 10
183.642720653951
 20
39.94032959128066
 10
183.6847531553134
 20
39.9821876839237
 10
183.7145770463215
 20
40.0310221253406
 10
183.7145770463215
 20
40.0310221253406
 10
183.7328899618529
 20
40.08700732425068
 10
183.73899426703
 20
40.1503176893733
 10
183.73899426703
 20
40.1503176893733
  0
LWPOLYLINE
  5
6DB
330
1F
100
AcDbEntity
  8
TITLE_BLOCK
100
AcDbPolyline
 90
       44
 70
     1
 43
0.0
 10
184.7617269972752
 20
40.3972804359673
 10
184.759634092643
 20
40.45522773297003
 10
184.7533553787466
 20
40.50977405994551
 10
184.7428908555858
 20
40.56091941689373
 10
184.7282405231608
 20
40.60866380381471
 10
184.7282405231608
 20
40.60866380381471
 10
184.7097531989101
 20
40.65305082288828
 10
184.6870800653951
 20
40.69412407629428
 10
184.6602211226158
 20
40.7318835640327
 10
184.6291763705722
 20
40.76632928610354
 10
184.6291763705722
 20
40.76632928610354
 10
184.5943818310627
 20
40.79706882288828
 10
184.5562735258856
 20
40.82370975476839
 10
184.5148514550409
 20
40.84625208174387
 10
184.4701156185286
 20
40.86469580381472
 10
184.4701156185286
 20
40.86469580381472
 10
184.4221096185286
 20
40.87904092098093
 10
184.3708770572207
 20
40.88928743324251
 10
184.3164179346049
 20
40.89543534059946
 10
184.2587322506812
 20
40.89748464305178
 10
184.2587322506812
 20
40.89748464305178
 10
183.9447965558583
 20
40.89748464305178
 10
183.9447965558583
 20
39.87754245231608
 10
184.2287339509537
 20
39.87754245231608
 10
184.2910850681199
 20
39.87959175476839
 10
184.3497736021798
 20
39.88573966212535
 10
184.4047995531335
 20
39.89598617438692
 10
184.4561629209809
 20
39.91033129155313
 10
184.4561629209809
 20
39.91033129155313
 10
184.5035148882834
 20
39.92916743324251
 10
184.5472042724796
 20
39.95218938419619
 10
184.5872310735695
 20
39.97939714441417
 10
184.6235952915531
 20
40.01079071389646
 10
184.6235952915531
 20
40.01079071389646
 10
184.6559481089918
 20
40.04610847956403
 10
184.6839407084469
 20
40.08508882833787
 10
184.7075730899182
 20
40.12773176021798
 10
184.726845253406
 20
40.17403727520436
 10
184.726845253406
 20
40.17403727520436
 10
184.7421060163488
 20
40.2243541907357
 10
184.7530065613079
 20
40.2783336893733
 10
184.7595468882834
 20
40.33597577111717
 10
184.7617269972752
 20
40.3972804359673
 10
184.7617269972752
 20
40.3972804359673
  0
LWPOLYLINE
  5
6DC
330
1F
100
AcDbEntity
  8
TITLE_BLOCK
100
AcDbPolyline
 90
       44
 70
     1
 43
0.0
 10
184.6263858310627
 20
40.393094626703
 10
184.6247289482289
 20
40.3437805613079
 10
184.6197582997275
 20
40.29769305722071
 10
184.6114738855586
 20
40.25483211444142
 10
184.5998757057221
 20
40.21519773297003
 10
184.5998757057221
 20
40.21519773297003
 10
184.5853561798365
 20
40.17878991280654
 10
184.5676100926431
 20
40.14560865395096
 10
184.5466374441417
 20
40.11565395640327
 10
184.5224382343324
 20
40.08892582016349
 10
184.5224382343324
 20
40.08892582016349
 10
184.4949688610354
 20
40.06507542779292
 10
184.4641857220709
 20
40.04445159673025
 10
184.4300888174387
 20
40.02705432697548
 10
184.392678147139
 20
40.01288361852861
 10
184.392678147139
 20
40.01288361852861
 10
184.3523461307902
 20
40.00189586920981
 10
184.3087875531335
 20
39.99404747683924
 10
184.2620024141689
 20
39.9893384414169
 10
184.2119907138965
 20
39.98776876294278
 10
184.2119907138965
 20
39.98776876294278
 10
184.073161373297
 20
39.98776876294278
 10
184.073161373297
 20
40.78795596730245
 10
184.2405937438692
 20
40.78795596730245
 10
184.2875096893733
 20
40.78638628882834
 10
184.3312862779292
 20
40.781677253406
 10
184.3719235095368
 20
40.77382886103543
 10
184.4094213841962
 20
40.76284111171663
 10
184.4094213841962
 20
40.76284111171663
 10
184.4441723215259
 20
40.74871400544959
 10
184.475871106267
 20
40.73144754223433
 10
184.5045177384196
 20
40.71104172207085
 10
184.5301122179837
 20
40.68749654495913
 10
184.5301122179837
 20
40.68749654495913
 10
184.5526545449591
 20
40.66094281743869
 10
184.5721447193461
 20
40.63151134604905
 10
184.5885827411444
 20
40.59920213079019
 10
184.6019686103542
 20
40.56401517166213
 10
184.6019686103542
 20
40.56401517166213
 10
184.6126511444142
 20
40.52560165122616
 10
184.6202815258856
 20
40.48431038692098
 10
184.6248597547684
 20
40.4401413787466
 10
184.6263858310627
 20
40.393094626703
 10
184.6263858310627
 20
40.393094626703
  0
LWPOLYLINE
  5
6DD
330
1F
100
AcDbEntity
  8
TITLE_BLOCK
100
AcDbPolyline
 90
        9
 70
     1
 43
0.0
 10
185.627491880109
 20
39.87754245231608
 10
185.7607401416894
 20
39.87754245231608
 10
185.3630882615804
 20
40.90167045231608
 10
185.2472808719346
 20
40.90167045231608
 10
184.8489313569482
 20
39.87754245231608
 10
184.9786914441417
 20
39.87754245231608
 10
185.1000799128065
 20
40.19357105177112
 10
185.5047081416894
 20
40.19357105177112
 10
185.627491880109
 20
39.87754245231608
  0
LWPOLYLINE
  5
6DE
330
1F
100
AcDbEntity
  8
TITLE_BLOCK
100
AcDbPolyline
 90
        8
 70
     1
 43
0.0
 10
185.4663382234332
 20
40.30728553678474
 10
185.1433332752044
 20
40.30728553678474
 10
185.2591406648501
 20
40.61633778746594
 10
185.2816393896458
 20
40.68906622343324
 10
185.3030916621253
 20
40.76911982561308
 10
185.3030916621253
 20
40.76911982561308
 10
185.3519261035422
 20
40.61633778746594
 10
185.4663382234332
 20
40.30728553678474
  0
LWPOLYLINE
  5
6DF
330
1F
100
AcDbEntity
  8
TITLE_BLOCK
100
AcDbPolyline
 90
       33
 70
     1
 43
0.0
 10
186.0293295694823
 20
40.29891391825613
 10
186.2323413188011
 20
40.29891391825613
 10
186.4793040653951
 20
39.87754245231608
 10
186.6292955640327
 20
39.87754245231608
 10
186.3495439782016
 20
40.33449329700272
 10
186.3971575585831
 20
40.35402707356948
 10
186.4381436076294
 20
40.37774665940054
 10
186.4381436076294
 20
40.37774665940054
 10
186.4733741689373
 20
40.40565205449592
 10
186.5023260163488
 20
40.43774325885559
 10
186.5023260163488
 20
40.43774325885559
 10
186.5248247411444
 20
40.47402027247956
 10
186.5406959346049
 20
40.51448309536785
 10
186.5406959346049
 20
40.51448309536785
 10
186.5506372316076
 20
40.55913172752044
 10
186.5539509972752
 20
40.60796616893733
 10
186.5539509972752
 20
40.60796616893733
 10
186.5481955095368
 20
40.67581116076295
 10
186.5309290463215
 20
40.73423808174387
 10
186.5309290463215
 20
40.73423808174387
 10
186.5023260163488
 20
40.78411897547684
 10
186.4625608283379
 20
40.82493061580382
 10
186.4625608283379
 20
40.82493061580382
 10
186.4109358474114
 20
40.8566730027248
 10
186.3467534386921
 20
40.87934613623978
 10
186.3467534386921
 20
40.87934613623978
 10
186.2707112370572
 20
40.89295001634878
 10
186.1821116076294
 20
40.89748464305178
 10
186.1821116076294
 20
40.89748464305178
 10
185.9009647520436
 20
40.89748464305178
 10
185.9009647520436
 20
39.87754245231608
 10
186.0293295694823
 20
39.87754245231608
 10
186.0293295694823
 20
40.29891391825613
  0
LWPOLYLINE
  5
6E0
330
1F
100
AcDbEntity
  8
TITLE_BLOCK
100
AcDbPolyline
 90
       28
 70
     1
 43
0.0
 10
186.0293295694823
 20
40.40774495912807
 10
186.0293295694823
 20
40.78656069754769
 10
186.1751352588556
 20
40.78656069754769
 10
186.2354806757493
 20
40.78377015803815
 10
186.2867568392371
 20
40.77539853950954
 10
186.2867568392371
 20
40.77539853950954
 10
186.3291381580381
 20
40.76144584196185
 10
186.3627990408719
 20
40.7419120653951
 10
186.3627990408719
 20
40.7419120653951
 10
186.3879138964577
 20
40.71644839237057
 10
186.4060524032697
 20
40.68470600544959
 10
186.4060524032697
 20
40.68470600544959
 10
186.4170401525886
 20
40.64651049591281
 10
186.4207027356948
 20
40.60168745504087
 10
186.4207027356948
 20
40.60168745504087
 10
186.4170401525886
 20
40.55651559673025
 10
186.4060524032697
 20
40.51727363487738
 10
186.4060524032697
 20
40.51727363487738
 10
186.3884371226158
 20
40.48396156948229
 10
186.3634966757493
 20
40.45657940054496
 10
186.3634966757493
 20
40.45657940054496
 10
186.3307078365123
 20
40.4351271280654
 10
186.2895473787466
 20
40.4196047520436
 10
186.2895473787466
 20
40.4196047520436
 10
186.2400153024523
 20
40.41070990735695
 10
186.1821116076294
 20
40.40774495912807
 10
186.1821116076294
 20
40.40774495912807
 10
186.0293295694823
 20
40.40774495912807
  0
LWPOLYLINE
  5
6E1
330
1F
100
AcDbEntity
  8
TITLE_BLOCK
100
AcDbPolyline
 90
       38
 70
     1
 43
0.0
 10
187.6897005776567
 20
39.87754245231608
 10
187.9610805449591
 20
40.89748464305178
 10
187.8271346485014
 20
40.89748464305178
 10
187.6694691662125
 20
40.27589196730246
 10
187.6519846920981
 20
40.20516923160763
 10
187.6379011880109
 20
40.14089961852861
 10
187.6272186539509
 20
40.0830831280654
 10
187.6199370899182
 20
40.03171976021799
 10
187.6199370899182
 20
40.03171976021799
 10
187.5962175040872
 20
40.15554995095368
 10
187.5641262997275
 20
40.27728723705722
 10
187.5641262997275
 20
40.27728723705722
 10
187.3764625177112
 20
40.89748464305178
 10
187.2439118910082
 20
40.89748464305178
 10
187.063922092643
 20
40.28217068119891
 10
187.0307844359673
 20
40.15153855040872
 10
187.0095065722071
 20
40.03171976021799
 10
187.0095065722071
 20
40.03171976021799
 10
186.9889263433242
 20
40.15275941144414
 10
186.9606721307902
 20
40.27449669754768
 10
186.9606721307902
 20
40.27449669754768
 10
186.802309013624
 20
40.89748464305178
 10
186.6683631171662
 20
40.89748464305178
 10
186.9383478147139
 20
39.87754245231608
 10
187.0681079019074
 20
39.87754245231608
 10
187.2606551280654
 20
40.54169085558583
 10
187.277834386921
 20
40.60164385286104
 10
187.291699880109
 20
40.6559285667575
 10
187.3022516076294
 20
40.70454499727521
 10
187.3094895694823
 20
40.74749314441417
 10
187.3094895694823
 20
40.74749314441417
 10
187.3155938746594
 20
40.71527113351499
 10
187.3262328065395
 20
40.67092771662126
 10
187.3414063651226
 20
40.61446289373297
 10
187.3611145504087
 20
40.54587666485014
 10
187.3611145504087
 20
40.54587666485014
 10
187.5599404904632
 20
39.87754245231608
 10
187.6897005776567
 20
39.87754245231608
  0
LWPOLYLINE
  5
6E2
330
1F
100
AcDbEntity
  8
TITLE_BLOCK
100
AcDbPolyline
 90
        9
 70
     1
 43
0.0
 10
188.7584772098092
 20
39.87754245231608
 10
188.8917254713896
 20
39.87754245231608
 10
188.4940735912806
 20
40.90167045231608
 10
188.3782662016349
 20
40.90167045231608
 10
187.9799166866485
 20
39.87754245231608
 10
188.1096767738419
 20
39.87754245231608
 10
188.2310652425068
 20
40.19357105177112
 10
188.6356934713896
 20
40.19357105177112
 10
188.7584772098092
 20
39.87754245231608
  0
LWPOLYLINE
  5
6E3
330
1F
100
AcDbEntity
  8
TITLE_BLOCK
100
AcDbPolyline
 90
        8
 70
     1
 43
0.0
 10
188.5973235531335
 20
40.30728553678474
 10
188.2743186049046
 20
40.30728553678474
 10
188.3901259945504
 20
40.61633778746594
 10
188.412624719346
 20
40.68906622343324
 10
188.4340769918256
 20
40.76911982561308
 10
188.4340769918256
 20
40.76911982561308
 10
188.4829114332425
 20
40.61633778746594
 10
188.5973235531335
 20
40.30728553678474
  0
LWPOLYLINE
  5
6E4
330
1F
100
AcDbEntity
  8
TITLE_BLOCK
100
AcDbPolyline
 90
       31
 70
     1
 43
0.0
 10
189.8405089046321
 20
39.87754245231608
 10
189.8405089046321
 20
40.89748464305178
 10
189.7205157057221
 20
40.89748464305178
 10
189.7205157057221
 20
40.32193586920981
 10
189.7207773188011
 20
40.29533853950954
 10
189.7215621580381
 20
40.26159045231608
 10
189.7228702234332
 20
40.22069160762943
 10
189.7247015149864
 20
40.1726420054496
 10
189.7247015149864
 20
40.1726420054496
 10
189.7266200108992
 20
40.12672891008175
 10
189.7281896893733
 20
40.09154195095368
 10
189.7294105504087
 20
40.0670811280654
 10
189.7302825940054
 20
40.0533464414169
 10
189.7302825940054
 20
40.0533464414169
 10
189.7247015149864
 20
40.0533464414169
 10
189.5468046212534
 20
40.33030748773842
 10
189.211939880109
 20
40.84795256675749
 10
189.1805463106267
 20
40.89748464305178
 10
189.0319500817438
 20
40.89748464305178
 10
189.0319500817438
 20
39.87754245231608
 10
189.1505480108991
 20
39.87754245231608
 10
189.1505480108991
 20
40.44751014713896
 10
189.1500247847411
 20
40.49634458855586
 10
189.148455106267
 20
40.54936483923706
 10
189.1458389754768
 20
40.60657089918256
 10
189.1421763923705
 20
40.66796276839237
 10
189.1421763923705
 20
40.66796276839237
 10
189.1386882179836
 20
40.7244711934605
 10
189.1442692970027
 20
40.7244711934605
 10
189.6905174059945
 20
39.87754245231608
 10
189.8405089046321
 20
39.87754245231608
  0
LWPOLYLINE
  5
6E5
330
1F
100
AcDbEntity
  8
TITLE_BLOCK
100
AcDbPolyline
 90
        9
 70
     1
 43
0.0
 10
190.4404748991825
 20
39.87754245231608
 10
190.4404748991825
 20
40.78446779291554
 10
190.7572011335149
 20
40.78446779291554
 10
190.7572011335149
 20
40.89748464305178
 10
189.9925933079019
 20
40.89748464305178
 10
189.9925933079019
 20
40.78446779291554
 10
190.3114124468665
 20
40.78446779291554
 10
190.3114124468665
 20
39.87754245231608
 10
190.4404748991825
 20
39.87754245231608
  0
LWPOLYLINE
  5
6E6
330
1F
100
AcDbEntity
  8
TITLE_BLOCK
100
AcDbPolyline
 90
       81
 70
     1
 43
0.0
 10
191.8022581798365
 20
40.3889088174387
 10
191.8002960817439
 20
40.44864380381472
 10
191.7944097874659
 20
40.50506502452316
 10
191.7845992970027
 20
40.55817247956404
 10
191.7708646103542
 20
40.60796616893733
 10
191.7708646103542
 20
40.60796616893733
 10
191.7535981471389
 20
40.65444609264306
 10
191.7324946920981
 20
40.6976122506812
 10
191.7075542452316
 20
40.73746464305177
 10
191.6787768065395
 20
40.77400326975477
 10
191.6787768065395
 20
40.77400326975477
 10
191.6462059782016
 20
40.80670490463216
 10
191.6105829972752
 20
40.83504632152589
 10
191.5719078637602
 20
40.85902752043597
 10
191.5301805776566
 20
40.8786485013624
 10
191.5301805776566
 20
40.8786485013624
 10
191.4857063542234
 20
40.89390926430518
 10
191.4380927738419
 20
40.90480980926431
 10
191.3873398365122
 20
40.91135013623978
 10
191.3334475422343
 20
40.91353024523161
 10
191.3334475422343
 20
40.91353024523161
 10
191.2778983651226
 20
40.91135013623978
 10
191.2256629536784
 20
40.90480980926431
 10
191.1767413079019
 20
40.89390926430518
 10
191.1311334277929
 20
40.8786485013624
 10
191.1311334277929
 20
40.8786485013624
 10
191.0891445286103
 20
40.8594199400545
 10
191.0503821907357
 20
40.83591836512262
 10
191.0148464141689
 20
40.80814377656676
 10
190.9825371989101
 20
40.77609617438692
 10
190.9825371989101
 20
40.77609617438692
 10
190.953759760218
 20
40.7401243760218
 10
190.9288193133515
 20
40.70057719891008
 10
190.9077158583106
 20
40.65745464305177
 10
190.8904493950953
 20
40.61075670844687
 10
190.8904493950953
 20
40.61075670844687
 10
190.8773251389646
 20
40.5608758147139
 10
190.8679506702997
 20
40.507506746594
 10
190.8623259891008
 20
40.4506495040872
 10
190.8604510953678
 20
40.39030408719346
 10
190.8604510953678
 20
40.39030408719346
 10
190.8623695912806
 20
40.32926103542235
 10
190.8681250790191
 20
40.27170615803815
 10
190.8777175585831
 20
40.21763945504087
 10
190.8911470299727
 20
40.16706092643052
 10
190.8911470299727
 20
40.16706092643052
 10
190.908413493188
 20
40.12031938964578
 10
190.9295169482289
 20
40.07706602724796
 10
190.9544573950953
 20
40.03730083923706
 10
190.9832348337874
 20
40.00102382561308
 10
190.9832348337874
 20
40.00102382561308
 10
191.0155440490463
 20
39.96867100817439
 10
191.051079825613
 20
39.94067840871935
 10
191.0898421634877
 20
39.91704602724796
 10
191.1318310626703
 20
39.89777386376022
 10
191.1318310626703
 20
39.89777386376022
 10
191.1770465231607
 20
39.8828183160763
 10
191.2254885449591
 20
39.87213578201635
 10
191.2771571280654
 20
39.86572626158038
 10
191.3320522724795
 20
39.86358975476839
 10
191.3320522724795
 20
39.86358975476839
 10
191.3859881689373
 20
39.86576986376022
 10
191.4368719128065
 20
39.8723101907357
 10
191.4847035040872
 20
39.88321073569482
 10
191.5294829427793
 20
39.8984714986376
 10
191.5294829427793
 20
39.8984714986376
 10
191.5712102288828
 20
39.91813608174387
 10
191.6098853623978
 20
39.94224808719346
 10
191.6455083433242
 20
39.97080751498638
 10
191.6780791716621
 20
40.00381436512262
 10
191.6780791716621
 20
40.00381436512262
 10
191.707161825613
 20
40.04035299182561
 10
191.7323202833787
 20
40.08020538419618
 10
191.7535545449591
 20
40.12337154223433
 10
191.7708646103542
 20
40.16985146594006
 10
191.7708646103542
 20
40.16985146594006
 10
191.7845992970027
 20
40.21964515531335
 10
191.7944097874659
 20
40.27275261035422
 10
191.8002960817439
 20
40.32917383106268
 10
191.8022581798365
 20
40.3889088174387
 10
191.8022581798365
 20
40.3889088174387
  0
LWPOLYLINE
  5
6E7
330
1F
100
AcDbEntity
  8
TITLE_BLOCK
100
AcDbPolyline
 90
       69
 70
     1
 43
0.0
 10
190.9957922615804
 20
40.3889088174387
 10
191.0010245231607
 20
40.48343834332425
 10
191.0167213079019
 20
40.56610807629428
 10
191.0167213079019
 20
40.56610807629428
 10
191.0437546594005
 20
40.63674360762943
 10
191.0816013514986
 20
40.69517052861035
 10
191.0816013514986
 20
40.69517052861035
 10
191.1041436784741
 20
40.71971855585831
 10
191.1292149318801
 20
40.74104002179837
 10
191.1568151117166
 20
40.75913492643052
 10
191.1869442179836
 20
40.77400326975477
 10
191.1869442179836
 20
40.77400326975477
 10
191.21990746594
 20
40.78560144959128
 10
191.2553124359673
 20
40.79388586376022
 10
191.2931591280654
 20
40.79885651226158
 10
191.3334475422343
 20
40.80051339509537
 10
191.3334475422343
 20
40.80051339509537
 10
191.3730383215259
 20
40.79885651226158
 10
191.4101873787466
 20
40.79388586376022
 10
191.4448947138964
 20
40.78560144959128
 10
191.4771603269755
 20
40.77400326975477
 10
191.4771603269755
 20
40.77400326975477
 10
191.534366386921
 20
40.74173765667575
 10
191.5818055585831
 20
40.69656579836512
 10
191.5818055585831
 20
40.69656579836512
 10
191.6014265395095
 20
40.66914002724796
 10
191.6184313896457
 20
40.63848769482289
 10
191.6328201089918
 20
40.60460880108992
 10
191.6445926975477
 20
40.56750334604905
 10
191.6445926975477
 20
40.56750334604905
 10
191.6540543705722
 20
40.5275637493188
 10
191.6608127084468
 20
40.48448479564033
 10
191.6648677111716
 20
40.43826648501363
 10
191.6662193787466
 20
40.3889088174387
 10
191.6662193787466
 20
40.3889088174387
 10
191.6648677111716
 20
40.33920233242507
 10
191.6608127084468
 20
40.29263520435968
 10
191.6540543705722
 20
40.24920743324251
 10
191.6445926975477
 20
40.20891901907357
 10
191.6445926975477
 20
40.20891901907357
 10
191.632776506812
 20
40.17176996185286
 10
191.6182569809264
 20
40.13776026158038
 10
191.601034119891
 20
40.10688991825613
 10
191.5811079237057
 20
40.07915893188011
 10
191.5811079237057
 20
40.07915893188011
 10
191.5585655967302
 20
40.05461090463216
 10
191.5334943433242
 20
40.0332894386921
 10
191.5058941634877
 20
40.01519453405994
 10
191.4757650572207
 20
40.0003261907357
 10
191.4757650572207
 20
40.0003261907357
 10
191.4087921089918
 20
39.98096682288828
 10
191.3320522724795
 20
39.97451370027248
 10
191.3320522724795
 20
39.97451370027248
 10
191.2921126757493
 20
39.97617058310627
 10
191.2546148010899
 20
39.98114123160763
 10
191.2195586485013
 20
39.98942564577657
 10
191.1869442179836
 20
40.00102382561308
 10
191.1869442179836
 20
40.00102382561308
 10
191.1568151117166
 20
40.01593577111717
 10
191.1292149318801
 20
40.03416148228883
 10
191.1041436784741
 20
40.05570095912807
 10
191.0816013514986
 20
40.08055420163488
 10
191.0816013514986
 20
40.08055420163488
 10
191.0437546594005
 20
40.13950434877384
 10
191.0167213079019
 20
40.21031428882834
 10
191.0167213079019
 20
40.21031428882834
 10
191.0010245231607
 20
40.29368165667575
 10
190.9957922615804
 20
40.3889088174387
 10
190.9957922615804
 20
40.3889088174387
  0
LWPOLYLINE
  5
6E8
330
1F
100
AcDbEntity
  8
TITLE_BLOCK
 62
   254
100
AcDbPolyline
 90
        5
 70
     1
 43
0.0
 10
210.4078273896458
 20
40.31240152588556
 10
210.4078273896458
 20
42.25810519891007
 10
217.8627536893733
 20
42.25810519891007
 10
217.8627536893733
 20
40.31240152588556
 10
210.4078273896458
 20
40.31240152588556
  0
LWPOLYLINE
  5
6E9
330
1F
100
AcDbEntity
  8
TITLE_BLOCK
100
AcDbPolyline
 90
       69
 70
     1
 43
0.0
 10
211.1577848828338
 20
40.73098245231607
 10
211.1577848828338
 20
40.84539457220708
 10
210.6422327084469
 20
40.84539457220708
 10
210.6422327084469
 20
40.85097565122615
 10
210.8550113460491
 20
41.06096374931879
 10
210.9084240163488
 20
41.1141148065395
 10
210.9535522724796
 20
41.16124876294278
 10
210.9903961144414
 20
41.2023656185286
 10
211.0189555422343
 20
41.237465373297
 10
211.0189555422343
 20
41.237465373297
 10
211.0616856784741
 20
41.30164778201635
 10
211.0922072043597
 20
41.36443492098092
 10
211.0922072043597
 20
41.36443492098092
 10
211.110520119891
 20
41.42826851226157
 10
211.1166244250681
 20
41.49419500817438
 10
211.1166244250681
 20
41.49419500817438
 10
211.1113921634877
 20
41.55366838147138
 10
211.0956953787466
 20
41.60651422343324
 10
211.0956953787466
 20
41.60651422343324
 10
211.0695340708447
 20
41.65273253405994
 10
211.032908239782
 20
41.69232331335149
 10
211.032908239782
 20
41.69232331335149
 10
210.9873875640327
 20
41.72406570027248
 10
210.9345417220708
 20
41.74673883378746
 10
210.9345417220708
 20
41.74673883378746
 10
210.8748939400545
 20
41.76086594005449
 10
210.8075721743869
 20
41.76557497547683
 10
210.8075721743869
 20
41.76557497547683
 10
210.7242048065395
 20
41.75807540054495
 10
210.644325613079
 20
41.73557667574931
 10
210.644325613079
 20
41.73557667574931
 10
210.5679345940054
 20
41.69807880108991
 10
210.4950317493188
 20
41.64558177656675
 10
210.4950317493188
 20
41.64558177656675
 10
210.5620046975477
 20
41.56116795640326
 10
210.596319613079
 20
41.58658802724795
 10
210.6288032370572
 20
41.60773508446866
 10
210.6594555694823
 20
41.62460912806539
 10
210.6882766103542
 20
41.63721015803814
 10
210.6882766103542
 20
41.63721015803814
 10
210.7463547138965
 20
41.65290694277928
 10
210.8075721743869
 20
41.65813920435966
 10
210.8075721743869
 20
41.65813920435966
 10
210.8471629536785
 20
41.65517425613078
 10
210.882219106267
 20
41.64627941144413
 10
210.882219106267
 20
41.64627941144413
 10
210.9129150408719
 20
41.63232671389645
 10
210.9394251662125
 20
41.61279293732969
 10
210.9394251662125
 20
41.61279293732969
 10
210.9601798038147
 20
41.58767808174386
 10
210.9750045449591
 20
41.55837741689373
 10
210.9750045449591
 20
41.55837741689373
 10
210.9844226158038
 20
41.52471653405994
 10
210.987561972752
 20
41.48652102452316
 10
210.987561972752
 20
41.48652102452316
 10
210.9826785286104
 20
41.43193109536784
 10
210.9680281961853
 20
41.38117815803814
 10
210.9680281961853
 20
41.38117815803814
 10
210.9441342016349
 20
41.33147167302452
 10
210.9101245013624
 20
41.28002110081744
 10
210.9101245013624
 20
41.28002110081744
 10
210.8854892697548
 20
41.24949957493187
 10
210.8506511280654
 20
41.21025761307902
 10
210.8056100762943
 20
41.16229521525885
 10
210.7503661144414
 20
41.10561238147138
 10
210.7503661144414
 20
41.10561238147138
 10
210.4831719564033
 20
40.8356276839237
 10
210.4831719564033
 20
40.73098245231607
 10
211.1577848828338
 20
40.73098245231607
  0
LWPOLYLINE
  5
6EA
330
1F
100
AcDbEntity
  8
TITLE_BLOCK
100
AcDbPolyline
 90
       83
 70
     1
 43
0.0
 10
211.978901133515
 20
41.24234881743869
 10
211.9775058637602
 20
41.30461273024522
 10
211.9733200544959
 20
41.36303965122615
 10
211.9663437057221
 20
41.41762958038147
 10
211.9565768174387
 20
41.46838251771116
 10
211.9565768174387
 20
41.46838251771116
 10
211.9444118092643
 20
41.51529846321525
 10
211.9295434659401
 20
41.55837741689373
 10
211.9119717874659
 20
41.59761937874659
 10
211.891696773842
 20
41.63302434877384
 10
211.891696773842
 20
41.63302434877384
 10
211.8688056294278
 20
41.66441791825613
 10
211.8433855585831
 20
41.69162567847411
 10
211.8154365613079
 20
41.71464762942779
 10
211.7849586376022
 20
41.73348377111716
 10
211.7849586376022
 20
41.73348377111716
 10
211.7523006049046
 20
41.74813410354223
 10
211.7171136457766
 20
41.75859862670299
 10
211.679397760218
 20
41.76487734059945
 10
211.6391529482289
 20
41.7669702452316
 10
211.6391529482289
 20
41.7669702452316
 10
211.5973384577657
 20
41.76492094277928
 10
211.5584017111717
 20
41.75877303542234
 10
211.5223427084469
 20
41.74852652316076
 10
211.4891614495913
 20
41.73418140599455
 10
211.4891614495913
 20
41.73418140599455
 10
211.4584655149864
 20
41.71604289918255
 10
211.430560119891
 20
41.69371858310626
 10
211.430560119891
 20
41.69371858310626
 10
211.4056196730245
 20
41.66790609264304
 10
211.3838185831063
 20
41.63790779291553
 10
211.3838185831063
 20
41.63790779291553
 10
211.3645028174387
 20
41.60333126430517
 10
211.3477159782016
 20
41.56448172207084
 10
211.3334580653951
 20
41.52135916621253
 10
211.3217290790191
 20
41.47396359673024
 10
211.3217290790191
 20
41.47396359673024
 10
211.3128778365123
 20
41.42260022888283
 10
211.306555520436
 20
41.36687664305177
 10
211.3027621307902
 20
41.30679283923705
 10
211.3014976675749
 20
41.24234881743869
 10
211.3014976675749
 20
41.24234881743869
 10
211.30280573297
 20
41.17973608719345
 10
211.3067299291553
 20
41.12096034877383
 10
211.3132702561308
 20
41.06602160217983
 10
211.3224267138965
 20
41.01491984741143
 10
211.3224267138965
 20
41.01491984741143
 10
211.3345917220709
 20
40.96800390190735
 10
211.3494600653951
 20
40.92492494822888
 10
211.3670317438692
 20
40.88568298637602
 10
211.3873067574932
 20
40.85027801634877
 10
211.3873067574932
 20
40.85027801634877
 10
211.4098490844687
 20
40.81888444686648
 10
211.4349203378747
 20
40.79167668664849
 10
211.4625205177112
 20
40.76865473569482
 10
211.4926496239782
 20
40.74981859400544
 10
211.4926496239782
 20
40.74981859400544
 10
211.5256128719346
 20
40.73547347683923
 10
211.5610178419619
 20
40.72522696457765
 10
211.5988645340599
 20
40.7190790572207
 10
211.6391529482289
 20
40.71702975476838
 10
211.6391529482289
 20
40.71702975476838
 10
211.6806622234332
 20
40.71903545504087
 10
211.7193809591281
 20
40.7250525558583
 10
211.7553091553134
 20
40.7350810572207
 10
211.7884468119891
 20
40.74912095912806
 10
211.7884468119891
 20
40.74912095912806
 10
211.819142746594
 20
40.76725946594005
 10
211.8470481416894
 20
40.78958378201634
 10
211.8470481416894
 20
40.78958378201634
 10
211.8721629972752
 20
40.81609390735694
 10
211.8944873133515
 20
40.84678984196184
 10
211.8944873133515
 20
40.84678984196184
 10
211.9141082942779
 20
40.88132276839237
 10
211.9311131444142
 20
40.92004150408719
 10
211.9455018637602
 20
40.96294604904632
 10
211.9572744523161
 20
41.01003640326975
 10
211.9572744523161
 20
41.01003640326975
 10
211.9667361253406
 20
41.06170498637601
 10
211.9734944632153
 20
41.11764658310626
 10
211.9775494659401
 20
41.17786119346049
 10
211.978901133515
 20
41.24234881743869
 10
211.978901133515
 20
41.24234881743869
  0
LWPOLYLINE
  5
6EB
330
1F
100
AcDbEntity
  8
TITLE_BLOCK
100
AcDbPolyline
 90
       57
 70
     1
 43
0.0
 10
211.4277695803815
 20
41.24234881743869
 10
211.4308653351499
 20
41.34437791825612
 10
211.440152599455
 20
41.43140786920981
 10
211.455631373297
 20
41.50343867029972
 10
211.4773016566758
 20
41.56047032152588
 10
211.4773016566758
 20
41.56047032152588
 10
211.5059046866485
 20
41.6037236839237
 10
211.5059046866485
 20
41.6037236839237
 10
211.5428793351499
 20
41.6344196185286
 10
211.5428793351499
 20
41.6344196185286
 10
211.5868303324251
 20
41.65325576021798
 10
211.5868303324251
 20
41.65325576021798
 10
211.6391529482289
 20
41.65953447411444
 10
211.6391529482289
 20
41.65953447411444
 10
211.6907779291553
 20
41.65255812534059
 10
211.6907779291553
 20
41.65255812534059
 10
211.7354265613079
 20
41.63372198365122
 10
211.7354265613079
 20
41.63372198365122
 10
211.7717035749319
 20
41.60232841416893
 10
211.7717035749319
 20
41.60232841416893
 10
211.801004239782
 20
41.55837741689373
 10
211.801004239782
 20
41.55837741689373
 10
211.8232849536785
 20
41.50069173297002
 10
211.8391997493188
 20
41.42879173841961
 10
211.848748626703
 20
41.3426774332425
 10
211.8519315858311
 20
41.24234881743869
 10
211.8519315858311
 20
41.24234881743869
 10
211.848748626703
 20
41.14110455585831
 10
211.8391997493188
 20
41.05433621798365
 10
211.8232849536785
 20
40.9820438038147
 10
211.801004239782
 20
40.92422731335149
 10
211.801004239782
 20
40.92422731335149
 10
211.7717035749319
 20
40.88027631607629
 10
211.7717035749319
 20
40.88027631607629
 10
211.7354265613079
 20
40.848882746594
 10
211.7354265613079
 20
40.848882746594
 10
211.6907779291553
 20
40.83004660490462
 10
211.6907779291553
 20
40.83004660490462
 10
211.6391529482289
 20
40.82376789100817
 10
211.6391529482289
 20
40.82376789100817
 10
211.5875279673025
 20
40.82934897002724
 10
211.5875279673025
 20
40.82934897002724
 10
211.5435769700273
 20
40.84818511171662
 10
211.5435769700273
 20
40.84818511171662
 10
211.5066023215259
 20
40.87888104632152
 10
211.5066023215259
 20
40.87888104632152
 10
211.4779992915531
 20
40.92213440871934
 10
211.4779992915531
 20
40.92213440871934
 10
211.4662267029973
 20
40.94865543460489
 10
211.4560237929155
 20
40.97903525340599
 10
211.4473905613079
 20
41.01327386512261
 10
211.4403270081744
 20
41.05137126975476
 10
211.434833133515
 20
41.09332746730244
 10
211.4309089373297
 20
41.13914245776566
 10
211.4285544196185
 20
41.18881624114441
 10
211.4277695803815
 20
41.24234881743869
 10
211.4277695803815
 20
41.24234881743869
  0
LWPOLYLINE
  5
6EC
330
1F
100
AcDbEntity
  8
TITLE_BLOCK
100
AcDbPolyline
 90
       69
 70
     1
 43
0.0
 10
212.7916457656676
 20
40.73098245231607
 10
212.7916457656676
 20
40.84539457220708
 10
212.2760935912807
 20
40.84539457220708
 10
212.2760935912807
 20
40.85097565122615
 10
212.4888722288829
 20
41.06096374931879
 10
212.5422848991826
 20
41.1141148065395
 10
212.5874131553134
 20
41.16124876294278
 10
212.6242569972752
 20
41.2023656185286
 10
212.6528164250681
 20
41.237465373297
 10
212.6528164250681
 20
41.237465373297
 10
212.6955465613079
 20
41.30164778201635
 10
212.7260680871935
 20
41.36443492098092
 10
212.7260680871935
 20
41.36443492098092
 10
212.7443810027248
 20
41.42826851226157
 10
212.7504853079019
 20
41.49419500817438
 10
212.7504853079019
 20
41.49419500817438
 10
212.7452530463216
 20
41.55366838147138
 10
212.7295562615804
 20
41.60651422343324
 10
212.7295562615804
 20
41.60651422343324
 10
212.7033949536785
 20
41.65273253405994
 10
212.6667691226158
 20
41.69232331335149
 10
212.6667691226158
 20
41.69232331335149
 10
212.6212484468665
 20
41.72406570027248
 10
212.5684026049046
 20
41.74673883378746
 10
212.5684026049046
 20
41.74673883378746
 10
212.5087548228883
 20
41.76086594005449
 10
212.4414330572207
 20
41.76557497547683
 10
212.4414330572207
 20
41.76557497547683
 10
212.3580656893733
 20
41.75807540054495
 10
212.2781864959128
 20
41.73557667574931
 10
212.2781864959128
 20
41.73557667574931
 10
212.2017954768392
 20
41.69807880108991
 10
212.1288926321526
 20
41.64558177656675
 10
212.1288926321526
 20
41.64558177656675
 10
212.1958655803815
 20
41.56116795640326
 10
212.2301804959128
 20
41.58658802724795
 10
212.262664119891
 20
41.60773508446866
 10
212.2933164523161
 20
41.62460912806539
 10
212.322137493188
 20
41.63721015803814
 10
212.322137493188
 20
41.63721015803814
 10
212.3802155967303
 20
41.65290694277928
 10
212.4414330572207
 20
41.65813920435966
 10
212.4414330572207
 20
41.65813920435966
 10
212.4810238365123
 20
41.65517425613078
 10
212.5160799891008
 20
41.64627941144413
 10
212.5160799891008
 20
41.64627941144413
 10
212.5467759237057
 20
41.63232671389645
 10
212.5732860490463
 20
41.61279293732969
 10
212.5732860490463
 20
41.61279293732969
 10
212.5940406866485
 20
41.58767808174386
 10
212.6088654277929
 20
41.55837741689373
 10
212.6088654277929
 20
41.55837741689373
 10
212.6182834986376
 20
41.52471653405994
 10
212.6214228555858
 20
41.48652102452316
 10
212.6214228555858
 20
41.48652102452316
 10
212.6165394114442
 20
41.43193109536784
 10
212.6018890790191
 20
41.38117815803814
 10
212.6018890790191
 20
41.38117815803814
 10
212.5779950844687
 20
41.33147167302452
 10
212.5439853841962
 20
41.28002110081744
 10
212.5439853841962
 20
41.28002110081744
 10
212.5193501525886
 20
41.24949957493187
 10
212.4845120108992
 20
41.21025761307902
 10
212.4394709591281
 20
41.16229521525885
 10
212.3842269972752
 20
41.10561238147138
 10
212.3842269972752
 20
41.10561238147138
 10
212.1170328392371
 20
40.8356276839237
 10
212.1170328392371
 20
40.73098245231607
 10
212.7916457656676
 20
40.73098245231607
  0
LWPOLYLINE
  5
6ED
330
1F
100
AcDbEntity
  8
TITLE_BLOCK
100
AcDbPolyline
 90
      129
 70
     1
 43
0.0
 10
213.5702062888284
 20
41.51233351498637
 10
213.564974027248
 20
41.56779548773842
 10
213.5492772425068
 20
41.616978746594
 10
213.5492772425068
 20
41.616978746594
 10
213.5231159346049
 20
41.66005770027247
 10
213.4864901035423
 20
41.69720675749318
 10
213.4864901035423
 20
41.69720675749318
 10
213.4406206103542
 20
41.72703064850135
 10
213.3867283160763
 20
41.74813410354223
 10
213.3867283160763
 20
41.74813410354223
 10
213.3246388119891
 20
41.76121475749318
 10
213.2541776893733
 20
41.76557497547683
 10
213.2541776893733
 20
41.76557497547683
 10
213.1645316076294
 20
41.75842421798365
 10
213.0797689700273
 20
41.73697194550408
 10
213.0797689700273
 20
41.73697194550408
 10
213.0028547247957
 20
41.70365988010899
 10
212.9353585504088
 20
41.65953447411444
 10
212.9353585504088
 20
41.65953447411444
 10
212.9981456893733
 20
41.57372538419618
 10
213.0343791008175
 20
41.59622410899182
 10
213.0684324032698
 20
41.61488584196184
 10
213.1003055967303
 20
41.62971058310626
 10
213.1299986811989
 20
41.64069833242506
 10
213.1299986811989
 20
41.64069833242506
 10
213.1903440980927
 20
41.65482543869209
 10
213.2555729591281
 20
41.65953447411444
 10
213.2555729591281
 20
41.65953447411444
 10
213.2965590081744
 20
41.65691834332424
 10
213.3330104305177
 20
41.64906995095367
 10
213.3330104305177
 20
41.64906995095367
 10
213.3647528174387
 20
41.63616370572206
 10
213.391611760218
 20
41.61837401634877
 10
213.391611760218
 20
41.61837401634877
 10
213.4130640326976
 20
41.59552647411444
 10
213.4285864087194
 20
41.56884194005449
 10
213.4285864087194
 20
41.56884194005449
 10
213.4380044795641
 20
41.53832041416893
 10
213.4411438365123
 20
41.50396189645776
 10
213.4411438365123
 20
41.50396189645776
 10
213.4367836185286
 20
41.46105735149863
 10
213.4237029645777
 20
41.42303625068119
 10
213.4237029645777
 20
41.42303625068119
 10
213.4027739182561
 20
41.38989859400544
 10
213.373473253406
 20
41.36164438147139
 10
213.373473253406
 20
41.36164438147139
 10
213.336149787466
 20
41.33914565667574
 10
213.2925476076294
 20
41.32327446321526
 10
213.2925476076294
 20
41.32327446321526
 10
213.2424923051771
 20
41.31385639237057
 10
213.1858094713897
 20
41.31071703542234
 10
213.1858094713897
 20
41.31071703542234
 10
213.0853500490463
 20
41.31071703542234
 10
213.0853500490463
 20
41.20397889918255
 10
213.1844142016349
 20
41.20397889918255
 10
213.2510383324251
 20
41.20101395095367
 10
213.3085932098093
 20
41.19211910626702
 10
213.3085932098093
 20
41.19211910626702
 10
213.3577764686649
 20
41.17816640871934
 10
213.3978904741145
 20
41.15863263215258
 10
213.3978904741145
 20
41.15863263215258
 10
213.4291096348774
 20
41.1333433678474
 10
213.451608359673
 20
41.10212420708447
 10
213.451608359673
 20
41.10212420708447
 10
213.465212239782
 20
41.06584719346048
 10
213.469746866485
 20
41.02398910081743
 10
213.469746866485
 20
41.02398910081743
 10
213.4655610572207
 20
40.97637552043596
 10
213.4530036294278
 20
40.93538947138964
 10
213.4530036294278
 20
40.93538947138964
 10
213.432946626703
 20
40.90085654495912
 10
213.4048668228883
 20
40.87260233242506
 10
213.4048668228883
 20
40.87260233242506
 10
213.3685898092643
 20
40.85062683378746
 10
213.3239411771117
 20
40.83493004904631
 10
213.3239411771117
 20
40.83493004904631
 10
213.2717929700273
 20
40.82551197820163
 10
213.2116219618529
 20
40.8223726212534
 10
213.2116219618529
 20
40.8223726212534
 10
213.1413352479564
 20
40.82673283923705
 10
213.0686068119891
 20
40.839813493188
 10
213.0686068119891
 20
40.839813493188
 10
212.9969248283379
 20
40.86091694822888
 10
212.9297774713897
 20
40.88934556948228
 10
212.9297774713897
 20
40.88934556948228
 10
212.9297774713897
 20
40.77214291008174
 10
212.9943086975477
 20
40.74563278474114
 10
213.0609328283379
 20
40.72888954768392
 10
213.0609328283379
 20
40.72888954768392
 10
213.1324404032698
 20
40.71999470299727
 10
213.2102266920981
 20
40.71702975476838
 10
213.2102266920981
 20
40.71702975476838
 10
213.2990007302452
 20
40.72191319891007
 10
213.3769614277929
 20
40.73656353133514
 10
213.3769614277929
 20
40.73656353133514
 10
213.4441087847412
 20
40.76115516076294
 10
213.5004428010899
 20
40.7958624959128
 10
213.5004428010899
 20
40.7958624959128
 10
213.5443937983651
 20
40.83963908446866
 10
213.5757873678474
 20
40.89143847411444
 10
213.5757873678474
 20
40.89143847411444
 10
213.5951467356948
 20
40.95213270844686
 10
213.6015998583106
 20
41.0211985613079
 10
213.6015998583106
 20
41.0211985613079
 10
213.597762866485
 20
41.06898655040871
 10
213.5862518910082
 20
41.11189109536784
 10
213.5862518910082
 20
41.11189109536784
 10
213.5672413405995
 20
41.15060983106267
 10
213.5409056239782
 20
41.1844451226158
 10
213.5409056239782
 20
41.1844451226158
 10
213.5068959237057
 20
41.2128737438692
 10
213.4648634223433
 20
41.23537246866484
 10
213.4648634223433
 20
41.23537246866484
 10
213.4156801634878
 20
41.25194129700272
 10
213.3588229209809
 20
41.26258022888283
 10
213.3588229209809
 20
41.26258022888283
 10
213.3588229209809
 20
41.2681613079019
 10
213.4067853188011
 20
41.28124196185286
 10
213.4488178201635
 20
41.29955487738419
 10
213.4488178201635
 20
41.29955487738419
 10
213.4849204250681
 20
41.3231000544959
 10
213.515093133515
 20
41.35187749318801
 10
213.515093133515
 20
41.35187749318801
 10
213.5389871280654
 20
41.38536396730245
 10
213.5562535912807
 20
41.42303625068119
 10
213.5562535912807
 20
41.42303625068119
 10
213.5667181144414
 20
41.46559197820163
 10
213.5702062888284
 20
41.51233351498637
 10
213.5702062888284
 20
41.51233351498637
  0
LWPOLYLINE
  5
6EE
330
1F
100
AcDbEntity
  8
TITLE_BLOCK
100
AcDbPolyline
 90
        5
 70
     1
 43
0.0
 10
213.7397315640327
 20
41.05817320980925
 10
214.0857584632153
 20
41.05817320980925
 10
214.0857584632153
 20
41.16979479019073
 10
213.7397315640327
 20
41.16979479019073
 10
213.7397315640327
 20
41.05817320980925
  0
LWPOLYLINE
  5
6EF
330
1F
100
AcDbEntity
  8
TITLE_BLOCK
100
AcDbPolyline
 90
       15
 70
     1
 43
0.0
 10
214.6494474441417
 20
40.73098245231607
 10
214.6494474441417
 20
41.75092464305177
 10
214.5454998474115
 20
41.75092464305177
 10
214.2692364359673
 20
41.53675073569482
 10
214.3348141144414
 20
41.45233691553133
 10
214.4159141689373
 20
41.51896104632152
 10
214.4903866920981
 20
41.58070173297002
 10
214.4903866920981
 20
41.58070173297002
 10
214.5322447847412
 20
41.61976928610353
 10
214.5322447847412
 20
41.61976928610353
 10
214.5280589754769
 20
41.53535546594005
 10
214.5266637057221
 20
41.44396529700272
 10
214.5266637057221
 20
41.44396529700272
 10
214.5266637057221
 20
40.73098245231607
 10
214.6494474441417
 20
40.73098245231607
  0
LWPOLYLINE
  5
6F0
330
1F
100
AcDbEntity
  8
TITLE_BLOCK
100
AcDbPolyline
 90
       15
 70
     1
 43
0.0
 10
215.4663778855586
 20
40.73098245231607
 10
215.4663778855586
 20
41.75092464305177
 10
215.3624302888284
 20
41.75092464305177
 10
215.0861668773842
 20
41.53675073569482
 10
215.1517445558583
 20
41.45233691553133
 10
215.2328446103542
 20
41.51896104632152
 10
215.307317133515
 20
41.58070173297002
 10
215.307317133515
 20
41.58070173297002
 10
215.3491752261581
 20
41.61976928610353
 10
215.3491752261581
 20
41.61976928610353
 10
215.3449894168938
 20
41.53535546594005
 10
215.343594147139
 20
41.44396529700272
 10
215.343594147139
 20
41.44396529700272
 10
215.343594147139
 20
40.73098245231607
 10
215.4663778855586
 20
40.73098245231607
  0
LWPOLYLINE
  5
6F1
330
1F
100
AcDbEntity
  8
TITLE_BLOCK
100
AcDbPolyline
 90
        5
 70
     1
 43
0.0
 10
215.8333338310627
 20
41.05817320980925
 10
216.1793607302453
 20
41.05817320980925
 10
216.1793607302453
 20
41.16979479019073
 10
215.8333338310627
 20
41.16979479019073
 10
215.8333338310627
 20
41.05817320980925
  0
LWPOLYLINE
  5
6F2
330
1F
100
AcDbEntity
  8
TITLE_BLOCK
100
AcDbPolyline
 90
       83
 70
     1
 43
0.0
 10
216.9830361089919
 20
41.24234881743869
 10
216.9816408392371
 20
41.30461273024522
 10
216.9774550299728
 20
41.36303965122615
 10
216.9704786811989
 20
41.41762958038147
 10
216.9607117929156
 20
41.46838251771116
 10
216.9607117929156
 20
41.46838251771116
 10
216.9485467847412
 20
41.51529846321525
 10
216.9336784414169
 20
41.55837741689373
 10
216.9161067629428
 20
41.59761937874659
 10
216.8958317493188
 20
41.63302434877384
 10
216.8958317493188
 20
41.63302434877384
 10
216.8729406049047
 20
41.66441791825613
 10
216.84752053406
 20
41.69162567847411
 10
216.8195715367848
 20
41.71464762942779
 10
216.789093613079
 20
41.73348377111716
 10
216.789093613079
 20
41.73348377111716
 10
216.7564355803815
 20
41.74813410354223
 10
216.7212486212534
 20
41.75859862670299
 10
216.6835327356949
 20
41.76487734059945
 10
216.6432879237057
 20
41.7669702452316
 10
216.6432879237057
 20
41.7669702452316
 10
216.6014734332425
 20
41.76492094277928
 10
216.5625366866485
 20
41.75877303542234
 10
216.5264776839237
 20
41.74852652316076
 10
216.4932964250681
 20
41.73418140599455
 10
216.4932964250681
 20
41.73418140599455
 10
216.4626004904632
 20
41.71604289918255
 10
216.4346950953679
 20
41.69371858310626
 10
216.4346950953679
 20
41.69371858310626
 10
216.4097546485014
 20
41.66790609264304
 10
216.3879535585831
 20
41.63790779291553
 10
216.3879535585831
 20
41.63790779291553
 10
216.3686377929156
 20
41.60333126430517
 10
216.3518509536785
 20
41.56448172207084
 10
216.337593040872
 20
41.52135916621253
 10
216.3258640544959
 20
41.47396359673024
 10
216.3258640544959
 20
41.47396359673024
 10
216.3170128119891
 20
41.42260022888283
 10
216.3106904959128
 20
41.36687664305177
 10
216.3068971062671
 20
41.30679283923705
 10
216.3056326430518
 20
41.24234881743869
 10
216.3056326430518
 20
41.24234881743869
 10
216.3069407084469
 20
41.17973608719345
 10
216.3108649046322
 20
41.12096034877383
 10
216.3174052316077
 20
41.06602160217983
 10
216.3265616893733
 20
41.01491984741143
 10
216.3265616893733
 20
41.01491984741143
 10
216.3387266975477
 20
40.96800390190735
 10
216.353595040872
 20
40.92492494822888
 10
216.3711667193461
 20
40.88568298637602
 10
216.3914417329701
 20
40.85027801634877
 10
216.3914417329701
 20
40.85027801634877
 10
216.4139840599455
 20
40.81888444686648
 10
216.4390553133515
 20
40.79167668664849
 10
216.466655493188
 20
40.76865473569482
 10
216.4967845994551
 20
40.74981859400544
 10
216.4967845994551
 20
40.74981859400544
 10
216.5297478474115
 20
40.73547347683923
 10
216.5651528174387
 20
40.72522696457765
 10
216.6029995095368
 20
40.7190790572207
 10
216.6432879237057
 20
40.71702975476838
 10
216.6432879237057
 20
40.71702975476838
 10
216.6847971989101
 20
40.71903545504087
 10
216.7235159346049
 20
40.7250525558583
 10
216.7594441307902
 20
40.7350810572207
 10
216.792581787466
 20
40.74912095912806
 10
216.792581787466
 20
40.74912095912806
 10
216.8232777220709
 20
40.76725946594005
 10
216.8511831171662
 20
40.78958378201634
 10
216.8511831171662
 20
40.78958378201634
 10
216.8762979727521
 20
40.81609390735694
 10
216.8986222888284
 20
40.84678984196184
 10
216.8986222888284
 20
40.84678984196184
 10
216.9182432697548
 20
40.88132276839237
 10
216.935248119891
 20
40.92004150408719
 10
216.9496368392371
 20
40.96294604904632
 10
216.9614094277929
 20
41.01003640326975
 10
216.9614094277929
 20
41.01003640326975
 10
216.9708711008175
 20
41.06170498637601
 10
216.9776294386921
 20
41.11764658310626
 10
216.9816844414169
 20
41.17786119346049
 10
216.9830361089919
 20
41.24234881743869
 10
216.9830361089919
 20
41.24234881743869
  0
LWPOLYLINE
  5
6F3
330
1F
100
AcDbEntity
  8
TITLE_BLOCK
100
AcDbPolyline
 90
       57
 70
     1
 43
0.0
 10
216.4319045558583
 20
41.24234881743869
 10
216.4350003106267
 20
41.34437791825612
 10
216.4442875749319
 20
41.43140786920981
 10
216.4597663487739
 20
41.50343867029972
 10
216.4814366321526
 20
41.56047032152588
 10
216.4814366321526
 20
41.56047032152588
 10
216.5100396621254
 20
41.6037236839237
 10
216.5100396621254
 20
41.6037236839237
 10
216.5470143106267
 20
41.6344196185286
 10
216.5470143106267
 20
41.6344196185286
 10
216.5909653079019
 20
41.65325576021798
 10
216.5909653079019
 20
41.65325576021798
 10
216.6432879237057
 20
41.65953447411444
 10
216.6432879237057
 20
41.65953447411444
 10
216.6949129046322
 20
41.65255812534059
 10
216.6949129046322
 20
41.65255812534059
 10
216.7395615367848
 20
41.63372198365122
 10
216.7395615367848
 20
41.63372198365122
 10
216.7758385504087
 20
41.60232841416893
 10
216.7758385504087
 20
41.60232841416893
 10
216.8051392152589
 20
41.55837741689373
 10
216.8051392152589
 20
41.55837741689373
 10
216.8274199291553
 20
41.50069173297002
 10
216.8433347247957
 20
41.42879173841961
 10
216.8528836021799
 20
41.3426774332425
 10
216.8560665613079
 20
41.24234881743869
 10
216.8560665613079
 20
41.24234881743869
 10
216.8528836021799
 20
41.14110455585831
 10
216.8433347247957
 20
41.05433621798365
 10
216.8274199291553
 20
40.9820438038147
 10
216.8051392152589
 20
40.92422731335149
 10
216.8051392152589
 20
40.92422731335149
 10
216.7758385504087
 20
40.88027631607629
 10
216.7758385504087
 20
40.88027631607629
 10
216.7395615367848
 20
40.848882746594
 10
216.7395615367848
 20
40.848882746594
 10
216.6949129046322
 20
40.83004660490462
 10
216.6949129046322
 20
40.83004660490462
 10
216.6432879237057
 20
40.82376789100817
 10
216.6432879237057
 20
40.82376789100817
 10
216.5916629427793
 20
40.82934897002724
 10
216.5916629427793
 20
40.82934897002724
 10
216.5477119455041
 20
40.84818511171662
 10
216.5477119455041
 20
40.84818511171662
 10
216.5107372970027
 20
40.87888104632152
 10
216.5107372970027
 20
40.87888104632152
 10
216.48213426703
 20
40.92213440871934
 10
216.48213426703
 20
40.92213440871934
 10
216.4703616784741
 20
40.94865543460489
 10
216.4601587683924
 20
40.97903525340599
 10
216.4515255367848
 20
41.01327386512261
 10
216.4444619836513
 20
41.05137126975476
 10
216.4389681089918
 20
41.09332746730244
 10
216.4350439128066
 20
41.13914245776566
 10
216.4326893950954
 20
41.18881624114441
 10
216.4319045558583
 20
41.24234881743869
 10
216.4319045558583
 20
41.24234881743869
  0
LWPOLYLINE
  5
6F4
330
1F
100
AcDbEntity
  8
TITLE_BLOCK
100
AcDbPolyline
 90
      100
 70
     1
 43
0.0
 10
217.7957807411445
 20
41.31560047956403
 10
217.7931210081744
 20
41.38270423433242
 10
217.7851418092643
 20
41.44518615803814
 10
217.7718431444142
 20
41.50304625068119
 10
217.753225013624
 20
41.55628451226158
 10
217.753225013624
 20
41.55628451226158
 10
217.7298542452316
 20
41.60424691008173
 10
217.7016000326976
 20
41.64627941144413
 10
217.7016000326976
 20
41.64627941144413
 10
217.6693344196186
 20
41.68220760762942
 10
217.6325341798365
 20
41.71185708991825
 10
217.6325341798365
 20
41.71185708991825
 10
217.5917225395096
 20
41.73505344959128
 10
217.5474227247957
 20
41.75162227792915
 10
217.5474227247957
 20
41.75162227792915
 10
217.5003323705722
 20
41.76208680108991
 10
217.4497538419619
 20
41.76557497547683
 10
217.4497538419619
 20
41.76557497547683
 10
217.3789439019074
 20
41.75964507901907
 10
217.3158079455041
 20
41.74185538964577
 10
217.3158079455041
 20
41.74185538964577
 10
217.2603459727521
 20
41.71290354223433
 10
217.2125579836513
 20
41.67209190190735
 10
217.2125579836513
 20
41.67209190190735
 10
217.1734904305177
 20
41.62133896457765
 10
217.1455850354224
 20
41.56256322615803
 10
217.1455850354224
 20
41.56256322615803
 10
217.1293650245232
 20
41.49576468664849
 10
217.1239583542235
 20
41.42094334604904
 10
217.1239583542235
 20
41.42094334604904
 10
217.1288417983652
 20
41.35240071934604
 10
217.1434921307902
 20
41.29188089373297
 10
217.1434921307902
 20
41.29188089373297
 10
217.168083760218
 20
41.23920946049046
 10
217.2027910953679
 20
41.19421201089918
 10
217.2027910953679
 20
41.19421201089918
 10
217.2458700490463
 20
41.15828381471389
 10
217.29557653406
 20
41.13282014168936
 10
217.29557653406
 20
41.13282014168936
 10
217.3527825940055
 20
41.11764658310626
 10
217.4169650027248
 20
41.11258873024523
 10
217.4169650027248
 20
41.11258873024523
 10
217.4567737929156
 20
41.11442002179836
 10
217.4938792479564
 20
41.11991389645776
 10
217.5282813678475
 20
41.12907035422343
 10
217.5599801525886
 20
41.14188939509536
 10
217.5599801525886
 20
41.14188939509536
 10
217.5887575912807
 20
41.15845822343324
 10
217.6150933079019
 20
41.17886404359673
 10
217.6150933079019
 20
41.17886404359673
 10
217.638812893733
 20
41.20310685558582
 10
217.6597419400545
 20
41.23118665940054
 10
217.6597419400545
 20
41.23118665940054
 10
217.6688111934605
 20
41.23118665940054
 10
217.6639277493188
 20
41.16220801089918
 10
217.6548584959128
 20
41.100380119891
 10
217.6416034332426
 20
41.04570298637601
 10
217.6241625613079
 20
40.99817661035421
 10
217.6241625613079
 20
40.99817661035421
 10
217.602535880109
 20
40.95684174386921
 10
217.5767233896458
 20
40.92073913896457
 10
217.5767233896458
 20
40.92073913896457
 10
217.5465506811989
 20
40.89039202179836
 10
217.5118433460491
 20
40.86492834877384
 10
217.5118433460491
 20
40.86492834877384
 10
217.4722525667575
 20
40.84487134604904
 10
217.4274295258856
 20
40.83074423978201
 10
217.4274295258856
 20
40.83074423978201
 10
217.37824626703
 20
40.8223726212534
 10
217.3241795640327
 20
40.81958208174386
 10
217.3241795640327
 20
40.81958208174386
 10
217.2568577983652
 20
40.8242911171662
 10
217.1986052861036
 20
40.83841822343324
 10
217.1986052861036
 20
40.83841822343324
 10
217.1986052861036
 20
40.73098245231607
 10
217.2244177765668
 20
40.72487814713896
 10
217.2544160762943
 20
40.72051792915531
 10
217.2886001852861
 20
40.71790179836512
 10
217.3269701035423
 20
40.71702975476838
 10
217.3269701035423
 20
40.71702975476838
 10
217.3837401416894
 20
40.71934067029972
 10
217.4368475967303
 20
40.72627341689373
 10
217.4862924686649
 20
40.7378279945504
 10
217.5320747574932
 20
40.75400440326975
 10
217.5320747574932
 20
40.75400440326975
 10
217.5741944632153
 20
40.77515146049046
 10
217.6126515858311
 20
40.80092034877384
 10
217.6474461253406
 20
40.83131106811989
 10
217.6785780817439
 20
40.8663236185286
 10
217.6785780817439
 20
40.8663236185286
 10
217.7060474550409
 20
40.90600160217983
 10
217.7298542452316
 20
40.9503886212534
 10
217.7499984523161
 20
40.99948467574931
 10
217.7664800762943
 20
41.05328976566757
 10
217.7664800762943
 20
41.05328976566757
 10
217.7792991171662
 20
41.11180389100817
 10
217.7884555749319
 20
41.17502705177111
 10
217.7939494495913
 20
41.2429592479564
 10
217.7957807411445
 20
41.31560047956403
 10
217.7957807411445
 20
41.31560047956403
  0
LWPOLYLINE
  5
6F5
330
1F
100
AcDbEntity
  8
TITLE_BLOCK
100
AcDbPolyline
 90
       49
 70
     1
 43
0.0
 10
217.4497538419619
 20
41.65953447411444
 10
217.4809730027248
 20
41.65726716076293
 10
217.5104480762943
 20
41.65046522070844
 10
217.5104480762943
 20
41.65046522070844
 10
217.5381790626703
 20
41.63930306267029
 10
217.5641659618529
 20
41.62395509536784
 10
217.5641659618529
 20
41.62395509536784
 10
217.5873623215259
 20
41.60477013623978
 10
217.6081169591281
 20
41.58209700272479
 10
217.6081169591281
 20
41.58209700272479
 10
217.6409057983652
 20
41.5283791171662
 10
217.6409057983652
 20
41.5283791171662
 10
217.6618348446867
 20
41.46541756948228
 10
217.6688111934605
 20
41.39792139509536
 10
217.6688111934605
 20
41.39792139509536
 10
217.6611372098093
 20
41.35048222343324
 10
217.6611372098093
 20
41.35048222343324
 10
217.6395105286104
 20
41.30653122615803
 10
217.6395105286104
 20
41.30653122615803
 10
217.6046287847412
 20
41.26763808174386
 10
217.5585848828338
 20
41.237465373297
 10
217.5585848828338
 20
41.237465373297
 10
217.5041693623978
 20
41.21862923160762
 10
217.4441727629428
 20
41.21235051771117
 10
217.4441727629428
 20
41.21235051771117
 10
217.3990009046322
 20
41.21566428337874
 10
217.3597589427793
 20
41.22560558038146
 10
217.3597589427793
 20
41.22560558038146
 10
217.3262724686649
 20
41.24234881743869
 10
217.2983670735695
 20
41.26606840326975
 10
217.2983670735695
 20
41.26606840326975
 10
217.2763915749319
 20
41.29624111171661
 10
217.2606947901908
 20
41.33234371662125
 10
217.2606947901908
 20
41.33234371662125
 10
217.2517999455041
 20
41.37437621798365
 10
217.2488349972752
 20
41.42233861580381
 10
217.2488349972752
 20
41.42233861580381
 10
217.2521487629428
 20
41.47553327520436
 10
217.2620900599455
 20
41.52210040326975
 10
217.2620900599455
 20
41.52210040326975
 10
217.2786588882834
 20
41.56291204359673
 10
217.3018552479564
 20
41.59744497002724
 10
217.3018552479564
 20
41.59744497002724
 10
217.3309815040872
 20
41.62430391280653
 10
217.3653400217984
 20
41.6434888719346
 10
217.3653400217984
 20
41.6434888719346
 10
217.40493080109
 20
41.65552307356948
 10
217.4497538419619
 20
41.65953447411444
 10
217.4497538419619
 20
41.65953447411444
  0
LWPOLYLINE
  5
6F6
330
1F
100
AcDbEntity
  8
TITLE_BLOCK
100
AcDbPolyline
 90
       90
 70
     1
 43
0.0
 10
166.8152275749319
 20
37.72417613079018
 10
166.8813575476839
 20
37.72002354223433
 10
166.9493561852861
 20
37.70756577656675
 10
167.0192234877384
 20
37.68680283378746
 10
167.0909594550409
 20
37.65773471389645
 10
167.0909594550409
 20
37.65773471389645
 10
167.1524177656676
 20
37.78729547683923
 10
167.0778788010899
 20
37.81854370572206
 10
166.9971109536785
 20
37.84086386920981
 10
166.9101142234332
 20
37.85425596730245
 10
166.8168886103542
 20
37.85872
 10
166.8168886103542
 20
37.85872
 10
166.7300995095368
 20
37.85394452316076
 10
166.6491240326975
 20
37.83961809264305
 10
166.5739621798365
 20
37.81574070844686
 10
166.5046139509537
 20
37.7823123705722
 10
166.5046139509537
 20
37.7823123705722
 10
166.442117493188
 20
37.73995596730245
 10
166.3875109536785
 20
37.68929438692098
 10
166.3875109536785
 20
37.68929438692098
 10
166.3414172207085
 20
37.63115814713896
 10
166.302798147139
 20
37.56471673024523
 10
166.302798147139
 20
37.56471673024523
 10
166.272639972752
 20
37.49121591280654
 10
166.2510984196185
 20
37.41190147138964
 10
166.2381734877384
 20
37.32677340599454
 10
166.2338651771117
 20
37.23583171662125
 10
166.2338651771117
 20
37.23583171662125
 10
166.2360971934605
 20
37.16316141689373
 10
166.2427932425068
 20
37.09464370572206
 10
166.2539533242507
 20
37.03027858310626
 10
166.2695774386921
 20
36.97006604904632
 10
166.2695774386921
 20
36.97006604904632
 10
166.2900808446866
 20
36.91447326975477
 10
166.3150482833787
 20
36.86313689373296
 10
166.3444797547684
 20
36.81605692098092
 10
166.3783752588556
 20
36.77323335149863
 10
166.3783752588556
 20
36.77323335149863
 10
166.4164752588556
 20
36.73508144414168
 10
166.4585202179836
 20
36.70201645776567
 10
166.5045101362398
 20
36.67403839237057
 10
166.554445013624
 20
36.6511472479564
 10
166.554445013624
 20
36.6511472479564
 10
166.6079095912806
 20
36.63334302452316
 10
166.6653191280654
 20
36.62062572207084
 10
166.7266736239782
 20
36.61299534059945
 10
166.7919730790191
 20
36.61045188010899
 10
166.7919730790191
 20
36.61045188010899
 10
166.8795926975477
 20
36.6131510626703
 10
166.9564155858311
 20
36.62124861035422
 10
166.9564155858311
 20
36.62124861035422
 10
167.0292935149864
 20
36.63578267029973
 10
167.1050782561308
 20
36.65945242506812
 10
167.1050782561308
 20
36.65945242506812
 10
167.1050782561308
 20
36.79233525885558
 10
167.0261271662125
 20
36.7712608719346
 10
166.9512248501362
 20
36.75620773841961
 10
166.8803713079019
 20
36.74717585831062
 10
166.8135665395095
 20
36.74416523160762
 10
166.8135665395095
 20
36.74416523160762
 10
166.7186798910082
 20
36.75205514986376
 10
166.6350052316076
 20
36.77572490463215
 10
166.6350052316076
 20
36.77572490463215
 10
166.5978395640327
 20
36.79352912806539
 10
166.5635807084469
 20
36.8153821253406
 10
166.5322286648501
 20
36.84128389645776
 10
166.5037834332425
 20
36.87123444141689
 10
166.5037834332425
 20
36.87123444141689
 10
166.4558210354223
 20
36.94182844686648
 10
166.4215621798365
 20
37.02571073569482
 10
166.4215621798365
 20
37.02571073569482
 10
166.4016297547684
 20
37.1230889373297
 10
166.394985613079
 20
37.2341706811989
 10
166.394985613079
 20
37.2341706811989
 10
166.4018373841962
 20
37.34193035422343
 10
166.4223926975477
 20
37.43764752043596
 10
166.4223926975477
 20
37.43764752043596
 10
166.4576897002725
 20
37.52132217983651
 10
166.5071055040872
 20
37.59295433242507
 10
166.5071055040872
 20
37.59295433242507
 10
166.5362774386921
 20
37.62368348773842
 10
166.5681485558583
 20
37.65026005449591
 10
166.6027188555858
 20
37.67268403269755
 10
166.6399883378747
 20
37.69095542234332
 10
166.6399883378747
 20
37.69095542234332
 10
166.6799050953678
 20
37.70548948228883
 10
166.7224172207085
 20
37.71587095367847
 10
166.7675247138964
 20
37.72209983651226
 10
166.8152275749319
 20
37.72417613079018
 10
166.8152275749319
 20
37.72417613079018
  0
LWPOLYLINE
  5
6F7
330
1F
100
AcDbEntity
  8
TITLE_BLOCK
100
AcDbPolyline
 90
       13
 70
     1
 43
0.0
 10
168.2985322070845
 20
36.62706223433242
 10
168.2985322070845
 20
37.84127912806539
 10
168.1457169482289
 20
37.84127912806539
 10
168.1457169482289
 20
37.32801918256131
 10
167.5228286648501
 20
37.32801918256131
 10
167.5228286648501
 20
37.84127912806539
 10
167.3700134059945
 20
37.84127912806539
 10
167.3700134059945
 20
36.62706223433242
 10
167.5228286648501
 20
36.62706223433242
 10
167.5228286648501
 20
37.19347531335149
 10
168.1457169482289
 20
37.19347531335149
 10
168.1457169482289
 20
36.62706223433242
 10
168.2985322070845
 20
36.62706223433242
  0
LWPOLYLINE
  5
6F8
330
1F
100
AcDbEntity
  8
TITLE_BLOCK
100
AcDbPolyline
 90
       13
 70
     1
 43
0.0
 10
169.3092722615804
 20
36.62706223433242
 10
169.3092722615804
 20
36.76160610354223
 10
168.7835545504087
 20
36.76160610354223
 10
168.7835545504087
 20
37.19513634877384
 10
169.278543106267
 20
37.19513634877384
 10
169.278543106267
 20
37.32801918256131
 10
168.7835545504087
 20
37.32801918256131
 10
168.7835545504087
 20
37.70673525885558
 10
169.3092722615804
 20
37.70673525885558
 10
169.3092722615804
 20
37.84127912806539
 10
168.6307392915531
 20
37.84127912806539
 10
168.6307392915531
 20
36.62706223433242
 10
169.3092722615804
 20
36.62706223433242
  0
LWPOLYLINE
  5
6F9
330
1F
100
AcDbEntity
  8
TITLE_BLOCK
100
AcDbPolyline
 90
       90
 70
     1
 43
0.0
 10
170.0966030517711
 20
37.72417613079018
 10
170.1627330245231
 20
37.72002354223433
 10
170.2307316621253
 20
37.70756577656675
 10
170.3005989645776
 20
37.68680283378746
 10
170.3723349318801
 20
37.65773471389645
 10
170.3723349318801
 20
37.65773471389645
 10
170.4337932425068
 20
37.78729547683923
 10
170.3592542779291
 20
37.81854370572206
 10
170.2784864305177
 20
37.84086386920981
 10
170.1914897002725
 20
37.85425596730245
 10
170.0982640871935
 20
37.85872
 10
170.0982640871935
 20
37.85872
 10
170.011474986376
 20
37.85394452316076
 10
169.9304995095368
 20
37.83961809264305
 10
169.8553376566757
 20
37.81574070844686
 10
169.7859894277929
 20
37.7823123705722
 10
169.7859894277929
 20
37.7823123705722
 10
169.7234929700272
 20
37.73995596730245
 10
169.6688864305177
 20
37.68929438692098
 10
169.6688864305177
 20
37.68929438692098
 10
169.6227926975477
 20
37.63115814713896
 10
169.5841736239782
 20
37.56471673024523
 10
169.5841736239782
 20
37.56471673024523
 10
169.5540154495913
 20
37.49121591280654
 10
169.5324738964578
 20
37.41190147138964
 10
169.5195489645776
 20
37.32677340599454
 10
169.5152406539509
 20
37.23583171662125
 10
169.5152406539509
 20
37.23583171662125
 10
169.5174726702997
 20
37.16316141689373
 10
169.524168719346
 20
37.09464370572206
 10
169.5353288010899
 20
37.03027858310626
 10
169.5509529155313
 20
36.97006604904632
 10
169.5509529155313
 20
36.97006604904632
 10
169.5714563215259
 20
36.91447326975477
 10
169.596423760218
 20
36.86313689373296
 10
169.6258552316076
 20
36.81605692098092
 10
169.6597507356948
 20
36.77323335149863
 10
169.6597507356948
 20
36.77323335149863
 10
169.6978507356948
 20
36.73508144414168
 10
169.7398956948229
 20
36.70201645776567
 10
169.785885613079
 20
36.67403839237057
 10
169.8358204904632
 20
36.6511472479564
 10
169.8358204904632
 20
36.6511472479564
 10
169.8892850681199
 20
36.63334302452316
 10
169.9466946049046
 20
36.62062572207084
 10
170.0080491008174
 20
36.61299534059945
 10
170.0733485558583
 20
36.61045188010899
 10
170.0733485558583
 20
36.61045188010899
 10
170.1609681743869
 20
36.6131510626703
 10
170.2377910626703
 20
36.62124861035422
 10
170.2377910626703
 20
36.62124861035422
 10
170.3106689918256
 20
36.63578267029973
 10
170.38645373297
 20
36.65945242506812
 10
170.38645373297
 20
36.65945242506812
 10
170.38645373297
 20
36.79233525885558
 10
170.3075026430517
 20
36.7712608719346
 10
170.2326003269755
 20
36.75620773841961
 10
170.1617467847411
 20
36.74717585831062
 10
170.0949420163488
 20
36.74416523160762
 10
170.0949420163488
 20
36.74416523160762
 10
170.0000553678474
 20
36.75205514986376
 10
169.9163807084468
 20
36.77572490463215
 10
169.9163807084468
 20
36.77572490463215
 10
169.8792150408719
 20
36.79352912806539
 10
169.8449561852861
 20
36.8153821253406
 10
169.8136041416894
 20
36.84128389645776
 10
169.7851589100817
 20
36.87123444141689
 10
169.7851589100817
 20
36.87123444141689
 10
169.7371965122616
 20
36.94182844686648
 10
169.7029376566757
 20
37.02571073569482
 10
169.7029376566757
 20
37.02571073569482
 10
169.6830052316076
 20
37.1230889373297
 10
169.6763610899182
 20
37.2341706811989
 10
169.6763610899182
 20
37.2341706811989
 10
169.6832128610354
 20
37.34193035422343
 10
169.7037681743869
 20
37.43764752043596
 10
169.7037681743869
 20
37.43764752043596
 10
169.7390651771117
 20
37.52132217983651
 10
169.7884809809264
 20
37.59295433242507
 10
169.7884809809264
 20
37.59295433242507
 10
169.8176529155313
 20
37.62368348773842
 10
169.8495240326975
 20
37.65026005449591
 10
169.8840943324251
 20
37.67268403269755
 10
169.9213638147139
 20
37.69095542234332
 10
169.9213638147139
 20
37.69095542234332
 10
169.9612805722071
 20
37.70548948228883
 10
170.0037926975477
 20
37.71587095367847
 10
170.0489001907357
 20
37.72209983651226
 10
170.0966030517711
 20
37.72417613079018
 10
170.0966030517711
 20
37.72417613079018
  0
LWPOLYLINE
  5
6FA
330
1F
100
AcDbEntity
  8
TITLE_BLOCK
100
AcDbPolyline
 90
       14
 70
     1
 43
0.0
 10
171.5392123160763
 20
36.62706223433242
 10
171.0392406539509
 20
37.31223934604904
 10
171.5201104087193
 20
37.84127912806539
 10
171.3415491008174
 20
37.84127912806539
 10
170.908849373297
 20
37.35791782016349
 10
170.8042041416894
 20
37.24247585831062
 10
170.8042041416894
 20
37.84127912806539
 10
170.6513888828338
 20
37.84127912806539
 10
170.6513888828338
 20
36.62706223433242
 10
170.8042041416894
 20
36.62706223433242
 10
170.8042041416894
 20
37.09796577656675
 10
170.9279512806539
 20
37.20676359673024
 10
171.358989972752
 20
36.62706223433242
 10
171.5392123160763
 20
36.62706223433242
  0
LWPOLYLINE
  5
6FB
330
1F
100
AcDbEntity
  8
TITLE_BLOCK
100
AcDbPolyline
 90
       13
 70
     1
 43
0.0
 10
172.3830183106267
 20
36.62706223433242
 10
172.3830183106267
 20
36.76160610354223
 10
171.857300599455
 20
36.76160610354223
 10
171.857300599455
 20
37.19513634877384
 10
172.3522891553133
 20
37.19513634877384
 10
172.3522891553133
 20
37.32801918256131
 10
171.857300599455
 20
37.32801918256131
 10
171.857300599455
 20
37.70673525885558
 10
172.3830183106267
 20
37.70673525885558
 10
172.3830183106267
 20
37.84127912806539
 10
171.7044853405994
 20
37.84127912806539
 10
171.7044853405994
 20
36.62706223433242
 10
172.3830183106267
 20
36.62706223433242
  0
LWPOLYLINE
  5
6FC
330
1F
100
AcDbEntity
  8
TITLE_BLOCK
100
AcDbPolyline
 90
       44
 70
     1
 43
0.0
 10
173.622981253406
 20
37.24579792915531
 10
173.6204897002725
 20
37.3147828065395
 10
173.6130150408719
 20
37.37971891008174
 10
173.6005572752044
 20
37.44060623978201
 10
173.5831164032697
 20
37.49744479564032
 10
173.5831164032697
 20
37.49744479564032
 10
173.5611076839237
 20
37.55028648501362
 10
173.5341158583106
 20
37.59918321525885
 10
173.5021409264305
 20
37.64413498637602
 10
173.4651828882834
 20
37.68514179836512
 10
173.4651828882834
 20
37.68514179836512
 10
173.4237608174387
 20
37.72173648501362
 10
173.3783937874659
 20
37.75345188010899
 10
173.3290817983651
 20
37.78028798365122
 10
173.2758248501362
 20
37.80224479564032
 10
173.2758248501362
 20
37.80224479564032
 10
173.2186748501362
 20
37.81932231607629
 10
173.1576837057221
 20
37.83152054495913
 10
173.0928514168937
 20
37.83883948228883
 10
173.0241779836512
 20
37.84127912806539
 10
173.0241779836512
 20
37.84127912806539
 10
172.650445013624
 20
37.84127912806539
 10
172.650445013624
 20
36.62706223433242
 10
172.9884657220708
 20
36.62706223433242
 10
173.0626932425068
 20
36.62950188010899
 10
173.1325605449591
 20
36.63682081743869
 10
173.1980676294278
 20
36.64901904632152
 10
173.2592144959128
 20
36.66609656675749
 10
173.2592144959128
 20
36.66609656675749
 10
173.3155858855586
 20
36.68852054495913
 10
173.3675970572207
 20
36.71592762942779
 10
173.4152480108992
 20
36.74831782016349
 10
173.458538746594
 20
36.78569111716621
 10
173.458538746594
 20
36.78569111716621
 10
173.4970540054496
 20
36.82773607629427
 10
173.5303785286103
 20
36.87414125340599
 10
173.5585123160763
 20
36.92490664850136
 10
173.5814553678474
 20
36.98003226158038
 10
173.5814553678474
 20
36.98003226158038
 10
173.5996229427793
 20
37.03993335149863
 10
173.6125997820163
 20
37.10419465940054
 10
173.6203858855586
 20
37.1728161852861
 10
173.622981253406
 20
37.24579792915531
 10
173.622981253406
 20
37.24579792915531
  0
LWPOLYLINE
  5
6FD
330
1F
100
AcDbEntity
  8
TITLE_BLOCK
100
AcDbPolyline
 90
       44
 70
     1
 43
0.0
 10
173.4618608174387
 20
37.24081482288828
 10
173.4598883378746
 20
37.18210760217983
 10
173.4539708991825
 20
37.12724152588555
 10
173.4441085013624
 20
37.07621659400544
 10
173.4303011444142
 20
37.0290328065395
 10
173.4303011444142
 20
37.0290328065395
 10
173.4130159945504
 20
36.98569016348773
 10
173.3918897002725
 20
36.94618866485013
 10
173.3669222615804
 20
36.9105283106267
 10
173.3381136784741
 20
36.87870910081743
 10
173.3381136784741
 20
36.87870910081743
 10
173.3054120435967
 20
36.85031577656675
 10
173.2687654495913
 20
36.82576359673024
 10
173.2281738964577
 20
36.8050525613079
 10
173.1836373841962
 20
36.78818267029973
 10
173.1836373841962
 20
36.78818267029973
 10
173.1356230790191
 20
36.77510201634877
 10
173.0837676294278
 20
36.76575869209809
 10
173.0280710354223
 20
36.76015269754768
 10
172.9685332970027
 20
36.75828403269755
 10
172.9685332970027
 20
36.75828403269755
 10
172.8032602724795
 20
36.75828403269755
 10
172.8032602724795
 20
37.71088784741144
 10
173.0025845231607
 20
37.71088784741144
 10
173.058436839237
 20
37.70901918256131
 10
173.1105518256131
 20
37.70341318801089
 10
173.1589294822888
 20
37.69406986376021
 10
173.2035698092643
 20
37.68098920980926
 10
173.2035698092643
 20
37.68098920980926
 10
173.244939972752
 20
37.66417122615803
 10
173.2826766212534
 20
37.64361591280654
 10
173.3167797547684
 20
37.61932326975477
 10
173.347249373297
 20
37.59129329700272
 10
173.347249373297
 20
37.59129329700272
 10
173.3740854768392
 20
37.55968171662125
 10
173.3972880653951
 20
37.52464425068119
 10
173.4168571389646
 20
37.48618089918256
 10
173.4327926975477
 20
37.44429166212534
 10
173.4327926975477
 20
37.44429166212534
 10
173.44551
 20
37.39856128065394
 10
173.4545937874659
 20
37.34940501362397
 10
173.4600440599455
 20
37.29682286103542
 10
173.4618608174387
 20
37.24081482288828
 10
173.4618608174387
 20
37.24081482288828
  0
LWPOLYLINE
  5
6FE
330
1F
100
AcDbEntity
  8
TITLE_BLOCK
100
AcDbPolyline
 90
        9
 70
     1
 43
0.0
 10
167.1607229427793
 20
32.05340119891009
 10
167.3193518256131
 20
32.05340119891009
 10
166.8459567302452
 20
33.27260119891009
 10
166.7080907901907
 20
33.27260119891009
 10
166.2338651771117
 20
32.05340119891009
 10
166.3883414713897
 20
32.05340119891009
 10
166.5328515531335
 20
32.42962572207085
 10
167.0145518256131
 20
32.42962572207085
 10
167.1607229427793
 20
32.05340119891009
  0
LWPOLYLINE
  5
6FF
330
1F
100
AcDbEntity
  8
TITLE_BLOCK
100
AcDbPolyline
 90
        8
 70
     1
 43
0.0
 10
166.9688733514986
 20
32.56500010899183
 10
166.5843436512262
 20
32.56500010899183
 10
166.7222095912807
 20
32.93291945504087
 10
166.7489937874659
 20
33.01950092643052
 10
166.7745322070845
 20
33.11480283378747
 10
166.7745322070845
 20
33.11480283378747
 10
166.8326684468665
 20
32.93291945504087
 10
166.9688733514986
 20
32.56500010899183
  0
LWPOLYLINE
  5
700
330
1F
100
AcDbEntity
  8
TITLE_BLOCK
100
AcDbPolyline
 90
       30
 70
     1
 43
0.0
 10
168.2636504632153
 20
32.91049547683924
 10
168.2563834332425
 20
32.993962506812
 10
168.2345823433243
 20
33.06663280653952
 10
168.2345823433243
 20
33.06663280653952
 10
168.1990777111717
 20
33.12767585831063
 10
168.1490390190736
 20
33.17792217983652
 10
168.1490390190736
 20
33.17792217983652
 10
168.0846738964578
 20
33.21716414168938
 10
168.0061899727521
 20
33.24519411444142
 10
168.0061899727521
 20
33.24519411444142
 10
167.9142101362398
 20
33.26201209809265
 10
167.807696239782
 20
33.26761809264305
 10
167.807696239782
 20
33.26761809264305
 10
167.4862858855586
 20
33.26761809264305
 10
167.4862858855586
 20
32.05340119891009
 10
167.6391011444142
 20
32.05340119891009
 10
167.6391011444142
 20
32.52596577656676
 10
167.778628119891
 20
32.52596577656676
 10
167.8874259400545
 20
32.53198702997276
 10
167.9829354768393
 20
32.55005079019074
 10
167.9829354768393
 20
32.55005079019074
 10
168.0661948773842
 20
32.58119520435968
 10
168.136581253406
 20
32.62479738419619
 10
168.136581253406
 20
32.62479738419619
 10
168.1918106811989
 20
32.68002681198911
 10
168.2312602724796
 20
32.74605297002725
 10
168.2312602724796
 20
32.74605297002725
 10
168.2555529155314
 20
32.82287585831063
 10
168.2636504632153
 20
32.91049547683924
 10
168.2636504632153
 20
32.91049547683924
  0
LWPOLYLINE
  5
701
330
1F
100
AcDbEntity
  8
TITLE_BLOCK
100
AcDbPolyline
 90
       29
 70
     1
 43
0.0
 10
167.6391011444142
 20
32.65718757493189
 10
167.6391011444142
 20
33.13722681198911
 10
167.7935774386921
 20
33.13722681198911
 10
167.8681164032698
 20
33.13348948228884
 10
167.9322738964578
 20
33.12227749318802
 10
167.9322738964578
 20
33.12227749318802
 10
167.9860499182562
 20
33.10442136239783
 10
168.0294444686649
 20
33.07909057220709
 10
168.0294444686649
 20
33.07909057220709
 10
168.0622499182562
 20
33.04628512261581
 10
168.0859196730245
 20
33.00600501362398
 10
168.0859196730245
 20
33.00600501362398
 10
168.1002461035422
 20
32.95845787465941
 10
168.1050215803815
 20
32.90385133514987
 10
168.1050215803815
 20
32.90385133514987
 10
168.0998308446867
 20
32.84343117166213
 10
168.0842586376022
 20
32.7917314441417
 10
168.0842586376022
 20
32.7917314441417
 10
168.0585125885559
 20
32.74854452316077
 10
168.0585125885559
 20
32.74854452316077
 10
168.0236308446867
 20
32.7153238147139
 10
168.0236308446867
 20
32.7153238147139
 10
167.9767065940055
 20
32.68978539509537
 10
167.9173245776567
 20
32.6713063760218
 10
167.9173245776567
 20
32.6713063760218
 10
167.8454847956403
 20
32.66071727520436
 10
167.7611872479564
 20
32.65718757493189
 10
167.7611872479564
 20
32.65718757493189
 10
167.6391011444142
 20
32.65718757493189
  0
LWPOLYLINE
  5
702
330
1F
100
AcDbEntity
  8
TITLE_BLOCK
100
AcDbPolyline
 90
       30
 70
     1
 43
0.0
 10
169.292661907357
 20
32.91049547683924
 10
169.2853948773842
 20
32.993962506812
 10
169.263593787466
 20
33.06663280653952
 10
169.263593787466
 20
33.06663280653952
 10
169.2280891553134
 20
33.12767585831063
 10
169.1780504632153
 20
33.17792217983652
 10
169.1780504632153
 20
33.17792217983652
 10
169.1136853405995
 20
33.21716414168938
 10
169.0352014168938
 20
33.24519411444142
 10
169.0352014168938
 20
33.24519411444142
 10
168.9432215803815
 20
33.26201209809265
 10
168.8367076839237
 20
33.26761809264305
 10
168.8367076839237
 20
33.26761809264305
 10
168.5152973297003
 20
33.26761809264305
 10
168.5152973297003
 20
32.05340119891009
 10
168.6681125885559
 20
32.05340119891009
 10
168.6681125885559
 20
32.52596577656676
 10
168.8076395640327
 20
32.52596577656676
 10
168.9164373841962
 20
32.53198702997276
 10
169.011946920981
 20
32.55005079019074
 10
169.011946920981
 20
32.55005079019074
 10
169.0952063215259
 20
32.58119520435968
 10
169.1655926975477
 20
32.62479738419619
 10
169.1655926975477
 20
32.62479738419619
 10
169.2208221253406
 20
32.68002681198911
 10
169.2602717166213
 20
32.74605297002725
 10
169.2602717166213
 20
32.74605297002725
 10
169.2845643596731
 20
32.82287585831063
 10
169.292661907357
 20
32.91049547683924
 10
169.292661907357
 20
32.91049547683924
  0
LWPOLYLINE
  5
703
330
1F
100
AcDbEntity
  8
TITLE_BLOCK
100
AcDbPolyline
 90
       29
 70
     1
 43
0.0
 10
168.6681125885559
 20
32.65718757493189
 10
168.6681125885559
 20
33.13722681198911
 10
168.8225888828338
 20
33.13722681198911
 10
168.8971278474115
 20
33.13348948228884
 10
168.9612853405995
 20
33.12227749318802
 10
168.9612853405995
 20
33.12227749318802
 10
169.0150613623979
 20
33.10442136239783
 10
169.0584559128066
 20
33.07909057220709
 10
169.0584559128066
 20
33.07909057220709
 10
169.0912613623979
 20
33.04628512261581
 10
169.1149311171662
 20
33.00600501362398
 10
169.1149311171662
 20
33.00600501362398
 10
169.1292575476839
 20
32.95845787465941
 10
169.1340330245232
 20
32.90385133514987
 10
169.1340330245232
 20
32.90385133514987
 10
169.1288422888284
 20
32.84343117166213
 10
169.1132700817439
 20
32.7917314441417
 10
169.1132700817439
 20
32.7917314441417
 10
169.0875240326976
 20
32.74854452316077
 10
169.0875240326976
 20
32.74854452316077
 10
169.0526422888284
 20
32.7153238147139
 10
169.0526422888284
 20
32.7153238147139
 10
169.0057180381472
 20
32.68978539509537
 10
168.9463360217984
 20
32.6713063760218
 10
168.9463360217984
 20
32.6713063760218
 10
168.874496239782
 20
32.66071727520436
 10
168.7901986920981
 20
32.65718757493189
 10
168.7901986920981
 20
32.65718757493189
 10
168.6681125885559
 20
32.65718757493189
  0
LWPOLYLINE
  5
704
330
1F
100
AcDbEntity
  8
TITLE_BLOCK
100
AcDbPolyline
 90
       33
 70
     1
 43
0.0
 10
169.6971240326976
 20
32.55503389645777
 10
169.9388046866486
 20
32.55503389645777
 10
170.2328079564033
 20
32.05340119891009
 10
170.4113692643052
 20
32.05340119891009
 10
170.0783316621254
 20
32.59739029972753
 10
170.1350144959129
 20
32.62064479564033
 10
170.1838074114442
 20
32.64888239782017
 10
170.1838074114442
 20
32.64888239782017
 10
170.2257485558584
 20
32.68210310626704
 10
170.260215040872
 20
32.72030692098093
 10
170.260215040872
 20
32.72030692098093
 10
170.2869992370572
 20
32.76349384196186
 10
170.3058935149864
 20
32.81166386920982
 10
170.3058935149864
 20
32.81166386920982
 10
170.3177283923706
 20
32.8648170027248
 10
170.3216733514987
 20
32.92295324250681
 10
170.3216733514987
 20
32.92295324250681
 10
170.3148215803815
 20
33.00372108991827
 10
170.29426626703
 20
33.07327694822889
 10
170.29426626703
 20
33.07327694822889
 10
170.260215040872
 20
33.13265896457767
 10
170.2128755313352
 20
33.1812442506812
 10
170.2128755313352
 20
33.1812442506812
 10
170.1514172207085
 20
33.21903280653952
 10
170.0750095912807
 20
33.2460246321526
 10
170.0750095912807
 20
33.2460246321526
 10
169.984483160763
 20
33.26221972752044
 10
169.8790074114442
 20
33.26761809264305
 10
169.8790074114442
 20
33.26761809264305
 10
169.544308773842
 20
33.26761809264305
 10
169.544308773842
 20
32.05340119891009
 10
169.6971240326976
 20
32.05340119891009
 10
169.6971240326976
 20
32.55503389645777
  0
LWPOLYLINE
  5
705
330
1F
100
AcDbEntity
  8
TITLE_BLOCK
100
AcDbPolyline
 90
       28
 70
     1
 43
0.0
 10
169.6971240326976
 20
32.68459465940055
 10
169.6971240326976
 20
33.13556577656676
 10
169.8707022343325
 20
33.13556577656676
 10
169.9425420163488
 20
33.13224370572208
 10
170.0035850681199
 20
33.12227749318802
 10
170.0035850681199
 20
33.12227749318802
 10
170.0540390190736
 20
33.10566713896458
 10
170.0941114986376
 20
33.08241264305178
 10
170.0941114986376
 20
33.08241264305178
 10
170.1240101362398
 20
33.05209874659401
 10
170.1456035967303
 20
33.0143101907357
 10
170.1456035967303
 20
33.0143101907357
 10
170.1586842506812
 20
32.96883934604905
 10
170.1630444686649
 20
32.91547858310627
 10
170.1630444686649
 20
32.91547858310627
 10
170.1586842506812
 20
32.86170256130791
 10
170.1456035967303
 20
32.8149859400545
 10
170.1456035967303
 20
32.8149859400545
 10
170.1246330245232
 20
32.77532871934606
 10
170.0949420163488
 20
32.74273089918257
 10
170.0949420163488
 20
32.74273089918257
 10
170.0559076839237
 20
32.71719247956404
 10
170.0069071389646
 20
32.69871346049047
 10
170.0069071389646
 20
32.69871346049047
 10
169.9479403814714
 20
32.68812435967303
 10
169.8790074114442
 20
32.68459465940055
 10
169.8790074114442
 20
32.68459465940055
 10
169.6971240326976
 20
32.68459465940055
  0
LWPOLYLINE
  5
706
330
1F
100
AcDbEntity
  8
TITLE_BLOCK
100
AcDbPolyline
 90
       81
 70
     1
 43
0.0
 10
171.6621289373298
 20
32.66217068119892
 10
171.6597931062671
 20
32.73328376021799
 10
171.6527856130791
 20
32.80045188010899
 10
171.6411064577657
 20
32.86367504087194
 10
171.624755640327
 20
32.92295324250681
 10
171.624755640327
 20
32.92295324250681
 10
171.6042003269755
 20
32.97828648501363
 10
171.5790771662126
 20
33.02967476839238
 10
171.5493861580382
 20
33.07711809264305
 10
171.5151273024524
 20
33.12061645776567
 10
171.5151273024524
 20
33.12061645776567
 10
171.476352506812
 20
33.15954697547684
 10
171.4339441961853
 20
33.19328675749319
 10
171.3879023705722
 20
33.22183580381472
 10
171.3382270299728
 20
33.24519411444142
 10
171.3382270299728
 20
33.24519411444142
 10
171.2852815258856
 20
33.2633616893733
 10
171.2285986920981
 20
33.27633852861036
 10
171.1681785286104
 20
33.2841246321526
 10
171.1040210354224
 20
33.28672
 10
171.1040210354224
 20
33.28672
 10
171.0378910626704
 20
33.2841246321526
 10
170.9757060490464
 20
33.27633852861036
 10
170.9174659945505
 20
33.2633616893733
 10
170.8631708991826
 20
33.24519411444142
 10
170.8631708991826
 20
33.24519411444142
 10
170.8131841144415
 20
33.22230297002725
 10
170.7670384741145
 20
33.19432490463216
 10
170.7247339782017
 20
33.16125991825614
 10
170.686270626703
 20
33.12310801089919
 10
170.686270626703
 20
33.12310801089919
 10
170.6520117711172
 20
33.0802844414169
 10
170.6223207629428
 20
33.03320446866486
 10
170.5971976021799
 20
32.98186809264305
 10
170.5766422888284
 20
32.9262753133515
 10
170.5766422888284
 20
32.9262753133515
 10
170.561018174387
 20
32.86689329700273
 10
170.5498580926431
 20
32.8033586920981
 10
170.5431620435968
 20
32.73567149863761
 10
170.540930027248
 20
32.66383171662126
 10
170.540930027248
 20
32.66383171662126
 10
170.5432139509537
 20
32.59116141689374
 10
170.5500657220709
 20
32.52264370572207
 10
170.5614853405995
 20
32.45827858310627
 10
170.5774728065396
 20
32.39806604904633
 10
170.5774728065396
 20
32.39806604904633
 10
170.5980281198911
 20
32.34242136239783
 10
170.623151280654
 20
32.29092926430518
 10
170.6528422888284
 20
32.2435897547684
 10
170.6871011444142
 20
32.20040283378747
 10
170.6871011444142
 20
32.20040283378747
 10
170.7255644959129
 20
32.16188757493189
 10
170.7678689918257
 20
32.12856305177112
 10
170.8140146321526
 20
32.10042926430518
 10
170.8640014168938
 20
32.07748621253407
 10
170.8640014168938
 20
32.07748621253407
 10
170.9178293460491
 20
32.05968198910082
 10
170.9754984196186
 20
32.04696468664851
 10
171.0370086376022
 20
32.03933430517711
 10
171.1023600000001
 20
32.03679084468666
 10
171.1023600000001
 20
32.03679084468666
 10
171.166569400545
 20
32.03938621253407
 10
171.2271452861036
 20
32.0471723160763
 10
171.2840876566758
 20
32.06014915531335
 10
171.3373965122616
 20
32.07831673024523
 10
171.3373965122616
 20
32.07831673024523
 10
171.3870718528611
 20
32.10172694822889
 10
171.4331136784742
 20
32.13043171662126
 10
171.4755219891009
 20
32.16443103542235
 10
171.5142967847412
 20
32.20372490463216
 10
171.5142967847412
 20
32.20372490463216
 10
171.5489189918257
 20
32.24722326975478
 10
171.5788695367848
 20
32.29466659400546
 10
171.6041484196186
 20
32.3460548773842
 10
171.624755640327
 20
32.40138811989102
 10
171.624755640327
 20
32.40138811989102
 10
171.6411064577657
 20
32.46066632152589
 10
171.6527856130791
 20
32.52388948228884
 10
171.6597931062671
 20
32.59105760217984
 10
171.6621289373298
 20
32.66217068119892
 10
171.6621289373298
 20
32.66217068119892
  0
LWPOLYLINE
  5
707
330
1F
100
AcDbEntity
  8
TITLE_BLOCK
100
AcDbPolyline
 90
       69
 70
     1
 43
0.0
 10
170.7020504632153
 20
32.66217068119892
 10
170.7082793460491
 20
32.77470583106268
 10
170.7269659945505
 20
32.87312217983652
 10
170.7269659945505
 20
32.87312217983652
 10
170.7591485558584
 20
32.95721209809265
 10
170.8042041416894
 20
33.02676795640328
 10
170.8042041416894
 20
33.02676795640328
 10
170.8310402452317
 20
33.05599179836513
 10
170.8608869754769
 20
33.08137449591281
 10
170.8937443324251
 20
33.10291604904633
 10
170.9296123160763
 20
33.12061645776567
 10
170.9296123160763
 20
33.12061645776567
 10
170.9688542779292
 20
33.13442381471391
 10
171.0110030517712
 20
33.14428621253406
 10
171.0560586376022
 20
33.15020365122616
 10
171.1040210354224
 20
33.1521761307902
 10
171.1040210354224
 20
33.1521761307902
 10
171.1511529155314
 20
33.15020365122616
 10
171.1953779836513
 20
33.14428621253406
 10
171.2366962397821
 20
33.13442381471391
 10
171.2751076839237
 20
33.12061645776567
 10
171.2751076839237
 20
33.12061645776567
 10
171.3432101362398
 20
33.08220501362398
 10
171.3996853405995
 20
33.02842899182562
 10
171.3996853405995
 20
33.02842899182562
 10
171.4230436512262
 20
32.99577926430518
 10
171.443287520436
 20
32.95928839237058
 10
171.4604169482289
 20
32.9189563760218
 10
171.474431934605
 20
32.87478321525886
 10
171.474431934605
 20
32.87478321525886
 10
171.4856958310627
 20
32.82723607629428
 10
171.4937414713897
 20
32.77595160762943
 10
171.4985688555859
 20
32.72092980926431
 10
171.5001779836513
 20
32.66217068119892
 10
171.5001779836513
 20
32.66217068119892
 10
171.4985688555859
 20
32.60299629427794
 10
171.4937414713897
 20
32.54755923705723
 10
171.4856958310627
 20
32.49585950953679
 10
171.474431934605
 20
32.44789711171663
 10
171.474431934605
 20
32.44789711171663
 10
171.460365040872
 20
32.40367204359674
 10
171.4430798910082
 20
32.36318430517711
 10
171.4225764850137
 20
32.32643389645777
 10
171.3988548228883
 20
32.2934208174387
 10
171.3988548228883
 20
32.2934208174387
 10
171.3720187193461
 20
32.26419697547684
 10
171.3421719891009
 20
32.23881427792916
 10
171.3093146321526
 20
32.21727272479565
 10
171.2734466485014
 20
32.1995723160763
 10
171.2734466485014
 20
32.1995723160763
 10
171.1937169482289
 20
32.17652544959129
 10
171.1023600000001
 20
32.16884316076295
 10
171.1023600000001
 20
32.16884316076295
 10
171.0548128610355
 20
32.17081564032698
 10
171.01017253406
 20
32.17673307901908
 10
170.9684390190736
 20
32.18659547683924
 10
170.9296123160763
 20
32.20040283378747
 10
170.9296123160763
 20
32.20040283378747
 10
170.8937443324251
 20
32.21815514986377
 10
170.8608869754769
 20
32.23985242506813
 10
170.8310402452317
 20
32.26549465940055
 10
170.8042041416894
 20
32.29508185286104
 10
170.8042041416894
 20
32.29508185286104
 10
170.7591485558584
 20
32.36526059945505
 10
170.7269659945505
 20
32.44955814713897
 10
170.7269659945505
 20
32.44955814713897
 10
170.7082793460491
 20
32.54880501362398
 10
170.7020504632153
 20
32.66217068119892
 10
170.7020504632153
 20
32.66217068119892
  0
LWPOLYLINE
  5
708
330
1F
100
AcDbEntity
  8
TITLE_BLOCK
100
AcDbPolyline
 90
       18
 70
     1
 43
0.0
 10
171.765113133515
 20
33.26761809264305
 10
172.1986433787467
 20
32.05340119891009
 10
172.3522891553134
 20
32.05340119891009
 10
172.785819400545
 20
33.26761809264305
 10
172.6238684468665
 20
33.26761809264305
 10
172.3522891553134
 20
32.49191455040872
 10
172.3262835694823
 20
32.41379397820164
 10
172.3047420163488
 20
32.3430442506812
 10
172.2876644959128
 20
32.27966536784741
 10
172.2750510081744
 20
32.22365732970028
 10
172.2750510081744
 20
32.22365732970028
 10
172.2612436512262
 20
32.28412940054496
 10
172.2439065940055
 20
32.34844261580382
 10
172.2230398365123
 20
32.41659697547684
 10
172.1986433787467
 20
32.48859247956404
 10
172.1986433787467
 20
32.48859247956404
 10
171.9254030517712
 20
33.26761809264305
 10
171.765113133515
 20
33.26761809264305
  0
LWPOLYLINE
  5
709
330
1F
100
AcDbEntity
  8
TITLE_BLOCK
100
AcDbPolyline
 90
       13
 70
     1
 43
0.0
 10
173.6296253950954
 20
32.05340119891009
 10
173.6296253950954
 20
32.18794506811989
 10
173.1039076839238
 20
32.18794506811989
 10
173.1039076839238
 20
32.6214753133515
 10
173.5988962397821
 20
32.6214753133515
 10
173.5988962397821
 20
32.75435814713897
 10
173.1039076839238
 20
32.75435814713897
 10
173.1039076839238
 20
33.13307422343325
 10
173.6296253950954
 20
33.13307422343325
 10
173.6296253950954
 20
33.26761809264305
 10
172.9510924250682
 20
33.26761809264305
 10
172.9510924250682
 20
32.05340119891009
 10
173.6296253950954
 20
32.05340119891009
  0
LWPOLYLINE
  5
70A
330
1F
100
AcDbEntity
  8
TITLE_BLOCK
100
AcDbPolyline
 90
       44
 70
     1
 43
0.0
 10
174.8695883378747
 20
32.67213689373298
 10
174.8670967847412
 20
32.74112177111717
 10
174.8596221253406
 20
32.80605787465941
 10
174.8471643596731
 20
32.86694520435968
 10
174.8297234877385
 20
32.92378376021799
 10
174.8297234877385
 20
32.92378376021799
 10
174.8077147683924
 20
32.97662544959129
 10
174.7807229427793
 20
33.02552217983652
 10
174.7487480108992
 20
33.07047395095368
 10
174.7117899727521
 20
33.11148076294278
 10
174.7117899727521
 20
33.11148076294278
 10
174.6703679019074
 20
33.14807544959129
 10
174.6250008719346
 20
33.17979084468666
 10
174.5756888828338
 20
33.20662694822889
 10
174.522431934605
 20
33.22858376021799
 10
174.522431934605
 20
33.22858376021799
 10
174.4652819346049
 20
33.24566128065396
 10
174.4042907901908
 20
33.25785950953679
 10
174.3394585013625
 20
33.26517844686649
 10
174.2707850681199
 20
33.26761809264305
 10
174.2707850681199
 20
33.26761809264305
 10
173.8970520980927
 20
33.26761809264305
 10
173.8970520980927
 20
32.05340119891009
 10
174.2350728065396
 20
32.05340119891009
 10
174.3093003269755
 20
32.05584084468666
 10
174.3791676294279
 20
32.06315978201636
 10
174.4446747138965
 20
32.07535801089919
 10
174.5058215803815
 20
32.09243553133516
 10
174.5058215803815
 20
32.09243553133516
 10
174.5621929700273
 20
32.11485950953679
 10
174.6142041416894
 20
32.14226659400546
 10
174.6618550953679
 20
32.17465678474115
 10
174.7051458310627
 20
32.21203008174388
 10
174.7051458310627
 20
32.21203008174388
 10
174.7436610899183
 20
32.25407504087194
 10
174.7769856130791
 20
32.30048021798365
 10
174.805119400545
 20
32.35124561307902
 10
174.8280624523161
 20
32.40637122615804
 10
174.8280624523161
 20
32.40637122615804
 10
174.846230027248
 20
32.4662723160763
 10
174.8592068664851
 20
32.53053362397821
 10
174.8669929700273
 20
32.59915514986377
 10
174.8695883378747
 20
32.67213689373298
 10
174.8695883378747
 20
32.67213689373298
  0
LWPOLYLINE
  5
70B
330
1F
100
AcDbEntity
  8
TITLE_BLOCK
100
AcDbPolyline
 90
       44
 70
     1
 43
0.0
 10
174.7084679019074
 20
32.66715378746595
 10
174.7064954223434
 20
32.6084465667575
 10
174.7005779836513
 20
32.55358049046322
 10
174.6907155858311
 20
32.50255555858311
 10
174.6769082288829
 20
32.45537177111717
 10
174.6769082288829
 20
32.45537177111717
 10
174.6596230790191
 20
32.4120291280654
 10
174.6384967847412
 20
32.3725276294278
 10
174.6135293460491
 20
32.33686727520436
 10
174.5847207629428
 20
32.3050480653951
 10
174.5847207629428
 20
32.3050480653951
 10
174.5520191280654
 20
32.27665474114442
 10
174.51537253406
 20
32.25210256130791
 10
174.4747809809265
 20
32.23139152588556
 10
174.4302444686649
 20
32.21452163487739
 10
174.4302444686649
 20
32.21452163487739
 10
174.3822301634878
 20
32.20144098092644
 10
174.3303747138965
 20
32.19209765667576
 10
174.2746781198911
 20
32.18649166212535
 10
174.2151403814714
 20
32.18462299727521
 10
174.2151403814714
 20
32.18462299727521
 10
174.0498673569483
 20
32.18462299727521
 10
174.0498673569483
 20
33.13722681198911
 10
174.2491916076295
 20
33.13722681198911
 10
174.3050439237058
 20
33.13535814713897
 10
174.3571589100818
 20
33.12975215258856
 10
174.4055365667575
 20
33.12040882833788
 10
174.450176893733
 20
33.10732817438693
 10
174.450176893733
 20
33.10732817438693
 10
174.4915470572208
 20
33.0905101907357
 10
174.5292837057221
 20
33.06995487738421
 10
174.5633868392371
 20
33.04566223433243
 10
174.5938564577657
 20
33.01763226158039
 10
174.5938564577657
 20
33.01763226158039
 10
174.6206925613079
 20
32.98602068119892
 10
174.6438951498638
 20
32.95098321525886
 10
174.6634642234333
 20
32.91251986376022
 10
174.6793997820164
 20
32.870630626703
 10
174.6793997820164
 20
32.870630626703
 10
174.6921170844687
 20
32.82490024523161
 10
174.7012008719346
 20
32.77574397820164
 10
174.7066511444142
 20
32.72316182561308
 10
174.7084679019074
 20
32.66715378746595
 10
174.7084679019074
 20
32.66715378746595
  0
LWPOLYLINE
  5
70C
330
1F
100
AcDbEntity
  8
TITLE_BLOCK
 62
   254
100
AcDbPolyline
 90
        5
 70
     1
 43
0.0
 10
185.5901684141689
 20
31.16735507356948
 10
185.5901684141689
 20
33.11305874659401
 10
187.4291339509537
 20
33.11305874659401
 10
187.4291339509537
 20
31.16735507356948
 10
185.5901684141689
 20
31.16735507356948
  0
LWPOLYLINE
  5
70D
330
1F
100
AcDbEntity
  8
TITLE_BLOCK
100
AcDbPolyline
 90
        5
 70
     1
 43
0.0
 10
185.6543508228883
 20
31.91312675749319
 10
186.0003777220708
 20
31.91312675749319
 10
186.0003777220708
 20
32.02474833787466
 10
185.6543508228883
 20
32.02474833787466
 10
185.6543508228883
 20
31.91312675749319
  0
LWPOLYLINE
  5
70E
330
1F
100
AcDbEntity
  8
TITLE_BLOCK
100
AcDbPolyline
 90
        5
 70
     1
 43
0.0
 10
186.1140922070844
 20
31.91312675749319
 10
186.460119106267
 20
31.91312675749319
 10
186.460119106267
 20
32.02474833787466
 10
186.1140922070844
 20
32.02474833787466
 10
186.1140922070844
 20
31.91312675749319
  0
LWPOLYLINE
  5
70F
330
1F
100
AcDbEntity
  8
TITLE_BLOCK
100
AcDbPolyline
 90
        5
 70
     1
 43
0.0
 10
186.5738335912806
 20
31.91312675749319
 10
186.9198604904632
 20
31.91312675749319
 10
186.9198604904632
 20
32.02474833787466
 10
186.5738335912806
 20
32.02474833787466
 10
186.5738335912806
 20
31.91312675749319
  0
LWPOLYLINE
  5
710
330
1F
100
AcDbEntity
  8
TITLE_BLOCK
100
AcDbPolyline
 90
        5
 70
     1
 43
0.0
 10
187.0335749754768
 20
31.91312675749319
 10
187.3796018746594
 20
31.91312675749319
 10
187.3796018746594
 20
32.02474833787466
 10
187.0335749754768
 20
32.02474833787466
 10
187.0335749754768
 20
31.91312675749319
  0
LWPOLYLINE
  5
711
330
1F
100
AcDbEntity
  8
TITLE_BLOCK
 62
   254
100
AcDbPolyline
 90
        5
 70
     1
 43
0.0
 10
213.2126684141689
 20
31.16735507356948
 10
213.2126684141689
 20
33.11305874659401
 10
215.0516339509537
 20
33.11305874659401
 10
215.0516339509537
 20
31.16735507356948
 10
213.2126684141689
 20
31.16735507356948
  0
LWPOLYLINE
  5
712
330
1F
100
AcDbEntity
  8
TITLE_BLOCK
100
AcDbPolyline
 90
        5
 70
     1
 43
0.0
 10
213.2768508228883
 20
31.91312675749319
 10
213.6228777220708
 20
31.91312675749319
 10
213.6228777220708
 20
32.02474833787466
 10
213.2768508228883
 20
32.02474833787466
 10
213.2768508228883
 20
31.91312675749319
  0
LWPOLYLINE
  5
713
330
1F
100
AcDbEntity
  8
TITLE_BLOCK
100
AcDbPolyline
 90
        5
 70
     1
 43
0.0
 10
213.7365922070844
 20
31.91312675749319
 10
214.082619106267
 20
31.91312675749319
 10
214.082619106267
 20
32.02474833787466
 10
213.7365922070844
 20
32.02474833787466
 10
213.7365922070844
 20
31.91312675749319
  0
LWPOLYLINE
  5
714
330
1F
100
AcDbEntity
  8
TITLE_BLOCK
100
AcDbPolyline
 90
        5
 70
     1
 43
0.0
 10
214.1963335912806
 20
31.91312675749319
 10
214.5423604904632
 20
31.91312675749319
 10
214.5423604904632
 20
32.02474833787466
 10
214.1963335912806
 20
32.02474833787466
 10
214.1963335912806
 20
31.91312675749319
  0
LWPOLYLINE
  5
715
330
1F
100
AcDbEntity
  8
TITLE_BLOCK
100
AcDbPolyline
 90
        5
 70
     1
 43
0.0
 10
214.6560749754768
 20
31.91312675749319
 10
215.0021018746594
 20
31.91312675749319
 10
215.0021018746594
 20
32.02474833787466
 10
214.6560749754768
 20
32.02474833787466
 10
214.6560749754768
 20
31.91312675749319
  0
LWPOLYLINE
  5
716
330
1F
100
AcDbEntity
  8
TITLE_BLOCK
100
AcDbPolyline
 90
       27
 70
     1
 43
0.0
 10
166.7695491008174
 20
18.35152
 10
166.8949572752043
 20
18.35152
 10
167.3002499182561
 20
19.41458267029973
 10
167.3068940599455
 20
19.41458267029973
 10
167.3018071389646
 20
19.3228623705722
 10
167.2981736239782
 20
19.2395510626703
 10
167.2959935149864
 20
19.164648746594
 10
167.2952668119891
 20
19.09815542234332
 10
167.2952668119891
 20
19.09815542234332
 10
167.2952668119891
 20
18.35152
 10
167.4464210354223
 20
18.35152
 10
167.4464210354223
 20
19.56573689373297
 10
167.222181253406
 20
19.56573689373297
 10
166.8409736239782
 20
18.57077667574931
 10
166.8343294822888
 20
18.57077667574931
 10
166.4597659945504
 20
19.56573689373297
 10
166.2338651771117
 20
19.56573689373297
 10
166.2338651771117
 20
18.35152
 10
166.3750531880109
 20
18.35152
 10
166.3750531880109
 20
19.08818920980926
 10
166.3742745776567
 20
19.18188198910082
 10
166.371938746594
 20
19.26778866485013
 10
166.3680456948229
 20
19.34590923705722
 10
166.3625954223433
 20
19.41624370572207
 10
166.3625954223433
 20
19.41624370572207
 10
166.3692395640327
 20
19.41624370572207
 10
166.7695491008174
 20
18.35152
  0
LWPOLYLINE
  5
717
330
1F
100
AcDbEntity
  8
TITLE_BLOCK
100
AcDbPolyline
 90
        9
 70
     1
 43
0.0
 10
168.5385518256131
 20
18.35152
 10
168.6971807084468
 20
18.35152
 10
168.223785613079
 20
19.57072
 10
168.0859196730245
 20
19.57072
 10
167.6116940599455
 20
18.35152
 10
167.7661703542234
 20
18.35152
 10
167.9106804359673
 20
18.72774452316076
 10
168.3923807084468
 20
18.72774452316076
 10
168.5385518256131
 20
18.35152
  0
LWPOLYLINE
  5
718
330
1F
100
AcDbEntity
  8
TITLE_BLOCK
100
AcDbPolyline
 90
        8
 70
     1
 43
0.0
 10
168.3467022343324
 20
18.86311891008174
 10
167.9621725340599
 20
18.86311891008174
 10
168.1000384741144
 20
19.23103825613079
 10
168.1268226702997
 20
19.31761972752043
 10
168.1523610899182
 20
19.41292163487738
 10
168.1523610899182
 20
19.41292163487738
 10
168.2104973297002
 20
19.23103825613079
 10
168.3467022343324
 20
18.86311891008174
  0
LWPOLYLINE
  5
719
330
1F
100
AcDbEntity
  8
TITLE_BLOCK
100
AcDbPolyline
 90
        9
 70
     1
 43
0.0
 10
169.2486444686648
 20
18.35152
 10
169.2486444686648
 20
19.43119302452316
 10
169.6256995095368
 20
19.43119302452316
 10
169.6256995095368
 20
19.56573689373297
 10
168.7154520980926
 20
19.56573689373297
 10
168.7154520980926
 20
19.43119302452316
 10
169.0949986920981
 20
19.43119302452316
 10
169.0949986920981
 20
18.35152
 10
169.2486444686648
 20
18.35152
  0
LWPOLYLINE
  5
71A
330
1F
100
AcDbEntity
  8
TITLE_BLOCK
100
AcDbPolyline
 90
       13
 70
     1
 43
0.0
 10
170.4886074114441
 20
18.35152
 10
170.4886074114441
 20
18.48606386920981
 10
169.9628897002725
 20
18.48606386920981
 10
169.9628897002725
 20
18.91959411444141
 10
170.4578782561308
 20
18.91959411444141
 10
170.4578782561308
 20
19.05247694822888
 10
169.9628897002725
 20
19.05247694822888
 10
169.9628897002725
 20
19.43119302452316
 10
170.4886074114441
 20
19.43119302452316
 10
170.4886074114441
 20
19.56573689373297
 10
169.8100744414169
 20
19.56573689373297
 10
169.8100744414169
 20
18.35152
 10
170.4886074114441
 20
18.35152
  0
LWPOLYLINE
  5
71B
330
1F
100
AcDbEntity
  8
TITLE_BLOCK
100
AcDbPolyline
 90
       33
 70
     1
 43
0.0
 10
170.908849373297
 20
18.85315269754768
 10
171.150530027248
 20
18.85315269754768
 10
171.4445332970027
 20
18.35152
 10
171.6230946049047
 20
18.35152
 10
171.2900570027248
 20
18.89550910081743
 10
171.3467398365123
 20
18.91876359673024
 10
171.3955327520436
 20
18.94700119891008
 10
171.3955327520436
 20
18.94700119891008
 10
171.4374738964578
 20
18.98022190735695
 10
171.4719403814714
 20
19.01842572207084
 10
171.4719403814714
 20
19.01842572207084
 10
171.4987245776567
 20
19.06161264305177
 10
171.5176188555859
 20
19.10978267029973
 10
171.5176188555859
 20
19.10978267029973
 10
171.52945373297
 20
19.16293580381471
 10
171.5333986920981
 20
19.22107204359673
 10
171.5333986920981
 20
19.22107204359673
 10
171.5265469209809
 20
19.30183989100817
 10
171.5059916076294
 20
19.3713957493188
 10
171.5059916076294
 20
19.3713957493188
 10
171.4719403814714
 20
19.43077776566757
 10
171.4246008719346
 20
19.47936305177111
 10
171.4246008719346
 20
19.47936305177111
 10
171.3631425613079
 20
19.51715160762943
 10
171.2867349318801
 20
19.5441434332425
 10
171.2867349318801
 20
19.5441434332425
 10
171.1962085013624
 20
19.56033852861035
 10
171.0907327520436
 20
19.56573689373297
 10
171.0907327520436
 20
19.56573689373297
 10
170.7560341144414
 20
19.56573689373297
 10
170.7560341144414
 20
18.35152
 10
170.908849373297
 20
18.35152
 10
170.908849373297
 20
18.85315269754768
  0
LWPOLYLINE
  5
71C
330
1F
100
AcDbEntity
  8
TITLE_BLOCK
100
AcDbPolyline
 90
       28
 70
     1
 43
0.0
 10
170.908849373297
 20
18.98271346049046
 10
170.908849373297
 20
19.43368457765667
 10
171.0824275749319
 20
19.43368457765667
 10
171.1542673569483
 20
19.43036250681198
 10
171.2153104087193
 20
19.42039629427792
 10
171.2153104087193
 20
19.42039629427792
 10
171.265764359673
 20
19.40378594005449
 10
171.3058368392371
 20
19.38053144414169
 10
171.3058368392371
 20
19.38053144414169
 10
171.3357354768393
 20
19.35021754768392
 10
171.3573289373297
 20
19.31242899182561
 10
171.3573289373297
 20
19.31242899182561
 10
171.3704095912807
 20
19.26695814713896
 10
171.3747698092643
 20
19.21359738419618
 10
171.3747698092643
 20
19.21359738419618
 10
171.3704095912807
 20
19.15982136239782
 10
171.3573289373297
 20
19.11310474114441
 10
171.3573289373297
 20
19.11310474114441
 10
171.3363583651226
 20
19.07344752043597
 10
171.3066673569483
 20
19.04084970027248
 10
171.3066673569483
 20
19.04084970027248
 10
171.2676330245232
 20
19.01531128065395
 10
171.218632479564
 20
18.99683226158038
 10
171.218632479564
 20
18.99683226158038
 10
171.1596657220709
 20
18.98624316076294
 10
171.0907327520436
 20
18.98271346049046
 10
171.0907327520436
 20
18.98271346049046
 10
170.908849373297
 20
18.98271346049046
  0
LWPOLYLINE
  5
71D
330
1F
100
AcDbEntity
  8
TITLE_BLOCK
100
AcDbPolyline
 90
       13
 70
     1
 43
0.0
 10
172.1554564577657
 20
18.35152
 10
172.1554564577657
 20
18.43955487738419
 10
172.0126074114442
 20
18.47194506811989
 10
172.0126074114442
 20
19.44365079019073
 10
172.1554564577657
 20
19.47770201634877
 10
172.1554564577657
 20
19.56573689373297
 10
171.7169431062671
 20
19.56573689373297
 10
171.7169431062671
 20
19.47770201634877
 10
171.8597921525886
 20
19.44365079019073
 10
171.8597921525886
 20
18.47194506811989
 10
171.7169431062671
 20
18.43955487738419
 10
171.7169431062671
 20
18.35152
 10
172.1554564577657
 20
18.35152
  0
LWPOLYLINE
  5
71E
330
1F
100
AcDbEntity
  8
TITLE_BLOCK
100
AcDbPolyline
 90
        9
 70
     1
 43
0.0
 10
173.1520777111717
 20
18.35152
 10
173.3107065940055
 20
18.35152
 10
172.8373114986376
 20
19.57072
 10
172.6994455585831
 20
19.57072
 10
172.2252199455041
 20
18.35152
 10
172.379696239782
 20
18.35152
 10
172.5242063215259
 20
18.72774452316076
 10
173.0059065940055
 20
18.72774452316076
 10
173.1520777111717
 20
18.35152
  0
LWPOLYLINE
  5
71F
330
1F
100
AcDbEntity
  8
TITLE_BLOCK
100
AcDbPolyline
 90
        8
 70
     1
 43
0.0
 10
172.960228119891
 20
18.86311891008174
 10
172.5756984196186
 20
18.86311891008174
 10
172.7135643596731
 20
19.23103825613079
 10
172.7403485558583
 20
19.31761972752043
 10
172.7658869754769
 20
19.41292163487738
 10
172.7658869754769
 20
19.41292163487738
 10
172.8240232152589
 20
19.23103825613079
 10
172.960228119891
 20
18.86311891008174
  0
LWPOLYLINE
  5
720
330
1F
100
AcDbEntity
  8
TITLE_BLOCK
100
AcDbPolyline
 90
        7
 70
     1
 43
0.0
 10
173.477640653951
 20
18.35152
 10
174.1611567302453
 20
18.35152
 10
174.1611567302453
 20
18.48772490463215
 10
173.6304559128066
 20
18.48772490463215
 10
173.6304559128066
 20
19.56573689373297
 10
173.477640653951
 20
19.56573689373297
 10
173.477640653951
 20
18.35152
  0
LWPOLYLINE
  5
721
330
1F
100
AcDbEntity
  8
TITLE_BLOCK
100
AcDbPolyline
 90
       11
 70
     1
 43
0.0
 10
193.0566804359673
 20
18.33906223433242
 10
193.0566804359673
 20
18.85481373297003
 10
193.5500079564033
 20
18.85481373297003
 10
193.5500079564033
 20
18.98852708446866
 10
193.0566804359673
 20
18.98852708446866
 10
193.0566804359673
 20
19.41873525885558
 10
193.582398147139
 20
19.41873525885558
 10
193.582398147139
 20
19.55327912806539
 10
192.9038651771117
 20
19.55327912806539
 10
192.9038651771117
 20
18.33906223433242
 10
193.0566804359673
 20
18.33906223433242
  0
LWPOLYLINE
  5
722
330
1F
100
AcDbEntity
  8
TITLE_BLOCK
100
AcDbPolyline
 90
       13
 70
     1
 43
0.0
 10
194.1280482833787
 20
18.33906223433242
 10
194.1280482833787
 20
18.42709711171662
 10
193.9851992370572
 20
18.45948730245231
 10
193.9851992370572
 20
19.43119302452316
 10
194.1280482833787
 20
19.4652442506812
 10
194.1280482833787
 20
19.55327912806539
 10
193.6895349318801
 20
19.55327912806539
 10
193.6895349318801
 20
19.4652442506812
 10
193.8323839782016
 20
19.43119302452316
 10
193.8323839782016
 20
18.45948730245231
 10
193.6895349318801
 20
18.42709711171662
 10
193.6895349318801
 20
18.33906223433242
 10
194.1280482833787
 20
18.33906223433242
  0
LWPOLYLINE
  5
723
330
1F
100
AcDbEntity
  8
TITLE_BLOCK
100
AcDbPolyline
 90
       31
 70
     1
 43
0.0
 10
195.3256548228883
 20
18.33906223433242
 10
195.3256548228883
 20
19.55327912806539
 10
195.1828057765668
 20
19.55327912806539
 10
195.1828057765668
 20
18.86810201634877
 10
195.1831172207085
 20
18.83643852861035
 10
195.1840515531335
 20
18.79626223433242
 10
195.1856087738419
 20
18.74757313351499
 10
195.1877888828338
 20
18.69037122615804
 10
195.1877888828338
 20
18.69037122615804
 10
195.1900728065395
 20
18.63571277929155
 10
195.1919414713896
 20
18.59382354223433
 10
195.1933948773842
 20
18.56470351498637
 10
195.1944330245232
 20
18.54835269754768
 10
195.1944330245232
 20
18.54835269754768
 10
195.1877888828338
 20
18.54835269754768
 10
194.976006866485
 20
18.87806822888283
 10
194.5773583651226
 20
19.49431237057221
 10
194.5399850681199
 20
19.55327912806539
 10
194.3630847956403
 20
19.55327912806539
 10
194.3630847956403
 20
18.33906223433242
 10
194.5042728065395
 20
18.33906223433242
 10
194.5042728065395
 20
19.01759520435967
 10
194.5036499182561
 20
19.07573144414169
 10
194.501781253406
 20
19.13885079019073
 10
194.4986668119891
 20
19.20695324250681
 10
194.4943065940055
 20
19.28003880108992
 10
194.4943065940055
 20
19.28003880108992
 10
194.4901540054496
 20
19.34731073569482
 10
194.496798147139
 20
19.34731073569482
 10
195.1470935149864
 20
18.33906223433242
 10
195.3256548228883
 20
18.33906223433242
  0
LWPOLYLINE
  5
724
330
1F
100
AcDbEntity
  8
TITLE_BLOCK
100
AcDbPolyline
 90
       13
 70
     1
 43
0.0
 10
195.996713133515
 20
18.33906223433242
 10
195.996713133515
 20
18.42709711171662
 10
195.8538640871935
 20
18.45948730245231
 10
195.8538640871935
 20
19.43119302452316
 10
195.996713133515
 20
19.4652442506812
 10
195.996713133515
 20
19.55327912806539
 10
195.5581997820163
 20
19.55327912806539
 10
195.5581997820163
 20
19.4652442506812
 10
195.7010488283379
 20
19.43119302452316
 10
195.7010488283379
 20
18.45948730245231
 10
195.5581997820163
 20
18.42709711171662
 10
195.5581997820163
 20
18.33906223433242
 10
195.996713133515
 20
18.33906223433242
  0
LWPOLYLINE
  5
725
330
1F
100
AcDbEntity
  8
TITLE_BLOCK
100
AcDbPolyline
 90
      120
 70
     1
 43
0.0
 10
196.9202488283379
 20
18.66379465940054
 10
196.9182763487738
 20
18.7046457493188
 10
196.9123589100817
 20
18.74248621253406
 10
196.9024965122616
 20
18.77731604904632
 10
196.8886891553134
 20
18.80913525885558
 10
196.8886891553134
 20
18.80913525885558
 10
196.8484090463215
 20
18.86685623978202
 10
196.7906880653951
 20
18.9171025613079
 10
196.7906880653951
 20
18.9171025613079
 10
196.7531590463215
 20
18.94092803814714
 10
196.7070134059946
 20
18.96506495912806
 10
196.6522511444142
 20
18.98951332425068
 10
196.5888722615804
 20
19.01427313351499
 10
196.5888722615804
 20
19.01427313351499
 10
196.536134386921
 20
19.03446509536785
 10
196.4908711716621
 20
19.05351509536785
 10
196.4530826158038
 20
19.07142313351499
 10
196.422768719346
 20
19.08818920980926
 10
196.422768719346
 20
19.08818920980926
 10
196.3775055040872
 20
19.1222404359673
 10
196.3463610899182
 20
19.15961373297003
 10
196.3463610899182
 20
19.15961373297003
 10
196.3289202179837
 20
19.2044616893733
 10
196.3289202179837
 20
19.2044616893733
 10
196.3231065940055
 20
19.25927585831063
 10
196.3231065940055
 20
19.25927585831063
 10
196.3268439237057
 20
19.29851782016349
 10
196.3380559128065
 20
19.3331919346049
 10
196.3380559128065
 20
19.3331919346049
 10
196.3569501907357
 20
19.36392108991825
 10
196.383734386921
 20
19.38966713896458
 10
196.383734386921
 20
19.38966713896458
 10
196.4173703542234
 20
19.41001482288828
 10
196.4568199455041
 20
19.42454888283379
 10
196.4568199455041
 20
19.42454888283379
 10
196.5020831607629
 20
19.43326931880109
 10
196.55316
 20
19.43617613079019
 10
196.55316
 20
19.43617613079019
 10
196.6217815258856
 20
19.43212735694823
 10
196.6931022343324
 20
19.41998103542234
 10
196.7671221253406
 20
19.39973716621253
 10
196.8438411989101
 20
19.3713957493188
 10
196.8438411989101
 20
19.3713957493188
 10
196.8911807084469
 20
19.50261754768392
 10
196.8129563215259
 20
19.53241237057221
 10
196.7310984196185
 20
19.55369438692098
 10
196.6456070027248
 20
19.56646359673024
 10
196.5564820708447
 20
19.57072
 10
196.5564820708447
 20
19.57072
 10
196.4734302997275
 20
19.56532163487738
 10
196.3986837057221
 20
19.54912653950954
 10
196.3986837057221
 20
19.54912653950954
 10
196.3324499182561
 20
19.52317286103542
 10
196.2749365667575
 20
19.48683771117166
 10
196.2749365667575
 20
19.48683771117166
 10
196.2284275749319
 20
19.44095160762943
 10
196.195206866485
 20
19.38800610354223
 10
196.195206866485
 20
19.38800610354223
 10
196.1752744414169
 20
19.32800119891008
 10
196.1686302997275
 20
19.26093689373297
 10
196.1686302997275
 20
19.26093689373297
 10
196.1729905177112
 20
19.19760991825613
 10
196.1860711716621
 20
19.14051182561308
 10
196.1860711716621
 20
19.14051182561308
 10
196.2089104087194
 20
19.08964261580381
 10
196.2408853405994
 20
19.04500228882834
 10
196.2408853405994
 20
19.04500228882834
 10
196.2830341144414
 20
19.00482599455041
 10
196.3372253950954
 20
18.96734888283379
 10
196.4034591825613
 20
18.93257095367847
 10
196.4817354768392
 20
18.90049220708447
 10
196.4817354768392
 20
18.90049220708447
 10
196.5373282561308
 20
18.87946972752043
 10
196.5853425613079
 20
18.85958920980926
 10
196.6257783923706
 20
18.84085065395095
 10
196.6586357493188
 20
18.8232540599455
 10
196.6586357493188
 20
18.8232540599455
 10
196.7090897002725
 20
18.78795705722071
 10
196.7425180381472
 20
18.7501685013624
 10
196.7425180381472
 20
18.7501685013624
 10
196.7607894277929
 20
18.70532054495913
 10
196.7607894277929
 20
18.70532054495913
 10
196.7674335694823
 20
18.6505063760218
 10
196.7674335694823
 20
18.6505063760218
 10
196.7630733514986
 20
18.60711182561308
 10
196.7499926975477
 20
18.5682851226158
 10
196.7499926975477
 20
18.5682851226158
 10
196.7283992370572
 20
18.53506441416894
 10
196.698500599455
 20
18.5068268119891
 10
196.698500599455
 20
18.5068268119891
 10
196.65946626703
 20
18.48357231607629
 10
196.6121267574932
 20
18.46696196185286
 10
196.6121267574932
 20
18.46696196185286
 10
196.5571049591281
 20
18.45761863760218
 10
196.4933627247956
 20
18.45450419618528
 10
196.4933627247956
 20
18.45450419618528
 10
196.4105185831063
 20
18.45927967302452
 10
196.3214455585831
 20
18.47360610354223
 10
196.3214455585831
 20
18.47360610354223
 10
196.2336183106267
 20
18.49623771117166
 10
196.1528504632153
 20
18.52592871934605
 10
196.1528504632153
 20
18.52592871934605
 10
196.1528504632153
 20
18.37975760217984
 10
196.2179422888283
 20
18.35468634877384
 10
196.2952842506812
 20
18.3367783106267
 10
196.3848763487738
 20
18.32603348773842
 10
196.4867185831063
 20
18.32245188010899
 10
196.4867185831063
 20
18.32245188010899
 10
196.58326626703
 20
18.3280578746594
 10
196.6686019618529
 20
18.34487585831063
 10
196.6686019618529
 20
18.34487585831063
 10
196.7427256675749
 20
18.37373634877384
 10
196.8056373841962
 20
18.41380882833787
 10
196.8056373841962
 20
18.41380882833787
 10
196.8556760762943
 20
18.46363989100817
 10
196.8911807084469
 20
18.52177613079019
 10
196.8911807084469
 20
18.52177613079019
 10
196.9129817983651
 20
18.58842517711172
 10
196.9202488283379
 20
18.66379465940054
 10
196.9202488283379
 20
18.66379465940054
  0
LWPOLYLINE
  5
726
330
1F
100
AcDbEntity
  8
TITLE_BLOCK
100
AcDbPolyline
 90
       13
 70
     1
 43
0.0
 10
198.0937703542234
 20
18.33906223433242
 10
198.0937703542234
 20
19.55327912806539
 10
197.9409550953679
 20
19.55327912806539
 10
197.9409550953679
 20
19.04001918256131
 10
197.3180668119891
 20
19.04001918256131
 10
197.3180668119891
 20
19.55327912806539
 10
197.1652515531335
 20
19.55327912806539
 10
197.1652515531335
 20
18.33906223433242
 10
197.3180668119891
 20
18.33906223433242
 10
197.3180668119891
 20
18.9054753133515
 10
197.9409550953679
 20
18.9054753133515
 10
197.9409550953679
 20
18.33906223433242
 10
198.0937703542234
 20
18.33906223433242
  0
LWPOLYLINE
  5
727
330
1F
100
AcDbEntity
  8
TITLE_BLOCK
100
AcDbPolyline
 90
        9
 70
     1
 43
0.0
 10
220.1070575476839
 20
36.25852
 10
220.1070575476839
 20
37.33819302452316
 10
220.4841125885559
 20
37.33819302452316
 10
220.4841125885559
 20
37.47273689373296
 10
219.5738651771117
 20
37.47273689373296
 10
219.5738651771117
 20
37.33819302452316
 10
219.9534117711171
 20
37.33819302452316
 10
219.9534117711171
 20
36.25852
 10
220.1070575476839
 20
36.25852
  0
LWPOLYLINE
  5
728
330
1F
100
AcDbEntity
  8
TITLE_BLOCK
100
AcDbPolyline
 90
       13
 70
     1
 43
0.0
 10
221.0098302997275
 20
36.25852
 10
221.0098302997275
 20
36.34655487738419
 10
220.866981253406
 20
36.37894506811989
 10
220.866981253406
 20
37.35065079019073
 10
221.0098302997275
 20
37.38470201634877
 10
221.0098302997275
 20
37.47273689373296
 10
220.5713169482289
 20
37.47273689373296
 10
220.5713169482289
 20
37.38470201634877
 10
220.7141659945504
 20
37.35065079019073
 10
220.7141659945504
 20
36.37894506811989
 10
220.5713169482289
 20
36.34655487738419
 10
220.5713169482289
 20
36.25852
 10
221.0098302997275
 20
36.25852
  0
LWPOLYLINE
  5
729
330
1F
100
AcDbEntity
  8
TITLE_BLOCK
100
AcDbPolyline
 90
        9
 70
     1
 43
0.0
 10
221.6293965122616
 20
36.25852
 10
221.6293965122616
 20
37.33819302452316
 10
222.0064515531335
 20
37.33819302452316
 10
222.0064515531335
 20
37.47273689373296
 10
221.0962041416894
 20
37.47273689373296
 10
221.0962041416894
 20
37.33819302452316
 10
221.4757507356948
 20
37.33819302452316
 10
221.4757507356948
 20
36.25852
 10
221.6293965122616
 20
36.25852
  0
LWPOLYLINE
  5
72A
330
1F
100
AcDbEntity
  8
TITLE_BLOCK
100
AcDbPolyline
 90
        7
 70
     1
 43
0.0
 10
222.1908264850136
 20
36.25852
 10
222.8743425613079
 20
36.25852
 10
222.8743425613079
 20
36.39472490463215
 10
222.3436417438692
 20
36.39472490463215
 10
222.3436417438692
 20
37.47273689373296
 10
222.1908264850136
 20
37.47273689373296
 10
222.1908264850136
 20
36.25852
  0
LWPOLYLINE
  5
72B
330
1F
100
AcDbEntity
  8
TITLE_BLOCK
100
AcDbPolyline
 90
       13
 70
     1
 43
0.0
 10
223.7605049591281
 20
36.25852
 10
223.7605049591281
 20
36.3930638692098
 10
223.2347872479564
 20
36.3930638692098
 10
223.2347872479564
 20
36.82659411444141
 10
223.7297758038147
 20
36.82659411444141
 10
223.7297758038147
 20
36.95947694822888
 10
223.2347872479564
 20
36.95947694822888
 10
223.2347872479564
 20
37.33819302452316
 10
223.7605049591281
 20
37.33819302452316
 10
223.7605049591281
 20
37.47273689373296
 10
223.0819719891009
 20
37.47273689373296
 10
223.0819719891009
 20
36.25852
 10
223.7605049591281
 20
36.25852
  0
LWPOLYLINE
  5
72C
330
1F
100
AcDbEntity
  8
TITLE_BLOCK
 62
   254
100
AcDbPolyline
 90
        5
 70
     1
 43
0.0
 10
255.3194097547684
 20
32.8680144959128
 10
255.3194097547684
 20
38.42716784741144
 10
260.5735970027248
 20
38.42716784741144
 10
260.5735970027248
 20
32.8680144959128
 10
255.3194097547684
 20
32.8680144959128
  0
LWPOLYLINE
  5
72D
330
1F
100
AcDbEntity
  8
TITLE_BLOCK
100
AcDbPolyline
 90
        5
 70
     1
 43
0.0
 10
255.5027880653951
 20
34.99879073569482
 10
256.4914363487738
 20
34.99879073569482
 10
256.4914363487738
 20
35.31770953678473
 10
255.5027880653951
 20
35.31770953678473
 10
255.5027880653951
 20
34.99879073569482
  0
LWPOLYLINE
  5
72E
330
1F
100
AcDbEntity
  8
TITLE_BLOCK
100
AcDbPolyline
 90
        5
 70
     1
 43
0.0
 10
256.8163348773842
 20
34.99879073569482
 10
257.8049831607629
 20
34.99879073569482
 10
257.8049831607629
 20
35.31770953678473
 10
256.8163348773842
 20
35.31770953678473
 10
256.8163348773842
 20
34.99879073569482
  0
LWPOLYLINE
  5
72F
330
1F
100
AcDbEntity
  8
TITLE_BLOCK
100
AcDbPolyline
 90
        5
 70
     1
 43
0.0
 10
258.1298816893733
 20
34.99879073569482
 10
259.118529972752
 20
34.99879073569482
 10
259.118529972752
 20
35.31770953678473
 10
258.1298816893733
 20
35.31770953678473
 10
258.1298816893733
 20
34.99879073569482
  0
LWPOLYLINE
  5
730
330
1F
100
AcDbEntity
  8
TITLE_BLOCK
100
AcDbPolyline
 90
        5
 70
     1
 43
0.0
 10
259.4434285013624
 20
34.99879073569482
 10
260.4320767847411
 20
34.99879073569482
 10
260.4320767847411
 20
35.31770953678473
 10
259.4434285013624
 20
35.31770953678473
 10
259.4434285013624
 20
34.99879073569482
  0
LWPOLYLINE
  5
731
330
1F
100
AcDbEntity
  8
TITLE_BLOCK
 62
   254
100
AcDbPolyline
 90
        5
 70
     1
 43
0.0
 10
255.3194097547684
 20
28.0674144959128
 10
255.3194097547684
 20
33.62656784741144
 10
260.5735970027248
 20
33.62656784741144
 10
260.5735970027248
 20
28.0674144959128
 10
255.3194097547684
 20
28.0674144959128
  0
LWPOLYLINE
  5
732
330
1F
100
AcDbEntity
  8
TITLE_BLOCK
100
AcDbPolyline
 90
        5
 70
     1
 43
0.0
 10
255.5027880653951
 20
30.19819073569482
 10
256.4914363487738
 20
30.19819073569482
 10
256.4914363487738
 20
30.51710953678474
 10
255.5027880653951
 20
30.51710953678474
 10
255.5027880653951
 20
30.19819073569482
  0
LWPOLYLINE
  5
733
330
1F
100
AcDbEntity
  8
TITLE_BLOCK
100
AcDbPolyline
 90
        5
 70
     1
 43
0.0
 10
256.8163348773842
 20
30.19819073569482
 10
257.8049831607629
 20
30.19819073569482
 10
257.8049831607629
 20
30.51710953678474
 10
256.8163348773842
 20
30.51710953678474
 10
256.8163348773842
 20
30.19819073569482
  0
LWPOLYLINE
  5
734
330
1F
100
AcDbEntity
  8
TITLE_BLOCK
100
AcDbPolyline
 90
        5
 70
     1
 43
0.0
 10
258.1298816893733
 20
30.19819073569482
 10
259.118529972752
 20
30.19819073569482
 10
259.118529972752
 20
30.51710953678474
 10
258.1298816893733
 20
30.51710953678474
 10
258.1298816893733
 20
30.19819073569482
  0
LWPOLYLINE
  5
735
330
1F
100
AcDbEntity
  8
TITLE_BLOCK
100
AcDbPolyline
 90
        5
 70
     1
 43
0.0
 10
259.4434285013624
 20
30.19819073569482
 10
260.4320767847411
 20
30.19819073569482
 10
260.4320767847411
 20
30.51710953678474
 10
259.4434285013624
 20
30.51710953678474
 10
259.4434285013624
 20
30.19819073569482
  0
LWPOLYLINE
  5
736
330
1F
100
AcDbEntity
  8
TITLE_BLOCK
 62
   254
100
AcDbPolyline
 90
        5
 70
     1
 43
0.0
 10
255.3194097547684
 20
23.2668144959128
 10
255.3194097547684
 20
28.82596784741144
 10
260.5735970027248
 20
28.82596784741144
 10
260.5735970027248
 20
23.2668144959128
 10
255.3194097547684
 20
23.2668144959128
  0
LWPOLYLINE
  5
737
330
1F
100
AcDbEntity
  8
TITLE_BLOCK
100
AcDbPolyline
 90
        5
 70
     1
 43
0.0
 10
255.5027880653951
 20
25.39759073569482
 10
256.4914363487738
 20
25.39759073569482
 10
256.4914363487738
 20
25.71650953678474
 10
255.5027880653951
 20
25.71650953678474
 10
255.5027880653951
 20
25.39759073569482
  0
LWPOLYLINE
  5
738
330
1F
100
AcDbEntity
  8
TITLE_BLOCK
100
AcDbPolyline
 90
        5
 70
     1
 43
0.0
 10
256.8163348773842
 20
25.39759073569482
 10
257.8049831607629
 20
25.39759073569482
 10
257.8049831607629
 20
25.71650953678474
 10
256.8163348773842
 20
25.71650953678474
 10
256.8163348773842
 20
25.39759073569482
  0
LWPOLYLINE
  5
739
330
1F
100
AcDbEntity
  8
TITLE_BLOCK
100
AcDbPolyline
 90
        5
 70
     1
 43
0.0
 10
258.1298816893733
 20
25.39759073569482
 10
259.118529972752
 20
25.39759073569482
 10
259.118529972752
 20
25.71650953678474
 10
258.1298816893733
 20
25.71650953678474
 10
258.1298816893733
 20
25.39759073569482
  0
LWPOLYLINE
  5
73A
330
1F
100
AcDbEntity
  8
TITLE_BLOCK
100
AcDbPolyline
 90
        5
 70
     1
 43
0.0
 10
259.4434285013624
 20
25.39759073569482
 10
260.4320767847411
 20
25.39759073569482
 10
260.4320767847411
 20
25.71650953678474
 10
259.4434285013624
 20
25.71650953678474
 10
259.4434285013624
 20
25.39759073569482
  0
LWPOLYLINE
  5
73B
330
1F
100
AcDbEntity
  8
TITLE_BLOCK
100
AcDbPolyline
 90
      120
 70
     1
 43
0.0
 10
220.0520108337875
 20
20.96963572752044
 10
220.0504328501363
 20
21.00231659945504
 10
220.0456988991826
 20
21.03258897002725
 10
220.0378089809265
 20
21.06045283923706
 10
220.0267630953679
 20
21.08590820708447
 10
220.0267630953679
 20
21.08590820708447
 10
219.9945390081744
 20
21.13208499182561
 10
219.9483622234333
 20
21.17228204904632
 10
219.9483622234333
 20
21.17228204904632
 10
219.9183390081744
 20
21.19134243051771
 10
219.8814224959128
 20
21.21065196730245
 10
219.8376126866485
 20
21.23021065940055
 10
219.7869095803815
 20
21.25001850681199
 10
219.7869095803815
 20
21.25001850681199
 10
219.744719280654
 20
21.26617207629428
 10
219.7085087084469
 20
21.28141207629428
 10
219.6782778637602
 20
21.29573850681199
 10
219.654026746594
 20
21.30915136784741
 10
219.654026746594
 20
21.30915136784741
 10
219.6178161743869
 20
21.33639234877384
 10
219.5929006430518
 20
21.36629098637602
 10
219.5929006430518
 20
21.36629098637602
 10
219.5789479455041
 20
21.40216935149864
 10
219.5789479455041
 20
21.40216935149864
 10
219.5742970463216
 20
21.4460206866485
 10
219.5742970463216
 20
21.4460206866485
 10
219.5772869100818
 20
21.47741425613079
 10
219.5862565013624
 20
21.50515354768392
 10
219.5862565013624
 20
21.50515354768392
 10
219.6013719237058
 20
21.52973687193461
 10
219.622799280654
 20
21.55033371117166
 10
219.622799280654
 20
21.55033371117166
 10
219.6497080544959
 20
21.56661185831063
 10
219.6812677275205
 20
21.57823910626703
 10
219.6812677275205
 20
21.57823910626703
 10
219.7174782997275
 20
21.58521545504087
 10
219.7583397711172
 20
21.58754090463215
 10
219.7583397711172
 20
21.58754090463215
 10
219.8132369918256
 20
21.58430188555858
 10
219.8702935585831
 20
21.57458482833788
 10
219.9295094713897
 20
21.55838973297003
 10
219.9908847302453
 20
21.53571659945504
 10
219.9908847302453
 20
21.53571659945504
 10
220.0287563378747
 20
21.64069403814714
 10
219.9661768283379
 20
21.66452989645777
 10
219.900690506812
 20
21.68155550953679
 10
219.832297373297
 20
21.6917708773842
 10
219.7609974277929
 20
21.695176
 10
219.7609974277929
 20
21.695176
 10
219.6945560108992
 20
21.69085730790191
 10
219.6347587356948
 20
21.67790123160763
 10
219.6347587356948
 20
21.67790123160763
 10
219.5817717057221
 20
21.65713828882834
 10
219.5357610245232
 20
21.62807016893733
 10
219.5357610245232
 20
21.62807016893733
 10
219.4985538310627
 20
21.59136128610355
 10
219.4719772643052
 20
21.54900488283379
 10
219.4719772643052
 20
21.54900488283379
 10
219.4560313242507
 20
21.50100095912807
 10
219.4507160108992
 20
21.44734951498638
 10
219.4507160108992
 20
21.44734951498638
 10
219.4542041852861
 20
21.39668793460491
 10
219.4646687084469
 20
21.35100946049047
 10
219.4646687084469
 20
21.35100946049047
 10
219.4829400980927
 20
21.31031409264305
 10
219.5085200435967
 20
21.27460183106267
 10
219.5085200435967
 20
21.27460183106267
 10
219.5422390626703
 20
21.24246079564033
 10
219.5855920871935
 20
21.21247910626703
 10
219.6385791171662
 20
21.18465676294278
 10
219.7012001525886
 20
21.15899376566758
 10
219.7012001525886
 20
21.15899376566758
 10
219.7456743760218
 20
21.14217578201635
 10
219.7840858201635
 20
21.12627136784741
 10
219.8164344850136
 20
21.11128052316077
 10
219.8427203705722
 20
21.0972032479564
 10
219.8427203705722
 20
21.0972032479564
 10
219.8830835313352
 20
21.06896564577657
 10
219.9098262016349
 20
21.03873480108992
 10
219.9098262016349
 20
21.03873480108992
 10
219.9244433133515
 20
21.0028564359673
 10
219.9244433133515
 20
21.0028564359673
 10
219.929758626703
 20
20.95900510081744
 10
219.929758626703
 20
20.95900510081744
 10
219.9262704523161
 20
20.92428946049046
 10
219.9158059291553
 20
20.89322809809265
 10
219.9158059291553
 20
20.89322809809265
 10
219.898531160763
 20
20.86665153133515
 10
219.8746122506812
 20
20.84406144959128
 10
219.8746122506812
 20
20.84406144959128
 10
219.8433847847412
 20
20.82545785286104
 10
219.8055131771117
 20
20.81216956948229
 10
219.8055131771117
 20
20.81216956948229
 10
219.7614957384197
 20
20.80469491008175
 10
219.7105019509537
 20
20.80220335694823
 10
219.7105019509537
 20
20.80220335694823
 10
219.6442266376022
 20
20.80602373841962
 10
219.5729682179837
 20
20.81748488283379
 10
219.5729682179837
 20
20.81748488283379
 10
219.5027064196186
 20
20.83559016893733
 10
219.4380921416894
 20
20.85934297547684
 10
219.4380921416894
 20
20.85934297547684
 10
219.4380921416894
 20
20.74240608174387
 10
219.4901656021799
 20
20.72234907901908
 10
219.5520391716622
 20
20.70802264850136
 10
219.6237128501363
 20
20.69942679019074
 10
219.7051866376022
 20
20.6965615040872
 10
219.7051866376022
 20
20.6965615040872
 10
219.7824247847412
 20
20.70104629972752
 10
219.8506933405995
 20
20.7145006866485
 10
219.8506933405995
 20
20.7145006866485
 10
219.9099923051771
 20
20.73758907901907
 10
219.9603216784741
 20
20.7696470626703
 10
219.9603216784741
 20
20.7696470626703
 10
220.0003526321526
 20
20.80951191280654
 10
220.0287563378747
 20
20.85602090463215
 10
220.0287563378747
 20
20.85602090463215
 10
220.0461972098093
 20
20.90934014168937
 10
220.0520108337875
 20
20.96963572752044
 10
220.0520108337875
 20
20.96963572752044
  0
LWPOLYLINE
  5
73C
330
1F
100
AcDbEntity
  8
TITLE_BLOCK
100
AcDbPolyline
 90
       13
 70
     1
 43
0.0
 10
220.5210872370573
 20
20.70984978746594
 10
220.5210872370573
 20
20.7802776893733
 10
220.406808
 20
20.80618984196185
 10
220.406808
 20
21.58355441961853
 10
220.5210872370573
 20
21.61079540054496
 10
220.5210872370573
 20
21.68122330245232
 10
220.1702765558583
 20
21.68122330245232
 10
220.1702765558583
 20
21.61079540054496
 10
220.2845557929156
 20
21.58355441961853
 10
220.2845557929156
 20
20.80618984196185
 10
220.1702765558583
 20
20.7802776893733
 10
220.1702765558583
 20
20.70984978746594
 10
220.5210872370573
 20
20.70984978746594
  0
LWPOLYLINE
  5
73D
330
1F
100
AcDbEntity
  8
TITLE_BLOCK
100
AcDbPolyline
 90
       11
 70
     1
 43
0.0
 10
221.3024382997275
 20
20.70984978746594
 10
221.3024382997275
 20
20.81881371117166
 10
220.7768866920981
 20
20.81881371117166
 10
221.2884856021799
 20
21.58886973297003
 10
221.2884856021799
 20
21.68122330245232
 10
220.6446682724796
 20
21.68122330245232
 10
220.6446682724796
 20
21.57225937874659
 10
221.1403212425068
 20
21.57225937874659
 10
220.6287223324251
 20
20.80220335694823
 10
220.6287223324251
 20
20.70984978746594
 10
221.3024382997275
 20
20.70984978746594
  0
LWPOLYLINE
  5
73E
330
1F
100
AcDbEntity
  8
TITLE_BLOCK
100
AcDbPolyline
 90
       13
 70
     1
 43
0.0
 10
222.0299718147139
 20
20.70984978746594
 10
222.0299718147139
 20
20.81748488283379
 10
221.6093976457766
 20
20.81748488283379
 10
221.6093976457766
 20
21.16430907901907
 10
222.0053884904632
 20
21.16430907901907
 10
222.0053884904632
 20
21.27061534604905
 10
221.6093976457766
 20
21.27061534604905
 10
221.6093976457766
 20
21.57358820708447
 10
222.0299718147139
 20
21.57358820708447
 10
222.0299718147139
 20
21.68122330245232
 10
221.4871454386921
 20
21.68122330245232
 10
221.4871454386921
 20
20.70984978746594
 10
222.0299718147139
 20
20.70984978746594
  0
LWPOLYLINE
  5
73F
330
1F
100
AcDbEntity
  8
TITLE_BLOCK
 62
   254
100
AcDbPolyline
 90
        5
 70
     1
 43
0.0
 10
220.6190509536785
 20
15.43677656675749
 10
220.6190509536785
 20
22.38571825613079
 10
226.7981027247957
 20
22.38571825613079
 10
226.7981027247957
 20
15.43677656675749
 10
220.6190509536785
 20
15.43677656675749
  0
LWPOLYLINE
  5
740
330
1F
100
AcDbEntity
  8
TITLE_BLOCK
100
AcDbPolyline
 90
        9
 70
     1
 43
0.0
 10
223.4245397820164
 20
16.93170844686648
 10
223.9004264305177
 20
16.93170844686648
 10
222.4802411444142
 20
20.58930844686648
 10
222.0666433242507
 20
20.58930844686648
 10
220.6439664850137
 20
16.93170844686648
 10
221.1073953678475
 20
16.93170844686648
 10
221.5409256130791
 20
18.06038201634877
 10
222.9860264305177
 20
18.06038201634877
 10
223.4245397820164
 20
16.93170844686648
  0
LWPOLYLINE
  5
741
330
1F
100
AcDbEntity
  8
TITLE_BLOCK
100
AcDbPolyline
 90
        8
 70
     1
 43
0.0
 10
222.8489910081744
 20
18.46650517711171
 10
221.695401907357
 20
18.46650517711171
 10
222.1089997275205
 20
19.57026321525885
 10
222.1893523160763
 20
19.83000762942779
 10
222.2659675749319
 20
20.11591335149864
 10
222.2659675749319
 20
20.11591335149864
 10
222.440376294278
 20
19.57026321525885
 10
222.8489910081744
 20
18.46650517711171
  0
LWPOLYLINE
  5
742
330
1F
100
AcDbEntity
  8
TITLE_BLOCK
100
AcDbPolyline
 90
       12
 70
     1
 43
0.0
 10
226.7208645776567
 20
17.75890408719346
 10
226.7208645776567
 20
18.16253569482289
 10
226.1926553133515
 20
18.16253569482289
 10
226.1926553133515
 20
20.59429155313351
 10
225.7267348773842
 20
20.59429155313351
 10
224.0125463215259
 20
18.14011171662125
 10
224.0125463215259
 20
17.75890408719346
 10
225.7566335149864
 20
17.75890408719346
 10
225.7566335149864
 20
16.93170844686648
 10
226.1926553133515
 20
16.93170844686648
 10
226.1926553133515
 20
17.75890408719346
 10
226.7208645776567
 20
17.75890408719346
  0
LWPOLYLINE
  5
743
330
1F
100
AcDbEntity
  8
TITLE_BLOCK
100
AcDbPolyline
 90
       16
 70
     1
 43
0.0
 10
225.7566335149864
 20
18.16253569482289
 10
224.4510596730246
 20
18.16253569482289
 10
225.5423599455041
 20
19.71726485013624
 10
225.6002885558584
 20
19.80571498637602
 10
225.6644460490464
 20
19.92157220708447
 10
225.6644460490464
 20
19.92157220708447
 10
225.7236204359673
 20
20.0349378746594
 10
225.7616166212534
 20
20.11591335149864
 10
225.7616166212534
 20
20.11591335149864
 10
225.7840405994551
 20
20.11591335149864
 10
225.77205
 20
19.89073923705722
 10
225.7634852861036
 20
19.68113732970027
 10
225.7583464577657
 20
19.48710762942779
 10
225.7566335149864
 20
19.30865013623978
 10
225.7566335149864
 20
19.30865013623978
 10
225.7566335149864
 20
18.16253569482289
  0
LWPOLYLINE
  5
744
330
1F
100
AcDbEntity
  8
TITLE_BLOCK
100
AcDbPolyline
 90
       44
 70
     1
 43
0.0
 10
229.741121133515
 20
21.20350951498638
 10
229.7391278910082
 20
21.25869741689373
 10
229.7331481634878
 20
21.31064629972752
 10
229.7231819509537
 20
21.35935616348774
 10
229.709229253406
 20
21.40482700817439
 10
229.709229253406
 20
21.40482700817439
 10
229.6916222779292
 20
21.44710035967303
 10
229.6700288174387
 20
21.48621774386921
 10
229.6444488719346
 20
21.52217916076294
 10
229.6148824414169
 20
21.55498461035423
 10
229.6148824414169
 20
21.55498461035423
 10
229.5817447847411
 20
21.58426035967302
 10
229.545451160763
 20
21.60963267574932
 10
229.5060015694823
 20
21.63110155858311
 10
229.4633960108992
 20
21.64866700817439
 10
229.4633960108992
 20
21.64866700817439
 10
229.4176760108992
 20
21.66232902452316
 10
229.3688830953679
 20
21.67208760762943
 10
229.3170172643052
 20
21.67794275749319
 10
229.2620785177112
 20
21.67989447411444
 10
229.2620785177112
 20
21.67989447411444
 10
228.9630921416894
 20
21.67989447411444
 10
228.9630921416894
 20
20.70852095912807
 10
229.2335087084469
 20
20.70852095912807
 10
229.2928907247957
 20
20.71047267574932
 10
229.3487845667575
 20
20.71632782561308
 10
229.4011902343324
 20
20.72608640871935
 10
229.4501077275204
 20
20.73974842506812
 10
229.4501077275204
 20
20.73974842506812
 10
229.4952048392371
 20
20.75768760762943
 10
229.5368137765668
 20
20.77961327520436
 10
229.5749345395095
 20
20.80552542779292
 10
229.6095671280654
 20
20.8354240653951
 10
229.6095671280654
 20
20.8354240653951
 10
229.6403793351499
 20
20.86906003269755
 10
229.6670389536785
 20
20.90618417438692
 10
229.6895459836512
 20
20.94679649046321
 10
229.7079004250681
 20
20.99089698092643
 10
229.7079004250681
 20
20.99089698092643
 10
229.7224344850137
 20
21.03881785286104
 10
229.7328159564033
 20
21.09022689918256
 10
229.7390448392371
 20
21.14512411989101
 10
229.741121133515
 20
21.20350951498638
 10
229.741121133515
 20
21.20350951498638
  0
LWPOLYLINE
  5
745
330
1F
100
AcDbEntity
  8
TITLE_BLOCK
100
AcDbPolyline
 90
       44
 70
     1
 43
0.0
 10
229.6122247847412
 20
21.19952302997275
 10
229.6106468010899
 20
21.15255725340599
 10
229.6059128501363
 20
21.10866439237057
 10
229.5980229318801
 20
21.06784444686648
 10
229.5869770463216
 20
21.03009741689374
 10
229.5869770463216
 20
21.03009741689374
 10
229.5731489264305
 20
20.99542330245232
 10
229.5562478910082
 20
20.96382210354223
 10
229.5362739400545
 20
20.93529382016349
 10
229.5132270735695
 20
20.90983845231608
 10
229.5132270735695
 20
20.90983845231608
 10
229.4870657656676
 20
20.88712379291553
 10
229.4577484904632
 20
20.86748204904632
 10
229.4252752479564
 20
20.85091322070845
 10
229.3896460381472
 20
20.83741730790191
 10
229.3896460381472
 20
20.83741730790191
 10
229.3512345940055
 20
20.82695278474115
 10
229.3097502343324
 20
20.8194781253406
 10
229.2651929591281
 20
20.81499332970027
 10
229.2175627683924
 20
20.81349839782017
 10
229.2175627683924
 20
20.81349839782017
 10
229.0853443487738
 20
20.81349839782017
 10
229.0853443487738
 20
21.57558144959128
 10
229.2448037493188
 20
21.57558144959128
 10
229.2894856021798
 20
21.57408651771117
 10
229.3311775912807
 20
21.56960172207085
 10
229.3698797166213
 20
21.5621270626703
 10
229.4055919782016
 20
21.55166253950954
 10
229.4055919782016
 20
21.55166253950954
 10
229.4386881089918
 20
21.53820815258856
 10
229.4688774277929
 20
21.52176390190736
 10
229.4961599346049
 20
21.50232978746594
 10
229.5205356294278
 20
21.47990580926431
 10
229.5205356294278
 20
21.47990580926431
 10
229.5420045122616
 20
21.45461654495913
 10
229.5605665831063
 20
21.42658657220709
 10
229.5762218419619
 20
21.39581589100818
 10
229.5889702888284
 20
21.3623045013624
 10
229.5889702888284
 20
21.3623045013624
 10
229.5991441307902
 20
21.32572019618529
 10
229.6064111607629
 20
21.28639518256131
 10
229.6107713787466
 20
21.24432946049046
 10
229.6122247847412
 20
21.19952302997275
 10
229.6122247847412
 20
21.19952302997275
  0
LWPOLYLINE
  5
746
330
1F
100
AcDbEntity
  8
TITLE_BLOCK
100
AcDbPolyline
 90
       38
 70
     1
 43
0.0
 10
230.8134856021799
 20
20.70852095912807
 10
231.0719427138965
 20
21.67989447411444
 10
230.9443751934605
 20
21.67989447411444
 10
230.7942175912807
 20
21.08790144959128
 10
230.7775657111717
 20
21.02054646321526
 10
230.7641528501363
 20
20.95933730790191
 10
230.7539790081744
 20
20.90427398365123
 10
230.7470441852861
 20
20.85535649046322
 10
230.7470441852861
 20
20.85535649046322
 10
230.7244541035423
 20
20.97329000544959
 10
230.6938910517711
 20
21.08923027792915
 10
230.6938910517711
 20
21.08923027792915
 10
230.515163640327
 20
21.67989447411444
 10
230.3889249482289
 20
21.67989447411444
 10
230.2175060926431
 20
21.09388117711172
 10
230.1859464196185
 20
20.9694696239782
 10
230.165681787466
 20
20.85535649046322
 10
230.165681787466
 20
20.85535649046322
 10
230.1460815694823
 20
20.97063234877384
 10
230.1191727956403
 20
21.08657262125341
 10
230.1191727956403
 20
21.08657262125341
 10
229.9683507792916
 20
21.67989447411444
 10
229.8407832588556
 20
21.67989447411444
 10
230.0979115422344
 20
20.70852095912807
 10
230.2214925776567
 20
20.70852095912807
 10
230.4048708882834
 20
21.3410432479564
 10
230.4212320871935
 20
21.39814134059946
 10
230.4344373188011
 20
21.44984106811989
 10
230.4444865831063
 20
21.49614243051771
 10
230.451379880109
 20
21.53704542779291
 10
230.451379880109
 20
21.53704542779291
 10
230.4571935040872
 20
21.50635779836512
 10
230.4673258201635
 20
21.46412597275204
 10
230.4817768283379
 20
21.41034995095368
 10
230.5005465286104
 20
21.34502973297003
 10
230.5005465286104
 20
21.34502973297003
 10
230.6899045667575
 20
20.70852095912807
 10
230.8134856021799
 20
20.70852095912807
  0
LWPOLYLINE
  5
747
330
1F
100
AcDbEntity
  8
TITLE_BLOCK
100
AcDbPolyline
 90
      100
 70
     1
 43
0.0
 10
231.6440033133515
 20
21.22144869754769
 10
231.6440033133515
 20
21.11248477384196
 10
231.8572802615804
 20
21.11248477384196
 10
231.8572802615804
 20
20.82412902452316
 10
231.7630995531335
 20
20.80668815258856
 10
231.6665933950954
 20
20.80087452861035
 10
231.6665933950954
 20
20.80087452861035
 10
231.6231157929156
 20
20.80241098637602
 10
231.5823788991826
 20
20.80702035967303
 10
231.5443827138965
 20
20.81470264850136
 10
231.5091272370572
 20
20.82545785286104
 10
231.5091272370572
 20
20.82545785286104
 10
231.4762802615804
 20
20.83965970572207
 10
231.4461739945504
 20
20.85701752588556
 10
231.4188084359673
 20
20.8775313133515
 10
231.3941835858311
 20
20.90120106811989
 10
231.3941835858311
 20
20.90120106811989
 10
231.3720918147139
 20
20.92757000544959
 10
231.352989907357
 20
20.95684575476839
 10
231.3368778637602
 20
20.98902831607629
 10
231.3237556839237
 20
21.0241176893733
 10
231.3237556839237
 20
21.0241176893733
 10
231.3135818419619
 20
21.06240455585831
 10
231.3063148119891
 20
21.10351518256131
 10
231.3019545940055
 20
21.14744956948229
 10
231.3005011880109
 20
21.19420771662125
 10
231.3005011880109
 20
21.19420771662125
 10
231.3064809155314
 20
21.28041545504087
 10
231.3244200980927
 20
21.3569891880109
 10
231.3244200980927
 20
21.3569891880109
 10
231.3382482179837
 20
21.39166330245232
 10
231.355149253406
 20
21.42392891553133
 10
231.3751232043597
 20
21.45378602724796
 10
231.3981700708447
 20
21.48123463760218
 10
231.3981700708447
 20
21.48123463760218
 10
231.4236254386921
 20
21.50581796185286
 10
231.4514893079019
 20
21.52707921525885
 10
231.4817616784741
 20
21.54501839782017
 10
231.5144425504087
 20
21.55963550953679
 10
231.5144425504087
 20
21.55963550953679
 10
231.5495319237058
 20
21.57126275749319
 10
231.5870297983651
 20
21.57956793460491
 10
231.6269361743869
 20
21.58455104087194
 10
231.6692510517711
 20
21.58621207629428
 10
231.6692510517711
 20
21.58621207629428
 10
231.7307508882834
 20
21.58272390190736
 10
231.7929981907357
 20
21.57225937874659
 10
231.8559929591281
 20
21.55481850681199
 10
231.9197351934605
 20
21.53040128610354
 10
231.9197351934605
 20
21.53040128610354
 10
231.9662441852861
 20
21.63670755313352
 10
231.8978095258856
 20
21.66170613623978
 10
231.8267172098093
 20
21.67956226702997
 10
231.7529672370572
 20
21.69027594550409
 10
231.6765596076295
 20
21.69384717166212
 10
231.6765596076295
 20
21.69384717166212
 10
231.6016884359673
 20
21.6900683160763
 10
231.5318834223434
 20
21.6787317493188
 10
231.4671445667575
 20
21.65983747138965
 10
231.4074718692098
 20
21.63338548228883
 10
231.4074718692098
 20
21.63338548228883
 10
231.3538204250681
 20
21.59999867029973
 10
231.3071453297003
 20
21.55963550953679
 10
231.3071453297003
 20
21.55963550953679
 10
231.2667821689374
 20
21.51312651771117
 10
231.2333953569483
 20
21.45997338419619
 10
231.2333953569483
 20
21.45997338419619
 10
231.2069433678474
 20
21.40075747138965
 10
231.1880490899183
 20
21.33672455585831
 10
231.1767125231608
 20
21.26787463760218
 10
231.172933667575
 20
21.19420771662125
 10
231.172933667575
 20
21.19420771662125
 10
231.1748023324251
 20
21.13673589100818
 10
231.1804083269755
 20
21.08258613623978
 10
231.1897516512262
 20
21.03175845231608
 10
231.2028323051771
 20
20.98425283923706
 10
231.2028323051771
 20
20.98425283923706
 10
231.2200240217984
 20
20.94002777111717
 10
231.241036119891
 20
20.89904172207084
 10
231.2658685994551
 20
20.86129469209809
 10
231.2945214604905
 20
20.82678668119891
 10
231.2945214604905
 20
20.82678668119891
 10
231.3263302888284
 20
20.79593294822888
 10
231.3612950844687
 20
20.7691487520436
 10
231.3994158474115
 20
20.74643409264305
 10
231.4406925776567
 20
20.72778897002725
 10
231.4406925776567
 20
20.72778897002725
 10
231.4854159564033
 20
20.71354559128065
 10
231.5332122506812
 20
20.7033717493188
 10
231.5840814604905
 20
20.69726744414169
 10
231.6380235858311
 20
20.69523267574932
 10
231.6380235858311
 20
20.69523267574932
 10
231.7366890899183
 20
20.69838864305177
 10
231.8227307247957
 20
20.70785654495913
 10
231.8227307247957
 20
20.70785654495913
 10
231.9017960108992
 20
20.72347027792916
 10
231.9795324686649
 20
20.74506373841962
 10
231.9795324686649
 20
20.74506373841962
 10
231.9795324686649
 20
21.22144869754769
 10
231.6440033133515
 20
21.22144869754769
  0
LWPOLYLINE
  5
748
330
1F
100
AcDbEntity
  8
TITLE_BLOCK
100
AcDbPolyline
 90
       31
 70
     1
 43
0.0
 10
233.3362662016349
 20
20.70852095912807
 10
233.3362662016349
 20
21.67989447411444
 10
233.2219869645777
 20
21.67989447411444
 10
233.2219869645777
 20
21.13175278474115
 10
233.2222361198911
 20
21.10642199455041
 10
233.2229835858311
 20
21.07428095912807
 10
233.2242293623979
 20
21.03532967847411
 10
233.2259734495913
 20
20.98956815258856
 10
233.2259734495913
 20
20.98956815258856
 10
233.2278005885559
 20
20.94584139509537
 10
233.229295520436
 20
20.91233000544959
 10
233.2304582452316
 20
20.88903398365123
 10
233.2312887629428
 20
20.87595332970027
 10
233.2312887629428
 20
20.87595332970027
 10
233.2259734495913
 20
20.87595332970027
 10
233.0565478365123
 20
21.13972575476839
 10
232.7376290354224
 20
21.63272106811989
 10
232.7077303978202
 20
21.67989447411444
 10
232.5662101798365
 20
21.67989447411444
 10
232.5662101798365
 20
20.70852095912807
 10
232.6791605885559
 20
20.70852095912807
 10
232.6791605885559
 20
21.25134733514987
 10
232.6786622779292
 20
21.29785632697548
 10
232.6771673460491
 20
21.34835180381472
 10
232.6746757929156
 20
21.40283376566758
 10
232.6711876185286
 20
21.46130221253406
 10
232.6711876185286
 20
21.46130221253406
 10
232.667865547684
 20
21.51511976021798
 10
232.6731808610355
 20
21.51511976021798
 10
233.1934171553134
 20
20.70852095912807
 10
233.3362662016349
 20
20.70852095912807
  0
LWPOLYLINE
  5
749
330
1F
100
AcDbEntity
  8
TITLE_BLOCK
100
AcDbPolyline
 90
       81
 70
     1
 43
0.0
 10
234.4478311062671
 20
21.19553654495913
 10
234.4459624414169
 20
21.25242700817439
 10
234.4403564468665
 20
21.30616150408719
 10
234.4310131226158
 20
21.35674003269755
 10
234.4179324686649
 20
21.40416259400545
 10
234.4179324686649
 20
21.40416259400545
 10
234.4014882179837
 20
21.4484291880109
 10
234.3813896893733
 20
21.4895398147139
 10
234.3576368828338
 20
21.52749447411444
 10
234.3302297983652
 20
21.56229316621253
 10
234.3302297983652
 20
21.56229316621253
 10
234.2992099618529
 20
21.59343758038147
 10
234.2652833133515
 20
21.62042940599455
 10
234.2284498528611
 20
21.64326864305177
 10
234.1887095803815
 20
21.66195529155313
 10
234.1887095803815
 20
21.66195529155313
 10
234.1463531771118
 20
21.67648935149864
 10
234.1010069100818
 20
21.68687082288828
 10
234.0526707792916
 20
21.69309970572207
 10
234.0013447847412
 20
21.695176
 10
234.0013447847412
 20
21.695176
 10
233.9484408065395
 20
21.69309970572207
 10
233.8986927956404
 20
21.68687082288828
 10
233.8521007520436
 20
21.67648935149864
 10
233.8086646757494
 20
21.66195529155313
 10
233.8086646757494
 20
21.66195529155313
 10
233.7686752479565
 20
21.6436423760218
 10
233.7317587356949
 20
21.62125992370572
 10
233.6979151389646
 20
21.5948079346049
 10
233.6671444577657
 20
21.56428640871935
 10
233.6671444577657
 20
21.56428640871935
 10
233.639737373297
 20
21.53002755313351
 10
233.6159845667575
 20
21.49236357493188
 10
233.5958860381472
 20
21.45129447411444
 10
233.579441787466
 20
21.4068202506812
 10
233.579441787466
 20
21.4068202506812
 10
233.5669424959129
 20
21.35931463760218
 10
233.5580144305177
 20
21.30848695367848
 10
233.5526575912807
 20
21.25433719891008
 10
233.5508719782017
 20
21.196865373297
 10
233.5508719782017
 20
21.196865373297
 10
233.5526991171662
 20
21.13872913351499
 10
233.55818053406
 20
21.08391496457766
 10
233.5673162288829
 20
21.03242286648501
 10
233.5801062016349
 20
20.98425283923706
 10
233.5801062016349
 20
20.98425283923706
 10
233.5965504523161
 20
20.93973708991826
 10
233.6166489809265
 20
20.89854341144414
 10
233.640401787466
 20
20.86067180381471
 10
233.6678088719347
 20
20.82612226702997
 10
233.6678088719347
 20
20.82612226702997
 10
233.6985795531336
 20
20.7953100599455
 10
233.7324231498638
 20
20.7686504414169
 10
233.7693396621254
 20
20.74614341144414
 10
233.8093290899183
 20
20.72778897002725
 10
233.8093290899183
 20
20.72778897002725
 10
233.8523914332426
 20
20.71354559128065
 10
233.8985266920981
 20
20.7033717493188
 10
233.9477348664851
 20
20.69726744414169
 10
234.0000159564033
 20
20.69523267574932
 10
234.0000159564033
 20
20.69523267574932
 10
234.0513834768393
 20
20.69730897002725
 10
234.0998441852861
 20
20.70353785286104
 10
234.1453980817439
 20
20.71391932425068
 10
234.1880451662126
 20
20.72845338419619
 10
234.1880451662126
 20
20.72845338419619
 10
234.2277854386921
 20
20.74718155858311
 10
234.2646188991826
 20
20.770145373297
 10
234.298545547684
 20
20.79734482833787
 10
234.3295653841962
 20
20.82877992370572
 10
234.3295653841962
 20
20.82877992370572
 10
234.3572631498638
 20
20.86357861580381
 10
234.3812235858311
 20
20.90153327520436
 10
234.4014466920981
 20
20.94264390190736
 10
234.4179324686649
 20
20.98691049591281
 10
234.4179324686649
 20
20.98691049591281
 10
234.4310131226158
 20
21.03433305722071
 10
234.4403564468665
 20
21.08491158583106
 10
234.4459624414169
 20
21.13864608174387
 10
234.4478311062671
 20
21.19553654495913
 10
234.4478311062671
 20
21.19553654495913
  0
LWPOLYLINE
  5
74A
330
1F
100
AcDbEntity
  8
TITLE_BLOCK
100
AcDbPolyline
 90
       69
 70
     1
 43
0.0
 10
233.6797683269755
 20
21.19553654495913
 10
233.6847514332426
 20
21.28556466485014
 10
233.6997007520436
 20
21.36429774386921
 10
233.6997007520436
 20
21.36429774386921
 10
233.72544680109
 20
21.43156967847412
 10
233.7614912697548
 20
21.48721436512261
 10
233.7614912697548
 20
21.48721436512261
 10
233.7829601525886
 20
21.5105934386921
 10
233.8068375367848
 20
21.53089959673025
 10
233.8331234223434
 20
21.54813283923706
 10
233.8618178092644
 20
21.56229316621253
 10
233.8618178092644
 20
21.56229316621253
 10
233.8932113787466
 20
21.57333905177112
 10
233.9269303978202
 20
21.58122897002725
 10
233.962974866485
 20
21.58596292098093
 10
234.0013447847412
 20
21.58754090463215
 10
234.0013447847412
 20
21.58754090463215
 10
234.0390502888284
 20
21.58596292098093
 10
234.0744303433243
 20
21.58122897002725
 10
234.1074849482289
 20
21.57333905177112
 10
234.1382141035423
 20
21.56229316621253
 10
234.1382141035423
 20
21.56229316621253
 10
234.1926960653951
 20
21.53156401089918
 10
234.2378762288829
 20
21.48854319346049
 10
234.2378762288829
 20
21.48854319346049
 10
234.2565628773842
 20
21.46242341144414
 10
234.2727579727521
 20
21.43323071389646
 10
234.2864615149864
 20
21.40096510081744
 10
234.2976735040872
 20
21.36562657220708
 10
234.2976735040872
 20
21.36562657220708
 10
234.3066846212535
 20
21.32758886103542
 10
234.313121133515
 20
21.28656128610354
 10
234.316983040872
 20
21.24254384741144
 10
234.3182703433243
 20
21.19553654495913
 10
234.3182703433243
 20
21.19553654495913
 10
234.316983040872
 20
21.14819703542234
 10
234.313121133515
 20
21.10384738964578
 10
234.3066846212535
 20
21.06248760762943
 10
234.2976735040872
 20
21.0241176893733
 10
234.2976735040872
 20
21.0241176893733
 10
234.2864199891009
 20
20.98873763487738
 10
234.2725918692099
 20
20.95634744414169
 10
234.2561891444142
 20
20.92694711716621
 10
234.2372118147139
 20
20.90053665395095
 10
234.2372118147139
 20
20.90053665395095
 10
234.2157429318802
 20
20.87715758038147
 10
234.191865547684
 20
20.85685142234333
 10
234.1655796621254
 20
20.83961817983651
 10
234.1368852752044
 20
20.82545785286104
 10
234.1368852752044
 20
20.82545785286104
 10
234.0731015149864
 20
20.80702035967303
 10
234.0000159564033
 20
20.80087452861035
 10
234.0000159564033
 20
20.80087452861035
 10
233.9619782452316
 20
20.80245251226158
 10
233.9262659836513
 20
20.80718646321526
 10
233.8928791716622
 20
20.81507638147139
 10
233.8618178092644
 20
20.82612226702997
 10
233.8618178092644
 20
20.82612226702997
 10
233.8331234223434
 20
20.84032411989101
 10
233.8068375367848
 20
20.8576819400545
 10
233.7829601525886
 20
20.87819572752043
 10
233.7614912697548
 20
20.90186548228883
 10
233.7614912697548
 20
20.90186548228883
 10
233.72544680109
 20
20.95800847956403
 10
233.6997007520436
 20
21.02544651771117
 10
233.6997007520436
 20
21.02544651771117
 10
233.6847514332426
 20
21.10484401089918
 10
233.6797683269755
 20
21.19553654495913
 10
233.6797683269755
 20
21.19553654495913
  0
LWPOLYLINE
  5
74B
330
1F
100
AcDbEntity
  8
TITLE_BLOCK
100
AcDbPolyline
 90
       37
 70
     1
 43
0.0
 10
234.6278873460491
 20
20.78227093188011
 10
234.6332026594006
 20
20.74307049591281
 10
234.6332026594006
 20
20.74307049591281
 10
234.6400129046322
 20
20.72712455585831
 10
234.649813013624
 20
20.71383627247956
 10
234.649813013624
 20
20.71383627247956
 10
234.6616063651227
 20
20.7028734386921
 10
234.6757251662126
 20
20.69523267574932
 10
234.6757251662126
 20
20.69523267574932
 10
234.7109391171662
 20
20.68925294822888
 10
234.7109391171662
 20
20.68925294822888
 10
234.7468174822889
 20
20.69523267574932
 10
234.7468174822889
 20
20.69523267574932
 10
234.7616006975477
 20
20.7028734386921
 10
234.7740584632153
 20
20.71383627247956
 10
234.7740584632153
 20
20.71383627247956
 10
234.7906688174387
 20
20.74307049591281
 10
234.7906688174387
 20
20.74307049591281
 10
234.7966485449592
 20
20.78227093188011
 10
234.7966485449592
 20
20.78227093188011
 10
234.7951536130791
 20
20.80286777111717
 10
234.7906688174387
 20
20.82080695367847
 10
234.7906688174387
 20
20.82080695367847
 10
234.7740584632153
 20
20.84937676294278
 10
234.7740584632153
 20
20.84937676294278
 10
234.7468174822889
 20
20.86731594550409
 10
234.7468174822889
 20
20.86731594550409
 10
234.7109391171662
 20
20.87329567302452
 10
234.7109391171662
 20
20.87329567302452
 10
234.6750607520436
 20
20.86731594550409
 10
234.6750607520436
 20
20.86731594550409
 10
234.6491485994551
 20
20.84937676294278
 10
234.6491485994551
 20
20.84937676294278
 10
234.6332026594006
 20
20.82080695367847
 10
234.6332026594006
 20
20.82080695367847
 10
234.6278873460491
 20
20.78227093188011
 10
234.6278873460491
 20
20.78227093188011
  0
LWPOLYLINE
  5
74C
330
1F
100
AcDbEntity
  8
TITLE_BLOCK
 62
   254
100
AcDbPolyline
 90
        5
 70
     1
 43
0.0
 10
255.6148871934605
 20
15.43926811989101
 10
255.6148871934605
 20
22.3882098092643
 10
262.182621253406
 20
22.3882098092643
 10
262.182621253406
 20
15.43926811989101
 10
255.6148871934605
 20
15.43926811989101
  0
LWPOLYLINE
  5
74D
330
1F
100
AcDbEntity
  8
TITLE_BLOCK
100
AcDbPolyline
 90
        5
 70
     1
 43
0.0
 10
255.8441100817438
 20
18.10273841961853
 10
257.0799204359673
 20
18.10273841961853
 10
257.0799204359673
 20
18.50138692098093
 10
255.8441100817438
 20
18.50138692098093
 10
255.8441100817438
 20
18.10273841961853
  0
LWPOLYLINE
  5
74E
330
1F
100
AcDbEntity
  8
TITLE_BLOCK
100
AcDbPolyline
 90
        5
 70
     1
 43
0.0
 10
257.4860435967303
 20
18.10273841961853
 10
258.7218539509537
 20
18.10273841961853
 10
258.7218539509537
 20
18.50138692098093
 10
257.4860435967303
 20
18.50138692098093
 10
257.4860435967303
 20
18.10273841961853
  0
LWPOLYLINE
  5
74F
330
1F
100
AcDbEntity
  8
TITLE_BLOCK
100
AcDbPolyline
 90
        5
 70
     1
 43
0.0
 10
259.1279771117166
 20
18.10273841961853
 10
260.36378746594
 20
18.10273841961853
 10
260.36378746594
 20
18.50138692098093
 10
259.1279771117166
 20
18.50138692098093
 10
259.1279771117166
 20
18.10273841961853
  0
LWPOLYLINE
  5
750
330
1F
100
AcDbEntity
  8
TITLE_BLOCK
100
AcDbPolyline
 90
        5
 70
     1
 43
0.0
 10
260.769910626703
 20
18.10273841961853
 10
262.0057209809264
 20
18.10273841961853
 10
262.0057209809264
 20
18.50138692098093
 10
260.769910626703
 20
18.50138692098093
 10
260.769910626703
 20
18.10273841961853
  0
LWPOLYLINE
  5
751
330
1F
100
AcDbEntity
  8
TITLE_BLOCK
100
AcDbPolyline
 90
       33
 70
     1
 43
0.0
 10
290.0453443487738
 20
21.12112215803815
 10
290.2386888719346
 20
21.12112215803815
 10
290.4738914877384
 20
20.719816
 10
290.6167405340599
 20
20.719816
 10
290.3503104523161
 20
21.15500728065395
 10
290.3956567193461
 20
21.1736108773842
 10
290.4346910517711
 20
21.19620095912807
 10
290.4346910517711
 20
21.19620095912807
 10
290.4682439673024
 20
21.22277752588556
 10
290.4958171553133
 20
21.25334057765668
 10
290.4958171553133
 20
21.25334057765668
 10
290.5172445122616
 20
21.28789011444142
 10
290.5323599346049
 20
21.32642613623978
 10
290.5323599346049
 20
21.32642613623978
 10
290.5418278365123
 20
21.36894864305177
 10
290.5449838038147
 20
21.41545763487738
 10
290.5449838038147
 20
21.41545763487738
 10
290.539502386921
 20
21.48007191280654
 10
290.5230581362398
 20
21.53571659945504
 10
290.5230581362398
 20
21.53571659945504
 10
290.4958171553133
 20
21.58322221253406
 10
290.4579455476839
 20
21.62209044141689
 10
290.4579455476839
 20
21.62209044141689
 10
290.4087788991826
 20
21.65232128610354
 10
290.3476527956403
 20
21.67391474659401
 10
290.3476527956403
 20
21.67391474659401
 10
290.2752316512261
 20
21.68687082288828
 10
290.1908510517711
 20
21.69118951498638
 10
290.1908510517711
 20
21.69118951498638
 10
289.9230921416894
 20
21.69118951498638
 10
289.9230921416894
 20
20.719816
 10
290.0453443487738
 20
20.719816
 10
290.0453443487738
 20
21.12112215803815
  0
LWPOLYLINE
  5
752
330
1F
100
AcDbEntity
  8
TITLE_BLOCK
100
AcDbPolyline
 90
       28
 70
     1
 43
0.0
 10
290.0453443487738
 20
21.22477076839237
 10
290.0453443487738
 20
21.58554766212534
 10
290.1842069100817
 20
21.58554766212534
 10
290.2416787356948
 20
21.58289000544959
 10
290.2905131771117
 20
21.57491703542235
 10
290.2905131771117
 20
21.57491703542235
 10
290.3308763378747
 20
21.5616287520436
 10
290.3629343215259
 20
21.54302515531335
 10
290.3629343215259
 20
21.54302515531335
 10
290.3868532316076
 20
21.51877403814714
 10
290.404128
 20
21.48854319346049
 10
290.404128
 20
21.48854319346049
 10
290.4145925231608
 20
21.45216651771117
 10
290.4180806975477
 20
21.40947790735695
 10
290.4180806975477
 20
21.40947790735695
 10
290.4145925231608
 20
21.36645708991826
 10
290.404128
 20
21.32908379291553
 10
290.404128
 20
21.32908379291553
 10
290.3873515422343
 20
21.29735801634877
 10
290.3635987356948
 20
21.27127976021799
 10
290.3635987356948
 20
21.27127976021799
 10
290.3323712697548
 20
21.25084902452316
 10
290.2931708337875
 20
21.23606580926431
 10
290.2931708337875
 20
21.23606580926431
 10
290.2459974277929
 20
21.22759452861036
 10
290.1908510517711
 20
21.22477076839237
 10
290.1908510517711
 20
21.22477076839237
 10
290.0453443487738
 20
21.22477076839237
  0
LWPOLYLINE
  5
753
330
1F
100
AcDbEntity
  8
TITLE_BLOCK
100
AcDbPolyline
 90
       13
 70
     1
 43
0.0
 10
291.3123821689373
 20
20.719816
 10
291.3123821689373
 20
20.82745109536785
 10
290.891808
 20
20.82745109536785
 10
290.891808
 20
21.17427529155313
 10
291.2877988446866
 20
21.17427529155313
 10
291.2877988446866
 20
21.28058155858311
 10
290.891808
 20
21.28058155858311
 10
290.891808
 20
21.58355441961853
 10
291.3123821689373
 20
21.58355441961853
 10
291.3123821689373
 20
21.69118951498638
 10
290.7695557929155
 20
21.69118951498638
 10
290.7695557929155
 20
20.719816
 10
291.3123821689373
 20
20.719816
  0
LWPOLYLINE
  5
754
330
1F
100
AcDbEntity
  8
TITLE_BLOCK
100
AcDbPolyline
 90
       18
 70
     1
 43
0.0
 10
291.3941051117166
 20
21.69118951498638
 10
291.7409293079019
 20
20.719816
 10
291.8638459291553
 20
20.719816
 10
292.2106701253406
 20
21.69118951498638
 10
292.0811093623978
 20
21.69118951498638
 10
291.8638459291553
 20
21.07062668119891
 10
291.8430414604904
 20
21.00813022343324
 10
291.8258082179836
 20
20.9515304414169
 10
291.8121462016348
 20
20.90082733514987
 10
291.8020554114441
 20
20.85602090463215
 10
291.8020554114441
 20
20.85602090463215
 10
291.7910095258856
 20
20.9043985613079
 10
291.777139880109
 20
20.95584913351499
 10
291.7604464741144
 20
21.01037262125341
 10
291.7409293079019
 20
21.06796902452316
 10
291.7409293079019
 20
21.06796902452316
 10
291.5223370463215
 20
21.69118951498638
 10
291.3941051117166
 20
21.69118951498638
  0
LWPOLYLINE
  5
755
330
1F
100
AcDbEntity
  8
TITLE_BLOCK
100
AcDbPolyline
 90
       37
 70
     1
 43
0.0
 10
292.3083390081744
 20
20.79356597275205
 10
292.3136543215259
 20
20.75436553678474
 10
292.3136543215259
 20
20.75436553678474
 10
292.3204645667575
 20
20.73841959673025
 10
292.3302646757493
 20
20.7251313133515
 10
292.3302646757493
 20
20.7251313133515
 10
292.342058027248
 20
20.71416847956403
 10
292.3561768283379
 20
20.70652771662126
 10
292.3561768283379
 20
20.70652771662126
 10
292.3913907792916
 20
20.70054798910082
 10
292.3913907792916
 20
20.70054798910082
 10
292.4272691444141
 20
20.70652771662126
 10
292.4272691444141
 20
20.70652771662126
 10
292.442052359673
 20
20.71416847956403
 10
292.4545101253406
 20
20.7251313133515
 10
292.4545101253406
 20
20.7251313133515
 10
292.471120479564
 20
20.75436553678474
 10
292.471120479564
 20
20.75436553678474
 10
292.4771002070844
 20
20.79356597275205
 10
292.4771002070844
 20
20.79356597275205
 10
292.4756052752043
 20
20.8141628119891
 10
292.471120479564
 20
20.83210199455041
 10
292.471120479564
 20
20.83210199455041
 10
292.4545101253406
 20
20.86067180381471
 10
292.4545101253406
 20
20.86067180381471
 10
292.4272691444141
 20
20.87861098637602
 10
292.4272691444141
 20
20.87861098637602
 10
292.3913907792916
 20
20.88459071389646
 10
292.3913907792916
 20
20.88459071389646
 10
292.3555124141689
 20
20.87861098637602
 10
292.3555124141689
 20
20.87861098637602
 10
292.3296002615804
 20
20.86067180381471
 10
292.3296002615804
 20
20.86067180381471
 10
292.3136543215259
 20
20.83210199455041
 10
292.3136543215259
 20
20.83210199455041
 10
292.3083390081744
 20
20.79356597275205
 10
292.3083390081744
 20
20.79356597275205
  0
LWPOLYLINE
  5
756
330
1F
100
AcDbEntity
  8
TITLE_BLOCK
 62
   254
100
AcDbPolyline
 90
        5
 70
     1
 43
0.0
 10
292.7487874659401
 20
15.43926811989101
 10
292.7487874659401
 20
22.3882098092643
 10
294.3907209809265
 20
22.3882098092643
 10
294.3907209809265
 20
15.43926811989101
 10
292.7487874659401
 20
15.43926811989101
  0
LWPOLYLINE
  5
757
330
1F
100
AcDbEntity
  8
TITLE_BLOCK
100
AcDbPolyline
 90
        5
 70
     1
 43
0.0
 10
292.9780103542235
 20
18.10273841961853
 10
294.2138207084469
 20
18.10273841961853
 10
294.2138207084469
 20
18.50138692098093
 10
292.9780103542235
 20
18.50138692098093
 10
292.9780103542235
 20
18.10273841961853
  0
LWPOLYLINE
  5
758
330
1F
100
AcDbEntity
  8
TITLE_BLOCK
100
AcDbPolyline
 90
      120
 70
     1
 43
0.0
 10
220.0520108337875
 20
13.34963572752043
 10
220.0504328501363
 20
13.38231659945504
 10
220.0456988991826
 20
13.41258897002725
 10
220.0378089809265
 20
13.44045283923706
 10
220.0267630953679
 20
13.46590820708447
 10
220.0267630953679
 20
13.46590820708447
 10
219.9945390081744
 20
13.51208499182561
 10
219.9483622234333
 20
13.55228204904632
 10
219.9483622234333
 20
13.55228204904632
 10
219.9183390081744
 20
13.57134243051771
 10
219.8814224959128
 20
13.59065196730245
 10
219.8376126866485
 20
13.61021065940054
 10
219.7869095803815
 20
13.63001850681199
 10
219.7869095803815
 20
13.63001850681199
 10
219.744719280654
 20
13.64617207629428
 10
219.7085087084469
 20
13.66141207629428
 10
219.6782778637602
 20
13.67573850681199
 10
219.654026746594
 20
13.68915136784741
 10
219.654026746594
 20
13.68915136784741
 10
219.6178161743869
 20
13.71639234877384
 10
219.5929006430518
 20
13.74629098637602
 10
219.5929006430518
 20
13.74629098637602
 10
219.5789479455041
 20
13.78216935149864
 10
219.5789479455041
 20
13.78216935149864
 10
219.5742970463216
 20
13.8260206866485
 10
219.5742970463216
 20
13.8260206866485
 10
219.5772869100818
 20
13.85741425613079
 10
219.5862565013624
 20
13.88515354768392
 10
219.5862565013624
 20
13.88515354768392
 10
219.6013719237058
 20
13.9097368719346
 10
219.622799280654
 20
13.93033371117166
 10
219.622799280654
 20
13.93033371117166
 10
219.6497080544959
 20
13.94661185831063
 10
219.6812677275205
 20
13.95823910626703
 10
219.6812677275205
 20
13.95823910626703
 10
219.7174782997275
 20
13.96521545504087
 10
219.7583397711172
 20
13.96754090463215
 10
219.7583397711172
 20
13.96754090463215
 10
219.8132369918256
 20
13.96430188555858
 10
219.8702935585831
 20
13.95458482833787
 10
219.9295094713897
 20
13.93838973297003
 10
219.9908847302453
 20
13.91571659945504
 10
219.9908847302453
 20
13.91571659945504
 10
220.0287563378747
 20
14.02069403814714
 10
219.9661768283379
 20
14.04452989645776
 10
219.900690506812
 20
14.06155550953678
 10
219.832297373297
 20
14.07177087738419
 10
219.7609974277929
 20
14.075176
 10
219.7609974277929
 20
14.075176
 10
219.6945560108992
 20
14.07085730790191
 10
219.6347587356948
 20
14.05790123160763
 10
219.6347587356948
 20
14.05790123160763
 10
219.5817717057221
 20
14.03713828882834
 10
219.5357610245232
 20
14.00807016893733
 10
219.5357610245232
 20
14.00807016893733
 10
219.4985538310627
 20
13.97136128610354
 10
219.4719772643052
 20
13.92900488283379
 10
219.4719772643052
 20
13.92900488283379
 10
219.4560313242507
 20
13.88100095912806
 10
219.4507160108992
 20
13.82734951498638
 10
219.4507160108992
 20
13.82734951498638
 10
219.4542041852861
 20
13.7766879346049
 10
219.4646687084469
 20
13.73100946049046
 10
219.4646687084469
 20
13.73100946049046
 10
219.4829400980927
 20
13.69031409264305
 10
219.5085200435967
 20
13.65460183106267
 10
219.5085200435967
 20
13.65460183106267
 10
219.5422390626703
 20
13.62246079564033
 10
219.5855920871935
 20
13.59247910626703
 10
219.6385791171662
 20
13.56465676294278
 10
219.7012001525886
 20
13.53899376566757
 10
219.7012001525886
 20
13.53899376566757
 10
219.7456743760218
 20
13.52217578201635
 10
219.7840858201635
 20
13.50627136784741
 10
219.8164344850136
 20
13.49128052316076
 10
219.8427203705722
 20
13.4772032479564
 10
219.8427203705722
 20
13.4772032479564
 10
219.8830835313352
 20
13.44896564577657
 10
219.9098262016349
 20
13.41873480108992
 10
219.9098262016349
 20
13.41873480108992
 10
219.9244433133515
 20
13.3828564359673
 10
219.9244433133515
 20
13.3828564359673
 10
219.929758626703
 20
13.33900510081744
 10
219.929758626703
 20
13.33900510081744
 10
219.9262704523161
 20
13.30428946049046
 10
219.9158059291553
 20
13.27322809809264
 10
219.9158059291553
 20
13.27322809809264
 10
219.898531160763
 20
13.24665153133515
 10
219.8746122506812
 20
13.22406144959128
 10
219.8746122506812
 20
13.22406144959128
 10
219.8433847847412
 20
13.20545785286103
 10
219.8055131771117
 20
13.19216956948229
 10
219.8055131771117
 20
13.19216956948229
 10
219.7614957384197
 20
13.18469491008174
 10
219.7105019509537
 20
13.18220335694823
 10
219.7105019509537
 20
13.18220335694823
 10
219.6442266376022
 20
13.18602373841962
 10
219.5729682179837
 20
13.19748488283379
 10
219.5729682179837
 20
13.19748488283379
 10
219.5027064196186
 20
13.21559016893733
 10
219.4380921416894
 20
13.23934297547684
 10
219.4380921416894
 20
13.23934297547684
 10
219.4380921416894
 20
13.12240608174387
 10
219.4901656021799
 20
13.10234907901907
 10
219.5520391716622
 20
13.08802264850136
 10
219.6237128501363
 20
13.07942679019073
 10
219.7051866376022
 20
13.07656150408719
 10
219.7051866376022
 20
13.07656150408719
 10
219.7824247847412
 20
13.08104629972752
 10
219.8506933405995
 20
13.0945006866485
 10
219.8506933405995
 20
13.0945006866485
 10
219.9099923051771
 20
13.11758907901907
 10
219.9603216784741
 20
13.1496470626703
 10
219.9603216784741
 20
13.1496470626703
 10
220.0003526321526
 20
13.18951191280654
 10
220.0287563378747
 20
13.23602090463215
 10
220.0287563378747
 20
13.23602090463215
 10
220.0461972098093
 20
13.28934014168937
 10
220.0520108337875
 20
13.34963572752043
 10
220.0520108337875
 20
13.34963572752043
  0
LWPOLYLINE
  5
759
330
1F
100
AcDbEntity
  8
TITLE_BLOCK
100
AcDbPolyline
 90
       90
 70
     1
 43
0.0
 10
220.6639362833788
 20
13.96754090463215
 10
220.7168402615804
 20
13.96421883378746
 10
220.7712391716622
 20
13.9542526212534
 10
220.827133013624
 20
13.93764226702997
 10
220.884521787466
 20
13.91438777111716
 10
220.884521787466
 20
13.91438777111716
 10
220.9336884359673
 20
14.01803638147139
 10
220.8740572643052
 20
14.04303496457766
 10
220.809442986376
 20
14.06089109536785
 10
220.7398456021799
 20
14.07160477384196
 10
220.6652651117166
 20
14.075176
 10
220.6652651117166
 20
14.075176
 10
220.5958338310627
 20
14.07135561852861
 10
220.5310534495913
 20
14.05989447411444
 10
220.4709239673025
 20
14.04079256675749
 10
220.4154453841962
 20
14.01404989645776
 10
220.4154453841962
 20
14.01404989645776
 10
220.3654482179837
 20
13.98016477384196
 10
220.3217629863761
 20
13.93963550953678
 10
220.3217629863761
 20
13.93963550953678
 10
220.284888
 20
13.89312651771117
 10
220.2539927411444
 20
13.83997338419618
 10
220.2539927411444
 20
13.83997338419618
 10
220.2298662016349
 20
13.78117273024523
 10
220.2126329591281
 20
13.71772117711171
 10
220.202293013624
 20
13.64961872479564
 10
220.1988463651226
 20
13.576865373297
 10
220.1988463651226
 20
13.576865373297
 10
220.2006319782017
 20
13.51872913351498
 10
220.2059888174387
 20
13.46391496457766
 10
220.2149168828338
 20
13.41242286648501
 10
220.2274161743869
 20
13.36425283923706
 10
220.2274161743869
 20
13.36425283923706
 10
220.2438188991826
 20
13.31977861580381
 10
220.2637928501363
 20
13.27870951498637
 10
220.287338027248
 20
13.24104553678474
 10
220.3144544305177
 20
13.20678668119891
 10
220.3144544305177
 20
13.20678668119891
 10
220.3449344305177
 20
13.17626515531335
 10
220.3785703978202
 20
13.14981316621253
 10
220.4153623324251
 20
13.12743071389646
 10
220.4553102343324
 20
13.10911779836512
 10
220.4553102343324
 20
13.10911779836512
 10
220.4980818964578
 20
13.09487441961853
 10
220.5440095258856
 20
13.08470057765667
 10
220.5930931226158
 20
13.07859627247956
 10
220.6453326866485
 20
13.07656150408719
 10
220.6453326866485
 20
13.07656150408719
 10
220.7154283814714
 20
13.07872085013624
 10
220.7768866920981
 20
13.08519888828338
 10
220.7768866920981
 20
13.08519888828338
 10
220.8351890354224
 20
13.09682613623978
 10
220.8958168283379
 20
13.11576194005449
 10
220.8958168283379
 20
13.11576194005449
 10
220.8958168283379
 20
13.22206820708447
 10
220.8326559564033
 20
13.20520869754768
 10
220.7727341035423
 20
13.19316619073569
 10
220.7160512697548
 20
13.1859406866485
 10
220.6626074550409
 20
13.1835321852861
 10
220.6626074550409
 20
13.1835321852861
 10
220.5866981362398
 20
13.18984411989101
 10
220.5197584087194
 20
13.20877992370572
 10
220.5197584087194
 20
13.20877992370572
 10
220.4900258746594
 20
13.22302330245232
 10
220.4626187901908
 20
13.24050570027248
 10
220.4375371553134
 20
13.26122711716621
 10
220.4147809700273
 20
13.28518755313351
 10
220.4147809700273
 20
13.28518755313351
 10
220.3764110517711
 20
13.34166275749319
 10
220.3490039673025
 20
13.40876858855586
 10
220.3490039673025
 20
13.40876858855586
 10
220.333058027248
 20
13.48667114986376
 10
220.3277427138965
 20
13.57553654495913
 10
220.3277427138965
 20
13.57553654495913
 10
220.3332241307902
 20
13.66174428337875
 10
220.3496683814714
 20
13.73831801634877
 10
220.3496683814714
 20
13.73831801634877
 10
220.3779059836513
 20
13.80525774386921
 10
220.417438626703
 20
13.86256346594005
 10
220.417438626703
 20
13.86256346594005
 10
220.4407761743869
 20
13.88714679019073
 10
220.4662730681199
 20
13.90840804359673
 10
220.4939293079019
 20
13.92634722615804
 10
220.523744893733
 20
13.94096433787466
 10
220.523744893733
 20
13.94096433787466
 10
220.5556782997275
 20
13.95259158583106
 10
220.589688
 20
13.96089676294278
 10
220.6257739945504
 20
13.96587986920981
 10
220.6639362833788
 20
13.96754090463215
 10
220.6639362833788
 20
13.96754090463215
  0
LWPOLYLINE
  5
75A
330
1F
100
AcDbEntity
  8
TITLE_BLOCK
100
AcDbPolyline
 90
        9
 70
     1
 43
0.0
 10
221.7170327411444
 20
13.08984978746594
 10
221.8439358474115
 20
13.08984978746594
 10
221.4652197711172
 20
14.06520978746594
 10
221.3549270190736
 20
14.06520978746594
 10
220.9755465286104
 20
13.08984978746594
 10
221.0991275640327
 20
13.08984978746594
 10
221.2147356294278
 20
13.39082940599455
 10
221.6000958474115
 20
13.39082940599455
 10
221.7170327411444
 20
13.08984978746594
  0
LWPOLYLINE
  5
75B
330
1F
100
AcDbEntity
  8
TITLE_BLOCK
100
AcDbPolyline
 90
        8
 70
     1
 43
0.0
 10
221.5635530681199
 20
13.49912891553133
 10
221.2559293079019
 20
13.49912891553133
 10
221.3662220599455
 20
13.79346439237057
 10
221.3876494168938
 20
13.86272956948229
 10
221.4080801525886
 20
13.93897109536785
 10
221.4080801525886
 20
13.93897109536785
 10
221.4545891444142
 20
13.79346439237057
 10
221.5635530681199
 20
13.49912891553133
  0
LWPOLYLINE
  5
75C
330
1F
100
AcDbEntity
  8
TITLE_BLOCK
100
AcDbPolyline
 90
        7
 70
     1
 43
0.0
 10
221.9774830953679
 20
13.08984978746594
 10
222.5242959564033
 20
13.08984978746594
 10
222.5242959564033
 20
13.19881371117166
 10
222.0997353024523
 20
13.19881371117166
 10
222.0997353024523
 20
14.06122330245232
 10
221.9774830953679
 20
14.06122330245232
 10
221.9774830953679
 20
13.08984978746594
  0
LWPOLYLINE
  5
75D
330
1F
100
AcDbEntity
  8
TITLE_BLOCK
100
AcDbPolyline
 90
       13
 70
     1
 43
0.0
 10
223.2332258746594
 20
13.08984978746594
 10
223.2332258746594
 20
13.19748488283379
 10
222.8126517057221
 20
13.19748488283379
 10
222.8126517057221
 20
13.54430907901907
 10
223.2086425504087
 20
13.54430907901907
 10
223.2086425504087
 20
13.65061534604905
 10
222.8126517057221
 20
13.65061534604905
 10
222.8126517057221
 20
13.95358820708447
 10
223.2332258746594
 20
13.95358820708447
 10
223.2332258746594
 20
14.06122330245232
 10
222.6903994986376
 20
14.06122330245232
 10
222.6903994986376
 20
13.08984978746594
 10
223.2332258746594
 20
13.08984978746594
  0
LWPOLYLINE
  5
75E
330
1F
100
AcDbEntity
  8
TITLE_BLOCK
 62
   254
100
AcDbPolyline
 90
        5
 70
     1
 43
0.0
 10
226.0739120435967
 20
10.50393738419618
 10
226.0739120435967
 20
14.67330239782016
 10
230.3957601089918
 20
14.67330239782016
 10
230.3957601089918
 20
10.50393738419618
 10
226.0739120435967
 20
10.50393738419618
  0
LWPOLYLINE
  5
75F
330
1F
100
AcDbEntity
  8
TITLE_BLOCK
100
AcDbPolyline
 90
       15
 70
     1
 43
0.0
 10
227.175676839237
 20
11.40089651226158
 10
227.175676839237
 20
13.58648692098093
 10
226.9529319891008
 20
13.58648692098093
 10
226.3609389645776
 20
13.12754283378747
 10
226.5014625613079
 20
12.94665607629428
 10
226.6752483923705
 20
13.08942207084469
 10
226.8348323705722
 20
13.22172354223433
 10
226.8348323705722
 20
13.22172354223433
 10
226.9245282833787
 20
13.30543972752044
 10
226.9245282833787
 20
13.30543972752044
 10
226.915558692098
 20
13.12455297002725
 10
226.9125688283378
 20
12.92871689373297
 10
226.9125688283378
 20
12.92871689373297
 10
226.9125688283378
 20
11.40089651226158
 10
227.175676839237
 20
11.40089651226158
  0
LWPOLYLINE
  5
760
330
1F
100
AcDbEntity
  8
TITLE_BLOCK
100
AcDbPolyline
 90
       37
 70
     1
 43
0.0
 10
228.0591815803814
 20
12.87639427792915
 10
228.0711410354223
 20
12.78968822888283
 10
228.0711410354223
 20
12.78968822888283
 10
228.0864640871934
 20
12.75380986376022
 10
228.108514332425
 20
12.72391122615804
 10
228.108514332425
 20
12.72391122615804
 10
228.135049373297
 20
12.69924485013624
 10
228.1668166757493
 20
12.68205313351499
 10
228.1668166757493
 20
12.68205313351499
 10
228.2460480653951
 20
12.66859874659401
 10
228.2460480653951
 20
12.66859874659401
 10
228.3267743869209
 20
12.68205313351499
 10
228.3267743869209
 20
12.68205313351499
 10
228.3600366212534
 20
12.69924485013624
 10
228.3880665940054
 20
12.72391122615804
 10
228.3880665940054
 20
12.72391122615804
 10
228.4254398910081
 20
12.78968822888283
 10
228.4254398910081
 20
12.78968822888283
 10
228.4388942779291
 20
12.87639427792915
 10
228.4388942779291
 20
12.87639427792915
 10
228.4254398910081
 20
12.96459525885559
 10
228.4254398910081
 20
12.96459525885559
 10
228.3895615258855
 20
13.03037226158038
 10
228.3895615258855
 20
13.03037226158038
 10
228.328269318801
 20
13.07073542234332
 10
228.328269318801
 20
13.07073542234332
 10
228.2460480653951
 20
13.08418980926431
 10
228.2460480653951
 20
13.08418980926431
 10
228.2023213079019
 20
13.08045247956403
 10
228.1638268119891
 20
13.06924049046322
 10
228.1638268119891
 20
13.06924049046322
 10
228.1055244686648
 20
13.02887732970027
 10
228.1055244686648
 20
13.02887732970027
 10
228.0696461035422
 20
12.96310032697548
 10
228.0696461035422
 20
12.96310032697548
 10
228.0591815803814
 20
12.87639427792915
 10
228.0591815803814
 20
12.87639427792915
  0
LWPOLYLINE
  5
761
330
1F
100
AcDbEntity
  8
TITLE_BLOCK
100
AcDbPolyline
 90
       37
 70
     1
 43
0.0
 10
228.0591815803814
 20
11.56683395095368
 10
228.0711410354223
 20
11.47863297002725
 10
228.0711410354223
 20
11.47863297002725
 10
228.0864640871934
 20
11.44275460490463
 10
228.108514332425
 20
11.41285596730245
 10
228.108514332425
 20
11.41285596730245
 10
228.135049373297
 20
11.38818959128065
 10
228.1668166757493
 20
11.3709978746594
 10
228.1668166757493
 20
11.3709978746594
 10
228.2460480653951
 20
11.35754348773842
 10
228.2460480653951
 20
11.35754348773842
 10
228.3267743869209
 20
11.3709978746594
 10
228.3267743869209
 20
11.3709978746594
 10
228.3600366212534
 20
11.38818959128065
 10
228.3880665940054
 20
11.41285596730245
 10
228.3880665940054
 20
11.41285596730245
 10
228.4254398910081
 20
11.47863297002725
 10
228.4254398910081
 20
11.47863297002725
 10
228.4388942779291
 20
11.56683395095368
 10
228.4388942779291
 20
11.56683395095368
 10
228.4355306811989
 20
11.61317683923706
 10
228.4254398910081
 20
11.65354
 10
228.4254398910081
 20
11.65354
 10
228.3880665940054
 20
11.71782207084469
 10
228.3880665940054
 20
11.71782207084469
 10
228.3267743869209
 20
11.75818523160763
 10
228.3267743869209
 20
11.75818523160763
 10
228.2460480653951
 20
11.77163961852861
 10
228.2460480653951
 20
11.77163961852861
 10
228.1653217438692
 20
11.75818523160763
 10
228.1653217438692
 20
11.75818523160763
 10
228.1070194005449
 20
11.71782207084469
 10
228.1070194005449
 20
11.71782207084469
 10
228.0711410354223
 20
11.65354
 10
228.0711410354223
 20
11.65354
 10
228.0591815803814
 20
11.56683395095368
 10
228.0591815803814
 20
11.56683395095368
  0
LWPOLYLINE
  5
762
330
1F
100
AcDbEntity
  8
TITLE_BLOCK
100
AcDbPolyline
 90
       15
 70
     1
 43
0.0
 10
229.7469596730245
 20
11.40089651226158
 10
229.7469596730245
 20
13.58648692098093
 10
229.5242148228882
 20
13.58648692098093
 10
228.9322217983651
 20
13.12754283378747
 10
229.0727453950953
 20
12.94665607629428
 10
229.246531226158
 20
13.08942207084469
 10
229.4061152043596
 20
13.22172354223433
 10
229.4061152043596
 20
13.22172354223433
 10
229.4958111171662
 20
13.30543972752044
 10
229.4958111171662
 20
13.30543972752044
 10
229.4868415258855
 20
13.12455297002725
 10
229.4838516621253
 20
12.92871689373297
 10
229.4838516621253
 20
12.92871689373297
 10
229.4838516621253
 20
11.40089651226158
 10
229.7469596730245
 20
11.40089651226158
  0
LWPOLYLINE
  5
763
330
1F
100
AcDbEntity
  8
TITLE_BLOCK
100
AcDbPolyline
 90
       38
 70
     1
 43
0.0
 10
237.1747944850136
 20
13.08984978746594
 10
237.4332515967302
 20
14.06122330245232
 10
237.3056840762943
 20
14.06122330245232
 10
237.1555264741144
 20
13.46923027792915
 10
237.1388745940054
 20
13.40187529155313
 10
237.12546173297
 20
13.34066613623978
 10
237.1152878910082
 20
13.2856028119891
 10
237.1083530681199
 20
13.23668531880109
 10
237.1083530681199
 20
13.23668531880109
 10
237.085762986376
 20
13.35461883378746
 10
237.0551999346049
 20
13.47055910626703
 10
237.0551999346049
 20
13.47055910626703
 10
236.8764725231607
 20
14.06122330245232
 10
236.7502338310626
 20
14.06122330245232
 10
236.5788149754768
 20
13.47521000544959
 10
236.5472553024523
 20
13.35079845231608
 10
236.5269906702997
 20
13.23668531880109
 10
236.5269906702997
 20
13.23668531880109
 10
236.5073904523161
 20
13.35196117711171
 10
236.4804816784741
 20
13.46790144959128
 10
236.4804816784741
 20
13.46790144959128
 10
236.3296596621253
 20
14.06122330245232
 10
236.2020921416893
 20
14.06122330245232
 10
236.4592204250681
 20
13.08984978746594
 10
236.5828014604905
 20
13.08984978746594
 10
236.7661797711172
 20
13.72237207629428
 10
236.7825409700272
 20
13.77947016893733
 10
236.7957462016349
 20
13.83116989645776
 10
236.80579546594
 20
13.87747125885558
 10
236.8126887629428
 20
13.91837425613079
 10
236.8126887629428
 20
13.91837425613079
 10
236.818502386921
 20
13.887686626703
 10
236.8286347029972
 20
13.84545480108992
 10
236.8430857111717
 20
13.79167877929155
 10
236.8618554114441
 20
13.7263585613079
 10
236.8618554114441
 20
13.7263585613079
 10
237.0512134495913
 20
13.08984978746594
 10
237.1747944850136
 20
13.08984978746594
  0
LWPOLYLINE
  5
764
330
1F
100
AcDbEntity
  8
TITLE_BLOCK
100
AcDbPolyline
 90
       13
 70
     1
 43
0.0
 10
238.1262355749319
 20
13.08984978746594
 10
238.1262355749319
 20
13.19748488283379
 10
237.7056614059945
 20
13.19748488283379
 10
237.7056614059945
 20
13.54430907901907
 10
238.1016522506812
 20
13.54430907901907
 10
238.1016522506812
 20
13.65061534604905
 10
237.7056614059945
 20
13.65061534604905
 10
237.7056614059945
 20
13.95358820708447
 10
238.1262355749319
 20
13.95358820708447
 10
238.1262355749319
 20
14.06122330245232
 10
237.5834091989101
 20
14.06122330245232
 10
237.5834091989101
 20
13.08984978746594
 10
238.1262355749319
 20
13.08984978746594
  0
LWPOLYLINE
  5
765
330
1F
100
AcDbEntity
  8
TITLE_BLOCK
100
AcDbPolyline
 90
       13
 70
     1
 43
0.0
 10
238.613251160763
 20
13.08984978746594
 10
238.613251160763
 20
13.1602776893733
 10
238.4989719237057
 20
13.18618984196185
 10
238.4989719237057
 20
13.96355441961853
 10
238.613251160763
 20
13.99079540054496
 10
238.613251160763
 20
14.06122330245232
 10
238.262440479564
 20
14.06122330245232
 10
238.262440479564
 20
13.99079540054496
 10
238.3767197166213
 20
13.96355441961853
 10
238.3767197166213
 20
13.18618984196185
 10
238.262440479564
 20
13.1602776893733
 10
238.262440479564
 20
13.08984978746594
 10
238.613251160763
 20
13.08984978746594
  0
LWPOLYLINE
  5
766
330
1F
100
AcDbEntity
  8
TITLE_BLOCK
100
AcDbPolyline
 90
      100
 70
     1
 43
0.0
 10
239.2231833678474
 20
13.60277752588556
 10
239.2231833678474
 20
13.49381360217984
 10
239.4364603160763
 20
13.49381360217984
 10
239.4364603160763
 20
13.20545785286103
 10
239.3422796076294
 20
13.18801698092643
 10
239.2457734495913
 20
13.18220335694823
 10
239.2457734495913
 20
13.18220335694823
 10
239.2022958474114
 20
13.1837398147139
 10
239.1615589536785
 20
13.1883491880109
 10
239.1235627683924
 20
13.19603147683924
 10
239.0883072915531
 20
13.20678668119891
 10
239.0883072915531
 20
13.20678668119891
 10
239.0554603160763
 20
13.22098853405994
 10
239.0253540490463
 20
13.23834635422343
 10
238.9979884904632
 20
13.25886014168937
 10
238.973363640327
 20
13.28252989645777
 10
238.973363640327
 20
13.28252989645777
 10
238.9512718692098
 20
13.30889883378746
 10
238.9321699618528
 20
13.33817458310627
 10
238.9160579182561
 20
13.37035714441417
 10
238.9029357384196
 20
13.40544651771117
 10
238.9029357384196
 20
13.40544651771117
 10
238.8927618964578
 20
13.44373338419618
 10
238.885494866485
 20
13.48484401089918
 10
238.8811346485014
 20
13.52877839782016
 10
238.8796812425068
 20
13.57553654495913
 10
238.8796812425068
 20
13.57553654495913
 10
238.8856609700272
 20
13.66174428337875
 10
238.9036001525886
 20
13.73831801634877
 10
238.9036001525886
 20
13.73831801634877
 10
238.9174282724796
 20
13.77299213079019
 10
238.9343293079019
 20
13.80525774386921
 10
238.9543032588556
 20
13.83511485558583
 10
238.9773501253406
 20
13.86256346594005
 10
238.9773501253406
 20
13.86256346594005
 10
239.002805493188
 20
13.88714679019073
 10
239.0306693623978
 20
13.90840804359673
 10
239.06094173297
 20
13.92634722615804
 10
239.0936226049046
 20
13.94096433787466
 10
239.0936226049046
 20
13.94096433787466
 10
239.1287119782016
 20
13.95259158583106
 10
239.166209852861
 20
13.96089676294278
 10
239.2061162288828
 20
13.96587986920981
 10
239.248431106267
 20
13.96754090463215
 10
239.248431106267
 20
13.96754090463215
 10
239.3099309427793
 20
13.96405273024523
 10
239.3721782452316
 20
13.95358820708447
 10
239.435173013624
 20
13.93614733514986
 10
239.4989152479564
 20
13.91173011444141
 10
239.4989152479564
 20
13.91173011444141
 10
239.545424239782
 20
14.01803638147139
 10
239.4769895803815
 20
14.04303496457766
 10
239.4058972643052
 20
14.06089109536785
 10
239.3321472915531
 20
14.07160477384196
 10
239.2557396621253
 20
14.075176
 10
239.2557396621253
 20
14.075176
 10
239.1808684904632
 20
14.07139714441417
 10
239.1110634768392
 20
14.06006057765667
 10
239.0463246212534
 20
14.04116629972752
 10
238.9866519237057
 20
14.0147143106267
 10
238.9866519237057
 20
14.0147143106267
 10
238.933000479564
 20
13.9813274986376
 10
238.8863253841962
 20
13.94096433787466
 10
238.8863253841962
 20
13.94096433787466
 10
238.8459622234332
 20
13.89445534604904
 10
238.8125754114441
 20
13.84130221253406
 10
238.8125754114441
 20
13.84130221253406
 10
238.7861234223433
 20
13.78208629972752
 10
238.7672291444142
 20
13.71805338419618
 10
238.7558925776567
 20
13.64920346594005
 10
238.7521137220708
 20
13.57553654495913
 10
238.7521137220708
 20
13.57553654495913
 10
238.753982386921
 20
13.51806471934605
 10
238.7595883814714
 20
13.46391496457766
 10
238.7689317057221
 20
13.41308728065395
 10
238.782012359673
 20
13.36558166757493
 10
238.782012359673
 20
13.36558166757493
 10
238.7992040762943
 20
13.32135659945504
 10
238.8202161743869
 20
13.28037055040872
 10
238.845048653951
 20
13.24262352043597
 10
238.8737015149864
 20
13.20811550953678
 10
238.8737015149864
 20
13.20811550953678
 10
238.9055103433242
 20
13.17726177656676
 10
238.9404751389646
 20
13.15047758038147
 10
238.9785959019073
 20
13.12776292098093
 10
239.0198726321526
 20
13.10911779836512
 10
239.0198726321526
 20
13.10911779836512
 10
239.0645960108992
 20
13.09487441961853
 10
239.1123923051771
 20
13.08470057765667
 10
239.1632615149864
 20
13.07859627247956
 10
239.217203640327
 20
13.07656150408719
 10
239.217203640327
 20
13.07656150408719
 10
239.3158691444142
 20
13.07971747138964
 10
239.4019107792915
 20
13.089185373297
 10
239.4019107792915
 20
13.089185373297
 10
239.4809760653951
 20
13.10479910626703
 10
239.5587125231608
 20
13.12639256675749
 10
239.5587125231608
 20
13.12639256675749
 10
239.5587125231608
 20
13.60277752588556
 10
239.2231833678474
 20
13.60277752588556
  0
LWPOLYLINE
  5
767
330
1F
100
AcDbEntity
  8
TITLE_BLOCK
100
AcDbPolyline
 90
       13
 70
     1
 43
0.0
 10
240.5347369373297
 20
13.08984978746594
 10
240.5347369373297
 20
14.06122330245232
 10
240.4124847302452
 20
14.06122330245232
 10
240.4124847302452
 20
13.65061534604905
 10
239.9141741035422
 20
13.65061534604905
 10
239.9141741035422
 20
14.06122330245232
 10
239.7919218964578
 20
14.06122330245232
 10
239.7919218964578
 20
13.08984978746594
 10
239.9141741035422
 20
13.08984978746594
 10
239.9141741035422
 20
13.5429802506812
 10
240.4124847302452
 20
13.5429802506812
 10
240.4124847302452
 20
13.08984978746594
 10
240.5347369373297
 20
13.08984978746594
  0
LWPOLYLINE
  5
768
330
1F
100
AcDbEntity
  8
TITLE_BLOCK
100
AcDbPolyline
 90
        9
 70
     1
 43
0.0
 10
241.1081263651226
 20
13.08984978746594
 10
241.1081263651226
 20
13.95358820708447
 10
241.4097703978202
 20
13.95358820708447
 10
241.4097703978202
 20
14.06122330245232
 10
240.6815724686648
 20
14.06122330245232
 10
240.6815724686648
 20
13.95358820708447
 10
240.9852097438692
 20
13.95358820708447
 10
240.9852097438692
 20
13.08984978746594
 10
241.1081263651226
 20
13.08984978746594
  0
LWPOLYLINE
  5
769
330
1F
100
AcDbEntity
  8
TITLE_BLOCK
100
AcDbPolyline
 90
      120
 70
     1
 43
0.0
 10
271.4870108337875
 20
13.34963572752043
 10
271.4854328501362
 20
13.38231659945504
 10
271.4806988991826
 20
13.41258897002725
 10
271.4728089809264
 20
13.44045283923706
 10
271.4617630953679
 20
13.46590820708447
 10
271.4617630953679
 20
13.46590820708447
 10
271.4295390081744
 20
13.51208499182561
 10
271.3833622234333
 20
13.55228204904632
 10
271.3833622234333
 20
13.55228204904632
 10
271.3533390081744
 20
13.57134243051771
 10
271.3164224959128
 20
13.59065196730245
 10
271.2726126866485
 20
13.61021065940054
 10
271.2219095803815
 20
13.63001850681199
 10
271.2219095803815
 20
13.63001850681199
 10
271.179719280654
 20
13.64617207629428
 10
271.1435087084469
 20
13.66141207629428
 10
271.1132778637602
 20
13.67573850681199
 10
271.089026746594
 20
13.68915136784741
 10
271.089026746594
 20
13.68915136784741
 10
271.0528161743869
 20
13.71639234877384
 10
271.0279006430518
 20
13.74629098637602
 10
271.0279006430518
 20
13.74629098637602
 10
271.0139479455041
 20
13.78216935149864
 10
271.0139479455041
 20
13.78216935149864
 10
271.0092970463215
 20
13.8260206866485
 10
271.0092970463215
 20
13.8260206866485
 10
271.0122869100817
 20
13.85741425613079
 10
271.0212565013624
 20
13.88515354768392
 10
271.0212565013624
 20
13.88515354768392
 10
271.0363719237057
 20
13.9097368719346
 10
271.057799280654
 20
13.93033371117166
 10
271.057799280654
 20
13.93033371117166
 10
271.0847080544959
 20
13.94661185831063
 10
271.1162677275204
 20
13.95823910626703
 10
271.1162677275204
 20
13.95823910626703
 10
271.1524782997275
 20
13.96521545504087
 10
271.1933397711172
 20
13.96754090463215
 10
271.1933397711172
 20
13.96754090463215
 10
271.2482369918256
 20
13.96430188555858
 10
271.3052935585831
 20
13.95458482833787
 10
271.3645094713896
 20
13.93838973297003
 10
271.4258847302452
 20
13.91571659945504
 10
271.4258847302452
 20
13.91571659945504
 10
271.4637563378747
 20
14.02069403814714
 10
271.4011768283379
 20
14.04452989645776
 10
271.335690506812
 20
14.06155550953678
 10
271.267297373297
 20
14.07177087738419
 10
271.1959974277929
 20
14.075176
 10
271.1959974277929
 20
14.075176
 10
271.1295560108992
 20
14.07085730790191
 10
271.0697587356948
 20
14.05790123160763
 10
271.0697587356948
 20
14.05790123160763
 10
271.0167717057221
 20
14.03713828882834
 10
270.9707610245231
 20
14.00807016893733
 10
270.9707610245231
 20
14.00807016893733
 10
270.9335538310627
 20
13.97136128610354
 10
270.9069772643052
 20
13.92900488283379
 10
270.9069772643052
 20
13.92900488283379
 10
270.8910313242507
 20
13.88100095912806
 10
270.8857160108992
 20
13.82734951498638
 10
270.8857160108992
 20
13.82734951498638
 10
270.8892041852861
 20
13.7766879346049
 10
270.8996687084469
 20
13.73100946049046
 10
270.8996687084469
 20
13.73100946049046
 10
270.9179400980926
 20
13.69031409264305
 10
270.9435200435967
 20
13.65460183106267
 10
270.9435200435967
 20
13.65460183106267
 10
270.9772390626703
 20
13.62246079564033
 10
271.0205920871934
 20
13.59247910626703
 10
271.0735791171662
 20
13.56465676294278
 10
271.1362001525886
 20
13.53899376566757
 10
271.1362001525886
 20
13.53899376566757
 10
271.1806743760218
 20
13.52217578201635
 10
271.2190858201635
 20
13.50627136784741
 10
271.2514344850136
 20
13.49128052316076
 10
271.2777203705722
 20
13.4772032479564
 10
271.2777203705722
 20
13.4772032479564
 10
271.3180835313352
 20
13.44896564577657
 10
271.3448262016349
 20
13.41873480108992
 10
271.3448262016349
 20
13.41873480108992
 10
271.3594433133515
 20
13.3828564359673
 10
271.3594433133515
 20
13.3828564359673
 10
271.364758626703
 20
13.33900510081744
 10
271.364758626703
 20
13.33900510081744
 10
271.3612704523161
 20
13.30428946049046
 10
271.3508059291553
 20
13.27322809809264
 10
271.3508059291553
 20
13.27322809809264
 10
271.333531160763
 20
13.24665153133515
 10
271.3096122506812
 20
13.22406144959128
 10
271.3096122506812
 20
13.22406144959128
 10
271.2783847847411
 20
13.20545785286103
 10
271.2405131771117
 20
13.19216956948229
 10
271.2405131771117
 20
13.19216956948229
 10
271.1964957384196
 20
13.18469491008174
 10
271.1455019509537
 20
13.18220335694823
 10
271.1455019509537
 20
13.18220335694823
 10
271.0792266376022
 20
13.18602373841962
 10
271.0079682179837
 20
13.19748488283379
 10
271.0079682179837
 20
13.19748488283379
 10
270.9377064196185
 20
13.21559016893733
 10
270.8730921416894
 20
13.23934297547684
 10
270.8730921416894
 20
13.23934297547684
 10
270.8730921416894
 20
13.12240608174387
 10
270.9251656021798
 20
13.10234907901907
 10
270.9870391716621
 20
13.08802264850136
 10
271.0587128501363
 20
13.07942679019073
 10
271.1401866376022
 20
13.07656150408719
 10
271.1401866376022
 20
13.07656150408719
 10
271.2174247847411
 20
13.08104629972752
 10
271.2856933405994
 20
13.0945006866485
 10
271.2856933405994
 20
13.0945006866485
 10
271.3449923051771
 20
13.11758907901907
 10
271.3953216784741
 20
13.1496470626703
 10
271.3953216784741
 20
13.1496470626703
 10
271.4353526321526
 20
13.18951191280654
 10
271.4637563378747
 20
13.23602090463215
 10
271.4637563378747
 20
13.23602090463215
 10
271.4811972098092
 20
13.28934014168937
 10
271.4870108337875
 20
13.34963572752043
 10
271.4870108337875
 20
13.34963572752043
  0
LWPOLYLINE
  5
76A
330
1F
100
AcDbEntity
  8
TITLE_BLOCK
100
AcDbPolyline
 90
       13
 70
     1
 43
0.0
 10
272.4258280544959
 20
13.08984978746594
 10
272.4258280544959
 20
14.06122330245232
 10
272.3035758474114
 20
14.06122330245232
 10
272.3035758474114
 20
13.65061534604905
 10
271.8052652207084
 20
13.65061534604905
 10
271.8052652207084
 20
14.06122330245232
 10
271.683013013624
 20
14.06122330245232
 10
271.683013013624
 20
13.08984978746594
 10
271.8052652207084
 20
13.08984978746594
 10
271.8052652207084
 20
13.5429802506812
 10
272.3035758474114
 20
13.5429802506812
 10
272.3035758474114
 20
13.08984978746594
 10
272.4258280544959
 20
13.08984978746594
  0
LWPOLYLINE
  5
76B
330
1F
100
AcDbEntity
  8
TITLE_BLOCK
100
AcDbPolyline
 90
       13
 70
     1
 43
0.0
 10
273.2344200980926
 20
13.08984978746594
 10
273.2344200980926
 20
13.19748488283379
 10
272.8138459291553
 20
13.19748488283379
 10
272.8138459291553
 20
13.54430907901907
 10
273.2098367738419
 20
13.54430907901907
 10
273.2098367738419
 20
13.65061534604905
 10
272.8138459291553
 20
13.65061534604905
 10
272.8138459291553
 20
13.95358820708447
 10
273.2344200980926
 20
13.95358820708447
 10
273.2344200980926
 20
14.06122330245232
 10
272.6915937220708
 20
14.06122330245232
 10
272.6915937220708
 20
13.08984978746594
 10
273.2344200980926
 20
13.08984978746594
  0
LWPOLYLINE
  5
76C
330
1F
100
AcDbEntity
  8
TITLE_BLOCK
100
AcDbPolyline
 90
       13
 70
     1
 43
0.0
 10
273.9911878365122
 20
13.08984978746594
 10
273.9911878365122
 20
13.19748488283379
 10
273.5706136675749
 20
13.19748488283379
 10
273.5706136675749
 20
13.54430907901907
 10
273.9666045122615
 20
13.54430907901907
 10
273.9666045122615
 20
13.65061534604905
 10
273.5706136675749
 20
13.65061534604905
 10
273.5706136675749
 20
13.95358820708447
 10
273.9911878365122
 20
13.95358820708447
 10
273.9911878365122
 20
14.06122330245232
 10
273.4483614604904
 20
14.06122330245232
 10
273.4483614604904
 20
13.08984978746594
 10
273.9911878365122
 20
13.08984978746594
  0
LWPOLYLINE
  5
76D
330
1F
100
AcDbEntity
  8
TITLE_BLOCK
100
AcDbPolyline
 90
        9
 70
     1
 43
0.0
 10
274.512752959128
 20
13.08984978746594
 10
274.512752959128
 20
13.95358820708447
 10
274.8143969918256
 20
13.95358820708447
 10
274.8143969918256
 20
14.06122330245232
 10
274.0861990626703
 20
14.06122330245232
 10
274.0861990626703
 20
13.95358820708447
 10
274.3898363378746
 20
13.95358820708447
 10
274.3898363378746
 20
13.08984978746594
 10
274.512752959128
 20
13.08984978746594
  0
LWPOLYLINE
  5
76E
330
1F
100
AcDbEntity
  8
TITLE_BLOCK
 62
   254
100
AcDbPolyline
 90
        5
 70
     1
 43
0.0
 10
280.6238932970028
 20
10.4232110626703
 10
280.6238932970028
 20
14.59257607629428
 10
282.3744585286104
 20
14.59257607629428
 10
282.3744585286104
 20
10.4232110626703
 10
280.6238932970028
 20
10.4232110626703
  0
LWPOLYLINE
  5
76F
330
1F
100
AcDbEntity
  8
TITLE_BLOCK
100
AcDbPolyline
 90
       15
 70
     1
 43
0.0
 10
281.7256580926431
 20
11.32017019073569
 10
281.7256580926431
 20
13.50576059945504
 10
281.5029132425068
 20
13.50576059945504
 10
280.9109202179837
 20
13.04681651226158
 10
281.0514438147139
 20
12.86592975476839
 10
281.2252296457766
 20
13.0086957493188
 10
281.3848136239782
 20
13.14099722070845
 10
281.3848136239782
 20
13.14099722070845
 10
281.4745095367848
 20
13.22471340599455
 10
281.4745095367848
 20
13.22471340599455
 10
281.4655399455041
 20
13.04382664850136
 10
281.4625500817439
 20
12.84799057220708
 10
281.4625500817439
 20
12.84799057220708
 10
281.4625500817439
 20
11.32017019073569
 10
281.7256580926431
 20
11.32017019073569
  0
LWPOLYLINE
  5
770
330
1F
100
AcDbEntity
  8
TITLE_BLOCK
100
AcDbPolyline
 90
       54
 70
     1
 43
0.0
 10
284.8709947683924
 20
12.14387765667575
 10
284.8579141144415
 20
12.32924920980926
 10
284.8186721525886
 20
12.49369171662125
 10
284.8186721525886
 20
12.49369171662125
 10
284.755137547684
 20
12.63870010899183
 10
284.6661891008175
 20
12.76277945504087
 10
284.6661891008175
 20
12.76277945504087
 10
284.5555641416894
 20
12.86219242506812
 10
284.4270000000001
 20
12.9332016893733
 10
284.4270000000001
 20
12.9332016893733
 10
284.2804966757494
 20
12.97692844686648
 10
284.1160541689374
 20
12.99150403269755
 10
284.1160541689374
 20
12.99150403269755
 10
283.9452582016349
 20
12.97730217983651
 10
283.7946438147139
 20
12.93469662125341
 10
283.7946438147139
 20
12.93469662125341
 10
283.6642110081744
 20
12.86518228882834
 10
283.5539597820164
 20
12.7672642506812
 10
283.5539597820164
 20
12.7672642506812
 10
283.46613253406
 20
12.64430610354223
 10
283.4029716621254
 20
12.49967144414169
 10
283.4029716621254
 20
12.49967144414169
 10
283.3659720980927
 20
12.33298653950954
 10
283.3536389100818
 20
12.14387765667575
 10
283.3536389100818
 20
12.14387765667575
 10
283.3594317711172
 20
12.01923771117166
 10
283.3768103542235
 20
11.90244615803815
 10
283.4057746594006
 20
11.7935029972752
 10
283.4463246866486
 20
11.69240822888283
 10
283.4463246866486
 20
11.69240822888283
 10
283.4975261035423
 20
11.60084365122616
 10
283.5584445776568
 20
11.5204910626703
 10
283.5584445776568
 20
11.5204910626703
 10
283.6294538419619
 20
11.45135046321526
 10
283.7109276294278
 20
11.39342185286104
 10
283.7109276294278
 20
11.39342185286104
 10
283.7995023433243
 20
11.34782643051771
 10
283.8948042506813
 20
11.31568539509537
 10
283.8948042506813
 20
11.31568539509537
 10
283.9968333514987
 20
11.29662501362398
 10
284.1055896457766
 20
11.29027155313351
 10
284.1055896457766
 20
11.29027155313351
 10
284.275264414169
 20
11.30409967302452
 10
284.4255050681199
 20
11.34558403269755
 10
284.4255050681199
 20
11.34558403269755
 10
284.5563116076295
 20
11.41659329700273
 10
284.6676840326976
 20
11.51600626702997
 10
284.6676840326976
 20
11.51600626702997
 10
284.7566324795641
 20
11.63933814713896
 10
284.8201670844687
 20
11.78509400544959
 10
284.8201670844687
 20
11.78509400544959
 10
284.8582878474115
 20
11.95327384196185
 10
284.8709947683924
 20
12.14387765667575
 10
284.8709947683924
 20
12.14387765667575
  0
LWPOLYLINE
  5
771
330
1F
100
AcDbEntity
  8
TITLE_BLOCK
100
AcDbPolyline
 90
       49
 70
     1
 43
0.0
 10
283.6316962397821
 20
12.14387765667575
 10
283.6387971662126
 20
12.28963351498638
 10
283.6600999455042
 20
12.41595525885559
 10
283.6600999455042
 20
12.41595525885559
 10
283.6974732425069
 20
12.52284288828338
 10
283.7497958583107
 20
12.61029640326976
 10
283.7497958583107
 20
12.61029640326976
 10
283.8170677929156
 20
12.67831580381471
 10
283.8992890463216
 20
12.72690108991826
 10
283.8992890463216
 20
12.72690108991826
 10
283.9964596185287
 20
12.75605226158038
 10
284.1085795095369
 20
12.76576931880109
 10
284.1085795095369
 20
12.76576931880109
 10
284.2195782016349
 20
12.75567852861035
 10
284.316375040872
 20
12.72540615803815
 10
284.316375040872
 20
12.72540615803815
 10
284.4000912261581
 20
12.67682087193461
 10
284.4688580926431
 20
12.60880147138965
 10
284.4688580926431
 20
12.60880147138965
 10
284.522675640327
 20
12.52134795640327
 10
284.5615438692099
 20
12.41446032697548
 10
284.5615438692099
 20
12.41446032697548
 10
284.5850890463216
 20
12.28851231607629
 10
284.5929374386922
 20
12.14387765667575
 10
284.5929374386922
 20
12.14387765667575
 10
284.5850890463216
 20
11.9977480653951
 10
284.5615438692099
 20
11.8703051226158
 10
284.5615438692099
 20
11.8703051226158
 10
284.5237968392371
 20
11.76267002724796
 10
284.4703530245232
 20
11.67297411444142
 10
284.4703530245232
 20
11.67297411444142
 10
284.4019598910082
 20
11.60233858310627
 10
284.3193649046322
 20
11.55188463215259
 10
284.3193649046322
 20
11.55188463215259
 10
284.2229417983652
 20
11.52273346049046
 10
284.1130643051771
 20
11.51301640326975
 10
284.1130643051771
 20
11.51301640326975
 10
284.000944414169
 20
11.52273346049046
 10
283.9037738419619
 20
11.55188463215259
 10
283.9037738419619
 20
11.55188463215259
 10
283.8211788555859
 20
11.60233858310627
 10
283.7527857220709
 20
11.67297411444142
 10
283.7527857220709
 20
11.67297411444142
 10
283.699341907357
 20
11.76267002724796
 10
283.6615948773842
 20
11.8703051226158
 10
283.6615948773842
 20
11.8703051226158
 10
283.6391708991826
 20
11.9977480653951
 10
283.6316962397821
 20
12.14387765667575
 10
283.6316962397821
 20
12.14387765667575
  0
LWPOLYLINE
  5
772
330
1F
100
AcDbEntity
  8
TITLE_BLOCK
100
AcDbPolyline
 90
       43
 70
     1
 43
0.0
 10
286.0534858855586
 20
12.75231493188011
 10
286.0534858855586
 20
12.96160539509537
 10
285.6393897547684
 20
12.96160539509537
 10
285.6393897547684
 20
13.06774555858311
 10
285.6435008174387
 20
13.1581889373297
 10
285.6558340054497
 20
13.23517792915531
 10
285.6558340054497
 20
13.23517792915531
 10
285.6763893188012
 20
13.30020746594005
 10
285.7051667574933
 20
13.35178261580382
 10
285.7051667574933
 20
13.35178261580382
 10
285.7421663215259
 20
13.39102457765668
 10
285.7873880108992
 20
13.41905455040872
 10
285.7873880108992
 20
13.41905455040872
 10
285.8427004904633
 20
13.43587253405995
 10
285.906982561308
 20
13.44147852861035
 10
285.906982561308
 20
13.44147852861035
 10
286.0202236512262
 20
13.43026653950954
 10
286.1506564577658
 20
13.39663057220708
 10
286.1506564577658
 20
13.39663057220708
 10
286.222413188011
 20
13.60741596730245
 10
286.0620817438693
 20
13.64890032697548
 10
285.9039926975478
 20
13.66272844686648
 10
285.9039926975478
 20
13.66272844686648
 10
285.7765497547684
 20
13.6533851226158
 10
285.6662985286104
 20
13.62535514986376
 10
285.6662985286104
 20
13.62535514986376
 10
285.5747339509538
 20
13.57863852861036
 10
285.5003610899183
 20
13.51323525885559
 10
285.5003610899183
 20
13.51323525885559
 10
285.4428062125342
 20
13.42914534059945
 10
285.4016955858311
 20
13.32636877384196
 10
285.4016955858311
 20
13.32636877384196
 10
285.3781504087194
 20
13.20490555858311
 10
285.3703020163488
 20
13.06475569482289
 10
285.3703020163488
 20
13.06475569482289
 10
285.3703020163488
 20
12.97057498637602
 10
285.0832750953679
 20
12.87788920980926
 10
285.0832750953679
 20
12.75231493188011
 10
285.3703020163488
 20
12.75231493188011
 10
285.3703020163488
 20
11.32017019073569
 10
285.6393897547684
 20
11.32017019073569
 10
285.6393897547684
 20
12.75231493188011
 10
286.0534858855586
 20
12.75231493188011
  0
LWPOLYLINE
  5
773
330
1F
100
AcDbEntity
  8
TITLE_BLOCK
 62
   254
100
AcDbPolyline
 90
        5
 70
     1
 43
0.0
 10
286.8712136239783
 20
10.4232110626703
 10
286.8712136239783
 20
14.59257607629428
 10
288.6217788555859
 20
14.59257607629428
 10
288.6217788555859
 20
10.4232110626703
 10
286.8712136239783
 20
10.4232110626703
  0
LWPOLYLINE
  5
774
330
1F
100
AcDbEntity
  8
TITLE_BLOCK
100
AcDbPolyline
 90
       15
 70
     1
 43
0.0
 10
287.9729784196186
 20
11.32017019073569
 10
287.9729784196186
 20
13.50576059945504
 10
287.7502335694824
 20
13.50576059945504
 10
287.1582405449592
 20
13.04681651226158
 10
287.2987641416894
 20
12.86592975476839
 10
287.4725499727521
 20
13.0086957493188
 10
287.6321339509537
 20
13.14099722070845
 10
287.6321339509537
 20
13.14099722070845
 10
287.7218298637603
 20
13.22471340599455
 10
287.7218298637603
 20
13.22471340599455
 10
287.7128602724796
 20
13.04382664850136
 10
287.7098704087194
 20
12.84799057220708
 10
287.7098704087194
 20
12.84799057220708
 10
287.7098704087194
 20
11.32017019073569
 10
287.9729784196186
 20
11.32017019073569
  0
ENDSEC
  0
SECTION
  2
OBJECTS
  0
DICTIONARY
  5
C
330
0
100
AcDbDictionary
  3
ACAD_FIELDLIST
350
5EF
  3
ACAD_GROUP
350
D
  3
ACAD_LAYOUT
350
1A
  3
ACAD_MATERIAL
350
43
  3
ACAD_MLEADERSTYLE
350
6B
  3
ACAD_MLINESTYLE
350
17
  3
ACAD_PLOTSETTINGS
350
19
  3
ACAD_SCALELIST
350
47
  3
ACAD_VISUALSTYLE
350
2A
  3
ACDBHEADERROUNDTRIPXREC
350
7E1
  3
ACDBVARIABLEDICTIONARY
350
6E
  3
DWGPROPS
350
808
  3
ONSHAPE_DATA
350
77C
  0
DICTIONARY
  5
809
330
8
100
AcDbDictionary
280
     1
  3
ACAD_XREC_ROUNDTRIP
360
80A
  0
ACAD_PROXY_OBJECT
  5
5EF
102
{ACAD_REACTORS
330
C
102
}
330
C
100
AcDbProxyObject
 90
      499
 91
      509
 93
       11
310
4600
330
585
330
586
330
58C
330
58D
330
596
330
597
330
59C
330
59D
330
5B6
330
5B7
330
5BC
330
5BD
330
5C2
330
5C3
330
5C9
330
5CA
330
5D0
330
5D1
330
5D7
330
5D8
330
5DE
330
5DF
330
5E7
330
5E8
 94
        0
  0
DICTIONARY
  5
D
102
{ACAD_REACTORS
330
C
102
}
330
C
100
AcDbDictionary
  0
DICTIONARY
  5
1A
102
{ACAD_REACTORS
330
C
102
}
330
C
100
AcDbDictionary
  0
DICTIONARY
  5
43
102
{ACAD_REACTORS
330
C
102
}
330
C
100
AcDbDictionary
  3
BYBLOCK
350
45
  3
BYLAYER
350
44
  3
GLOBAL
350
46
  0
DICTIONARY
  5
6B
102
{ACAD_REACTORS
330
C
102
}
330
C
100
AcDbDictionary
  3
STANDARD
350
6C
  0
DICTIONARY
  5
17
102
{ACAD_REACTORS
330
C
102
}
330
C
100
AcDbDictionary
  3
STANDARD
350
18
  0
DICTIONARY
  5
19
102
{ACAD_REACTORS
330
C
102
}
330
C
100
AcDbDictionary
  0
DICTIONARY
  5
47
102
{ACAD_REACTORS
330
C
102
}
330
C
100
AcDbDictionary
  3
A0
350
48
  3
A1
350
49
  3
A2
350
4A
  3
A3
350
4B
  3
A4
350
4C
  3
A5
350
4D
  3
A6
350
4E
  3
A7
350
4F
  3
A8
350
50
  3
A9
350
51
  3
B0
350
52
  3
B1
350
53
  3
B2
350
54
  3
B3
350
55
  3
B4
350
56
  3
B5
350
57
  3
B6
350
58
  3
B7
350
59
  3
B8
350
5A
  3
B9
350
5B
  3
C0
350
5C
  3
C1
350
5D
  3
C2
350
5E
  3
C3
350
5F
  3
C4
350
60
  3
C5
350
61
  3
C6
350
62
  3
C7
350
63
  3
C8
350
64
  3
C9
350
65
  3
D0
350
66
  3
D1
350
67
  3
D2
350
68
  0
DICTIONARY
  5
2A
102
{ACAD_REACTORS
330
C
102
}
330
C
100
AcDbDictionary
  3
2DWIREFRAME
350
2F
  3
BASIC
350
32
  3
BRIGHTEN
350
36
  3
COLORCHANGE
350
3A
  3
CONCEPTUAL
350
34
  3
DIM
350
35
  3
EDGECOLOROFF
350
3D
  3
FACEPATTERN
350
39
  3
FLAT
350
2B
  3
FLATWITHEDGES
350
2C
  3
GOURAUD
350
2D
  3
GOURAUDWITHEDGES
350
2E
  3
HIDDEN
350
31
  3
JITTEROFF
350
3B
  3
LINEPATTERN
350
38
  3
OVERHANGOFF
350
3C
  3
REALISTIC
350
33
  3
SHADED
350
42
  3
SHADED_WITH_EDGES
350
41
  3
SHADES_OF_GRAY
350
3E
  3
SKETCHY
350
3F
  3
THICKEN
350
37
  3
WIREFRAME
350
30
  3
X-RAY
350
40
  0
DICTIONARY
  5
7E1
102
{ACAD_REACTORS
330
C
102
}
330
C
100
AcDbDictionary
  3
CEPSNID
350
7EB
  3
CEPSNTYPE
350
7EA
  3
DIMSTYLEDATA
350
801
  3
FINGERPRINTGUID
350
7EC
  3
HYPERLINKBASE
350
7E4
  3
INSUNITS
350
7E9
  3
LAYOUTDICT
350
7E6
  3
LWETCUNION
350
7E8
  3
PLOTSETDICT
350
7E7
  3
PSVPSCALE
350
7EE
  3
PUCSBASE
350
7F1
  3
PUCSORGBACK
350
7F7
  3
PUCSORGBOTTOM
350
7F3
  3
PUCSORGFRONT
350
7F6
  3
PUCSORGLEFT
350
7F4
  3
PUCSORGRIGHT
350
7F5
  3
PUCSORGTOP
350
7F2
  3
PUCSORTHOREF
350
7EF
  3
PUCSORTHOVIEW
350
7F0
  3
STYLESHEET
350
7E5
  3
TSTACKALIGN
350
7E2
  3
TSTACKSIZE
350
7E3
  3
UCSBASE
350
7FA
  3
UCSORGBACK
350
800
  3
UCSORGBOTTOM
350
7FC
  3
UCSORGFRONT
350
7FF
  3
UCSORGLEFT
350
7FD
  3
UCSORGRIGHT
350
7FE
  3
UCSORGTOP
350
7FB
  3
UCSORTHOREF
350
7F8
  3
UCSORTHOVIEW
350
7F9
  3
VERSIONGUID
350
7ED
  0
DICTIONARY
  5
6E
102
{ACAD_REACTORS
330
C
102
}
330
C
100
AcDbDictionary
  3
CANNOSCALE
350
80B
  3
CMLEADERSTYLE
350
803
  3
CTABLESTYLE
350
802
  3
DIMASSOC
350
806
  3
HIDETEXT
350
807
  3
MSLTSCALE
350
80C
  3
OLEFRAME
350
6F
  0
XRECORD
  5
808
102
{ACAD_REACTORS
330
C
102
}
330
C
100
AcDbXrecord
  1
DWGPROPS COOKIE
  2

  3

  4

  6

  7

  8
nobody
  9

300
=
301
=
302
=
303
=
304
=
305
=
306
=
307
=
308
=
309
=
 40
0.0
 41
2461300.537049318
 42
2461300.53705066
  1

 90
        0
  0
DICTIONARY
  5
77C
102
{ACAD_REACTORS
330
C
102
}
330
C
100
AcDbDictionary
280
     1
  3
CAD_STANDARD
360
77E
  3
DIM_UNITS
360
77D
  3
FIRST_ANGLE
360
77F
  3
ONSHAPE_ANG_TOL_PRECISION
360
782
  3
ONSHAPE_BREAK_DIMENSION_DEFAULT
360
788
  3
ONSHAPE_DIMENSION_FIT_STANDARD
360
789
  3
ONSHAPE_DIMENSION_TEXT_HOR
360
787
  3
ONSHAPE_FITCLASS_TOL_PRECISION
360
783
  3
ONSHAPE_JOGDIMENSION_LOCK_
360
785
  3
ONSHAPE_SHOWDIMENSIONSLINE
360
786
  3
ONSHAPE_UNDERLINEOVERRIDEN
360
784
  3
ONSHAPE_VSHARP_EXTENSION
360
781
  3
ONSHAPE_WELD_STANDARD
360
780
  0
XRECORD
  5
80A
102
{ACAD_REACTORS
330
809
102
}
330
809
100
AcDbXrecord
102
VTR_0.000_0.000_1.000_1.000_VISUALSTYLE
340
2F
102
VTR_0.000_0.000_1.000_1.000_GRIDDISPLAY
 70
     3
102
VTR_0.000_0.000_1.000_1.000_GRIDMAJOR
 70
     5
102
VTR_0.000_0.000_1.000_1.000_DEFAULTLIGHTING
280
     1
102
VTR_0.000_0.000_1.000_1.000_DEFAULTLIGHTINGTYPE
 70
     1
102
VTR_0.000_0.000_1.000_1.000_BRIGHTNESS
141
0.0
102
VTR_0.000_0.000_1.000_1.000_CONTRAST
142
0.0
  0
MATERIAL
  5
45
102
{ACAD_REACTORS
330
43
102
}
102
{ACAD_XDICTIONARY
360
80F
102
}
330
43
100
AcDbMaterial
  1
BYBLOCK
  0
MATERIAL
  5
44
102
{ACAD_REACTORS
330
43
102
}
102
{ACAD_XDICTIONARY
360
80D
102
}
330
43
100
AcDbMaterial
  1
BYLAYER
  0
MATERIAL
  5
46
102
{ACAD_REACTORS
330
43
102
}
102
{ACAD_XDICTIONARY
360
811
102
}
330
43
100
AcDbMaterial
  1
GLOBAL
  0
ACAD_PROXY_OBJECT
  5
6C
102
{ACAD_REACTORS
330
6B
102
}
330
6B
100
AcDbProxyObject
 90
      499
 91
      505
 93
      610
310
40901902A4063FBFFFFFE056BD1B81E855B9FC0AD7A3703D0AD73F4214DD185B99185C9900AD7A3703D0AC73F90140501A02B5E8DC0F42B1CFC02B5E8DC0F42B1CFE5764000000000000300FC0
340
14
340
0
340
11
340
0
 94
        0
1001
ACAD_MLEADERVER
1070
     2
  0
MLINESTYLE
  5
18
102
{ACAD_REACTORS
330
17
102
}
330
17
100
AcDbMlineStyle
  2
Standard
 70
     0
  3

 62
   256
 51
90.0
 52
90.0
 71
     2
 49
0.5
 62
   256
  6
BYLAYER
 49
-0.5
 62
   256
  6
BYLAYER
  0
ACAD_PROXY_OBJECT
  5
48
102
{ACAD_REACTORS
330
47
102
}
330
47
100
AcDbProxyObject
 90
      499
 91
      503
 93
       41
310
903313A31580
  0
ACAD_PROXY_OBJECT
  5
49
102
{ACAD_REACTORS
330
47
102
}
330
47
100
AcDbProxyObject
 90
      499
 91
      503
 93
      105
310
903313A324000000000000004000
  0
ACAD_PROXY_OBJECT
  5
4A
102
{ACAD_REACTORS
330
47
102
}
330
47
100
AcDbProxyObject
 90
      499
 91
      503
 93
      105
310
903313A344000000000000104000
  0
ACAD_PROXY_OBJECT
  5
4B
102
{ACAD_REACTORS
330
47
102
}
330
47
100
AcDbProxyObject
 90
      499
 91
      503
 93
      105
310
903313A354000000000000144000
  0
ACAD_PROXY_OBJECT
  5
4C
102
{ACAD_REACTORS
330
47
102
}
330
47
100
AcDbProxyObject
 90
      499
 91
      503
 93
      105
310
903313A384000000000000204000
  0
ACAD_PROXY_OBJECT
  5
4D
102
{ACAD_REACTORS
330
47
102
}
330
47
100
AcDbProxyObject
 90
      499
 91
      503
 93
      113
310
904313A31304000000000000244000
  0
ACAD_PROXY_OBJECT
  5
4E
102
{ACAD_REACTORS
330
47
102
}
330
47
100
AcDbProxyObject
 90
      499
 91
      503
 93
      113
310
904313A31364000000000000304000
  0
ACAD_PROXY_OBJECT
  5
4F
102
{ACAD_REACTORS
330
47
102
}
330
47
100
AcDbProxyObject
 90
      499
 91
      503
 93
      113
310
904313A32304000000000000344000
  0
ACAD_PROXY_OBJECT
  5
50
102
{ACAD_REACTORS
330
47
102
}
330
47
100
AcDbProxyObject
 90
      499
 91
      503
 93
      113
310
904313A333040000000000003E4000
  0
ACAD_PROXY_OBJECT
  5
51
102
{ACAD_REACTORS
330
47
102
}
330
47
100
AcDbProxyObject
 90
      499
 91
      503
 93
      113
310
904313A34304000000000000444000
  0
ACAD_PROXY_OBJECT
  5
52
102
{ACAD_REACTORS
330
47
102
}
330
47
100
AcDbProxyObject
 90
      499
 91
      503
 93
      113
310
904313A35304000000000000494000
  0
ACAD_PROXY_OBJECT
  5
53
102
{ACAD_REACTORS
330
47
102
}
330
47
100
AcDbProxyObject
 90
      499
 91
      503
 93
      121
310
905313A3130304000000000000594000
  0
ACAD_PROXY_OBJECT
  5
54
102
{ACAD_REACTORS
330
47
102
}
330
47
100
AcDbProxyObject
 90
      499
 91
      503
 93
      105
310
903323A310000000000000010100
  0
ACAD_PROXY_OBJECT
  5
55
102
{ACAD_REACTORS
330
47
102
}
330
47
100
AcDbProxyObject
 90
      499
 91
      503
 93
      105
310
903343A310000000000000410100
  0
ACAD_PROXY_OBJECT
  5
56
102
{ACAD_REACTORS
330
47
102
}
330
47
100
AcDbProxyObject
 90
      499
 91
      503
 93
      105
310
903383A310000000000000810100
  0
ACAD_PROXY_OBJECT
  5
57
102
{ACAD_REACTORS
330
47
102
}
330
47
100
AcDbProxyObject
 90
      499
 91
      503
 93
      113
310
90431303A310000000000000910100
  0
ACAD_PROXY_OBJECT
  5
58
102
{ACAD_REACTORS
330
47
102
}
330
47
100
AcDbProxyObject
 90
      499
 91
      503
 93
      121
310
9053130303A310000000000001650100
  0
ACAD_PROXY_OBJECT
  5
59
102
{ACAD_REACTORS
330
47
102
}
330
47
100
AcDbProxyObject
 90
      499
 91
      503
 93
      257
310
90E312F31323822203D2031272D3022000000000000200FC000000000000284000
  0
ACAD_PROXY_OBJECT
  5
5A
102
{ACAD_REACTORS
330
47
102
}
330
47
100
AcDbProxyObject
 90
      499
 91
      503
 93
      249
310
90D312F363422203D2031272D3022000000000000240FC000000000000284000
  0
ACAD_PROXY_OBJECT
  5
5B
102
{ACAD_REACTORS
330
47
102
}
330
47
100
AcDbProxyObject
 90
      499
 91
      503
 93
      249
310
90D312F333222203D2031272D3022000000000000280FC000000000000284000
  0
ACAD_PROXY_OBJECT
  5
5C
102
{ACAD_REACTORS
330
47
102
}
330
47
100
AcDbProxyObject
 90
      499
 91
      503
 93
      249
310
90D312F313622203D2031272D30220000000000002C0FC000000000000284000
  0
ACAD_PROXY_OBJECT
  5
5D
102
{ACAD_REACTORS
330
47
102
}
330
47
100
AcDbProxyObject
 90
      499
 91
      503
 93
      249
310
90D332F333222203D2031272D30220000000000002E0FC000000000000284000
  0
ACAD_PROXY_OBJECT
  5
5E
102
{ACAD_REACTORS
330
47
102
}
330
47
100
AcDbProxyObject
 90
      499
 91
      503
 93
      241
310
90C312F3822203D2031272D3022000000000000300FC000000000000284000
  0
ACAD_PROXY_OBJECT
  5
5F
102
{ACAD_REACTORS
330
47
102
}
330
47
100
AcDbProxyObject
 90
      499
 91
      503
 93
      249
310
90D332F313622203D2031272D3022000000000000320FC000000000000284000
  0
ACAD_PROXY_OBJECT
  5
60
102
{ACAD_REACTORS
330
47
102
}
330
47
100
AcDbProxyObject
 90
      499
 91
      503
 93
      241
310
90C312F3422203D2031272D3022000000000000340FC000000000000284000
  0
ACAD_PROXY_OBJECT
  5
61
102
{ACAD_REACTORS
330
47
102
}
330
47
100
AcDbProxyObject
 90
      499
 91
      503
 93
      241
310
90C332F3822203D2031272D3022000000000000360FC000000000000284000
  0
ACAD_PROXY_OBJECT
  5
62
102
{ACAD_REACTORS
330
47
102
}
330
47
100
AcDbProxyObject
 90
      499
 91
      503
 93
      241
310
90C312F3222203D2031272D3022000000000000380FC000000000000284000
  0
ACAD_PROXY_OBJECT
  5
63
102
{ACAD_REACTORS
330
47
102
}
330
47
100
AcDbProxyObject
 90
      499
 91
      503
 93
      241
310
90C332F3422203D2031272D30220000000000003A0FC000000000000284000
  0
ACAD_PROXY_OBJECT
  5
64
102
{ACAD_REACTORS
330
47
102
}
330
47
100
AcDbProxyObject
 90
      499
 91
      503
 93
      161
310
90A3122203D2031272D30224000000000000284000
  0
ACAD_PROXY_OBJECT
  5
65
102
{ACAD_REACTORS
330
47
102
}
330
47
100
AcDbProxyObject
 90
      499
 91
      503
 93
      257
310
90E312D312F3222203D2031272D30220000000000003E0FC000000000000284000
  0
ACAD_PROXY_OBJECT
  5
66
102
{ACAD_REACTORS
330
47
102
}
330
47
100
AcDbProxyObject
 90
      499
 91
      503
 93
      225
310
90A3322203D2031272D302200000000000002100000000000000284000
  0
ACAD_PROXY_OBJECT
  5
67
102
{ACAD_REACTORS
330
47
102
}
330
47
100
AcDbProxyObject
 90
      499
 91
      503
 93
      225
310
90A3622203D2031272D302200000000000006100000000000000284000
  0
ACAD_PROXY_OBJECT
  5
68
102
{ACAD_REACTORS
330
47
102
}
330
47
100
AcDbProxyObject
 90
      499
 91
      503
 93
      249
310
90D31272D3022203D2031272D30220000000000000A100000000000000284000
  0
ACAD_PROXY_OBJECT
  5
2F
102
{ACAD_REACTORS
330
2A
102
}
330
2A
100
AcDbProxyObject
 90
      499
 91
      501
 93
      436
310
42CC9915DA5C99599C985B595049028333333333333E33F0000000000000F90107901411070040501600405405064090741402480A0340
1001
ACAD
1000
AcDbSavedByObjectVersion
1070
     0
  0
ACAD_PROXY_OBJECT
  5
32
102
{ACAD_REACTORS
330
2A
102
}
330
2A
100
AcDbProxyObject
 90
      499
 91
      501
 93
      388
310
4150985CDA58D07406404333333333333E33F0000000000000F90107A41107004050150841D405064090741402480A0350
1001
ACAD
1000
AcDbSavedByObjectVersion
1070
     0
  0
ACAD_PROXY_OBJECT
  5
36
102
{ACAD_REACTORS
330
2A
102
}
330
2A
100
AcDbProxyObject
 90
      499
 91
      501
 93
      428
310
42109C9A59DA1D195B90C409028333333333333E33F0000000000000F9010790141107004050150841D405064090741402480A029950
1001
ACAD
1000
AcDbSavedByObjectVersion
1070
     0
  0
ACAD_PROXY_OBJECT
  5
3A
102
{ACAD_REACTORS
330
2A
102
}
330
2A
100
AcDbProxyObject
 90
      499
 91
      501
 93
      452
310
42D0DBDB1BDC90DA185B99D95104090240C333333333333E33F0000000000000F90108901411070040501508421405064090741402480A0350
1001
ACAD
1000
AcDbSavedByObjectVersion
1070
     0
  0
ACAD_PROXY_OBJECT
  5
34
102
{ACAD_REACTORS
330
2A
102
}
330
2A
100
AcDbProxyObject
 90
      499
 91
      501
 93
      500
310
4290DBDB98D95C1D1D585B10940D028333333333333E33F0000000000000F90107902409070040501000000000018199010841D405064090740C02480A0340
1001
ACAD
1000
AcDbSavedByObjectVersion
1070
     0
  0
ACAD_PROXY_OBJECT
  5
35
102
{ACAD_REACTORS
330
2A
102
}
330
2A
100
AcDbProxyObject
 90
      499
 91
      501
 93
      412
310
40D11A5B50B409028333333333333E33F0000000000000F9010790141107004050150841D405064090741402480A02677FFFFFD0
1001
ACAD
1000
AcDbSavedByObjectVersion
1070
     0
  0
ACAD_PROXY_OBJECT
  5
3D
102
{ACAD_REACTORS
330
2A
102
}
330
2A
100
AcDbProxyObject
 90
      499
 91
      501
 93
      452
310
43115919D950DBDB1BDC93D999916409028333333333333E33F0000000000000F9010790141107004050150841D405064090741402480A0350
1001
ACAD
1000
AcDbSavedByObjectVersion
1070
     0
  0
ACAD_PROXY_OBJECT
  5
39
102
{ACAD_REACTORS
330
2A
102
}
330
2A
100
AcDbProxyObject
 90
      499
 91
      501
 93
      444
310
42D19858D95C185D1D195C9B90F409028333333333333E33F0000000000000F9010790141107004050150841D405064090741402480A0350
1001
ACAD
1000
AcDbSavedByObjectVersion
1070
     0
  0
ACAD_PROXY_OBJECT
  5
2B
102
{ACAD_REACTORS
330
2A
102
}
330
2A
100
AcDbProxyObject
 90
      499
 91
      501
 93
      380
310
41119B185D240901404333333333333E33F0000000000000F9010740A907004050150841D405064090741402480A1B50
1001
ACAD
1000
AcDbSavedByObjectVersion
1070
     0
  0
ACAD_PROXY_OBJECT
  5
2C
102
{ACAD_REACTORS
330
2A
102
}
330
2A
100
AcDbProxyObject
 90
      499
 91
      501
 93
      468
310
43519B185D15DA5D1A115919D95CD0140901404333333333333E33F0000000000000F90107409019070040501600405405064090741402480A1B50
1001
ACAD
1000
AcDbSavedByObjectVersion
1070
     0
  0
ACAD_PROXY_OBJECT
  5
2D
102
{ACAD_REACTORS
330
2A
102
}
330
2A
100
AcDbProxyObject
 90
      499
 91
      501
 93
      404
310
41D1DBDD5C985D5910240902404333333333333E33F0000000000000F9010740A9070040501641D405064090741402480A1B50
1001
ACAD
1000
AcDbSavedByObjectVersion
1070
     0
  0
ACAD_PROXY_OBJECT
  5
2E
102
{ACAD_REACTORS
330
2A
102
}
330
2A
100
AcDbProxyObject
 90
      499
 91
      501
 93
      492
310
4411DBDD5C985D5915DA5D1A115919D95CD0340902404333333333333E33F0000000000000F90107409019070040501600405405064090741402480A1B50
1001
ACAD
1000
AcDbSavedByObjectVersion
1070
     0
  0
ACAD_PROXY_OBJECT
  5
31
102
{ACAD_REACTORS
330
2A
102
}
330
2A
100
AcDbProxyObject
 90
      499
 91
      501
 93
      476
310
41921A5919195B90640502408333333333333E33F0000000000000F901079024090700405020000000000001110200405405064090740C02480A0340
1001
ACAD
1000
AcDbSavedByObjectVersion
1070
     0
  0
ACAD_PROXY_OBJECT
  5
3B
102
{ACAD_REACTORS
330
2A
102
}
330
2A
100
AcDbProxyObject
 90
      499
 91
      501
 93
      428
310
42529A5D1D195C93D999914409028333333333333E33F0000000000000F9010790141107004050150A41D405064090741402480A0350
1001
ACAD
1000
AcDbSavedByObjectVersion
1070
     0
  0
ACAD_PROXY_OBJECT
  5
38
102
{ACAD_REACTORS
330
2A
102
}
330
2A
100
AcDbProxyObject
 90
      499
 91
      501
 93
      444
310
42D31A5B995C185D1D195C9B90E409028333333333333E33F0000000000000F9010790141107004050750841D405064090741402483A0350
1001
ACAD
1000
AcDbSavedByObjectVersion
1070
     0
  0
ACAD_PROXY_OBJECT
  5
3C
102
{ACAD_REACTORS
330
2A
102
}
330
2A
100
AcDbProxyObject
 90
      499
 91
      501
 93
      444
310
42D3DD995C9A185B99D3D999915409028333333333333E33F0000000000000F9010790141107004050150941D405064090741402480A0350
1001
ACAD
1000
AcDbSavedByObjectVersion
1070
     0
  0
ACAD_PROXY_OBJECT
  5
33
102
{ACAD_REACTORS
330
2A
102
}
330
2A
100
AcDbProxyObject
 90
      499
 91
      501
 93
      428
310
425499585B1A5CDD1A58D08409038333333333333E33F0000000000000F9010740A907004050150800405405064090740C02480A1B40
1001
ACAD
1000
AcDbSavedByObjectVersion
1070
     0
  0
ACAD_PROXY_OBJECT
  5
42
102
{ACAD_REACTORS
330
2A
102
}
330
2A
100
AcDbProxyObject
 90
      499
 91
      501
 93
      420
310
4194DA1859195911B40902404333333333333E33F0000000000000F9010740A41107004050150800405405064090840C02480A0B40
1001
ACAD
1000
AcDbSavedByObjectVersion
1070
     0
  0
ACAD_PROXY_OBJECT
  5
41
102
{ACAD_REACTORS
330
2A
102
}
330
2A
100
AcDbProxyObject
 90
      499
 91
      501
 93
      516
310
4454DA18591959081DDA5D1A08195919D95CD1A40902404333333333333E33F0000000000000F901074090142907004050250800405405064090740C02480A0B40
1001
ACAD
1000
AcDbSavedByObjectVersion
1070
     0
  0
ACAD_PROXY_OBJECT
  5
3E
102
{ACAD_REACTORS
330
2A
102
}
330
2A
100
AcDbProxyObject
 90
      499
 91
      501
 93
      532
310
4394DA1859195CC81BD98811DC985E5174090240C333333333333E33F0000000000000F901079024090741D01000000000000111010841D405064090740C02480A0340
1001
ACAD
1000
AcDbSavedByObjectVersion
1070
     0
  0
ACAD_PROXY_OBJECT
  5
3F
102
{ACAD_REACTORS
330
2A
102
}
330
2A
100
AcDbProxyObject
 90
      499
 91
      501
 93
      476
310
41D4DAD95D18DA1E51840502408333333333333E33F0000000000000F901079024090741D01000000000000111010B41D405064090741802480A0340
1001
ACAD
1000
AcDbSavedByObjectVersion
1070
     0
  0
ACAD_PROXY_OBJECT
  5
37
102
{ACAD_REACTORS
330
2A
102
}
330
2A
100
AcDbProxyObject
 90
      499
 91
      501
 93
      412
310
41D51A1A58DAD95B90D409028333333333333E33F0000000000000F9010790141107004050150C41D405064090741402480A0350
1001
ACAD
1000
AcDbSavedByObjectVersion
1070
     0
  0
ACAD_PROXY_OBJECT
  5
30
102
{ACAD_REACTORS
330
2A
102
}
330
2A
100
AcDbProxyObject
 90
      499
 91
      501
 93
      420
310
4255DA5C99599C985B595059028333333333333E33F0000000000000F90107901411070040501600405405064090740C02480A0340
1001
ACAD
1000
AcDbSavedByObjectVersion
1070
     0
  0
ACAD_PROXY_OBJECT
  5
40
102
{ACAD_REACTORS
330
2A
102
}
330
2A
100
AcDbProxyObject
 90
      499
 91
      501
 93
      404
310
41560B54985E51940902404000000000000E03F0000000000000F9010740501907004050150841D405064090740C02480A1B40
1001
ACAD
1000
AcDbSavedByObjectVersion
1070
     0
  0
XRECORD
  5
7EB
102
{ACAD_REACTORS
330
7E1
102
}
330
7E1
100
AcDbXrecord
340
0
  0
XRECORD
  5
7EA
102
{ACAD_REACTORS
330
7E1
102
}
330
7E1
100
AcDbXrecord
 90
        0
  0
XRECORD
  5
801
102
{ACAD_REACTORS
330
7E1
102
}
330
7E1
100
AcDbXrecord
1000
DSTYLE
1002
{
1070
   179
 70
     1
1070
   170
 70
     1
1070
   171
 70
     3
1070
   143
 40
0.0393700787401575
1070
   274
 70
     3
1070
   285
 70
     8
1070
    41
 40
2.5
1070
   141
 40
2.5
1070
   176
 70
     7
1070
   177
 70
     7
1070
   178
 70
     7
1070
   271
 70
     2
1070
    43
 40
3.75
1070
   278
 70
    44
1070
    44
 40
1.25
1070
    42
 40
0.625
1070
   147
 40
0.625
1070
   371
 70
    13
1070
   372
 70
    13
1070
    77
 70
     1
1070
   272
 70
     2
1070
    73
 70
     0
1070
   172
 70
     1
1070
    74
 70
     0
1070
   283
 70
     0
1070
   340
340
72
1070
   140
 40
3.5
1070
   284
 70
     8
1070
   288
 70
     1
1070
    78
 70
     8
1002
}
  0
XRECORD
  5
7EC
102
{ACAD_REACTORS
330
7E1
102
}
330
7E1
100
AcDbXrecord
  1
{74626265-6335-6370-f4f4-737174776162}
  0
XRECORD
  5
7E4
102
{ACAD_REACTORS
330
7E1
102
}
330
7E1
100
AcDbXrecord
  1

  0
XRECORD
  5
7E9
102
{ACAD_REACTORS
330
7E1
102
}
330
7E1
100
AcDbXrecord
 90
        4
  0
XRECORD
  5
7E6
102
{ACAD_REACTORS
330
7E1
102
}
330
7E1
100
AcDbXrecord
340
1A
  0
XRECORD
  5
7E8
102
{ACAD_REACTORS
330
7E1
102
}
330
7E1
100
AcDbXrecord
 90
    10269
  0
XRECORD
  5
7E7
102
{ACAD_REACTORS
330
7E1
102
}
330
7E1
100
AcDbXrecord
340
19
  0
XRECORD
  5
7EE
102
{ACAD_REACTORS
330
7E1
102
}
330
7E1
100
AcDbXrecord
 40
0.0
  0
XRECORD
  5
7F1
102
{ACAD_REACTORS
330
7E1
102
}
330
7E1
100
AcDbXrecord
340
0
  0
XRECORD
  5
7F7
102
{ACAD_REACTORS
330
7E1
102
}
330
7E1
100
AcDbXrecord
 10
0.0
 20
0.0
 30
0.0
  0
XRECORD
  5
7F3
102
{ACAD_REACTORS
330
7E1
102
}
330
7E1
100
AcDbXrecord
 10
0.0
 20
0.0
 30
0.0
  0
XRECORD
  5
7F6
102
{ACAD_REACTORS
330
7E1
102
}
330
7E1
100
AcDbXrecord
 10
0.0
 20
0.0
 30
0.0
  0
XRECORD
  5
7F4
102
{ACAD_REACTORS
330
7E1
102
}
330
7E1
100
AcDbXrecord
 10
0.0
 20
0.0
 30
0.0
  0
XRECORD
  5
7F5
102
{ACAD_REACTORS
330
7E1
102
}
330
7E1
100
AcDbXrecord
 10
0.0
 20
0.0
 30
0.0
  0
XRECORD
  5
7F2
102
{ACAD_REACTORS
330
7E1
102
}
330
7E1
100
AcDbXrecord
 10
0.0
 20
0.0
 30
0.0
  0
XRECORD
  5
7EF
102
{ACAD_REACTORS
330
7E1
102
}
330
7E1
100
AcDbXrecord
340
0
  0
XRECORD
  5
7F0
102
{ACAD_REACTORS
330
7E1
102
}
330
7E1
100
AcDbXrecord
 70
     0
  0
XRECORD
  5
7E5
102
{ACAD_REACTORS
330
7E1
102
}
330
7E1
100
AcDbXrecord
  1

  0
XRECORD
  5
7E2
102
{ACAD_REACTORS
330
7E1
102
}
330
7E1
100
AcDbXrecord
 90
        1
  0
XRECORD
  5
7E3
102
{ACAD_REACTORS
330
7E1
102
}
330
7E1
100
AcDbXrecord
 90
       70
  0
XRECORD
  5
7FA
102
{ACAD_REACTORS
330
7E1
102
}
330
7E1
100
AcDbXrecord
340
0
  0
XRECORD
  5
800
102
{ACAD_REACTORS
330
7E1
102
}
330
7E1
100
AcDbXrecord
 10
0.0
 20
0.0
 30
0.0
  0
XRECORD
  5
7FC
102
{ACAD_REACTORS
330
7E1
102
}
330
7E1
100
AcDbXrecord
 10
0.0
 20
0.0
 30
0.0
  0
XRECORD
  5
7FF
102
{ACAD_REACTORS
330
7E1
102
}
330
7E1
100
AcDbXrecord
 10
0.0
 20
0.0
 30
0.0
  0
XRECORD
  5
7FD
102
{ACAD_REACTORS
330
7E1
102
}
330
7E1
100
AcDbXrecord
 10
0.0
 20
0.0
 30
0.0
  0
XRECORD
  5
7FE
102
{ACAD_REACTORS
330
7E1
102
}
330
7E1
100
AcDbXrecord
 10
0.0
 20
0.0
 30
0.0
  0
XRECORD
  5
7FB
102
{ACAD_REACTORS
330
7E1
102
}
330
7E1
100
AcDbXrecord
 10
0.0
 20
0.0
 30
0.0
  0
XRECORD
  5
7F8
102
{ACAD_REACTORS
330
7E1
102
}
330
7E1
100
AcDbXrecord
340
0
  0
XRECORD
  5
7F9
102
{ACAD_REACTORS
330
7E1
102
}
330
7E1
100
AcDbXrecord
 70
     0
  0
XRECORD
  5
7ED
102
{ACAD_REACTORS
330
7E1
102
}
330
7E1
100
AcDbXrecord
  1
{FAEB1C32-E019-11D5-929B-00C0DF256EC4}
  0
DICTIONARYVAR
  5
80B
102
{ACAD_REACTORS
330
6E
102
}
330
6E
100
DictionaryVariables
280
     0
  1
1:1
  0
DICTIONARYVAR
  5
803
102
{ACAD_REACTORS
330
6E
102
}
330
6E
100
DictionaryVariables
280
     0
  1
Standard
  0
DICTIONARYVAR
  5
802
102
{ACAD_REACTORS
330
6E
102
}
330
6E
100
DictionaryVariables
280
     0
  1
Onshape-Standard
  0
DICTIONARYVAR
  5
806
102
{ACAD_REACTORS
330
6E
102
}
330
6E
100
DictionaryVariables
280
     0
  1
2
  0
DICTIONARYVAR
  5
807
102
{ACAD_REACTORS
330
6E
102
}
330
6E
100
DictionaryVariables
280
     0
  1
1
  0
DICTIONARYVAR
  5
80C
102
{ACAD_REACTORS
330
6E
102
}
330
6E
100
DictionaryVariables
280
     0
  1
1
  0
DICTIONARYVAR
  5
6F
102
{ACAD_REACTORS
330
6E
102
}
330
6E
100
DictionaryVariables
280
     0
  1
0
  0
XRECORD
  5
77E
102
{ACAD_REACTORS
330
77C
102
}
330
77C
100
AcDbXrecord
300
ISO
  0
XRECORD
  5
77D
102
{ACAD_REACTORS
330
77C
102
}
330
77C
100
AcDbXrecord
 70
     4
  0
ACAD_PROXY_OBJECT
  5
77F
102
{ACAD_REACTORS
330
77C
102
}
330
77C
100
AcDbProxyObject
 90
      499
 91
      510
 93
       34
310
40C8804040
  0
XRECORD
  5
782
102
{ACAD_REACTORS
330
77C
102
}
330
77C
100
AcDbXrecord
 90
        0
  0
ACAD_PROXY_OBJECT
  5
788
102
{ACAD_REACTORS
330
77C
102
}
330
77C
100
AcDbProxyObject
 90
      499
 91
      510
 93
       34
310
40C8804040
  0
XRECORD
  5
789
102
{ACAD_REACTORS
330
77C
102
}
330
77C
100
AcDbXrecord
300
ISO
  0
XRECORD
  5
787
102
{ACAD_REACTORS
330
77C
102
}
330
77C
100
AcDbXrecord
 90
        5
  0
XRECORD
  5
783
102
{ACAD_REACTORS
330
77C
102
}
330
77C
100
AcDbXrecord
 90
        0
  0
XRECORD
  5
785
102
{ACAD_REACTORS
330
77C
102
}
330
77C
100
AcDbXrecord
 90
        0
  0
ACAD_PROXY_OBJECT
  5
786
102
{ACAD_REACTORS
330
77C
102
}
330
77C
100
AcDbProxyObject
 90
      499
 91
      510
 93
       34
310
40C8804040
  0
ACAD_PROXY_OBJECT
  5
784
102
{ACAD_REACTORS
330
77C
102
}
330
77C
100
AcDbProxyObject
 90
      499
 91
      510
 93
       34
310
40C8804040
  0
XRECORD
  5
781
102
{ACAD_REACTORS
330
77C
102
}
330
77C
100
AcDbXrecord
 90
        0
  0
XRECORD
  5
780
102
{ACAD_REACTORS
330
77C
102
}
330
77C
100
AcDbXrecord
 90
        1
  0
DICTIONARY
  5
80F
330
45
100
AcDbDictionary
280
     1
  3
ACAD_XREC_ROUNDTRIP
360
810
  0
DICTIONARY
  5
80D
330
44
100
AcDbDictionary
280
     1
  3
ACAD_XREC_ROUNDTRIP
360
80E
  0
DICTIONARY
  5
811
330
46
100
AcDbDictionary
280
     1
  3
ACAD_XREC_ROUNDTRIP
360
812
  0
XRECORD
  5
810
102
{ACAD_REACTORS
330
80F
102
}
330
80F
100
AcDbXrecord
102
MATERIAL
148
0.0
149
0.0
149
0.0
 93
        0
 94
      127
282
     0
 72
     1
 77
     1
171
     1
175
     1
179
     1
273
     0
  0
XRECORD
  5
80E
102
{ACAD_REACTORS
330
80D
102
}
330
80D
100
AcDbXrecord
102
MATERIAL
148
0.0
149
0.0
149
0.0
 93
        0
 94
      127
282
     0
 72
     1
 77
     1
171
     1
175
     1
179
     1
273
     0
  0
XRECORD
  5
812
102
{ACAD_REACTORS
330
811
102
}
330
811
100
AcDbXrecord
102
MATERIAL
148
0.0
149
0.0
149
0.0
 93
        0
 94
      127
282
     0
 72
     1
 77
     1
171
     1
175
     1
179
     1
273
     0
  0
ENDSEC
  0
EOF
